tree
version=v4
num_class=1
num_tree_per_iteration=1
label_index=0
max_feature_idx=84
objective=binary sigmoid:1
feature_names=atr_pct rv20 range20 hit3_20 hit3_60 atr_ratio bb_pctb bb_width bb_squeeze c_sma10 c_sma20 c_sma50 c_sma200 sma20_slope sma50_200 adx14 di_diff rsi2 rsi14 macd_hist macd_cross_up stoch_k stoch_d roc1 roc5 roc20 roc60 relvol relvol5 obv_slope updown_vol log_dollar_vol cdl_doji cdl_hammer cdl_inv_hammer cdl_shooting_star cdl_hanging_man cdl_bull_engulf cdl_bear_engulf cdl_piercing cdl_dark_cloud cdl_morning_star cdl_evening_star cdl_three_white cdl_three_black cdl_bull_harami cdl_bear_harami cdl_bull_marubozu cdl_bear_marubozu dist_hi20 dist_lo20 dist_hi60 dist_lo60 dist_hi252 dist_lo252 breakout20 support_test resist_room gap_last gap_up_count20 gap_dn_count20 gap_up_held gap_dn_filled close_loc rs5 rs20 rs60 rs_today spy_c_sma50 spy_c_sma200 spy_ret1 spy_ret5 spy_rv20 breadth50 univ_ret1 fib_retr fib_near fib_golden fib_room_up fib_ext_room ew_w3 ew_w4 ew_w5 ew_abc entry_weekday
feature_infos=[0.00084742775652557611:3.3942763805389404] [0.0001065555406967178:1.3654611110687256] [9.5283467089757323e-05:0.65629518032073975] [0:1] [0:0.86666667461395264] [0.01710350438952446:2.7999999523162842] [-0.56213229894638062:1.5621322393417358] [0:46.237895965576172] [0:1] [-0.88096392154693604:8.8033981323242188] [-0.90605330467224121:18.187648773193359] [-0.91932153701782227:44.078125] [-0.9985547661781311:137.55917358398438] [-0.64780217409133911:22.388889312744141] [-0.99561536312103271:2.9648945331573486] [5.5665273666381836:85.847030639648438] [-100:100] [0:99.999740600585938] [0:100] [-1.5036938190460205:0.42668205499649048] [0:1] [0:100] [0:100] [-0.82511210441589355:447.77777099609375] [-0.92793148756027222:447.77777099609375] [-0.93071073293685913:2207.6513671875] [-0.95143914222717285:2207.6513671875] [0:20] [0:4] [-2:2] [-18.74339485168457:17.058595657348633] [16.811246871948242:24.717254638671875] [0:1] [0:1] [0:1] [0:1] [0:1] [0:1] [0:1] [0:1] [0:1] [0:1] [0:1] [0:1] [0:1] [0:1] [0:1] [0:1] [0:1] [-0.9751209020614624:0] [0:486.11111450195312] [-0.99338233470916748:0] [0:2207.6513671875] [-0.99984055757522583:0] [0:2227.498046875] [0:1] [0:1] [0.00100020004902035:21.298254013061523] [-0.8275267481803894:454.5555419921875] [0:15] [0:15] [0:1] [0:1] [0:1] [-0.96095865964889526:447.80355834960938] [-1.0128580331802368:2207.657958984375] [-1.0223566293716431:2207.611572265625] [-0.83038818836212158:447.78298950195312] [-0.27945837378501892:0.13230858743190765] [-0.26594445109367371:0.17232657968997955] [-0.10782753676176071:0.10501933842897415] [-0.15625929832458496:0.17460031807422638] [0.0019243131391704082:0.055708035826683044] [0:0.9513055682182312] [-0.13294798135757446:0.10407586395740509] [-0.26315790414810181:797.26776123046875] [0:9.9625205993652344] [0:1] [-0.99715101718902588:9.9625205993652344] [-0.99681037664413452:26.686052322387695] [0:1] [0:1] [0:0] [0:1] [0:4]
tree_sizes=1770 1825 1823 1826 1811 1818 1830 1827 1830 1818 1825 1819 1828 1817 1846 1831 1813 1826 1832 1834 1828 1837 1831 1810 1824 1819 1817 1827 1822 1825 1824 1828 1821 1830 1825 1837 1822 1830 1828 1822 1814 1828 1835 1817 1843 1828 1818 1826 1834 1832 1836 1852 1826 1832 1832 1832 1836 1815 1837 1824 1831 1826 1833 1834 1826 1836 1810 1831 1824 1830 1821 1831 1825 1820 1824 1832 1831 1830 1847 1833 1821 1834 1826 1839 1820 1832 1829 1814 1827 1823 1829 1826 1815 1827 1839 1829 1829 1836 1825 1825 1827 1825 1839 1835 1842 1824 1834 1836 1816 1835 1828 1827 1821 1824 1819 1830 1846 1826 1838 1832 1836 1831 1830 1826 1835 1815 1833 1819 1843 1825 1829 1844 1832 1819 1818 1839 1827 1834 1848 1833 1807 1826 1826 1816 1830 1833 1840 1849 1813 1843 1837 1836 1828 1838 1831 1821 1820 1837 1828 1822 1847 1812 1848 1817 1833 1826 1808 1832 1837 1829 1845 1833 1833 1836 1839 1838 1838 1815 1829 1841 1833 1824 1843 1826 1834 1832 1835 1828 1820 1840 1818 1839 1822 1837 1835 1824 1839 1841 1839 1830 1839 1833 1837 1822 1852 1827 1830 1836 1834 1818 1829 1836 1835 1827 1831 1835 1826 1827 1825 1836 1846 1818 1820 1806 1836 1814 1844 1828 1824 1835 1831 1826 1840 1838 1819 1832 1846 1839 1838 1837 1830 1830 1811 1842 1830 1819 1830 1823 1824 1831

Tree=0
num_leaves=15
num_cat=0
split_feature=3 57 73 7 73 78 70 73 69 70 69 74 68 69
split_gain=1690.78 626.358 554.704 267.807 223.859 182.143 176.316 168.556 423.901 187.317 183.158 140.989 128.306 167.087
threshold=1.0000000180025095e-35 0.019958255812525753 0.64153727889060985 0.041283393278718002 0.47465904057025915 0.0011524826404638591 -0.0015817155945114789 0.31674617528915411 0.042114155367016799 -0.044312106445431702 -0.1383535638451576 -0.017201921902596947 -0.022642364725470539 -0.010585022158920763
decision_type=2 10 2 2 2 10 2 2 10 2 8 2 10 8
left_child=1 3 7 -1 -3 -5 11 8 9 -2 -11 -4 -9 -14
right_child=2 4 6 5 -6 -7 -8 12 -10 10 -12 -13 13 -15
leaf_value=-1.2777902082570569 -1.27256498713049 -1.2414984594843148 -1.2685319761174794 -1.2676042849731797 -1.2540729502480132 -1.2567890776337374 -1.2519589354263509 -1.2530965472689137 -1.1982159685690377 -1.2159343993526019 -1.2386853601184029 -1.2404375589772392 -1.2307741568638337 -1.2425320416465415
leaf_weight=2681.7696143984795 361.99384365975857 5438.0520831644535 472.37683954834938 6168.6246273815632 10094.412338301539 10614.269461795688 19631.711125925183 2483.5307646393776 720.3486874550581 977.15810646116734 8761.6719593703747 6078.3427736014128 3359.8365891426802 29535.682471320033
leaf_count=15476 2089 31382 2726 35598 58253 61253 113291 14332 4157 5639 50562 35077 19389 170445
internal_value=-1.24814 -1.25716 -1.24377 -1.26313 -1.24967 -1.26077 -1.24959 -1.24048 -1.23502 -1.23769 -1.23637 -1.24249 -1.24215 -1.24133
internal_weight=107380 34997.1 72382.7 19464.7 15532.5 16782.9 26182.4 46200.2 10821.2 10100.8 9738.83 6550.72 35379 32895.5
internal_count=619669 201962 417707 112327 89635 96851 151094 266613 62447 58290 56201 37803 204166 189834
is_linear=0
shrinkage=1


Tree=1
num_leaves=15
num_cat=0
split_feature=0 0 73 72 71 71 71 70 68 68 0 73 74 73
split_gain=3626.63 705.804 497.162 231.818 217.41 205.053 189.253 191.309 269.664 178.55 154.992 151.249 141.946 182.931
threshold=0.019724390469491485 0.015114951413124801 0.64153727889060985 0.0064558612648397693 -0.0080220997333526594 0.05107413977384568 -0.0087504712864756567 -0.0063952023629099122 0.040790459141135223 0.023331013508141044 0.011147324927151205 0.47465904057025915 -0.031177265569567677 0.31674617528915411
decision_type=2 2 2 10 2 2 2 2 10 10 2 2 2 2
left_child=1 10 3 11 -3 12 9 8 -8 -4 -1 -2 -5 -14
right_child=2 4 6 5 -6 -7 7 -9 -10 -11 -12 -13 13 -15
leaf_value=-0.046341770036848702 0.012753954034189212 0.0011546135115821528 -0.0091773342582728134 -0.007311848720965429 -0.014232573620629305 -0.010913850173406375 0.032988335984509579 -0.0027277988069521857 -0.0027891295638228513 0.023260241812030145 -0.026859265066205125 -0.0016040691177479128 0.015854661704164125 0.0083366218218303059
leaf_weight=1244.0328335464001 2286.601880222559 2797.3466576933861 585.23256324231625 1160.2987706065178 12752.796323359013 1211.3553878366947 925.16849590837955 25287.791277587414 1202.4811564385891 1489.7738891094923 6250.6178128123283 9101.3680505156517 11106.13734087348 29983.712757661939
leaf_count=7269 13160 16168 3377 6689 73929 6952 5325 146195 6940 8610 36353 52452 63657 172629
internal_value=2.12759e-05 -0.0175528 0.00482467 0.00763911 -0.0114656 0.00930269 -0.000410738 -0.00151463 0.0128496 0.0141114 -0.0301506 0.00128755 0.00988477 0.010372
internal_weight=107385 23044.8 84339.9 54849.5 15550.1 43461.5 29490.4 27415.4 2127.65 2075.01 7494.65 11388 42250.1 41089.9
internal_count=619705 133719 485986 315539 90097 249927 170447 158460 12265 11987 43622 65612 242975 236286
is_linear=0
shrinkage=0.05


Tree=2
num_leaves=15
num_cat=0
split_feature=0 73 0 69 0 71 69 71 71 71 69 73 71 69
split_gain=3401.42 526.377 503.881 223.837 195.963 189.91 209.233 177.957 167.338 162.926 159.938 213.115 165.239 170.631
threshold=0.018714291974902156 0.62452375888824474 0.014764609280973675 -0.012004304677247999 0.022569926455616954 0.0011586637701839211 0.015508298296481373 0.029265975579619411 -0.0002741747885011136 -0.0083502870984375459 0.11499396711587907 0.57541298866271984 0.05107413977384568 -0.1383535638451576
decision_type=2 2 2 8 2 2 8 2 2 2 10 2 2 8
left_child=2 4 -1 7 -2 6 -5 -3 -8 -4 12 -12 13 -6
right_child=1 3 9 5 10 -7 8 -9 -10 -11 11 -13 -14 -15
leaf_value=-0.030437063802235837 7.922188049426633e-05 0.023674169705876359 -0.00072748122588372328 0.034444878233932205 0.028526337567445423 -0.0039004359660015503 -0.00024053314749217602 -0.0063293963126195675 0.02247112548267291 -0.01587839839199072 -0.010521644717783399 0.01524288707983629 -0.0090869773114746755 0.0093088258583592254
leaf_weight=6528.8550240546465 8182.1606531888247 1579.3096090704203 2142.0585272163153 554.26506178081036 1182.3895982205868 24682.141750827432 6079.057725250721 712.05653196573257 925.85700386762619 10356.115410163999 2336.1971962451935 1210.0613517016172 1175.2169832885265 39779.149335250258
leaf_count=38671 47155 9095 12392 3189 6709 142867 35017 4121 5346 60577 13395 6943 6784 227685
internal_value=-1.15869e-05 0.00411662 -0.019183 -0.000702132 0.00720545 -0.00177695 0.00515263 0.0143634 0.00278908 -0.0132843 0.00848152 -0.00171208 0.00933962 0.00987038
internal_weight=107425 88397.9 19027 34532.7 53865.2 32241.3 7559.18 2291.37 7004.91 12498.2 45683 3546.26 42136.8 40961.5
internal_count=619946 508306 111640 199635 308671 186419 43552 13216 40363 72969 261516 20338 241178 234394
is_linear=0
shrinkage=0.05


Tree=3
num_leaves=15
num_cat=0
split_feature=0 0 73 0 71 0 71 71 68 0 73 68 74 74
split_gain=3095.81 497.106 435.271 195.267 190.386 157.291 154.412 151.309 144.418 140.091 139.874 250.968 235.004 223.461
threshold=0.018714291974902156 0.014589797705411913 0.64153727889060985 0.022893341258168224 -0.0087504712864756567 0.024239686317741874 -0.011068730149418114 0.05107413977384568 0.023331013508141044 0.010398942977190019 0.31674617528915411 -0.033042609691619866 0.0021507190540432934 0.0097516253590583819
decision_type=2 2 2 2 2 2 2 2 10 2 2 10 2 2
left_child=1 9 3 -2 8 -6 -3 10 -4 -1 11 12 -5 -13
right_child=2 6 4 7 5 -7 -8 -9 -10 -11 -12 13 -14 -15
leaf_value=-0.049877942201409634 2.2752437345952701e-06 0.00097629695884191849 -0.0071308340392915908 0.0034485128878540476 -0.0079527352582857962 0.00032481586967096968 -0.015027203537351914 -0.0099953896887599002 0.021427637959216993 -0.0272083041522444 0.0066747122712302598 0.034855744373383644 0.020337261116297752 -0.0057550036989308107
leaf_weight=797.56732670962811 9666.8521878123283 1744.0505862683058 611.08386062085629 5966.3077702373266 7891.7750372886658 20965.644635125995 11037.24359293282 1158.189170524478 1557.9861122965813 5207.472782805562 35209.617247477174 1909.2355452477932 3140.0839719027281 408.18830573558807
leaf_count=4875 55695 10099 3537 33815 45832 121326 65134 6719 8843 31334 201116 10747 17736 2305
internal_value=-7.49162e-06 -0.0184363 0.00390679 0.00648337 -0.000865372 -0.00194086 -0.0128444 0.00779403 0.0133862 -0.0302971 0.0082379 0.0130458 0.00928804 0.0277086
internal_weight=107271 18786.3 88485 57458.5 31026.5 28857.4 12781.3 47791.6 2169.07 6005.04 46633.4 11423.8 9106.39 2317.42
internal_count=619113 111442 507671 328133 179538 167158 75233 272438 12380 36209 265719 64603 51551 13052
is_linear=0
shrinkage=0.05


Tree=4
num_leaves=15
num_cat=0
split_feature=0 73 0 68 69 72 71 70 69 71 69 68 69 70
split_gain=2798.4 431.558 390.285 212.324 385.145 207.644 203.064 178.573 220.398 194.344 177.062 207.77 165.335 164.207
threshold=0.018272743560373787 0.64153727889060985 0.014589797705411913 0.041905201971530921 0.11499396711587907 0.0050841558258980521 0.0011586637701839211 -0.044312106445431702 -0.1383535638451576 -0.0302647091448307 0.015508298296481373 0.038458131253719337 0.091497793793678298 -0.015920021571218964
decision_type=2 2 2 10 10 10 2 2 8 2 8 10 10 2
left_child=2 3 -1 4 5 -2 10 -7 9 -9 11 -3 13 -10
right_child=1 6 -4 -5 -6 7 -8 8 12 -11 -12 -13 -14 -15
leaf_value=-0.029064279754269808 -0.002686839236072281 0.0496265613918635 -0.013156169982824243 0.024670273327627154 -0.0090167454212946498 -0.025109576756744759 -0.0035140440875687769 0.011241683425718298 -0.0028004885580465225 0.0527503713708826 0.0025981040309403357 0.0064380268780679338 0.015450729939958644 0.007404007532427221
leaf_weight=5917.6051873117685 5389.2236930578947 458.02508760988712 11133.226443827152 1464.2882046699524 4251.976254299283 402.57963991165161 24321.825059428811 651.61220094561577 4422.798698335886 496.86868281662464 6202.3664067387581 696.33195194602013 5601.7123204767704 35929.474025413394
leaf_count=36318 30920 2571 66039 8365 24397 2334 141311 3602 25107 2768 35690 3926 31959 204280
internal_value=-0.000119561 0.00338928 -0.018691 0.00593031 0.00544589 0.00660997 -0.00131243 0.007665 0.00795039 0.0295 0.00596116 0.0238534 0.00740552 0.00628513
internal_weight=107340 90289.1 17050.8 58610.5 57146.2 52894.3 31678.5 47505 47102.5 1148.48 7356.72 1154.36 45954 40352.3
internal_count=619587 517230 102357 333732 325367 300970 183498 270050 267716 6370 42187 6497 261346 229387
is_linear=0
shrinkage=0.05


Tree=5
num_leaves=15
num_cat=0
split_feature=1 73 4 1 73 68 84 84 73 1 5 68 68 73
split_gain=2005.45 421.418 259.147 242.856 162.096 276.191 157.937 163.387 154.17 151.526 106.724 104.253 99.6775 105.796
threshold=0.011211141943931581 0.62452375888824474 0.058333335444331176 0.0045766350813210019 0.31674617528915411 -0.033042609691619866 1.5000000000000002 3.5000000000000004 0.46266341209411627 0.015284898225218059 1.0727902054786684 -0.037996767088770859 -0.022642364725470539 0.34461727738380438
decision_type=10 2 8 8 2 10 2 2 2 10 2 10 10 2
left_child=3 4 -3 -1 5 10 -7 -8 -5 -6 11 -2 -11 -14
right_child=1 2 -4 8 9 6 7 -9 -10 12 -12 -13 13 -15
leaf_value=-0.055195939168686328 0.012755015019520019 -0.0077476313389836116 0.0014876734290418779 -0.0042096142141717242 -0.0014717244207543103 0.03901360160291166 0.0022752723120573449 0.032846437317694731 -0.017800367247554551 -0.003609863566960976 0.00024505350004499132 -0.0078367259783795173 -0.0093645197606472674 0.0070687554440695445
leaf_weight=387.93700598180294 5839.7178725898266 10872.991245687008 25141.670411005616 2512.494383752346 9430.3539684414864 1093.6135483682156 1066.2990039587021 732.52925577759743 12517.791976362467 2631.9624151885509 4023.3746504485607 680.14824779331684 1004.8636427074671 29367.066312536597
leaf_count=2482 32825 63700 145241 14896 54541 6075 5964 4062 75688 14991 22726 3843 5684 166758
internal_value=0.000114896 0.00291543 -0.00130188 -0.0165659 0.00563373 0.0104188 0.0240812 0.0148374 -0.0155328 0.00411657 0.00665133 0.0105982 0.00571331 0.00652215
internal_weight=107303 91884.6 36014.7 15418.2 55869.9 13435.7 2892.44 1798.83 15030.3 42434.2 10543.2 6519.87 33003.9 30371.9
internal_count=619476 526410 208941 93066 317469 75495 16101 10026 90584 241974 59394 36668 187433 172442
is_linear=0
shrinkage=0.05


Tree=6
num_leaves=15
num_cat=0
split_feature=1 72 1 51 69 68 72 69 68 1 1 68 68 69
split_gain=1798.46 413.983 254.059 184.064 179.949 161.665 146.966 247.89 163.93 138.181 124.366 115.95 111.52 146.437
threshold=0.011211141943931581 0.0062103387899696836 0.0077757202088832864 -0.061689695343375199 0.1011449657380581 0.063508495688438429 0.0073766622226685294 0.093126293271780028 0.039957420900464065 0.014585969969630243 0.0045766350813210019 -0.01731143984943628 0.026547504588961605 -0.039398560300469392
decision_type=10 10 10 10 10 10 10 10 10 10 8 10 10 8
left_child=2 3 10 -2 5 6 7 -3 -9 -8 -1 -4 -11 -14
right_child=1 4 11 -5 -6 -7 9 8 -10 12 -12 -13 13 -15
leaf_value=-0.055014557102788686 0.00082152888795448151 0.0095796592903560403 0.0063614675584218044 -0.0081156656536646252 -0.00056107722186352483 -0.0082378645706057737 -0.0018821832872576369 0.05927294734473857 0.015074117250073335 0.007609429403729228 -0.024305816964223244 -0.013628591800498222 0.020697259910507988 -0.001955983941144658
leaf_weight=368.95061036944389 13318.680644869804 7628.9141107797623 770.7974140048027 10140.612367376685 13339.912486359477 1940.1125313341618 5848.7124887257814 430.96737121045589 417.53990116715431 31949.42616122961 3102.7061152756214 11024.764899790287 795.82410834729671 6210.3076153695583
leaf_count=2443 76689 43771 4516 59066 76869 11263 33725 2452 2425 179971 19376 66712 4508 35650
internal_value=5.15166e-05 0.00268881 -0.0158357 -0.00304351 0.00465035 0.00590915 0.00642573 0.0124608 0.0379522 0.00528129 -0.027718 -0.012318 0.00635701 0.000643022
internal_weight=107288 92021 15267.2 23459.3 68561.7 55221.8 53281.7 8477.42 848.507 44804.3 3471.66 11795.6 38955.6 7006.13
internal_count=619436 526389 93047 135755 390634 313765 302502 48648 4877 253854 21819 71228 220129 40158
is_linear=0
shrinkage=0.05


Tree=7
num_leaves=15
num_cat=0
split_feature=0 0 0 68 71 70 71 70 70 0 71 70 70 68
split_gain=2289.37 406.058 351.426 174.079 317.826 154.975 128.895 127.506 121.845 119.533 114.213 113.272 152.776 109.724
threshold=0.018043015152215961 0.022464861162006858 0.014589797705411913 0.01949337869882584 -0.0091286255046725256 -0.0087212771177291853 0.055280340835452087 0.0059973972383886584 -0.044312106445431702 0.010398942977190019 -0.0083502870984375459 -0.0071474877186119548 -0.0099967392161488516 -0.13279618322849271
decision_type=2 2 2 10 2 2 2 2 2 2 2 2 2 8
left_child=2 10 9 6 5 -5 8 -7 -3 -1 -2 12 -6 -10
right_child=1 3 -4 4 11 7 -8 -9 13 -11 -12 -13 -14 -15
leaf_value=-0.046429537654996189 0.0042078843320526157 -0.019940459466258633 -0.011924344681861709 -0.01068319822837549 -0.0033274854926286131 0.031796491031915314 -0.010828330358609455 0.0052312002883212905 0.031104918384560448 -0.024602955125313783 -0.0060485463087326672 4.1786052932138283e-05 0.024071901109277039 0.0073852008693888645
leaf_weight=728.64801105856895 3398.4212434738874 393.7537544220686 10108.322837114334 369.3683699965477 898.36279472708702 1550.7062803506851 985.75845073163509 641.97431898117065 485.09519885480404 4961.1190249919891 13355.320996686816 31008.743076279759 1156.6308120191097 37264.30449809134
leaf_count=4878 19465 2304 61128 2063 5120 8675 5669 3596 2637 31467 78099 178693 6573 209248
internal_value=3.19785e-05 0.00306698 -0.0175387 0.00464369 0.00211415 0.0190442 0.00694564 0.0240777 0.0074077 -0.0274747 -0.00396681 0.000796904 0.0121359 0.00769817
internal_weight=107307 91508.4 15798.1 74754.7 35625.8 2562.05 39128.9 2192.68 38143.2 5689.77 16753.7 33063.7 2054.99 37749.4
internal_count=619615 522142 97473 424578 204720 14334 219858 12271 214189 36345 97564 190386 11693 211885
is_linear=0
shrinkage=0.05


Tree=8
num_leaves=15
num_cat=0
split_feature=51 4 4 69 70 69 71 69 74 71 70 71 71 69
split_gain=1015.06 496.578 278.936 154.572 163.445 153.279 170.294 145.492 147.97 205.987 139.579 125.476 125.977 155.66
threshold=-0.037065904587507241 0.025000001303851608 0.025000001303851608 0.1011449657380581 -0.044312106445431702 -0.1383535638451576 -0.0302647091448307 0.093763429671525969 -0.021459922194480893 -0.03858648054301738 -0.0054978525731712571 0.041986452415585525 -0.054346878081560128 -0.013704219833016394
decision_type=10 10 8 10 2 8 2 10 2 2 2 2 2 8
left_child=2 -2 -1 4 -4 6 -6 8 9 -7 -5 12 -10 -14
right_child=1 -3 3 10 5 7 -8 -9 11 -11 -12 -13 13 -15
leaf_value=-0.0030339625398847526 -0.017031142752765745 -0.00314680573225671 -0.026140215237642324 0.01301452942933129 0.0060675650566825124 0.01417376211123752 0.045977639309655816 0.016295492040204501 -0.016015778768635351 -0.017781515210481724 -0.0026449011937823143 -0.0069242629633122811 0.012157104672879386 0.0046860619852456629
leaf_weight=16144.676584124565 10221.512144595385 17393.616408511996 393.85692393779755 1623.9821126908064 586.56093440949917 731.65797573328018 486.56751444935799 2875.6452131271362 634.08921226859093 1571.3524573296309 11012.37162604928 1976.0465921014547 8859.3979895710945 32734.287001922727
leaf_count=95107 63282 100921 2318 9190 3166 4098 2601 16316 3543 8870 63381 11348 49386 185838
internal_value=-3.17925e-05 -0.00829028 0.00283286 0.00432506 0.00555473 0.00580727 0.0244206 0.00539792 0.00472074 -0.00761205 -0.000623704 0.00536485 0.00594142 0.00627992
internal_weight=107246 27615.1 79630.5 63485.8 50849.5 50455.6 1073.13 49382.5 46506.8 2303.01 12636.4 44203.8 42227.8 41593.7
internal_count=619365 164203 455162 360055 287484 285166 5767 279399 263083 12968 72571 250115 238767 235224
is_linear=0
shrinkage=0.05


Tree=9
num_leaves=15
num_cat=0
split_feature=0 0 0 73 73 71 69 71 69 69 69 73 73 69
split_gain=1961.59 392.289 243.299 180.6 167.199 134.871 132.565 122.165 121.213 119.731 105.439 146.909 103.394 92.6809
threshold=0.0171976936981082 0.022569926455616954 0.012092667631804945 0.64153727889060985 0.68766510486602794 -0.010008481796830891 0.12974925339221957 0.05107413977384568 0.014388481620699169 0.10693511739373208 0.11499396711587907 0.57541298866271984 0.46266341209411627 -0.1383535638451576
decision_type=2 2 2 2 2 2 10 2 8 10 10 2 2 8
left_child=2 4 -1 7 6 8 9 10 -5 -2 13 -12 -4 -3
right_child=1 3 12 5 -6 -7 -8 -9 -10 -11 11 -13 -14 -15
leaf_value=-0.035554200537914797 0.00015308564760713151 0.020490877924404668 -0.0040835337435009738 0.032344305761618085 -0.011232630465704149 -0.00024331222139067498 0.028292149020626975 -0.0099737411527240985 0.0043875928928918742 -0.013063154764267351 -0.0095929863537064786 0.00908943464843554 -0.017668669620702043 0.0066579916004301659
leaf_weight=1778.7364913970232 12232.306659549475 1238.8436182886362 1659.6657531112432 593.48843838274479 5374.4847611933947 23500.85282805562 368.28005649149418 1168.6930128782988 1095.1331743896008 1982.8252793252468 2333.5592793524265 1899.8629863858223 9213.821636557579 42852.200219005346
leaf_count=11926 71419 6690 10152 3233 32008 135997 2175 6761 6161 11690 13411 10779 57786 239482
internal_value=5.04164e-05 0.00252294 -0.0184318 0.00418697 -0.00370285 0.000740008 -0.000922067 0.00594079 0.0143459 -0.00169829 0.00632766 -0.00120708 -0.0156008 0.00705122
internal_weight=107293 94640.5 12652.2 74682.6 19957.9 25189.5 14583.4 49493.2 1688.62 14215.1 48324.5 4233.42 10873.5 44091
internal_count=619670 539806 79864 422514 117292 145391 85284 277123 9394 83109 270362 24190 67938 246172
is_linear=0
shrinkage=0.05


Tree=10
num_leaves=15
num_cat=0
split_feature=2 2 72 68 69 68 70 69 72 69 2 72 68 72
split_gain=1411.55 352.493 228.919 189.43 145.161 137.187 143.39 134.769 125 109.621 106.189 102.943 100.976 100.326
threshold=0.018437516875565056 0.012074153404682876 0.0062103387899696836 -0.014754017814993857 0.056114079430699355 0.051407679915428169 -0.044312106445431702 -0.1383535638451576 0.017434634268283847 0.13316312432289126 0.0088789681904017943 0.012653355952352287 0.040277965366840369 0.0055949101224541673
decision_type=2 2 10 10 8 10 2 8 10 10 2 8 10 8
left_child=1 10 4 11 12 6 -4 -8 -7 -5 -1 -3 -2 -6
right_child=2 3 5 9 13 8 7 -9 -10 -11 -12 -13 -14 -15
leaf_value=-0.044112361353808138 0.00913704682784784 0.015419236390261395 -0.023748243790857701 -0.01104674400170101 -0.0017956080110143721 -0.000983110047845404 0.021755066338284213 0.0048250432124061632 -0.027794696481152188 0.010355271160320518 -0.021770237550922562 -0.013692575859616453 -0.016422571064487745 -0.011147290023515133
leaf_weight=682.84745267033577 3741.8282951116562 1158.7275356352329 422.10689325630665 16482.634282082319 12524.502288505435 4975.3028543740511 1190.7683636546135 57985.892159074545 466.42680938541889 613.31102165579796 2564.9557464569807 401.59942896664143 421.58257833123207 3711.8256784975529
leaf_count=4780 21351 6790 2497 101222 72353 28857 6283 326561 2679 3752 16811 2348 2455 21378
internal_value=-8.59098e-05 -0.0114069 0.00281741 -0.0087511 -0.00180318 0.00426669 0.00496057 0.00516933 -0.00332798 -0.0102733 -0.0265886 0.00788691 0.00651576 -0.00393906
internal_weight=107344 21904.1 85440.2 18656.3 20399.7 65040.5 59598.8 59176.7 5441.73 17095.9 3247.8 1560.33 4163.41 16236.3
internal_count=620117 135703 484414 114112 117537 366877 335341 332844 31536 104974 21591 9138 23806 93731
is_linear=0
shrinkage=0.05


Tree=11
num_leaves=15
num_cat=0
split_feature=0 0 0 73 73 74 74 69 69 73 73 74 69 84
split_gain=1591.66 345.772 237.952 148.418 140.641 133.85 162.825 121.598 120.445 115.651 119.348 97.5261 179.62 110.785
threshold=0.017069246619939808 0.022569926455616954 0.011147324927151205 0.64153727889060985 0.68766510486602794 0.00033635373983997857 -0.018208967521786686 0.12865743041038516 0.10693511739373208 0.64753499627113353 0.65480998158454906 -0.021459922194480893 -0.13227118551731107 3.5000000000000004
decision_type=2 2 2 2 2 2 2 10 10 2 2 2 10 2
left_child=2 4 -1 11 7 6 -5 8 -2 -8 -11 12 -3 -14
right_child=1 3 -4 5 -6 -7 9 -9 -10 10 -12 -13 13 -15
leaf_value=-0.040317964116829905 -7.1579422386566248e-05 0.019928426231763722 -0.014961774550222151 -0.026503927630247483 -0.010480059036954904 -0.0023552348356062421 -0.018464068498438489 0.024557580345978897 -0.013410487757019363 0.033127772502883332 0.0062843440403093477 0.0059094695111404014 -0.0035036224371664364 -0.028465529455137778
leaf_weight=1005.1908227801323 12406.708440795541 668.3601862937212 11044.582410499454 382.4682746976614 5453.3439643085003 15152.605289265513 438.39933413267136 438.14228592813015 1949.6686782240868 425.35166777670383 8806.3463903516531 46469.711708322167 2047.2550828456879 559.08545792102814
leaf_count=7198 72582 3695 70488 2182 32801 87785 2527 2555 11617 2394 50499 258677 11521 3183
internal_value=4.38218e-06 0.00217206 -0.0171087 0.00373823 -0.00362426 0.00061211 0.00508279 -0.0010918 -0.00189114 0.00635819 0.00755567 0.00532178 -0.00301048 -0.00894653
internal_weight=107247 95197.4 12049.8 74949.6 20247.9 25205.2 10052.6 14794.5 14356.4 9670.1 9231.7 49744.4 3274.7 2606.34
internal_count=619704 542018 77686 422463 119555 145387 57602 86754 84199 55420 52893 277076 18399 14704
is_linear=0
shrinkage=0.05


Tree=12
num_leaves=15
num_cat=0
split_feature=1 73 68 69 1 4 71 71 71 68 68 69 1 84
split_gain=1126.56 262.391 210.39 266.712 196.406 154.23 130.666 129.238 109.607 145.623 154.057 129.281 93.2149 90.0847
threshold=0.011211141943931581 0.64153727889060985 0.041905201971530921 0.11499396711587907 0.0045766350813210019 0.058333335444331176 -0.0080220997333526594 0.05107413977384568 0.0011586637701839211 0.051407679915428169 0.025329082272946838 0.053651142865419395 0.014083271380513908 2.5000000000000004
decision_type=10 2 10 10 8 8 2 2 2 10 10 8 10 2
left_child=4 2 3 7 -1 -3 -6 12 9 10 11 -7 -2 -12
right_child=1 5 -4 -5 6 8 -8 -9 -10 -11 13 -13 -14 -15
leaf_value=-0.050627594440356485 -0.00052225574482773725 -0.0071599791080381066 0.022073888460074628 -0.0085475820651456456 -0.0017198593222424508 0.021434931113309397 -0.014337026859876935 -0.011781437978343861 -0.0014737610397831274 -0.018114161384422341 0.021676236163626909 -0.013082712331733068 0.0055170470898343853 0.0053026505081252015
leaf_weight=330.5517056286335 7419.9291809946299 9341.7506217062473 1531.5046077519655 4346.4841289669275 2488.0035083144903 351.99047817289829 11779.465293616056 1210.7703496366739 17405.831652000546 526.39480103552341 2054.8268608003855 1074.9993813037872 45914.753459140658 1430.1342337280512
leaf_count=2538 43155 55764 8610 25122 15234 1974 75420 7002 101034 2990 11552 6149 255038 8044
internal_value=-0.000140372 0.00189499 0.00383721 0.00335929 -0.0130451 -0.00175124 -0.0121396 0.00430949 0.000462742 0.00665199 0.0093375 -0.00447845 0.00467692 0.0149914
internal_weight=107207 92609.4 60423.4 58891.9 14598 32185.9 14267.5 54545.5 22844.2 5438.35 4911.95 1426.99 53334.7 3484.96
internal_count=619626 526434 338927 330317 93192 187507 90654 305195 131743 30709 27719 8123 298193 19596
is_linear=0
shrinkage=0.05


Tree=13
num_leaves=15
num_cat=0
split_feature=0 0 73 69 69 69 73 69 74 74 69 0 74 4
split_gain=1383.22 260.519 218.251 205.781 243.482 163.237 126.164 123.74 155.865 130.733 175.556 98.1005 96.8889 93.9344
threshold=0.018043015152215961 0.013575550634413959 0.68766510486602794 0.1354017108678818 0.10693511739373208 -0.02913612965494394 0.46266341209411627 0.091497793793678298 -0.0099405101500451547 -0.021459922194480893 -0.13227118551731107 0.022032433189451698 0.017288482747972015 0.10833333432674409
decision_type=2 2 2 10 10 8 2 8 2 2 10 2 2 8
left_child=1 -1 3 4 7 -4 -3 9 -9 10 -2 -7 -10 -5
right_child=2 6 5 13 -6 11 -8 8 12 -11 -12 -13 -14 -15
leaf_value=-0.026184325863771923 0.01899658397421819 0.0010084071350760554 0.022154263184697015 0.044365480280533276 -0.0041320308873341169 -0.0099220659942059856 -0.012870389123863566 0.027239415805262981 0.0059917697691919663 0.0042351309980705127 -0.011128320175672586 -0.0012001299732499677 0.029622100453185665 0.011739835413987277
leaf_weight=3438.3543965294957 574.95019043982029 1972.8605583161116 667.42463099956512 418.70391531288624 9430.046167626977 3921.2456903457642 9582.0211068838835 1128.4913920760155 7308.6345402598381 47096.174149364233 2794.7611326277256 17939.64989452064 452.2239934951067 475.04721453785896
leaf_count=23962 3129 12086 3768 2380 54197 23730 61097 6234 41146 263135 15873 103774 2499 2696
internal_value=-3.37931e-05 -0.0141134 0.00225688 0.00363993 0.00332798 -0.00202057 -0.0105019 0.00451369 0.00995078 0.00355418 -0.00594732 -0.00276843 0.00740505 0.0273461
internal_weight=107201 14993.2 92207.4 69679 68785.3 22528.3 11554.9 59355.2 8889.35 50465.9 3369.71 21860.9 7760.86 893.751
internal_count=619706 97145 522561 391289 386213 131272 73183 332016 49879 282137 19002 127504 43645 5076
is_linear=0
shrinkage=0.05


Tree=14
num_leaves=15
num_cat=0
split_feature=0 72 0 68 68 70 70 72 72 71 68 68 68 71
split_gain=1287.88 355.728 157.104 156.978 128.274 129.624 151.921 309.585 199.323 180.088 173.958 198.54 149.301 150.731
threshold=0.016149625182151798 0.0062103387899696836 0.011147324927151205 0.0050384802743792543 0.063508495688438429 -0.015920021571218964 -0.00084989535389468063 0.006778873037546874 0.0067060368601232776 -0.051636332646012299 0.029120756313204769 0.044730186462402351 0.018779916688799862 -0.0080220997333526594
decision_type=2 10 2 8 10 2 2 10 10 2 10 10 8 2
left_child=2 3 -1 -2 5 -3 7 8 10 -8 -7 -12 -11 -14
right_child=1 4 -4 -5 -6 6 9 -9 -10 12 11 -13 13 -15
leaf_value=-0.037230636339780743 0.0090879037835148516 -0.0031903129800519856 -0.015763888368817983 -0.0045792110772810866 -0.0089125267850347391 0.0050433578855376276 -0.028014975867400746 0.0054746038484133836 0.053732969300501525 0.0060479079098831271 0.043773431443148436 -0.00081324841892192875 0.015287527460577342 -0.0012773558473135034
leaf_weight=951.89458078891039 2297.5523154437542 6004.5291201174259 8053.7817913144827 23536.368455141783 2022.4895548671484 1384.9057568311691 464.0673496723175 20750.218115627766 431.30612264573574 19961.807461515069 859.94802564382553 349.67388306558132 1472.5796213299036 18622.149704307318
leaf_count=7247 13055 33704 53268 137843 11875 7853 2515 115877 2392 111161 4899 2025 8130 107804
internal_value=1.37833e-05 0.00167475 -0.0180717 -0.00336067 0.00347361 0.00383116 0.00448727 0.00765952 0.0225756 0.00262448 0.0172097 0.0309835 0.00298635 -5.64498e-05
internal_weight=107163 98157.6 9005.68 25833.9 72323.7 70301.2 64296.7 23776.1 3025.83 40520.6 2594.53 1209.62 40056.5 20094.7
internal_count=619648 559133 60515 150898 408235 396360 362656 133046 17169 229610 14777 6924 227095 115934
is_linear=0
shrinkage=0.05


Tree=15
num_leaves=15
num_cat=0
split_feature=2 72 2 69 70 69 74 84 51 57 69 70 72 69
split_gain=912.752 228.933 189.805 153.571 146.258 141.617 143.583 138.054 136.018 108.765 103.251 197.207 187.937 220.26
threshold=0.016278672032058242 0.0062103387899696836 0.0097230398096144217 0.053651142865419395 -0.044312106445431702 -0.1383535638451576 -0.019179445691406723 3.5000000000000004 -0.074653871357440935 0.06124746426939965 0.1011449657380581 -0.0050334716215729705 0.0073766622226685294 0.093126293271780028
decision_type=2 10 2 8 2 8 2 2 8 8 10 2 10 10
left_child=2 3 -1 -2 -3 9 7 -7 -5 -6 12 -12 13 -8
right_child=1 4 -4 8 5 6 10 -9 -10 -11 11 -13 -14 -15
leaf_value=-0.033893874512145747 0.0059563949908208284 -0.02578882435643088 -0.010647511445286317 -0.00012391325156696761 0.039677788612323378 -0.0018708852529198937 0.0085919723610328857 -0.026353618230956496 -0.0084844398206612593 0.0086362807973021389 0.015983416038980385 -0.0026884344335291223 0.0032259810155418319 0.03485611034658697
leaf_weight=938.64802125841379 4338.1817150563002 424.50399096310139 12323.362148746848 9430.4654947668314 442.09514540433884 3106.6272440552711 7673.6525908112526 697.31568425893784 10039.266802325845 771.29515889286995 1602.3092996925116 11494.962030410767 42833.356023102999 883.13777156174183
leaf_count=7153 24883 2540 80158 54290 2276 17487 43420 4013 59359 4002 8942 66519 238901 4903
internal_value=-4.48169e-05 0.00169261 -0.0123171 -0.00254148 0.00313429 0.00331462 0.00301209 -0.00641624 -0.00443703 0.020178 0.00356915 -0.000393684 0.00457899 0.0113402
internal_weight=106999 93737.2 13262 23807.9 69929.3 69504.8 68291.4 3803.94 19469.7 1213.39 64487.4 13097.3 51390.1 8556.79
internal_count=618846 531535 87311 138532 393003 390463 384185 21500 113649 6278 362685 75461 287224 48323
is_linear=0
shrinkage=0.05


Tree=16
num_leaves=15
num_cat=0
split_feature=0 0 0 70 69 73 69 70 73 69 13 74 73 70
split_gain=1123.7 326.14 144.277 122.768 132.664 120.788 103.791 110.416 95.2856 90.7131 135.026 105.7 216.17 84.9441
threshold=0.016011931002140049 0.022355813533067707 0.011147324927151205 -0.044312106445431702 -0.1383535638451576 0.46266341209411627 0.1011449657380581 -0.0054978525731712571 0.7626253366470338 0.093763429671525969 0.028527987189590934 -0.019179445691406723 0.15441858023405078 0.014710957184433939
decision_type=2 2 2 2 8 2 10 2 2 8 8 2 2 2
left_child=2 5 -1 -3 -5 -2 9 8 -8 11 13 12 -6 -11
right_child=1 3 -4 4 6 -7 7 -9 -10 10 -12 -13 -14 -15
leaf_value=-0.036413911973440974 0.0030085756383431504 -0.023815169507406232 -0.015282796554489365 0.019281992401432385 0.029835447685548334 -0.0058653563417244451 0.0047131664479047432 -0.0022920837149745118 0.031880513117877395 0.010957434860779058 -0.0041158086314342871 0.0036305824370019219 -0.010906638732714054 0.035239516919768052
leaf_weight=902.52051759511232 4902.5924575924873 416.56917443871498 7588.357365489006 1234.1653177440166 360.82092608511448 17507.628445759416 1588.645106703043 14114.788574054837 396.63662050664425 5219.0729111433029 1519.3088622689247 48254.433077096939 2672.6628090292215 379.94118446111679
leaf_count=7182 28356 2530 51161 6321 2020 106021 8816 81331 2189 29079 8513 268596 15163 2065
internal_value=-0.000126913 0.00137724 -0.0175691 0.00293738 0.00308764 -0.00392357 0.00281684 -0.000737224 0.0102735 0.0037965 0.00908267 0.00306119 -0.00597842 0.0126651
internal_weight=107058 98567.3 8490.88 76157 75740.5 22410.2 74506.3 16100.1 1985.28 58406.2 7118.32 51287.9 3033.48 5599.01
internal_count=619343 561000 58343 426623 424093 134377 417772 92336 11005 325436 39657 285779 17183 31144
is_linear=0
shrinkage=0.05


Tree=17
num_leaves=15
num_cat=0
split_feature=2 2 2 71 69 69 69 68 70 71 70 71 69 71
split_gain=759.465 249.953 145.956 132.256 124.199 102.342 128.903 127.482 149.464 109.204 105.773 103.011 122.3 201.077
threshold=0.014603424817323686 0.020146185532212261 0.0088789681904017943 -0.0069472836330533019 0.1354017108678818 0.098625801503658309 0.093763429671525969 0.015907374210655693 -0.0067627644166350356 -0.001680250570643693 -0.044312106445431702 0.047184959053993232 -0.1383535638451576 -0.02404883503913879
decision_type=2 2 2 2 10 10 10 10 2 2 2 2 8 2
left_child=2 3 -1 -2 -5 6 10 -7 9 -9 -3 12 13 -12
right_child=1 5 -4 4 -6 7 -8 8 -10 -11 11 -13 -14 -15
leaf_value=-0.038715889734356246 0.0036538640401209566 -0.022362332365637748 -0.012876157048621129 -0.007027007416614251 0.015091232270137162 0.011654380399497134 0.014612107325206531 -0.00027913079296121117 -0.0036194877597827482 0.029353394562567858 0.0037197512951237578 -0.008657454976617112 0.0031424695844482764 0.047431448690653209
leaf_weight=583.2819005548954 4515.4636502563953 400.84272740781307 7485.4218671098351 14686.560920670629 654.15542571246624 1818.8203464746475 2448.5238965600729 626.90032006800175 15226.122360154986 606.47937735915184 722.86250232160091 1795.4838648736477 55162.846825987101 405.35633075237274
leaf_count=4784 26220 2470 50885 90130 3946 10073 13593 3468 87958 3297 3707 10349 307158 1995
internal_value=-4.85252e-05 0.00115343 -0.0147897 -0.00386156 -0.00607463 0.00241084 0.00339501 -0.000870239 -0.00226048 0.0144107 0.002923 0.0031013 0.00347784 0.0197036
internal_weight=107139 99070.4 8068.7 19856.2 15340.7 79214.2 60935.9 18278.3 16459.5 1233.38 58487.4 58086.5 56291.1 1128.22
internal_count=620033 564364 55669 120296 94076 444068 339272 104796 94723 6765 325679 323209 312860 5702
is_linear=0
shrinkage=0.05


Tree=18
num_leaves=15
num_cat=0
split_feature=0 0 71 0 72 70 72 73 68 72 72 68 72 73
split_gain=914.48 303.177 170.204 114.522 103.501 92.1798 88.3748 86.858 83.3832 73.7193 87.8786 71.8397 116.056 103.347
threshold=0.015577479731291534 0.023672539740800861 -0.0083502870984375459 0.010398942977190019 0.0062103387899696836 -0.044312106445431702 0.010434513911604883 0.45833182334899908 0.032384717836976058 0.0056408173404634008 0.0050841558258980521 0.051407679915428169 0.017434634268283847 0.78917726874351513
decision_type=2 2 2 2 10 2 10 2 8 10 10 10 10 2
left_child=3 2 6 -1 8 -6 -2 -4 9 10 -3 13 -13 -7
right_child=1 4 7 -5 5 11 -8 -9 -10 -11 -12 12 -14 -15
leaf_value=-0.038944988266753786 0.008087182431441969 0.0014243775709172153 0.0026685111635412918 -0.01545284700853378 -0.019711338526919434 0.0040918076126197685 -0.0059678780058023736 -0.0063782089990123249 -0.0052750685988426117 -0.0056975890424535887 0.014337872667683872 0.00065234051538060674 -0.026203278796696889 0.015124498474328877
leaf_weight=559.10887940973043 4279.7040271610022 4960.5221986621618 3057.687215089798 6635.5539688467979 402.48185244202614 48748.072981536388 1504.6575914025307 19805.99210396409 6179.0349549651146 2181.1895546168089 1785.2026297450066 4416.3746396452188 432.5578226596117 2211.1216721534729
leaf_count=4811 24640 28138 17719 46156 2512 268624 8553 120384 35839 12314 9988 25545 2533 12520
internal_value=-0.000125587 0.00111426 -0.00322953 -0.01733 0.00285938 0.00384668 0.00442712 -0.0051677 -0.000814556 0.00227537 0.004858 0.00402007 -0.00179236 0.00457339
internal_weight=107159 99964.6 28648 7194.66 71316.6 56210.6 5784.36 22863.7 15105.9 8926.91 6745.72 55808.1 4848.93 50959.2
internal_count=620276 569309 171296 50967 398013 311734 33193 138103 86279 50440 38126 309222 28078 281144
is_linear=0
shrinkage=0.05


Tree=19
num_leaves=15
num_cat=0
split_feature=1 2 53 53 68 69 69 74 74 69 69 69 69 9
split_gain=645.011 174.498 147.456 122.194 105.684 88.6638 120.611 103.207 162.843 109.044 215.296 141.78 90.7378 124.888
threshold=0.011120966635644438 0.010789110790938141 -0.051126385107636445 -0.027043888345360752 0.01949337869882584 -0.012004304677247999 -0.0020994962542317803 -0.010588163975626229 -0.016023315489292141 0.098293159157037749 0.093126293271780028 0.1354017108678818 0.014388481620699169 0.0057250473182648429
decision_type=10 2 10 8 10 8 8 2 2 8 10 10 10 2
left_child=1 -1 4 -3 -2 -6 -7 8 -8 10 12 -11 13 -9
right_child=2 3 -4 -5 5 6 7 9 -10 11 -12 -13 -14 -15
leaf_value=-0.027403177768215121 0.004079443051849741 -0.0043446349826604027 -0.0031409614090955615 -0.014639028757434201 0.0097855382160955094 -0.025068833723120805 -0.011582877440304224 0.03440375130757805 0.021702299998646316 -0.0062060682387844379 0.022077580841557694 0.0056878599184514763 -0.00029729276680586213 -0.0036292509799092407
leaf_weight=1309.1643845140934 42704.207497276366 7631.0854197368026 14195.176109276712 4635.4317181482911 2350.9138306975365 471.96359805762768 513.86402451992035 444.68676249682903 1235.1507728695869 11676.62249238044 1251.5726929754019 3180.8536581397057 14941.382100358605 407.60428282618523
leaf_count=10546 235571 49245 82831 31115 13150 2760 2965 2443 6892 67966 7019 18348 86098 2342
internal_value=6.92971e-05 -0.01011 0.0015502 -0.00824357 0.00239152 0.000414733 -0.000233536 0.000122121 0.0119128 -0.000527814 0.00220078 -0.00365757 0.000612668 0.0163835
internal_weight=106950 13575.7 93374 12266.5 79178.8 36474.6 34123.7 33651.7 1749.01 31902.7 17045.2 14857.5 15793.7 852.291
internal_count=619291 90906 528385 80360 445554 209983 196833 194073 9857 184216 97902 86314 90883 4785
is_linear=0
shrinkage=0.05


Tree=20
num_leaves=15
num_cat=0
split_feature=0 72 0 72 69 69 72 72 69 69 71 71 68 68
split_gain=873.686 204.785 158.028 125.917 214.614 282.677 146.874 148.796 277.955 138.537 135.682 134.43 148.802 134.153
threshold=0.017570177093148235 0.0062103387899696836 0.012092667631804945 0.0080920867621898668 0.099168736487627043 0.093126293271780028 0.011205004528164865 0.013089691288769247 -0.010585022158920763 0.08398406952619554 -0.03858648054301738 0.0060152311343699702 0.029120756313204769 -0.025394651107490059
decision_type=2 10 2 10 10 10 10 10 10 10 2 2 10 8
left_child=2 -2 -1 4 5 9 -5 8 10 -3 -8 12 -6 -12
right_child=1 3 -4 6 11 -7 7 -9 -10 -11 13 -13 -14 -15
leaf_value=-0.027716215673197514 -0.0024269585787739514 0.01027512472010686 -0.010300378848004207 -0.0014326115758915316 -0.0062051470600141484 0.03644396396487156 -0.0068196041155736964 0.0015602509133537936 0.0023199618100836531 -0.0051296286904198027 0.041699719117378693 -0.0071301042224733479 0.017050021525679242 0.017645548325732507
leaf_weight=1468.3553153052926 23581.708545789123 10110.892052099109 11305.135074958205 21980.609863057733 1177.598959967494 938.72000126540661 409.44576971232891 20153.136001199484 5659.8789542615414 1699.1379716396332 770.70322373509407 3756.0148980021477 1630.3088376224041 2392.8833082616329
leaf_count=11956 137400 56708 75744 123212 6660 5045 2255 110978 31701 9565 4197 21894 9224 13311
internal_value=-5.63233e-05 0.00160702 -0.0123225 0.00295308 0.0063939 0.0101735 0.00165842 0.0039702 0.00922315 0.00805634 0.0201212 -0.000951335 0.00730971 0.0236185
internal_weight=107035 94261 12773.5 70679.3 19312.7 12748.8 51366.7 29386 9232.91 11810 3573.03 6563.92 2807.91 3163.59
internal_count=619850 532150 87700 394750 109096 71318 285654 162442 51464 66273 19763 37778 15884 17508
is_linear=0
shrinkage=0.05


Tree=21
num_leaves=15
num_cat=0
split_feature=2 72 2 68 72 68 72 74 84 53 68 79 68 26
split_gain=551.935 214.174 132.58 112.098 124.126 110.599 100.652 99.8044 152.203 97.9631 85.3828 82.6821 81.2712 79.053
threshold=0.014603424817323686 0.0062103387899696836 0.0088789681904017943 0.063508495688438429 0.011850398499518635 0.0050384802743792543 0.016111821867525581 -0.021459922194480893 3.5000000000000004 -0.060874542221426957 0.010974097531288864 0.034142358228564269 -0.045510644093155854 0.047367021441459663
decision_type=2 10 2 10 10 8 10 2 2 10 10 8 10 10
left_child=2 5 -1 7 -5 -2 13 8 -3 -9 -7 -12 -10 -6
right_child=1 3 -4 4 6 10 -8 9 12 -11 11 -13 -14 -15
leaf_value=-0.03688791660204474 0.0073119990367266369 -6.4237774758086206e-05 -0.011138137950799936 -0.025803778019974362 0.022438866218398953 -0.015505849419454393 -0.022075442755476623 0.0039542973756008072 -0.0072694877081500332 -0.0010264081612875323 -0.0078281904279485486 -0.001214759181983708 -0.039115078901535788 -0.00642139967410178
leaf_weight=529.83881117403507 2362.0262718647718 3049.9958558529615 7235.8032209202647 720.08185295760632 485.25998651981354 1503.6248700022697 361.37242576479912 55160.829707190394 380.72452662885189 12019.541308432817 6788.3138948529959 15520.01063555479 426.29642035067081 448.80230057239532
leaf_count=4744 13390 17187 50712 4271 2824 8714 2136 306174 2255 69532 41227 91418 2502 2635
internal_value=-0.000112016 0.000893139 -0.0129402 0.00228354 -0.00931622 -0.00298692 -2.39699e-05 0.00261392 -0.0051985 0.00306316 -0.00401116 -0.0032298 -0.0243643 0.00865083
internal_weight=106993 99226.9 7765.64 73052.9 2015.52 26174 1295.43 71037.4 3857.02 67180.4 23811.9 22308.3 807.021 934.062
internal_count=619721 564265 55456 409516 11866 154749 7595 397650 21944 375706 141359 132645 4757 5459
is_linear=0
shrinkage=0.05


Tree=22
num_leaves=15
num_cat=0
split_feature=0 0 73 69 0 69 73 69 69 69 70 73 69 73
split_gain=694.583 200.044 111.197 206.691 102.829 101.245 95.0346 127.867 83.4272 114.736 81.1123 119.712 176.499 121.636
threshold=0.01586711406707764 0.022569926455616954 0.68766510486602794 0.13169145584106448 0.011147324927151205 0.10693511739373208 0.68957170844078075 -0.02913612965494394 0.13652693480253222 0.10693511739373208 -0.0091816666536033136 0.15441858023405078 -0.09301410615444182 0.31674617528915411
decision_type=2 2 2 10 2 10 2 8 10 10 2 2 8 2
left_child=4 2 3 5 -1 -2 8 -8 9 10 11 -3 -13 -14
right_child=1 6 -4 -5 -6 -7 7 -9 -10 -11 -12 12 13 -15
leaf_value=-0.031563129434321366 -0.00018226480129235966 0.011690309257594941 -0.0087562639287439743 0.036491241907595694 -0.012615614270288511 -0.011239798791004271 0.021741480007927343 -0.0017383554969674676 0.02186592376306809 -0.0026420381077843893 0.0048827865591739884 -0.035137666535942268 0.0077276616316756912 -0.0058041879121143091
leaf_weight=796.66012834757566 14386.88558960706 1703.3702744245529 6251.8974781483412 350.48780278861523 6870.5161578729749 2408.130771830678 589.95909422636032 17294.945395961404 583.79664453864098 7727.1668081879616 40236.573743209243 392.88684058189392 2523.3244595527649 4811.6474767774343
leaf_count=7174 85423 9334 39157 2028 48660 14892 3207 99634 3271 44303 219956 2149 13777 26531
internal_value=-0.000133335 0.000987237 -0.00305371 -0.000970458 -0.0146229 -0.00177348 0.00223376 -0.000952123 0.00321651 0.00302304 0.00390476 -0.000268582 -0.00291626 -0.00114487
internal_weight=106928 99261.1 23397.4 17145.5 7667.18 16795 75863.7 17884.9 57978.8 57395 49667.8 9431.23 7727.86 7334.97
internal_count=619496 563662 141500 102343 55834 100315 422162 102841 319321 316050 271747 51791 42457 40308
is_linear=0
shrinkage=0.05


Tree=23
num_leaves=15
num_cat=0
split_feature=79 3 73 69 69 69 74 69 73 71 71 74 69 69
split_gain=225.907 207.868 131.76 466.52 167.43 155.078 156.75 299.73 146.771 139.14 198.495 120.456 132.563 143.999
threshold=0.05354247801005841 0.075000001117587103 0.31674617528915411 0.042114155367016799 0.049500988796353347 0.013193483930081131 0.0021507190540432934 -0.044045876711606972 0.25739786028862005 -0.0071734928060322991 0.01762101519852877 -0.020243629813194271 -0.048130543902516358 -0.060190718621015542
decision_type=10 2 2 10 10 10 2 10 2 2 2 2 8 10
left_child=1 -1 3 5 -5 6 -2 9 -9 -8 -11 -4 13 -13
right_child=2 -3 11 4 -6 -7 7 8 -10 10 -12 12 -14 -15
leaf_value=-0.0068744591929292614 0.00093362981818869697 0.0010688062650973686 -0.012623667730344602 0.06378754048122727 0.022269282839760166 -0.013162384226978768 -0.011229036701245783 0.019258383391576501 0.054628123791374786 0.037420510751121863 -0.0015043874442129488 0.0042801657742003582 0.00061132776251873104 0.031592434929951486
leaf_weight=18256.844804994762 6780.9742320179939 14994.901478737593 1638.8483267873526 387.55093696713448 671.54467459768057 1251.5308760553598 963.56586384773254 749.18828551471233 492.20720622688532 521.62165809422731 851.16191336512566 1507.7775868028402 57147.084275789559 702.48380596935749
leaf_count=116815 36974 84762 9441 2043 3552 6880 5066 4041 2622 2724 4647 8220 328071 3802
internal_value=0.00012708 -0.00329319 0.00167119 0.00630892 0.0379164 0.00339551 0.00540679 0.0138586 0.0336068 0.00326713 0.0134497 0.000707021 0.00107714 0.013064
internal_weight=106917 33251.7 73665.5 12669.3 1059.1 11610.3 10358.7 3577.74 1241.4 2336.35 1372.78 60996.2 59357.3 2210.26
internal_count=619660 201577 418083 68549 5595 62954 56074 19100 6663 12437 7371 349534 340093 12022
is_linear=0
shrinkage=0.05


Tree=24
num_leaves=15
num_cat=0
split_feature=0 0 0 73 73 74 14 74 74 84 28 74 73 74
split_gain=664.837 216.632 114.342 95.1749 90.7791 77.5694 71.8239 66.0952 64.3725 135.615 53.8961 61.2133 50.4203 49.2382
threshold=0.016011931002140049 0.022032433189451698 0.010398942977190019 0.68606859445571911 0.68957170844078075 0.00033635373983997857 0.25758846104145056 0.017686319537460807 -0.021459922194480893 3.5000000000000004 0.99167716503143322 0.031341142952442176 0.78125637769699108 -0.014051598962396382
decision_type=2 2 2 2 2 2 8 2 2 2 2 2 2 2
left_child=2 4 -1 8 -2 -5 -4 -7 9 -3 13 -12 -9 -10
right_child=1 3 6 5 -6 7 -8 12 10 -11 11 -13 -14 -15
leaf_value=-0.036798230770467309 -0.0013197848408002784 0.0018256711668001085 -0.010497997923676753 0.0034281295266309388 -0.0088053973653001334 -0.0043639816781728428 -0.026454068416712179 -0.0044639189496343684 0.013105931312573258 -0.022632474059442693 0.0024765823048048781 -0.01463642733108321 0.01752909907536487 0.004725971647798752
leaf_weight=499.19876947999001 15401.900713287294 2766.0332677066326 6627.2458818331361 7193.8079798966646 5487.4718895033002 10602.685784131289 786.47057548165321 432.40743723511696 1860.3850427120924 702.42437022924423 24573.751621171832 524.06431137025356 633.2904382199049 28921.548032879829
leaf_count=4835 92361 15517 47627 40850 34704 61590 5660 2520 10051 4191 134950 2816 3673 158809
internal_value=0.000118706 0.00123287 -0.0138188 0.00244102 -0.00328947 -0.000652629 -0.012224 -0.00316929 0.00342419 -0.00317836 0.00383451 0.00211356 0.00864688 0.00523653
internal_weight=107013 99099.8 7912.92 78210.4 20889.4 18862.2 7413.72 11668.4 59348.2 3468.46 55879.7 25097.8 1065.7 30781.9
internal_count=620154 562032 58122 434967 127065 108633 53287 67783 326334 19708 306626 137766 6193 168860
is_linear=0
shrinkage=0.05


Tree=25
num_leaves=15
num_cat=0
split_feature=0 0 71 0 69 69 73 69 68 72 68 74 73 69
split_gain=567.704 199.221 107.094 94.9825 89.0286 80.6387 202.477 98.2684 100.88 90.4215 75.1754 72.0395 76.6495 271.652
threshold=0.015577479731291534 0.023672539740800861 -0.0083502870984375459 0.011147324927151205 -0.019502871669828888 0.13316312432289126 0.68438926339149486 0.1011449657380581 0.040790459141135223 0.006778873037546874 0.063508495688438429 -0.04474180564284324 0.31674617528915411 0.042114155367016799
decision_type=2 2 2 2 8 10 2 8 8 10 10 2 2 10
left_child=3 2 4 -1 -2 7 -7 10 9 -9 -4 -3 13 -13
right_child=1 11 5 -5 -6 6 -8 8 -10 -11 -12 12 -14 -15
leaf_value=-0.030528641298721307 -0.012320849384713631 -0.017839986121407372 -0.0022198493978045795 -0.011912651392482118 0.005840042253417407 0.04042371807808301 -0.0056623487252112177 -0.021639165186865927 -0.00017049364929248251 -0.0069589042341080907 -0.023781803692307223 0.0039353312790227999 0.001667561862618006 0.032798612006197818
leaf_weight=770.83361914753914 770.18991234898567 432.053715467453 15096.323578327894 5988.6403649821877 5006.4687462747097 339.57248550653458 742.70295445621014 2161.9837370365858 1725.49118514359 2055.4208771288395 405.53285279870033 11245.158746123314 59180.16617526114 869.35502991080284
leaf_count=7285 4368 2587 91630 43551 28730 1929 4574 13531 10756 12588 2578 60136 330371 4406
internal_value=-6.44016e-05 0.000883837 -0.00266769 -0.0140775 0.00340158 -0.00422486 0.00903522 -0.00489797 -0.0103595 -0.0145179 -0.00279888 0.00228546 0.00240991 0.00603195
internal_weight=106790 100030 28303.7 6759.47 5776.66 22527 1082.28 21444.8 5942.9 4217.4 15501.9 71726.7 71294.7 12114.5
internal_count=619020 568184 170684 50836 33098 137586 6503 131083 36875 26119 94208 397500 394913 64542
is_linear=0
shrinkage=0.05


Tree=26
num_leaves=15
num_cat=0
split_feature=0 0 73 69 69 70 69 73 69 73 68 69 73 73
split_gain=556.388 133.89 110.551 149.08 133.092 99.228 98.1241 123.905 95.0052 80.3531 106.105 80.4831 78.2315 76.1579
threshold=0.018492683768272403 0.012092667631804945 0.68766510486602794 0.1354017108678818 -0.012004304677247999 0.0084715085104107874 0.11499396711587907 0.57541298866271984 -0.0020994962542317803 0.69109225273132335 0.041905201971530921 0.10739227384328844 0.66104114055633556 0.78125637769699108
decision_type=2 2 2 10 8 2 10 2 8 2 10 8 2 2
left_child=1 -1 3 6 5 -4 -2 -8 -6 10 11 -3 -5 -10
right_child=2 9 4 12 8 -7 7 -9 13 -11 -12 -13 -14 -15
leaf_value=-0.023841167616406249 0.0027564650513560991 -0.0037833132641904217 0.018808495770355042 0.03466795529926936 -0.022748124962358209 -0.0055710079018770411 -0.012081860557891779 0.0022731741993348262 -0.0045417899131986548 -0.013473897263060051 0.017686037237947125 -0.014968232149171099 0.0052289004570302122 0.0019463464210111377
leaf_weight=1347.3965011164546 62334.105977192521 7577.5604476630688 1289.7414015084505 529.16201482713223 570.58069464564323 609.20002447068691 2617.5228423923254 3507.0036724358797 12639.520312130451 3890.0481225699186 480.52500825375319 2035.8623961657286 395.18089808523655 7032.924438804388
leaf_count=11962 343217 50513 7091 2837 3399 3484 15407 20295 74116 26973 3156 13824 2230 41037
internal_value=-2.44169e-05 -0.00883651 0.00145251 0.00243409 -0.00162306 0.0109991 0.00216302 -0.00387163 -0.00281196 -0.00737477 -0.00501325 -0.00616507 0.0222727 -0.00222246
internal_weight=106856 15331.4 91524.9 69383 22142 1898.94 68458.6 6124.53 20243 13984 10093.9 9613.42 924.343 19672.4
internal_count=619541 106428 513113 383986 129127 10575 378919 35702 118552 94466 67493 64337 5067 115153
is_linear=0
shrinkage=0.05


Tree=27
num_leaves=15
num_cat=0
split_feature=1 72 73 69 51 54 72 70 69 72 72 73 69 74
split_gain=346.269 129.853 159.136 132.45 117.679 111.197 126.054 104.466 96.0781 91.8069 168.222 114.19 436.736 154.564
threshold=0.011211141943931581 0.0063372445292770871 0.47465904057025915 0.0543004758656025 -0.019502821378409859 2.9212388992309575 0.0056408173404634008 0.00028452508558984851 0.043331811204552657 0.0080920867621898668 0.007961741182953121 0.31674617528915411 0.042114155367016799 -0.019179445691406723
decision_type=10 10 2 8 10 8 10 2 8 10 10 2 10 2
left_child=4 2 7 5 -1 6 -4 8 -2 10 -3 12 -11 -13
right_child=1 9 3 -5 -6 -7 -8 -9 -10 11 -12 13 -14 -15
leaf_value=-0.0042081525666250079 -0.015868901339025559 0.0042316547679308227 0.010690147525091332 -0.005187888763602177 -0.014208954704949033 0.03135264084167317 -0.0086688893387417663 0.021906298764508818 0.010970132844461146 0.002887149222186189 0.02746715759882979 -0.014498380596769875 0.041777600822947236 0.00046699577243047499
leaf_weight=9018.6916786059737 517.51859882473946 17246.218198537827 1929.8015837147832 17961.925032511353 4365.2035275176167 354.99501076340675 1474.7177454531193 1044.541811235249 896.51132365316153 12295.552933201194 806.35730665177107 1801.2391509264708 757.08144351840019 36368.362987369299
leaf_count=60800 2846 97183 11081 106189 32293 2014 8567 5920 4988 66121 4404 10435 3828 202972
internal_value=4.05726e-05 0.00111803 -0.00203606 -0.00340184 -0.00747812 0.00512253 0.00230367 0.00999546 0.0011049 0.00221908 0.00528415 0.00113802 0.00517314 -0.000242839
internal_weight=106839 93454.8 24180 21721.4 13383.9 3759.51 3404.52 2458.57 1414.03 69274.8 18052.6 51222.2 13052.6 38169.6
internal_count=619641 526548 141605 127851 93093 21662 19648 13754 7834 384943 101587 283356 69949 213407
is_linear=0
shrinkage=0.05


Tree=28
num_leaves=15
num_cat=0
split_feature=2 18 2 53 69 69 69 69 71 68 84 74 71 74
split_gain=286.375 111.272 104.634 69.6273 66.916 147.496 114.785 110.726 144.529 109.522 98.2176 223.653 96.25 90.8841
threshold=0.014603424817323686 62.560111999511726 0.0088789681904017943 -0.027928406372666355 0.1354017108678818 0.1011449657380581 0.14754705131053927 0.093763429671525969 0.011125609744340183 0.01949337869882584 2.5000000000000004 0.0040147886611521253 0.047184959053993232 -0.021459922194480893
decision_type=2 2 2 8 8 10 8 10 2 10 2 2 2 2
left_child=2 4 -1 -4 5 7 -6 12 10 -7 11 -9 13 -2
right_child=1 -3 3 -5 6 9 -8 8 -10 -11 -12 -13 -14 -15
leaf_value=-0.031906038890283803 -0.0064850948859603852 -0.0028832697416966997 -0.003574463098241519 -0.013695054206389713 0.018272248598607248 0.0060415412907136755 0.0027663382881434038 -0.019401435768753288 0.023770828536488563 -0.0062642692235734994 0.013897860765726655 0.025524180208381292 -0.010836966992257816 0.0022570356290210459
leaf_weight=480.57142546027899 3140.0554196834564 18435.512956514955 3927.3781830072403 2999.2017416656017 1500.5677266567945 2197.5958961546421 5710.7033010274172 927.81990167498589 1290.4039590954781 10014.510417327285 1123.3629535883665 383.54849876463413 1546.7971536368132 53010.395308881998
leaf_count=4839 18009 108053 27950 22712 8442 12398 32591 5180 7243 59153 6163 2070 8845 295219
internal_value=-8.68837e-05 0.000621072 -0.00956397 -0.00797009 0.00142044 0.000969842 0.00601374 0.00196773 0.010311 -0.00404668 0.00310925 -0.00616789 0.00142737 0.00176709
internal_weight=106688 99281.3 7407.15 6926.58 80845.8 73634.5 7211.27 61422.4 3725.14 12212.1 2434.73 1311.37 57697.2 56150.5
internal_count=618867 563366 55501 50662 455313 414280 41033 342729 20656 71551 13413 7250 322073 313228
is_linear=0
shrinkage=0.05


Tree=29
num_leaves=15
num_cat=0
split_feature=0 0 73 69 69 0 71 69 69 72 68 72 72 72
split_gain=464.608 144.691 116.899 240.042 87.6924 84.2297 70.2408 112.004 65.6118 130.049 115.772 146.265 190.369 111.44
threshold=0.01586711406707764 0.025862025097012523 0.68766510486602794 0.1354017108678818 -0.012004304677247999 0.010398942977190019 -0.0083502870984375459 -0.042247124016284936 0.053651142865419395 0.010852548759430649 0.030439413152635101 0.0060242856852710256 0.0074462066404521474 0.007195517886430026
decision_type=2 2 2 10 8 2 2 8 8 10 8 10 10 10
left_child=5 2 3 6 -4 -1 7 -2 13 10 -10 -12 -13 -8
right_child=1 -3 4 -5 -6 -7 8 -9 9 -11 11 12 -14 -15
leaf_value=-0.032706167416610379 -0.016072042366137209 0.0024814368155377715 0.014304690788927113 0.036840764383175899 -0.0074626089256870989 -0.01057953800562951 0.01147143955530611 0.0057461705149543137 -0.0089523935141002497 0.01185906816828344 -0.0085272685509079418 0.025677273944403195 -0.006275715698273664 -0.0027545622773650939
leaf_weight=452.14192944020033 636.64633898437023 63825.47601416707 479.32249297201633 429.58947251737118 8785.9072918966413 6866.0325442329049 2124.4451919645071 6536.8463634699583 8067.8103128522635 1161.4566832184792 1761.390651345253 1038.3956218659878 833.48798279464245 3869.4537890404463
leaf_count=4836 3564 352307 2769 2333 54700 51166 12562 36784 48454 6605 10876 6095 4996 21974
internal_value=0.000161126 0.00105545 -0.00149218 0.000200915 -0.0063223 -0.0119894 -0.000417693 0.00379013 -0.00201962 -0.004032 -0.00561813 0.00178996 0.0114919 0.00229833
internal_weight=106868 99550.2 35724.8 26459.5 9265.23 7318.17 26029.9 7173.49 18856.4 12862.5 11701.1 3633.27 1871.88 5993.9
internal_count=620021 564019 211712 154243 57469 56002 151910 40348 111562 77026 70421 21967 11091 34536
is_linear=0
shrinkage=0.05


Tree=30
num_leaves=15
num_cat=0
split_feature=2 71 53 73 69 71 71 72 72 73 69 69 72 69
split_gain=274.149 149.155 113.525 85.8551 102.907 100.311 97.2413 95.5543 94.919 88.0938 85.3831 82.6427 79.0371 78.3201
threshold=0.018979019485414032 -0.0097199608571827394 -0.023461416363716122 0.68606859445571911 -0.02913612965494394 0.0017398853669874372 -0.0002741747885011136 0.016111821867525581 0.0063914027996361264 0.78917726874351513 0.1354017108678818 0.13316312432289126 0.010434513911604883 0.014388481620699169
decision_type=2 2 8 2 8 2 2 10 10 2 10 10 8 8
left_child=1 12 11 10 -5 6 -6 9 -8 -7 -2 -3 13 -1
right_child=3 2 -4 4 5 7 8 -9 -10 -11 -12 -13 -14 -15
leaf_value=0.028178535074384 0.0020280320058014382 -0.0048586697535900076 -0.01239275273470216 0.017922636251186893 0.0006418298242551045 -0.0058518384355843184 0.00038581492847424665 -0.020165238842454795 0.03247048385577609 0.0023966806613917885 0.018195205139827478 0.015996651554622453 -0.0097425696967044194 0.0045622719835160799
leaf_weight=396.09226609021425 63466.095098853111 11685.039734207094 6056.2721974849701 650.95491851866245 3476.8838576078415 9608.5115286111832 403.02924709022045 857.64484027028084 529.28816552460194 4871.9619215577841 817.50445617735386 485.53187177330256 813.23441556841135 2640.2030435949564
leaf_count=2373 348672 77869 43385 3474 19506 56513 2377 5043 2885 28501 4382 3020 4987 16458
internal_value=4.5904e-05 -0.00491523 -0.00680344 0.00133969 -0.00148603 -0.00213457 0.00450495 -0.00404491 0.018752 -0.00307688 0.00223643 -0.00401422 0.00401956 0.00772546
internal_weight=106758 22076.4 18226.8 84681.9 20398.3 19747.3 4409.2 15338.1 932.317 14480.5 64283.6 12170.6 3849.53 3036.3
internal_count=619445 148092 124274 471353 118299 114825 24768 90057 5262 85014 353054 80889 23818 18831
is_linear=0
shrinkage=0.05


Tree=31
num_leaves=15
num_cat=0
split_feature=0 0 73 69 69 0 69 69 74 18 68 68 73 74
split_gain=364.913 141.293 88.187 184.505 88.5459 83.5886 69.6304 114.04 91.5559 72.3947 71.308 65.7335 79.8578 62.1059
threshold=0.015577479731291534 0.026715530082583431 0.72160628437995922 0.1354017108678818 0.10693511739373208 0.010398942977190019 0.090698454529047026 0.08398406952619554 -0.0092260362580418569 53.143491744995124 0.017033565789461139 0.057141860947012908 0.7626253366470338 -0.04474180564284324
decision_type=2 2 2 10 10 2 10 10 2 2 8 10 2 2
left_child=5 2 3 4 6 -1 7 9 -8 10 -2 12 -4 -3
right_child=1 13 11 -5 -6 -7 8 -9 -10 -11 -12 -13 -14 -15
leaf_value=-0.032484501685613863 0.00017767354868229192 -0.016962424681168559 -0.010752757082076167 0.025144902371310431 -0.0075999643548674877 -0.010008069511836519 0.030834138033189608 -0.013900867448742891 0.003882082986842712 -0.0032447332960471587 0.0086474454957854666 -0.016796595839901018 0.0011086479274365548 0.0023175832006635771
leaf_weight=437.1213906109333 9210.9878887981176 410.7351408302784 2639.0225497931242 673.49248090386391 4501.8896254599094 6028.7211829200387 344.31654220819473 1581.2507907226682 2889.7698129490018 9917.656626328826 3393.4278489500284 1310.8268241211772 3052.4285666942596 60343.490677550435
leaf_count=4827 52020 2481 16487 3748 27654 45882 1930 9385 17008 58676 20176 8243 18795 332102
internal_value=-7.19675e-05 0.000670909 -0.00165615 -0.000559138 -0.00111058 -0.0115754 -3.95244e-05 -0.00096474 0.00683773 -5.07417e-05 0.002463 -0.00674168 -0.00440048 0.00218447
internal_weight=106735 100269 39515.1 32512.8 31839.3 6465.84 27337.4 24103.3 3234.09 22522.1 12604.4 7002.28 5691.45 60754.2
internal_count=619414 568705 234122 190597 186849 50709 159195 140257 18938 130872 72196 43525 35282 334583
is_linear=0
shrinkage=0.05


Tree=32
num_leaves=15
num_cat=0
split_feature=0 0 0 71 69 69 15 70 69 71 69 69 69 71
split_gain=361.277 119.558 77.1476 71.547 117.658 92.2588 76.9718 68.8792 68.0602 117.831 57.672 138.218 55.8838 52.8925
threshold=0.015577479731291534 0.026715530082583431 0.010398942977190019 -0.0083502870984375459 -0.032438075169920914 -0.012004304677247999 23.855512619018558 -0.044312106445431702 -0.1383535638451576 -0.02404883503913879 0.13316312432289126 0.14754705131053927 -0.037439091131091111 0.025505204685032371
decision_type=2 2 2 2 8 8 8 2 8 2 10 10 10 2
left_child=2 3 -1 4 -2 13 10 -3 9 -9 -7 -12 -4 -5
right_child=1 7 12 5 -6 6 -8 8 -10 -11 11 -13 -14 -15
leaf_value=-0.031680783615323609 -0.013959271907560081 -0.018750333632351738 -0.023811402275026032 0.015092664479608574 0.0048057611347004387 -0.001692840447621051 -0.0061687650194882189 0.00081057516277165283 0.002071205119813018 0.03237741916948466 0.027822427674414091 -0.0085228688420340027 -0.00822373613032314 -0.0053986656339634316
leaf_weight=429.62304984033108 929.95802544057369 380.7859258055687 638.63411058485508 1117.9458554834127 7512.3629664629698 16476.655655100942 12015.704116933048 707.13144005835056 59264.015987724066 498.64757411181927 535.58192756772041 495.53862899541855 5386.0929545611143 430.92198251187801
leaf_count=4873 5201 2438 4967 6256 42113 99599 72767 3574 326299 2412 3005 2956 41213 2438
internal_value=4.86134e-05 0.000786468 -0.0114085 -0.00135483 0.00272464 -0.00246374 -0.00308877 0.00217696 0.00231182 0.0140239 -0.000972641 0.0104414 -0.00991278 0.00939356
internal_weight=106820 100365 6454.35 39514.7 8442.32 31072.3 29523.5 60850.6 60469.8 1205.78 17507.8 1031.12 6024.73 1548.87
internal_count=620111 569058 51053 234335 47314 187021 178327 334723 332285 5986 105560 5961 46180 8694
is_linear=0
shrinkage=0.05


Tree=33
num_leaves=15
num_cat=0
split_feature=0 72 69 72 70 72 70 72 84 69 0 69 53 69
split_gain=332.762 142.834 139.586 109.615 169.229 146.413 137.595 173.623 110.351 104.126 101.486 173.803 84.6569 83.7879
threshold=0.014589797705411913 0.0062103387899696836 0.056114079430699355 0.0075098148081451663 -0.00058230204740539182 0.0072508121374994525 -0.0026766125811263915 0.0068974909372627744 3.5000000000000004 0.099168736487627043 0.0277330381795764 0.13316312432289126 -0.05003209970891475 0.080673165619373335
decision_type=2 10 8 10 2 10 2 10 2 8 2 10 10 8
left_child=-1 2 -2 4 6 -6 8 -8 -3 -10 11 13 -5 -4
right_child=1 3 10 12 5 -7 7 -9 9 -11 -12 -13 -14 -15
leaf_value=-0.013547578922638352 0.0041887872758642935 0.0026992085215818903 -0.0039925429915033499 0.0013538165068802041 -0.0017969017248147152 0.013728185482694544 0.034068728901628091 0.0027789210686548355 0.034126223464211201 0.0023358233912900411 -0.00035429795868577329 0.0180620330265749 -0.0043140032077162195 -0.012425179397996445
leaf_weight=4378.7090299427509 5956.4018618091941 3688.2041620463133 5301.3667655438185 50854.370293922722 8130.9481410384178 1856.9607441723347 1210.9623912721872 699.09157010912895 613.96918523311615 441.31653973460197 8850.1024884134531 630.23626181483269 7558.7369837984443 6657.6344810277224
leaf_count=36364 34828 20481 33294 280316 47185 10652 6717 4010 3357 2472 50645 3597 44144 42190
internal_value=-6.53667e-05 0.000512127 -0.0025774 0.00164003 0.00521869 0.00110038 0.0113899 0.0226906 0.00680135 0.0209783 -0.0044583 -0.0073408 0.00061978 -0.00869349
internal_weight=106829 102450 27395.7 75054.6 16641.5 9987.91 6653.54 1910.05 4743.49 1055.29 21439.3 12589.2 58413.1 11959
internal_count=620252 583888 164554 419334 94874 57837 37037 10727 26310 5829 129726 79081 324460 75484
is_linear=0
shrinkage=0.05


Tree=34
num_leaves=15
num_cat=0
split_feature=0 72 73 73 69 72 69 69 73 72 84 73 68 72
split_gain=303.59 96.7321 156.365 163.883 137.187 90.7067 126.076 263.76 100.625 105.609 110.12 105.381 190.822 99.7049
threshold=0.017069246619939808 0.0062103387899696836 0.47465904057025915 0.38685362040996557 0.080673165619373335 0.0075098148081451663 0.099168736487627043 0.093126293271780028 0.77497765421867382 0.0068440143950283536 2.5000000000000004 0.67833209037780773 0.034133028239011771 0.006468190113082529
decision_type=2 10 2 2 8 10 8 10 2 10 2 2 10 10
left_child=-1 2 3 -2 -4 6 7 13 11 10 -10 12 -8 -3
right_child=1 5 4 -5 -6 -7 8 -9 9 -11 -12 -13 -14 -15
leaf_value=-0.0081422780648612025 -0.015214455836951857 -0.0032644474327876045 0.0006632742271227369 0.016881311124240142 -0.0072703938763694319 0.00085884291566077828 -0.0066970326950208927 0.037274393826069181 0.035584652696984728 -0.0048228192411032744 0.00085749373054866277 -0.013461289904577983 0.018539714187994081 0.0095624723389179031
leaf_weight=10333.072085909545 493.75145870447159 2001.078900963068 11191.955380827188 1902.6220454871655 10605.749214306474 56690.383443415165 2240.7761243134737 747.83579529821873 554.32127311825752 629.5235660970211 384.20058713853359 1727.2709140479565 1112.7413971871138 6173.0474065244198
leaf_count=77729 2721 11265 65591 10577 63497 312813 12837 3895 3088 3583 2233 10075 6228 34041
internal_value=-1.38667e-06 0.000871486 -0.00186446 0.0102325 -0.00319844 0.00178765 0.00516654 0.00904706 -4.6439e-05 0.010985 0.0215274 -0.00346589 0.00170708 0.00642221
internal_weight=106788 96455.3 24194.1 2396.37 21797.7 72261.2 15570.8 8921.96 6648.83 1568.05 938.522 5080.79 3353.52 8174.13
internal_count=620173 542444 142386 13298 129088 400058 87245 49201 38044 8904 5321 29140 19065 45306
is_linear=0
shrinkage=0.05


Tree=35
num_leaves=15
num_cat=0
split_feature=0 72 73 69 72 69 69 73 69 69 69 72 72 72
split_gain=275.885 114.262 114.586 122.147 92.2932 132.909 156.746 105.382 364.979 160.438 143.866 220.06 168.123 144.895
threshold=0.015577479731291534 0.0063372445292770871 0.47813309729099279 0.080673165619373335 0.0075098148081451663 0.099168736487627043 0.093126293271780028 0.31674617528915411 0.042114155367016799 0.049500988796353347 -0.020860132761299607 0.012653355952352287 0.016111821867525581 0.011029172688722612
decision_type=2 10 2 8 10 8 10 2 10 10 10 10 10 10
left_child=-1 2 -2 -4 5 6 -3 8 -6 -10 11 13 -13 -9
right_child=1 4 3 -5 7 -7 -8 10 9 -11 -12 12 -14 -15
leaf_value=-0.010247031634687995 0.0070737180590477004 0.0070251325188649127 9.3421046650550771e-05 -0.006973627678192775 0.0022298291985218236 -0.0003610220905835358 0.030945565093886154 0.0014010960706970169 0.054542251148155932 0.013590445873729019 -0.0019113606943045249 -0.012886078499380484 0.0060061873253556448 0.02392391033102538
leaf_weight=6292.7100505381823 2953.7663919180632 7871.2376655340195 12596.77286849916 11870.802938356996 13023.290037602186 6471.7076631337404 741.77158990502357 1111.3061893135309 471.28857839107513 493.08728908002377 35676.45029258728 1864.3140581697226 3158.2405938133597 1994.3567808568478
leaf_count=50794 16427 43844 74836 71998 69732 37339 3838 6295 2329 2500 200811 10248 17171 10850
internal_value=-0.000100031 0.000537549 -0.00221315 -0.00333671 0.00157271 0.00505413 0.00911871 0.000663289 0.00444001 0.0339579 -0.000543427 0.00545569 -0.00101807 0.0158949
internal_weight=106591 100298 27421.3 24467.6 72877.1 15084.7 8613.01 57792.3 13987.7 964.376 43804.7 8128.22 5022.55 3105.66
internal_count=619012 568218 163261 146834 404957 85021 47682 319936 74561 4829 245375 44564 27419 17145
is_linear=0
shrinkage=0.05


Tree=36
num_leaves=15
num_cat=0
split_feature=0 0 68 68 53 70 69 68 18 70 69 69 69 69
split_gain=253.379 117.698 64.4711 106.099 65.1234 61.9019 69.4655 64.6582 57.5187 67.501 92.5229 55.6773 49.869 52.4006
threshold=0.019724390469491485 0.012092667631804945 -0.020313972607254979 -0.029244812205433842 -0.011322619859129189 -0.03048756159842014 -0.1383535638451576 -0.087453853338956819 65.394176483154311 0.028627929277718071 -0.060190718621015542 0.13316312432289126 0.1011449657380581 0.090698454529047026
decision_type=2 2 10 10 8 2 8 8 2 2 10 10 10 10
left_child=1 -1 3 -3 11 7 -7 -2 9 -8 -11 12 13 -4
right_child=5 2 4 -5 -6 6 8 -9 -10 10 -12 -13 -14 -15
leaf_value=-0.020206572959192759 0.0021784136613586329 -0.0036486721718207746 -0.0034961560351514753 0.029997298075642949 -0.010547035180691377 0.013499081617248094 0.0017953372774900925 -0.021034911013185678 -0.0023262521966263294 0.0044006883692050908 -0.028528319724428538 0.013617469008841438 -0.010205957789903006 0.0082577271550942476
leaf_weight=1211.032841771841 563.7301639765501 673.56955225765705 9137.6428541168571 347.80084956437349 3911.8634406626225 1143.9279157370329 73773.056717559695 627.02810022234917 10442.54584865272 414.86071357131004 424.11234265565872 464.92420106381178 2457.4329213947058 1048.3559393137693
leaf_count=11987 3330 4074 61302 2091 27591 5634 408631 3660 59834 2270 2348 2910 16964 6966
internal_value=1.22562e-05 -0.00517869 -0.00415932 0.00798834 -0.00489255 0.00115633 0.00131324 -0.0101186 0.00114778 0.00163424 -0.0123853 -0.00319836 -0.00382698 -0.00227952
internal_weight=106642 19252.6 18041.6 1021.37 17020.2 87389.3 86198.5 1190.76 85054.6 74612 838.973 13108.4 12643.4 10186
internal_count=619592 133885 121898 6165 115733 485707 478717 6990 473083 413249 4618 88142 85232 68268
is_linear=0
shrinkage=0.05


Tree=37
num_leaves=15
num_cat=0
split_feature=0 71 69 69 70 69 71 69 69 72 72 72 70 69
split_gain=236.981 100.897 87.9761 88.1134 69.2569 76.8285 85.6765 66.0285 105.42 55.9744 53.9529 102.941 50.8888 85.4849
threshold=0.019834659993648533 -0.0069472836330533019 0.15864480286836627 0.13316312432289126 -0.044312106445431702 -0.1383535638451576 -0.0302647091448307 -0.012004304677247999 0.0073220878839492807 0.0037568438565358524 0.0059765728656202563 0.0066108887549489745 0.028627929277718071 -0.060190718621015542
decision_type=2 2 8 10 2 8 2 8 10 10 10 10 2 10
left_child=1 7 3 9 -2 6 -6 -1 -9 -3 -11 -12 -7 -14
right_child=4 2 -4 -5 5 12 -8 8 -10 10 11 -13 13 -15
leaf_value=-0.018004911317734889 -0.019583333433258604 0.0018533313894320757 -0.019135591939291919 0.013647720550119737 0.0013096253382938858 0.0010302190629595874 0.027140491800668451 0.023915804664493084 0.00043717808874895202 -0.011241204324253849 0.0070576860670251047 -0.0080019700702288338 0.0053374988198518422 -0.025220109886555955
leaf_weight=357.57433541864157 397.16807068884373 1745.4102318659425 1329.0542339459062 555.12334202975035 700.47250092029572 84541.912613019347 584.26077847182751 561.57702250033617 2925.725036919117 5718.2934223264456 1464.540727801621 4931.4427835047245 427.86994433403015 474.99917547404766
leaf_count=2300 2567 13011 9669 3551 3534 469911 2778 3596 18801 41732 10260 33333 2337 2677
internal_value=-0.000126983 -0.00509471 -0.0068672 -0.00572357 0.000990371 0.00108683 0.0131757 0.0021622 0.00427563 -0.00650873 -0.00771406 -0.004548 0.000903547 -0.010839
internal_weight=106715 19588.7 15743.9 14414.8 87126.7 86729.5 1284.73 3844.88 3487.3 13859.7 12114.3 6395.98 85444.8 902.869
internal_count=620057 136253 111556 101887 483804 481237 6312 24697 22397 98336 85325 43593 474925 5014
is_linear=0
shrinkage=0.05


Tree=38
num_leaves=15
num_cat=0
split_feature=1 73 69 69 69 72 53 73 68 72 69 70 70 69
split_gain=153.704 83.3679 99.7395 92.3629 93.9527 106.838 71.8083 71.7942 97.6418 69.5138 66.3635 65.0416 72.7779 61.2049
threshold=0.011677253991365434 0.68606859445571911 -0.02913612965494394 0.1354017108678818 0.10951106622815134 0.0069692961405962714 -0.026115454733371731 0.78917726874351513 0.042158441618084914 0.0065356527920812377 0.15165715664625171 0.028627929277718071 0.021026453934609893 0.14754705131053927
decision_type=10 2 8 10 10 10 8 2 10 10 8 2 2 8
left_child=6 3 -3 4 11 9 -1 10 13 -6 -4 12 -2 -9
right_child=1 2 7 -5 5 -7 -8 8 -10 -11 -12 -13 -14 -15
leaf_value=-0.0020946495850118442 0.0020301519960502835 0.01659697454660192 -0.0035896919617373294 0.017585765620250243 -0.0064949732733829068 0.0014861828155683257 -0.009356229291383137 0.023637185069969098 -0.0015638282933685581 -0.023691496487395464 -0.01666027572550342 -0.011983984133052735 0.01365430763120646 0.0040790865894871518
leaf_weight=9564.7440448403358 58600.754114463925 698.26662399619818 13073.098006665707 887.70453529059887 2732.3914466500282 4396.4827736392617 5282.9650371149182 676.69289402663708 5755.6862483918667 743.66807564347982 1040.4224876984954 798.17538918554783 1368.6034654825926 970.67998489737511
leaf_count=65283 321277 3677 77296 4648 16285 25414 40228 3747 33838 4416 6281 4334 7234 5537
internal_value=3.49304e-05 0.000798904 -0.00186702 0.00165084 0.00144223 -0.00369404 -0.00468295 -0.00247366 0.0015129 -0.0102314 -0.00456434 0.00210814 0.00229767 0.0122071
internal_weight=106590 91742.6 22214.8 69527.8 68640.1 7872.54 14847.7 21516.6 7403.06 3476.06 14113.5 60767.5 59969.4 1647.37
internal_count=619495 513984 130376 383608 378960 46115 105511 126699 43122 20701 83577 332845 328511 9284
is_linear=0
shrinkage=0.05


Tree=39
num_leaves=15
num_cat=0
split_feature=0 0 15 69 69 73 69 73 15 73 69 69 69 22
split_gain=213.546 97.3296 75.3884 57.6214 74.7306 105.066 86.4754 70.5951 46.3265 50.3267 51.6475 57.134 40.9394 78.0282
threshold=0.019724390469491485 0.011147324927151205 34.195964813232429 0.12688654661178592 0.1011449657380581 0.44729243218898779 0.090698454529047026 0.69351711869239818 16.099148750305179 0.85966211557388317 0.060013568028807647 1.0000000180025095e-35 -0.13227118551731107 53.245615005493171
decision_type=2 2 8 10 8 2 10 2 8 2 10 10 10 10
left_child=1 -1 3 4 6 -6 -3 -5 -2 12 11 -11 13 -10
right_child=8 2 -4 7 5 -7 -8 -9 9 10 -12 -13 -14 -15
leaf_value=-0.023826017901253906 0.0032910424089109339 -0.0028837052530806635 -0.011718783506354614 0.023337736485077743 0.018015812996045575 -0.012476952954584212 0.012294249624263502 -0.0067131039796616727 0.010479300940322719 -0.013438755796186773 -0.023172153890920682 0.010073493544046901 0.00030217644092386033 -0.0025821461417281123
leaf_weight=640.60274066776037 17902.480333730578 10337.438817389309 2776.6759103834629 441.3554629907012 300.7582760900259 3226.0742275938392 1022.1564668342471 338.35800565779209 2779.0505700856447 548.22687941789627 425.75493280589581 471.41435976326466 63511.154436692595 1932.3420639187098
leaf_count=7242 99584 70193 19474 2775 1958 23078 6845 2305 14737 3219 2548 2748 352708 10524
internal_value=-2.13975e-05 -0.00481264 -0.00413967 -0.00278972 -0.00348588 -0.00983303 -0.00150835 0.0103772 0.00102315 0.000439978 -0.00876032 -0.00257599 0.000636155 0.00512812
internal_weight=106654 19083.4 18442.8 15666.1 14886.4 3526.83 11359.6 779.713 87570.4 69667.9 1445.4 1019.64 68222.5 4711.39
internal_count=619938 133870 126628 107154 102074 25036 77038 5080 486068 386484 8515 5967 377969 25261
is_linear=0
shrinkage=0.05


Tree=40
num_leaves=15
num_cat=0
split_feature=0 73 74 68 72 74 73 72 73 72 72 73 73 68
split_gain=208.341 107.883 102.705 101.396 150.661 89.2862 102.234 166.197 88.9608 89.0416 150.593 82.7947 81.0148 97.2964
threshold=0.013799453154206278 0.68766510486602794 -0.0074305415619164697 0.042858690023422248 0.0050841558258980521 0.0061117932200431832 0.6523808240890504 0.0073099865112453708 0.73000267148017894 0.0098104388453066366 0.013693704269826414 0.60908615589141857 0.78125637769699108 0.053079243749380119
decision_type=2 2 2 10 10 2 2 10 2 10 10 2 2 10
left_child=-1 3 8 -2 -5 6 11 -8 -3 -10 -11 -6 -4 -14
right_child=1 2 12 4 5 -7 7 -9 9 10 -12 -13 13 -15
leaf_value=-0.01296362897367704 0.0010480899461619095 0.021101280707027985 -0.0055841265602441775 0.035097764390769941 0.0060811390384729984 -0.009378306127847659 0.021345748640422754 -0.018669218877092112 0.013569467386620191 -0.033014910647647271 0.0077911062679231653 0.0350159099437777 0.005581031805207067 -0.0053891735130398785
leaf_weight=2941.7343457639217 75197.958416566253 789.02214372158051 14718.357232958078 497.27480211853981 452.82081478089094 738.09914887696505 469.959522344172 554.90423588454723 737.01495349407196 384.65771998465061 522.43652317672968 548.14113041758537 4467.9952678009868 3674.1175162866712
leaf_count=26444 423117 4473 89742 2728 2525 4191 2690 3212 4263 2263 2982 2979 26435 22283
internal_value=0.000135074 0.00050768 -0.00233136 0.00142311 0.0100408 0.00542234 0.0108345 -0.000291077 0.00741494 0.000758883 -0.0096842 0.0221159 -0.00337149 0.000630203
internal_weight=106694 103753 25293.6 78459.2 3261.2 2763.92 2025.83 1024.86 2433.13 1644.11 907.094 1000.96 22860.5 8142.11
internal_count=620327 593883 152441 441442 18325 15597 11406 5902 13981 9508 5245 5504 138460 48718
is_linear=0
shrinkage=0.05


Tree=41
num_leaves=15
num_cat=0
split_feature=0 2 18 13 70 72 68 72 68 70 70 68 68 70
split_gain=175.524 110.817 66.5147 61.62 59.0036 61.1589 119.07 103.106 162.329 118.48 131.903 94.6667 72.8986 94.8195
threshold=0.022032433189451698 0.0088789681904017943 60.731443405151374 0.15902742743492129 -0.044312106445431702 0.011327308136969806 -0.045510644093155854 0.013089691288769247 0.0074331911746412524 0.005761263659223915 0.014460922684520485 0.048553535714745528 -0.037996767088770859 0.016003172844648365
decision_type=2 2 2 8 2 10 10 10 10 2 2 10 10 2
left_child=1 -1 -3 4 -2 6 -6 8 9 -7 -11 -10 -8 -14
right_child=3 2 -4 -5 5 7 12 -9 11 10 -12 -13 13 -15
leaf_value=-0.029188734462096962 -0.01764382311454572 -0.0013588683050751648 -0.0066933031350502672 -0.013582453738841186 -0.020579585060130745 0.022618500919742587 0.017853168095809394 0.001385474772639681 -0.0027566822433286249 -0.008425525682374686 0.022964300544770479 0.015107670930861603 0.00079761007292633308 -0.016004876894385119
leaf_weight=400.43952170759439 396.5022556334734 18908.187159277499 8452.0350351110101 686.42226451635361 654.73121505975723 2335.7273010909557 603.37526354193687 18789.655854463577 3186.4850010126829 830.60235586762428 546.52327685058117 955.71365164220333 49044.413959488273 844.26652452349663
leaf_count=4754 2584 122515 58311 3807 3465 12322 3199 101097 17536 4420 2875 5412 273087 4632
internal_value=2.19955e-05 -0.00339662 -0.00300861 0.00122549 0.00135721 0.00145632 0.000444216 0.00339823 0.00820497 0.0157821 0.00410752 0.00139155 0.000720853 0.000510111
internal_weight=106635 27760.7 27360.2 78874.4 78188 77791.5 51146.8 26644.7 7855.05 3712.85 1377.13 4142.2 50492.1 49888.7
internal_count=620016 185580 180826 434436 430629 428045 284383 143662 42565 19617 7295 22948 280918 277719
is_linear=0
shrinkage=0.05


Tree=42
num_leaves=15
num_cat=0
split_feature=0 73 71 74 74 73 68 68 73 74 72 72 73 71
split_gain=175.628 78.3641 97.8684 82.4836 82.2569 76.2489 84.274 74.8567 100.934 107.736 74.5208 300.144 170.171 123.871
threshold=0.015114951413124801 0.68766510486602794 0.047184959053993232 -0.0074305415619164697 -0.0082475515082478506 0.78125637769699108 0.036166118457913406 0.041905201971530921 0.64309170842170726 -0.0059896605089306823 0.010200759395956995 0.010434513911604883 0.46996656060218817 -0.0077509512193500987
decision_type=2 2 2 2 2 2 10 10 2 2 10 10 2 2
left_child=-1 2 7 4 -3 -5 -7 10 -9 -10 -2 12 -12 -13
right_child=1 3 -4 5 -6 6 -8 8 9 -11 11 13 -14 -15
leaf_value=-0.0090846626773896291 -0.00014525002167099413 0.0026157635758314573 -0.010576190315292623 -0.0052012623567628041 0.027563195347698966 0.015400888897890458 -0.00091444835422491285 0.017090515566369341 -0.015012050552196329 0.0090712930630870506 0.0552533041825954 -0.0016993700441051516 0.0089316932102962172 0.0053036246610385467
leaf_weight=5116.0859416499734 45030.887940086424 1998.2585177272558 1719.1689918935299 14217.059154234827 386.53155006468296 881.51080095022917 7046.6942528709769 1744.7632970660925 701.49543721973896 1327.0699242055416 410.76836866140366 11179.309959165752 383.60589651763439 14489.53487919271
leaf_count=43686 256276 11396 9723 86171 2184 5011 42099 9453 4039 7571 2195 60330 2140 77757
internal_value=-5.48587e-05 0.000401062 0.00118521 -0.00205944 0.00675751 -0.00301155 0.000916716 0.00145522 0.00830955 0.000710278 0.00109235 0.00319756 0.0332736 0.0022542
internal_weight=106633 101517 76986.6 24530.1 2384.79 22145.3 7928.21 75267.4 3773.33 2028.57 71494.1 26463.2 794.374 25668.8
internal_count=620031 576345 429484 146861 13580 133281 47110 419761 21063 11610 398698 142422 4335 138087
is_linear=0
shrinkage=0.05


Tree=43
num_leaves=15
num_cat=0
split_feature=0 51 14 70 73 73 70 72 72 70 70 84 70 73
split_gain=163.41 67.5728 66.9574 51.4709 46.6171 108.665 104.252 103.986 124.186 220.683 130.764 104.848 100.827 82.9152
threshold=0.015114951413124801 -0.040904043242335313 0.1887348294258118 -0.044312106445431702 0.31221117079257971 0.25739786028862005 -0.0094763874076306803 0.017190130427479747 0.012143131811171772 0.0021610031835734849 -0.011087638791650532 1.5000000000000002 -0.011412478052079676 0.29116751253604894
decision_type=2 10 8 2 2 2 2 10 10 2 2 2 2 2
left_child=2 3 -1 -2 5 -5 12 8 10 11 -7 -10 -6 -12
right_child=1 -3 -4 4 6 7 -8 -9 9 -11 13 -13 -14 -15
leaf_value=-0.0067014326348994492 -0.017035316767946826 -0.0019216028336163345 -0.024632823656804234 0.00069116171799450882 -0.0021595121687236394 0.024106309778187909 0.0013027342373412209 -0.0063791559264100217 0.026085316138022837 0.046267202322914952 0.0054777330749964858 -0.0018797272158237585 -0.017564297482220152 -0.021735174648391878
leaf_weight=4507.4914310500026 379.2231480628252 24280.442096345127 581.48793460428715 8840.9246561080217 4945.7558999657631 523.83020317554474 57260.198379576206 766.14541505277157 594.82185046374798 636.48065266013145 665.67262959480286 749.00405849516392 1344.0130349099636 469.23653003573418
leaf_count=38452 2498 146072 5263 46691 27289 2665 323029 4123 3094 3216 3425 4000 7372 2455
internal_value=-6.0498e-05 0.000378427 -0.00879464 0.0011022 0.00119397 0.0038911 0.000631271 0.0102971 0.0138158 0.0222383 0.00368754 0.0105998 -0.0054739 -0.00586521
internal_weight=106545 101456 5088.98 77175.3 76796.1 13246.1 63550 4405.19 3639.05 1980.31 1658.74 1343.83 6289.77 1134.91
internal_count=619644 575929 43715 429857 427359 69669 357690 22978 18855 10310 8545 7094 34661 5880
is_linear=0
shrinkage=0.05


Tree=44
num_leaves=15
num_cat=0
split_feature=0 0 79 70 69 13 74 74 69 69 69 70 70 74
split_gain=162.845 93.0695 69.6405 61.459 69.4141 132.958 69.5197 109.711 124.662 153.624 168.224 107.506 147.168 169.589
threshold=0.022032433189451698 0.010398942977190019 -0.0037028373917564745 -0.044312106445431702 -0.1383535638451576 0.0081334160640835779 -0.019179445691406723 -0.014051598962396382 -0.082962457090616212 -0.023623042739927765 0.040939569473266609 -0.0099967392161488516 -0.0071474877186119548 -0.0089446334168314916
decision_type=2 2 8 2 10 8 2 2 10 10 10 2 2 2
left_child=1 -1 -3 -2 5 -5 -6 8 -8 -10 -11 -9 13 -13
right_child=3 2 -4 4 6 -7 7 11 9 10 -12 12 -14 -15
leaf_value=-0.027753716891248861 -0.018374518976353008 -0.0078480029036908094 -0.0015038592344182424 0.013548462229517595 -0.0059476603378383506 -0.0035374384976275142 -0.012931190255468242 -0.0075307262301548177 0.040603847138236157 -0.0054380959731881286 0.022013754020380222 0.024879630414019874 0.0008735014091513654 0.0023049431596336226
leaf_weight=367.85885309427977 382.72969587147236 5387.2768257781863 21825.534911774099 3067.2555729597807 3355.5291942358017 1801.8778524547815 474.36153256893158 3507.0157767832279 462.01099868118763 1047.1678357124329 1177.0016046315432 1393.4569252580404 60183.557076051831 2048.6524002850056
leaf_count=4808 2550 37871 142561 15942 18914 9898 2525 18771 2447 5592 6160 7326 333116 10849
internal_value=0.000201017 -0.00310548 -0.00276222 0.00135709 0.0014556 0.00723134 0.00107282 0.00140875 0.0104977 0.0146677 0.00912258 0.000979348 0.00144953 0.0114894
internal_weight=106481 27580.7 27212.8 78900.6 78517.9 4869.13 73648.8 70293.2 3160.54 2686.18 2224.17 67132.7 63625.7 3442.11
internal_count=619330 185240 180432 434090 431540 25840 405700 386786 16724 14199 11752 370062 351291 18175
is_linear=0
shrinkage=0.05


Tree=45
num_leaves=15
num_cat=0
split_feature=0 0 51 71 12 70 73 70 71 70 71 71 73 70
split_gain=150.943 58.4635 56.8628 54.8128 65.0829 45.5383 45.0733 145.584 68.3164 55.2019 166.325 89.0955 70.1876 85.7259
threshold=0.016425644047558311 0.010398942977190019 -0.040904043242335313 -0.011068730149418114 0.35148860514163976 -0.044312106445431702 0.077547188848257079 -0.0017816664185374973 -0.054346878081560128 -0.0094763874076306803 0.0013466962263919415 -0.0035301131429150696 0.2972214818000794 -0.026119079440832135
decision_type=2 2 10 2 8 2 2 2 2 2 2 2 2 2
left_child=1 -1 5 -3 -5 -2 7 -7 -8 10 11 12 13 -10
right_child=2 3 -4 4 -6 6 8 -9 9 -11 -12 -13 -14 -15
leaf_value=-0.025718100505414128 -0.015910300810713096 0.0058792636859308078 -0.0015914842924674136 -0.0054267705545261065 -0.021644279373018077 0.020750808813571914 -0.011909747747763086 -0.004244088571525295 -0.010324434617845837 0.0018441840717677103 -0.015934464817023514 0.018269278365620277 -0.004166742038903235 0.012825749925490832
leaf_weight=366.997927993536 373.77495142817497 920.42466507107019 22470.586967624724 6154.6785801723599 679.99331036955118 1150.2692112922668 979.3971855789423 1164.4151548594236 530.06775222718716 63195.101766742766 1789.8206415772438 669.72800350189209 4607.9378408193588 1543.8680449798703
leaf_count=4904 2514 6693 133281 48377 5673 5857 5253 6076 2951 351614 9844 3591 25479 7964
internal_value=7.71409e-05 -0.00646994 0.000617738 -0.0055271 -0.00706954 0.00127102 0.00135802 0.00821282 0.00114051 0.00131883 -0.00231102 0.00102288 -0.000730457 0.00688775
internal_weight=106597 8122.09 98475 7755.1 6834.67 76004.4 75630.6 2314.68 73315.9 72336.5 9141.42 7351.6 6681.87 2073.94
internal_count=620071 65647 554424 60743 54050 421143 418629 11933 406696 401443 49829 39985 36394 10915
is_linear=0
shrinkage=0.05


Tree=46
num_leaves=15
num_cat=0
split_feature=0 71 71 70 15 74 73 84 71 74 71 70 74 70
split_gain=101.545 88.3333 61.7637 59.6093 56.3946 48.4852 133.603 134.507 131.051 104.139 102.717 93.5699 58.4454 58.0087
threshold=0.022788505069911483 -0.0083502870984375459 -0.0302647091448307 0.005321669392287732 23.953506469726566 -0.021459922194480893 0.15441858023405078 3.5000000000000004 -0.015909668989479538 -0.034833572804927819 -0.054346878081560128 -0.020733712241053578 -0.024679644964635369 -0.0017816664185374973
decision_type=2 2 2 2 8 2 2 2 2 2 2 2 2 2
left_child=1 2 -1 -4 -3 6 9 8 12 -2 13 -12 -8 -7
right_child=5 4 3 -5 -6 10 7 -9 -10 -11 11 -13 -14 -15
leaf_value=-0.0079610081387050096 -0.0024206515031976652 -0.0018246744332690483 0.0077728545993546137 -0.0074451440996553282 -0.0067004134688535347 -0.0051476434993808539 0.011962070111456327 -0.032884915592041292 -0.02303962352854326 0.030921744373339791 0.023288161388088889 0.0012685229193085154 -0.010170838159756272 -0.029571172548446378
leaf_weight=1046.7803774550557 586.0091397613287 14511.39063462615 4078.4974061772227 755.44031883776188 10032.217636272311 652.72173154354095 854.75818875432014 537.78207388520241 645.49686799943447 378.61203490197659 475.78850609064102 71160.785989239812 446.2173276245594 382.60315902531147
leaf_count=6224 3448 97361 24926 4556 69120 3464 4747 3366 3738 1951 2515 389947 2502 2016
internal_value=-5.98829e-05 -0.002501 0.0029992 0.00538415 -0.00381955 0.000915997 -0.0048681 -0.0109901 -0.00480365 0.0108492 0.00119113 0.001418 0.0043511 -0.0143699
internal_weight=106545 30424.3 5880.72 4833.94 24543.6 76120.8 3448.88 2484.25 1946.47 964.621 72671.9 71636.6 1300.98 1035.32
internal_count=619881 202187 35706 29482 166481 417694 19752 14353 10987 5399 397942 392462 7249 5480
is_linear=0
shrinkage=0.05


Tree=47
num_leaves=15
num_cat=0
split_feature=0 72 73 69 71 70 0 71 70 71 69 71 70 84
split_gain=127.236 84.9682 121.571 154.645 136.137 181.984 111.426 100.735 98.4616 221.843 108.121 73.3239 80.4947 76.1428
threshold=0.014589797705411913 0.0063372445292770871 0.47465904057025915 0.080673165619373335 0.0083840866573154944 -0.00080685998545959581 0.028550691902637485 0.013340741395950319 0.00028452508558984851 -0.017622965388000008 0.043331811204552657 0.048369815573096282 0.028627929277718071 2.5000000000000004
decision_type=2 10 2 8 2 2 2 2 2 2 10 2 2 2
left_child=-1 2 8 -4 6 7 -5 -6 9 -2 -11 12 -3 -13
right_child=1 11 3 4 5 -7 -8 -9 -10 10 -12 13 -14 -15
leaf_value=-0.0088503290317309344 0.03371798562648623 0.0015097270792036952 0.00046917061083773682 -0.017759136679360084 0.0030604799304622806 -0.005874612905811108 -0.0046477103484444835 0.034308810539967247 0.017970055709564035 -0.025056728216891307 0.0031745261350923214 -0.014699024652022824 -0.015138878909430409 0.0058006936079501789
leaf_weight=4043.7862331792712 363.96179663389921 71314.922869443893 13330.032949768007 3788.3954153209925 570.41748853772879 4531.8707695454359 2842.2050780653954 464.05500191450119 1259.0915593281388 615.15297083556652 737.00637761503458 1411.4718882367015 723.55742618441582 658.25422801077366
leaf_count=36401 1950 396148 80391 24283 3491 28472 16228 2772 6980 3480 4127 8165 3959 3765
internal_value=-0.000162118 0.000181106 -0.00213848 -0.0032539 -0.0073199 -0.0015496 -0.0121544 0.0172725 0.00741052 -0.000396066 -0.00975869 0.00107339 0.00134043 -0.00818277
internal_weight=106654 102610 28502.2 25527 12196.9 5566.34 6630.6 1034.47 2975.21 1716.12 1352.16 74108.2 72038.5 2069.73
internal_count=620612 584211 172174 155637 75246 34735 40511 6263 16537 9557 7607 412037 400107 11930
is_linear=0
shrinkage=0.05


Tree=48
num_leaves=15
num_cat=0
split_feature=0 72 72 71 74 68 72 70 74 68 71 74 74 70
split_gain=111.598 86.4624 84.504 191.844 131.135 116.148 103 160.841 170.265 123.339 153.442 117.488 109.972 193.85
threshold=0.013575550634413959 0.0063372445292770871 0.0080920867621898668 0.0083840866573154944 -0.0061176270246505729 -0.0085332267917692644 0.0070314840413630017 -0.0017816664185374973 -0.0040173972956836215 0.0022250108886510138 -0.011602019425481556 0.0097516253590583819 0.0091229546815156954 -0.00098663853714242556
decision_type=2 10 10 2 2 10 10 2 2 10 2 2 2 2
left_child=-1 -2 3 5 -5 -3 7 8 -7 -8 -11 -9 13 -12
right_child=1 2 -4 4 -6 6 9 11 -10 10 12 -13 -14 -15
leaf_value=-0.01030533184972874 -0.0019757664071017428 -0.0040012350095003611 0.00019207968204917856 0.022501533798524726 -0.0035971326694881397 0.0056440492856449816 -0.0012241251640547981 -0.0073767446945648026 0.033467410861250158 0.040936030087101616 0.0069989909774128972 0.015320475553478983 -0.0036801617267893626 0.034370986767591198
leaf_weight=2519.9298755526543 29351.282649978995 1750.6526671275496 54163.510185927153 503.48235978186131 7685.2265181466937 1682.7834055349231 922.89785671234131 2458.1083362847567 810.56821846961975 659.68854857981205 1469.9657433852553 731.57052634656429 657.75085707753897 1154.4641684740782
leaf_count=24098 179658 9474 299769 2817 44778 9279 5041 14269 4327 3576 8291 4172 3821 6621
internal_value=7.05846e-05 0.000322956 0.00122692 0.00396136 -0.00196697 0.00790703 0.0098854 0.00529965 0.0147868 0.0152206 0.0190641 -0.0021394 0.0145571 0.0191245
internal_weight=106522 104002 74650.7 20487.2 8188.71 12298.5 10547.8 5683.03 2493.35 4864.77 3941.87 3189.68 3282.18 2624.43
internal_count=619991 595893 416235 116466 47595 68871 59397 32047 13606 27350 22309 18441 18733 14912
is_linear=0
shrinkage=0.05


Tree=49
num_leaves=15
num_cat=0
split_feature=2 18 70 69 57 70 69 69 69 74 70 69 68 69
split_gain=84.6351 60.9852 58.6219 80.1409 66.7175 42.1474 90.9167 46.1566 139.714 95.3473 135.179 87.1869 109.173 86.547
threshold=0.0088789681904017943 68.520259857177749 -0.044312106445431702 -0.1383535638451576 0.086556900292634978 0.028627929277718071 -0.060190718621015542 0.1011449657380581 0.091497793793678298 -0.0092260362580418569 0.005321669392287732 0.085317432880401625 0.018985471688210968 0.1354017108678818
decision_type=2 2 2 8 8 2 10 10 10 2 2 10 10 10
left_child=-1 2 -2 4 -4 7 -7 8 11 -10 -11 -5 -13 -9
right_child=1 -3 3 5 -6 6 -8 13 9 10 -12 12 -14 -15
leaf_value=-0.023697228891421777 -0.018713850381570356 -0.0038368789596551541 0.023392678034509711 0.00086205580307152901 0.00089256378926475454 0.0056643986497421327 -0.026669375053692681 -0.0035062042443778905 0.026302584085488186 0.0012348414817729026 0.019606258678559071 -0.02124705212588536 -0.0018924541972849811 0.0044999061542269261
leaf_weight=364.0829938724637 385.79760168492794 8879.0959354490042 689.37521324306726 65960.109117627144 624.46634140610695 427.70195887237787 426.16947781294584 14852.294555678964 659.49232393503189 3709.5042521357536 1362.2724523916841 976.28806880116463 2797.5479441583157 4358.3083711266518
leaf_count=4695 2631 55107 3296 377124 3061 2361 2460 89450 3497 21137 7711 5613 16804 24726
internal_value=4.36765e-05 0.000127363 0.000489739 0.000568165 0.0127859 0.000398811 -0.0105954 0.000499075 0.00105609 0.00855342 0.00619825 0.000438763 -0.00694239 -0.00168846
internal_weight=106473 106108 97229.3 96843.5 1313.84 95529.7 853.871 94675.8 75465.2 5731.27 5071.78 69733.9 3773.84 19210.6
internal_count=619673 614978 559871 557240 6357 550883 4821 546062 431886 32345 28848 399541 22417 114176
is_linear=0
shrinkage=0.05


Tree=50
num_leaves=15
num_cat=0
split_feature=51 5 69 69 69 69 69 70 70 68 68 70 68 70
split_gain=86.3474 69.9327 62.8873 80.9188 55.5033 100.264 72.0628 96.6952 64.4169 70.8206 68.7518 61.1847 176.554 118.999
threshold=-0.043549781665205949 0.76639994978904735 0.14754705131053927 0.14015386998653415 0.1011449657380581 0.093763429671525969 0.095767229795455946 0.005321669392287732 -0.0054978525731712571 0.015907374210655693 0.049116047099232681 -0.0091816666536033136 -0.065314467996358858 -0.026119079440832135
decision_type=10 2 8 10 10 10 10 2 2 10 10 2 8 2
left_child=4 -2 3 -3 5 11 -7 -8 -6 -10 -11 12 13 -1
right_child=1 2 -4 -5 8 6 7 -9 9 10 -12 -13 -14 -15
leaf_value=-0.00056749771759590005 -0.024912278242786232 -0.0015963436293608129 -0.0090195153668463698 0.021031773547199983 0.0067661370656159035 0.023172056831914381 0.00073721163276223604 0.022709116202798023 0.011451889280660236 -0.0057781231282822542 0.0047536973533668586 0.0017869451240858526 -0.0056394390890963132 0.024092518815266927
leaf_weight=1039.2108751013875 327.71161510422826 25771.072030119598 2883.1151822060347 391.26715437322855 1858.375678807497 766.97834452241659 2130.1772282868624 644.90487747639418 766.15281899273396 9969.2189507260919 1826.6182185038924 48905.80637910217 8307.0281557403505 913.59951565414667
leaf_count=6061 2654 164590 18631 2270 10219 4144 11691 3472 4284 58822 10697 272206 45613 4648
internal_value=1.87124e-05 -0.00228783 -0.00202408 -0.00125003 0.000897311 0.00154051 0.0096998 0.0059065 -0.0018988 -0.00318502 -0.0041446 0.00105048 -0.00245836 0.0110334
internal_weight=106501 29373.2 29045.5 26162.3 77128.1 62707.7 3542.06 2775.08 14420.4 12562 11795.8 59165.6 10259.8 1952.81
internal_count=620002 188145 185491 166860 431857 347835 19307 15163 84022 73803 69519 328528 56322 10709
is_linear=0
shrinkage=0.05


Tree=51
num_leaves=15
num_cat=0
split_feature=51 64 70 68 17 72 72 70 72 74 68 72 72 70
split_gain=78.3931 45.2969 42.2788 43.0985 41.4429 41.9855 66.5132 92.7537 95.9925 71.5046 67.9689 82.4312 57.453 168.658
threshold=-0.035215048119425767 0.0061478752177208671 -0.03048756159842014 -0.087453853338956819 98.272747039794936 0.0064558612648397693 0.0055949101224541673 0.0067733062896877536 0.0050333135295659312 0.0039161127060651788 0.02715934440493584 0.0058709785807877788 0.0066108887549489745 -0.00053757344721816469
decision_type=10 2 2 10 10 10 8 2 10 2 10 10 10 2
left_child=2 -2 3 -1 5 6 7 8 -4 -10 -8 -12 13 -7
right_child=1 -3 4 -5 -6 12 10 -9 9 -11 11 -13 -14 -15
leaf_value=0.0017226957956304701 -0.0054405121182405525 -0.00090681479520020531 -0.002761932578861506 -0.017287811678867924 -0.0085755463953848862 0.027218438896472203 -0.0090588987261840618 0.013741360215190228 0.0095282207179361502 -0.0078065557537307225 -0.011902275934799382 0.0058450853967697385 0.001431781163741451 -0.0021270060944529648
leaf_weight=547.59420197457075 8460.4988683648407 15774.749283358455 9987.7636865824461 640.12501307576895 1132.2357333824039 825.36940639466047 4042.260808467865 1306.3024638518691 3276.4640372134745 718.40122095495462 910.25676719099283 2253.9533636569977 55445.046413693577 1179.8296798542142
leaf_count=3321 58647 98509 60820 3866 6475 4381 23462 7937 19179 4296 5544 13240 303474 6742
internal_value=7.58439e-06 -0.00249111 0.000743908 -0.00858187 0.000881564 0.00101656 -0.000814324 0.00105252 -0.000141882 0.00639918 -0.00477092 0.000718242 0.00173348 0.0100271
internal_weight=106501 24235.2 82265.6 1187.72 81077.9 79945.6 22495.4 15288.9 13982.6 3994.87 7206.47 3164.21 57450.2 2005.2
internal_count=619893 157156 462737 7187 455550 449075 134478 92232 84295 23475 42246 18784 314597 11123
is_linear=0
shrinkage=0.05


Tree=52
num_leaves=15
num_cat=0
split_feature=0 0 71 69 69 69 71 69 69 69 71 69 71 71
split_gain=93.7225 70.9097 58.7437 136.579 63.4948 103.837 96.8064 75.5253 101.205 62.3692 102.091 68.1377 66.8705 70.2365
threshold=0.012092667631804945 0.025862025097012523 -0.0083502870984375459 -0.037439091131091111 0.12688654661178592 0.1011449657380581 0.017997297458350662 0.14754705131053927 0.14015386998653415 0.091497793793678298 0.0098012350499629992 0.086486265063285842 0.0093693779781460779 0.0060152311343699702
decision_type=2 2 2 8 10 8 2 8 10 10 2 10 2 2
left_child=-1 2 3 -2 5 9 -7 8 -6 11 -11 12 13 -4
right_child=1 -3 4 -5 7 6 -8 -9 -10 10 -12 -13 -14 -15
leaf_value=-0.014629237897044102 -0.01785538584738874 0.0011939082129650076 -0.0010455777855726519 0.0042467832143172702 0.0046603890221951503 -0.010867508540166951 0.0036933780577548393 -0.007786531043526293 0.034306164264815177 -0.0041137737990380114 0.017477459534405666 -0.013201655835120008 -0.0050145988525711945 0.0085993637931485022
leaf_weight=1072.2313224077225 758.83746345341206 64427.160934910178 8880.2005816400051 7693.2290837913752 1297.0825103148818 6102.733156517148 1398.3187386915088 744.64724813401699 361.57416551560163 1091.3520140722394 1082.4345253109932 1311.8322233706713 7807.4608391150832 2386.5464653000236
leaf_count=11932 4329 351832 56273 44300 7994 40857 9094 4576 2055 6704 6782 8529 48957 15266
internal_value=9.80703e-06 0.000160184 -0.00146742 0.00224367 -0.002434 -0.0030596 -0.00815182 0.00537136 0.0112898 -0.0013636 0.00666836 -0.0022229 -0.00146132 0.00100325
internal_weight=106416 105343 40916.2 8452.07 32464.2 30060.9 7501.05 2403.3 1658.66 22559.8 2173.79 20386 19074.2 11266.7
internal_count=619480 607548 255716 48629 207087 192462 49951 14625 10049 142511 13486 129025 120496 71539
is_linear=0
shrinkage=0.05


Tree=53
num_leaves=15
num_cat=0
split_feature=0 27 59 69 69 68 71 69 51 69 10 57 68 71
split_gain=91.6399 87.8111 47.2726 51.8836 76.0271 108.708 77.5541 50.9692 46.5047 45.5695 53.4757 65.1005 49.7308 45.0305
threshold=0.022355813533067707 0.92945566773414623 6.5000000000000009 -0.12024196237325667 -0.09301410615444182 -0.074038576334714876 -0.0035301131429150696 -0.12452897801995276 -0.017836791463196274 -0.13227118551731107 0.014989737421274187 0.057207949459552772 -0.065314467996358858 -0.0083502870984375459
decision_type=2 2 8 10 10 10 2 10 10 10 2 10 8 2
left_child=1 8 3 7 5 -5 -7 9 -1 10 11 12 -2 -3
right_child=2 13 -4 4 -6 6 -8 -9 -10 -11 -12 -13 -14 -15
leaf_value=-0.0034851766102821434 0.030992733774521816 0.0059411162890279645 -0.0077520687589557108 0.0089011561178524018 0.00086381293202341866 -0.036071259695726783 -0.0089111985254217378 0.02159881997064193 -0.0098691976170113705 -0.010620455995706737 -0.0015473503990303195 0.0024863158166070019 0.011016875531592744 -0.0010692736838131571
leaf_weight=11565.45150026679 414.37772992253304 2939.2627083286643 1567.6530462354422 529.81843972206116 68413.965209305286 393.02193458378315 783.67504750192165 439.0399374216795 3786.6432345621288 473.56318886578083 1812.7495764642954 1834.8415229916573 1259.2657580822706 10248.90791419521
leaf_count=75480 2007 17934 8691 2917 376371 2136 4148 2373 28216 2498 9881 9539 6776 70992
internal_value=-7.25464e-05 -0.00249595 0.000815273 0.000992163 0.000603167 -0.00979024 -0.0182103 0.00535976 -0.00506522 0.00409433 0.00542133 0.00901605 0.0161174 0.000496458
internal_weight=106462 28540.3 77922 76354.3 70120.5 1706.52 1176.7 6233.84 15352.1 5794.8 5321.23 3508.49 1673.64 13188.2
internal_count=619959 192622 427337 418646 385572 9201 6284 33074 103696 30701 28203 18322 8783 88926
is_linear=0
shrinkage=0.05


Tree=54
num_leaves=15
num_cat=0
split_feature=0 73 0 71 73 71 71 27 84 71 15 73 73 71
split_gain=80.4616 68.3383 69.545 68.2992 59.8055 55.4103 72.7465 55.0016 51.1183 54.4767 49.4919 44.6797 118.143 69.0228
threshold=0.013344757258892061 0.68957170844078075 0.024239686317741874 0.048369815573096282 0.6924434006214143 0.0017398853669874372 -0.0002741747885011136 0.80554369091987621 1.0000000180025095e-35 -0.0021499824943020935 17.604589462280277 0.31221117079257971 0.25739786028862005 -0.010321858804672955
decision_type=2 2 2 2 2 2 2 2 2 2 8 2 2 2
left_child=-1 3 7 10 -4 6 8 -3 -6 -10 -2 12 13 -12
right_child=1 2 4 -5 5 -7 -8 -9 9 -11 11 -13 -14 -15
leaf_value=-0.0095393087913808738 0.0031014753790925276 -0.010687952969830239 -0.017370108455287879 -0.0098126935556144511 0.014607046456009487 -0.0012781311542940368 0.020728999463152448 -0.0025382666892719737 0.0034765775333264709 -0.014063892398433451 -0.0044900863162281026 -0.00041299676689500876 0.010601459157645623 0.0053463164483790607
leaf_weight=2184.8838580735028 21395.957202412188 3419.9947201833129 482.98719565570354 1463.2461219653487 649.30234026908875 12255.039221227169 654.75267250835896 5244.4957724884152 1641.5480641722679 594.83775587379932 4358.3353498727083 45447.086421646178 3566.6263153254986 3004.0047790184617
leaf_count=21687 120848 22963 2772 8338 3538 71078 3549 35286 9001 3293 23468 259260 18535 15685
internal_value=-6.53522e-05 0.000134237 -0.00214768 0.000852757 -0.000220652 0.000314394 0.00581491 -0.00576367 0.00237105 -0.0012307 0.00105466 0.000277435 0.00314628 -0.000474799
internal_weight=106363 104178 24943 79235.3 16278.5 15795.5 3540.44 8664.49 2885.69 2236.39 77772 56376.1 10929 7362.34
internal_count=619301 597614 151480 446134 93231 90459 19381 58249 15832 12294 437796 316948 57688 39153
is_linear=0
shrinkage=0.05


Tree=55
num_leaves=15
num_cat=0
split_feature=2 72 73 69 72 69 71 71 70 71 73 68 69 71
split_gain=78.5711 57.2037 54.841 137.934 113.862 94.4601 94.7891 88.2932 128.832 119.821 231.819 133.575 131.312 177.808
threshold=0.0088789681904017943 0.0024105233605951075 0.68957170844078075 0.1354017108678818 0.0060242856852710256 0.10693511739373208 0.041986452415585525 0.0044199428521096715 -0.0091816666536033136 0.010391716379672291 0.45423033833503729 0.014460519421845676 -0.010585022158920763 0.03842632286250592
decision_type=2 10 2 10 10 10 2 2 2 2 2 10 10 2
left_child=-1 -2 3 5 -5 6 7 -3 -9 10 -10 -12 -11 -14
right_child=1 2 -4 4 -6 -7 -8 8 9 12 11 -13 13 -15
leaf_value=-0.023051898745159411 -0.01884472125700995 0.00018100131508312276 -0.0018672484542804773 0.036514408343118969 0.0045860203144779451 -0.0038499932477513762 -0.0086012232798774405 -0.010426470106279624 0.026785139380945108 0.010542740554110787 -0.0058734859311077962 0.010726774261535101 -0.0011291811097721035 0.03416024929206244
leaf_weight=357.84902083128691 387.12194359302521 41724.057795651257 25197.764395803213 472.16120730340481 671.46301139891148 10537.885898448527 2356.6858892068267 1455.4432121813297 1625.4872753620148 3819.3822405934334 1788.6158997789025 3714.0557515844703 11861.264900378883 358.01084190607071
leaf_count=4839 2646 234019 154850 2400 3565 63681 13197 8083 8789 20409 10564 22422 67895 1998
internal_value=1.63242e-05 9.63913e-05 0.000167618 0.000805631 0.0179704 0.000555669 0.00123189 0.00158241 0.00395615 0.00486384 0.0102533 0.00533008 0.00246368 -6.81533e-05
internal_weight=106327 105969 105582 80384.5 1143.62 79240.9 68703 66346.3 24622.3 23166.8 7128.16 5502.67 16038.7 12219.3
internal_count=619357 614518 611872 457022 5965 451057 387376 374179 140160 132077 41775 32986 90302 69893
is_linear=0
shrinkage=0.05


Tree=56
num_leaves=15
num_cat=0
split_feature=15 51 13 69 70 68 69 70 68 69 17 68 69 68
split_gain=55.1492 47.0895 43.5655 45.5965 40.7205 86.6924 80.0669 71.3281 116.84 88.047 57.5896 54.3425 45.1083 42.0227
threshold=23.356156349182132 -0.091930858790874467 0.15902742743492129 -0.16990498453378675 -0.0094763874076306803 -0.087453853338956819 -0.060190718621015542 -0.0071474877186119548 0.029120756313204769 -0.017013531178236004 39.459255218505866 0.038458131253719337 -0.10851569846272467 -0.045510644093155854
decision_type=8 10 8 10 2 10 8 2 8 8 10 10 8 10
left_child=4 2 3 -2 5 -1 13 8 9 -6 -10 -8 -9 -7
right_child=1 -3 -4 -5 7 6 11 12 10 -11 -12 -13 -14 -15
leaf_value=0.017520957178545092 0.0082082449752740594 -0.0028594658635719781 -0.013469993022459721 -4.0498782690186701e-05 0.018241753047033488 -0.029487969678109377 -0.00038125745387474624 -0.010079502438746474 0.039861861500216637 -0.0040983304124680786 0.011980792465956217 -0.019073592608089978 0.0012799075607848823 -0.0077399220268087043
leaf_weight=484.75781895965338 1796.5649156011641 23460.764031946659 556.00322960317135 23058.054271303117 635.29675425961614 413.07705208659172 4882.7957355193794 880.50540731847286 368.8785560131073 1385.1925527229905 386.53837506473064 412.50855086371303 47249.956863023341 488.41388529911637
leaf_count=2568 9717 146158 3093 126446 3315 2336 27070 4544 1981 7807 2115 2462 277869 2719
internal_value=-9.51222e-06 -0.00124472 0.000246667 0.000558806 0.00103876 -0.00262852 -0.00423045 0.00152052 0.00929932 0.00298124 0.0259383 -0.00187061 0.00107005 -0.0179194
internal_weight=106459 48871.4 25410.6 24854.6 57587.9 6681.55 6196.8 50906.4 2775.91 2020.49 755.417 5295.3 48130.5 901.491
internal_count=620200 285414 139256 136163 334786 37155 34587 297631 15218 11122 4096 29532 282413 5055
is_linear=0
shrinkage=0.05


Tree=57
num_leaves=15
num_cat=0
split_feature=2 73 68 73 2 74 73 74 74 68 68 14 74 68
split_gain=69.7407 59.9274 84.5 102.13 85.0998 51.9175 78.4159 76.569 68.3079 90.7167 64.9946 61.4191 63.7441 70.5606
threshold=0.0088789681904017943 0.68957170844078075 0.042858690023422248 0.66104114055633556 0.027767971158027652 -0.0074305415619164697 0.78125637769699108 -0.0082475515082478506 0.017686319537460807 0.069078601896762862 0.042158441618084914 0.14250356703996661 -0.010871912352740763 0.048859318718314178
decision_type=2 2 10 2 2 2 2 2 2 10 10 10 2 10
left_child=-1 2 -2 4 -4 7 -7 11 10 -10 -8 12 13 -3
right_child=1 5 3 -5 -6 6 8 -9 9 -11 -12 -13 -14 -15
leaf_value=-0.022021292910514363 0.00046989710140974209 0.016446361342657936 0.02537548808488721 -0.0019240856975986907 0.0046996258817504919 -0.004881736530410033 0.0077846406272062754 0.02474899393017635 0.033627712394623824 -0.0016482762406443141 -0.0029076875579542557 0.019781281946653125 -0.014769594659283129 -0.010116579892407024
leaf_weight=346.14769674092531 77291.229372113943 568.23569357395172 1059.8620030358434 1380.6815117970109 940.84827762842178 14793.897580236197 1890.5790704637766 397.60949282348156 350.93599742650986 366.33942287415266 5625.5488872602582 348.40655048191547 675.19015824794769 431.51723389327526
leaf_count=4792 439652 3196 5942 7950 4996 93010 11107 2259 2007 2201 34543 1923 3956 2563
internal_value=6.74337e-05 0.000141551 0.000808907 0.0085337 0.0157242 -0.0019735 -0.00270616 0.00497784 0.00120412 0.015836 -0.000211409 0.000989987 -0.00301301 0.00499452
internal_weight=106467 106121 80672.6 3381.39 2000.71 25448.3 23027.3 2420.96 8233.4 717.275 7516.13 2023.35 1674.94 999.753
internal_count=620097 615305 458540 18888 10938 156765 142868 13897 49858 4208 45650 11638 9715 5759
is_linear=0
shrinkage=0.05


Tree=58
num_leaves=15
num_cat=0
split_feature=0 70 14 15 9 68 74 70 70 70 70 68 4 74
split_gain=74.2041 45.5795 43.8293 42.6875 40.9289 41.6896 42.9685 47.4559 46.9429 49.0919 71.838 39.5685 39.2929 38.5627
threshold=0.01586711406707764 -0.044312106445431702 0.22534257173538211 15.661492347717287 -0.0017029657028615473 -0.13279618322849271 -0.0014977295650169251 -0.00084989535389468063 -0.0013412932166829703 -0.0019836344290524717 -0.0027636578306555744 0.055717740207910545 0.19166667014360431 0.024143439717590812
decision_type=2 2 8 8 2 8 2 2 2 2 2 10 10 2
left_child=2 -2 -1 -3 5 -5 -7 8 9 10 -8 -6 -13 -9
right_child=1 3 -4 4 11 6 7 13 -10 -11 -12 12 -14 -15
leaf_value=-0.0038575090018091022 -0.01700541711427694 0.0024634868959356338 -0.017322537100825295 0.017017189234455679 -0.00081468188932964914 -0.00093460994774057058 0.0019636991619533563 0.0019020929252347931 0.02082649074814066 -0.010128191485103865 0.023264394827510412 -0.01200826323551475 -0.00054281985970249696 -0.011563645101401211
leaf_weight=5855.3831465616822 371.47392562031746 18690.135631121695 665.66789300739765 393.59166145324707 40687.011800326407 17481.033251866698 1270.3326943814754 15793.190591320395 593.95974100381136 421.54674980044365 566.38824667036533 1621.2907470837235 1380.7343177199364 540.30977196991444
leaf_count=49771 2555 105606 6156 1940 232359 95993 6914 88328 3272 2330 2985 10201 8092 2946
internal_value=-9.31081e-05 0.000244726 -0.00525644 0.00031087 -0.000187615 0.00103445 0.000858291 0.00249153 0.00843088 0.00509319 0.00862259 -0.00122426 -0.00675422 0.00144985
internal_weight=106332 99811 6521.05 99439.5 80749.4 37060.4 36666.8 19185.7 2852.23 2258.27 1836.72 43689 3002.03 16333.5
internal_count=619448 563521 55927 560966 455360 204708 202768 106775 15501 12229 9899 250652 18293 91274
is_linear=0
shrinkage=0.05


Tree=59
num_leaves=15
num_cat=0
split_feature=1 1 15 73 74 74 73 74 73 73 73 73 74 84
split_gain=54.2706 51.4216 47.9148 65.2202 48.4634 92.2859 65.3024 127.433 97.3092 46.3851 45.467 44.0764 36.2002 94.6097
threshold=0.0056360953021794566 0.0045766350813210019 23.456728935241703 0.87868535518646251 0.0069592213258147248 0.0067960366141051063 0.49850323796272283 0.0082235885784029978 0.44426245987415319 0.47149644792079931 0.077547188848257079 0.54551473259925853 -0.019179445691406723 3.5000000000000004
decision_type=10 10 8 2 2 2 2 2 2 2 2 2 2 2
left_child=1 -1 4 -4 5 10 7 -6 -9 -10 -2 -8 13 -12
right_child=2 -3 3 -5 6 -7 11 8 9 -11 12 -13 -14 -15
leaf_value=-0.034797541414262133 0.014665880341429367 -0.00051537604666761314 -0.00085475868858377784 -0.015710723151300263 0.029783835577910353 -0.022340418215702915 -0.009392522637232309 0.00091738049691281187 0.029410276411551695 0.0080050877136367531 -0.0011710734704986764 0.0022951459039932272 0.00063424006832937688 -0.028645213981980579
leaf_weight=207.61293176189065 548.21697193384171 220.54413926228881 47347.688456438482 740.55204389989376 596.52871844917536 437.25654096901417 892.16143451631069 3184.5173287764192 496.66386444866657 526.4071197360754 1788.531731210649 7617.5475182980299 41457.721194442362 370.15401869267225
leaf_count=2782 2837 2361 274888 4712 3210 2509 5051 17001 2709 2913 10149 44840 241737 2368
internal_value=7.14397e-06 -0.0175535 7.97219e-05 -0.00108676 0.00104829 0.000257768 0.00369438 0.00834846 0.00524605 0.0185806 0.000486511 0.00106022 0.000304969 -0.00599248
internal_weight=106432 428.157 106004 48088.2 57915.7 44601.9 13313.8 4804.12 4207.59 1023.07 44164.6 8509.71 43616.4 2158.69
internal_count=620067 5143 614924 279600 335324 259600 75724 25833 22623 5622 257091 49891 254254 12517
is_linear=0
shrinkage=0.05


Tree=60
num_leaves=15
num_cat=0
split_feature=0 69 13 69 71 6 74 73 71 74 71 74 73 74
split_gain=70.5108 51.1252 50.4219 49.0048 54.4757 65.9654 47.3576 159.547 97.146 119.502 102.442 97.0952 118.778 111.215
threshold=0.022032433189451698 -0.039398560300469392 0.15902742743492129 -0.1383535638451576 -0.077233579009771333 0.3876801878213883 -0.019179445691406723 0.15441858023405078 -0.054346878081560128 -0.014051598962396382 0.014038637746125461 -0.011800938751548527 0.29116751253604894 -0.0099405101500451547
decision_type=2 10 8 10 2 10 2 2 2 2 2 2 2 2
left_child=1 -1 3 4 -2 -6 7 -5 -8 10 -10 12 -11 -13
right_child=2 -3 -4 6 5 -7 8 -9 9 11 -12 13 -14 -15
leaf_value=-0.0087417653557211768 -0.010609209082303053 -0.0014044696946589332 -0.012725203765979812 0.019893043408808975 0.014676654236624198 0.0023181268240952506 -0.017501381659261333 -0.0095211924200255225 0.015309301238847633 -0.035154821529189452 -0.009446523060735219 0.011918418698589376 -0.0038666315526868092 0.00058966863548314897
leaf_weight=2619.1078374832869 450.32048642635345 24557.389185979962 669.49229927361012 535.09344924986362 1846.5828646570444 2591.518410757184 698.72818976640701 2991.0362235084176 2397.4263491183519 384.08390006422997 498.56602887809277 2234.2630776166916 1330.7916989475489 62492.117174640298
leaf_count=18328 2502 166878 3764 3069 9384 13941 3786 17326 12487 2012 2678 11923 7129 344054
internal_value=8.22631e-05 -0.00211455 0.000837006 0.000954352 0.00579685 0.00748164 0.000631809 -0.00501392 0.000916732 0.00110483 0.0110296 0.000670647 -0.0110375 0.000982502
internal_weight=106297 27176.5 79120 78450.5 4888.42 4438.1 73562.1 3526.13 70036 69337.2 2895.99 66441.3 1714.88 64726.4
internal_count=619261 185206 434055 430291 25827 23325 404464 20395 384069 380283 15165 365118 9141 355977
is_linear=0
shrinkage=0.05


Tree=61
num_leaves=15
num_cat=0
split_feature=53 72 69 72 69 69 74 70 70 72 84 69 74 69
split_gain=61.3159 45.7495 114.967 69.608 125.734 137.764 74.5833 97.9326 154.723 101.99 85.8082 69.0543 64.5984 92.8974
threshold=-0.024381469003856179 0.0063372445292770871 0.013193483930081131 0.0074866386130452165 0.099168736487627043 0.093126293271780028 -0.011800938751548527 -0.0019094167510047553 -0.0023536338703706856 0.0070314840413630017 2.5000000000000004 0.046791307628154762 0.0010130195878446104 0.063768897205591216
decision_type=10 10 8 10 8 10 2 2 2 10 2 10 2 10
left_child=1 2 -1 4 5 6 -3 8 10 11 -8 -9 -11 -14
right_child=-2 3 -4 -5 -6 -7 7 9 -10 12 -12 -13 13 -15
leaf_value=0.027199909934251889 -0.0038125078885676124 -0.010026971570066595 -0.0017227134799750858 0.00028454808118186383 -0.0014039061939682034 0.029677611650573983 0.0015013245202608139 0.010352891034491048 0.045321949251713158 0.00041316447154600834 0.023814695088206411 -0.0064156927092265939 0.0060100444611536769 0.035416310252796707
leaf_weight=338.10150303691626 9474.4634771570563 636.06898656859994 26613.126136526465 55912.199323311448 5806.8550259172916 675.52297296375036 1096.3321591466665 840.12171106413007 375.0116769336164 601.40967092290521 701.38838117569685 2201.4960737228394 539.02931694686413 535.20944109559059
leaf_count=1880 64444 3535 165032 308869 33913 3414 5992 4776 1954 3340 3750 12717 3066 2969
internal_value=2.42958e-05 0.000399906 -0.00134993 0.00107448 0.00422491 0.00820707 0.00624309 0.00775746 0.0165169 0.00369654 0.0102906 -0.00176531 0.0135625 0.0208524
internal_weight=106346 96871.9 26951.2 69920.6 14008.4 8201.59 7526.07 6890 2172.73 4717.27 1797.72 3041.62 1675.65 1074.24
internal_count=619651 555207 166912 388295 79426 45513 42099 38564 11696 26868 9742 17493 9375 6035
is_linear=0
shrinkage=0.05


Tree=62
num_leaves=15
num_cat=0
split_feature=0 68 68 73 71 68 68 74 12 71 71 73 73 68
split_gain=60.2373 54.8216 63.7166 91.2877 81.6015 73.4603 57.0261 52.5963 54.5961 51.9869 44.7762 45.0131 44.4832 81.6472
threshold=0.022464861162006858 0.064782563596963896 0.041201777756214149 0.66104114055633556 -0.0080220997333526594 0.001090721052605659 0.038458131253719337 -0.0099405101500451547 0.10113735124468805 0.011125609744340183 0.048369815573096282 0.51737183332443248 0.52510660886764537 0.0116894175298512
decision_type=2 10 8 2 2 10 10 2 8 2 2 2 2 10
left_child=1 2 4 -4 5 -1 7 -6 -9 -8 -2 -12 -7 -14
right_child=10 -3 3 -5 6 12 9 8 -10 -11 11 -13 13 -15
leaf_value=-0.0024698775300873691 0.00085199275650839942 -0.021574827705653637 0.017694262769295532 -5.5310384446235841e-06 0.009966476995343209 0.018428711256145265 -0.024339322749676678 -0.0018963894170497342 -0.0077143184553247843 -0.0020233997115254513 -0.013943377241628023 0.0013222952371038832 -0.015725232348468229 0.010443164231376728
leaf_weight=3206.0540041737258 75522.539322756231 344.01830333843827 922.08508644998074 3334.8210199810565 670.54387161135674 822.10622619092464 646.71449199318886 10114.161662422121 6706.1786248199642 436.32493780553341 1027.700866907835 900.20239222049713 383.23647550493479 1226.0407352000475
leaf_count=19261 412947 2455 5520 23348 4341 5048 4618 69116 48121 3160 5861 5303 2422 7703
internal_value=-6.65728e-05 -0.00201797 -0.00177415 0.00386089 -0.0027661 0.00249951 -0.00436477 -0.00366996 -0.00421917 -0.0154497 0.000659532 -0.00684528 0.00903549 0.00415274
internal_weight=106263 28812.3 28468.3 4256.91 24211.4 5637.44 18573.9 17490.9 16820.3 1083.04 77450.4 1927.9 2431.38 1609.28
internal_count=619224 195113 192658 28868 163790 34434 129356 121578 117237 7778 424111 11164 15173 10125
is_linear=0
shrinkage=0.05


Tree=63
num_leaves=15
num_cat=0
split_feature=15 73 69 57 72 73 69 67 72 72 73 69 69 72
split_gain=47.0981 53.609 52.2193 47.8276 51.2055 48.1903 58.6213 46.9319 45.8268 44.8262 44.6782 235.899 109.483 89.9147
threshold=15.661492347717287 0.85966211557388317 0.060013568028807647 0.012451771646738054 0.0047534215264022359 0.5741296410560609 0.056114079430699355 0.0033194497227668767 0.021474678069353107 0.0040517377201467761 0.31221117079257971 0.042114155367016799 0.054717440158128745 0.011327308136969806
decision_type=8 2 10 10 10 2 8 2 10 10 2 10 10 10
left_child=-1 3 -3 7 5 -5 -7 -2 10 -8 11 13 -13 -6
right_child=1 2 -4 4 8 6 9 -9 -10 -11 -12 12 -14 -15
leaf_value=0.002026385959802948 -0.0057496118223843212 -0.0037750816686603116 -0.022673036239935294 -0.010312603275926206 -0.0069024369991946806 0.01291639774967647 0.0014509508557519442 -0.00078888704781667938 -0.005849951427881638 -0.0077972037359718242 0.00039011301183754997 0.046785676686126203 0.011866225110303115 0.0048091833762913747
leaf_weight=20094.649861291051 7414.3373945504427 1281.6615695729852 504.43429615721107 1976.3145144097507 2268.5555272772908 635.9102744050324 2688.5419533476233 13335.650057096034 2515.8336116410792 2541.028952691704 44346.753110677004 418.05208004266024 491.52188732475042 5829.4147276990116
leaf_count=117150 49809 7969 3239 11725 12142 3876 17235 80944 13681 15867 251038 1995 2429 30637
internal_value=-0.000152989 -0.000660931 -0.00920882 -0.000479102 0.000200003 -0.00358092 -0.00129906 -0.00256336 0.00073123 -0.003049 0.00104259 0.00425095 0.0282499 0.00152384
internal_weight=106343 86248 1786.1 84461.9 63711.9 7841.8 5865.48 20750 55870.1 5229.57 53354.3 9007.54 909.574 8097.97
internal_count=619736 502586 11208 491378 360625 48703 36978 130753 311922 33102 298241 47203 4424 42779
is_linear=0
shrinkage=0.05


Tree=64
num_leaves=15
num_cat=0
split_feature=5 51 73 69 69 69 73 71 68 71 71 74 71 68
split_gain=62.6545 74.1425 49.7404 100.568 74.6323 72.1753 89.182 95.7032 116.038 81.5426 99.5583 78.7966 77.7878 66.3135
threshold=0.71594694256782543 -0.28494359552860254 0.68606859445571911 0.1354017108678818 -0.02913612965494394 0.11499396711587907 0.57541298866271984 0.02018368057906628 0.033843660727143295 0.041986452415585525 0.03842632286250592 -0.0040173972956836215 0.0073201539926230916 0.016732051968574527
decision_type=2 10 2 10 8 10 2 2 10 2 2 2 2 10
left_child=1 -1 3 5 -4 9 -7 8 11 10 13 -8 -10 -2
right_child=2 -3 4 -5 -6 6 7 -9 12 -11 -12 -13 -14 -15
leaf_value=-0.0003321988723067948 8.7447752149883051e-06 -0.032408631072976035 0.013741394487552187 0.015741738832798596 -0.0022362614975697907 -0.010773940173978532 0.007453700627647112 0.020244652538577424 0.024727621227028668 -0.0081315065288797006 0.018324911768057672 -0.014446408942349442 -0.00074710236883530846 0.0033155847029691324
leaf_weight=406.13251850754023 45585.265120010823 314.06453866511583 742.7839817404747 1092.3863606564701 25243.593280363828 3018.6672849804163 533.7388105429709 527.20379433035851 504.98880423977971 2349.8444080874324 840.23027654364705 1698.7935968190432 715.33985267207026 22705.122594438493
leaf_count=2233 253661 2466 3933 5624 157470 18708 3145 3133 2978 13288 4529 10538 4233 133618
internal_value=2.34425e-05 -0.0145724 0.000124397 0.000744666 -0.00177445 0.000533936 -0.0043083 0.000610262 -0.00243744 0.00100858 0.0013204 -0.00920079 0.00990999 0.00110852
internal_weight=106278 720.197 105558 79571.6 25986.4 78479.2 6998.73 3980.06 3452.86 71480.5 69130.6 2232.53 1220.33 68290.4
internal_count=619557 4699 614858 453455 161403 447831 42735 24027 20894 405096 391808 13683 7211 387279
is_linear=0
shrinkage=0.05


Tree=65
num_leaves=15
num_cat=0
split_feature=0 72 69 68 68 68 69 72 12 72 69 72 68 68
split_gain=65.9155 53.7699 98.3093 144.315 142.592 102.192 92.1718 93.6227 72.0818 71.4039 74.1843 75.7637 74.0665 80.8816
threshold=0.012092667631804945 0.0062103387899696836 0.056114079430699355 0.049116047099232681 0.043720271438360221 0.055717740207910545 0.022971794009208683 0.003951302496716381 0.068567700684070601 0.0055949101224541673 0.1354017108678818 0.0052247354760766038 0.04608424939215184 0.011353931855410339
decision_type=2 10 8 10 10 10 10 10 8 8 10 10 10 10
left_child=-1 2 4 9 6 -5 -2 -8 -7 10 11 12 13 -4
right_child=1 -3 3 5 -6 8 7 -9 -10 -11 -12 -13 -14 -15
leaf_value=-0.01267579898500832 0.021200391770293713 0.00065983797210663751 -0.019402996886056137 0.023469490806940028 -0.025091119419549085 0.014709708799245892 0.018618816498301497 0.00017639055375185799 -0.010546993761475823 -0.010672866642517693 0.017687992930223637 0.0038868242282339297 -0.025429061171572495 -0.0035385202178164947
leaf_weight=1031.2821258530021 802.38179988414049 76527.057261094451 850.88244860619307 780.18818836659193 395.85784678906202 477.32846926897764 806.60232263803482 4376.1062057763338 662.10177500545979 3963.8973890393972 404.47837526351213 2705.02480532974 431.25711797177792 12214.735206730664
leaf_count=12069 4631 427659 5378 4806 2538 3021 4972 26352 4375 24536 2117 16631 2746 78606
internal_value=-0.000157511 -3.38332e-05 -0.00187212 -0.00342604 0.00360153 0.00965223 0.00553797 0.00307698 6.94315e-05 -0.0046506 -0.00320755 -0.00373979 -0.00527005 -0.00458572
internal_weight=106429 105398 28870.8 22489.9 6380.95 1919.62 5985.09 5182.71 1139.43 20570.3 16606.4 16201.9 13496.9 13065.6
internal_count=620437 608368 180709 142216 38493 12202 35955 31324 7396 130014 105478 103361 86730 83984
is_linear=0
shrinkage=0.05


Tree=66
num_leaves=15
num_cat=0
split_feature=0 73 73 73 70 71 84 58 71 73 71 71 70 71
split_gain=63.9607 49.0127 105.09 99.815 77.9182 216.511 117.788 74.8193 89.097 74.0207 70.3631 66.2297 150.617 147.098
threshold=0.012092667631804945 0.31674617528915411 0.32804124057292944 0.25739786028862005 0.0021610031835734849 0.0045858272351324567 1.5000000000000002 0.0077658842783421287 -0.011602019425481556 0.27927134931087499 -0.0058025477919727555 -0.0094460952095687372 0.019053208641707901 -0.0002741747885011136
decision_type=2 2 2 2 2 2 2 2 2 2 2 2 2 2
left_child=-1 3 -3 11 6 -6 10 8 -8 -7 -5 -2 13 -13
right_child=1 2 -4 4 5 9 7 -9 -10 -11 -12 12 -14 -15
leaf_value=-0.012380291459484464 -0.0038995646101497982 -0.017114994562023016 -0.00011389195569043861 0.020534275671817696 0.03541348551080048 -0.016414191802675119 -0.01496255775386208 0.015106284779220694 0.011765470635967428 0.012043756641572914 -0.0034207665820333473 0.018511932308019279 0.027901493949300811 -0.0049583410982191019
leaf_weight=1017.6618995070457 5434.9499789923429 908.324985422194 89172.798805981874 1168.3787510916591 820.74420626461506 381.36875610053539 1265.0272017419338 411.86820256710052 404.46717896312475 539.08183561265469 410.8389191403985 867.07523994892836 578.80776973813772 2785.2188243344426
leaf_count=12030 29255 5040 522380 5962 4103 2036 6765 2081 2120 2832 2156 4441 2967 14852
internal_value=3.30866e-05 0.000154393 -0.000287202 0.00279285 0.00822978 0.0169076 0.00406725 -0.00374321 -0.00845568 0.000203134 0.01432 -0.000250888 0.00443407 0.000648967
internal_weight=106167 105149 90081.1 15067.8 5401.78 1741.19 3660.58 2081.36 1669.49 920.451 1579.22 9666.05 4231.1 3652.29
internal_count=619020 606990 527420 79570 28055 8971 19084 10966 8885 4868 8118 51515 22260 19293
is_linear=0
shrinkage=0.05


Tree=67
num_leaves=15
num_cat=0
split_feature=1 72 69 68 72 71 71 72 69 72 69 68 71 71
split_gain=49.2551 45.6163 122.334 138.946 135.706 108.202 102.192 74.9558 104.362 73.2771 71.952 90.7992 87.7209 77.334
threshold=0.0056360953021794566 0.0062103387899696836 0.053651142865419395 0.043720271438360221 0.0056408173404634008 -0.0087504712864756567 0.012571706436574461 0.0040517377201467761 0.099168736487627043 0.0059443290811032065 0.086486265063285842 0.014688335824757816 0.0093693779781460779 0.0087351920083165186
decision_type=10 10 8 10 10 2 2 10 10 10 8 10 2 2
left_child=-1 2 3 4 -2 -6 10 8 -8 -7 11 -4 13 -13
right_child=1 -3 6 -5 5 9 7 -9 -10 -11 -12 12 -14 -15
leaf_value=-0.017104839461626511 0.01332427048814204 0.0006886937960507585 -0.010697827219038553 -0.023421194149604366 -0.023962419414737729 -0.0078218797281798032 -0.0027000360501771166 -0.00030143507401137387 0.027221539187746259 0.014106016280806153 -0.008311823913051037 0.0017187298278277354 -0.012834669115360962 0.025981822262300499
leaf_weight=410.21321209520102 3288.1815962716937 76592.839849244803 2245.0293378904462 391.07500357925892 468.18804384768009 741.51657608896494 523.3509840965271 4463.7894194126129 642.90494015067816 763.68180534988642 8726.328877132386 5639.9410317465663 994.11488725244999 338.86682527512312
leaf_count=5134 19775 428669 14355 2560 2729 4606 3640 28658 3972 4688 55446 36473 6526 2189
internal_value=-2.04223e-05 4.74158e-05 -0.00163279 0.00496746 0.00711792 -0.00323853 -0.00321683 0.0026568 0.0138856 0.00332319 -0.00506015 -0.00197622 0.000843119 0.003135
internal_weight=106230 105820 29227 5652.64 5261.57 1973.39 23574.3 5630.05 1166.26 1505.2 17944.3 9217.95 6972.92 5978.81
internal_count=619420 614286 185617 34358 31798 12023 151259 36270 7612 9294 114989 59543 45188 38662
is_linear=0
shrinkage=0.05


Tree=68
num_leaves=15
num_cat=0
split_feature=0 8 0 31 71 69 13 69 25 71 73 19 57 68
split_gain=55.5992 38.479 44.3877 43.5847 39.1397 50.6235 35.5475 51.9447 80.1234 80.0141 87.7374 60.1912 73.3439 42.8335
threshold=0.011147324927151205 1.0000000180025095e-35 0.018714291974902156 17.665984153747562 -0.0060752178542315951 0.1560144051909447 -0.12132228910923003 -0.1383535638451576 0.0088065885938704031 -0.047279346734285348 0.55171975493431102 0.0020330627448856835 0.040543710812926299 0.022496461868286136
decision_type=2 2 2 2 2 8 10 10 10 2 2 10 10 10
left_child=-1 2 4 -3 -2 -6 -4 8 9 -8 11 12 -11 -12
right_child=1 3 6 -5 5 -7 7 -9 -10 10 13 -13 -14 -15
leaf_value=-0.016271163260461581 0.0023069344769698261 -0.0014333324724305752 -0.01113448024937095 0.0049015913378985454 -0.0035491534505470513 -0.016612816127086146 -0.0046657308795421326 -0.00015738490499457632 -0.002082296145833439 0.044159567567914976 -0.010784121950293549 0.0057619332013856151 0.016982050945256569 0.012606869984023439
leaf_weight=517.70676106214523 2536.1919328272343 4180.256337583065 691.39507203549147 7717.0428738221526 8545.6065764501691 803.5100696310401 661.97071361541748 76129.650488726795 2221.9772763699293 433.24605110287666 368.96729610860348 408.05114559829235 614.06069833040237 394.87876082956791
leaf_count=7248 16689 24614 3742 46835 63267 6458 3486 423180 12442 2178 2050 1986 3046 2260
internal_value=-8.19109e-05 -1.09123e-06 -0.000340911 0.00267641 -0.00319504 -0.00468846 7.34958e-05 0.000170249 0.00504869 0.0105363 0.0150716 0.0222336 0.0285361 0.00131476
internal_weight=106225 105707 93809.5 11897.3 11885.3 9349.12 81924.2 81232.8 5103.15 2881.17 2219.2 1455.36 1047.31 763.846
internal_count=619481 612233 540784 71449 86414 69725 454370 450628 27448 15006 11520 7210 5224 4310
is_linear=0
shrinkage=0.05


Tree=69
num_leaves=15
num_cat=0
split_feature=5 2 13 54 58 74 1 74 69 73 74 74 69 74
split_gain=43.1598 57.9917 41.0462 43.9403 73.1091 71.82 52.7389 52.6253 99.7818 54.1474 46.2132 50.8074 44.1019 48.1938
threshold=0.71594694256782543 0.040185693651437766 -0.12132228910923003 0.49315090477466589 -0.004059380851686 0.017686319537460807 0.033781563863158233 0.0015181136550381782 0.14754705131053927 0.77497765421867382 0.0069592213258147248 0.014304503332823517 0.11196451634168626 0.00097623257897794258
decision_type=2 2 10 8 2 2 10 2 8 2 2 2 10 2
left_child=1 -1 -2 -4 -5 7 -7 9 10 12 -9 -12 13 -6
right_child=2 -3 3 4 5 6 -8 8 -10 -11 11 -13 -14 -15
leaf_value=-0.026696402525141077 -0.013070664999422908 0.0019248580499038718 -0.00069136432970279521 0.0047843162838785086 0.00092905614964063944 0.016216028249848493 -0.00029931594253511298 -0.0033964455625936094 -0.010979389143179035 0.0095642349475484213 0.0048175862318452847 -0.0087644260201213686 -0.0057443217946159236 0.014143664768670747
leaf_weight=341.44761902093887 578.11480516195297 353.99119217693806 61164.55753184855 11601.713332798332 10607.163571536541 1154.4665570966899 825.85794328153133 6573.0686238855124 2839.8939618840814 1863.6587824933231 4665.3367993347347 798.06680962815881 2333.8121068403125 728.12138518318534
leaf_count=2647 3148 1941 359195 64936 61197 6411 4520 38744 17586 10939 26745 4426 13866 4316
internal_value=1.95124e-05 -0.0123069 0.000101742 0.000175396 0.00138041 0.000160049 0.00936171 -0.000442069 -0.00256661 0.00159304 -0.000574229 0.00282121 0.000500038 0.00178961
internal_weight=106429 695.439 105734 105156 43991.2 32389.4 1980.32 30409.1 14876.4 15532.8 12036.5 5463.4 13669.1 11335.3
internal_count=620617 4588 616029 612881 253686 188750 10931 177819 87501 90318 69915 31171 79379 65513
is_linear=0
shrinkage=0.05


Tree=70
num_leaves=15
num_cat=0
split_feature=53 71 84 74 74 74 73 69 74 69 69 69 73 69
split_gain=53.0261 37.1431 75.7779 42.7968 55.5132 49.5745 58.7798 214.203 164.506 143.867 107.861 101.641 101.372 87.6395
threshold=-0.024381469003856179 0.048369815573096282 2.5000000000000004 0.037714263424277313 0.027833558619022373 0.024143439717590812 0.31221117079257971 0.042114155367016799 0.0021507190540432934 0.013193483930081131 0.049500988796353347 -0.10851569846272467 0.27927134931087499 -0.09301410615444182
decision_type=10 2 2 2 2 2 2 10 2 8 10 10 2 10
left_child=1 3 -3 4 5 6 7 8 11 12 -9 -1 -10 -13
right_child=-2 2 -4 -5 -6 -7 -8 10 9 -11 -12 13 -14 -15
leaf_value=0.0051412920213106464 -0.0034754232603357738 -0.013278241907821058 0.007687383003836379 -0.013259678881694367 0.015749868218106502 -0.01276365025646738 0.00017449064543256532 0.043043495009508964 0.012376969788456385 -0.0045118929026120129 0.011820753094749253 -0.026002937914703657 0.03847198457531751 -0.0042870938248310069
leaf_weight=2954.4976079799235 9412.0571234375238 1298.3302108235657 634.76930851489305 544.26090004295111 596.79069548845291 681.22844499722123 80301.802025794983 451.0660353153944 2061.2986340075731 1090.6639115251601 719.56578160822392 508.15359964966774 450.12817193195224 4571.2342073395848
leaf_count=15483 64493 7668 3652 2904 3185 3772 466778 2084 10530 5757 3554 2869 2246 24832
internal_value=0.000105444 0.000453712 -0.00638966 0.000593724 0.000675003 0.000577411 0.000676382 0.00382082 0.00176027 0.0106233 0.0241141 -0.00222186 0.0171881 -0.00650642
internal_weight=106276 96863.8 1933.1 94930.7 94386.4 93789.6 93108.4 12806.6 11636 3602.09 1170.63 8033.89 2511.43 5079.39
internal_count=619807 555314 11320 543994 541090 537905 534133 67355 61717 18533 5638 43184 12776 27701
is_linear=0
shrinkage=0.05


Tree=71
num_leaves=15
num_cat=0
split_feature=5 49 72 69 73 73 72 69 73 74 74 73 72 74
split_gain=41.8272 54.1377 39.4793 112.213 145.398 215.594 98.3729 174.822 189.563 97.6995 94.6398 115.101 90.5512 86.2373
threshold=0.71594694256782543 -0.087321944534778581 0.0062103387899696836 0.013193483930081131 0.38685362040996557 0.44920520484447485 0.0055949101224541673 0.05322465859353543 0.72511178255081188 -0.00030105040059424931 0.0071844139602035293 0.54215300083160411 0.0050333135295659312 0.005606443854048849
decision_type=2 2 10 8 2 2 10 8 2 2 2 2 10 2
left_child=1 -1 3 -2 -5 9 7 8 -7 -6 11 12 -9 -13
right_child=2 -3 -4 4 5 6 -8 10 -10 -11 -12 13 -14 -15
leaf_value=0.00022978683225547233 0.027169648143728294 -0.027429235553710692 0.00075237088434826035 -0.028424268198423953 0.03136479526719247 0.018076698953375984 -0.0075607134347305668 -0.023702073741687715 -0.020899536686614987 2.2177522574248412e-05 0.0074934147636094017 -0.0008381804211633839 -0.0034461605475628837 -0.017932835308549205
leaf_weight=401.15589395165443 329.5726784132421 306.26183589175344 76346.675802014768 491.73887510597706 705.31263811513782 2041.9770170412958 6402.0841211937368 1148.6267089433968 359.2385935857892 381.12296618521214 2237.6391487307847 13337.013519201428 1060.8860969617963 771.04642818495631
leaf_count=2214 1809 2515 427881 2949 4006 12400 40358 7311 2384 2081 14536 88054 6364 5236
internal_value=7.21313e-05 -0.01196 0.00015385 -0.00140723 -0.00174198 -0.00127088 -0.00214141 -0.000483026 0.0121831 0.0204702 -0.00212782 -0.00345097 -0.0140356 -0.00178449
internal_weight=106320 707.418 105613 29266.3 28936.7 28444.9 27358.5 20956.4 2401.22 1086.44 18555.2 16317.6 2209.51 14108.1
internal_count=620098 4729 615369 187488 185679 182730 176643 136285 14784 6087 121501 106965 13675 93290
is_linear=0
shrinkage=0.05


Tree=72
num_leaves=15
num_cat=0
split_feature=18 70 69 70 68 70 72 71 68 70 69 72 69 68
split_gain=45.7795 41.9977 92.3974 42.786 54.1354 40.8664 75.3016 49.6253 170.645 124.482 128.186 109.29 108.804 230.764
threshold=64.985385894775405 0.028627929277718071 -0.060190718621015542 -0.03048756159842014 -0.087453853338956819 0.021026453934609893 0.016601774841547016 -0.0083502870984375459 0.010974097531288864 -0.0091816666536033136 0.10951106622815134 0.019758761860430244 0.044376322999596603 -0.020773227326571938
decision_type=2 2 10 2 10 2 10 2 10 2 10 10 8 8
left_child=1 3 -3 4 -1 7 -7 8 11 -10 -11 12 -5 -14
right_child=-2 2 -4 5 -6 6 -8 -9 9 10 -12 -13 13 -15
leaf_value=0.0026437980649560121 -0.0026253296190171414 0.00395969551571837 -0.0275367980963395 -0.0038472140954512175 -0.018488145069606016 0.01898242366630927 -0.0035824649548497332 -0.00022002290299632287 -0.0076950741520314964 0.017532848385715571 -0.0046479946583911557 0.02062825850220297 0.035710630454362555 0.0015869706585819492
leaf_weight=555.58089713379741 14599.540025733411 516.38688477873802 410.86861496791244 10325.761409495026 651.03026109561324 811.09698237106204 667.62962247431278 65047.437682650983 801.53446762636304 3680.1038440056145 786.548688583076 616.91835977137089 528.79913873970509 6172.4169651418924
leaf_count=3377 92235 2806 2413 55776 4016 4333 3442 382602 4482 19936 4407 3146 2684 33577
internal_value=-2.60852e-05 0.000388559 -0.0101414 0.000497382 -0.00881624 0.000624004 0.00883898 0.000484909 0.00248544 0.010373 0.0136253 0.000125781 -0.000628733 0.0043289
internal_weight=106172 91572.1 927.255 90644.9 1206.61 89438.2 1478.73 87959.5 22912.1 5268.19 4466.65 17643.9 17027 6701.22
internal_count=619232 526997 5219 521778 7393 514385 7775 506610 124008 28825 24343 95183 92037 36261
is_linear=0
shrinkage=0.05


Tree=73
num_leaves=15
num_cat=0
split_feature=0 13 73 73 69 69 71 54 71 69 73 71 71 73
split_gain=44.9248 40.5711 36.3603 63.9927 60.6893 75.0065 66.7694 34.5207 90.876 77.9901 133.906 70.8846 58.1587 59.8028
threshold=0.01245876355096698 -0.12132228910923003 0.85966211557388317 0.85278713703155529 0.060013568028807647 1.0000000180025095e-35 0.02018368057906628 0.38150334358215338 -0.017622965388000008 0.085317432880401625 0.55456766486167919 -0.013617287389934061 -0.010008481796830891 0.37032879889011389
decision_type=2 10 2 2 10 10 2 8 2 8 2 2 2 2
left_child=-1 -2 3 7 5 -4 -7 -3 9 -9 -11 -10 13 -13
right_child=1 2 4 -5 -6 6 -8 8 11 10 -12 12 -14 -15
leaf_value=-0.0093671268996838204 -0.011874908976941174 -0.00069841301057699604 -0.01117667454929127 0.020580355590586633 -0.020233624692299737 -0.004213738359808851 0.025101685763974747 0.0037975032527559579 -0.0092922169834738621 0.032083252998291817 0.0010555821190216821 -0.0089727864146721195 0.00036119985527278834 0.012657266499040549
leaf_weight=1256.9047866240144 692.00213661044836 49598.54584428668 877.93080639839172 378.37328885495663 558.87970224767923 392.99897582083941 369.3662188872695 4847.1163021400571 1811.3918292298913 716.64067931473255 668.19484755396843 382.20680107921362 41890.064132153988 1764.0444026663899
leaf_count=14416 3788 285714 5472 2234 3616 2512 2144 25871 9939 3707 3705 2054 244774 9616
internal_value=-7.99494e-06 0.000104976 0.000185625 0.000322969 -0.00616067 -0.0012722 0.0101307 0.000245569 0.00114454 0.00680457 0.017227 0.000373872 0.000773496 0.00878161
internal_weight=106205 104948 104256 102057 2199.18 1640.3 762.365 101678 52079.7 6231.95 1384.84 45847.7 44036.3 2146.25
internal_count=619562 605146 601358 587614 13744 10128 4656 585380 299666 33283 7412 266383 256444 11670
is_linear=0
shrinkage=0.05


Tree=74
num_leaves=15
num_cat=0
split_feature=0 74 74 74 68 70 71 69 69 68 68 71 69 58
split_gain=43.248 36.0438 172.403 96.2353 369.687 89.1309 75.4926 78.2658 168.378 118.568 199.57 112.016 90.3591 65.4245
threshold=0.011147324927151205 0.0069592213258147248 0.0066241289023309955 0.0082235885784029978 0.0039483227301388988 0.0072991764172911653 -0.02404883503913879 -0.12452897801995276 -0.10851569846272467 -0.039554694667458527 -0.028108102269470688 0.023015679791569713 -0.063160825520753847 0.0092094019055366533
decision_type=2 2 2 2 8 2 2 8 8 8 8 2 8 2
left_child=-1 2 -2 4 5 -3 13 -8 -9 11 -11 -10 -12 -5
right_child=1 3 -4 6 -6 -7 7 8 9 10 12 -13 -14 -15
leaf_value=-0.014609549579171805 -0.00029010389533398832 0.04973532824079524 -0.019465744432912196 -0.019551871457236511 -0.00044455492555096172 0.020416752049042142 0.023382446872840103 -0.031261703982151168 0.026423061738045761 -0.026385830869529527 0.025158561925366935 -0.0043559745253129297 0.00070069605862105961 0.0021761623294515261
leaf_weight=503.42351383343339 79904.788314450532 470.52343592792749 1179.6118267849088 852.26985077559948 3019.3599644526839 617.41449691355228 374.23196952044964 396.05364915728569 846.16982059925795 668.93091455101967 376.80991193652153 447.62975993007421 15963.78744886443 576.07365876436234
leaf_count=7222 465879 2461 6928 4551 18193 3333 1835 2114 4318 3584 2003 2435 91637 3039
internal_value=-0.00013307 -6.27422e-05 -0.000571436 0.00161289 0.00858865 0.0334343 0.000211884 0.00104434 0.000585026 0.00129083 0.000176867 0.0158224 0.00127973 -0.0108344
internal_weight=106197 105694 81084.4 24609.3 4107.3 1087.94 20502 19073.6 18699.4 18303.3 17009.5 1293.8 16340.6 1428.34
internal_count=619532 612310 472807 139503 23987 5794 115516 107926 106091 103977 97224 6753 93640 7590
is_linear=0
shrinkage=0.05


Tree=75
num_leaves=15
num_cat=0
split_feature=27 0 70 74 5 74 69 71 74 69 70 70 70 74
split_gain=41.9843 73.342 57.2759 43.0779 92.5139 55.7959 89.0252 82.6673 71.9858 173.521 112.19 68.0059 84.2557 81.5207
threshold=0.75401410460472118 0.022464861162006858 -0.03048756159842014 -0.024679644964635369 1.0144075751304629 -0.019179445691406723 -0.051937524229288094 -0.054346878081560128 -0.014523303136229513 0.040939569473266609 -0.014948278665542601 -0.0094763874076306803 -0.011412478052079676 -0.0071576868649572125
decision_type=2 2 2 2 2 2 10 2 2 10 2 2 2 2
left_child=1 -1 -2 4 -4 6 -5 -7 9 10 -9 12 -10 -14
right_child=2 -3 3 5 -6 7 -8 8 11 -11 -12 -13 13 -15
leaf_value=-0.005482692882191627 -0.010618190010613907 -0.00014558719941153194 -0.009541614165519267 0.013015378027762049 0.021451021612014565 -0.013635168648088284 -0.01425497362702079 0.011671210827601957 -0.00037722092718725931 0.024357804823768842 -0.016343179521391492 0.0011996628513661087 -0.025443683192099182 0.0020712368068374295
leaf_weight=8510.3422978259623 1096.9962230361998 26327.517486348748 359.70552030578256 376.62884876132011 690.57416586950421 952.00965845957398 1332.4231726154685 715.45301572605968 2374.1885408833623 1086.6314194053411 694.6063206680119 60452.050100769848 818.8523190766573 396.57890377938747
leaf_count=58215 6816 144105 2106 1935 3829 5145 7761 3839 12964 5760 3868 356358 4589 2271
internal_value=-2.79978e-05 -0.00145056 0.000666729 0.000844437 0.0108466 0.000691083 -0.00820457 0.000917529 0.00112776 0.00943991 -0.00214681 0.000802286 -0.00587459 -0.0165223
internal_weight=106185 34837.9 71346.7 70249.7 1050.28 69199.4 1709.05 67490.4 66538.4 2496.69 1410.06 64041.7 3589.62 1215.43
internal_count=619561 202320 417241 410425 5935 404490 9696 394794 389649 13467 7707 376182 19824 6860
is_linear=0
shrinkage=0.05


Tree=76
num_leaves=15
num_cat=0
split_feature=18 54 71 4 71 71 73 73 53 71 71 73 73 71
split_gain=40.865 33.4829 93.5951 78.3882 57.2458 65.663 60.1426 100.273 77.0308 53.066 163.052 60.0597 77.5037 73.4356
threshold=65.616668701171889 0.49315090477466589 -0.017622965388000008 0.058333335444331176 0.012805075850337745 0.011539016384631397 0.42794576287269598 0.61408361792564403 -0.34219135344028467 -0.0302647091448307 -0.029227776452898976 0.31674617528915411 0.33967128396034246 0.014612289145588877
decision_type=2 8 2 8 2 2 2 2 10 2 2 2 2 2
left_child=1 9 3 -3 5 -4 -6 8 -8 -1 -11 13 -13 -12
right_child=-2 2 4 -5 6 -7 7 -9 -10 10 11 12 -14 -15
leaf_value=-0.0051592296576297931 -0.0027020408101120354 0.020974630868438496 -0.00034904539623021566 0.0047822752906905488 -0.0056764322495921624 -0.012067041545229319 0.025266128127227824 0.001377917793780378 0.0073307523726113925 0.033356059029154818 0.0074166337748308294 -0.012629844114831829 -0.00053846296849789708 -0.0043478213210550081
leaf_weight=5532.6928062438965 13484.476273495704 925.92858849838376 19520.089421622455 3762.239111803472 1521.9736486636102 1263.5590993799269 851.94859529286623 5998.361962325871 2004.9462346024811 353.56412500143051 4814.6555259972811 1357.4573531709611 43027.089788649231 1821.8898355811834
leaf_count=30304 85433 5153 112447 19769 8134 7441 4606 35360 11127 1814 24778 7481 256217 9816
internal_value=-0.000131204 0.000242783 0.00143946 0.00801816 0.000447439 -0.00106691 0.00347851 0.00505662 0.0127487 -0.000511191 -9.72299e-06 -0.000247431 -0.000911027 0.00418533
internal_weight=106241 92756.4 35849 4688.17 31160.9 20783.6 10377.2 8855.26 2856.89 56907.3 51374.7 51021.1 44384.5 6636.55
internal_count=619880 534447 204037 24922 179115 119888 59227 51093 15733 330410 300106 298292 263698 34594
is_linear=0
shrinkage=0.05


Tree=77
num_leaves=15
num_cat=0
split_feature=0 15 71 0 71 14 17 68 15 73 71 10 68 73
split_gain=41.7438 38.7757 33.3471 34.2618 41.9328 41.6809 30.3073 54.031 29.8895 36.3433 59.1639 78.4112 32.3976 86.6075
threshold=0.011147324927151205 15.661492347717287 0.048369815573096282 0.019055491313338283 -0.011068730149418114 0.2310341149568558 75.231578826904311 -0.0085332267917692644 15.750636100769045 0.077547188848257079 -0.031295219436287873 0.014989737421274187 -0.045510644093155854 0.31674617528915411
decision_type=2 8 2 2 2 8 10 8 10 2 2 2 10 2
left_child=-1 -2 3 4 -3 -6 7 -4 -5 10 -10 -12 -11 -14
right_child=1 2 6 8 5 -7 -8 -9 9 12 11 -13 13 -15
leaf_value=-0.014400641342564208 0.0020365916446590344 0.0043037762513363316 -0.012305521067678307 -0.0097106544464947708 -0.002931512546219896 -0.013891449326278846 -0.013307393721341041 0.013423580917709718 -0.0015450705211292341 -0.0038304108306311223 0.030286318027326425 0.0011776812130925801 0.0067867695182985237 -0.00015724527445464361
leaf_weight=491.83727838099003 19989.903550699353 1800.0877106562257 419.2583976984024 750.51507911086082 9391.8641372323036 947.2325618006289 935.72085152566433 378.92513858526945 968.4789345562458 4939.7968140766025 465.44974476099014 452.26549980044365 4847.4264171868563 59403.402865976095
leaf_count=7186 115662 11486 2427 4114 69273 7611 5562 2242 5278 26170 2219 2315 24749 333272
internal_value=-1.41198e-05 5.41849e-05 -0.000408402 -0.000266238 -0.0027219 -0.00394808 -0.00725187 -7.60721e-05 0.000149102 0.000254565 0.00708377 0.0161084 6.73983e-05 0.000367623
internal_weight=106182 105690 85700.4 83966.5 12139.2 10339.1 1733.9 798.184 71827.3 71076.8 1886.19 917.715 69190.6 64250.8
internal_count=619566 612380 496718 486487 88370 76884 10231 4669 398117 394003 9812 4534 384191 358021
is_linear=0
shrinkage=0.05


Tree=78
num_leaves=15
num_cat=0
split_feature=31 4 13 68 68 68 72 74 72 74 68 53 78 72
split_gain=36.4157 37.5092 34.9637 32.1302 42.7563 80.9535 45.6147 35.8612 67.8742 57.1793 34.1832 37.2915 30.5002 27.4685
threshold=17.506383895874027 0.075000002980232253 -0.12132228910923003 0.064782563596963896 0.041905201971530921 0.038458131253719337 0.0041028575506061324 0.0059964945539832124 0.0052601569332182416 0.0047167285811156043 0.039050797000527389 -0.043602606281638139 -0.019417944364249703 0.0061807022430002698
decision_type=2 8 10 10 10 10 10 2 10 2 10 8 8 10
left_child=-1 3 -3 4 5 12 -6 8 -8 -10 -7 -12 -2 -9
right_child=1 2 -4 -5 6 10 7 13 9 -11 11 -13 -14 -15
leaf_value=-0.0015687149953665974 -0.0045160913093391956 -0.011857313551257874 0.0017570875021755098 -0.015508939478524098 0.021760451015000695 -0.026979732641001355 -0.0096431654770339076 0.0071921954548155023 0.0061532504701006475 0.028388807963781217 -0.014546066650210011 0.0037901829340480997 6.2107953887724837e-05 -0.0097272851651135916
leaf_weight=29319.556450020522 4181.0282138735056 467.56718296930194 38529.281699381769 348.74636904522777 329.87309665605426 306.46723571419716 576.04032442346215 330.55942263826728 2011.0448905788362 329.81122238188982 815.08015372231603 412.39277698472142 27563.502939753234 810.69659822434187
leaf_count=168674 29958 2580 211652 2413 2162 2203 3913 2241 12868 2014 5095 3001 166623 5171
internal_value=-6.93911e-05 0.000501552 0.00159085 -0.000616003 -0.000474033 -0.00108607 0.00415949 0.0026788 0.00561398 0.00939353 -0.0122666 -0.00840481 -0.000542113 -0.00480673
internal_weight=106332 77012.1 38996.8 38015.2 37666.5 33278.5 4388.03 4058.15 2916.9 2340.86 1533.94 1227.47 31744.5 1141.26
internal_count=620568 451894 214232 237662 235249 206880 28369 26207 18795 14882 10299 8096 196581 7412
is_linear=0
shrinkage=0.05


Tree=79
num_leaves=15
num_cat=0
split_feature=54 71 74 3 71 71 69 68 71 69 68 84 69 68
split_gain=34.6501 84.982 93.0214 87.2519 44.9123 148.739 147.832 63.4461 97.805 66.6809 98.7168 94.3746 63.031 98.8664
threshold=0.49315090477466589 -0.017622965388000008 -0.020243629813194271 0.075000001117587103 -0.0302647091448307 -0.029227776452898976 -0.1383535638451576 -0.065314467996358858 -0.03858648054301738 0.031009006313979629 -0.014754017814993857 1.0000000180025095e-35 -0.067468378692865358 -0.087453853338956819
decision_type=8 2 2 2 2 2 10 10 2 10 10 2 10 10
left_child=4 3 -3 -2 7 -6 -7 8 12 11 -11 -9 13 -1
right_child=1 2 -4 -5 5 6 -8 9 -10 10 -12 -13 -14 -15
leaf_value=-0.00042425396479685176 0.017225702278995014 -0.020759483113123256 0.00040311603140977069 0.0028246398145280499 0.031347819613841366 0.027284507962849106 -0.00093796039247926637 0.0065266951256779081 0.023601856314691607 0.016743506559304493 -0.015948292930715775 -0.01846038481171465 0.01483001492605312 -0.029835734856211438
leaf_weight=1084.6506586894393 1464.2723635286093 516.25399683043361 39062.561982609332 3688.56907030195 354.40955191478133 457.94219632446766 55146.768284067512 460.13355920836329 395.11123064905405 502.15844970196486 410.63574380800128 1997.2283652536571 363.48522205278277 378.06300737336278
leaf_count=5947 8007 3073 227716 19403 1799 2061 327595 2508 2041 2712 2261 11109 2130 2060
internal_value=-0.000149932 0.000908963 0.000121903 0.0069424 -0.000919503 -0.000492126 -0.000700665 -0.00518815 0.00137032 -0.00950219 0.0020231 -0.0137741 -0.00354197 -0.00817712
internal_weight=106282 44731.7 39578.8 5152.84 61550.6 55959.1 55604.7 5591.47 2221.31 3370.16 912.794 2457.36 1826.2 1462.71
internal_count=620422 258199 230789 27410 362223 331455 329656 30768 12178 18590 4973 13617 10137 8007
is_linear=0
shrinkage=0.05


Tree=80
num_leaves=15
num_cat=0
split_feature=59 5 51 74 71 68 74 74 71 74 72 68 73 73
split_gain=38.939 34.4127 63.1962 32.248 49.4373 192.178 172.531 115.511 112.154 69.1766 111.074 77.65 175.119 195.797
threshold=7.5000000000000009 0.71594694256782543 -0.30944430828094477 -0.031177265569567677 -0.0083502870984375459 0.010974097531288864 -0.024679644964635369 -0.015288716182112692 -0.0077509512193500987 0.01998116355389357 0.019412958063185218 -0.045510644093155854 0.30328534543514257 0.2501190602779389
decision_type=8 2 10 2 2 10 2 2 2 2 10 8 2 2
left_child=1 2 -1 -3 5 6 -5 -7 -6 10 11 -8 13 -13
right_child=-2 3 -4 4 8 7 9 -9 -10 -11 -12 12 -14 -15
leaf_value=0.00293591552747095 -0.010463673983864503 -0.0078446361194715025 -0.027851542475808368 0.020681600423705614 -0.018563520633977197 -0.016659388769123634 -0.0088198121103570341 0.012021407153466982 -0.00017493587577844399 -0.014005203728202353 0.019274420549548577 -0.0037753337548119049 -0.0027184489765905064 0.022435722032241857
leaf_weight=359.16068532317877 873.54832094535232 1236.6381135322154 298.28259318694472 928.54602160677314 828.15919907018542 366.82902250438929 2875.4568961746991 5405.8150068372488 77560.887875214219 1002.0046885460615 668.54109521582723 1250.269950080663 10814.726034708321 1638.7311136201024
leaf_count=1992 4917 7492 2483 5221 4839 2070 15226 29557 462414 5342 3373 6619 59780 8121
internal_value=-1.08877e-05 7.68669e-05 -0.0112404 0.000149083 0.000245491 0.00218344 -0.00022552 0.0101732 -0.000371549 -0.00130002 -0.000554223 -0.00136493 0.000204617 0.0111185
internal_weight=106108 105234 657.443 104577 103340 24950.9 19178.3 5772.64 78389 18249.7 17247.7 16579.2 13703.7 2889
internal_count=619446 614529 4475 610054 602562 135309 103682 31627 467253 98461 93119 89746 74520 14740
is_linear=0
shrinkage=0.05


Tree=81
num_leaves=15
num_cat=0
split_feature=0 27 31 19 73 59 8 73 70 1 70 74 74 12
split_gain=40.3395 48.6053 32.1541 37.019 31.9698 31.4239 30.5609 27.7019 29.5542 27.1397 26.5198 26.1685 38.8737 46.1602
threshold=0.02561939507722855 0.66292607784271251 17.687108993530277 -0.01892293710261583 0.72329491376876842 7.5000000000000009 1.0000000180025095e-35 0.077547188848257079 -0.01270850235596299 0.0085891541093587893 -0.0025170268490910526 -0.021459922194480893 -0.024679644964635369 -1.0000000180025095e-35
decision_type=2 2 2 10 2 10 2 2 2 8 2 2 2 8
left_child=1 4 -2 -4 9 7 -3 8 -5 -1 -8 12 13 -9
right_child=2 6 3 5 -6 -7 10 11 -10 -11 -12 -13 -14 -15
leaf_value=-0.01500766715634597 -0.00053819895001064463 -0.00093745489986296149 -0.0039257826649238218 0.020761179477580397 -0.011431626878160605 -0.010243490078401585 0.0091159491478202404 -0.0077220976779893901 0.0027008682542512168 -0.0022199185069246268 0.00098395980213786998 0.0023684800431479722 -0.015414515538219277 0.014595824940846304
leaf_weight=438.36349080875516 25013.411838680506 28338.364608254284 2680.4852447807789 405.60763047635555 1439.9712143503129 495.32753406465054 1405.3726841658354 544.83709853887558 505.56459930539131 5663.1610858924687 3447.5863612405956 34907.481221228838 511.44399788975716 387.94896765053272
leaf_count=4134 136486 181525 14491 2050 10126 2779 9015 3228 2551 34778 23672 189754 3016 2229
internal_value=0.000102012 -0.00113318 0.000870767 0.0017422 -0.00475381 0.00214551 -0.000309347 0.0023129 0.0108785 -0.00316171 0.00335281 0.00209527 -0.00447929 0.00161637
internal_weight=106185 40732.8 65452.1 40438.7 7541.5 37758.2 33191.3 37262.9 911.172 6101.52 4852.96 36351.7 1444.23 932.786
internal_count=619834 263250 356584 220098 49038 205607 214212 202828 4601 38912 32687 198227 8473 5457
is_linear=0
shrinkage=0.05


Tree=82
num_leaves=15
num_cat=0
split_feature=5 0 13 73 68 70 73 70 70 68 68 70 70 70
split_gain=38.6681 56.8519 33.2963 42.044 104.223 141.371 103.019 81.3013 113.832 81.0944 78.9998 151.907 73.9949 76.1432
threshold=0.71594694256782543 0.043871765956282623 -0.12132228910923003 0.31674617528915411 -0.033042609691619866 0.013018271885812284 0.32804124057292944 0.0015410028281621637 0.0043556909076869496 -0.037996767088770859 -0.045510644093155854 0.0028099451446905736 -0.012401808984577654 -0.0091816666536033136
decision_type=2 2 10 2 10 2 2 2 2 10 10 2 2 2
left_child=1 -1 -2 4 9 7 -5 -6 -9 10 12 -12 -4 -14
right_child=2 -3 3 6 5 -7 -8 8 -10 -11 11 -13 13 -15
leaf_value=-0.027947660287084276 -0.011961427330625895 0.00091874459142950247 0.0062496209437285059 -0.017115183514561001 0.0087081638057848326 -0.016242908136824379 -9.6609587090886712e-05 0.045655731269129175 0.009489755869502365 -0.012053625264539623 0.0019528472000092903 0.034527574695039705 -0.024433491970166098 -0.0020203739925086658
leaf_weight=294.59977233409882 561.69491211697459 386.24208611249924 2825.1722872294486 888.1731958463788 2184.2337210141122 435.60278819873929 89291.007726799697 409.76731460914016 465.63453908264637 1184.4298714585602 1234.8055423758924 494.72621377557516 399.89463848248124 5055.4614369906485
leaf_count=2496 3126 2129 15530 5024 11063 2282 529162 1980 2430 6458 6635 2556 2215 26308
internal_value=-4.79054e-06 -0.0117955 7.24619e-05 0.000138052 0.00261763 0.0101415 -0.000266104 0.0139385 0.0267432 0.000261515 0.00172927 0.0114157 -0.000305232 -0.00370503
internal_weight=106111 680.842 105431 104869 14689.7 3495.24 90179.2 3059.64 875.402 11194.5 10010.1 1729.53 8280.53 5455.36
internal_count=619394 4625 614769 611643 77457 17755 534186 15473 4410 59702 53244 9191 44053 28523
is_linear=0
shrinkage=0.05


Tree=83
num_leaves=15
num_cat=0
split_feature=0 72 72 69 72 69 74 72 72 70 72 69 69 74
split_gain=34.344 33.4015 41.0432 75.0139 74.1318 51.6404 48.4107 47.9391 47.2283 69.5675 61.0835 43.0813 94.4012 92.5131
threshold=0.011147324927151205 0.002945420797914267 0.0037568438565358524 0.054717440158128745 0.0045173054095357665 0.058464035391807563 -0.00055760785471647967 0.0036549860378727321 0.0041028575506061324 0.0032531337346881632 0.003951302496716381 0.1011449657380581 0.093763429671525969 -0.010359329171478747
decision_type=2 10 10 8 10 10 2 10 10 2 10 10 10 2
left_child=-1 -2 3 -3 8 -5 -7 -8 9 -4 -11 12 -6 -13
right_child=1 2 4 5 11 6 7 -9 -10 10 -12 13 -14 -15
leaf_value=-0.013078494456602602 -0.010487873910013915 0.023209932007592561 -0.006182178519829655 -0.0075123616721966303 0.00043896238143053314 0.015340524635241737 -0.003604321223545637 0.015110535782699245 -0.0082606040322392195 -0.00067485459910191208 0.025383129273790873 0.01077327069609528 0.0078588736012053604 -0.0026397846538672863
leaf_weight=486.23703186586499 728.81379716098309 490.89983652532101 1448.7375850081444 934.97776675969362 69538.899265952408 915.66600319743156 1319.0235719867051 450.90872924774885 4265.7924234941602 481.3916697576642 411.25931392610073 1370.8209303244948 4558.4002016298473 18655.944231662899
leaf_count=7221 4980 3012 9199 6469 392575 5754 8679 2829 27262 3205 2575 7676 25244 112510
internal_value=4.44899e-05 0.000106164 0.000180802 0.00507134 -1.92953e-05 0.00255484 0.00607455 0.00122159 -0.00513475 0.000571188 0.0114787 0.000340299 0.000896428 -0.00171675
internal_weight=106058 105572 104843 4111.48 100731 3620.58 2685.6 1769.93 6607.18 2341.39 892.651 94124.1 74097.3 20026.8
internal_count=619190 611969 606989 26743 580246 23731 17262 11508 42241 14979 5780 538005 417819 120186
is_linear=0
shrinkage=0.05


Tree=84
num_leaves=15
num_cat=0
split_feature=15 54 69 74 74 72 72 71 71 69 69 58 69 71
split_gain=46.8287 33.7809 45.8643 38.5204 79.8306 63.007 54.8048 50.0051 53.0898 64.7422 107.768 67.5442 36.0241 61.0746
threshold=24.58119106292725 0.30002258718013769 0.13316312432289126 0.0069592213258147248 0.0066241289023309955 0.0052601569332182416 0.0045173054095357665 -0.016997806727886196 0.012805075850337745 0.093126293271780028 0.13783641904592517 -0.00068438463495112945 0.034159434959292419 -0.032646914944052689
decision_type=8 8 10 2 2 10 10 2 2 8 10 2 8 2
left_child=1 2 -1 4 7 6 -5 12 -9 -10 11 -11 -3 -14
right_child=-2 3 -4 5 -6 -7 -8 8 9 10 -12 -13 13 -15
leaf_value=-0.00065714066496652722 -0.0011288688092671057 0.0016419556586956088 0.0153082030728552 0.0043483196367912723 -0.020710468522168648 0.0036117231600876609 0.032103829214670705 -0.0010250218796620098 -0.00027167409587300161 0.022797157188497938 -0.0073052042785848609 0.0069072146925924591 0.029269315196592618 0.0070225487341027326
leaf_weight=25456.615373235196 43531.6977118738 1745.5044595971704 447.93475729972124 340.45943615585566 403.92799356579781 7869.7646249048412 370.8221317268908 16367.80195395276 4083.3432756774127 1151.8191826492548 786.1345064304769 1607.0825757980347 379.99911006167531 1530.2790466025472
leaf_count=149587 255745 9441 2493 2194 2368 44219 2227 96606 23692 6614 4521 9567 1979 8104
internal_value=0.00013021 0.00100663 -0.000375271 0.00198355 0.00108607 0.00491317 0.019063 0.00141184 0.000580689 0.00402281 0.00895625 0.0135995 0.00685097 0.0115773
internal_weight=106073 62541.5 25904.6 36636.9 28055.9 8581.05 711.282 27652 23996.2 7628.38 3545.04 2758.9 3655.78 1910.28
internal_count=619357 363612 152080 211532 162892 48640 4421 160524 141000 44394 20702 16181 19524 10083
is_linear=0
shrinkage=0.05


Tree=85
num_leaves=15
num_cat=0
split_feature=0 15 70 74 70 71 74 71 70 70 69 73 69 69
split_gain=34.3781 34.0417 33.9446 58.3736 50.8222 37.4373 51.7849 42.7699 56.4704 43.3558 37.0343 33.3168 37.0637 33.2947
threshold=0.012092667631804945 16.267513275146488 -0.0094763874076306803 -0.010187317151576279 -0.011412478052079676 0.012805075850337745 0.0022832845570519571 -0.00564309163019061 0.005321669392287732 0.0050036716274917134 0.066010147333145155 0.86850854754447948 0.04022012650966645 0.095767229795455946
decision_type=2 8 2 2 2 2 2 2 2 2 8 2 8 10
left_child=-1 2 4 -4 -2 7 -7 8 -5 13 -10 -3 -13 -9
right_child=1 11 3 5 -6 6 -8 9 10 -11 -12 12 -14 -15
leaf_value=-0.0093196264185769467 -9.8724232645746525e-05 -0.00017241975231881935 0.015969238403821719 0.0083506740049090131 -0.017943655464407307 0.010401981089109762 0.0013655920191989433 -0.0012568949185587505 -0.010322495256976203 0.0044744282912125939 0.0080634020546049446 0.0011029299781579892 -0.01503737193799046 -0.0090590385814751442
leaf_weight=953.6084179840982 2051.7685698345304 80876.26474674046 770.07697872072458 2962.8205457627773 485.34494119137526 2695.6877315714955 3837.9490035325289 4655.5179613903165 831.93293929845095 2249.1201406493783 397.1767340451479 639.26218067854643 788.20416199415922 1928.413272947073
leaf_count=11981 11343 466702 4180 16079 2706 15613 22207 28065 4442 13163 2176 3964 5176 11748
internal_value=8.15245e-05 0.000167646 0.00187386 0.00255464 -0.00356947 0.00201857 0.00510408 0.000468085 0.00462108 -0.00150581 -0.00436412 -0.000306549 -0.00785187 -0.00355239
internal_weight=106123 105170 22865.8 20328.7 2537.11 19558.6 6533.64 13025 4191.93 8833.05 1229.11 82303.7 1427.47 6583.93
internal_count=619545 607564 131722 117673 14049 113493 37820 75673 22697 52976 6618 475842 9140 39813
is_linear=0
shrinkage=0.05


Tree=86
num_leaves=15
num_cat=0
split_feature=70 70 70 71 2 5 27 1 70 70 71 70 71 54
split_gain=37.2404 39.2534 80.1823 36.8861 34.9329 35.8247 34.5112 42.5748 44.2105 100.85 52.4714 31.4882 48.1272 30.0639
threshold=-0.03048756159842014 -0.023792814463376995 -0.026119079440832135 -0.03858648054301738 0.027639755047857765 1.1625552773475649 0.80554369091987621 0.011120966635644438 -0.0094763874076306803 -0.006910554599016904 0.0025635707424953584 -0.011847462039440869 -0.010321858804672955 0.28282088041305548
decision_type=2 2 2 2 2 2 2 8 2 2 2 2 2 8
left_child=4 2 3 -2 -1 -6 7 -3 10 -10 11 12 -9 -12
right_child=1 6 -4 -5 5 -7 -8 8 9 -11 13 -13 -14 -15
leaf_value=-0.020873203028712602 0.0078768308432634847 -0.0062171529632108185 0.024808664822408115 -0.012400890121718605 0.0067412226596889118 -0.014046806955996733 0.00058605192855765121 -0.0046071798130284556 0.011006560504919917 -0.00089602360471403766 -0.027858811797221023 -0.013650431730236515 0.013725253903528299 -0.0080329877122111339
leaf_weight=393.53682259470224 537.21366658806801 3935.4227165617049 471.04630580917001 370.01940910890698 441.54199499636889 373.70902949571609 62304.277357451618 1270.4015411883593 1872.7053361162543 32500.345070287585 367.95889049768448 494.19202698767185 486.97325177490711 410.43102990835905
leaf_count=2456 2918 30833 2654 2047 2575 2469 364021 6754 9935 183874 2029 2662 2651 2278
internal_value=-0.000146106 -4.52549e-05 0.00830658 -0.000438568 -0.00883587 -0.0028427 -0.000157111 -0.00127706 -0.000755757 -0.000244537 -0.00653536 -0.00263552 0.000521703 -0.0176395
internal_weight=106230 105021 1378.28 907.233 1208.79 815.251 103643 41338.4 37403 34373.1 3029.96 2251.57 1757.37 778.39
internal_count=620156 612656 7619 4965 7500 5044 605037 241016 210183 193809 16374 12067 9405 4307
is_linear=0
shrinkage=0.05


Tree=87
num_leaves=15
num_cat=0
split_feature=0 68 71 71 73 9 6 71 73 71 14 54 14 71
split_gain=30.7487 29.1061 52.7022 93.0455 92.8396 30.6198 29.0271 27.0447 47.0733 52.6423 32.3644 44.8696 40.0193 36.2543
threshold=0.011147324927151205 0.063508495688438429 0.024155380204319957 0.03842632286250592 0.85278713703155529 0.037335375323891647 0.61409235000610363 0.048369815573096282 0.51737183332443248 0.055280340835452087 -0.034519566223025315 0.3091368973255158 0.035942830145359046 0.03842632286250592
decision_type=2 10 2 2 2 2 10 2 2 2 8 8 8 2
left_child=-1 7 5 4 -4 6 -3 10 -9 -10 -2 -12 -13 -14
right_child=1 2 3 -5 -6 -7 -8 8 9 -11 11 12 13 -15
leaf_value=-0.012654259381580935 0.001631751223848697 -0.0061527203512528458 -0.0040652035305418733 -0.016493221389570652 0.0324040913036771 0.0011341009866293065 -0.022029737757881439 -0.012714002913308448 -0.009292415860420818 0.01629156367179118 -0.0023642888892754402 0.0038060621457274013 -0.00036075203144191129 0.0095183011127400134
leaf_weight=476.37972117960453 28067.508298560977 529.23981533944607 344.42330497503281 371.66810323297977 339.6654836833477 387.94287882000208 649.8780510276556 1062.2725329250097 398.11448771879077 386.98611864447594 20273.445613689721 7412.4831818006933 44421.844607964158 938.51404304802418
leaf_count=7236 155234 3232 2077 2296 1997 2339 4217 6226 2365 2297 122234 42714 259632 5239
internal_value=-0.000111357 -5.35723e-05 -0.00524479 0.00337305 0.0142486 -0.0110354 -0.0150151 7.91645e-05 -0.00589958 0.00336455 0.00018897 -0.000365556 0.000402589 -0.0001543
internal_weight=106060 105584 2622.82 1055.76 684.089 1567.06 1179.12 102961 1847.37 785.101 101114 73046.3 52772.8 45360.4
internal_count=619335 612099 16158 6370 4074 9788 7449 595941 10888 4662 585053 429819 307585 264871
is_linear=0
shrinkage=0.05


Tree=88
num_leaves=15
num_cat=0
split_feature=72 68 71 69 71 71 69 68 70 74 74 71 74 69
split_gain=29.6754 69.6201 81.5054 77.7911 153.024 233.786 75.4653 120.029 60.7313 70.2258 123.477 108.684 102.231 176.044
threshold=0.021474678069353107 -0.074038576334714876 -0.035554688423871987 -0.09301410615444182 -0.011602019425481556 0.014774716459214689 -0.078645620495080934 -0.026530045084655281 -0.03048756159842014 -0.024679644964635369 -0.019179445691406723 -0.02308731339871883 -0.014051598962396382 -0.026822932995855805
decision_type=8 8 2 8 2 2 8 10 2 2 2 2 2 8
left_child=1 2 -1 4 -3 -6 7 -5 -8 11 -11 -10 13 -12
right_child=-2 3 -4 6 5 -7 8 -9 9 10 12 -13 -14 -15
leaf_value=0.0021073027890361425 -0.0047065299858729042 -0.034663339442743656 0.023858752067497258 -0.0020100508162137769 0.017833414266578893 -0.023956424316779096 -0.017489355210091855 0.032115173408300952 0.026792321788172993 -0.013531961830607415 0.038845074275020541 -0.0071811945738405984 -0.00013139569099456113 0.0044126433499141974
leaf_weight=1257.3985116146505 3255.1550637483597 465.88269026204944 646.79063675552607 562.78058843314648 710.26515438780189 615.18985564634204 483.79351359605789 463.5911998860538 585.65108478069305 1657.803594045341 411.84770420193672 383.4846132658422 91440.222613189369 3125.6614317521453
leaf_count=6813 17882 2597 3158 3046 3617 3352 3027 2504 3158 9731 2132 2239 539204 16927
internal_value=-1.37743e-05 0.00013525 0.0095816 -4.39431e-05 -0.0103413 -0.00159685 0.00014319 0.0135648 1.38123e-06 8.98597e-05 -4.51294e-05 0.013413 0.000191678 0.00851957
internal_weight=106066 102810 1904.19 100906 1791.34 1325.46 99114.8 1026.37 98088.5 97604.7 96635.5 969.136 94977.7 3537.51
internal_count=619387 601505 9971 591534 9566 6969 581968 5550 576418 573391 567994 5397 558263 19059
is_linear=0
shrinkage=0.05


Tree=89
num_leaves=15
num_cat=0
split_feature=0 73 73 68 71 26 71 71 68 68 68 73 71 71
split_gain=32.3341 30.8786 51.9517 76.6743 81.8002 71.9053 64.6255 118.553 86.7814 61.3457 56.197 49.5501 66.7961 45.9739
threshold=0.013344757258892061 0.71822267770767223 0.75795969367027294 0.053079243749380119 0.0052359711844474086 1.2253199815750124 0.036750210449099548 0.026164555922150615 0.066228810697793974 0.019180750474333767 0.050770904868841178 0.88675770163536083 0.019639994949102405 -0.0080220997333526594
decision_type=2 2 2 10 2 8 2 2 10 10 10 2 2 2
left_child=-1 -2 9 5 -5 -4 7 8 11 -3 13 12 -6 -11
right_child=1 2 3 4 6 -7 -8 -9 -10 10 -12 -13 -14 -15
leaf_value=-0.0062900421060587339 0.00048120795402041745 0.012484177083969192 0.0023419159880864009 -0.021521512392736478 0.011130659252474044 0.025646780330341824 -0.019851280068159026 0.019136830116395883 -0.018097365919150787 0.0084867220573768814 0.0025033901829411478 -0.014703198026780537 -0.0094254464794104754 -0.01043223507118967
leaf_weight=2020.2932694852352 85598.455690547824 442.22416032105684 6790.4458141103387 618.69735565036535 1223.9050186723471 338.16452787816525 448.07493653893471 657.32638024538755 804.38481204211712 338.32586336135864 1324.4507575854659 399.34847428649664 572.46626963466406 4513.2600057423115
leaf_count=21694 484847 2554 40818 3803 7468 1954 2784 3875 4966 1775 7974 2657 3534 28819
internal_value=-4.08221e-05 8.10862e-05 -0.00177241 0.000209833 -0.00472438 0.00348182 -0.00214692 7.02758e-05 -0.00415693 -0.00531742 -0.0066102 0.00100894 0.00456394 -0.00909818
internal_weight=106090 104070 18471.1 11852.8 4724.2 7128.61 4105.51 3657.43 3000.1 6618.26 6176.04 2195.72 1796.37 4851.59
internal_count=619522 597828 112981 71859 29087 42772 25284 22500 18625 41122 38568 13659 11002 30594
is_linear=0
shrinkage=0.05


Tree=90
num_leaves=15
num_cat=0
split_feature=1 74 69 72 71 72 74 71 71 72 72 69 84 71
split_gain=29.5105 28.9958 28.2339 136.543 238.282 142.602 136.982 205.214 127.409 124.498 152.369 101.023 89.4978 86.4402
threshold=0.0056360953021794566 -0.04474180564284324 0.015508298296481373 0.010299606714397671 -0.024940954521298405 0.011327308136969806 -0.0075559215620160094 -0.0033090977231040593 0.011539016384631397 0.012653355952352287 0.014212233014404775 0.020825006999075416 3.5000000000000004 0.015840217471122745
decision_type=10 2 8 10 2 10 2 2 2 10 10 8 2 2
left_child=-1 -2 3 4 -3 8 -6 -8 -5 12 -11 -4 13 -7
right_child=1 2 11 5 6 9 7 -9 -10 10 -12 -13 -14 -15
leaf_value=-0.013860616212857455 -0.013294631806898131 -0.008360830535126304 -0.0110716370020532 -0.0062256611808361485 0.00040964688652329558 0.010934963028561784 0.046320639379388989 0.01040885782855009 -0.038046049278452815 -0.0099799926704769535 0.0020307218276340486 -0.00010947678511944062 0.025474513078355271 -0.0087581300267818487
leaf_weight=375.79039287939668 398.95684554427862 1067.4538169056177 2148.9964045099914 1452.6361437961459 623.76848435401917 2098.6481747962534 775.20411284267902 821.56146677210927 393.54682899266481 3373.6752299070358 12014.204527050257 79170.736537400633 713.18709594756365 748.92392935231328
leaf_count=5137 2630 5794 12271 7965 3487 11049 4050 4774 2333 18198 64560 469897 3748 4162
internal_value=-5.70194e-05 -6.68583e-06 4.48665e-05 0.00154824 0.011 4.91999e-05 0.0203029 0.0280232 -0.0131772 0.00134413 -0.000607307 -0.000400494 0.00975537 0.00574307
internal_weight=106177 105801 105403 24082.8 3287.99 20794.8 2220.53 1596.77 1846.18 18948.6 15387.9 81319.7 3560.76 2847.57
internal_count=620055 614918 612288 130120 18105 112015 12311 8824 10298 101717 82758 482168 18959 15211
is_linear=0
shrinkage=0.05


Tree=91
num_leaves=15
num_cat=0
split_feature=73 73 73 68 71 84 71 72 74 74 74 68 74 68
split_gain=36.4173 59.7932 199.084 142.651 136.716 135.82 99.5779 99.5132 86.4626 86.1163 101.465 82.5415 72.2104 62.0967
threshold=0.68957170844078075 0.57541298866271984 0.57667362689971935 0.012093733064830305 -0.0083502870984375459 3.5000000000000004 -0.0025925494264811273 0.017434634268283847 -0.010359329171478747 -0.0013943459489382801 0.0059964945539832124 0.021875415928661827 -0.0014478921657428143 0.018985471688210968
decision_type=2 2 2 10 2 2 2 10 2 2 2 10 2 10
left_child=1 -1 -3 -4 5 9 12 8 -8 11 -11 -5 13 -6
right_child=-2 2 3 4 6 -7 7 -9 -10 10 -12 -13 -14 -15
leaf_value=-0.00057135110278320881 -0.0017732556313579347 0.036900222394573599 -0.008598281199837899 -0.020082060591944634 0.018953081673771435 0.035455763452980231 0.024325444493667712 -0.023211859179998615 0.0029067258804904941 0.037389842151172845 0.0025458015225994068 0.0083252985588109993 -0.015832559755666564 -0.0062142557112373036
leaf_weight=53449.585150267929 25192.395526941866 399.52087313681841 2944.2016060315073 377.54827398061752 341.03158964589238 563.90607335790992 473.83733429014683 346.5135754160583 18380.9863242805 405.37746858969331 423.53256803750992 741.88527060672641 1287.2744824439287 802.47502943873405
leaf_count=297723 157544 2279 17402 2248 2081 3013 2532 1947 111713 2138 2393 4022 7894 4832
internal_value=-0.000113506 0.000403257 0.00229787 0.0017741 0.00304196 0.0140588 0.00175661 0.00296449 0.00345761 0.00771646 0.0198288 -0.00134855 -0.00775775 0.00139072
internal_weight=106130 80937.7 27488.1 27088.6 24144.4 2512.25 21632.1 19201.3 18854.8 1948.34 828.91 1119.43 2430.78 1143.51
internal_count=619761 462217 164494 162215 144813 13814 130999 116192 114245 10801 4531 6270 14807 6913
is_linear=0
shrinkage=0.05


Tree=92
num_leaves=15
num_cat=0
split_feature=15 73 27 72 72 70 84 21 0 73 59 73 73 73
split_gain=34.8503 52.3235 34.1633 36.4858 85.3896 59.3547 80.831 47.8943 39.1137 34.7728 34.1676 50.0969 76.6443 66.1493
threshold=26.291386604309086 0.85966211557388317 0.44151286780834204 0.013089691288769247 0.012272980064153673 0.0066330560948699721 1.5000000000000002 21.656651496887211 0.024015723727643493 0.68263044953346264 1.0000000180025095e-35 0.43692485988140112 0.49487873911857611 0.35611790418624883
decision_type=8 2 2 10 10 2 2 10 2 2 10 2 2 2
left_child=2 -2 9 4 -4 7 -7 -6 -9 -1 11 13 -13 -5
right_child=1 -3 3 10 5 6 -8 8 -10 -11 -12 12 -14 -15
leaf_value=-0.0012767666673239942 -0.00098318111203765548 -0.01367428752419393 0.00090468782433874369 -0.0040699591016536705 0.00096018478725613549 -0.014795808779025614 0.012361029818829163 0.0052928674422078282 0.022824284231258148 -0.014669647981978324 0.00035056962500418161 0.019423117573255405 -0.0052757018873796808 -0.020379255282805209
leaf_weight=1588.0266485922039 36247.287357822061 820.86634881421924 50450.005605567247 2262.6097442544997 535.6175918392837 504.7750101685524 575.84223498031497 441.1301141679287 1203.1365190446377 688.93271210417151 8318.0701516531408 454.8503377251327 959.7171040661633 851.09290007129312
leaf_count=8875 213016 5477 299074 12217 2924 2803 3161 2756 6360 4290 45026 2494 5422 4770
internal_value=-3.20217e-05 -0.00126784 0.000633572 0.000839921 0.00141243 0.00924193 -0.00034375 0.0139736 0.0181813 -0.00537544 -0.00155296 -0.00504266 0.00274673 -0.00857888
internal_weight=105902 37068.2 68833.8 66556.8 53710.5 3260.5 1080.62 2179.88 1644.27 2276.96 12846.3 4528.27 1414.57 3113.7
internal_count=618665 218493 400172 387007 317078 18004 5964 12040 9116 13165 69929 24903 7916 16987
is_linear=0
shrinkage=0.05


Tree=93
num_leaves=15
num_cat=0
split_feature=5 51 59 72 72 72 73 73 73 72 73 73 70 71
split_gain=39.0099 45.4505 29.0552 28.5454 83.0824 142.004 207.169 111.543 98.2137 71.9683 106.476 187.14 130.3 95.2413
threshold=0.71594694256782543 -0.3244954496622085 6.5000000000000009 0.011327308136969806 0.010434513911604883 0.010200759395956995 0.46996656060218817 0.35068200528621679 0.77497765421867382 0.0091536296531558054 0.44729243218898779 0.50994113087654125 0.011142774950712921 -0.012753691989928482
decision_type=2 10 8 10 10 10 2 2 2 10 2 2 2 2
left_child=1 -1 3 4 5 9 -7 -6 -9 -2 -11 -12 13 -13
right_child=2 -3 -4 -5 7 6 -8 8 -10 10 11 12 -14 -15
leaf_value=-0.00027111727027540934 0.00032765172161137611 -0.026059576043666734 -0.0067701861069705124 0.0015136173813478833 -0.023356912991418961 0.044294952865174195 0.0018885454627178642 -7.4188027561388422e-05 -0.027441691458920309 0.0038912763701783484 -0.025118458997416018 -0.020048773312624321 -0.030099124558311971 0.0037035121236921524
leaf_weight=381.55371260270476 61863.003782063723 299.71413351595402 1512.2966699302197 29181.028447654098 838.22938872128725 431.78406839817762 830.13112633675337 3008.3822091445327 357.92423713952303 2330.4270644038916 1318.2501959614456 487.32614368572831 390.80302867665887 2777.965432677418
leaf_count=2118 375041 2574 8533 159014 4587 2215 4877 17022 2198 12735 7495 2689 2308 15883
internal_value=9.72252e-06 -0.0118292 8.74137e-05 0.000187952 -0.000330499 7.75492e-05 0.0166327 -0.00714964 -0.00305671 -0.000226849 -0.00491686 -0.0090429 -0.00319395 0.00010823
internal_weight=106009 681.268 105328 103815 74634.2 70429.7 1261.92 4204.54 3366.31 69167.8 7304.77 4974.34 3656.09 3265.29
internal_count=619289 4692 614597 606064 447050 423243 7092 23807 19220 416151 41110 28375 20880 18572
is_linear=0
shrinkage=0.05


Tree=94
num_leaves=15
num_cat=0
split_feature=72 73 72 72 68 53 68 73 68 73 72 72 74 58
split_gain=33.4106 41.515 33.8542 56.9467 65.0167 55.0635 49.9262 61.0692 94.1143 49.3586 126.305 121.977 103.515 86.0619
threshold=0.002945420797914267 0.66657599806785595 0.0037568438565358524 0.0045173054095357665 0.053079243749380119 -0.17658192664384839 0.042158441618084914 0.56853005290031444 -0.0014465640415437517 0.71822267770767223 0.0054202263709157714 0.0058709785807877788 0.0077195898629724988 -0.0085246786475181562
decision_type=10 2 10 10 10 10 10 2 10 2 10 10 2 2
left_child=1 -1 5 4 6 -2 7 8 -4 10 12 -11 13 -5
right_child=2 -3 3 9 -6 -7 -8 -9 -10 11 -12 -13 -14 -15
leaf_value=-0.024089772490035147 -0.0023886378981195417 -0.000318025771893084 0.010844867375487522 0.022667652881593083 0.015714834551589559 0.0092421036779551501 -0.01784083289978089 -0.00066761724832740054 -0.018184544796569939 -0.011253193239838227 0.00014642796485579072 -0.00019207525255633435 0.024457642388971888 0.0030718107265491779
leaf_weight=310.51666348800063 1710.6435181722045 430.78487247601151 346.71114042773843 613.19524052739143 365.43181397765875 2489.6732804179192 739.28503835946321 3921.5126811750233 1312.288125179708 3042.1162450425327 70819.661002408713 13593.170401927084 762.75852208957076 5607.4637275524437
leaf_count=2099 10883 3214 1988 3467 2350 17012 4773 26064 8470 20452 397108 81533 4674 35644
internal_value=4.29504e-05 -0.0104636 0.000117885 -6.50122e-05 -0.00452105 0.00451088 -0.00571414 -0.0040786 -0.0120891 0.000250873 0.000779476 -0.00222038 0.00718991 0.00503673
internal_weight=106065 741.302 105324 101124 6685.23 4200.32 6319.8 5580.51 1659 94438.4 77803.1 16635.3 6983.42 6220.66
internal_count=619731 5313 614418 586523 43645 27895 41295 36522 10458 542878 440893 101985 43785 39111
is_linear=0
shrinkage=0.05


Tree=95
num_leaves=15
num_cat=0
split_feature=27 72 73 69 72 72 71 71 69 71 69 71 69 71
split_gain=32.5768 52.3978 63.8354 69.2929 127.386 61.7888 56.1619 98.0046 113.909 88.032 83.9827 64.4099 73.6591 59.765
threshold=0.8639521896839143 0.011327308136969806 0.35068200528621679 0.027397851459681991 0.010299606714397671 0.0072508121374994525 -0.0010708022746257482 -0.012753691989928482 -0.032438075169920914 0.0044199428521096715 0.0083855912089347857 0.017340694554150108 -0.099995519965887056 -0.0071734928060322991
decision_type=2 10 2 8 10 10 2 2 10 2 10 2 8 2
left_child=1 2 -1 4 5 -4 7 -3 13 -8 -10 -11 -13 -9
right_child=-2 6 3 -5 -6 -7 9 8 10 11 -12 12 -14 -15
leaf_value=-0.010376476662210848 0.00075547509275739977 0.00037897912697947689 0.0040931553337665121 -0.0021474214787301975 -0.010166661134299326 0.023366425329820289 -0.013949523066844501 0.013506881830735699 -0.013605641112341067 0.00766259043976037 0.014263847919201511 -0.023386578558192025 -0.00047515417871768349 0.039805904519398402
leaf_weight=2148.212504543364 56385.069931611419 3419.8868678621948 790.65350980311632 30552.220016304404 768.18573461845517 879.3636087179184 1118.5559570528567 424.81547657772899 428.41523957997561 2469.9969195462763 696.14382409676909 366.42582801729441 5160.4944016933441 464.3663448356092
leaf_count=11580 329549 18089 4795 185263 4444 4838 6113 2241 2300 13543 3742 1989 28819 2293
internal_value=-6.70185e-05 -0.00100034 -0.00204496 -0.00149947 0.00659541 0.0143204 0.00152229 0.00554095 0.0142622 -0.000876635 0.00362027 0.000967052 -0.00203364 0.0275312
internal_weight=106073 49687.7 35138.6 32990.4 2438.2 1670.02 14549.1 5433.63 2013.74 9115.47 1124.56 7996.92 5526.92 889.182
internal_count=619598 290049 210920 199340 14077 9633 79129 28665 10576 50464 6042 44351 30808 4534
is_linear=0
shrinkage=0.05


Tree=96
num_leaves=15
num_cat=0
split_feature=0 27 72 15 71 69 74 73 68 68 68 68 72 69
split_gain=31.3743 63.5055 36.5298 33.2689 32.6394 28.9697 56.5057 99.4534 69.8146 59.0717 86.7311 58.1627 68.1294 54.2969
threshold=0.019612070173025135 0.9365563988685609 0.0041727018542587766 27.964147567749027 -0.010008481796830891 0.1011449657380581 -0.0032618859549984332 0.7626253366470338 0.015907374210655693 0.024959823116660122 0.022742189466953281 0.035015830770134933 0.0071132583543658265 0.093763429671525969
decision_type=2 2 8 8 2 10 2 2 10 10 10 10 10 10
left_child=1 2 3 -1 -3 13 7 9 -8 10 -7 12 -11 -2
right_child=5 4 -4 -5 -6 6 8 -9 -10 11 -12 -13 -14 -15
leaf_value=0.0073355820384029859 0.00056195014970779908 0.0079171969953917131 -0.0059335892208406084 -0.0083001706318648252 -0.00012850934325656058 0.0010725324810247582 0.011697698325366383 0.01889491883184341 -0.0039713550792503946 -0.020365344413909428 0.027883787312186117 0.0021773388364464594 0.0046778014163404748 0.0062868719733598496
leaf_weight=1069.0718788616359 65629.627644792199 1550.4544786289334 8081.5816183947027 487.35639536753297 6556.7787042409182 1246.6519456654787 744.86388422548771 825.63090641796589 12306.308372318745 841.35873205214739 388.27621740102768 1511.3440637588501 394.06198154389858 4410.8975519165397
leaf_count=8379 359084 9925 59379 4062 49370 6871 4095 4484 72302 5030 2156 8455 2254 23762
internal_value=7.53412e-05 -0.0018425 -0.00458381 0.00241791 0.00141804 0.000460931 -0.00131239 0.00308718 -0.00306881 7.23272e-05 0.00757069 -0.00440212 -0.0124039 0.000923331
internal_weight=106044 17745.2 9638.01 1556.43 8107.23 88299 18258.5 5207.32 13051.2 4381.69 1634.93 2746.76 1235.42 70040.5
internal_count=619608 131115 71820 12441 59295 488493 105647 29250 76397 24766 9027 15739 7284 382846
is_linear=0
shrinkage=0.05


Tree=97
num_leaves=15
num_cat=0
split_feature=31 14 54 74 70 70 69 74 74 4 70 74 69 69
split_gain=32.126 26.0648 43.1617 52.8851 40.7181 38.5135 34.8445 54.8568 32.4467 30.0463 27.1875 24.8593 27.8189 25.0205
threshold=17.676752090454105 -0.057374905794858926 0.29127158224582678 0.017686319537460807 -0.0019094167510047553 0.015137062873691322 0.15165715664625171 0.0015181136550381782 0.0013277027173899116 0.058333335444331176 -0.0013412932166829703 -0.019179445691406723 -0.078645620495080934 -0.012004304677247999
decision_type=2 8 8 2 2 2 8 2 2 8 2 2 10 10
left_child=-1 11 -3 4 8 -5 10 9 -4 -8 -6 12 -2 -13
right_child=1 2 3 5 6 -7 7 -9 -10 -11 -12 13 -14 -15
leaf_value=-0.0011876584066558748 0.0051331511624988745 -0.0019947908986464669 0.0023123691173127054 0.020789494051606641 -0.0073337411064668392 0.0045900426727137908 -0.0072295384044470459 -0.010292598373203546 0.012698276318653015 0.0082805537554212095 0.00066528960802722927 0.0060827560794657213 -0.012947448363896259 0.0015799533939620356
leaf_weight=35957.687480315566 348.48216468840837 16533.464743308723 11541.327392350882 522.91703149303794 1113.0760694220662 1204.4371919371188 480.04722387716174 2071.1406922638416 795.32113109901547 852.88306657969952 19612.660324539989 4438.678596906364 519.29980839788914 10101.296310659498
leaf_count=207482 1882 101010 65946 2957 6814 6597 3427 13034 4410 4907 118130 23272 3122 56950
internal_value=2.72895e-05 0.000650264 0.000138665 0.00106248 0.000656246 0.00958549 -0.000538513 -0.00521899 0.00299167 0.00268244 0.000232372 0.00246616 -0.00571092 0.00295778
internal_weight=106093 70135 54727.3 38193.8 36466.5 1727.35 24129.8 3404.07 12336.6 1332.93 20725.7 15407.8 867.782 14540
internal_count=619940 412458 327232 226222 216668 9554 146312 21368 70356 8334 124944 85226 5004 80222
is_linear=0
shrinkage=0.05


Tree=98
num_leaves=15
num_cat=0
split_feature=74 15 73 71 73 74 74 74 68 73 74 69 69 69
split_gain=34.329 33.8159 38.048 36.6315 36.9153 43.4629 65.227 57.9419 48.6591 34.4351 39.4991 63.5852 113.247 53.445
threshold=-0.04474180564284324 23.456728935241703 0.85966211557388317 -0.054346878081560128 0.15441858023405078 -0.019179445691406723 -0.017591366544365879 -0.023091642186045643 0.0070165519136935481 0.7626253366470338 -0.002975680166855454 0.12276769429445268 0.061054084450006492 0.086486265063285842
decision_type=2 8 2 2 2 2 2 2 10 2 2 8 10 10
left_child=-1 3 9 -2 -5 7 -7 8 -6 -3 -11 12 -12 -14
right_child=1 2 -4 4 5 6 -8 -9 -10 10 11 -13 13 -15
leaf_value=-0.014581874287470254 -0.010361852702380912 -0.0011936878500457444 -0.010485354433649681 0.009228336069866637 0.0092945341401519301 0.021422241658709713 0.00087680142749578917 -0.017331467278059998 -0.012718118396492917 0.012046348313856514 -0.0050395958971764833 -0.0070130571297287855 0.034334500512929633 0.0092011331940145911
leaf_weight=394.46260566264391 712.76961028203368 42459.886596418917 1018.4993772804737 1310.7021342180669 640.44429329782724 379.13231297954917 53737.644513968378 753.01532093435526 398.88760677352548 1019.449331920594 939.45547701790929 1439.9130859188735 361.44817685708404 515.78440089151263
leaf_count=2622 3855 247671 6811 6726 3689 1982 313257 4491 2433 5941 5861 8870 2240 3392
internal_value=-4.29508e-05 1.26883e-05 -0.000972287 0.000824642 0.000965774 0.000770456 0.00102467 -0.0068682 0.000805556 -0.000762774 0.00350887 0.000807599 0.00701074 0.0198272
internal_weight=106081 105687 47754.4 57932.6 57219.8 55909.1 54116.8 1792.35 1039.33 46735.9 4276.05 3256.6 1816.69 877.233
internal_count=619841 617219 280786 336433 332578 325852 315239 10613 6122 273975 26304 20363 11493 5632
is_linear=0
shrinkage=0.05


Tree=99
num_leaves=15
num_cat=0
split_feature=70 68 72 68 69 68 72 71 72 72 73 69 69 74
split_gain=28.6561 58.413 29.7226 91.9553 99.7237 147.472 93.6821 91.5224 82.6188 82.509 83.2924 187.138 145.454 101.509
threshold=-0.03048756159842014 -0.087453853338956819 0.021474678069353107 -0.074038576334714876 -0.09301410615444182 -0.039554694667458527 0.019033129326999191 -0.060255499556660645 0.018433386459946636 0.018433386459946636 0.30328534543514257 0.042114155367016799 0.013193483930081131 0.0021507190540432934
decision_type=2 10 8 8 8 10 10 2 10 10 2 10 10 2
left_child=1 -1 3 7 5 6 -5 -2 -9 10 11 12 13 -6
right_child=2 -3 -4 4 9 -7 -8 8 -10 -11 -12 -13 -14 -15
leaf_value=0.0043214635823759723 -0.0043192755493569454 -0.017719433539891988 -0.0048568498067758127 -0.031426531297685523 8.9635182370867206e-05 0.0098315801200084957 -0.0030641590122553008 0.0092809973455524174 0.037585092663107028 0.011929193687262585 -0.00027626004435414608 0.02514399355617038 -0.015334708029046544 0.014125451623619027
leaf_weight=551.37414298579097 565.44069518893957 642.58883707970381 2852.0428872741759 783.67904911935329 3490.6685814671218 554.104183036834 463.53115297108889 672.78145483136177 417.64825528115034 1499.6008065715432 89445.860166423023 1007.1556826531887 1003.5969609431922 2031.6665210947394
leaf_count=3414 2931 4119 15384 4334 18568 2921 2387 3357 2067 8085 531161 4663 5550 10346
internal_value=8.03804e-05 -0.00758956 0.000168488 0.000309554 0.000115995 -0.0115096 -0.0209937 0.0119605 0.0203649 0.000329791 0.000149216 0.00519487 0.00208234 0.00526961
internal_weight=105982 1193.96 104788 101936 100280 1801.31 1247.21 1655.87 1090.43 98478.5 96978.9 7533.09 6525.93 5522.34
internal_count=619287 7533 611754 596370 588015 9642 6721 8355 5424 578373 570288 39127 34464 28914
is_linear=0
shrinkage=0.05


Tree=100
num_leaves=15
num_cat=0
split_feature=0 72 70 69 70 69 72 69 69 70 70 69 69 72
split_gain=27.2365 36.8951 27.6448 65.2043 26.3323 29.6154 33.8432 30.1257 43.8086 38.6573 42.6322 84.7878 84.2767 122.143
threshold=0.013575550634413959 0.0069898187648504981 0.028627929277718071 -0.060190718621015542 -0.044312106445431702 -0.1383535638451576 0.019033129326999191 -0.12452897801995276 -0.12024196237325667 -0.03048756159842014 -0.023792814463376995 -0.051937524229288094 -0.09301410615444182 0.019412958063185218
decision_type=2 8 2 10 2 8 10 8 8 2 2 10 8 10
left_child=1 -1 4 -4 -2 6 -6 -7 -9 -10 11 -11 13 -12
right_child=2 -3 3 -5 5 7 -8 8 9 10 12 -13 -14 -15
leaf_value=-0.002121203332189276 -0.013281349413618372 -0.017641827571246309 0.0038612443175753252 -0.022155195635001228 0.017997013507154311 -0.009135909982740012 0.0012046812337252839 0.016920746156128257 -0.012292659779522553 0.028021346898127786 -0.022219111455235408 -0.00043881555140274178 0.00026495988059989237 0.010577559749088902
leaf_weight=1803.3786005079746 353.18074456602335 477.35996771603823 508.5943688005209 443.22947651147842 485.90123477578163 863.21118795871735 763.68128346651793 379.81316511332989 612.72177387773991 399.70655165612698 930.40901452302933 723.5702515617013 96921.49514182657 399.54888794571161
leaf_count=18877 2570 5245 2786 2670 2276 4460 3599 1921 3790 2146 5143 4087 558158 2105
internal_value=-3.96714e-05 -0.00543251 7.93514e-05 -0.00835805 0.000158253 0.000205862 0.00782543 0.000111043 0.000191473 0.00012624 0.000204041 0.00984634 9.28129e-05 -0.0123609
internal_weight=106066 2280.74 103785 951.824 102833 102480 1249.58 101230 100367 99987.5 99374.7 1123.28 98251.5 1329.96
internal_count=619833 24122 595711 5456 590255 587685 5875 581810 577350 575429 571639 6233 565406 7248
is_linear=0
shrinkage=0.05


Tree=101
num_leaves=15
num_cat=0
split_feature=27 0 72 70 72 69 69 28 69 70 70 70 73 4
split_gain=36.5102 46.7241 38.8937 37.9823 38.1085 39.1365 43.2705 54.2102 38.9105 58.7759 37.9367 52.154 37.5317 44.6011
threshold=0.81182986497879039 0.014589797705411913 0.021474678069353107 -0.03048756159842014 0.019412958063185218 -0.09301410615444182 -0.1383535638451576 0.94415256381034862 -0.048130543902516358 0.010040354914963247 -0.011412478052079676 -0.0058640849310904733 0.68766510486602794 0.30833333730697637
decision_type=2 2 8 2 10 8 10 2 8 2 2 2 2 8
left_child=1 -1 3 -2 5 6 -5 -8 9 10 -7 -12 -3 -14
right_child=2 12 -4 4 -6 8 7 -9 -10 -11 11 -13 13 -15
leaf_value=-0.0099639381433677329 -0.010481552429127121 0.00025646337048868044 -0.0062568014968684867 0.0068962532691600881 0.012341510179869253 0.015739925513160939 0.0032304582301567325 -0.020267956258798913 0.0011277217650793984 0.025513008090773184 -0.013444326105131186 0.0074964813890590985 -0.0048873628656642227 0.0032581458483446402
leaf_weight=1372.3865596204996 680.09645833447576 30807.728436373174 1798.0476116687059 407.52994114160538 763.8512821495533 483.44655045121908 372.89872469007969 694.47968029230833 56565.771446563303 382.47037801519036 477.02850269526243 753.43491308018565 8219.7970457971096 2104.2428355067968
leaf_count=13750 4345 171479 10095 1894 3971 2624 1995 3784 333389 1993 2541 3994 51004 12108
internal_value=0.000211493 -0.000922137 0.000971769 0.00118381 0.00131578 0.00117371 -0.00684354 -0.0121048 0.00137641 0.00804946 0.00402696 -0.000664828 -0.000618104 -0.0032256
internal_weight=105883 42504.2 63379.1 61581 60900.9 60137.1 1474.91 1067.38 58662.2 2096.38 1713.91 1230.46 41131.8 10324
internal_count=618966 248341 370625 360530 356185 352214 7673 5779 344541 11152 9159 6535 234591 63112
is_linear=0
shrinkage=0.05


Tree=102
num_leaves=15
num_cat=0
split_feature=8 53 54 72 72 71 71 68 72 68 84 68 68 68
split_gain=33.1821 40.2499 38.7357 34.6813 95.1444 104.952 76.9246 133.678 103.943 103.208 91.6139 71.7182 73.651 86.4275
threshold=1.0000000180025095e-35 -0.099457152187824235 0.33366154134273535 0.011327308136969806 0.013089691288769247 0.034285780042409904 -0.033630508929491036 0.009529206436127426 0.012323932256549599 0.051140634343028075 1.5000000000000002 -0.050872508436441415 -0.037996767088770859 -0.034949358552694314
decision_type=2 10 10 10 10 2 2 10 10 10 2 8 8 10
left_child=1 3 -3 11 5 6 8 10 -5 -9 -8 -1 -13 -14
right_child=-2 2 -4 4 -6 -7 7 9 -10 -11 -12 12 13 -15
leaf_value=-0.020877575660918038 0.00245428709865699 -0.004905394332327952 -0.00078473026537862866 0.015300115488632969 -0.00011734736015945173 -0.0095468568417926072 0.0090264506871558046 -0.0020296950158208865 -0.018750366872615911 0.024189786523276885 0.028505210306720132 0.015961168689172731 -0.020454356176309536 -0.00028529722417894272
leaf_weight=416.87397345528007 12011.403052784503 7726.9333171099424 21716.126942519099 387.12735585868359 16144.006930258125 823.77941907197237 1085.217384736985 1844.3593432120979 505.18370695412159 460.8130750246346 1388.3149176985025 676.69030517712235 528.23599926382303 40401.75855179131
leaf_count=2313 73344 52975 131633 2029 86966 4567 5504 10359 2784 2534 7171 3529 2930 231430
internal_value=-1.93858e-05 -0.000335347 -0.00186744 0.000362451 0.00193966 0.00704503 0.00946776 0.0119803 -0.00397179 0.00329353 0.02003 -0.000487476 -0.000278212 -0.000550528
internal_weight=106117 94105.4 29443.1 64662.4 22638.8 6494.8 5671.02 4778.7 892.311 2305.17 2473.53 42023.6 41606.7 40930
internal_count=620068 546724 184608 362116 121914 34948 30381 25568 4813 12893 12675 240202 237889 234360
is_linear=0
shrinkage=0.05


Tree=103
num_leaves=15
num_cat=0
split_feature=5 51 68 68 21 68 68 68 71 71 84 25 68 68
split_gain=31.0178 46.3632 26.2263 135.538 143.589 83.985 106.337 68.4102 69.2603 283.663 95.3519 67.8413 58.9872 53.7219
threshold=0.71594694256782543 -0.31714329123497004 -0.028108102269470688 -0.025394651107490059 50.000238418579109 -0.037996767088770859 -0.03706304915249347 -0.045510644093155854 -0.0071734928060322991 -0.0021499824943020935 1.5000000000000002 0.014605020172894003 -0.060060184448957436 -0.087453853338956819
decision_type=2 10 10 10 10 10 10 10 2 2 2 10 8 10
left_child=1 -1 5 4 -4 7 -7 8 13 -10 -11 -9 -12 -2
right_child=2 -3 3 -5 -6 6 -8 11 9 10 12 -13 -14 -15
leaf_value=0.00068340649016098397 0.00082432535882192778 -0.025387204266563376 0.036984381553974217 0.00012066796502528053 -0.0018195239329014891 -0.031157168948801668 -0.0053261245951649753 0.012516055788648514 0.043625370301096096 -0.014140367568800853 0.017795057871712691 -0.0068070419723263139 -0.0010504199040564082 -0.0093534072518356125
leaf_weight=393.10658826306462 2115.4478848204017 290.50998144596815 504.90147900208831 90115.487800497562 442.28895381838083 456.04412849247456 2794.7062872201204 1770.5718065947294 383.24700266495347 989.73225002363324 596.86362002044916 602.57930355891585 1311.6762508563697 3333.1776913404465
leaf_count=2183 11235 2546 2579 533425 2353 2522 15127 9375 1811 5444 3108 3325 6823 18282
internal_value=-6.30397e-05 -0.0106019 6.30253e-06 0.000319477 0.0190353 -0.00197933 -0.00903437 9.24716e-05 -0.00195514 0.00377632 -0.00162492 0.00760165 0.00490522 -0.0054076
internal_weight=106100 683.617 105417 91062.7 947.19 14354 3250.75 11103.3 8730.14 3281.52 2898.27 2373.15 1908.54 5448.63
internal_count=620138 4729 615409 538357 4932 77052 17649 59403 46703 17186 15375 12700 9931 29517
is_linear=0
shrinkage=0.05


Tree=104
num_leaves=15
num_cat=0
split_feature=5 0 54 53 72 5 5 70 70 70 13 70 70 84
split_gain=33.4258 46.6347 28.2839 50.826 57.3092 45.2713 42.3525 42.3844 107.996 46.4222 41.6482 39.9915 58.2748 37.3474
threshold=0.71594694256782543 0.052933424711227424 0.49315090477466589 -0.1187138259410858 0.0037568438565358524 1.0182328820228579 0.98718062043190014 -0.0084869600832462293 -0.0071474877186119548 -0.012401808984577654 -0.096048269420862184 -0.00028305046726018185 9.570699330652134e-05 1.5000000000000002
decision_type=2 2 8 10 10 2 2 2 2 2 10 2 2 2
left_child=1 -1 3 6 5 -5 7 9 -9 -2 -4 -12 -13 -14
right_child=2 -3 10 4 -6 -7 -8 8 -10 -11 11 12 13 -15
leaf_value=-0.024151470474677115 0.00083259832495062233 0.0018400238362073073 -0.013681551670691789 0.013290309065404446 -0.0036064985899188773 -0.0049288926465188539 -0.0015217764274962065 0.020406678306704479 0.0017857474311336375 -0.011745777514733234 0.0028765816019314153 -0.011096036719159107 -0.002029146235860895 0.0019542571828658297
leaf_weight=332.67760676890612 2050.3784874938428 345.02531722933054 472.09718579053879 926.58324773982167 17986.05362649262 529.44767371937633 18465.306095670909 801.87765918299556 19128.98427933082 1131.0872378945351 18335.843718010932 1157.4827896878123 9888.724156472832 14499.67667157948
leaf_count=2843 11188 1901 2650 7190 117457 3861 102221 4118 107540 6186 103594 7012 57644 84525
internal_value=-9.71324e-05 -0.0110846 -2.54221e-05 -0.000723775 -0.00283333 0.00667694 0.000263115 0.00168917 0.00254478 -0.00366211 0.000935283 0.00109562 -0.000183314 0.000338944
internal_weight=106051 677.703 105374 61019.7 19442.1 1456.03 41577.6 23112.3 19930.9 3181.47 44353.8 43881.7 25545.9 24388.4
internal_count=619930 4744 615186 359761 128508 11051 231253 129032 111658 17374 255425 252775 149181 142169
is_linear=0
shrinkage=0.05


Tree=105
num_leaves=15
num_cat=0
split_feature=68 71 71 68 69 69 71 68 70 69 71 69 84 74
split_gain=30.2572 52.4759 43.4227 40.0436 35.8052 92.5601 122.935 127.613 165.872 85.5292 83.2899 110.016 105.785 89.5077
threshold=0.063508495688438429 0.019639994949102405 0.03842632286250592 0.072816204279661192 0.1011449657380581 0.090698454529047026 0.0073201539926230916 0.040483936667442329 -0.00084989535389468063 0.085665073245763793 -0.0062088577542453996 0.09693481028079988 1.0000000180025095e-35 0.0058118295855820188
decision_type=10 2 2 8 10 10 2 10 2 10 2 10 2 2
left_child=4 -2 3 -3 5 9 10 8 -8 -1 12 13 -7 -12
right_child=1 2 -4 -5 -6 6 7 -9 -10 -11 11 -13 -14 -15
leaf_value=0.00038767462384952761 -0.013748087765074635 -0.0080841621996998562 -0.01416069778435667 0.01176717885714023 -0.0017799812558321544 -0.014630081475714103 0.04862444627327589 -0.003643465625340612 0.013254142651142196 -0.0077089846441768667 -0.0060428944790235058 -0.022333222605329658 0.014282753492782406 0.022479838032598613
leaf_weight=71972.366478949785 1083.5561986379325 365.8937977924943 365.08758718147874 780.68322699144483 21206.022144377232 395.03618498146534 406.39816401898861 752.89468074589968 1696.8761716187 3406.5011536106467 986.71968320384622 709.36638011783361 1451.2404565289617 369.96662032604218
leaf_count=415747 6996 2358 2333 4537 128298 2175 2336 4495 9526 20870 5625 4162 7685 2144
internal_value=-8.29411e-05 -0.00540472 0.000626828 0.00541713 5.11996e-05 0.000524071 0.00612057 0.0139876 0.0202862 2.07986e-05 0.000356312 -0.00652549 0.00805097 0.00184279
internal_weight=105949 2595.22 1511.66 1146.58 103353 82147.4 6768.5 2856.17 2103.27 75378.9 3912.33 2066.05 1846.28 1356.69
internal_count=619287 16224 9228 6895 603063 474765 38148 16357 11862 436617 21791 11931 9860 7769
is_linear=0
shrinkage=0.05


Tree=106
num_leaves=15
num_cat=0
split_feature=31 5 8 69 68 70 1 69 69 69 69 70 15 69
split_gain=29.5998 27.1152 26.2619 27.7179 42.9921 51.3861 31.2747 28.6411 26.8637 26.8285 25.1565 37.0697 29.481 27.5846
threshold=17.687108993530277 0.71594694256782543 1.0000000180025095e-35 0.1107013262808323 0.037866031751036651 0.01043195277452469 0.013748961966484787 0.090698454529047026 0.095767229795455946 0.11560710519552232 0.074219021946191802 -0.0033927974291145797 17.035761833190922 0.068345230072736754
decision_type=2 2 2 10 10 2 10 10 10 10 8 2 8 10
left_child=-1 -2 3 6 -5 9 7 10 -9 -6 13 -12 -13 -3
right_child=1 2 -4 4 5 -7 -8 8 -10 -11 11 12 -14 -15
leaf_value=-0.00096393423622006483 -0.011708348187297161 -0.0018375072323324371 0.0036370003294112756 -0.0054139391944881031 -0.0097446386252323033 -0.014256750401550139 0.001614529117844469 0.015977684552170742 0.0011774392429210509 0.004713319095938192 0.0041899762993335924 0.00096852349559650448 -0.01337674965525495 0.0087598244990220921
leaf_weight=36358.673437777907 420.90132033824921 6676.6061234883964 7638.8493273593485 4586.3956212066114 343.60390444844961 450.83615104109049 41046.697661522776 390.77673697844148 1312.6270531490445 3521.2169024907053 600.89268510788679 469.24750434607267 1485.3729534186423 666.23845795169473
leaf_count=209897 2997 45437 46709 28129 2243 2768 225233 2588 9192 20907 4111 3417 11170 4634
internal_value=0.000192168 0.000796072 0.000873821 0.000530356 -0.00204853 0.00153225 0.000966713 -0.00132466 0.00464619 0.0034061 -0.00235583 -0.00661834 -0.00994547 -0.000865374
internal_weight=105969 69610.3 69189.4 61550.5 8902.05 4315.66 52648.5 11601.8 1703.4 3864.82 9898.36 2555.51 1954.62 7342.84
internal_count=619432 409535 406538 359829 54047 25918 305782 80549 11780 23150 68769 18698 14587 50071
is_linear=0
shrinkage=0.05


Tree=107
num_leaves=15
num_cat=0
split_feature=15 68 72 72 72 72 70 69 68 68 70 68 51 70
split_gain=26.3397 26.0588 63.8999 36.6913 28.9584 73.3394 81.6014 71.1594 92.3127 65.9981 55.2995 50.5844 42.2076 40.5527
threshold=16.267513275146488 0.063508495688438429 0.0056843475904315719 0.011850398499518635 0.0059443290811032065 0.0055949101224541673 -0.00115508830640465 0.053651142865419395 0.034484077244997031 0.018779916688799862 0.0010009327670559289 0.049116047099232681 -0.11954377964138983 0.01275134924799204
decision_type=8 10 10 10 10 8 2 8 10 10 2 10 10 2
left_child=-1 4 -3 -4 5 7 9 8 10 -7 -2 12 -9 -6
right_child=1 2 3 -5 13 6 -8 11 -10 -11 -12 -13 -14 -15
leaf_value=0.0014499520600097782 0.0045242214687283974 0.013549908621428731 -0.019384948244252239 -0.0037447488206812022 0.00068377428628957359 -0.015136431145511265 -0.017009012487006019 0.0015965368936605038 -0.017596013772712651 0.011912178947291279 0.02048180377097816 0.011171995843489007 -0.0046078690001375598 -0.003281281891827921
leaf_weight=23133.923758476973 1625.3832126073539 324.54872935265303 660.13950772956014 865.28704498708248 54084.545691728592 353.96317501366138 1549.4641488082707 3778.5217382200062 339.50636338815093 583.1262934692204 811.32964203134179 660.24975104257464 9933.5676543153822 7311.3328403756022
leaf_count=134440 9632 2108 4443 5225 306190 2093 10117 21926 2297 3647 4857 4186 68619 39973
internal_value=-4.14249e-05 -0.000457826 -0.00630936 -0.0105953 -0.000323471 -0.00199436 -0.0100012 -0.00082821 0.00648593 0.00164327 0.00989947 -0.00224457 -0.00289826 0.000211138
internal_weight=106015 82881 1849.98 1525.43 81031 19635.1 2486.55 17148.6 2776.22 937.089 2436.71 14372.3 13712.1 61395.9
internal_count=619753 485313 11776 9668 473537 127374 15857 111517 16786 5740 14489 94731 90545 346163
is_linear=0
shrinkage=0.05


Tree=108
num_leaves=15
num_cat=0
split_feature=5 53 72 72 71 72 70 73 74 70 54 72 84 73
split_gain=27.796 42.7891 27.8869 31.163 100.483 64.7777 55.334 61.7856 46.4018 42.0561 42.8726 40.5243 37.2193 34.6757
threshold=0.71594694256782543 -0.47672501206398005 0.002945420797914267 0.0038598002865910534 0.017012067139148716 0.0045173054095357665 -0.0014146505855023859 0.54829823970794689 -0.005512069445103406 0.0088671618141233938 1.0994047522544863 0.0033068291377276187 1.5000000000000002 0.50754529237747203
decision_type=2 10 10 10 2 10 2 2 2 2 8 10 2 2
left_child=1 -1 -2 4 6 9 8 -8 -4 10 13 -10 -12 -5
right_child=2 -3 3 5 -6 -7 7 -9 11 -11 12 -13 -14 -15
leaf_value=0.0012137950763047342 -0.009448691561552508 -0.024100195716679405 -0.0025376021873634103 -0.020069273331782069 0.029798645093668676 0.00034696656021637626 -0.022006817048511242 0.0010242382738226764 0.0038447763310834105 0.012641809381785144 -0.0090477171677385022 0.027063880267761044 0.01088242927162459 -0.0064943381692574133
leaf_weight=374.24568627774715 741.04427624866366 290.05088908970356 399.9443443082273 526.58790635317564 342.99563682824373 93698.614272985607 311.20832965523005 3110.3851927742362 307.91025803610682 308.27997208759189 366.46774076670408 487.80411963909864 612.14233511686325 4051.7663909383118
leaf_count=2156 5349 2520 2617 3340 2123 538050 1861 21123 2067 1933 2201 3119 3585 27268
internal_value=8.67808e-05 -0.0100325 0.000151588 0.000220548 0.00408442 2.76601e-05 0.00211395 -0.00112856 0.0113254 -0.00506524 -0.00606851 0.0182382 0.00340301 -0.00809602
internal_weight=105929 664.297 105265 104524 4960.25 99563.9 4617.25 3421.59 1195.66 5865.24 5556.96 795.714 978.61 4578.35
internal_count=619312 4676 614636 609287 32910 576377 30787 22984 7803 38327 36394 5186 5786 30608
is_linear=0
shrinkage=0.05


Tree=109
num_leaves=15
num_cat=0
split_feature=74 74 74 68 70 54 71 68 71 68 72 72 69 69
split_gain=24.2684 144.789 76.8823 287.66 94.0619 70.688 61.5418 66.945 101.861 82.757 58.9609 103.584 50.1407 48.6163
threshold=0.0069592213258147248 0.0067960366141051063 0.0082235885784029978 0.0039483227301388988 0.0072991764172911653 0.36025424301624304 -0.016997806727886196 -0.039554694667458527 0.018793903291225437 -0.028108102269470688 0.0094335889443755167 0.0077488885726779708 -0.063160825520753847 -0.042247124016284936
decision_type=2 2 2 8 2 8 2 10 2 10 10 10 10 10
left_child=1 -1 3 4 -2 6 13 8 -8 -9 11 -5 -11 -4
right_child=2 -3 5 10 -6 -7 7 9 -10 12 -12 -13 -14 -15
leaf_value=-0.00021189474750724866 0.045228759808098096 -0.021599166374244631 -0.021966477679314214 0.0013212722011550022 0.015881942563049273 0.0028687763556229109 0.025389238049902143 -0.023779618355408531 -0.0075019385416315023 0.016695453457963649 0.012766550870556007 -0.023964579478818606 -0.0025212260512211871 -0.0043955834649673153
leaf_weight=80594.33128752932 492.92227593064308 789.19125882908702 679.77378682419658 1864.5944303162396 635.66952569782734 10879.331373561174 535.01145292446017 434.27430732548237 407.93844850733876 348.94585074484348 645.95646690577269 507.08411929011345 6259.4941979795694 932.16847836226225
leaf_count=474755 2485 4744 3672 11707 3377 61730 2600 2408 2209 1848 3663 2978 36567 4995
internal_value=-5.77158e-06 -0.000421919 0.00136928 0.00756948 0.0289841 0.00011076 -0.00301531 -0.00121024 0.0112305 -0.00288949 -0.00050883 -0.00416297 -0.00148283 -0.0118952
internal_weight=106007 81383.5 24623.2 4146.23 1128.59 20476.9 9597.61 7985.66 942.95 7042.71 3017.64 2371.68 6608.44 1611.94
internal_count=619738 479499 140239 24210 5862 116029 54299 45632 4809 40823 18348 14685 38415 8667
is_linear=0
shrinkage=0.05


Tree=110
num_leaves=15
num_cat=0
split_feature=62 16 71 18 31 8 31 54 69 66 69 18 54 69
split_gain=26.9392 45.1853 26.4115 23.5147 27.9566 26.9336 25.0166 21.7376 26.7024 21.8386 19.8392 19.5273 22.8381 22.0064
threshold=1.0000000180025095e-35 3.8163783550262456 -0.0044887356925755731 68.78513336181642 17.687108993530277 1.0000000180025095e-35 20.021298408508304 0.44765314459800726 0.098293159157037749 0.081337448209524169 0.15165715664625171 49.870529174804695 0.33054701983928686 -0.0093253590166568739
decision_type=2 2 2 2 2 2 2 8 8 10 8 2 8 10
left_child=3 2 -2 4 11 -6 7 9 -9 -5 -7 -1 13 -13
right_child=1 -3 -4 6 5 10 -8 8 -10 -11 -12 12 -14 -15
leaf_value=0.00034879021986412596 -0.018707862088310826 0.0059966880768828413 -0.0031382089360395163 -0.0030239732799287843 0.00055473945394749521 0.0044607365201344553 0.0061712127439308082 0.0013099984478440047 -0.0056942399196914985 -0.013623062696448 -0.0052406949040666919 0.0015657157196886943 -0.00081473317028234486 -0.0064841408758285982
leaf_weight=16639.939493335783 624.56397998332977 500.24195600301027 485.55219484120607 1080.4119448624551 55460.370231527835 6999.223329000175 752.90715332329273 3135.894113752991 2389.779643677175 884.63167643547058 561.55088406056166 1065.1768908165395 11247.43831980601 4108.5607294738293
leaf_count=92789 3350 2763 2616 7916 321206 42591 4982 19261 15094 5968 3699 5808 65517 25739
internal_value=-2.95089e-07 -0.0063978 -0.0119867 9.90595e-05 0.000319029 0.000936721 -0.00246204 -0.00333685 -0.00172405 -0.00784033 0.00373423 -0.000858344 -0.00208103 -0.004827
internal_weight=105936 1610.36 1110.12 104326 96082.3 63021.1 8243.62 7490.72 5525.67 1965.04 7560.77 33061.1 16421.2 5173.74
internal_count=619299 8729 5966 610570 557349 367496 53221 48239 34355 13884 46290 189853 97064 31547
is_linear=0
shrinkage=0.05


Tree=111
num_leaves=15
num_cat=0
split_feature=27 0 73 73 72 4 72 84 73 71 71 71 72 73
split_gain=28.8865 37.5846 31.3327 43.8244 53.298 43.0217 39.5191 41.5265 59.0539 111.5 98.5821 170.175 65.1645 60.5746
threshold=0.84858700633049022 0.014764609280973675 0.68606859445571911 0.57541298866271984 0.0098891700617969053 0.35833333432674414 0.010434513911604883 1.5000000000000002 0.47813309729099279 0.011750482488423588 0.00052272941684350382 -0.010321858804672955 0.018491671420633796 0.31221117079257971
decision_type=2 2 2 2 10 8 10 2 2 2 2 2 10 2
left_child=1 -1 3 4 -3 -4 -6 -8 10 -10 11 13 -12 -9
right_child=-2 2 5 -5 6 -7 7 8 9 -11 12 -13 -14 -15
leaf_value=-0.008259494889787453 0.00073758253854745693 -0.0035913192785543024 -0.0041880032478363227 0.0026079365313511349 0.012600051739536641 0.0043060769114400413 -0.0035316921043503781 0.0049502969691022896 -0.0040715736584468667 0.027105446494764426 -0.011200773261985771 0.025523298118649874 0.0049420799988336497 -0.014308669211247885
leaf_weight=1673.3814647719264 58399.200336385518 11361.637240156531 9822.9355052560568 11585.24074305594 707.83326418697834 1748.7184240072966 4019.8532897233963 1303.073712207377 515.10953050851822 630.51273994147778 1872.1215404644608 875.44393363595009 929.02151128649712 582.58695097267628
leaf_count=16657 341382 63859 60745 66473 3764 10044 21407 6797 2762 3347 10083 4426 4967 3175
internal_value=-7.66874e-06 -0.000921434 -0.000652485 0.000105148 -0.00116732 -0.00290176 0.00124204 0.000481581 0.00288831 0.0131733 0.000750133 0.00744123 -0.00584833 -0.00104398
internal_weight=106027 47627.5 45954.1 34382.4 22797.2 11571.7 11435.6 10727.7 6707.87 1145.62 5562.25 2761.1 2801.14 1885.66
internal_count=619888 278506 261849 191060 124587 70789 60728 56964 35557 6109 29448 14398 15050 9972
is_linear=0
shrinkage=0.05


Tree=112
num_leaves=15
num_cat=0
split_feature=74 74 74 69 84 70 84 69 71 71 69 69 69 71
split_gain=29.0694 118.445 55.0995 155.703 129.568 126.656 86.5034 58.2461 53.1778 73.6579 57.7973 144.879 74.1821 73.1273
threshold=0.0069592213258147248 0.0066241289023309955 0.0082235885784029978 0.024696086533367637 2.5000000000000004 0.0079030259512364882 2.5000000000000004 0.064676553010940566 -0.02404883503913879 -0.040122648701071732 -0.12452897801995276 -0.10851569846272467 -0.088456358760595308 0.0021148637169972066
decision_type=2 2 2 8 2 2 2 10 2 2 8 8 8 2
left_child=1 -1 3 6 5 7 -2 -5 9 -4 -10 -12 -13 -14
right_child=2 -3 8 4 -6 -7 -8 -9 10 -11 11 12 13 -15
leaf_value=-0.00020414820913593757 0.011062912647578658 -0.01616297548891929 0.0017417606375146482 0.0068370084351846994 -0.0089075128447999585 -0.010110804119096893 0.040789173901023275 0.030087951225320549 0.020291987802858104 -0.021010526629646933 -0.029567444213352386 0.021264029969076337 0.0055857465559485606 -0.0012862106596585805
leaf_weight=80154.680073224008 590.49620551615953 1169.7806860543787 761.42552765831351 469.62761222571135 1568.6762978360057 478.13684629648924 421.37591617554426 645.78259634971619 376.42894610017538 655.31192094087601 375.81805112585425 447.95796222984791 5647.4731309339404 12253.640774399042
leaf_count=472108 2961 7138 4111 2878 9596 2886 2229 3762 1832 3583 2076 2366 31127 71095
internal_value=2.05775e-05 -0.000435661 0.00152278 0.00675213 0.00126499 0.0112718 0.0237199 0.0204462 0.000456179 -0.00885581 0.00115112 0.0007557 0.00139253 0.000883674
internal_weight=106017 81324.5 24692.2 4174.1 3162.22 1593.55 1011.87 1115.41 20518.1 1416.74 19101.3 18724.9 18349.1 17901.1
internal_count=619748 479246 140502 24312 19122 9526 5190 6640 116190 7694 108496 106664 104588 102222
is_linear=0
shrinkage=0.05


Tree=113
num_leaves=15
num_cat=0
split_feature=27 2 15 73 73 68 73 3 74 68 74 73 68 74
split_gain=25.0525 33.2482 25.0767 24.1381 28.2617 37.8607 32.4104 32.382 31.5967 20.0757 62.5652 50.2178 116.013 83.0623
threshold=0.59988194704055797 0.024627286940813068 23.456728935241703 0.87868535518646251 0.75795969367027294 0.055717740207910545 0.72511178255081188 0.22500000149011615 -0.0053308736532926551 -0.029244812205433842 -0.019179445691406723 0.3586434274911881 -0.020313972607254979 -0.0085550597868859751
decision_type=2 2 8 2 2 8 2 2 2 8 2 2 8 2
left_child=1 -1 9 4 6 8 -4 -7 -6 -2 -11 12 -12 -14
right_child=2 -3 3 -5 5 7 -8 -9 -10 10 11 -13 13 -15
leaf_value=-0.005283150591670554 -0.0017372477329821855 -0.00023583404619086372 -0.0004926245238381096 -0.010860950944062515 0.017779586314953074 -0.010640017688902215 -0.0073916661295004337 0.007731225842455486 0.0040805916290134019 -0.0099815349696176468 0.024518363956787758 0.0013479059125915012 0.020316119627033197 -0.0036539553317119174
leaf_weight=4710.3585564345121 5396.6301721520722 10569.716858170927 34063.493337839842 547.79784060642123 496.94046555459499 711.63556014001369 1782.0273212715983 350.66009849309921 2547.4729102440178 1148.2969717942178 779.12665090337396 40791.556580677629 460.04586183279753 1554.9911648407578
leaf_count=31153 29041 57935 197831 3726 2889 4732 11753 2086 15871 6882 3936 240871 2344 8312
internal_value=7.7962e-05 -0.0017942 0.000393766 -0.000531483 -0.00038717 0.00353664 -0.00083757 -0.00456019 0.00636757 0.00114122 0.00148879 0.0017932 0.00826599 0.00189187
internal_weight=105911 15280.1 90630.7 40500 39952.2 4106.71 35845.5 1062.3 3044.41 50130.6 44734 43585.7 2794.16 2015.04
internal_count=619362 89088 530274 238888 235162 25578 209584 6818 18760 291386 262345 255463 14592 10656
is_linear=0
shrinkage=0.05


Tree=114
num_leaves=15
num_cat=0
split_feature=71 69 74 70 70 71 68 70 74 71 70 69 69 70
split_gain=24.3031 46.7052 49.9733 36.8287 64.5755 123.52 52.2816 48.0103 76.7948 141.182 65.0062 64.5025 63.0877 58.4856
threshold=0.048369815573096282 -0.060190718621015542 0.0045688066165894279 0.028627929277718071 0.021026453934609893 1.0000000180025095e-35 -0.034949358552694314 0.018314933404326442 0.018496754579246048 0.011539016384631397 0.01275134924799204 0.032943865284323699 0.065447557717561736 0.012050689663738014
decision_type=2 8 2 2 2 2 8 2 2 2 2 8 10 2
left_child=3 -2 -3 4 7 -6 -7 8 10 12 13 -11 -10 -1
right_child=1 2 -4 -5 5 6 -8 -9 9 11 -12 -13 -14 -15
leaf_value=3.0312444280871943e-05 -0.015462725982657181 0.014989603143877551 -0.0062638491633928862 -0.011302057878304624 -0.013340261801972156 0.033652759814303802 0.010683730236849633 -0.010206955326352804 0.037172350127778996 -0.015755362456234278 -0.0063861344353118594 0.008500927903915538 0.012002811076929673 0.012126924461133047
leaf_weight=93576.577837426215 731.49527286738157 390.60272438079119 883.38673509657383 698.6435112208128 391.88854529708624 387.85089544951916 697.21735449880362 1132.6378148086369 425.04876910895109 518.34818859770894 3941.5614109672606 560.23211365565658 617.32710645347834 1000.0062760710716
leaf_count=550728 4295 2238 5428 4022 2078 1908 3738 6107 2173 2847 22019 3117 3380 5504
internal_value=-4.78556e-05 -0.00548588 0.000318411 5.75792e-05 0.000135533 0.0104799 0.0191262 -1.56049e-05 0.000100096 0.00949088 -0.000103017 -0.0031939 0.0225219 0.000159485
internal_weight=105953 2005.48 1273.99 103947 103249 1476.96 1085.07 101772 100639 2120.96 98518.1 1078.58 1042.38 94576.6
internal_count=619582 11961 7666 607621 603599 7724 5646 595875 589768 11517 578251 5964 5553 556232
is_linear=0
shrinkage=0.05


Tree=115
num_leaves=15
num_cat=0
split_feature=15 69 69 73 73 69 73 73 73 69 70 70 69 69
split_gain=29.5033 30.3997 86.8439 164.813 76.3774 69.7764 52.1092 49.4502 64.2038 96.474 70.5189 47.3731 40.2615 53.1668
threshold=18.596875190734867 0.052512809634208686 0.041611669585108764 0.39324033260345465 0.45423033833503729 0.061287341639399535 0.73000267148017894 0.86850854754447948 0.7626253366470338 0.084702219814062132 -0.0015222362126223741 0.0014315135776996615 0.07277256622910501 0.076704110950231566
decision_type=8 8 10 2 2 8 2 2 2 8 2 2 8 8
left_child=-1 2 -2 -4 11 -3 -6 8 12 -10 -11 -5 -7 -14
right_child=1 5 3 4 6 7 -8 -9 9 10 -12 -13 13 -15
leaf_value=0.0011390342532647923 -0.00062428669272062678 -0.0074035243236311755 0.029198725186164905 0.0011996548461319975 0.0083803849259190231 0.0021727580499463985 -0.01035361523036383 -0.014507148541373353 0.023557697345017777 0.013215895012789001 -0.0019927571835430791 -0.02374030804990182 -0.011253852387277288 -0.0016375896164751659
leaf_weight=34965.32428253442 23870.783363375813 4451.4733060449362 687.50511706247926 374.86240336298943 3019.1625145897269 6580.6849133484066 414.39593569561839 635.82481867820024 600.01982264593244 1036.5871394909918 2797.5765255205333 375.04077699780464 1517.4375410079956 24517.0289969109
leaf_count=203064 132611 27333 3348 2073 18039 40179 2680 4406 3659 5879 17506 2096 9071 147044
internal_value=-4.93034e-05 -0.000635605 0.000618051 0.00669509 0.00293605 -0.00149068 0.00609588 -0.000790458 -0.000551207 0.00508697 0.00214267 -0.0114216 -0.00131907 -0.00220219
internal_weight=105844 70878.4 28741.8 4870.97 4183.46 42136.6 3433.56 37685.2 37049.3 4434.18 3834.16 749.903 32615.2 26034.5
internal_count=618988 415924 160847 28236 24888 255077 20719 227744 223338 27044 23385 4169 196294 156115
is_linear=0
shrinkage=0.05


Tree=116
num_leaves=15
num_cat=0
split_feature=1 1 8 31 0 1 69 74 26 69 69 53 69 69
split_gain=26.2702 28.7339 26.4258 29.6835 27.3816 27.4331 29.4045 30.1453 29.1027 23.712 89.7329 69.033 60.0654 47.4678
threshold=0.0056360953021794566 0.0045766350813210019 1.0000000180025095e-35 18.095519065856937 0.026715530082583431 0.022430989891290668 0.15864480286836627 0.0016843355260789397 0.70006272196769725 0.037772158160805709 0.049500988796353347 -0.35043133795261378 0.044376322999596603 0.061287341639399535
decision_type=10 10 2 2 2 10 8 2 8 10 10 10 10 10
left_child=1 -1 4 -4 9 -6 -7 8 -8 -2 11 -11 -13 -12
right_child=2 -3 3 -5 5 6 7 -9 -10 10 13 12 -14 -15
leaf_value=-0.028301316900803092 -0.0033018901604563939 -0.00032640473264314843 -0.00030251075178584845 0.0046938428963530223 0.0021523285907358064 -0.00061718644289762757 0.018112633891503704 -0.00054516883337511486 0.00085610109142751341 0.028139913660519301 -0.0065537114968379166 -0.0020209629696107674 0.01237840333530197 -0.00059732970143946181
leaf_weight=162.23502376675606 10972.080695226789 197.03314453363419 5940.8429068922997 5937.6044125407934 15913.937823206186 37977.616957344115 630.67901591956615 1030.8829103857279 396.60139857232571 342.89480978995562 4024.7030247747898 1550.9791071079671 1344.7567530199885 19577.353178817779
leaf_count=2754 66471 2363 35105 36026 86351 206791 3408 5624 2074 1971 26189 9705 8155 126822
internal_value=-7.047e-05 -0.0133834 -2.39325e-05 0.00219683 -0.000305478 0.000396948 -0.000301166 0.00550489 0.0115229 -0.00134465 -0.000543633 0.00724781 0.00468558 -0.00161538
internal_weight=106000 359.268 105641 11878.4 93762.5 55949.7 40035.8 2058.16 1027.28 37812.8 26840.7 3238.63 2895.74 23602.1
internal_count=619809 5117 614692 71131 543561 304248 217897 11106 5482 239313 172842 19831 17860 153011
is_linear=0
shrinkage=0.05


Tree=117
num_leaves=15
num_cat=0
split_feature=69 69 71 72 70 69 68 84 70 73 69 68 26 71
split_gain=26.5997 75.5789 107.263 109.895 108.116 89.2167 74.0732 68.2185 130.485 99.9964 85.8508 75.7425 61.5198 58.7158
threshold=0.1011449657380581 0.090698454529047026 0.0099367350339889544 0.0051155972760170707 -0.00084989535389468063 0.088114812970161452 0.020092573016881946 2.5000000000000004 -0.0066560849081724873 0.64153727889060985 0.098625801503658309 0.016732051968574527 0.18044693768024447 0.018247541971504692
decision_type=10 10 2 10 2 10 10 2 2 2 10 10 10 2
left_child=1 5 3 -3 -4 -1 -7 10 -9 -10 11 -5 -6 -2
right_child=13 2 4 7 12 6 -8 8 9 -11 -12 -13 -14 -15
leaf_value=0.00017650610742640709 -0.0030626805296426699 -0.019464721212535879 0.03869566754958343 -0.0095343061909681451 0.013892561749888347 -0.027243763733186072 -0.0048927055346054994 0.030548453342031968 0.013740031583522688 -0.016154694024654106 -0.023373606602187059 0.011943527306612599 -0.0047129271820464192 0.0030732331567119436
leaf_weight=75546.099145062268 16488.758128944784 587.80904636159539 350.28130563721061 724.45303149521351 1738.0742757916451 490.6414408609271 1452.1251918561757 559.12663052976131 654.76782939955592 472.99208203330636 388.17741230130196 921.28563571721315 590.06518317386508 5096.4711555577815
leaf_count=438066 100306 3644 2016 3839 9939 2918 8816 2897 3427 2862 2177 5333 3370 30602
internal_value=-4.71473e-05 0.000353149 0.00532984 0.000438703 0.013167 -9.62207e-05 -0.010648 0.00362677 0.0110304 0.00117014 -0.00253753 0.00248852 0.00917703 -0.00161318
internal_weight=106061 84475.9 6987.03 4308.61 2678.42 77488.9 1942.77 3720.8 1686.89 1127.76 2033.92 1645.74 2328.14 21585.2
internal_count=620212 489304 39504 24179 15325 449800 11734 20535 9186 6289 11349 9172 13309 130908
is_linear=0
shrinkage=0.05


Tree=118
num_leaves=15
num_cat=0
split_feature=70 31 19 73 70 70 70 74 74 74 74 74 9 26
split_gain=24.8533 22.4266 21.6138 24.3502 85.5058 29.4935 67.5005 65.1778 62.4946 53.6009 49.081 51.7591 40.1702 33.1622
threshold=-0.044312106445431702 17.455427169799808 -0.01892293710261583 0.077547188848257079 -0.0017816664185374973 -0.0094763874076306803 -0.011087638791650532 -0.0099405101500451547 -0.0085550597868859751 -0.011800938751548527 -0.012420780956745146 -0.015288716182112692 0.0060123701114207515 0.039753565564751632
decision_type=2 2 10 2 2 2 2 2 2 2 2 2 2 10
left_child=-1 -2 -3 4 -4 6 13 9 -8 10 11 -7 -11 -5
right_child=1 2 3 5 -6 7 8 -9 -10 12 -12 -13 -14 -15
leaf_value=-0.013166303358155156 -0.0013210406464467753 -0.0038142936847896688 0.019608141371470614 -0.0032117111868141843 -0.007559430189227348 -0.0043649162093987075 -0.022153446626136615 0.00042654059439173157 0.0017248355607749602 0.02221397668655738 -0.013023269134554259 0.018566059503527868 0.0040174834036879065 0.0039334366452961197
leaf_weight=354.05110331624746 27047.658284399658 2989.7355715036392 647.72313777729869 4365.764370597899 510.03541464731097 469.63161892071366 743.86149840056896 63572.783642280847 428.35344456881285 825.24352453276515 403.15980607271194 499.89173778146505 484.37938486784697 2572.3437124118209
leaf_count=2623 156128 16049 3144 24295 2650 2696 4256 378450 2430 4538 2303 2652 2735 14564
internal_value=-0.000124628 -7.96435e-05 0.000348131 0.000513392 0.00767758 0.000400839 -0.00244334 0.000749313 -0.013487 0.00836929 0.00144099 0.00752726 0.0155652 -0.000560758
internal_weight=105915 105561 78512.9 75523.2 1157.76 74365.4 8110.32 66255.1 1172.21 2682.31 1372.68 969.523 1309.62 6938.11
internal_count=619513 616890 460762 444713 5794 438919 45545 393374 6686 14924 7651 5348 7273 38859
is_linear=0
shrinkage=0.05


Tree=119
num_leaves=15
num_cat=0
split_feature=27 79 70 73 13 62 73 68 74 74 73 70 74 73
split_gain=27.4704 30.3313 28.6454 24.5935 24.1648 26.5882 35.1586 89.7808 152.764 134.005 156.219 125.481 98.7039 79.4861
threshold=0.5065525770187379 0.14669696986675265 0.0041715251281857499 0.67833209037780773 0.15902742743492129 1.0000000180025095e-35 0.31674617528915411 -0.033042609691619866 0.0097516253590583819 0.0021507190540432934 0.27927134931087499 -0.0065441543702036134 0.020718611776828769 0.32804124057292944
decision_type=2 8 2 2 8 2 2 8 2 2 2 2 2 2
left_child=1 3 -3 -1 5 6 7 9 -9 11 12 -2 -11 -8
right_child=4 2 -4 -5 -6 -7 13 8 -10 10 -12 -13 -14 -15
leaf_value=-0.0028440591640537367 0.00075091513100227403 0.0036485144368907153 -0.0059331711075717294 -0.011043889935049097 -0.011070489916208917 -0.0063437571694179885 -0.015448181280877361 0.013551140518492084 -0.010675813905822156 0.01155087380548577 0.036732145878102758 -0.014355884169611545 -0.0074737552885791236 0.00020744853094920317
leaf_weight=2493.8603032641113 4200.0593702308834 2371.4917616248131 1150.0240529067814 1443.2446509450674 456.31106156855822 1456.2645279690623 808.84496679157019 3369.3495312035084 797.89571377262473 1724.9804647825658 411.32939459010959 2032.6607153639197 1114.3608338534832 82058.675302453339
leaf_count=14730 23240 13019 6379 9541 2672 7917 4625 16892 4138 8820 1969 10923 6141 488428
internal_value=6.29569e-05 -0.00286054 0.000511476 -0.00587028 0.000284754 0.000338765 0.000440238 0.0027905 0.00889799 0.000100161 0.00831537 -0.00419093 0.00408422 5.27931e-05
internal_weight=105889 7458.62 3521.52 3937.1 98430.7 97974.4 96518.2 13650.6 4167.25 9483.39 3250.67 6232.72 2839.34 82867.5
internal_count=619434 43669 19398 24271 575765 573093 565176 72123 21030 51093 16930 34163 14961 493053
is_linear=0
shrinkage=0.05


Tree=120
num_leaves=15
num_cat=0
split_feature=72 72 71 69 74 72 84 68 54 84 74 72 69 68
split_gain=26.5414 35.8392 77.4909 86.924 76.2702 53.8793 44.0352 42.4369 45.6501 37.4132 38.3644 35.1432 117.381 129.024
threshold=0.002945420797914267 0.0037568438565358524 0.016585333272814754 0.10902005061507226 0.0017753299907781186 0.0045173054095357665 1.0000000180025095e-35 0.053079243749380119 1.0515985488891604 1.0000000180025095e-35 -0.0035187463508918877 0.0075098148081451663 0.098293159157037749 0.028048370964825157
decision_type=10 10 2 8 2 10 2 10 8 2 2 10 8 10
left_child=-1 2 3 4 9 7 -6 8 -3 -2 -11 12 13 -7
right_child=1 5 -4 -5 6 11 -8 -9 -10 10 -12 -13 -14 -15
leaf_value=-0.0095104706480327733 -0.0029110662348788832 -0.0075321990811717645 0.026086058195627499 -0.012507387867194806 0.010865563701271836 0.00055848912267893495 -0.010386267336546087 0.011522956734715893 0.0036183285969843835 0.0292665379340004 0.010929176851720538 -0.00063956927202194456 -0.0020492982016678688 0.0086869240430511845
leaf_weight=731.41904490068555 332.66066189482808 5138.6294044703245 368.66428579762578 773.20941345766187 338.879793535918 12177.217592529953 802.87514061480761 377.35023828968406 1110.6951666772366 375.30397997796535 1200.7284531034529 59388.680739622563 14672.540407255292 8140.7278630211949
leaf_count=5336 2190 34664 2207 5524 2231 71569 5467 2404 6576 2384 7759 330990 90545 49794
internal_value=-8.34373e-05 -1.69955e-05 0.00450733 0.00236417 0.00616227 -0.000205209 -0.00403902 -0.00455982 -0.0055478 0.0122538 0.0154529 0.000100994 0.00135776 0.00381796
internal_weight=105930 105198 4192.32 3823.66 3050.45 101006 1141.75 6626.67 6249.32 1908.69 1576.03 94379.2 34990.5 20317.9
internal_count=619640 614304 27762 25555 20031 586542 7698 43644 41240 12333 10143 542898 211908 121363
is_linear=0
shrinkage=0.05


Tree=121
num_leaves=15
num_cat=0
split_feature=74 53 72 71 68 73 72 68 71 72 72 73 71 73
split_gain=26.8869 28.0772 44.3099 59.6406 42.4107 69.524 41.0769 36.5944 30.6882 42.2653 135.131 65.2607 75.0657 50.2014
threshold=-0.04474180564284324 -0.10081982612609862 0.0040517377201467761 0.017012067139148716 0.02118976786732674 0.71659472584724437 0.0045173054095357665 0.012093733064830305 0.01080296700820327 0.0080920867621898668 0.0063372445292770871 0.46036471426486975 0.0087351920083165186 0.49130095541477209
decision_type=2 10 10 2 10 2 10 10 2 10 10 2 2 2
left_child=-1 -2 3 4 -3 -6 7 -4 9 10 11 -8 -13 -12
right_child=1 2 6 -5 5 -7 8 -9 -10 -11 13 12 -14 -15
leaf_value=-0.013159672981183992 0.00053478519700529529 0.0089328189601658951 -0.02322855462118989 0.023985400681956169 -0.011266200414324547 0.0096051591695254721 0.018413405563232163 -0.0055238241166785593 -0.003385160954674954 -0.0026929145513019965 -0.00065386568515278087 -0.0071009018424873617 0.015146045453109193 0.01110420823994767
leaf_weight=381.2962700612843 71434.087197531015 1247.9869994744658 348.56393717974424 335.42323781549931 1023.1027454510331 640.69424904882908 305.01686296612024 1631.6504493020475 11039.204462308437 8128.430782739073 1211.834264241159 4218.6627305187285 407.16144175082445 3595.4372319355607
leaf_count=2610 400980 8780 2626 2234 7161 5011 1898 11787 69195 47199 7113 28597 2752 21713
internal_value=-7.73614e-05 -2.88677e-05 -0.00120829 0.0043391 0.0020016 -0.0032197 -0.00179274 -0.00874132 -0.00131386 -3.28882e-05 0.00218793 -0.00362457 -0.0051143 0.00814499
internal_weight=105949 105567 34133.2 3247.21 2911.78 1663.8 30886 1980.21 28905.7 17866.5 9738.11 4930.84 4625.82 4807.27
internal_count=619656 617046 216066 23186 20952 12172 192880 14413 178467 109272 62073 33247 31349 28826
is_linear=0
shrinkage=0.05


Tree=122
num_leaves=15
num_cat=0
split_feature=0 72 69 69 72 72 69 84 69 69 69 72 71 72
split_gain=22.7207 40.0801 77.9855 95.8089 131.02 87.0363 71.1558 80.6706 67.6215 61.0053 146.712 110.913 78.7443 62.4094
threshold=0.026467462070286277 0.0080920867621898668 0.08398406952619554 0.12688654661178592 0.0050841558258980521 0.0063665371853858241 0.061054084450006492 2.5000000000000004 0.049963893368840225 0.091497793793678298 0.099554911255836501 0.0075484933331608781 0.0052359711844474086 0.0073766622226685294
decision_type=2 8 8 10 10 10 10 2 10 8 8 10 2 10
left_child=1 2 5 9 -5 -1 7 8 -7 13 12 -12 -11 -4
right_child=-2 -3 3 4 -6 6 -8 -9 -10 10 11 -13 -14 -15
leaf_value=0.00021972513945324196 0.00066522069931189063 -0.002824691722315132 -0.0086865844762882612 0.03011207560040928 0.0002706210423928559 0.0015400127962350079 0.015745757826678357 0.013187153297351012 -0.022737413774569531 -0.00037218498494163109 -0.0081226833307342702 0.018561566170045642 0.021308884907757206 -0.033131261757151552
leaf_weight=11061.693737369031 62451.951385691762 15871.665856713429 1394.8536623194814 462.79397688433528 1657.5158131420612 1236.4332967549562 1910.7468727119267 1158.4332232922316 363.03207989782095 858.16305100917816 6025.632015157491 406.93247964978218 807.33933140337467 315.20932000502944
leaf_count=76467 339776 95445 9858 2680 10320 7574 11145 6959 2353 5160 42514 2540 5203 2012
internal_value=5.4056e-05 -0.000822717 0.000326699 -0.00272088 0.00689481 0.00263796 0.00835491 0.00319594 -0.00407729 -0.00480449 -0.00298384 -0.00640841 0.010202 -0.0133588
internal_weight=105982 43530.4 27658.8 11928.4 2120.31 15730.3 4668.65 2757.9 1599.47 9808.13 8098.07 6432.56 1665.5 1710.06
internal_count=620006 280230 184785 80287 13000 104498 28031 16886 9927 67287 55417 45054 10363 11870
is_linear=0
shrinkage=0.05


Tree=123
num_leaves=15
num_cat=0
split_feature=53 72 54 5 73 72 72 72 70 74 68 68 74 73
split_gain=23.3952 27.201 32.4056 26.048 24.747 21.5565 120.935 88.0936 172.983 248.396 140.795 141.479 88.1212 89.5489
threshold=-0.024381469003856179 0.0037568438565358524 0.46468260884284979 0.85088229179382335 0.64947044849395763 0.011205004528164865 0.010773160960525276 0.013089691288769247 0.0037414623657241468 0.017686319537460807 -0.022642364725470539 -0.029244812205433842 0.00033635373983997857 0.44729243218898779
decision_type=10 10 10 2 2 10 8 10 2 2 10 8 2 2
left_child=5 4 -3 -4 -2 6 -1 8 10 -10 11 -7 13 -12
right_child=1 2 3 -5 -6 7 -8 -9 9 -11 12 -13 -14 -15
leaf_value=0.00011437279654184989 -0.004159335229105149 -0.0074857364964155473 -0.01326944368610717 -3.3503090387027684e-05 0.014180031187956866 0.014556933263382799 -0.01363428736286678 -0.00047321504470213569 -0.0081164099300847694 0.02329837670726467 -0.0138149377588322 0.048794627485684465 0.017928083139131336 0.006781485774162592
leaf_weight=65607.676406811923 304.16308864578605 2859.7612123079598 389.82832036539912 5286.3896003440022 441.65013575926423 1090.2813252173364 1629.4121681526303 20032.725388195366 3367.8615651354194 763.36858872324228 713.35275417566299 415.27310911566019 1113.3237735405564 1941.9354116395116
leaf_count=386221 2325 22394 3002 33380 3598 5800 9217 108760 18669 3938 3778 2034 6097 10690
internal_value=4.2971e-05 -0.00235342 -0.00315531 -0.000964252 0.00674466 0.000273268 -0.000220788 0.00140139 0.00539041 -0.00226934 0.0113832 0.0242603 0.00618825 0.00121711
internal_weight=105957 9281.79 8535.98 5676.22 745.813 96675.2 67237.1 29438.1 9405.4 4131.23 5274.17 1505.55 3768.61 2655.29
internal_count=619903 64699 58776 36382 5923 555204 395438 159766 51006 22607 28399 7834 20565 14468
is_linear=0
shrinkage=0.05


Tree=124
num_leaves=15
num_cat=0
split_feature=27 68 72 72 70 72 84 68 68 72 68 71 72 71
split_gain=21.4113 29.7816 25.518 90.232 89.0851 65.3869 85.4288 139.252 102.294 92.0887 147.034 91.3241 87.5691 123.204
threshold=0.44151286780834204 0.029907493852078918 0.0080920867621898668 0.007961741182953121 -0.00090151707991026331 0.011205004528164865 1.5000000000000002 -0.037996767088770859 -0.034949358552694314 0.0098104388453066366 0.041905201971530921 -0.021385851316154 0.0087519907392561453 -0.014376746024936436
decision_type=2 8 8 10 2 10 2 8 8 10 10 2 10 2
left_child=1 -1 3 -2 -5 6 7 -4 -8 10 11 -10 -13 -14
right_child=2 -3 5 4 -6 -7 8 -9 9 -11 -12 12 13 -15
leaf_value=-6.9796906063999945e-05 0.00078903503393996498 -0.0087986875967325656 0.024677428498928167 0.0011982294419288497 0.032368300817175885 0.0010502508604721664 -0.024631509713951651 -0.00037088795772237154 0.011089954374192598 -0.010185011970530095 0.019205733244749362 -0.011820480087380993 -0.023583084269274572 0.0024280052145546536
leaf_weight=2561.7110959067941 48428.558446632698 1569.93633900024 584.04173453897238 464.87218513339758 443.75743735954165 29589.077305499464 622.17508102580905 8408.6958561353385 977.64140661805868 4155.6202388219535 794.62852977588773 2908.8672249428928 505.92989584431052 3860.9435766376555
leaf_count=14603 298621 9689 3026 2557 2331 161394 3517 48231 5197 23935 4600 16883 2851 22061
internal_value=0.000124244 -0.00339982 0.00026767 0.00108367 0.0166077 -0.000500584 -0.00251115 0.0012815 -0.00497715 -0.00403307 -0.00119944 -0.0031849 -0.0051156 -0.00063254
internal_weight=105876 4131.65 101745 49337.2 908.63 52407.6 22818.5 8992.74 13825.8 13203.6 9048.01 8253.38 7275.74 4366.87
internal_count=619496 24292 595204 303509 4888 291695 130301 51257 79044 75527 51592 46992 41795 24912
is_linear=0
shrinkage=0.05


Tree=125
num_leaves=15
num_cat=0
split_feature=13 52 74 5 0 74 74 74 68 68 73 74 68 69
split_gain=29.1463 23.8416 59.0366 24.4353 33.1942 22.5412 135.743 67.6457 206.742 38.9891 38.7199 71.2879 48.7855 92.3149
threshold=0.15902742743492129 inf -0.0018842347199097274 0.71594694256782543 0.05568096041679383 0.0069592213258147248 0.0067960366141051063 0.0082235885784029978 0.0018470055656507613 0.019834049046039585 0.80691090226173412 0.012280574068427088 0.029907493852078918 0.083111327141523375
decision_type=8 8 2 2 2 2 2 2 10 10 2 2 10 8
left_child=1 3 -3 4 -1 6 -5 8 -7 -8 12 -12 13 -9
right_child=-2 2 -4 5 -6 7 9 10 -10 -11 11 -13 -14 -15
leaf_value=-0.021287886653710713 -0.010471696163178227 0.019818353356134848 -0.00043798595955852384 -0.00019268094165099406 0.0023844874883196428 0.027159633088346975 -0.030997198869990628 -0.0012266642339272098 0.0008394265787949074 -0.0079469160562682158 0.026722339375159727 0.0018912026249416375 -0.0047949043318370188 0.0086361039677272568
leaf_weight=304.87524163909256 652.87939843535423 516.88240929692984 1132.2861097157001 78346.462317537516 276.13465847820044 975.77341800555587 432.3991365134716 10286.867124825716 3071.2656666301191 328.79525102302432 362.45062438771129 1298.6756389588118 4868.1774114519358 3073.0754246935248
leaf_count=2718 3828 2725 6174 461749 1518 4890 2562 56129 18595 2120 2167 7764 29164 17574
internal_value=-2.01238e-05 4.56822e-05 0.00599194 -4.95202e-05 -0.0101872 8.62386e-06 -0.000398183 0.0013527 0.00723674 -0.0212729 0.000152382 0.00743673 -0.000515154 0.00104675
internal_weight=105927 105274 1649.17 103625 581.01 103044 79107.7 23936.3 4047.04 761.194 19889.2 1661.13 18228.1 13359.9
internal_count=619677 615849 8899 606950 4236 602714 466431 136283 23485 4682 112798 9931 102867 73703
is_linear=0
shrinkage=0.05


Tree=126
num_leaves=15
num_cat=0
split_feature=69 57 68 69 69 69 73 74 74 73 74 4 74 69
split_gain=29.9271 59.3536 35.2181 189.783 127.161 99.2038 100.792 71.0449 92.0239 66.3797 151.339 185.242 99.9298 63.8134
threshold=-0.1383535638451576 0.094099089503288283 -0.028108102269470688 -0.078645620495080934 0.034159434959292419 0.019829462282359604 0.36165527999401098 -0.019179445691406723 -0.017591366544365879 0.30328534543514257 0.0097516253590583819 0.12500000372529033 -0.016549087129533287 -0.012004304677247999
decision_type=8 8 8 8 8 10 2 2 2 2 2 8 2 8
left_child=1 -1 4 -4 5 6 -2 -5 -9 10 11 -10 -11 -14
right_child=2 -3 3 7 -6 -7 -8 8 9 12 -12 -13 13 -15
leaf_value=0.016038017821948143 -0.0018625718170281278 -0.0037071922339215915 0.024554440257372929 -0.0090213069142319156 0.019509753034817796 -0.025428861115932871 -0.02434646928902337 0.019792944236050221 0.029847493248700691 -0.021204765465621663 -0.012697830049636351 0.00077870152238635132 0.004861000286163434 -0.00050597697713522895
leaf_weight=805.09065328538418 10185.636640066281 708.1772149540484 776.81492931768298 2171.9082302637398 596.42007289454341 505.45579878985882 514.26703204214573 579.9288068562746 984.00004660338163 556.36190801113844 702.09365965053439 1222.8352453671396 5942.280976973474 79662.857170118019
leaf_count=3778 55451 3749 4067 13015 3138 2937 2905 3021 4820 3116 3672 6138 31781 478180
internal_value=-0.000123765 0.006834 -0.000225261 0.000102698 -0.0027964 -0.00400002 -0.00296493 -0.000106815 0.000110134 -2.02265e-05 0.00739531 0.0138163 -0.000271414 -0.000132904
internal_weight=105914 1513.27 104401 92599.1 11801.8 11205.4 10699.9 91822.3 89650.4 89070.4 2908.93 2206.84 86161.5 85605.1
internal_count=619768 7527 612241 547810 64431 61293 58356 543743 530728 527707 14630 10958 513077 509961
is_linear=0
shrinkage=0.05


Tree=127
num_leaves=15
num_cat=0
split_feature=59 31 14 71 70 68 71 71 68 68 68 71 5 70
split_gain=19.154 18.6426 20.1601 38.4191 35.9356 93.0814 45.0908 41.6632 53.6798 49.2305 48.3347 38.7319 31.6403 29.63
threshold=7.5000000000000009 17.455427169799808 -0.057374905794858926 0.041986452415585525 -0.0084869600832462293 -0.065314467996358858 0.00021099071454955268 0.023198653012514118 0.050770904868841178 0.0064889176283031711 0.058957034721970565 -0.0097199608571827394 1.0182328820228579 -0.0071474877186119548
decision_type=10 2 8 2 2 10 2 2 10 10 10 2 2 2
left_child=1 -1 3 4 5 -3 11 10 9 -9 12 -7 13 -6
right_child=-2 2 -4 -5 7 6 -8 8 -10 -11 -12 -13 -14 -15
leaf_value=-0.0010084894908211669 -0.0074966030682217556 0.01625692113213292 8.6290677321064499e-05 -0.0079123136331874424 0.018119691111715408 -0.0071666767524395832 -0.018861263173963007 0.015528765914630142 0.02370479975514905 -0.003050408411287391 -0.010409132575226274 0.011053973499421058 -0.00076434888613718293 0.0042829882553985744
leaf_weight=26934.362860763445 820.71832799166441 511.73819325864315 60707.56841859594 913.54544532671571 399.69359168037772 1196.547219350934 595.21646454930305 630.21192996203899 534.05445007234812 798.68616377934813 676.51921663433313 375.04493527859449 3396.7038308754563 7396.5238090008497
leaf_count=155815 4653 2688 363136 5285 1993 6645 3310 3253 3050 4447 4206 2019 18559 40617
internal_value=6.58614e-05 0.000125643 0.00051669 0.00201531 0.00256906 -0.00272413 -0.007261 0.00359527 0.0103254 0.00519486 0.00247449 -0.0027761 0.0032618 0.00501467
internal_weight=105887 105066 78132.1 17424.5 16510.9 2678.55 2166.81 13832.4 1962.95 1428.9 11869.4 1571.59 11192.9 7796.22
internal_count=619676 615023 459208 96072 90787 14662 11974 76125 10750 7700 65375 8664 61169 42610
is_linear=0
shrinkage=0.05


Tree=128
num_leaves=15
num_cat=0
split_feature=74 68 74 68 69 68 68 74 69 74 68 69 74 71
split_gain=22.05 34.1396 27.3573 32.3081 146.616 80.2589 94.6801 79.9247 112.128 93.9349 84.2393 88.8921 78.7313 72.8837
threshold=-0.031177265569567677 -0.052663978189229958 -0.028786783106625077 -0.028108102269470688 -0.078645620495080934 -0.037996767088770859 -0.03706304915249347 0.0021507190540432934 -0.044045876711606972 -0.00069350891862995912 -0.074038576334714876 -0.09301410615444182 -0.015288716182112692 -0.010321858804672955
decision_type=2 10 2 8 8 10 10 2 10 2 10 10 2 2
left_child=1 -1 -2 5 -5 7 -7 9 -9 10 12 -12 -4 -13
right_child=2 -3 3 4 -6 6 -8 8 -10 -11 11 13 -14 -15
leaf_value=0.00010912471626013479 0.012409069760445347 -0.016575768678896069 0.020015680839593208 0.021659676966040875 0.00011432134685469837 -0.030015294591926117 -0.0056553189036279905 -0.00072064323057466437 0.018210293960282963 -0.023549621664377619 -0.02181036602602017 -0.0062630418663702008 -0.00279246924139005 0.012581228141723647
leaf_weight=764.71814194694161 434.68859906122088 501.60966937988997 725.85603796690702 786.50669710338116 91219.26242525503 459.93902337923646 2692.8220634423196 2204.0780706144869 1201.8555260710418 529.43078512325883 686.70195870101452 2193.2725807800889 774.40743128210306 659.0539705529809
leaf_count=4762 2496 3117 3580 4071 540267 2625 14596 11658 6017 2910 3831 12099 3927 3532
internal_value=-4.58809e-05 -0.00657808 3.38461e-05 -1.8999e-05 0.000300835 -0.0024437 -0.00929273 -2.99925e-05 0.00599329 -0.00371808 -0.00159206 -0.00579792 0.00830201 -0.00188017
internal_weight=105834 1266.33 104568 104133 92005.8 12127.4 3152.76 8974.66 3405.93 5568.72 5039.29 3539.03 1500.26 2852.33
internal_count=619488 7879 611609 609113 544338 64775 17221 47554 17675 29879 26969 19462 7507 15631
is_linear=0
shrinkage=0.05


Tree=129
num_leaves=15
num_cat=0
split_feature=27 69 13 51 71 71 71 2 68 69 69 69 73 0
split_gain=17.5077 28.7619 22.3507 26.6213 22.4848 29.5148 25.4433 33.6334 21.5942 116.268 111.495 123.551 93.9311 115.339
threshold=0.4302241057157517 0.08138438314199449 0.15902742743492129 -0.55880886316299427 0.025505204685032371 0.012978110928088428 0.0013466962263919415 0.049708835780620582 -0.028108102269470688 -0.078645620495080934 0.034159434959292419 0.019829462282359604 0.27290432155132299 0.035523876547813422
decision_type=2 10 8 10 2 2 2 2 10 8 8 10 2 2
left_child=1 -1 3 4 5 6 7 -2 10 -10 11 -5 13 -11
right_child=2 -3 -4 8 -6 -7 -8 -9 9 12 -12 -13 -14 -15
leaf_value=0.00010555185884858779 0.020225105007751487 -0.0089174600141397331 -0.010616044607965894 -0.0019396014029082445 -0.0042052910657199537 0.019698603799460139 -0.0045610555062299898 0.00084746192676279474 0.019344095308475792 0.024034233910581959 0.019433168336418748 -0.027622886181967954 -0.00012700838076621661 -0.0057028468298409643
leaf_weight=2239.4308254159987 392.73283845558763 1448.0828446093947 478.82752308249474 11598.920131821185 472.15608911588788 405.05346687883139 496.94977924600244 506.43669380992651 780.80809073522687 864.86009057424963 571.74122880771756 478.08570944517851 84746.076828543097 514.64607846736908
leaf_count=13000 2045 8750 2837 62687 2531 2155 2854 2698 3997 4306 2977 2835 504232 2476
internal_value=-7.22783e-05 -0.00345231 4.98754e-05 0.000101067 0.00543904 0.00797645 0.00445961 0.00944046 -2.13588e-05 0.000259644 -0.00195074 -0.00297832 8.44005e-05 0.0129792
internal_weight=105995 3687.51 102307 101828 2273.33 1801.17 1396.12 899.17 99555.1 86906.4 12648.7 12077 86125.6 1379.51
internal_count=620380 21750 598630 595793 12283 9752 7597 4743 583510 515011 68499 65522 511014 6782
is_linear=0
shrinkage=0.05


Tree=130
num_leaves=15
num_cat=0
split_feature=59 73 69 72 69 72 69 69 73 72 69 72 69 69
split_gain=27.0185 21.8017 58.1696 118.826 54.7064 53.6528 67.3134 104.146 53.2716 72.9619 71.3473 89.3824 68.7031 120.757
threshold=7.5000000000000009 0.68766510486602794 0.1354017108678818 0.0052601569332182416 -0.02913612965494394 0.016872597858309749 -0.012004304677247999 -0.0020994962542317803 0.78125637769699108 0.0058709785807877788 0.027397851459681991 0.010591719299554827 0.075922116637229933 0.11933565512299539
decision_type=10 2 10 10 8 10 8 8 2 10 8 10 10 10
left_child=1 2 -1 -4 -3 6 -6 -8 10 12 11 -9 -10 -14
right_child=-2 4 3 -5 5 -7 7 8 9 -11 -12 -13 13 -15
leaf_value=0.00026986466716728564 -0.0090143386855570107 0.011973468679958139 0.033256925567369137 0.00010185693023752443 0.014292324578685482 -0.012097328706223338 -0.023606739878598144 0.028672814530417839 -0.021011889627858164 0.0053713301239673465 -0.0037485921185990874 -0.0020273984441419516 0.015473148241299244 -0.013473941110423555
leaf_weight=78638.971208853647 821.84847491234541 748.78684898465872 398.67684534192085 797.96396007016301 676.47068349644542 1162.2419783510268 515.2076973747462 382.9817454777658 532.27934182807803 5424.5159183815122 13727.072589233518 594.60731206461787 659.30755611881614 770.32490462809801
leaf_count=450262 4690 3923 1895 4162 3720 6757 3341 2239 3671 32470 89389 3595 4336 5114
internal_value=-3.87042e-05 3.2381e-05 0.000437071 0.011332 -0.00124969 -0.00165947 -0.00113345 -0.00160117 -0.00107751 0.00238473 -0.00281709 0.0101683 -0.00585831 -0.000109581
internal_weight=105851 105029 79835.6 1196.64 25193.8 24445 23282.8 22606.3 22091.1 7386.43 14704.7 977.589 1961.91 1429.63
internal_count=619564 614874 456319 6057 158555 154632 147875 144155 140814 45591 95223 5834 13121 9450
is_linear=0
shrinkage=0.05


Tree=131
num_leaves=15
num_cat=0
split_feature=31 8 53 69 69 74 71 69 71 74 69 60 13 18
split_gain=20.0141 24.3353 19.1586 42.7206 23.5672 26.0633 21.5377 26.5909 25.6125 25.1829 27.796 21.3519 21.0038 19.6639
threshold=17.687108993530277 1.0000000180025095e-35 -0.099457152187824235 -0.039398560300469392 0.0113120349124074 0.01998116355389357 -0.017622965388000008 0.082137607038021102 -0.0037254578201100226 -0.0077663431875407687 0.0782352350652218 1.0000000180025095e-35 -0.12132228910923003 71.981430053710952
decision_type=2 2 10 10 10 2 2 10 2 2 10 10 10 2
left_child=-1 2 12 11 -5 6 7 -6 9 -8 -11 -4 -2 -14
right_child=1 -3 3 4 5 -7 8 -9 -10 10 -12 -13 13 -15
leaf_value=-0.00076418558524586134 -0.0099951799567245675 0.00332274646872685 -0.018073000633975343 0.0055217674334290178 0.00036929870530274476 0.013082219963979472 0.0027238847379289968 0.015630964753220882 -0.0007531605702043024 -0.0033514616231318153 -0.014412107154079987 -0.0022147333031342963 0.001242868338851368 -0.0064481623306853588
leaf_weight=36323.862648503855 422.34262910857797 7750.4742200374603 515.40448317676783 1530.4040094278753 982.60180770419538 316.28175012022257 655.14183625206351 392.53974269330502 13341.734833978117 1269.1976138986647 1030.1844309456646 361.37800274044275 40230.393011562526 838.81050959229469
leaf_count=210422 2417 47444 2996 8907 5560 1879 3964 2177 87858 7803 6312 1958 225315 5193
internal_value=0.000187139 0.000683406 0.000352379 -0.000902133 -0.000414263 -0.000922092 -0.00118 0.0048072 -0.00168786 -0.00589189 -0.00834787 -0.0116355 0.000969094 0.00108425
internal_weight=105961 69636.9 61886.4 20394.9 19518.1 17987.7 17671.4 1375.14 16296.3 2954.52 2299.38 876.782 41491.5 41069.2
internal_count=620205 409783 362339 129414 124460 115553 113674 7737 105937 18079 14115 4954 232925 230508
is_linear=0
shrinkage=0.05


Tree=132
num_leaves=15
num_cat=0
split_feature=53 68 4 72 73 72 72 68 73 69 69 69 73 72
split_gain=24.6588 22.4526 46.0849 30.6574 29.3233 71.0656 75.8872 108.788 60.3043 43.1354 73.7305 66.3956 104.863 99.7535
threshold=-0.01812595501542091 0.063508495688438429 0.17500000447034839 0.0063069402240216741 0.78917726874351513 0.0058709785807877788 0.010516386013478042 0.051140634343028075 0.80214941501617443 0.15165715664625171 0.13652693480253222 0.1011449657380581 0.61819469928741466 0.007195517886430026
decision_type=10 10 10 10 2 10 10 10 2 10 10 10 2 10
left_child=1 4 3 -3 9 8 -7 -8 -6 10 11 -1 13 -13
right_child=-2 2 -4 -5 5 6 7 -9 -10 -11 -12 12 -14 -15
leaf_value=0.00061021814796446722 -0.0028699778084233583 -0.0010205190542635406 0.0010349440068807634 -0.019790476159540226 0.012570976327254577 0.01008275102845573 0.013299178506316662 -0.01782175998068336 -0.012557943846350221 -0.014546702278856405 0.011052547104460721 -0.0041732807026796962 -0.0077374587878772955 0.0073599685587552163
leaf_weight=74301.278662823141 6870.1950749494135 339.34008183330297 1458.7494148761034 601.80622185394168 304.42422125861049 3611.9627624154091 476.58472133055329 655.30245968699455 993.95574751868844 488.60159509629011 1528.4312864020467 4269.7523541525006 6580.9885079748929 3326.6327668502927
leaf_count=422283 48688 2249 8671 4034 1960 21071 2711 3800 6606 2903 8289 26388 40642 18894
internal_value=2.44226e-05 0.000225678 -0.00454143 -0.0131047 0.000344645 0.00371411 0.00654915 -0.00471648 -0.00661505 0.000119286 0.000200507 1.1815e-05 -0.00312254 0.000880432
internal_weight=105808 98937.8 2399.9 941.146 96537.9 6042.23 4743.85 1131.89 1298.38 90495.7 90007.1 88478.7 14177.4 7596.39
internal_count=619189 570501 14954 6283 555547 36148 27582 6511 8566 519399 516496 508207 85924 45282
is_linear=0
shrinkage=0.05


Tree=133
num_leaves=15
num_cat=0
split_feature=74 72 69 69 26 16 4 71 69 72 84 72 69 71
split_gain=21.8377 97.7994 126.429 83.7475 55.9165 53.0079 34.3838 29.5983 35.3252 27.4663 99.5978 124.953 152.722 111.551
threshold=0.017686319537460807 0.01400456251576543 1.0000000180025095e-35 0.030199509114027027 0.14248111844062808 -2.3071453571319576 0.091666668653488173 -0.00093168902094475914 0.078842524439096465 0.014212233014404775 2.5000000000000004 0.016601774841547016 -0.060190718621015542 0.0013466962263919415
decision_type=2 8 10 10 10 2 10 2 10 10 2 10 10 2
left_child=9 2 5 -4 6 -2 -3 -5 -9 -1 11 12 -11 -13
right_child=1 4 3 7 -6 -7 -8 8 -10 10 -12 13 -14 -15
leaf_value=-0.00050390442039740244 0.03894337600372369 -0.014696440187552895 -0.016195879013038577 -0.00096368200489167571 0.014262749092136262 0.01313975974881074 -0.0021898219893848529 0.02509237087746536 0.0060645947075224742 -0.0083012262845171599 0.0071751719753119546 0.0017014282715124636 0.015596863479099655 -0.014108766388931144
leaf_weight=87497.213661918417 396.03154687955976 808.12234434485435 443.63363726064563 586.06364644318819 372.03609414026141 420.85766931995749 1687.649644292891 377.13428669050336 684.26756779104471 1075.8993317596614 5335.3109900727868 2030.599383674562 1734.2154004760087 2460.9290738850832
leaf_count=519399 1930 4504 2567 3228 2038 2209 9316 2091 3973 5658 28995 10895 9291 13805
internal_value=-1.65877e-05 0.00297014 0.00941634 0.00285715 -0.00357639 0.0259691 -0.00628191 0.00805456 0.0129966 -0.000189143 0.00198891 -0.00180532 0.00645009 -0.00697315
internal_weight=105910 5775.8 2907.99 2091.1 2867.81 816.889 2495.77 1647.47 1061.4 100134 12637 7301.64 2810.11 4491.53
internal_count=619899 31856 15998 11859 15858 4139 13820 9292 6064 588043 68644 39649 14949 24700
is_linear=0
shrinkage=0.05


Tree=134
num_leaves=15
num_cat=0
split_feature=0 7 68 70 70 4 68 72 84 68 68 72 72 69
split_gain=19.7008 23.1653 17.9378 95.1095 84.6185 90.0157 64.2119 89.4974 69.1692 115.56 231.847 118.192 71.3527 90.9877
threshold=0.011147324927151205 0.038586350157856948 0.012093733064830305 -0.017683968879282471 -0.0015222362126223741 0.77500000596046459 0.042158441618084914 0.012761422898620369 1.5000000000000002 0.027743663638830188 0.033843660727143295 0.0061549986712634572 0.0098891700617969053 0.03457372076809407
decision_type=2 2 8 2 2 8 10 10 2 10 10 10 10 8
left_child=1 -1 -2 -4 5 6 7 8 9 -5 -11 -12 13 -10
right_child=2 -3 3 4 -6 -7 -8 -9 12 10 11 -13 -14 -15
leaf_value=-0.02105913229405839 -0.00079713300910086524 0.0014175978551824705 -0.021424603754847713 0.0012407444634987279 -0.0004364581498336993 0.025553519265406173 -0.0028303036843455101 0.021350456594248245 0.027088612557235964 0.035369044969359227 -0.02113362209405048 0.012874253656832944 -0.011676993252163851 0.0013043104517817298
leaf_weight=231.0969416052103 42227.955263078213 216.28665639832616 479.278887655586 2487.8887665681541 45115.996250022203 447.61557548493147 3615.8881853446364 749.31778454035521 350.74137867242098 946.13200395554304 364.51631280034781 794.24773854762316 984.92926939949393 6666.8895596377552
leaf_count=4061 232339 3118 3021 14516 275058 2286 21121 4016 1877 5411 2443 4276 5525 39521
internal_value=-4.48679e-05 -0.0103994 1.3759e-07 0.000534549 0.000706276 0.0036664 0.00307405 0.00467482 0.00366661 0.00855046 0.0171435 0.00208699 0.000856522 0.00262972
internal_weight=105679 447.384 105231 63003.4 62524.2 17408.2 16960.6 13344.7 12595.3 4592.78 2104.9 1158.76 8002.56 7017.63
internal_count=618589 7179 611410 379071 376050 100992 98706 77585 73569 26646 12130 6719 46923 41398
is_linear=0
shrinkage=0.05


Tree=135
num_leaves=15
num_cat=0
split_feature=68 69 69 69 74 74 74 74 69 69 68 68 68 69
split_gain=21.104 120.302 90.9601 89.1015 78.4379 105.988 57.123 94.1202 60.3921 118.134 210.221 116.555 68.0532 147.027
threshold=-0.028108102269470688 -0.078645620495080934 0.034159434959292419 0.019829462282359604 -0.019179445691406723 -0.017591366544365879 -0.016549087129533287 -0.015288716182112692 -0.012004304677247999 -0.026822932995855805 0.052324304357171066 0.044730186462402351 -0.014754017814993857 0.020825006999075416
decision_type=8 8 8 10 2 2 2 2 8 10 10 10 8 8
left_child=2 -2 3 -1 -3 -6 -7 -8 9 11 -11 -9 13 -10
right_child=1 4 -4 -5 5 6 7 8 12 10 -12 -13 -14 -15
leaf_value=-0.0020347726820236153 0.019411090853472118 -0.0094954740525739958 0.017064135227056149 -0.023596829229143797 0.021184360148549897 -0.014449388715998405 0.019715078095297565 -0.0034507482325633076 -0.0068772719844026227 0.024740943876625211 -0.014073327513861915 0.019124222803861005 -0.00064052397959628532 0.013506235242818279
leaf_weight=12153.25877442956 793.39216975867748 2124.0380198396742 588.43053646758199 488.9611834436655 587.93658825010061 662.95182160288095 601.90326162427664 3537.4893642794341 1373.8259097859263 1413.5684888884425 454.78362606093287 671.62784188240767 77909.221270205453 2449.6376697197556
leaf_count=65731 4032 12864 3042 2940 3041 3642 3139 18861 7359 7410 2685 3454 468506 12842
internal_value=-0.00012007 0.000146946 -0.00198719 -0.00288672 -2.1667e-05 0.000203793 6.29492e-05 0.000173391 3.72108e-05 0.00484166 0.0152684 0.000188217 -0.000320587 0.00618331
internal_weight=105811 92580.4 13230.7 12642.2 91787 89662.9 89075 88412.1 87810.2 6077.47 1868.35 4209.12 81732.7 3823.46
internal_count=619548 547835 71713 68671 543803 530939 527898 524256 521117 32410 10095 22315 488707 20201
is_linear=0
shrinkage=0.05


Tree=136
num_leaves=15
num_cat=0
split_feature=70 70 70 71 71 73 73 74 70 71 71 71 52 74
split_gain=19.2362 136.396 74.5653 123.308 144.807 108.289 102.669 67.2761 139.071 124.072 84.9108 71.3336 64.5939 62.26
threshold=-0.0094763874076306803 -0.012401808984577654 -0.015920021571218964 -0.0002741747885011136 -0.0071734928060322991 0.39324033260345465 0.56056228280067455 -0.0087800291366875154 -0.0061899872962385407 -0.018332001753151413 -0.0014267357764765618 0.021356992423534397 0.15182222425937655 -0.011536268051713703
decision_type=2 2 2 2 2 2 2 2 2 2 2 2 10 2
left_child=1 2 3 4 -1 12 -7 8 9 -2 -10 -12 -4 -11
right_child=7 -3 5 -5 -6 6 -8 -9 10 13 11 -13 -14 -15
leaf_value=-0.0018591990032569728 0.034350382716707477 -0.011148318014137064 0.021253056645203966 -0.019427152559192529 0.027603445516965988 -0.013355154966010797 0.011222569309718419 -0.00017184422091329568 -0.019283569115186951 -0.0010164640669288159 0.0091649804258937036 -0.014265991412438592 -0.0016962603112173444 0.014098357816734412
leaf_weight=4946.6447574850172 513.46212438121438 3029.3602820076048 1294.1054991334677 884.0685191899538 445.36680932343006 908.06621624156833 781.23702705651522 87756.255207356066 647.79313915222883 1170.8150986190885 1078.2047214210033 453.22227741032839 399.02368491515517 1615.360389739275
leaf_count=28599 2629 17140 6595 5138 2264 5099 4411 518654 3642 6523 6084 2571 1992 8836
internal_value=-8.46133e-05 -0.00191035 0.000995635 -0.00222951 0.000620936 0.00696881 -0.00198976 0.00016402 0.00553416 0.011994 -0.00425702 0.00218307 0.0158663 0.00776584
internal_weight=105923 12687.9 9658.51 6276.08 5392.01 3382.43 1689.3 93235.1 5478.86 3299.64 2179.22 1531.43 1693.13 2786.18
internal_count=620177 71238 54098 36001 30863 18097 9510 548939 30285 17988 12297 8655 8587 15359
is_linear=0
shrinkage=0.05


Tree=137
num_leaves=15
num_cat=0
split_feature=69 74 69 71 74 69 70 26 74 72 68 72 72 68
split_gain=21.2626 74.5505 60.185 88.4107 96.3919 85.2982 80.9416 79.6909 71.7787 69.551 88.963 66.0104 122.683 120.57
threshold=0.1011449657380581 -0.0042130858637392512 0.090698454529047026 0.0099367350339889544 -0.0092260362580418569 0.085665073245763793 0.00028452508558984851 0.18693737685680392 0.002208277466706932 0.00649542035534978 0.040277965366840369 0.0080920867621898668 0.0099362293258309382 -0.014754017814993857
decision_type=10 2 10 2 2 10 2 10 2 10 10 8 10 8
left_child=2 -2 5 4 -4 11 8 9 -6 10 -5 -1 13 -13
right_child=1 -3 3 7 6 -7 -8 -9 -10 -11 -12 12 -14 -15
leaf_value=0.0020281768347942611 0.0036774009813798736 -0.0031387306114068246 0.016731053837788976 0.045600373554722032 -0.015616530095532622 -0.007887448000897827 0.0044299287881800521 -0.0037072137354708292 0.0090476461947439218 0.0097941490572940378 0.009989744042879195 0.0035770429736404364 0.00049047512547281972 -0.0088804065741240074
leaf_weight=30755.170230787247 5320.3580218013376 16211.676771957427 728.2851783297956 374.148647274822 1428.0325961131603 3349.9773840308189 1780.376075213775 631.04097554460168 364.01700206845999 1363.5307549349964 335.80036989971995 2586.8418776020408 32890.899219747633 7730.0211540684104
leaf_count=189976 31256 99873 3676 2248 8307 20843 10244 3584 1948 7289 2196 14191 180088 44122
internal_value=-5.1655e-05 -0.00145361 0.000306486 0.00474087 0.000280794 -9.58692e-05 -0.00311015 0.0118061 -0.0105841 0.0165225 0.0291295 0.000258051 -0.0010021 -0.0057564
internal_weight=105850 21532 84318.1 7005.23 4300.71 77312.9 3572.43 2704.52 1792.05 2073.48 709.949 73962.9 43207.8 10316.9
internal_count=619841 131129 488712 39492 24175 449220 20499 15317 10255 11733 4444 428377 238401 58313
is_linear=0
shrinkage=0.05


Tree=138
num_leaves=15
num_cat=0
split_feature=74 27 0 70 71 70 69 72 68 29 70 68 71 71
split_gain=29.4738 23.1749 33.4593 29.4353 46.4315 66.3889 58.824 61.0999 55.3826 39.8085 37.0452 81.7652 48.459 70.3116
threshold=-0.04474180564284324 0.80554369091987621 0.01586711406707764 0.0041715251281857499 -0.0066218213178217402 0.011808764189481737 -0.078645620495080934 0.016111821867525581 0.001090721052605659 0.076584883034229292 -0.0094763874076306803 -0.065314467996358858 -0.0052936824504286042 -0.0029069539159536357
decision_type=2 2 2 2 2 2 8 10 8 2 2 8 2 2
left_child=-1 2 -2 10 5 -5 -6 9 -7 -8 11 -4 -12 -14
right_child=1 -3 3 4 6 8 7 -9 -10 -11 12 -13 13 -15
leaf_value=-0.013874859009503502 -0.0068948679852042505 0.00061238134274864962 0.014790496557198149 -0.01767047120598127 0.016109438103058281 -0.0094825334834727944 0.0025546023246220979 -0.012772430373183152 0.013467436441787559 -0.0040562472503593693 0.0051983228736844503 -0.0072905184233107365 -0.013067383771265205 0.00061111473061611367
leaf_weight=373.35320000723004 2197.0180684812367 63880.641383435577 474.8223592415452 1109.9572840929031 461.13060680031776 644.5678479000926 4788.1976478174329 1149.0774611979723 429.30119886249304 4324.4711511433125 5528.4875093251467 3110.7934089452028 986.5182199627161 16405.897199250758
leaf_count=2577 20394 373368 2369 6110 2375 3362 27286 6428 2243 25401 29288 17315 5682 95738
internal_value=-3.59934e-05 1.42956e-05 -0.000903821 -0.000568197 -0.00252539 -0.00915336 -0.00116826 -0.00195959 -0.000268206 -0.000583623 0.000385402 -0.00433345 0.00112516 -0.000171809
internal_weight=105864 105491 41610.2 39413.2 12906.7 2183.83 10722.9 10261.7 1073.87 9112.67 26506.5 3585.62 22920.9 17392.4
internal_count=619936 617359 243991 223597 73205 11715 61490 59115 5605 52687 150392 19684 130708 101420
is_linear=0
shrinkage=0.05


Tree=139
num_leaves=15
num_cat=0
split_feature=72 73 51 74 72 5 70 69 69 74 73 72 73 74
split_gain=19.1617 20.1596 39.8048 38.4081 70.1307 61.6559 51.9517 65.4568 48.1068 60.7276 65.2961 79.6692 64.0733 60.2244
threshold=0.0024105233605951075 0.71822267770767223 -0.001208388479426503 0.017686319537460807 0.016872597858309749 0.9485214650630952 0.011142774950712921 -0.012004304677247999 -0.0020994962542317803 -0.010871912352740763 0.78125637769699108 0.005924888653680683 0.79466253519058239 0.0051510839257389316
decision_type=10 2 8 2 10 2 2 8 10 2 2 10 2 2
left_child=-1 -2 3 4 6 -5 7 -3 -9 -10 13 12 -12 -11
right_child=1 2 -4 5 -6 -7 -8 8 9 10 11 -13 -14 -15
leaf_value=-0.011060121499167736 0.00043359297389368109 0.01187141488205219 0.010470523071891245 -0.0071770704440098773 -0.015990038740174555 0.017226689619921711 -0.012113144716491699 -0.010115090580984804 0.015885035739084067 -0.0076732013313637482 0.011016532859991723 0.0073008727007849153 -0.011657352913606152 0.0026374367544852876
leaf_weight=375.03045313991606 86855.970295824111 934.18926039338112 672.18995035067201 427.86182581633329 891.27818619459867 628.40401820838451 1093.8828467018902 1514.2133440859616 518.47743004560471 4787.4063182268292 405.25108608230948 3359.7131131403148 1249.4868392534554 2003.5353156328201
leaf_count=2813 500692 4911 4383 2576 5276 3634 6690 10077 2861 31372 2687 19836 8453 12848
internal_value=7.3779e-05 0.000114463 -0.00138439 -0.00183735 -0.00242157 0.00736685 -0.00164977 -0.00086729 -0.00173521 -0.000698225 -0.00143937 0.00288473 -0.00607162 -0.00463184
internal_weight=105717 105342 18485.9 17813.7 16757.4 1056.27 15866.2 14772.3 13838.1 12323.9 11805.4 5014.45 1654.74 6790.94
internal_count=619109 616296 115604 111221 105011 6210 99735 93045 88134 78057 75196 30976 11140 44220
is_linear=0
shrinkage=0.05


Tree=140
num_leaves=15
num_cat=0
split_feature=73 73 69 69 73 62 9 73 69 69 69 73 73 73
split_gain=21.8423 48.8 36.0679 56.716 30.2934 18.1862 36.2103 22.5702 144.704 91.8649 85.1374 70.0581 69.0971 86.2018
threshold=0.85966211557388317 0.85278713703155529 0.060013568028807647 1.0000000180025095e-35 0.89463898539543163 1.0000000180025095e-35 0.017443797551095489 0.31674617528915411 0.042114155367016799 0.049500988796353347 0.013193483930081131 0.32804124057292944 0.2972214818000794 0.22354310005903247
decision_type=2 2 10 10 2 2 2 2 10 10 10 2 2 2
left_child=1 5 3 -2 -5 7 -7 8 10 -10 -1 -9 13 -12
right_child=2 -3 -4 4 -6 6 -8 11 9 -11 12 -13 -14 -15
leaf_value=0.0018112962500454863 -0.0099708799419201116 0.017495250426921037 -0.015930791182459218 -0.0021136972252704315 0.01757118111660427 -0.010407289274578554 0.0054488801215101159 -0.014331252886434108 0.033861348680315609 0.0069533630575857822 0.00067847836528342302 4.7757096280761864e-05 0.0065602146723748398 -0.029767809441796335
leaf_weight=11873.536610104144 850.48083913326263 396.05022025480866 540.34489518031478 355.63456296734512 418.72454325482249 1070.5742619261146 532.34630743414164 845.49928670749068 521.68119945004582 803.2855099439621 371.93507350608706 86395.747379180044 382.46241126954556 608.10635963268578
leaf_count=63116 5510 2328 3684 2403 2349 5846 2919 4907 2294 3796 2157 513725 2076 3525
internal_value=9.16221e-05 0.000195515 -0.00486709 -0.00111289 0.00861895 0.00012757 -0.00514016 0.000211009 0.00203261 0.0177222 0.000449848 -9.32238e-05 -0.0113412 -0.018323
internal_weight=105966 103801 2165.18 1624.84 774.359 103405 1602.92 101802 14561 1324.97 13236 87241.2 1362.5 980.041
internal_count=620635 606689 13946 10262 4752 604361 8765 595596 76964 6090 70874 518632 7758 5682
is_linear=0
shrinkage=0.05


Tree=141
num_leaves=15
num_cat=0
split_feature=72 71 69 69 72 70 68 69 69 74 68 72 68 68
split_gain=18.5796 80.5076 68.9615 46.8711 37.8965 38.5223 53.7363 70.363 40.9259 57.4242 36.9801 54.5719 36.2048 33.075
threshold=0.0037568438565358524 0.016585333272814754 0.054717440158128745 0.10902005061507226 0.0045173054095357665 -0.0061899872962385407 0.0099753849208354967 0.053651142865419395 0.10902005061507226 -0.006456520874053239 0.015907374210655693 0.0035453670425340538 0.032716641202569015 0.042627625167369849
decision_type=8 2 8 8 10 2 10 10 10 2 10 10 10 10
left_child=1 2 -1 10 5 -2 -7 -8 9 -9 11 -4 -12 -11
right_child=4 -3 3 -5 -6 6 7 8 -10 13 12 -13 -14 -15
leaf_value=0.017923041600644545 0.012914316892397868 0.02490306174075977 -0.022498305751102503 -0.012053047503347276 7.9755988674136047e-05 -0.016944133871430074 0.019646770643972238 -0.026975592338282801 0.0055652344410598012 -0.0029319952543771783 0.0082027850189676267 0.0031237915419477184 -0.00606855195668724 -0.01626604804057211
leaf_weight=527.30102530866861 316.9158436730504 375.6255780570209 342.45329213887453 781.70853905379772 94342.411419698969 775.11569580808282 314.5357224047184 303.10211244598031 858.96318139322102 3497.2186433505267 1798.9574149288237 501.35485074296594 581.04074193537235 527.82277104631066
leaf_count=3224 1902 2179 2293 5652 543271 5108 1973 1937 5585 23731 12265 3236 3986 3421
internal_value=-3.03357e-05 0.00297052 0.00110219 -0.00115129 -0.000176545 -0.00383827 -0.00470331 -0.00295111 -0.00435656 -0.00633393 0.00152127 -0.00741646 0.00470784 -0.00471653
internal_weight=105845 4908.44 4532.82 4005.51 100936 6593.67 6276.76 5501.64 5187.11 4328.14 3223.81 843.808 2380 4025.04
internal_count=619763 32835 30656 27432 586928 43657 41755 36647 34674 29089 21780 5529 16251 27152
is_linear=0
shrinkage=0.05


Tree=142
num_leaves=15
num_cat=0
split_feature=21 27 0 13 53 73 69 74 70 69 69 70 73 69
split_gain=24.3917 25.0715 36.8312 23.8402 16.7645 16.534 93.1185 81.3976 91.042 82.1892 120.1 79.042 66.2792 112.136
threshold=6.2111778259277353 0.5065525770187379 0.027226962149143222 0.15902742743492129 -0.051126385107636445 0.31674617528915411 0.042114155367016799 0.0021507190540432934 -0.0065441543702036134 -0.10851569846272467 -0.12452897801995276 0.013018271885812284 0.42794576287269598 0.09693481028079988
decision_type=10 2 2 8 8 2 10 2 2 10 8 2 2 8
left_child=-1 2 4 5 -2 6 7 8 9 10 -3 -9 13 -7
right_child=1 3 -4 -5 -6 12 -8 11 -10 -11 -12 -13 -14 -15
leaf_value=-0.0029919164306010174 -0.0042072484124238323 -0.001530461638812665 -0.00027485161615107201 -0.011307819818899112 -0.012746068617408554 -0.0053161617261337632 0.016457268918701678 0.012829757951293846 -0.010076042475309089 -0.0038372623678421705 0.026622506671558535 -0.0002660518218422498 0.00061598273404075575 0.013030582409915404
leaf_weight=7088.5043057501316 1349.5056888870895 849.89192152395844 4753.4032806456089 432.90273030102253 1011.8111821934581 9363.0330764688551 1015.1094760373235 2129.3509248383343 2620.6187635120004 2385.7365910410881 671.97954871878028 2496.2481548301876 68791.470105741173 904.55842899903655
leaf_count=39762 8403 4341 26281 2600 7280 51970 4621 10785 14092 13444 3438 13298 414785 5066
internal_value=-0.000160932 4.25121e-05 -0.00281458 0.000264562 -0.00790441 0.00032071 0.00203562 0.000709545 -0.00288447 0.00195193 0.0109931 0.00577715 5.65226e-05 -0.00368874
internal_weight=105864 98775.6 7114.72 91660.9 2361.32 91228 12168.9 11153.8 6528.23 3907.61 1521.87 4625.6 79059.1 10267.6
internal_count=620166 580404 41964 538440 15683 535840 64019 59398 35315 21223 7779 24083 471821 57036
is_linear=0
shrinkage=0.05


Tree=143
num_leaves=15
num_cat=0
split_feature=74 71 84 14 69 71 70 74 73 73 72 74 70 68
split_gain=25.6587 25.4061 62.1107 32.8203 26.8137 40.5618 36.9528 44.6397 108.212 109.757 56.6612 133.348 93.0063 122.275
threshold=-0.04474180564284324 0.048369815573096282 2.5000000000000004 -0.014749411493539808 -0.1383535638451576 -0.0302647091448307 0.028627929277718071 0.022159884683787826 0.37032879889011389 0.52248793840408336 0.019033129326999191 0.010403165593743326 -0.0061899872962385407 -0.028108102269470688
decision_type=2 2 2 8 8 2 2 2 2 2 10 2 2 10
left_child=-1 4 3 -3 5 -2 7 10 -9 -10 -6 12 -12 -14
right_child=1 2 -4 -5 6 -7 -8 8 9 -11 11 -13 13 -15
leaf_value=-0.013001568530139982 -0.0001420151256201004 -0.019350069137104305 0.0069071802820091666 -0.0034875639200200254 -0.00026871224483403076 0.018610579029394347 -0.012510551188838174 -0.0064403456317951085 0.038085363383047167 0.0045878340502743514 0.013048421992342921 0.028251259487087978 -0.023273738143462317 0.0074984081434537391
leaf_weight=372.00429999828339 703.32227310910821 686.66930959373713 651.11685709282756 623.03591355495155 97108.016648387536 478.56513683497906 576.80500361323357 742.02825082838535 412.50567746907473 588.12608005851507 960.2438287474215 571.6553789768368 617.07475128211081 657.82282119616866
leaf_count=2589 3569 4238 3766 3841 571781 2041 3449 3891 2139 3324 5178 2911 3249 3439
internal_value=-6.65427e-05 -1.96498e-05 -0.00564328 -0.0118878 8.75124e-05 0.00754365 5.85771e-07 7.27976e-05 0.00798333 0.0186372 -6.59588e-05 0.00692485 0.00136891 -0.00746111
internal_weight=105749 105377 1960.82 1309.71 103416 1181.89 102234 101657 1742.66 1000.63 99914.8 2806.8 2235.14 1274.9
internal_count=619405 616816 11845 8079 604971 5610 599361 595912 9354 5463 586558 14777 11866 6688
is_linear=0
shrinkage=0.05


Tree=144
num_leaves=15
num_cat=0
split_feature=73 73 72 26 68 66 68 68 72 73 73 70 73 68
split_gain=22.1503 38.4718 34.8546 34.756 27.1068 20.2549 20.2228 96.0763 115.181 60.8685 57.5168 92.6313 89.7555 115.709
threshold=0.85966211557388317 0.85278713703155529 0.0060906491708010444 0.059946104884147651 0.053079243749380119 0.055638084188103683 -0.028108102269470688 -0.025394651107490059 0.013216759078204634 0.37318146228790289 0.27290432155132299 0.002698272000998259 0.34461727738380438 -0.022642364725470539
decision_type=2 2 10 8 10 10 10 10 10 2 2 2 2 10
left_child=1 6 -2 -4 -5 -6 9 8 -8 -1 11 -9 -12 -14
right_child=2 -3 3 4 5 -7 7 10 -10 -11 12 -13 13 -15
leaf_value=-0.001178942229193315 -0.019388141589884389 0.015407388983618264 0.0067670528865558998 0.0036539738897686056 -0.021259839685707604 -0.0050109362825745971 0.02961934124270528 0.021268359488873668 -0.0051379103264960523 -0.019883733037655577 -0.008900370730396413 -0.0070585705871785108 -0.023359223488628792 0.00036947329737379919
leaf_weight=13930.293814573437 345.70440760627389 395.47589828819036 665.75419686362147 364.43157317861915 361.42294314131141 413.51408156752586 585.89610707759857 769.35942624509335 392.94887195900083 439.0389997959137 2774.9728680625558 451.97651353105903 506.93988050892949 83447.514706533402
leaf_count=75392 2481 2305 4039 2291 2410 2683 2851 3596 2146 2414 14903 2345 2889 497302
internal_value=-6.82329e-05 3.61721e-05 -0.00507862 -0.00224644 -0.00752625 -0.0127636 -2.41617e-05 0.00025711 0.0157555 -0.00176388 8.28497e-05 0.0108133 -6.94872e-05 0.000223428
internal_weight=105845 103694 2150.83 1805.12 1139.37 774.937 103299 88929.6 978.845 14369.3 87950.8 1221.34 86729.4 83954.5
internal_count=620047 606143 13904 11423 7384 5093 603838 526032 4997 77806 521035 5941 515094 500191
is_linear=0
shrinkage=0.05


Tree=145
num_leaves=15
num_cat=0
split_feature=53 68 68 9 68 68 73 2 73 68 73 68 13 68
split_gain=19.6505 19.0208 91.9481 66.6979 63.3626 74.6097 48.3758 96.7613 76.0217 105.637 77.2339 60.1992 48.07 51.4299
threshold=-0.023461416363716122 -0.028108102269470688 -0.025394651107490059 -0.0025713435607030983 -0.037996767088770859 -0.03706304915249347 0.27290432155132299 0.033372525125741966 0.34461727738380438 -0.022642364725470539 0.3586434274911881 -0.01963784638792276 0.016941711306571964 -0.045510644093155854
decision_type=10 10 10 2 10 10 2 2 2 10 2 10 8 8
left_child=1 4 3 -3 12 -6 7 -4 11 -10 -11 -8 13 -1
right_child=-2 2 6 -5 5 -7 8 -9 9 10 -12 -13 -14 -15
leaf_value=-0.0007395162597765545 -0.0021937924490400278 0.029004003240124112 0.020433691471069337 0.0026334188168472428 -0.026796035984626872 -0.0045660151522703271 0.0083802936532067756 -0.0091272767538343406 -0.022606810306366579 0.015724746383548826 0.00049125335885282255 -0.01135227271426723 -0.0089529030784642836 0.0073279166419097834
leaf_weight=7032.0382555071265 8862.5257267989218 474.08621469885111 791.70137388259172 479.47254570946097 430.64344922825694 2681.3269936777651 458.59254095330834 415.6206987798214 481.08232627809048 831.20167727023363 76621.600169755518 2250.972281485796 1222.4461708106101 2736.5312666036189
leaf_count=37986 62183 2308 3863 2489 2522 14681 2322 1975 2769 4448 448974 12238 6695 14303
internal_value=5.84386e-05 0.000264618 0.000553739 0.0159092 -0.00143212 -0.00771825 0.000372928 0.0102659 0.000223564 0.000510257 0.000656744 -0.00799401 0.00035312 0.00152565
internal_weight=105770 96907.3 82804.3 953.559 14103 3111.97 81850.8 1207.32 80643.4 77933.9 77452.8 2709.56 10991 9768.57
internal_count=619756 557573 481386 4797 76187 17203 476589 5838 470751 456191 453422 14560 58984 52289
is_linear=0
shrinkage=0.05


Tree=146
num_leaves=15
num_cat=0
split_feature=72 31 6 12 59 72 0 72 2 68 53 68 68 72
split_gain=21.2075 20.9226 26.8593 20.738 19.9141 19.7348 33.6565 26.0126 29.7012 24.5984 34.6631 34.1546 27.7867 23.6851
threshold=0.0024105233605951075 17.676752090454105 0.03390281833708287 -0.29472605884075159 7.5000000000000009 0.0090500498190522211 0.026348319835960868 0.0063372445292770871 0.029505738988518718 0.0050384802743792543 -0.21898809075355527 0.010974097531288864 0.023331013508141044 0.0065625011920928964
decision_type=10 2 10 10 10 10 2 10 2 10 10 10 10 10
left_child=-1 3 -3 -2 -4 7 -7 9 13 10 -5 -11 -13 -9
right_child=1 2 4 5 -6 6 -8 8 -10 11 -12 12 -14 -15
leaf_value=-0.011832092603489157 0.0020301541941787362 -0.0031768681897897319 0.00083168844597683242 -0.0060411144892235681 -0.008360466360622985 -0.0080712544568786581 -0.0016722244863109838 0.013017750488928316 -0.0016354633384777597 -0.014817883467507176 0.013083482981239642 0.0021562905841531919 -0.004224574507057292 0.0027451877736340176
leaf_weight=371.2436557598412 4855.9374117776752 4662.1037069112062 64536.354768317193 393.66691315546632 584.7000033184886 2605.8489670399576 9620.7581072151661 638.99346324801445 4146.1245045214891 572.36277194321156 568.04321270063519 2452.9409728106111 5556.0556555334479 4223.485510610044
leaf_count=2824 27561 26309 380847 2164 3357 15686 52089 3759 22437 3579 3429 15327 35646 24780
internal_value=-6.06629e-05 -1.80896e-05 0.00048526 -0.00100367 0.000747884 -0.00148282 -0.00304153 -0.000454464 0.00147173 -0.00227242 0.0052734 -0.00312323 -0.00227003 0.00411908
internal_weight=105789 105417 69783.2 35634.2 65121.1 30778.3 12226.6 18551.7 9008.6 9543.07 961.71 8581.36 8009 4862.48
internal_count=619794 616970 410513 206457 384204 178896 67775 111121 50976 60145 5593 54552 50973 28539
is_linear=0
shrinkage=0.05


Tree=147
num_leaves=15
num_cat=0
split_feature=15 51 57 27 69 72 72 58 24 71 0 72 72 51
split_gain=17.4241 22.6506 20.2832 25.1038 25.4178 31.2257 30.7368 32.2217 24.1073 24.3822 23.6143 21.9711 28.6727 58.5512
threshold=16.267513275146488 -0.16653330624103543 0.011327737942337992 0.4302241057157517 0.14754705131053927 0.0041028575506061324 0.0062103387899696836 -0.0014585495227947829 0.0080411578528583067 0.010391716379672291 0.013799453154206278 0.0047534215264022359 0.0054202263709157714 -0.091930858790874467
decision_type=8 8 8 2 8 10 10 2 2 2 2 10 10 8
left_child=1 -1 3 -2 5 -5 -6 -8 10 -10 -7 -4 13 -13
right_child=2 -3 11 4 6 8 7 -9 9 -11 -12 12 -14 -15
leaf_value=-0.0022552137380166364 -0.012002037269077347 0.001893443703201096 -0.0024358166514861657 0.0059752803157494747 -0.019554754580666772 -0.018850561840784961 0.0089867252216205545 -0.0083876572221704814 0.0018142911790740915 -0.0027382569212275215 -0.004182555482511988 0.011594944971339404 8.6334998240009469e-05 -0.00098933910991891023
leaf_weight=3964.9537967965007 579.42727939598262 19112.23794026114 7849.2274567764252 1492.599711978808 384.44209660589695 304.74919236451387 359.77044015750289 954.27009472995996 5427.8802451118827 6396.3501996546984 2236.1720732785761 1656.4072902612388 52949.028132434934 2072.3665756750852
leaf_count=21279 3917 112848 50018 10906 3043 3851 2194 5979 33600 39179 13974 9378 296144 13383
internal_value=-3.44727e-05 0.00117998 -0.000373618 -0.00185049 -0.0015088 -0.00088392 -0.00730365 -0.00359879 -0.00160028 -0.000648655 -0.00600879 4.16864e-05 0.000385161 0.00461695
internal_weight=105740 23077.2 82662.7 18135.7 17556.2 15857.8 1698.48 1314.04 14365.2 11824.2 2540.92 64527 56677.8 3728.77
internal_count=619693 134127 485566 116643 112726 101510 11216 8173 90604 72779 17825 368923 318905 22761
is_linear=0
shrinkage=0.05


Tree=148
num_leaves=15
num_cat=0
split_feature=72 73 72 69 69 72 73 71 72 73 69 71 71 72
split_gain=19.8478 24.5683 19.358 52.4852 66.0586 88.8389 49.9369 46.8088 37.1399 56.078 76.2745 54.8014 51.1072 49.3842
threshold=0.002945420797914267 0.73403185606002819 0.0036886010784655814 0.05322465859353543 0.075922116637229933 0.0034436949063092475 0.65972560644149791 0.0061792263295501479 0.0045173054095357665 0.5629803240299226 0.053651142865419395 0.004756052279844881 -0.011068730149418114 0.0040517377201467761
decision_type=10 2 10 8 10 10 2 2 10 2 10 2 2 10
left_child=1 -1 3 -2 6 -6 7 -5 9 11 -11 12 -4 -12
right_child=2 -3 8 4 5 -7 -8 -9 -10 10 13 -13 -14 -15
leaf_value=-0.015731535424237338 0.02209983994217472 0.0027457757586209107 0.0013460541216932967 -0.0026921755192452317 0.032329277830515736 -0.0037232934508353802 -0.011061069827957416 0.016233720307164995 0.00030001852945730806 0.023297916794397022 0.0040848226370840792 0.0044813782455380684 -0.020528914466712827 -0.0059912818527415573
leaf_weight=422.93761702440679 343.59155447036028 303.37599683180451 348.10807999596 968.19189605116844 354.40635352581739 318.22774282842875 942.09881538525224 481.3754395917058 94245.626138892025 300.02864908427 1931.5042393915355 449.75931525975466 1119.6709471531212 3247.8091114684939
leaf_count=3017 2125 2352 1925 6405 2463 1973 6817 3082 542918 1842 12905 2636 7399 21922
internal_value=9.92586e-05 -0.00808122 0.000156582 0.00385775 0.00174708 0.0154679 -0.0021601 0.00366094 3.21209e-05 -0.00337703 -0.000795128 -0.0107124 -0.0153669 -0.002233
internal_weight=105777 726.314 105050 3407.89 3064.3 672.634 2391.67 1449.57 101643 7396.88 5479.34 1917.54 1467.78 5179.31
internal_count=619781 5369 614412 22865 20740 4436 16304 9487 591547 48629 36669 11960 9324 34827
is_linear=0
shrinkage=0.05


Tree=149
num_leaves=15
num_cat=0
split_feature=74 74 74 74 68 74 68 68 74 74 74 68 68 84
split_gain=21.517 18.0107 134.798 57.8955 213.061 42.7272 181.962 55.8111 73.5864 103.631 102.421 91.6023 90.2652 131.685
threshold=-0.04474180564284324 0.0069592213258147248 0.0067960366141051063 0.0082235885784029978 0.0039483227301388988 0.0022832845570519571 -0.015869936905801293 0.012831455096602442 -0.015288716182112692 -0.01112646935507655 -0.0099405101500451547 -0.011219145264476536 -0.070614963769912706 3.5000000000000004
decision_type=2 2 2 2 8 2 8 8 2 2 2 10 10 2
left_child=-1 2 5 4 -3 7 -7 8 12 -10 11 -11 -2 -14
right_child=1 3 -4 -5 -6 6 -8 -9 9 10 -12 -13 13 -15
leaf_value=-0.011887328323907251 0.015951388399283027 0.024460875719074265 -0.020996135548123841 0.00011555535760348318 -0.00051373118460211963 0.015309685670746871 -0.0037467061317292601 0.001782541608259902 -0.011365416107461401 0.027078618930428778 -0.0021919692478279632 -0.001334420219342324 0.0041424204156792696 -0.019137050980113503
leaf_weight=370.00320438668132 1188.1841135546565 1181.147173576057 771.35057146288455 20437.927395809442 3015.5012813098729 1346.4789230301976 16385.032232137397 35651.822736423463 2912.3713141772896 575.99090344086289 16729.656340127811 548.09714741632342 3932.2058172374964 708.14623173698783
leaf_count=2598 6133 5929 4805 116061 18360 6956 100973 215278 16076 3034 94224 3009 21651 4548
internal_value=-1.09e-05 3.19221e-05 -0.000329134 0.00121508 0.00655681 -0.000127211 -0.00229181 0.000489664 -0.00124354 -0.00263686 -0.00120746 0.013335 0.00371665 0.000556318
internal_weight=105754 105384 80749.3 24634.6 4196.65 79978 17731.5 62246.5 26594.7 20766.1 17853.7 1124.09 5828.54 4640.35
internal_count=619635 617037 476687 140350 24289 471882 107929 363953 148675 116343 100267 6043 32332 26199
is_linear=0
shrinkage=0.05


Tree=150
num_leaves=15
num_cat=0
split_feature=54 58 70 70 70 74 69 74 72 72 72 70 70 72
split_gain=22.8051 39.815 36.7326 78.8018 72.8392 73.3732 60.5859 61.0008 55.7856 50.072 66.6836 60.9284 65.4518 71.9738
threshold=0.3850426077842713 -0.0019762357696890827 -0.0084869600832462293 -0.012401808984577654 -0.0071474877186119548 -0.0084355706349015219 0.045433614403009422 -0.009457337670028208 0.0097058657556772249 0.019758761860430244 0.019033129326999191 0.001647578726988286 0.017800934612751011 0.033259445801377303
decision_type=8 2 2 2 2 2 10 2 10 10 10 2 2 10
left_child=2 -2 3 -1 5 8 -5 -8 -4 10 -6 -11 -13 -14
right_child=1 -3 4 6 9 -7 7 -9 -10 11 -12 12 13 -15
leaf_value=-0.00038977938136312796 0.0028623971922873718 8.6395122559562588e-06 0.0078255169572964845 -0.018251391801054718 -0.00024214113684015918 0.0002637223682076306 0.011965687989548897 -0.012421395470748952 0.034848632355058133 -0.024031426076342871 0.014328213282006542 0.012666975605515782 -0.024639092875407321 0.0043525658762138117
leaf_weight=5681.0788384787738 18564.330844638869 35740.028984474018 386.32393822446465 1330.4838007651269 39351.09616641514 843.53640273585916 435.21741170436144 595.10730243101716 382.73107196763158 458.35284688696265 791.25476793944836 434.37925255298615 443.79978582635522 400.37703286483884
leaf_count=32218 105354 210867 2102 7537 236232 4454 2365 3459 1952 2531 4031 2294 2586 2154
internal_value=0.00026967 0.000984564 -0.000483703 -0.00358586 9.05943e-05 0.0104849 -0.0112428 -0.0021041 0.0215486 -0.000312053 4.85553e-05 -0.00859877 -0.00292271 -0.0109989
internal_weight=105838 54304.4 51533.7 8041.89 43491.9 1612.59 2360.81 1030.32 769.055 41879.3 40142.4 1736.91 1278.56 844.177
internal_count=620136 316221 303915 45579 258336 8508 13361 5824 4054 249828 240263 9565 7034 4740
is_linear=0
shrinkage=0.05


Tree=151
num_leaves=15
num_cat=0
split_feature=54 14 71 84 71 71 69 69 69 69 84 71 69 71
split_gain=24.3873 30.2986 37.4208 74.3635 30.198 39.7752 110.998 65.1493 54.8601 61.2106 48.8196 43.8975 40.8806 37.3606
threshold=0.38150334358215338 -0.034519566223025315 0.041986452415585525 2.5000000000000004 0.0045858272351324567 0.014137300197035076 -0.020860132761299607 -0.088456358760595308 -0.063160825520753847 0.061054084450006492 1.5000000000000002 0.0083840866573154944 0.098625801503658309 0.0024043949088081722
decision_type=8 10 2 2 2 2 10 10 10 10 2 2 10 2
left_child=1 2 4 -4 13 6 -6 -7 -9 -10 -8 -12 -11 -1
right_child=-2 -3 3 -5 5 7 10 8 9 12 11 -13 -14 -15
leaf_value=0.00018198831261246389 0.00075003863157197285 -0.0019093785643013016 -0.018185186742896802 0.0090697167129304024 0.025561153223808593 -0.018934994110986775 0.0094549602969342828 0.019886930503307532 -0.004938627655016568 0.012319826281981909 0.0068253198310401636 -0.0069814045424779819 -0.001529048047886423 -0.0091810069294961244
leaf_weight=11298.569977544248 54647.853158023208 27226.646214531735 694.5705357119441 380.49120128154755 636.16455626860261 407.22034180164337 1805.264446657151 370.15972121804953 2643.9365107864141 1231.3980459012091 953.50310342386365 1421.0189411304891 930.16437008604407 1166.3173160683364
leaf_count=61228 318140 168463 4135 2125 3281 2177 10509 1850 14844 7023 5635 8344 5442 6804
internal_value=1.56188e-05 -0.00076878 0.000528728 -0.00854431 0.000958895 0.00294704 0.00627144 7.32347e-05 0.00160243 0.000155632 0.00328154 -0.00143186 0.00638078 -0.000700748
internal_weight=105813 51165.4 23938.8 1075.06 22863.7 10398.8 4815.95 5582.88 5175.66 4805.5 4179.79 2374.52 2161.56 12464.9
internal_count=620000 301860 133397 6260 127137 59105 27769 31336 29159 27309 24488 13979 12465 68032
is_linear=0
shrinkage=0.05


Tree=152
num_leaves=15
num_cat=0
split_feature=72 69 68 74 69 72 69 69 69 68 72 74 84 72
split_gain=18.5101 91.2407 142.892 165.943 102.481 85.699 200.48 162.243 158.436 118.241 82.8195 82.0328 70.676 68.4844
threshold=0.0080920867621898668 0.08398406952619554 0.028900241479277614 -0.010871912352740763 0.090698454529047026 0.006468190113082529 0.06351936981081964 0.04846692085266114 0.069799125194549574 0.009529206436127426 0.0076479089912027129 -1.0000000180025095e-35 1.5000000000000002 0.0064267355483025321
decision_type=8 8 10 2 8 10 10 10 10 10 10 2 2 10
left_child=1 5 4 -4 -3 13 7 -7 -8 -10 -6 -11 -9 -1
right_child=-2 2 3 -5 10 6 8 12 9 11 -12 -13 -14 -15
leaf_value=0.0013418785041163974 -0.00058708681079025656 -0.021035227180434598 0.028261896260315701 0.0002448587988032419 -0.0059309011342666635 0.0059564917097799357 0.035195422509610677 -0.02559767206290622 -0.0027598170408095288 0.033188093783430829 0.019506844098617526 0.0079605897155817715 -0.0020757928292958589 -0.018039951034529163
leaf_weight=18187.642954876646 54407.27883772552 1107.220072504133 536.59117909520864 15984.194070640951 6486.9239014871418 3875.6620130427182 849.37214790284634 670.10388142243028 1019.0998779349029 607.86225033178926 326.92408571764827 691.12526055052876 605.65803611837327 457.49493455886841
leaf_count=116433 303542 6742 2817 99500 40353 21931 4634 3869 5451 3122 1740 3742 3484 2685
internal_value=5.56709e-05 0.000735939 -0.00147626 0.00117139 -0.00699291 0.00274101 0.0069578 0.000863688 0.0168351 0.00998541 -0.00468362 0.0199292 -0.0145338 0.000856892
internal_weight=105813 51405.9 24441.9 16520.8 7921.07 26964 8318.88 5151.42 3167.46 2318.09 6813.85 1298.99 1275.76 18645.1
internal_count=620045 316503 151152 102317 48835 165351 46233 29284 16949 12315 42093 6864 7353 119118
is_linear=0
shrinkage=0.05


Tree=153
num_leaves=15
num_cat=0
split_feature=59 0 27 73 26 73 72 73 72 74 72 74 74 74
split_gain=18.2346 20.3287 48.0997 37.3896 33.6643 32.3222 33.2427 33.9806 29.7675 51.6635 44.4931 42.877 46.8003 97.5627
threshold=6.5000000000000009 0.025862025097012523 1.1605082154273989 0.72511178255081188 0.11111390590667726 0.78125637769699108 0.010078825987875463 0.83225092291831981 0.0080920867621898668 0.0079256761819124239 0.0054515500087291011 0.0024093309184536342 0.0048115402460098275 0.0058923510368913421
decision_type=10 2 2 2 10 2 10 2 8 2 10 2 2 2
left_child=1 2 3 8 5 -5 7 -7 9 11 -11 -1 -13 -14
right_child=-2 -3 -4 4 -6 6 -8 -9 -10 10 -12 12 13 -15
leaf_value=0.00091581578722266287 -0.0055222345033249902 0.00062873966505135135 0.0022440737827032634 -0.0071829950885424669 -0.01077291526249474 0.013936603240253207 -0.012238751063276487 -0.0020539825304381584 -0.0031262590418621229 0.021134523128054212 0.0033785566197122308 -0.01181172985526849 0.01393442371152552 -0.0092978576738593621
leaf_weight=10865.267507478595 1470.9443707615137 63122.230650372803 9858.6367479693145 1768.8509069439024 1955.3857787195593 658.86385726556182 297.98375542461872 655.67450355924666 9913.7456320375204 488.7285372838378 1223.1884250063449 1571.5263077933341 736.62269661203027 1134.7863732837141
leaf_count=72087 8358 343583 63473 12861 13960 4393 2017 4611 59653 3292 7647 10896 4825 7761
internal_value=-1.30737e-05 6.51804e-05 -0.000799672 -0.00175968 -0.00556699 -0.00253361 0.00257936 0.00600542 -0.000974355 0.000358429 0.00854094 -0.000625855 -0.00547965 -0.000127725
internal_weight=105722 104251 41129.3 31270.6 5336.76 3381.37 1612.52 1314.54 25933.9 16020.1 1711.92 14308.2 3442.94 1871.41
internal_count=619417 611059 267476 204003 37842 23882 11021 9004 166161 106508 10939 95569 23482 12586
is_linear=0
shrinkage=0.05


Tree=154
num_leaves=15
num_cat=0
split_feature=27 2 72 69 68 74 69 72 72 69 69 69 68 68
split_gain=18.4832 26.621 21.7321 80.6167 129.095 157.704 99.4141 98.3283 62.5362 193.695 150.876 137.911 89.4677 82.0426
threshold=0.5065525770187379 0.029664461500942711 0.0080920867621898668 0.08398406952619554 0.028900241479277614 -0.010871912352740763 0.090698454529047026 0.0076136644929647454 0.006468190113082529 0.06351936981081964 0.04846692085266114 0.069799125194549574 0.022135931998491291 -0.022642364725470539
decision_type=2 2 8 8 10 2 8 10 10 10 10 10 10 10
left_child=1 -1 3 8 6 -6 -5 -8 -2 10 13 -11 -13 -10
right_child=2 -3 -4 4 5 -7 7 -9 9 11 -12 12 -14 -15
leaf_value=-0.0059427231384774695 0.0012522626063910282 0.00014281273264091208 -0.00049978034772808527 -0.020808163831695974 0.028412010334321627 0.0005023942730250767 -0.0057098677835225849 0.021451596195627767 -0.013078744720468966 0.034093435497925616 -0.015163660991326881 0.0020087227697781511 0.022747867157589322 0.0084127552568396095
leaf_weight=3049.1220576707274 17145.528246596456 4354.8973757177591 50664.126653768122 1043.7942176610231 514.21395298838615 14698.275354672223 6031.99487452209 342.92344422265887 507.11098071932793 811.32656461372972 1164.391842642799 1355.0959896072745 836.07354459539056 3165.6600305233151
leaf_count=19661 109659 24035 282696 6427 2657 91385 37677 1808 2808 4311 6740 7254 4331 17910
internal_value=3.93951e-05 -0.00236797 0.000220978 0.000987812 -0.00117363 0.00146384 -0.00657661 -0.00421747 0.0029453 0.00664171 0.000442487 0.0165943 0.00998945 0.0054179
internal_weight=105685 7404.02 98280.5 47616.4 22631.2 15212.5 7418.71 6374.92 24985.2 7839.66 4837.16 3002.5 2191.17 3672.77
internal_count=619359 43696 575663 292967 139954 94042 45912 39485 153013 43354 27458 15896 11585 20718
is_linear=0
shrinkage=0.05


Tree=155
num_leaves=15
num_cat=0
split_feature=74 72 72 74 69 74 19 74 74 72 71 84 68 84
split_gain=18.6673 72.5969 66.6527 65.6861 64.1698 55.3342 52.2805 50.179 42.9686 156.353 45.1885 120.04 82.409 126.773
threshold=0.0071844139602035293 0.0053684536833316096 0.005824470892548562 0.0066241289023309955 0.10368117317557336 0.0069592213258147248 -1.0000000180025095e-35 0.0064773180056363353 0.0077195898629724988 0.0094335889443755167 -0.016997806727886196 1.0000000180025095e-35 -0.040576038882136338 1.5000000000000002
decision_type=2 10 10 2 8 2 8 2 2 10 2 2 8 2
left_child=3 4 -3 7 -2 -5 -7 -1 9 -4 11 -10 13 -12
right_child=1 2 8 5 -6 6 -8 -9 10 -11 12 -13 -14 -15
leaf_value=-0.00021934637351610586 0.0045973401602100684 -0.014165948472277071 -0.0068502462715176408 -0.016512805260051975 0.0239901242026338 0.014053470316284955 -0.010709246808562906 0.017109803523935391 0.017057082390133257 0.026612348426542788 -0.00415890845756721 -0.010358685288208967 0.00016436967775943371 0.024791812477278789
leaf_weight=79451.074651263654 1524.719795094803 750.43181665241718 713.67446503788233 1131.3942850828171 585.93195097148418 375.862324655056 466.21175834909081 409.94989341497421 473.76534559950233 667.31895764172077 661.0790844373405 2289.6540896799415 15277.749592741951 865.73269648849964
leaf_count=469270 9889 4893 4306 7114 3525 2008 2681 2343 2522 3487 3574 12425 86823 4218
internal_value=7.01974e-06 0.0012389 0.000375809 -0.000351508 0.0100687 -0.00933959 0.000378882 -0.00012826 0.000903232 0.00939451 0.000299475 -0.00561392 0.00127466 0.0123112
internal_weight=105645 23810.1 21699.4 81834.5 2110.65 1973.47 842.074 79861 20949 1380.99 19568 2763.42 16804.6 1526.81
internal_count=619078 135662 122248 483416 13414 11803 4689 471613 117355 7793 109562 14947 94615 7792
is_linear=0
shrinkage=0.05


Tree=156
num_leaves=15
num_cat=0
split_feature=54 68 68 70 69 70 70 4 69 69 68 68 73 68
split_gain=20.5664 31.4906 45.125 97.4205 64.9663 47.6796 61.2887 39.1447 31.8105 82.4657 64.0112 67.2199 47.6151 44.3383
threshold=0.39603215456008917 0.064782563596963896 0.050770904868841178 0.01091855298727751 0.023422772996127609 0.0029597631655633454 0.006327269598841668 0.15833333879709247 0.098625801503658309 0.090698454529047026 0.037866031751036651 0.032384717836976058 0.43692485988140112 0.016201747581362728
decision_type=8 10 10 2 10 2 2 10 10 10 10 10 2 10
left_child=1 2 8 4 -4 -6 -7 -3 9 -1 11 -11 -10 -14
right_child=-2 7 3 -5 5 6 -8 -9 12 10 -12 -13 13 -15
leaf_value=-0.00071011468049918692 0.0008539472852882303 -0.018411084086728372 -0.0036678905661517215 -0.017804822052048901 0.0061999882820808977 0.036037576721297822 0.0080506815809713705 0.0029482525245892073 0.012052746245461168 0.00811049998649499 -0.0086415290764075541 0.031658681729140839 0.0081174727197180479 -0.0062371081792913308
leaf_weight=40205.844435742125 53194.051800347865 524.90256349183619 595.8420631699264 352.08792200684547 712.4978598318994 451.70310451835394 351.978162586689 354.04068994522095 431.2491938509047 1383.5675086341798 398.86067400872707 382.51930894702673 583.36381859704852 5887.8580096531659
leaf_count=233986 309392 3623 3803 2108 4362 2811 2077 2086 2398 7649 2342 2180 3399 37900
internal_value=0.000160737 -0.000540114 -0.000379717 0.0062096 0.010278 0.0157467 0.0240301 -0.0098711 -0.000710435 -0.000197303 0.00928574 0.0133604 -0.00385545 -0.00493255
internal_weight=105810 52616.3 51737.4 2464.11 2112.02 1516.18 803.681 878.943 49273.3 42370.8 2164.95 1766.09 6902.47 6471.22
internal_count=620116 310724 305015 15161 13053 9250 4888 5709 289854 246157 12171 9829 43697 41299
is_linear=0
shrinkage=0.05


Tree=157
num_leaves=15
num_cat=0
split_feature=53 69 72 68 72 69 74 72 72 72 69 69 7 84
split_gain=18.247 48.6621 35.7704 139.234 42.3974 42.9046 33.4293 46.6223 40.862 29.3201 45.0115 62.516 28.8854 26.7948
threshold=-0.14742230623960492 -0.042247124016284936 0.014999769162386658 -0.0098335812799632532 0.016601774841547016 0.017466545104980472 -0.0062917259056121102 0.0088296537287533301 0.0084313494153320807 0.0037568438565358524 0.075922116637229933 0.054717440158128745 0.10401888936758043 1.0000000180025095e-35
decision_type=10 10 10 10 10 10 2 10 10 10 10 10 2 2
left_child=-1 12 6 -4 -5 -6 7 8 -3 10 11 -8 -2 -9
right_child=1 2 3 4 5 -7 9 13 -10 -11 -12 -13 -14 -15
leaf_value=0.00058883258971967919 -0.016306857134495884 0.0040941144484945872 0.031426284994537 0.010367821088695047 0.001527122504943584 -0.02051533789387466 0.02024072967962761 0.0070821773191074369 0.021333467960934771 -0.0017508164151295088 0.015868469938925916 -0.0035494143253555831 -0.0039068784751852478 -0.004749672768825648
leaf_weight=59505.681313645095 709.10155587084591 4190.2325283940881 417.93986060097814 500.46081536635756 527.90635451115668 367.87328309193254 318.13238463923335 584.2151374462992 365.58079481869936 32083.381781982258 582.40145480632782 1732.9882436059415 1380.4605171456933 2458.7040563076735
leaf_count=332590 4280 25206 2273 2834 3066 2128 2026 3290 2052 201901 3856 12407 7444 14247
internal_value=9.96561e-06 -0.00073527 -0.000381343 0.00647424 -0.00116508 -0.00765169 -0.00067672 0.00232515 0.00552118 -0.00133424 0.00372819 0.000220779 -0.00817249 -0.0024623
internal_weight=105725 46219.4 44129.8 1814.18 1396.24 895.78 42315.6 7598.73 4555.81 34716.9 2633.52 2051.12 2089.56 3042.92
internal_count=619600 287010 275286 10301 8028 5194 264985 44795 27258 220190 18289 14433 11724 17537
is_linear=0
shrinkage=0.05


Tree=158
num_leaves=15
num_cat=0
split_feature=72 73 54 71 74 74 71 71 84 74 70 68 74 72
split_gain=21.1569 33.7316 18.1425 47.438 79.5939 70.0337 45.7586 44.9565 50.4602 44.5048 116.56 55.3393 38.1138 71.0861
threshold=0.002945420797914267 0.73403185606002819 0.46468260884284979 -0.017622965388000008 -0.016549087129533287 -0.014523303136229513 -0.012753691989928482 -0.010008481796830891 1.5000000000000002 0.017686319537460807 0.005321669392287732 0.016732051968574527 -0.0016844199853949247 0.0081229391507804411
decision_type=10 2 8 2 2 2 2 2 2 2 2 10 2 10
left_child=1 -1 -2 9 -5 -6 12 8 -8 10 11 -4 -7 -14
right_child=2 -3 3 4 5 6 7 -9 -10 -11 -12 -13 13 -15
leaf_value=-0.017867116966108158 -0.00064028496807713633 0.0039010078336115376 0.0045453480261184159 -0.013913378438178079 0.019437331181330425 -0.015731297688944889 -0.0011989419793398282 0.00022041189602716333 0.017672651784568484 0.020526953144305599 -0.016524436543357907 0.022215386684076372 0.014022912812616604 -0.015360635787196873
leaf_weight=408.0464898403734 58371.263732759282 304.62372661754489 4036.8764729741961 979.5745990164578 469.37573657929897 795.78593557700515 637.80004868656397 36626.946378007531 783.32260238751769 417.31860516779125 615.79627093300223 489.28007029369473 411.25268146023154 392.51323922723532
leaf_count=2944 344763 2362 21219 5803 2471 4413 3446 215738 4131 2168 3362 2570 2219 2149
internal_value=-0.000111484 -0.00863732 -5.28144e-05 0.000682151 9.5274e-05 0.000440719 0.000210979 0.000560161 0.00925388 0.00501264 0.00371611 0.00650025 -0.00804679 -0.000338758
internal_weight=105740 712.67 105027 46655.8 41096.6 40117 39647.6 38048.1 1421.12 5559.27 5141.95 4526.16 1599.55 803.766
internal_count=619758 5306 614452 269689 240370 234567 232096 223315 7577 29319 27151 23789 8781 4368
is_linear=0
shrinkage=0.05


Tree=159
num_leaves=15
num_cat=0
split_feature=17 70 69 70 70 70 51 26 29 27 73 73 72 69
split_gain=17.5716 19.4771 76.6622 28.0877 36.9568 48.9275 82.3488 28.003 27.6234 22.581 21.0653 149.005 76.6976 164.242
threshold=94.622138977050795 0.028627929277718071 -0.05704184249043464 0.021026453934609893 0.018314933404326442 0.016979017294943336 -0.12453091889619826 -0.094373811036348329 -0.19973871111869809 0.95387038588523876 0.57541298866271984 0.57822158932685863 0.014212233014404775 -0.067468378692865358
decision_type=10 2 10 2 2 2 10 10 2 2 2 2 10 10
left_child=1 3 -3 4 5 10 -7 -6 -5 -10 12 -12 -1 -14
right_child=-2 2 -4 8 7 6 -8 -9 9 -11 11 -13 13 -15
leaf_value=-0.0016304878732688599 -0.0021767259528515867 0.0053758750566661696 -0.024996042520279586 0.018304257753669183 0.00075118293774946432 -0.0043695414339080477 0.027500708692073241 -0.015245826170680704 -0.0034915165799570824 0.011241913399540785 0.023191843337589734 0.00050990013268614341 -0.0025190143246872046 0.0110321898421462
leaf_weight=37563.850201424211 8831.1529491506517 488.71976192295551 347.85898547247052 390.65225050970912 454.86363743245602 380.05054730176926 418.555997133255 672.97670100070536 599.99125058017671 444.440155826509 725.7927620485425 45487.8612601161 5031.6759282965213 4010.067036524415
leaf_count=212128 54326 2770 2219 2007 2345 1985 2232 3803 3155 2353 4028 278429 27065 21645
internal_value=-4.27751e-05 0.000151675 -0.0073992 0.000218115 0.000112585 0.000221423 0.0124674 -0.00884425 0.00713635 0.0028252 0.000114728 0.000871064 -0.000635273 0.00349657
internal_weight=105849 97017.4 836.579 96180.8 94745.7 93617.9 798.607 1127.84 1435.08 1044.43 92819.2 46213.7 46605.6 9041.74
internal_count=620490 566164 4989 561175 553660 547512 4217 6148 7515 5508 543295 282457 260838 48710
is_linear=0
shrinkage=0.05


Tree=160
num_leaves=15
num_cat=0
split_feature=15 17 8 72 58 84 74 74 74 52 72 54 74 74
split_gain=23.818 19.3053 20.2331 19.5306 19.7823 19.834 19.4955 66.6868 37.0124 83.4645 49.4416 45.4557 37.2691 32.7559
threshold=1.0000000180025095e-35 94.622138977050795 1.0000000180025095e-35 0.0049998257309198388 -0.0028067674720659848 3.5000000000000004 0.0069592213258147248 0.0066241289023309955 0.0082235885784029978 0.11790102347731592 0.0094335889443755167 0.35350313782691961 0.0089735719375312346 0.0022832845570519571
decision_type=10 10 2 10 2 2 2 2 2 8 10 8 2 2
left_child=-1 2 6 -3 -5 -6 7 13 9 10 -8 12 -10 -2
right_child=1 3 -4 4 5 -7 8 -9 11 -11 -12 -13 -14 -15
leaf_value=-0.012567460541241216 0.00025995509450590823 0.0028904797639885517 0.0021498090030476723 0.0024939947119181198 -0.0059190488437499663 0.0012432697954759949 0.0079069931463399603 -0.014230533511011804 -0.014347246102553583 -0.0013640003157976465 0.026669301683071401 0.0028726601281037888 -0.0014218537563907459 -0.0025330805486821367
leaf_weight=369.49993793293834 51518.810935709625 1514.1147452648729 11531.508717874065 1206.412400547415 4861.5597928892821 1201.9904583469033 1019.8266902938485 861.82699848711491 594.70711131766438 1756.1831548660994 536.56849893555045 8396.7752906270325 7223.0438384823501 13173.031561823562
leaf_count=2124 298847 10515 70055 6953 29376 7245 6055 5421 3545 10053 2664 47168 40440 79430
internal_value=-6.38278e-05 -1.88043e-05 0.000185329 -0.00226164 -0.00333717 -0.00449954 -8.115e-05 -0.000494253 0.00130521 0.00611283 0.0145043 0.000319861 -0.00242218 -0.000309087
internal_weight=105766 105396 96612.3 8784.08 7269.96 6063.55 85080.8 65553.7 19527.1 3312.58 1556.4 16214.5 7817.75 64691.8
internal_count=619891 617767 563678 54089 43574 36621 493623 383698 109925 18772 8719 91153 43985 378277
is_linear=0
shrinkage=0.05


Tree=161
num_leaves=15
num_cat=0
split_feature=70 70 69 68 69 69 69 73 84 68 68 71 71 84
split_gain=20.9528 48.3232 110.03 42.5699 76.5338 78.2943 78.39 70.2107 102.929 64.1489 49.442 47.8293 145.779 47.8736
threshold=0.01275134924799204 0.012050689663738014 0.018627568148076538 0.026547504588961605 0.085665073245763793 1.0000000180025095e-35 -0.023623042739927765 0.36644345521926885 1.0000000180025095e-35 0.031347084790468223 0.02347583789378405 -0.012753691989928482 0.018793903291225437 1.5000000000000002
decision_type=2 2 8 10 8 10 10 2 2 8 8 2 2 2
left_child=1 -1 -3 4 5 6 11 -7 -9 -5 -6 -2 -13 -14
right_child=3 2 -4 9 10 7 -8 8 -10 -11 -12 12 13 -15
leaf_value=0.00018256627316396232 -0.010565006071840582 0.027468528664833194 -0.0026181575073559332 -0.026569500249245787 0.016191600127234886 -0.023570007867200482 0.018252376022595728 -0.025625006941796143 0.0031016517961532332 -0.0043022751711392351 -0.004044504584422859 0.021793344531502501 -0.01926414381242918 0.0010698142757204483
leaf_weight=94961.949971456081 952.89088251814246 516.20611355826259 715.53981556743383 376.59684267267585 994.70210157334805 660.1994771361351 599.72960864752531 409.57065902277827 1207.6041277833283 2017.870245963335 426.5760049559176 661.3144607655704 483.51290312409401 697.70777416601777
leaf_count=560195 5222 2639 4110 2107 5349 3683 3095 2283 6616 12172 2323 3258 2813 3667
internal_value=8.95414e-05 0.000310728 0.0101104 -0.00215085 -0.000201759 -0.00280425 0.00200762 -0.00995531 -0.00428652 -0.00790035 0.0101322 -0.00153016 0.00317414 -0.0073454
internal_weight=105682 96193.7 1231.75 9488.28 7093.81 5672.53 3395.16 2277.37 1617.17 2394.47 1421.28 2795.43 1842.54 1181.22
internal_count=619532 566944 6749 52588 38309 30637 18055 12582 8899 14279 7672 14960 9738 6480
is_linear=0
shrinkage=0.05


Tree=162
num_leaves=15
num_cat=0
split_feature=0 58 68 68 68 68 69 68 13 69 68 69 68 68
split_gain=18.8154 19.2909 15.9137 47.4852 43.6307 71.2759 71.1554 54.1674 40.6217 46.7865 148.772 51.2095 79.9704 61.5354
threshold=0.011147324927151205 0.00094993074890226137 0.012093733064830305 0.013206058647483589 0.0050384802743792543 0.0039483227301388988 0.053651142865419395 0.005714838858693839 0.0057566994801163682 0.044376322999596603 -0.013966090977191923 0.01204727264121175 -0.010761311277747153 -0.0052210653666406861
decision_type=2 2 10 10 10 10 10 10 8 8 8 10 10 10
left_child=1 -1 4 -4 5 8 -7 -6 9 11 -11 12 -2 -14
right_child=2 -3 3 -5 7 6 -8 -9 -10 10 -12 -13 13 -15
leaf_value=-0.018153337090997933 -0.00038966792414262284 0.0031685298709914415 0.010004923451813665 0.00028687542092533188 -0.021128209222422114 -0.0032717504546206778 0.024851132591645408 -0.0031229297943112838 -0.0032426468896621149 0.01559606170907297 -0.00026599421273546816 -0.0053293581383732054 0.026217251892912109 0.0030080755991247076
leaf_weight=275.08333868719637 12109.233166620135 164.78416057303548 1273.6263187564909 60682.27514705807 433.52014973014593 371.66639026254416 551.623564645648 7329.2332421578467 9141.4223583266139 1999.2657174877822 5591.9314633347094 4550.3365221992135 506.11329534649849 646.06632112339139
leaf_count=4661 64900 2552 7474 366239 2552 2137 2998 42500 50565 10299 30772 25542 2598 3381
internal_value=-6.9105e-05 -0.0102728 -2.54627e-05 0.000488232 -0.000761609 -1.80843e-05 0.0136166 -0.00415434 -0.000386343 0.000642388 0.00392656 -0.000758712 0.00081243 0.0133409
internal_weight=105626 439.867 105186 61955.9 43230.4 35467.7 923.29 7762.75 34544.4 25402.9 7591.2 17811.7 13261.4 1152.18
internal_count=619170 7213 611957 373713 238244 193192 5135 45052 188057 137492 41071 96421 70879 5979
is_linear=0
shrinkage=0.05


Tree=163
num_leaves=15
num_cat=0
split_feature=69 57 69 59 28 74 69 73 69 74 73 69 28 69
split_gain=17.4014 43.1766 26.4665 71.9763 26.32 26.2348 25.8915 62.1432 28.4054 112.614 124.553 70.8284 47.8679 40.0046
threshold=-0.1383535638451576 0.08832442015409471 -0.09301410615444182 1.0000000180025095e-35 0.95137029886245739 -0.016549087129533287 -0.078645620495080934 0.29116751253604894 -0.060190718621015542 0.0015181136550381782 0.38685362040996557 -0.048130543902516358 0.86985096335411083 -0.042247124016284936
decision_type=8 8 8 10 2 2 8 2 8 2 2 8 2 8
left_child=1 -1 3 4 -2 -5 7 -4 9 10 -8 12 -10 -13
right_child=2 -3 6 5 -6 -7 8 -9 11 -11 -12 13 -14 -15
leaf_value=0.01377680192343992 -0.0055410963536654638 -0.0030886123733959493 -0.0041483891794183393 0.012712748800303618 -0.019750419807307396 -0.0013170939249536511 -0.0022020322308341357 0.016944717475764943 0.02359027155232991 0.0043099962766021595 -0.038248785922226559 -0.0085363686584782258 0.0043686627226189661 0.00019459223646329127
leaf_weight=758.76760763674974 612.91186520829797 743.49614217877388 657.50784873589873 424.20870041847229 712.70510764792562 1425.994913302362 539.90125552751124 726.99648009985685 500.88510397821665 1272.1807562392205 422.78578965365887 1320.3973357174546 901.27960984781384 94749.317120671272
leaf_count=3539 3314 3940 3654 2351 4074 7668 3152 3772 2656 6682 2470 7097 4791 560739
internal_value=0.000139571 0.00546459 6.23324e-05 -0.00442482 -0.0132713 0.00195067 0.000203722 0.00696958 0.000109083 -0.00545165 -0.0182633 0.000237128 0.0113535 7.37166e-05
internal_weight=105769 1502.26 104267 3175.82 1325.62 1850.2 101091 1384.5 99706.7 2234.87 962.687 97471.9 1402.16 96069.7
internal_count=619899 7479 612420 17407 7388 10019 595013 7426 587587 12304 5622 575283 7447 567836
is_linear=0
shrinkage=0.05


Tree=164
num_leaves=15
num_cat=0
split_feature=54 53 69 73 74 58 58 69 69 72 73 72 73 74
split_gain=17.0561 40.045 42.7865 48.1585 38.5737 36.7572 35.2578 32.9088 47.2981 42.9588 42.4671 76.8354 32.9672 32.3239
threshold=0.39603215456008917 -0.20165532082319257 0.12688654661178592 0.69351711869239818 0.018496754579246048 -0.0028067674720659848 -0.012525636237114666 0.1011449657380581 0.090698454529047026 0.0085177668370306509 0.6208765208721162 0.0081565170548856276 0.72329491376876842 0.0013933189329691233
decision_type=8 10 10 2 2 2 2 10 10 10 2 10 2 2
left_child=1 6 7 -4 5 -2 -1 8 -3 -9 11 -10 -12 -7
right_child=4 2 3 -5 -6 13 -8 9 10 -11 12 -13 -14 -15
leaf_value=-0.0039042885062457108 0.00236226772773304 -0.0023524868390728086 0.017379842972691521 -0.006198068346961203 0.006771401277606272 0.0010120762041503869 0.0015065141787879849 -0.010440921484432607 -0.018183720026582206 0.0043116860228607909 0.02078967191040048 0.013284565995987183 0.0013769861076763468 -0.0020464780808808229
leaf_weight=3455.0660317018628 16199.721837520599 20532.422797635198 571.06338278576732 338.63517680577934 2480.7186790183187 17195.094985121861 22964.501808833331 2314.4794878531247 376.86939131841063 620.40995781868696 571.92368111759424 379.29029070213437 352.78768398612738 17340.15958754532
leaf_count=19044 91200 129233 3328 2310 13549 101059 125455 16393 2278 4068 3417 2128 2508 103504
internal_value=6.56674e-05 -0.000573894 -0.0019643 0.00863101 0.000696346 0.000398027 0.000797697 -0.00235084 -0.00169153 -0.0073183 0.00634843 -0.00243183 0.0134775 -0.000523772
internal_weight=105693 52477.4 26057.9 909.699 53215.7 50735 26419.6 25148.2 22213.3 2934.89 1680.87 756.16 924.711 34535.3
internal_count=619474 310162 165663 5638 309312 295763 144499 160025 139564 20461 10331 4406 5925 204563
is_linear=0
shrinkage=0.05


Tree=165
num_leaves=15
num_cat=0
split_feature=59 54 26 5 70 70 70 73 70 73 70 73 73 73
split_gain=19.0809 16.2401 37.3488 28.4653 37.7877 54.2858 48.1622 41.6087 58.1325 31.6977 31.3673 42.5565 44.0231 33.3912
threshold=6.5000000000000009 0.49315090477466589 0.1599841192364693 0.98718062043190014 -0.0087212771177291853 -0.006910554599016904 -0.012401808984577654 0.36165527999401098 -0.015920021571218964 0.45833182334899908 0.01074507972225547 0.49850323796272283 0.44729243218898779 0.75795969367027294
decision_type=10 8 10 2 2 2 2 2 2 2 2 2 2 2
left_child=1 2 3 4 6 -6 7 8 -1 -9 -7 12 -12 -13
right_child=-2 -3 -4 -5 5 10 -8 9 -10 -11 11 13 -14 -15
leaf_value=-0.00070532455431078511 -0.0055025355920693998 0.00094391330475618112 -0.0048649759765864754 -0.0012080007502743191 0.011704387935750838 0.0018602130729837023 -0.011491221951557093 -0.017117129281650906 0.02279769048111438 -0.00014776526896620448 -0.0027698533586028823 -0.013686049976158236 0.014771609249285507 0.0038170935350768163
leaf_weight=780.15762184001505 1474.614291280508 43470.332021424547 4200.1702806986868 25805.700067996979 1278.4272855781019 22480.915548622608 1281.6705277152359 408.76431884616613 386.52384515106678 803.18150006979704 1384.8614117354155 1143.0571582503617 471.19742365181446 351.90763810835779
leaf_count=4346 8385 251114 25913 151060 6779 136933 7370 2383 1931 4685 7444 6596 2480 2188
internal_value=0.000125975 0.000206112 -0.000321667 1.64233e-05 0.00104334 0.00168741 -0.00371865 0.000499997 0.00720884 -0.00596442 0.00118733 -0.00331889 0.00173869 -0.00956791
internal_weight=105721 104247 60776.5 56576.4 30770.7 27110.4 3660.3 2378.63 1166.68 1211.95 25831.9 3351.02 1856.06 1494.96
internal_count=619607 611222 360108 334195 183135 162420 20715 13345 6277 7068 155641 18708 9924 8784
is_linear=0
shrinkage=0.05


Tree=166
num_leaves=15
num_cat=0
split_feature=7 2 68 4 68 71 1 71 68 71 68 58 73 84
split_gain=15.6337 25.677 15.1033 41.1994 22.0728 81.4594 68.9092 71.323 74.0885 60.5437 45.0177 44.8958 40.7017 34.7749
threshold=0.02783850580453873 0.010789110790938141 0.063508495688438429 0.15833333879709247 0.044730186462402351 -0.0087504712864756567 0.02094214037060738 0.015517221763730051 0.053079243749380119 0.011539016384631397 0.044169353321194656 -0.0043840731959789983 0.83225092291831981 1.5000000000000002
decision_type=2 2 10 8 10 2 10 2 10 2 10 2 2 2
left_child=1 -1 4 -4 10 -6 7 8 9 11 -2 -7 -9 -13
right_child=2 -3 3 -5 5 6 -8 12 -10 -11 -12 13 -14 -15
leaf_value=-0.023997082519681318 -3.7065381627634684e-05 0.0018127674259947185 -0.01191853571866564 0.0011744819595000486 0.022968380656048386 -0.0058039944222113542 -0.002807035310906255 0.014315774108777697 -0.01132337191940474 -0.0085299277955418074 -0.011816556681013758 0.024359204554948839 -0.0020076847729278936 0.0074752142247432171
leaf_weight=168.05526053160429 90568.972170518711 207.21205152571201 955.95892964676023 1585.3260791525245 442.99698831140995 341.71830715984106 5243.2220725640655 2080.24206360057 970.81922445446253 582.36093291267753 808.42303387820721 516.09315383434296 464.46258132904768 758.11490422487259
leaf_count=3075 525705 1737 6652 9458 2223 2060 30092 12719 6443 3710 4703 3217 3028 4811
internal_value=-1.4761e-05 -0.0100685 2.20145e-05 -0.00377815 0.000116336 0.00218984 0.00132958 0.00512378 0.000112197 0.00519084 -0.000142561 0.0101577 0.0113402 0.0144502
internal_weight=105694 375.267 105319 2541.29 102777 11400 10957 5713.81 3169.11 2198.29 91377.4 1615.93 2544.7 1274.21
internal_count=619633 4812 614821 16110 598711 68303 66080 35988 20241 13798 530408 10088 15747 8028
is_linear=0
shrinkage=0.05


Tree=167
num_leaves=15
num_cat=0
split_feature=57 73 13 68 69 73 69 72 72 69 71 68 69 72
split_gain=15.8356 28.8406 48.6859 32.2311 90.6568 68.32 38.0715 108.025 94.3847 50.7842 128.134 47.0644 94.2995 68.5653
threshold=0.053056849166750915 0.15441858023405078 0.017229443415999416 -0.028108102269470688 -0.078645620495080934 0.36165527999401098 -0.012004304677247999 0.012653355952352287 0.014097698032855989 -0.060190718621015542 0.015517221763730051 -0.014754017814993857 0.03457372076809407 0.010852548759430649
decision_type=8 2 8 10 8 2 8 10 10 10 2 10 8 10
left_child=1 2 -1 5 -5 -3 7 -6 -9 -10 -11 12 13 -8
right_child=-2 3 -4 4 6 -7 11 8 9 10 -12 -13 -14 -15
leaf_value=0.0093348240704404714 -0.0010253201717456582 -0.0018490441559291385 -0.0091960809506218336 0.019782765556943915 0.0155454006990784 -0.022448543521348705 0.0087528928981753327 -0.020584491836435074 -0.0089631255327205107 0.022342326159866088 -0.003427741441886829 -0.00030088296047102019 0.015291805306134066 -0.011243090571052291
leaf_weight=1874.6228297110647 27774.286280151457 5000.4869282059371 428.06246219947934 593.3036107160151 1524.6741241440177 428.01024378836155 786.9215588402003 489.52534447237849 646.17271418310702 803.86397406831384 1178.7689172867686 61783.312131185085 1447.5393020194024 918.31062659434974
leaf_count=9637 151961 27609 2375 3001 8048 2483 4318 2752 3505 4301 6561 380357 7599 5036
internal_value=-4.69881e-07 0.000364996 0.00586511 0.000196717 0.000484043 -0.0035115 0.000316662 0.0046856 -0.000656904 0.00311787 0.00708049 3.60516e-06 0.00595259 -0.00201822
internal_weight=105678 77903.6 2302.69 75600.9 70172.4 5428.5 69579.1 4643.01 3118.33 2628.81 1982.63 64936.1 3152.77 1705.23
internal_count=619543 467582 12012 455570 425478 30092 422477 25167 17119 14367 10862 397310 16953 9354
is_linear=0
shrinkage=0.05


Tree=168
num_leaves=15
num_cat=0
split_feature=15 4 74 27 57 73 72 71 70 70 72 72 73 71
split_gain=19.6968 24.7326 41.4803 18.0894 30.6824 24.4512 33.655 37.1973 22.619 29.5159 21.7981 51.6471 48.3937 84.1334
threshold=1.0000000180025095e-35 0.7916666865348817 -0.0018842347199097274 0.73899269104003917 0.026116990484297279 0.72160628437995922 0.0058709785807877788 0.014939395710825922 -0.023792814463376995 -0.0094763874076306803 0.0080920867621898668 0.007961741182953121 0.38685362040996557 -0.018332001753151413
decision_type=10 8 2 2 10 2 10 2 2 2 10 10 2 2
left_child=-1 3 -3 4 5 -2 7 -7 -6 -10 11 12 13 -5
right_child=1 2 -4 10 8 6 -8 -9 9 -11 -12 -13 -14 -15
leaf_value=-0.011316395482024679 -0.0016626310037709474 0.018070891674955378 0.00059242225544327504 0.0047369989392648344 0.012428758509371014 -0.020226473217487093 -0.0030634206276437923 0.00056620768026880157 -0.0061259406966253319 0.00095095389824033339 -0.00053972101401924134 0.014429227927175901 0.0013899109612521895 -0.01554834854114668
leaf_weight=378.21257996186614 12988.963142519817 490.9875844605267 1054.9647549279034 916.42840543016791 375.98841775208712 709.06493089720607 2251.3890864681453 306.13551811315119 1646.1636793855578 13339.126107450575 36962.686495015398 712.3670130930841 32596.854466369376 1135.3893861491233
leaf_count=2195 79010 2535 5756 4748 2048 5384 14506 2152 8999 73866 206836 3759 202320 6527
internal_value=-7.46119e-05 -3.32366e-05 0.00622397 -0.000126893 -0.00112433 -0.0026378 -0.00649844 -0.014012 0.000477917 0.000169976 0.00030924 0.00119656 0.00092041 -0.00650902
internal_weight=105865 105487 1545.95 103941 31616.8 16255.6 3266.59 1015.2 15361.3 14985.3 72323.7 35361 34648.7 2051.82
internal_count=620641 618446 8291 610155 185965 101052 22042 7536 84913 82865 424190 217354 213595 11275
is_linear=0
shrinkage=0.05


Tree=169
num_leaves=15
num_cat=0
split_feature=21 71 71 71 26 73 72 68 68 72 71 68 70 71
split_gain=22.6259 39.6672 32.3205 59.3708 36.5756 29.5557 31.7415 41.7889 26.894 29.9888 19.4646 31.3627 24.5124 30.4943
threshold=8.2130312919616717 0.012571706436574461 -0.018332001753151413 -0.024940954521298405 -0.066612392663955675 0.39324033260345465 0.0085483356378972548 -0.040576038882136338 -0.065314467996358858 0.015647837892174724 -0.014079896267503498 -0.0098335812799632532 -0.0040125038940459481 -0.0066218213178217402
decision_type=10 2 2 2 10 2 10 8 10 10 2 8 2 2
left_child=1 2 3 5 -5 6 -1 8 9 -8 -4 -12 -13 -14
right_child=-2 -3 10 4 -6 -7 7 -9 -10 -11 11 12 13 -15
leaf_value=-0.011962282792342268 0.00031759837188124215 0.0066218209531795306 -0.015287358302702145 0.0014585188435001196 0.023158338076674962 -0.014360042000772134 0.013062992687773235 0.01538386434919569 -0.01192286516791779 -0.005733907038222563 0.0048278272794848361 -0.01304909578228897 0.008457294559966598 -0.0065628745277417095
leaf_weight=488.45014649629593 96572.290179701522 1095.9767646081746 513.5671476572752 389.14425546303391 380.48068597912788 484.78797387704253 388.96860824525356 444.51388965919614 452.13129811733961 444.47287235409021 670.82762820646167 1104.9710082523525 397.39786340296268 1996.4150819890201
leaf_count=2598 568396 6284 2829 2064 2017 2681 1988 2272 2638 2679 3561 6184 2155 12052
internal_value=9.12229e-05 -0.00226945 -0.00347085 0.000185284 0.0123457 -0.00330949 -0.000841149 0.00234935 -0.00224156 0.00308951 -0.00617679 -0.00502076 -0.00691742 -0.00404456
internal_weight=105824 9252.11 8156.13 3472.95 769.625 2703.32 2218.54 1730.09 1285.57 833.441 4683.18 4169.61 3498.78 2393.81
internal_count=620398 52002 45718 18937 4081 14856 12175 9577 7305 4667 26781 23952 20391 14207
is_linear=0
shrinkage=0.05


Tree=170
num_leaves=15
num_cat=0
split_feature=72 72 72 74 74 73 74 74 74 72 73 73 74 74
split_gain=14.6896 56.983 53.3041 80.2642 130.879 67.1713 90.8274 43.0624 113.033 47.2405 130.92 87.5614 45.362 84.8095
threshold=0.0075098148081451663 0.0075484933331608781 0.0064558612648397693 0.0058923510368913421 0.0051510839257389316 0.46266341209411627 0.0004852519632549957 0.0071844139602035293 0.0058118295855820188 0.0053684536833316096 0.58951714634895336 0.80691090226173412 0.0051510839257389316 0.0022832845570519571
decision_type=8 10 10 2 2 2 2 2 2 10 2 2 2 2
left_child=2 -2 7 4 5 -4 -7 8 12 10 -9 -11 13 -1
right_child=1 -3 3 -5 -6 6 -8 9 -10 11 -12 -13 -14 -15
leaf_value=0.00047926692508690368 -0.017930809543363249 -0.00042491983080761872 -0.0049003176936580264 -0.003390662504478253 0.024501589277822495 0.0093089649663094312 -0.0022341554805518585 0.031559700646958462 -0.016523941409330067 -0.0056921269960268804 0.0024964269213097294 0.021310763189475522 0.011379422069691936 -0.0067539437329135355
leaf_weight=21385.360346326604 458.57563855871558 58685.351321050897 1821.1615159604698 3474.8256698753685 813.85836174711585 5476.71349427104 2467.1127461306751 499.89164141565561 1143.2489058040082 1752.4963927585632 1622.5931929498911 351.87470514699817 765.33732909709215 4989.6676569133997
leaf_count=136259 2813 328115 9979 20407 4661 30172 14603 2920 8009 11137 10518 2128 4756 33334
internal_value=-4.07145e-05 -0.000563661 0.00062349 0.00319533 0.00535978 0.00374099 0.00572572 -0.000488909 -0.00119273 0.00421236 0.00945736 -0.0010975 -0.000541079 -0.000891164
internal_weight=105708 59143.9 46564.1 14053.7 10578.8 9764.99 7943.83 32510.5 28283.6 4226.86 2122.48 2104.37 27140.4 26375
internal_count=619811 330928 288883 79822 59415 54754 44775 209061 182358 26703 13438 13265 174349 169593
is_linear=0
shrinkage=0.05


Tree=171
num_leaves=15
num_cat=0
split_feature=29 69 69 72 73 72 72 72 73 70 70 70 72 24
split_gain=18.7497 32.0189 52.9578 99.7411 31.8184 90.4231 236.019 138.102 75.1572 69.7948 102.584 92.1005 50.6187 56.4971
threshold=0.12337600439786912 -0.12024196237325667 -0.09301410615444182 0.020338352769613269 0.31674617528915411 0.011327308136969806 0.010852548759430649 0.018491671420633796 0.32804124057292944 0.0018135212012566628 -0.0045191701501607886 -0.015465791337192057 0.0085483356378972548 -0.051686700433492654
decision_type=2 10 10 10 2 10 10 10 2 2 2 2 10 2
left_child=1 -1 3 -3 5 6 12 9 -6 10 11 -7 -4 -14
right_child=-2 2 4 -5 8 7 -8 -9 -10 -11 -12 -13 13 -15
leaf_value=0.0039314613505259249 -0.0010710147048072749 -0.018447503772038958 -0.0038932640882941879 0.012277758380777132 -0.018255087573804337 0.0029070159718953825 -0.037620542651354505 -0.007658301237041071 -6.2815897001794972e-05 0.022604180718709326 -0.015691160744147593 0.027203859512895241 -0.0044202626450441556 0.017321918209519702
leaf_weight=5532.8912730552256 40789.18743372336 943.72079511731863 1549.7852227743715 357.31009444594383 564.27103067934513 955.17279740422964 418.9079449698329 1050.9924190696329 49802.046199249104 1209.2377190031111 381.0828523747623 652.43482363037765 462.21263936161995 817.73600492998958
leaf_count=31290 245722 5298 8242 2080 3355 5420 2437 6125 290907 5876 2086 3285 2310 3994
internal_value=-0.000231613 0.000297677 -4.27484e-05 -0.00997995 0.000182369 0.00321899 -0.00305579 0.00801247 -0.000270213 0.0131705 0.00734982 0.0128749 0.00217556 0.00949702
internal_weight=105487 64697.8 59164.9 1301.03 57863.9 7497.56 3248.64 4248.92 50366.3 3197.93 1988.69 1607.61 2829.73 1279.95
internal_count=618427 372705 341415 7378 334037 39775 16983 22792 294262 16667 10791 8705 14546 6304
is_linear=0
shrinkage=0.05


Tree=172
num_leaves=15
num_cat=0
split_feature=54 71 4 74 74 71 71 74 74 72 70 72 72 70
split_gain=17.8494 54.2647 71.2079 66.964 45.7877 33.8633 38.9324 50.7255 36.5599 57.2311 31.5108 39.614 61.8227 40.846
threshold=0.49315090477466589 -0.017622965388000008 0.058333335444331176 -0.016549087129533287 -0.014523303136229513 -0.012753691989928482 -0.010008481796830891 -0.00030105040059424931 -0.0016844199853949247 0.0081229391507804411 -0.0049120923504233352 0.011850398499518635 0.013581956736743452 -0.0091816666536033136
decision_type=8 2 8 2 2 2 2 2 2 10 2 10 10 2
left_child=-1 2 -2 -3 -5 8 7 -7 -6 -10 11 13 -13 -8
right_child=1 3 -4 4 5 6 10 -9 9 -11 -12 12 -14 -15
leaf_value=-0.00052732809474479575 0.017303017447873801 -0.013061916387590345 0.0026704616935471527 0.016237653109745034 -0.01474540862900817 0.01808697321542093 -0.0093562094180354074 -0.0012589566069964482 0.013968726049672099 -0.013094010210270405 -0.00028040113982033316 0.028094485067052491 0.0030088377558936965 0.0045075374154863925
leaf_weight=61044.374939186499 1026.2752674557269 926.19931934960186 4233.2127796318382 445.09345059096813 753.82339740172029 702.91482599265873 666.42422694154084 643.41763054206967 388.96052480116487 372.82791379652917 31060.518033834174 394.36943356506526 632.60946981422603 2468.7476024869829
leaf_count=362002 5547 5533 22096 2315 4208 3731 3750 3397 2078 2059 184262 2035 3346 13893
internal_value=2.85785e-05 0.000787437 0.00555311 0.000150925 0.00047185 0.000283381 0.000587714 0.00890036 -0.00701533 0.000725869 0.00026754 0.00434748 0.01282 0.00154023
internal_weight=105760 44715.4 5259.49 39455.9 38529.7 38084.6 36569 1346.33 1515.61 761.788 35222.7 4162.15 1026.98 3135.17
internal_count=620252 258250 27643 230607 225074 222759 214414 7128 8345 4137 207286 23024 5381 17643
is_linear=0
shrinkage=0.05


Tree=173
num_leaves=15
num_cat=0
split_feature=69 69 2 70 74 69 25 74 70 74 73 70 70 70
split_gain=18.2825 47.9466 69.5197 39.177 35.6358 30.2828 31.7271 16.6488 80.6944 65.2592 109.038 58.9578 54.6486 52.2046
threshold=0.14754705131053927 0.14230864495038989 0.028182896785438064 0.005936692003160716 0.012610692996531727 0.15864480286836627 0.034150669351220138 -0.0059043532237410537 -0.0091816666536033136 -0.0068033426068723193 0.5741296410560609 -0.0045191701501607886 -0.0074904581997543565 -0.0060291055124253026
decision_type=10 10 2 2 2 10 10 2 2 2 2 2 2 2
left_child=1 7 -3 5 -5 6 -2 9 -9 -1 11 -11 -10 -14
right_child=3 2 -4 4 -6 -7 -8 8 12 10 -12 -13 13 -15
leaf_value=0.00029423029448173439 0.0044637842328819318 0.027724728728808157 -0.0019763804155745481 -0.024974483785833761 -0.0036642749288939994 0.009758216458601204 -0.0098976084862961115 -0.017765450187574285 0.01076590909235999 0.0073364367528302001 -0.00096258191446643455 0.029807386693466678 -0.011226501815200763 -0.00016754238176114813
leaf_weight=21381.159665804356 657.72672701813281 372.22741963714361 404.03467938303947 350.16363223083317 439.88476240821183 543.24239733070135 900.86153564229608 646.60994337685406 1117.1948887221515 539.85692006535828 1353.5296554192901 648.06634180620313 1072.4955864343792 75243.020225159824
leaf_count=120512 3823 2041 2180 2184 2674 3112 5245 3735 5865 3037 8181 3723 5975 447367
internal_value=2.68698e-05 0.000137361 0.0124372 -0.00388697 -0.0133034 -0.00030121 -0.00384726 4.25464e-05 -0.000311059 0.0011963 0.00875451 0.0197419 -0.000163029 -0.000324409
internal_weight=105670 102778 776.262 2891.88 790.048 2101.83 1558.59 102002 78079.3 23922.6 2541.45 1187.92 77432.7 76315.5
internal_count=619654 602616 4221 17038 4858 12180 9068 598395 462942 135453 14941 6760 459207 453342
is_linear=0
shrinkage=0.05


Tree=174
num_leaves=15
num_cat=0
split_feature=31 54 8 73 14 53 66 19 73 72 70 70 72 17
split_gain=24.8626 23.141 22.3122 20.5311 25.8904 19.9278 19.6395 18.557 18.3435 44.3416 83.0686 40.5335 39.6637 41.0476
threshold=17.581121444702152 0.33054701983928686 1.0000000180025095e-35 0.73820674419403087 0.042755950242280967 -0.075859788805246339 0.12822570651769641 -0.023883555084466931 0.62452375888824474 0.016872597858309749 0.011808764189481737 0.00028452508558984851 0.013693704269826414 68.421707153320327
decision_type=2 8 2 2 8 10 10 10 2 10 2 2 10 10
left_child=1 5 7 4 -4 -1 -3 -2 -9 12 11 -11 -10 -14
right_child=2 6 3 -5 -6 -7 -8 8 9 10 -12 -13 13 -15
leaf_value=-0.0022457977226538763 -0.0047541391626171837 0.00090885377412370605 0.0071737185284727334 -0.0027922351123881133 0.0010149298916430852 -0.0084840096380023426 -0.0025564136203308379 0.00085017264132544778 -0.00090473125132943056 -0.0083228443770962997 0.0084018744311979421 -0.032524598995695646 0.018071337468349217 -0.0011509691758160977
leaf_weight=11797.307549301535 1951.1379637308419 12810.499172739685 3216.8277198318392 1361.2999408338219 3629.8730647843331 1428.65642699413 5993.5631624758244 39293.338792352006 21921.707670550793 348.32510459050536 364.00758815184236 352.82684477046132 564.22598412260413 535.68378458172083
leaf_count=66858 10733 74149 18852 8762 22578 10522 34407 221891 137906 2035 2124 2107 3122 3144
internal_value=-0.000161465 -0.00132391 0.000344947 0.00280039 0.00391479 -0.00292554 -0.000196429 3.60729e-05 0.000184265 -0.000901949 -0.010827 -0.0207875 -0.000438238 0.00878357
internal_weight=105569 32030 73539.3 8208 6846.7 13226 18804.1 65331.3 63380.1 24086.8 1065.16 701.152 23021.6 1099.91
internal_count=619190 185936 433254 50192 41430 77380 108556 383062 372329 150438 6266 4142 144172 6266
is_linear=0
shrinkage=0.05


Tree=175
num_leaves=15
num_cat=0
split_feature=63 74 73 73 74 70 14 74 73 73 70 71 71 71
split_gain=15.9012 15.0451 12.9136 104.672 53.3245 67.6497 92.151 63.5829 51.9577 114.372 89.6978 46.3596 135.422 79.2517
threshold=0.99999755620956432 -0.04474180564284324 0.62452375888824474 0.62245628237724315 0.00033635373983997857 0.00038115432835184043 -0.023909400217235085 0.017686319537460807 0.57541298866271984 0.57667362689971935 -0.0089121768251061422 -0.0066218213178217402 0.00052272941684350382 -0.0094460952095687372
decision_type=8 2 2 2 2 2 8 2 2 2 2 2 2 2
left_child=1 -1 3 8 5 -4 -7 -6 -3 -10 -11 13 -13 -12
right_child=-2 2 4 -5 7 6 -8 -9 9 10 11 12 -14 -15
leaf_value=-0.010006603193288567 -0.0065373006468710569 -0.00036853374975600358 -0.00014478178814141817 0.025811211858724998 -0.0028787414761905312 0.019967363456996592 0.0022372461884587018 0.0078071851026095184 0.028873738447183411 -0.013286757455440494 0.004693309352575204 -0.0091371881411945292 0.0059586304976672333 0.029630889226430358
leaf_weight=367.04296513646841 939.28511310182512 52307.457422800362 13459.122616879642 394.10681197792292 22399.901029162109 1050.9934073537588 2379.4054335858673 1474.7394626941532 414.81589819118381 828.29062968119979 1179.6919392459095 1969.8313346356153 5945.2897421848029 429.06165411695838
leaf_count=2611 5909 292306 81379 2338 142325 5997 14810 8561 2260 4874 6506 11826 35100 2328
internal_value=-9.52378e-05 -3.67699e-05 -7.05799e-07 0.000445288 -0.000695044 0.00145453 0.00771159 -0.00221568 0.000282729 0.00344406 0.0023982 0.00377482 0.00219495 0.0114862
internal_weight=105539 104600 104233 63468.5 40764.2 16889.5 3430.4 23874.6 63074.4 10767 10352.2 9523.87 7915.12 1608.75
internal_count=619130 613221 610610 357538 253072 102186 20807 150886 355200 62894 60634 55760 46926 8834
is_linear=0
shrinkage=0.05


Tree=176
num_leaves=15
num_cat=0
split_feature=31 6 69 69 16 0 69 69 50 17 69 62 9 69
split_gain=20.9983 18.5873 16.741 32.6768 27.8474 20.8465 18.9311 18.1434 16.2148 16.7281 17.8207 17.9072 19.7381 16.4828
threshold=17.495936393737797 1.1868599057197573 0.052512809634208686 0.037355720996856696 -5.0260319709777823 0.039994915947318084 0.061287341639399535 0.015508298296481373 0.011125379707664253 94.355678558349624 0.15165715664625171 1.0000000180025095e-35 0.0060123701114207515 0.14015386998653415
decision_type=2 10 10 8 2 2 10 8 2 8 10 2 2 10
left_child=2 8 3 7 5 -5 -4 -1 -2 10 11 -10 -13 -11
right_child=1 -3 6 4 -6 -7 -8 -9 9 13 -12 12 -14 -15
leaf_value=-0.00026577369877666199 -0.0021661960167197966 0.0091757569998122731 -0.0069837454925911107 0.013019305364296319 0.00078731702847264324 0.00014368129115096322 -0.0016570658197749743 -0.0053649085769636971 0.0010065485495041133 -0.0025394906878611276 -0.0048125198678039211 -0.010848241838520718 0.0033505074033346009 0.0088855708718765681
leaf_weight=6346.5024676807225 6033.5609365161508 587.08221127092838 1894.7215894404799 1036.4184275045991 2980.9276308864355 449.68695869296789 13536.231538971886 2396.3589708581567 61788.346423003823 5927.6500574331731 1387.2344781570137 649.81463604420424 383.01181174069643 323.73038756847382
leaf_count=34728 36156 3551 11498 5808 17741 2337 80405 13858 361270 36988 8240 3568 2088 1913
internal_value=-4.1541e-05 0.000388008 -0.00119731 0.000109321 0.00358373 0.00915022 -0.00231521 -0.00166794 0.000319372 0.000532491 0.000772952 0.000897039 -0.00560116 -0.00193459
internal_weight=105721 77080.4 28640.8 13209.9 4467.03 1486.11 15431 8742.86 76493.3 70459.8 64208.4 62821.2 1032.83 6251.38
internal_count=620149 453774 166375 74472 25886 8145 91903 48586 450223 414067 375166 366926 5656 38901
is_linear=0
shrinkage=0.05


Tree=177
num_leaves=15
num_cat=0
split_feature=71 68 84 5 15 73 72 72 68 71 73 68 72 68
split_gain=17.7464 48.3294 95.7161 34.8147 17.3648 24.7782 23.984 57.1248 44.7378 109.256 105.523 57.661 38.3713 110.242
threshold=-0.054346878081560128 -0.087453853338956819 1.5000000000000002 1.0570908188819887 23.456728935241703 0.85966211557388317 0.013089691288769247 0.012143131811171772 0.009529206436127426 -0.00093168902094475914 0.35068200528621679 0.048553535714745528 0.014212233014404775 -0.0059690875932574263
decision_type=2 10 2 2 8 2 10 10 8 2 2 8 10 8
left_child=1 2 -1 -3 6 -6 7 -2 9 10 -9 -10 13 -8
right_child=4 3 -4 -5 5 -7 12 8 11 -11 -12 -13 -14 -15
leaf_value=-0.01306961848700859 0.00061997317927197 -0.025915675869987206 0.016421815135572157 -0.0045839759578793623 -0.00053241737322120718 -0.0085131067040600077 -0.015253034124165156 0.020097093715299504 -0.0032679577629092143 0.030963870000350304 -0.014770618647328796 0.018509427613773614 0.0003061833457138612 0.0042981354081682742
leaf_weight=532.12119025737047 43580.893397040665 346.83729309588671 548.80776375904679 423.71061236411333 45677.524430973455 983.82555628940463 1589.2780665233731 424.67612979188561 1242.7894896045327 566.48091741278768 423.52973687648773 391.47821412980556 7610.2431167569011 1306.5200882032514
leaf_count=3143 258628 1990 3077 2466 269727 6820 8783 2081 7199 2867 2312 2075 41417 7119
internal_value=-7.3703e-05 -0.00491249 0.00191701 -0.0143948 1.30734e-05 -0.000702473 0.000597462 0.00108372 0.0076887 0.0141661 0.00271756 0.00202952 -0.00155972 -0.00644754
internal_weight=105649 1851.48 1080.93 770.548 103797 46661.3 57135.9 46629.8 3048.95 1414.69 848.206 1634.27 10506 2895.8
internal_count=619704 10676 6220 4456 609028 276547 332481 275162 16534 7260 4393 9274 57319 15902
is_linear=0
shrinkage=0.05


Tree=178
num_leaves=15
num_cat=0
split_feature=68 71 26 54 26 69 69 71 73 68 71 73 71 71
split_gain=16.8544 54.6393 25.0391 24.1032 19.5457 15.0946 45.5542 117.738 58.2144 126.298 99.7153 112.887 49.2751 55.9936
threshold=0.066228810697793974 0.012228522449731829 -0.080877102911472307 0.38150334358215338 0.14963882416486743 0.1011449657380581 0.093763429671525969 0.011125609744340183 0.61819469928741466 0.03880582936108113 -0.0060752178542315951 0.49487873911857611 0.019364750944077972 0.022283208556473259
decision_type=10 2 10 8 10 10 10 2 2 10 2 2 2 2
left_child=5 -2 -3 -4 -5 6 12 8 10 -10 11 -8 -1 -14
right_child=1 2 3 4 -6 -7 7 -9 9 -11 -12 -13 13 -15
leaf_value=0.00068286526811730413 -0.022856568268560556 0.0091810204093550236 -0.015637349118263193 0.0077776576253333132 -0.0073219771115318301 -0.0010562754565179523 0.019651700044607447 0.014724721395241927 0.016235641164046008 -0.01422641084025621 -0.021432839421292441 -0.012520476492570569 -0.0099178745639064581 -0.0011761882369896162
leaf_weight=64856.290441708639 327.34832779318094 449.07048784196377 337.82079182378948 407.13638501428068 430.78726498037577 21216.155601605773 505.90858552604914 1930.3433025013655 1034.3787292949855 495.6481373347342 702.44169352203608 568.60199639201164 2229.8768212683499 10075.992831563577
leaf_count=377931 2143 2574 2307 2423 2697 129327 2553 10751 5701 3195 4092 3075 13016 57553
internal_value=4.58101e-05 -0.00454497 -0.000738524 -0.00457273 1.99425e-05 0.000132733 0.000438969 0.00494692 -0.000787747 0.00633924 -0.0069255 0.00266858 0.000132394 -0.00276699
internal_weight=105568 1952.16 1624.81 1175.74 837.924 103616 82399.5 5237.32 3306.98 1530.03 1776.95 1074.51 77162.2 12305.9
internal_count=619338 12144 10001 7427 5120 607194 477867 29367 18616 8896 9720 5628 448500 70569
is_linear=0
shrinkage=0.05


Tree=179
num_leaves=15
num_cat=0
split_feature=69 69 71 69 72 71 71 71 71 69 69 69 72 72
split_gain=17.0501 103.794 88.269 82.3391 90.4935 70.7512 121.803 70.6296 87.3115 86.6653 66.2163 64.9797 63.4719 99.2631
threshold=0.049500988796353347 0.046791307628154762 0.0040894867852330216 0.061287341639399535 0.0065782172605395326 0.017012067139148716 0.0052359711844474086 -0.016997806727886196 0.014448611065745355 0.063768897205591216 -0.099995519965887056 -0.071767471730709062 0.019208792597055439 0.013306633569300176
decision_type=8 10 2 8 10 2 2 2 2 8 10 8 10 10
left_child=1 5 -3 4 -2 6 -1 -5 -9 -10 -7 -12 13 -8
right_child=3 2 -4 7 -6 10 12 8 9 -11 11 -13 -14 -15
leaf_value=-0.00021223682158002743 -0.00071382549728146033 0.021217088738872496 -0.0027540883720367864 0.0064767743804140972 -0.011144854016990752 -0.018801190790934817 0.0099197610624791425 -0.0016165206930183161 0.02572855201016085 0.002265816088496722 0.0099346718444619786 -0.0038487012325806938 0.027421416370558657 -0.0046505797263669242
leaf_weight=23466.031375775114 4989.7215804494917 1099.0571521371603 584.24589576385915 4144.2883312609047 3556.4350099880248 647.44529043883085 4643.2206822503358 36718.184073319659 394.51087486371398 14759.75525884144 950.49274997785687 7805.2815136667341 367.35376589372754 1554.3809592369944
leaf_count=129703 32051 6069 3490 22041 20280 3630 26533 225124 2344 88244 5080 44870 1886 8815
internal_value=1.26499e-05 0.000808358 0.01293 -0.000494151 -0.00506259 0.000287784 0.00147294 0.000203609 -0.00029873 0.00289319 -0.00349479 -0.00234281 0.00748768 0.00626386
internal_weight=105680 41117.5 1683.3 64562.9 8546.16 39434.2 30031 56016.7 51872.5 15154.3 9403.22 8755.77 6564.96 6197.6
internal_count=620160 230076 9559 390084 52331 220517 166937 337753 315712 90588 53580 49950 37234 35348
is_linear=0
shrinkage=0.05


Tree=180
num_leaves=15
num_cat=0
split_feature=71 71 72 72 72 72 0 68 71 68 72 71 68 68
split_gain=23.1064 82.819 69.6185 76.1458 57.2202 100.325 73.0733 75.0569 72.002 66.3615 83.8657 79.9318 73.7522 57.0446
threshold=0.012805075850337745 0.01080296700820327 0.016391023062169555 0.010852548759430649 0.0064558612648397693 0.0080920867621898668 0.044240679591894157 -0.0085332267917692644 -0.012753691989928482 0.032549452036619193 0.0078111961483955392 0.0035562476841732864 0.036166118457913406 0.0028679061215370898
decision_type=2 2 10 10 10 10 2 10 2 10 10 2 10 10
left_child=1 4 3 -3 -1 6 7 -6 13 10 -10 12 -11 -9
right_child=-2 2 -4 -5 5 -7 -8 8 9 11 -12 -13 -14 -15
leaf_value=-0.0020003300053047682 0.0011611158671395018 -0.0060051523401924937 0.012763627021013847 -0.026335082727047116 -0.0039451211516897599 -0.00042977746276040113 -0.0038004229952268327 0.0050656072868279327 -0.00016247322910370942 0.036286436224140094 0.022564044164794891 0.002955282629229115 0.012659534529872341 0.025124311978631665
leaf_weight=23482.121781209484 31277.877928966656 4374.7244906481355 423.63290117308497 506.66109107062221 1491.380463367328 32775.568875761703 2070.4815619140863 559.62155167758465 4000.9146080613136 438.54658222943544 441.75709320046008 1489.3977910764515 1337.0944560170174 986.14031574875116
leaf_count=150435 184369 27531 2276 2876 8154 180966 10810 2940 23388 2302 2375 8885 7474 5085
internal_value=2.10996e-05 -0.000458398 -0.0064727 -0.00816481 4.38859e-06 0.00103715 0.00478628 0.00644289 0.00811958 0.00612911 0.00214294 0.0115299 0.0186654 0.0179416
internal_weight=105656 74378 5305.02 4881.39 69073 45590.9 12815.3 10744.9 9253.47 7707.71 4442.67 3265.04 1775.64 1545.76
internal_count=619866 435497 32683 30407 402814 252379 71413 60603 52449 44424 25763 18661 9776 8025
is_linear=0
shrinkage=0.05


Tree=181
num_leaves=15
num_cat=0
split_feature=60 72 72 68 68 72 71 73 68 68 72 73 54 71
split_gain=16.0544 15.8541 54.8425 60.2018 29.8861 18.7941 47.0577 62.5407 111.545 82.7015 89.2587 88.7001 46.3005 42.4111
threshold=8.5000000000000018 0.003391561447642744 0.0033068291377276187 0.018985471688210968 0.022496461868286136 0.0045173054095357665 0.016836371272802356 0.5629803240299226 -0.0020691087702289219 0.034757858142256744 0.0042985687032341966 0.71822267770767223 0.58184903860092174 0.0040894867852330216
decision_type=8 10 10 10 10 10 2 2 10 10 10 2 8 2
left_child=1 2 3 -1 -5 6 7 8 -3 10 -9 -11 -8 -10
right_child=-2 5 -4 4 -6 -7 12 9 13 11 -12 -13 -14 -15
leaf_value=-0.017984836477039627 0.0094911991921844199 0.013054347179295609 0.021832413257110942 0.019028367696448622 0.0015053208209384009 0.00028048213918945155 0.017973966070547076 0.0058631969403534186 -0.022093928935057273 -0.018014948660094759 -0.011305450678504412 0.0060456075331471633 -0.005416650365592612 -0.0034706359329207573
leaf_weight=336.85505561903119 452.66954087466002 375.97202229499817 362.98277011141181 297.73211676999927 1172.5440881960094 93747.729570960626 533.63033556193113 3860.5479897949845 1122.4480418730527 1168.2463596072048 931.44028166308999 561.50515637546778 340.21639466658235 424.5145552624017
leaf_count=2480 2579 2150 2534 1968 8419 540928 3284 25445 7472 7845 6441 3876 2087 2728
internal_value=0.000197668 0.000156795 0.00437625 0.000769134 0.00515833 6.75358e-05 -0.00207279 -0.00321837 -0.0111176 -0.000875812 0.00250946 -0.0102146 0.008909 -0.0170385
internal_weight=105689 105236 2170.11 1807.13 1470.28 103066 9318.52 8444.67 1922.93 6521.74 4791.99 1729.75 873.847 1546.96
internal_count=620236 617657 15401 12867 10387 602256 61328 55957 12350 43607 31886 11721 5371 10200
is_linear=0
shrinkage=0.05


Tree=182
num_leaves=15
num_cat=0
split_feature=70 74 74 69 69 70 69 70 69 69 74 70 69 69
split_gain=16.9148 43.8951 82.9206 56.5963 74.5673 43.3729 37.3068 31.4949 30.7637 130.35 99.3895 70.1807 74.6106 90.0505
threshold=0.01275134924799204 0.0069592213258147248 0.0067960366141051063 -0.088456358760595308 -0.063160825520753847 0.01384822139516473 0.044376322999596603 0.0092143369838595408 0.049500988796353347 0.04022012650966645 -0.01112646935507655 0.01043195277452469 0.061287341639399535 0.060013568028807647
decision_type=2 2 2 8 10 2 8 2 10 10 2 2 8 10
left_child=1 2 8 -3 7 6 -2 -5 9 -1 -11 12 13 -10
right_child=5 3 -4 4 -6 -7 -8 -9 11 10 -12 -13 -14 -15
leaf_value=-0.00027570757819490594 -0.022949898621242602 0.021206102653024025 -0.016944609561542891 -0.018253532943927255 0.0030965304866654181 -0.00071976165498957221 -0.0043902379603315174 -0.00039936514131404385 -0.0033423510431923476 0.033451247504138998 0.0064330662068770575 -0.022487867026591144 7.4165515260474335e-05 -0.020294546215892915
leaf_weight=28600.13125725463 408.1850057747215 390.21839260496199 728.08129719644785 590.15504594147205 14056.798544939607 8342.8154818639159 786.08011209964752 420.53581381589174 5924.5604116376489 357.68209087848663 4755.2703769765794 365.04680461063981 38999.211357153952 893.96066255681217
leaf_count=163066 2364 1869 4715 3544 81672 46036 4536 2405 36382 1716 27385 2245 235951 5734
internal_value=6.1783e-06 0.000205605 -0.000262439 0.00264541 0.00215098 -0.00200106 -0.0108716 -0.0109013 -0.000108315 0.00103984 0.00838476 -0.000946506 -0.000770008 -0.00559138
internal_weight=105619 96081.7 80623.9 15457.7 15067.5 9537.08 1194.27 1010.69 79895.9 33713.1 5112.95 46182.8 45817.7 6818.52
internal_count=619620 566684 477194 89490 87621 52936 6900 5949 472479 192167 29101 280312 278067 42116
is_linear=0
shrinkage=0.05


Tree=183
num_leaves=15
num_cat=0
split_feature=31 14 71 71 74 74 73 21 13 74 12 73 73 13
split_gain=14.6467 18.997 40.5945 27.5455 60.4903 34.6206 21.6789 19.0008 18.6803 20.2906 22.1983 21.6381 53.5241 39.5782
threshold=17.676752090454105 -0.076197799295186983 0.041986452415585525 0.023198653012514118 -0.0009966906509362159 0.012778390198946001 0.6924434006214143 3.0987594127655034 -0.096048269420862184 0.017686319537460807 0.039288887754082687 0.31221117079257971 0.33967128396034246 0.013904531486332418
decision_type=2 8 2 2 2 2 2 10 10 2 8 2 2 10
left_child=-1 2 3 7 -5 6 -6 -2 -3 11 -11 13 -13 -10
right_child=1 8 -4 4 5 -7 -8 -9 9 10 -12 12 -14 -15
leaf_value=-0.00067696126124119882 -0.0074384556673860527 -0.0097988268628282065 -0.0091840681119317469 -0.0079783616939471495 0.012417183551582426 0.0021506745110441159 0.029276262146522493 0.0025448611357403637 0.0042805318763104007 -0.00064383289798199529 0.0083556049373754559 -0.0099999547748009232 -3.164816303294996e-05 -0.0074378282874835201
leaf_weight=35727.504032691941 490.91169366985559 455.38709902390838 715.23311699926853 381.9722391590476 430.46398060768843 377.70609556138515 374.61336732283235 9999.7226337306201 5579.2243522983044 1215.0534112788737 1557.4188661165535 1377.0247032381594 46234.348805846646 817.92141224816442
leaf_count=207725 2674 2640 4227 2120 2245 2022 2119 54613 29568 6713 8611 7827 282814 4350
internal_value=0.000146681 0.000567056 0.00230995 0.00299893 0.00916707 0.0147245 0.0205249 0.00207105 0.000177844 0.000259569 0.00442341 4.50435e-05 -0.000321993 0.00277298
internal_weight=105735 70007 12770.6 12055.4 1564.76 1182.78 805.077 10490.6 57236.4 56781 2772.47 54008.5 47611.4 6397.15
internal_count=620268 412543 70020 65793 8506 6386 4364 57287 342523 339883 15324 324559 290641 33918
is_linear=0
shrinkage=0.05


Tree=184
num_leaves=15
num_cat=0
split_feature=19 73 71 70 69 71 71 74 74 74 73 70 74 74
split_gain=16.1982 30.3522 52.151 28.6144 27.6195 81.2557 154.838 76.0662 38.2197 91.5629 65.488 40.8953 92.855 38.8179
threshold=-0.011278520803898571 0.077547188848257079 0.0014462989638559522 -0.03048756159842014 -0.09301410615444182 0.014774716459214689 -0.0060752178542315951 -0.0034150431165471669 -0.023091642186045643 -0.019179445691406723 0.55171975493431102 -0.016846109181642529 -0.017201921902596947 -0.016549087129533287
decision_type=10 2 2 2 8 2 2 2 2 2 2 2 2 2
left_child=-1 2 -2 -3 5 6 7 -5 10 -10 -6 12 -11 -13
right_child=1 3 -4 4 8 -7 -8 -9 9 11 -12 13 -14 -15
leaf_value=-0.0019220918672357618 0.017199028492414722 -0.010323793719716859 -0.0022702633471883985 0.0032532568002993298 0.016505243221210053 -0.019665624664821812 0.01862349696710831 -0.021608512294868331 -0.014160759606034665 0.026085450389814364 -0.0080139840709282841 -0.010133132943812828 -0.0044314001199811772 0.00035127624963516798
leaf_weight=10008.580557044595 684.8823478743434 645.85303565301001 676.99601737037301 555.58700583316386 867.80394076183438 677.64190902560949 718.10417426005006 673.08356974646449 1089.2603527009487 475.55303017236292 387.58208186738193 881.93162263557315 507.15781508758664 86691.797077607363
leaf_count=54481 3382 4242 3478 2997 4864 3913 3460 3646 6701 2479 2419 4794 2837 515371
internal_value=-9.39084e-06 0.000191174 0.00757475 8.36022e-05 0.000156568 -0.00489045 0.000326775 -0.0104309 0.000302803 0.000180981 0.00893178 0.000358966 0.0104503 0.000244546
internal_weight=105542 95533.2 1361.88 94171.4 93525.5 2624.42 1946.77 1228.67 90901.1 89645.7 1255.39 88556.4 982.711 87573.7
internal_count=619064 564583 6860 557723 553481 14016 10103 6643 539465 532182 7283 525481 5316 520165
is_linear=0
shrinkage=0.05


Tree=185
num_leaves=15
num_cat=0
split_feature=71 71 68 5 71 58 4 71 68 68 71 71 72 72
split_gain=13.7189 16.9601 25.8084 23.5032 17.4524 15.1069 27.9163 18.5634 20.746 20.5482 17.6284 60.5312 69.5271 57.8765
threshold=-0.10309150815010069 -0.054346878081560128 -0.087453853338956819 1.0672511458396914 -0.051636332646012299 0.013062985613942148 0.12500000372529033 -0.022035616450011727 -0.01963784638792276 0.0061639812774956235 0.012805075850337745 0.01080296700820327 0.016391023062169555 0.011205004528164865
decision_type=2 2 10 2 2 2 10 2 8 10 2 2 10 10
left_child=-1 2 -2 -4 -3 10 7 -7 -9 -10 11 -6 13 -13
right_child=1 4 3 -5 5 6 -8 8 9 -11 -12 12 -14 -15
leaf_value=0.0093629929416081288 0.0017327038451368328 0.009520366347064638 -0.020801116231503009 -0.0030749784527015732 0.00030002132930114417 0.011291504801387384 -0.003778377559421427 -0.010031286368775131 0.009709376162747977 -0.00052932022088540156 0.001379717363156175 -0.0053939596592668549 0.015875641899718754 -0.025244425760172235
leaf_weight=391.04302956163883 682.8111267387867 486.90804716944695 354.49660451337695 392.43136329948902 61339.567072566599 442.44034057110548 6140.7821289822459 400.00139620155096 647.22006640583277 1922.6713953502476 27673.362210214138 4052.1784453559667 342.52874619141221 395.28159429505467
leaf_count=2556 3614 2646 2062 2281 360192 2298 33739 2142 3467 11361 163729 25671 1841 2284
internal_value=0.000132829 9.76568e-05 -0.00529191 -0.0116516 0.000172364 0.000127409 -0.00176573 0.00185665 0.000417919 0.00207691 0.000320379 -0.000123066 -0.00553037 -0.00721091
internal_weight=105664 105273 1429.74 746.928 103843 103356 9553.12 3412.33 2969.89 2569.89 93802.9 66129.6 4789.99 4447.46
internal_count=619883 617327 7957 4343 609370 606724 53007 19268 16970 14828 553717 389988 29796 27955
is_linear=0
shrinkage=0.05


Tree=186
num_leaves=15
num_cat=0
split_feature=74 70 74 70 73 74 74 69 70 69 2 72 70 69
split_gain=18.0301 56.4108 50.6097 88.8338 69.8653 61.3461 50.1545 55.7294 114.446 60.5137 78.3287 56.7462 83.0323 83.4693
threshold=-0.0059043532237410537 -0.01051562651991844 -0.005512069445103406 -0.007814700482413171 0.57667362689971935 -0.0057231923565268508 -0.0059896605089306823 0.039528355002403266 -0.0031817442504689093 0.04846692085266114 0.033372525125741966 0.0046206803526729354 -0.0076312893070280543 0.063980747014284148
decision_type=2 2 2 2 2 2 2 8 2 8 2 10 2 10
left_child=6 -2 4 -4 5 -3 7 8 -1 10 -9 -11 -13 -14
right_child=1 2 3 -5 -6 -7 -8 9 -10 11 -12 12 13 -15
leaf_value=-0.00043351266546549016 -0.01830704725380326 -0.0056653637230362191 0.014317993695709906 -0.00042078299787754147 0.0059794130440652274 -0.034606568020598451 0.017938458055349781 0.020968866759456167 -0.02038815033868259 -0.0090585083833479903 -0.005127860555482722 -0.0013939958216328391 0.023809418226023581 0.0050046893966935041
leaf_weight=10237.316010890529 431.16190100647509 378.75396841391921 1025.7965750414878 78694.269513005391 395.86227434128523 353.20044535212219 423.25772266276181 931.86158402636647 762.82714784890413 1072.8200332224369 409.03205932676792 5295.5338957794011 674.68505471944809 4348.4487003982067
leaf_count=57598 2576 2164 5305 467390 2307 2108 2458 5085 4348 7072 2043 29453 3756 24888
internal_value=-0.00011972 -0.000476177 -0.000378833 -0.00022936 -0.0108495 -0.019909 0.00107938 0.000771282 -0.00183457 0.00302228 0.0130292 0.00183397 0.00297412 0.00757274
internal_weight=105435 81279 80847.9 79720.1 1127.82 731.954 24155.8 23732.5 11000.1 12732.4 1340.89 11391.5 10318.7 5023.13
internal_count=618551 481850 479274 472695 6579 4272 136701 134243 61946 72297 7128 65169 58097 28644
is_linear=0
shrinkage=0.05


Tree=187
num_leaves=15
num_cat=0
split_feature=70 70 74 68 70 74 70 71 69 70 69 14 71 68
split_gain=15.0748 87.6292 80.9251 63.494 73.7814 55.767 115.376 112.559 95.887 70.8059 64.0598 54.1016 52.7936 84.5925
threshold=-0.0094763874076306803 -0.011087638791650532 -0.007328484905883669 -0.065314467996358858 -0.026119079440832135 -0.0087800291366875154 -0.0061899872962385407 -0.018332001753151413 0.12015831470489503 -0.0035250629298388954 0.036697993054986007 0.092794444411993041 -0.0069472836330533019 0.0070165519136935481
decision_type=2 2 2 8 2 2 2 2 10 2 10 8 2 10
left_child=1 3 -3 4 -1 6 7 -2 9 10 -8 -5 -9 -14
right_child=5 2 -4 11 -6 -7 8 12 -10 -11 -12 -13 13 -15
leaf_value=-0.0010218717645058993 0.032045944276604309 -0.018904517987329221 0.0055635192651393587 -0.0043920445945671259 0.018193749131956257 1.6745120726377632e-05 -0.017000118128874527 -0.0021117493401461656 0.016226350008807882 -0.022948341997540842 0.0077127618220986377 0.0038587366772957739 0.032958710945653301 0.0063937406417641732
leaf_weight=1042.7565912790596 527.45163168385625 1209.2752880621701 462.19939659535885 6032.0099190212786 947.17962712980807 87550.25349508971 412.03781640157104 1009.329306460917 460.87505842745304 598.47863539867103 682.82155503705144 2951.1875430382788 374.80468506366014 1388.5305927097797
leaf_count=6271 2613 7077 2626 34679 4617 518629 2364 5388 2557 3561 3690 16220 1983 7727
internal_value=0.000102339 -0.00151677 -0.0121457 0.00011186 0.00816971 0.000322607 0.00522314 0.0110857 -0.00376771 -0.00927279 -0.00165734 -0.0016802 0.00699759 0.0121943
internal_weight=105649 12644.6 1671.47 10973.1 1989.94 93004.6 5454.33 3300.12 2154.21 1693.34 1094.86 8983.2 2772.66 1763.34
internal_count=620002 71490 9703 61787 10888 548512 29883 17711 12172 9615 6054 50899 15098 9710
is_linear=0
shrinkage=0.05


Tree=188
num_leaves=15
num_cat=0
split_feature=58 72 71 71 84 72 72 5 74 74 71 72 72 53
split_gain=16.8443 44.2174 135.654 52.1964 29.851 26.6862 73.2086 54.948 54.6353 34.0232 27.9153 69.7146 86.506 36.6741
threshold=-0.0049646617844700805 0.0055593238212168225 -0.0097199608571827394 0.012571706436574461 3.5000000000000004 0.020338352769613269 0.017434634268283847 1.0826307535171511 -0.0053308736532926551 -0.026941708289086815 -0.0026847341796383257 0.014212233014404775 0.012849609367549421 -0.28928214311599726
decision_type=2 8 2 2 2 10 8 2 2 2 2 10 10 10
left_child=1 2 -1 -4 5 6 9 -7 -8 -3 11 12 -11 -13
right_child=-2 4 3 -5 -6 7 8 -9 -10 10 -12 13 -14 -15
leaf_value=0.029336161730932564 -0.00024564198420328213 0.013749137986940871 -0.0012536549403934169 0.014636867777820868 -0.0032324161593887848 0.016910462451876742 -0.021047845928211281 -0.0064760038898348891 0.0017207803621348606 -0.0009223049259238082 0.0033462536805732206 0.0023634533706666633 -0.020595321856720292 0.023341134929051544
leaf_weight=536.02501421794295 80718.511720949784 557.58184955269098 2350.782619163394 651.92706864699721 4497.2242436148226 716.87197910994291 631.28390076756477 377.1141346655786 444.81721776351333 5197.7663746885955 7523.7387929707766 440.62605738639832 616.24648407101631 389.56406385824084
leaf_count=2809 480303 3145 14661 3913 25115 3723 3622 2427 2405 28185 42132 2238 3378 2033
internal_value=0.000105257 0.00124097 0.00640995 0.00223351 0.000383339 0.00134711 0.000821483 0.00886314 -0.011707 0.00174435 0.00126254 -0.00109849 -0.0030393 0.0123678
internal_weight=105650 24931.6 3538.73 3002.71 21392.8 16895.6 15801.6 1093.99 1076.1 14725.5 14167.9 6644.2 5814.01 830.19
internal_count=620089 139786 21383 18574 118403 93288 87138 6150 6027 81111 77966 35834 31563 4271
is_linear=0
shrinkage=0.05


Tree=189
num_leaves=15
num_cat=0
split_feature=27 0 69 74 71 5 69 69 74 74 71 71 54 71
split_gain=18.1008 27.7837 26.7877 49.8546 39.5996 43.3101 32.7093 57.8173 35.5436 29.3028 27.9252 45.52 37.8389 29.28
threshold=0.90901151299476635 0.022464861162006858 -0.013704219833016394 -0.016549087129533287 0.040108343586325652 1.0023513436317446 0.0083855912089347857 0.0113120349124074 -0.0062917259056121102 -0.0069628467317670575 0.03935640491545201 0.034285780042409904 0.50790929794311535 0.029265975579619411
decision_type=2 2 10 2 2 2 10 10 2 2 2 2 10 2
left_child=1 -1 4 -4 5 -3 -5 -8 9 -9 11 13 -12 -10
right_child=-2 2 3 6 -6 -7 7 8 10 -11 12 -13 -14 -15
leaf_value=-0.0025501310659037488 0.00066046972773873094 0.0055240471178184328 -0.011773248855922914 -0.0065554659693071692 -0.0068256997641734573 -0.0024529605294488729 0.01853461277088236 0.0026915978407801573 -0.0012133494272459147 0.016837186547244282 -0.0017887907482734039 -0.016062633420264955 0.020173313114079716 0.010025134249713432
leaf_weight=14253.998939741403 50432.435560883954 6393.775612205267 975.01417818665504 1969.1298684850335 1051.3855736628175 2310.682518042624 408.75724267959595 3742.3098255097866 21768.055389292538 396.71069265902042 423.12283802777529 497.26287539303303 353.19788058102131 585.47043203562498
leaf_count=100059 295214 33326 5647 10803 6069 12195 2063 19924 121646 2143 2397 2784 2000 3200
internal_value=-2.40053e-05 -0.000650176 1.28433e-05 -0.000703922 0.00229755 0.00340609 -0.000342097 9.43242e-05 -0.000183718 0.00408472 -0.000932879 -0.00125117 0.00833265 -0.000914646
internal_weight=105561 55128.9 40874.9 31119 9755.84 8704.46 30144 28174.9 27766.1 4139.02 23627.1 22850.8 776.321 22353.5
internal_count=619470 324256 224197 172607 51590 45521 166960 156157 154094 22067 132027 127630 4397 124846
is_linear=0
shrinkage=0.05


Tree=190
num_leaves=15
num_cat=0
split_feature=75 73 70 73 71 71 71 70 72 71 73 72 71 72
split_gain=14.9293 15.6354 53.9504 144.574 89.3367 102.635 68.3775 66.5937 86.2398 72.2901 63.5338 125.3 62.2014 55.2345
threshold=2.9958844184875493 0.31674617528915411 0.001647578726988286 0.27927134931087499 -0.0041853561997413627 0.01762101519852877 0.015194182284176351 -0.0065441543702036134 0.0085483356378972548 0.014038637746125461 0.12987624853849414 0.010852548759430649 -0.0094460952095687372 0.016601774841547016
decision_type=8 2 2 2 2 2 2 2 10 2 2 10 2 10
left_child=1 2 7 4 13 -6 -5 8 -1 12 -9 -12 -10 -4
right_child=-2 -3 3 6 5 -7 -8 10 9 -11 11 -13 -14 -15
leaf_value=-0.013841998037157362 -0.002965801641861136 -0.00012819851079541581 0.001360455801394103 0.033252773212420712 0.019016792738783178 -0.0025058447931600356 0.0071314280593328455 0.0071905289079393217 0.0035656393021405311 -0.012767725634305086 0.0010744252423098017 -0.020677362902097967 0.017146741092460338 -0.016585310074658532
leaf_weight=691.49478761479259 4064.1540660057217 87437.537101771683 905.98255505785346 597.74747271463275 1079.9399074688554 1122.1577489674091 437.73168950527906 689.72076158970594 3522.7028170023113 514.41379595547915 1326.3305653221905 1310.0799292717129 1101.7123468797654 801.65283690951765
leaf_count=3687 25191 519765 4780 2792 5220 6124 2273 3559 19268 3007 6813 7250 5298 4522
internal_value=1.9654e-06 0.000121032 0.00166538 0.00586797 0.00144775 0.00808741 0.0223842 -0.000608272 0.00261166 0.00484829 -0.00624335 -0.00977172 0.00683119 -0.00711173
internal_weight=105603 101539 14101.7 4945.21 3909.73 2202.1 1035.48 9156.46 5830.32 5138.83 3326.13 2636.41 4624.42 1707.64
internal_count=619549 594358 74593 25711 20646 11344 5065 48882 31260 27573 17622 14063 24566 9302
is_linear=0
shrinkage=0.05


Tree=191
num_leaves=15
num_cat=0
split_feature=15 0 5 54 58 53 72 5 14 58 72 72 72 72
split_gain=16.4655 22.0657 21.8479 20.9486 33.8461 27.2815 39.7436 29.8799 31.0485 25.5759 31.5461 38.6226 24.9859 69.9855
threshold=39.382663726806648 0.029677466489374641 0.82908234000206005 0.39230541884899145 -0.0037398334825411435 -0.1460330784320831 0.0040517377201467761 1.0866342782974245 0.055139984935522086 -0.0089703588746488077 0.020338352769613269 0.016601774841547016 0.0054202263709157714 0.0050333135295659312
decision_type=8 2 2 8 2 10 10 2 10 2 10 10 10 10
left_child=3 2 -2 5 12 9 7 8 -7 10 11 -1 13 -5
right_child=1 -3 -4 4 -6 6 -8 -9 -10 -11 -12 -13 -14 -15
leaf_value=-0.0022109851143252688 -0.0175837189468134 -8.3060696436300049e-05 -0.0038962705992200025 0.0027409788515073766 -2.2393832470011355e-05 0.0027753446389379489 -0.0030460119233718923 -0.0088455299601162187 0.018451970527313507 0.00086764109753802903 0.0083690555157368094 -0.014208528895650045 0.0020548474090524411 0.024929995012984298
leaf_weight=4011.4019709862769 309.09142500162125 5371.4561130478978 3557.4597201645374 1439.8557220473886 34761.554495459422 959.5111471042037 15803.448655767366 314.68264166265726 464.14366904459894 25631.6788698975 545.14221920073032 796.8877816721797 11159.575873859227 463.15519787371159
leaf_count=21932 2548 29808 23553 8799 203715 7255 102567 2232 3478 142362 3127 4381 61348 2547
internal_value=-0.000142778 -0.00215804 -0.00503298 5.0647e-05 0.000793218 -0.000681183 -0.0022562 0.00490044 0.00797934 0.000210931 -0.00292908 -0.00422472 0.00296204 0.00824343
internal_weight=105589 9238.01 3866.55 96351 47824.1 48526.9 17541.8 1738.34 1423.65 30985.1 5353.43 4808.29 13062.6 1903.01
internal_count=619652 55909 26101 563743 276409 287334 115532 12965 10733 171802 29440 26313 72694 11346
is_linear=0
shrinkage=0.05


Tree=192
num_leaves=15
num_cat=0
split_feature=73 68 70 70 70 68 68 14 14 68 68 72 72 68
split_gain=18.9224 37.2847 75.5744 78.1209 53.0666 50.1817 97.7892 42.9511 35.5219 35.1888 52.9878 138.877 119.457 64.1273
threshold=0.68766510486602794 0.041905201971530921 -0.0022883981000632043 0.0044396824669092902 0.00038115432835184043 0.046891609206795699 0.051140634343028075 -0.00366675853729248 0.038245184347033508 0.038458131253719337 0.03362549655139447 0.0061549986712634572 0.006665959022939206 0.034757858142256744
decision_type=2 10 2 2 2 10 10 10 8 10 10 10 10 10
left_child=1 9 7 4 -4 -5 -7 -3 -6 10 -1 13 -13 -12
right_child=-2 2 3 5 8 6 -8 -9 -10 -11 11 12 -14 -15
leaf_value=4.3478976829737886e-05 -0.001153687684091368 -0.02125892319820713 0.0027081920925287688 0.012183471510025183 0.030041794181970095 -0.024976824801948214 0.0078413119255494688 0.0017579997865950422 0.012548435941563046 -0.0067916738739276106 0.0088062357292432517 0.040305113876755227 0.0090076343567753719 -0.012672395193327716
leaf_weight=71244.820630181581 25427.791009729728 353.30476302281022 550.01313043572009 512.67369737103581 601.78746214881539 409.72562649101019 486.62139476649463 455.29299638792872 598.88031654432416 1765.4332211241126 538.84520760178566 380.07856880500913 1440.1672282535583 941.10132091492414
leaf_count=408039 160618 2094 3185 2803 3128 2375 2551 2532 3215 10386 3445 1931 8131 6001
internal_value=3.46917e-05 0.0004112 0.00513022 0.00861754 0.0156396 -0.000155932 -0.00727012 -0.00843575 0.021492 0.000165161 0.000330807 0.00651481 0.0157273 -0.00484546
internal_weight=105707 80278.7 3968.3 3159.7 1750.68 1409.02 896.347 808.598 1200.67 76310.4 74545 3300.19 1820.25 1479.95
internal_count=620434 459816 21883 17257 9528 7729 4926 4626 6343 437933 427547 19508 10062 9446
is_linear=0
shrinkage=0.05


Tree=193
num_leaves=15
num_cat=0
split_feature=57 67 74 73 73 73 73 74 73 74 71 71 71 71
split_gain=18.6122 29.4546 22.5643 35.1542 25.7967 20.2754 95.1921 43.065 44.5886 54.6257 98.8247 60.1685 54.3914 102.586
threshold=0.0088692787103354948 0.0037463797489181165 0.011211737524718048 0.44426245987415319 0.62619060277938854 0.57541298866271984 0.57667362689971935 -0.021459922194480893 0.62452375888824474 -0.010588163975626229 0.015840217471122745 -0.0019150351872667668 0.00052272941684350382 -0.0066218213178217402
decision_type=8 2 2 2 2 2 2 2 2 2 2 2 2 2
left_child=1 -1 -3 -4 -5 -2 -7 -8 12 10 11 -10 13 -9
right_child=5 2 3 4 -6 6 7 8 9 -11 -12 -13 -14 -15
leaf_value=-0.0044411484061619337 -0.00052050994718011098 -0.0011582842152615756 -0.0052464183259486345 0.016178226831437846 0.0030899536214654445 0.025549933896376033 -0.014097926535349151 0.008544010117038375 0.0038598975024361076 -0.00039817653952238952 -0.0098367485096965621 0.026603310852765228 0.0074496189705440781 -0.0083197849588971026
leaf_weight=5930.7473903503269 45784.088327119127 10052.941722411662 655.60781655460596 633.18719624727964 922.58375462889671 381.27465215697885 471.35081842169166 1658.6614155657589 521.73391487821937 30460.54026272893 491.63535759225488 658.31819787621498 5081.5447265207767 1952.3895970806479
leaf_count=42115 253338 63083 3553 3364 5486 2007 3218 8987 2995 185027 2909 3339 29198 11449
internal_value=-9.69492e-05 -0.00155145 -0.000151579 0.00440952 0.00848609 0.000205781 0.00100357 0.00077081 0.00094589 8.60177e-05 0.00885863 0.0166647 0.00412066 -0.000571547
internal_weight=105657 18195.1 12264.3 2211.38 1555.77 87461.5 41677.4 41296.2 40824.8 32132.2 1671.69 1180.05 8692.6 3611.05
internal_count=620068 117601 75486 12403 8850 502467 249129 247122 243904 194270 9243 6334 49634 20436
is_linear=0
shrinkage=0.05


Tree=194
num_leaves=15
num_cat=0
split_feature=68 71 71 14 14 69 72 71 69 68 72 72 72 72
split_gain=19.2938 37.9498 69.6217 47.0554 46.3322 19.1763 85.9115 168.242 77.1974 80.8734 71.9707 84.825 59.3365 69.7488
threshold=0.066228810697793974 0.03842632286250592 0.023198653012514118 0.10802908614277841 -0.0024059397401288147 0.015508298296481373 0.010379045736044647 -0.024940954521298405 0.0073220878839492807 0.018250810913741592 0.016601774841547016 0.015216545667499306 0.011205004528164865 0.012653355952352287
decision_type=8 2 2 8 8 8 10 2 10 10 10 10 10 10
left_child=5 2 3 -2 -4 6 7 -1 -9 -10 11 -7 -8 -14
right_child=1 -3 4 -5 -6 10 12 8 9 -11 -12 -13 13 -15
leaf_value=-0.0076448495506068435 -0.016510912834560229 -0.017027011841660743 0.02028732869447207 0.00035751544829462428 -0.0013970553230970972 -0.00021823040843829927 -0.0099419694957317405 0.025765860333613652 -0.0042560858366011345 0.022186351751167052 -0.013658727049403836 0.017762451942846272 0.0069307376106670406 -0.00064030355755957267
leaf_weight=1054.6319553311914 789.40172736905515 455.80838664807379 462.88895769789815 855.4069246109575 511.67710458114743 77393.736983830109 1345.7023461963981 1117.7848828304559 656.6789026632905 503.01581952348351 976.11617312207818 651.52691793069243 3800.972368247807 15070.413677865639
leaf_count=5862 5132 2884 2578 4503 2913 465025 7647 5940 3577 2877 5557 3414 19866 82345
internal_value=2.05935e-05 -0.00387528 -0.00153064 -0.00778909 0.00900381 0.000137763 0.00138979 0.00881595 0.0164386 0.0073049 -0.000235484 -6.58701e-05 0.000162082 0.000887478
internal_weight=105646 3075.18 2619.37 1644.81 974.566 102571 23549.2 3332.11 2277.48 1159.69 79021.4 78045.3 20217.1 18871.4
internal_count=620120 18010 15126 9635 5491 602110 128114 18256 12394 6454 473996 468439 109858 102211
is_linear=0
shrinkage=0.05


Tree=195
num_leaves=15
num_cat=0
split_feature=69 69 71 84 72 68 71 68 69 71 70 71 68 68
split_gain=13.1876 45.8831 106.467 71.8513 64.2911 112.233 78.4585 57.3415 54.408 73.6791 44.1148 83.1947 56.1297 71.7071
threshold=0.1011449657380581 0.093763429671525969 0.011125609744340183 3.5000000000000004 0.00649542035534978 0.040648896247148521 0.022558623924851421 0.032384717836976058 0.095767229795455946 -0.0060752178542315951 -0.0054978525731712571 0.0089188129641115683 0.015907374210655693 0.041905201971530921
decision_type=10 10 2 2 10 10 2 10 10 2 2 2 10 10
left_child=1 -1 3 8 5 -4 -6 -5 -3 -10 11 -2 -12 -14
right_child=10 2 4 7 6 -7 -8 -9 9 -11 12 -13 13 -15
leaf_value=7.8306910690127454e-05 0.0013147805660339634 0.0069569736297583409 0.040934644308498004 0.024389515531702453 -0.0066544166612359902 0.0029641337960273793 0.017947661890849894 -0.0018166056391294425 -0.00044772864430726807 -0.0206976823528691 0.0093804643866773219 0.026098053060449808 -0.0050428084108571497 0.0014913206561738429
leaf_weight=78665.545548461378 2288.0275693833828 686.78867742791772 450.06960195675492 430.30846666544676 590.31353967264295 340.17296353727579 697.73090170696378 394.43755568936467 1006.7251392863691 801.77042759768665 1038.6156749688089 387.70129424706101 10889.946574699134 6823.6677290983498
leaf_count=458326 12778 3772 2601 2289 3194 2196 3580 2252 5278 5133 5881 2118 68401 41506
internal_value=0.000102327 0.000384587 0.00483938 -0.000722287 0.013685 0.0248309 0.00670807 0.0119847 -0.00495331 -0.0094897 -0.00100467 0.00498957 -0.00186218 -0.0025263
internal_weight=105492 84063.9 5398.32 3320.03 2078.29 790.243 1288.04 824.746 2495.28 1808.5 21428 2675.73 18752.2 17713.6
internal_count=619305 488621 30295 18724 11571 4797 6774 4541 14183 10411 130684 14896 115788 109907
is_linear=0
shrinkage=0.05


Tree=196
num_leaves=15
num_cat=0
split_feature=31 51 18 19 0 68 70 68 12 70 70 70 68 5
split_gain=16.4894 22.711 18.5384 18.1088 18.5713 25.6771 59.7706 48.644 31.6232 32.0771 20.4037 20.0447 25.1005 19.6001
threshold=17.687108993530277 -0.48246869444847101 45.073823928833015 -0.017826572991907593 0.022464861162006858 0.041905201971530921 0.0098977647721767443 0.038458131253719337 0.086019486188888564 -0.012401808984577654 -0.0021739889634773131 0.0046999931801110515 0.040648896247148521 0.83450552821159374
decision_type=2 10 2 10 2 10 2 8 8 2 2 2 8 2
left_child=1 -1 -3 -2 5 7 10 8 -5 -10 -7 12 -9 -11
right_child=3 2 -4 4 -6 6 -8 11 9 13 -12 -13 -14 -15
leaf_value=0.0055935762692260887 -0.0031775052110490642 0.00076163690853134824 -0.0017293025787463515 0.0013752544699481358 0.0013531120073585394 -0.0028432152571111341 -0.016414319435323784 -0.023364386488722622 0.010404670916782391 -0.014687025136351421 0.0080535750314253453 -0.00032156770930975419 -0.0045518237278555206 -0.0031932700979096142
leaf_weight=1370.0268152505159 2992.7973661217839 10880.99358824268 23779.929926795885 9343.0493223685771 45834.533641733229 522.18331493623555 321.40473157167435 445.14984759874642 408.35346788354218 385.17850510589778 2303.1933400612324 282.22796197421849 299.9962716717273 6346.3341866545379
leaf_count=7489 16431 60625 141564 62094 250388 3564 2319 3327 2560 3326 16098 2052 2077 45484
internal_value=0.000170737 -0.000697144 -0.000947336 0.00062081 0.000792225 -0.000452341 0.00369889 -0.00120005 -0.000538767 -0.00304183 0.00603672 -0.011702 -0.015951 -0.00387176
internal_weight=105515 36031 34660.9 69484.4 66491.6 20657.1 3146.78 17510.3 16482.9 7139.87 2825.38 1027.37 745.146 6731.51
internal_count=619398 209678 202189 409720 393289 142901 21981 120920 113464 51370 19662 7456 5404 48810
is_linear=0
shrinkage=0.05


Tree=197
num_leaves=15
num_cat=0
split_feature=57 69 9 69 69 72 69 69 51 72 69 2 72 72
split_gain=15.1558 37.1792 21.6482 27.7034 34.3157 32.6642 32.4371 28.043 26.7395 24.1334 22.8011 42.1309 20.8704 33.6599
threshold=0.076176829636096968 -0.1383535638451576 -0.0069142654538154593 0.13316312432289126 0.10693511739373208 0.0070314840413630017 0.15019908547401431 0.10368117317557336 -0.057119548320770257 0.0078111961483955392 -0.09301410615444182 0.031678054481744773 0.0041028575506061324 0.0045173054095357665
decision_type=8 8 2 8 10 8 8 10 10 10 10 2 8 10
left_child=1 -1 3 4 7 -6 -5 10 -8 -7 11 -3 -4 -14
right_child=-2 2 12 6 5 9 8 -9 -10 -11 -12 -13 13 -15
leaf_value=0.011903703984102197 -0.0013721917162807747 -0.017958915212708381 0.0028736166256625771 0.016802323948635161 -0.0083982802665910541 0.012512971440325954 0.0063656134552100372 0.01381514591934887 -0.0080718577877947461 -0.0024582256264976624 0.0016203907058557319 0.0050939215417136917 -0.0062095231046972186 -0.00033630095637516926
leaf_weight=671.84505880251527 16603.218684891239 407.35701478272676 4668.1832056771964 568.02479536086321 1797.4227541908622 376.00836041942239 1451.5050252005458 447.24571917951107 401.67537922412157 881.49903647601604 20280.320039842278 370.79007565975189 2544.7681951802224 54106.301687911153
leaf_count=3092 91305 2295 32155 2964 11484 2177 8142 2604 2697 5160 114693 1961 17980 321121
internal_value=1.41261e-05 0.000272952 0.00018312 0.00136306 0.000858706 -0.00409166 0.00645464 0.00156349 0.00320978 0.00208173 0.00129685 -0.00704889 -0.000336217 -0.000601176
internal_weight=105576 88972.9 88301.1 26981.8 24560.6 3054.93 2421.21 21505.7 1853.18 1257.51 21058.5 778.147 61319.3 56651.1
internal_count=619830 528525 525433 154177 140374 18821 13803 121553 10839 7337 118949 4256 371256 339101
is_linear=0
shrinkage=0.05


Tree=198
num_leaves=15
num_cat=0
split_feature=69 68 71 68 71 72 71 69 68 72 69 71 71 74
split_gain=20.0199 44.2236 143.461 91.5756 128.026 75.8128 94.1746 90.4291 70.4055 84.4859 86.6357 68.2418 107.63 155.147
threshold=0.1011449657380581 0.016732051968574527 -0.0097199608571827394 0.018064832314848903 0.0013466962263919415 0.0089251454919576662 0.02573481667786837 0.027397851459681991 0.015089153312146665 0.0086608766578137892 0.056793365627527244 0.0057072029449045667 -0.0010708022746257482 0.015859296545386318
decision_type=10 10 2 10 2 10 2 10 10 10 10 2 2 2
left_child=1 8 -3 4 -4 6 -5 -7 11 10 -10 12 -1 -14
right_child=-2 2 3 5 -6 7 -8 -9 9 -11 -12 -13 13 -15
leaf_value=-0.00029825459712791587 -0.0013461745991362045 0.011764062681906995 -0.010538074259690987 0.00094503844387506001 0.020062375435793034 0.0011348792291876254 0.01741807487039921 -0.009022180617436662 0.014641959654412527 -0.030975847882414777 -0.017063489775202351 0.0025858279154115011 -0.010407123061319936 0.022416722658646401
leaf_weight=26531.01023343578 21465.01112613827 3197.2232242077589 459.85854744911194 22427.660492856055 1264.6494876220822 4442.4872000422329 892.61169259436429 4310.7115598842502 371.37931211292744 399.26939119026065 485.83140403218567 13946.55063476786 4990.4054975938052 378.6296418197453
leaf_count=146575 131006 16938 2759 141584 7330 25962 5246 25248 2246 2285 3112 77771 29836 1970
internal_value=1.6389e-05 0.000364285 0.00165782 0.000698595 0.0118887 9.34127e-05 0.00158276 -0.00387178 -0.000651809 -0.0122812 -0.00331693 -0.000330482 -0.00160589 -0.00805498
internal_weight=105563 84098.3 36995.2 33798 1724.51 32073.5 23320.3 8753.2 47103.1 1256.48 857.211 45846.6 31900 5369.04
internal_count=619868 488862 225067 208129 10089 198040 146830 51210 263795 7643 5358 256152 178381 31806
is_linear=0
shrinkage=0.05


Tree=199
num_leaves=15
num_cat=0
split_feature=5 51 69 72 74 74 84 72 72 72 68 69 74 69
split_gain=20.2792 33.1906 14.86 78.0537 101.096 136.397 87.4615 78.7423 69.4952 86.8781 110.011 254.989 149.908 77.7557
threshold=0.71594694256782543 -0.38564878702163691 0.015508298296481373 0.010299606714397671 -0.0043070653919130555 -1.0000000180025095e-35 1.5000000000000002 0.011029172688722612 0.012653355952352287 0.014097698032855989 -0.039554694667458527 -0.048130543902516358 -0.0048272991552948943 -0.012004304677247999
decision_type=2 10 8 10 2 2 2 10 10 10 10 10 2 10
left_child=1 -1 3 4 6 -6 -2 -5 13 10 12 -12 -10 -9
right_child=2 -3 -4 7 5 -7 -8 8 9 -11 11 -13 -14 -15
leaf_value=0.0016915700527928897 0.015109381483316543 -0.021077163046004713 -0.00033277173491376829 -0.012031496677542683 0.032951993010181965 0.0055430577473131503 -0.011302617550880157 0.012063710929752055 -0.010769242919002118 0.0010505789070852191 0.0090708545089226902 -0.029388143738406577 0.025452349198942695 -0.0019881231769010971
leaf_weight=340.83493078686297 467.05500096455216 289.50840081274509 80608.717750608921 1278.56379898265 699.57561276853085 1274.1278396360576 904.52324602007866 2477.3538990393281 710.68848303332925 12421.85323870182 659.86229215562344 1211.991544675082 463.47680439800024 1625.2383964508772
leaf_count=1908 2561 2674 482597 7525 3683 6789 5149 12703 3972 67842 3461 7000 2320 8835
internal_value=-6.07775e-05 -0.00893165 -6.57612e-06 0.00107991 0.00815771 0.0153752 -0.00226444 -5.91138e-05 0.000728803 -0.000806659 -0.00835924 -0.0158545 0.00362266 0.00650579
internal_weight=105433 630.343 104803 24194.3 3345.28 1973.7 1371.58 20849 19570.5 15467.9 3046.02 1871.85 1174.17 4102.59
internal_count=619019 4582 614437 131840 18182 10472 7710 113658 106133 84595 16753 10461 6292 21538
is_linear=0
shrinkage=0.05


Tree=200
num_leaves=15
num_cat=0
split_feature=27 57 70 68 68 71 69 69 68 70 71 72 68 72
split_gain=15.7065 24.2507 23.0145 34.9994 69.4724 60.4156 64.396 66.1884 60.4938 46.959 44.8889 43.5937 39.8427 37.1897
threshold=0.85484537482261669 0.053056849166750915 -0.00084989535389468063 -0.074038576334714876 -0.031379032880067818 0.012805075850337745 0.086486265063285842 0.11933565512299539 -0.02374305389821529 -0.0045191701501607886 0.01080296700820327 0.015216545667499306 -0.0028239397797733541 0.0064558612648397693
decision_type=2 10 2 8 8 2 8 10 8 2 2 10 10 10
left_child=2 -2 3 -1 9 8 12 -8 -6 11 13 -5 -7 -10
right_child=1 -3 -4 4 5 6 7 -9 10 -11 -12 -13 -14 -15
leaf_value=0.010960880488597592 0.0011569013398383535 -0.0010887269236626003 -0.0015777219232979444 0.0014867660800663429 0.018768478555276653 0.016670537087363085 0.026832383469245366 0.00061952748834131566 -0.0037368757892893897 -0.022404355479173139 -0.016317212096183777 -0.016327643249039188 -0.0021622535850717027 0.0020763122459954396
leaf_weight=781.79570280574262 40463.668164547533 17093.422837488353 30154.81937144883 1056.2012501526624 400.82998590916395 348.34075089357793 683.91406349092722 369.55404641479254 4442.4761186446995 457.44901726022363 435.51680147647858 497.83779204636812 1290.7341339755803 7190.8268781881779
leaf_count=3836 243609 93555 180625 5856 2038 1895 3808 2138 27773 2691 2663 2923 7598 39369
internal_value=-6.73723e-05 0.000489917 -0.000734052 0.000682915 0.000208925 0.00136893 0.0081463 0.0177293 -9.98524e-05 -0.00849844 -0.000741528 -0.004288 0.00191696 -0.000144906
internal_weight=105667 57557.1 48110.3 17955.5 17173.7 15162.2 2692.54 1053.47 12469.6 2011.49 12068.8 1554.04 1639.07 11633.3
internal_count=620377 337164 283213 102588 98752 87282 15439 5946 71843 11470 69805 8779 9493 67142
is_linear=0
shrinkage=0.05


Tree=201
num_leaves=15
num_cat=0
split_feature=74 5 2 13 51 74 59 71 54 71 59 58 74 73
split_gain=17.718 14.2651 36.9628 17.9625 17.5887 35.1942 16.8218 23.7634 19.7894 40.4737 34.8304 28.9812 30.4359 23.1631
threshold=-0.04474180564284324 0.71594694256782543 0.040185693651437766 -0.12132228910923003 -0.55880886316299427 -0.0019833699334412809 5.5000000000000009 0.031384771689772613 0.49315090477466589 0.03935640491545201 1.5000000000000002 0.0040870015509426602 0.017686319537460807 0.72160628437995922
decision_type=2 2 2 10 10 2 10 2 10 2 10 2 2 2
left_child=-1 2 -2 -3 5 -5 8 -8 13 11 -11 12 -10 -6
right_child=1 3 -4 4 6 -7 7 -9 9 10 -12 -13 -14 -15
leaf_value=-0.010977933252481463 -0.020576769899019898 -0.0093032062725841788 0.0032978992665911953 0.013264622624997932 -9.0605490185318067e-05 -0.00021384743425960866 -0.0018522384959704611 -0.014984544139880233 0.0015379805578986494 0.019652168108584472 0.0018368318888150757 -0.0013713886512825269 0.015433434459432677 -0.0027257091827688918
leaf_weight=364.14334930106997 284.33594939485192 509.82655721157789 355.69732728600502 736.07593536749482 57365.431248351932 1379.5413377210498 1804.4080692753196 416.89549597352743 20025.200179705396 521.88017512485385 571.35059773176908 10987.196391440928 392.16077493131161 9748.2732133232057
leaf_count=2583 2664 2981 1985 3787 335742 7482 10008 2510 115124 2973 3324 62393 2118 63618
internal_value=-0.000116517 -7.7844e-05 -0.00746185 -3.1891e-05 1.44717e-05 0.00451599 -7.94834e-05 -0.00437303 1.66906e-05 0.00102928 0.0104425 0.000698372 0.0018123 -0.000473704
internal_weight=105462 105098 640.033 104458 103948 2115.62 101833 2221.3 99611.5 32497.8 1093.23 31404.6 20417.4 67113.7
internal_count=619292 616709 4649 612060 609079 11269 597810 12518 585292 185932 6297 179635 117242 399360
is_linear=0
shrinkage=0.05


Tree=202
num_leaves=15
num_cat=0
split_feature=15 75 72 72 74 72 74 84 68 74 72 68 26 72
split_gain=14.7565 22.7879 27.0259 34.6633 38.6067 30.0595 29.6279 28.6487 46.3025 34.3229 29.8926 24.0537 22.904 20.4662
threshold=23.456728935241703 0.53688356280326854 0.021474678069353107 0.014212233014404775 0.019536812789738182 0.013838653452694418 0.020718611776828769 1.5000000000000002 -0.065314467996358858 -0.0059896605089306823 0.017434634268283847 -0.016756311990320679 -0.1365212872624397 0.0094335889443755167
decision_type=8 10 8 10 2 10 2 2 8 2 10 8 10 10
left_child=-1 -2 3 5 7 6 12 10 -9 -10 -5 -11 13 -3
right_child=1 2 -4 4 -6 -7 -8 8 9 11 -12 -13 -14 -15
leaf_value=0.00052333839773313206 -0.0023491742138806587 0.00060243227600460065 -0.0075902005492679871 0.0063000959678191542 -0.009221923673524925 -0.011261863406140285 0.012607310948781536 0.023414872812398041 -0.0049158223290970216 0.020381358442179153 -0.010782803715849158 0.0041396974910889398 -0.00088369113652040927 0.0075254256071462444
leaf_weight=57841.383325755596 14117.360798984766 3205.3279468715191 1109.870477437973 767.59243108145893 409.79268978536129 597.48971393145621 446.97753209061921 512.35723518580198 477.27126564830542 409.6948327831924 371.86449672840536 513.35039326176047 23006.845259683207 1592.1422636732459
leaf_count=336749 80871 17740 6480 4140 2337 3406 2488 2544 2717 2100 2160 2856 143958 8418
internal_value=-1.30175e-05 -0.000665597 4.60621e-05 0.000310634 0.00503067 -0.000257328 -2.06892e-05 0.00696815 0.0106914 0.00590302 0.000679745 0.0114898 -0.000228155 0.00291085
internal_weight=105379 47537.9 33420.6 32310.7 3461.92 28848.8 28251.3 3052.13 1912.67 1400.32 1139.46 923.045 27804.3 4797.47
internal_count=618964 282215 201344 194864 18854 176010 172604 16517 10217 7673 6300 4956 170116 26158
is_linear=0
shrinkage=0.05


Tree=203
num_leaves=15
num_cat=0
split_feature=67 74 74 71 73 63 70 57 73 73 68 68 68 71
split_gain=14.3656 28.224 37.4688 29.7648 33.0123 24.9493 23.5738 23.4653 23.5533 63.7261 130.837 89.0889 89.6433 57.0243
threshold=0.007087868871167303 0.017288482747972015 0.015060005243867637 0.018247541971504692 0.37032879889011389 0.93311282992362987 0.019053208641707901 0.0093751982785761374 0.57541298866271984 0.62452375888824474 0.0116894175298512 0.023331013508141044 0.022496461868286136 -0.0049521981272846452
decision_type=2 2 2 2 2 8 2 8 2 2 10 10 10 2
left_child=5 2 -2 4 -3 7 -5 -1 -9 10 -10 12 13 -12
right_child=1 3 -4 6 -6 -7 -8 8 9 -11 11 -13 -14 -15
leaf_value=-0.0027603108065500947 0.00066385536719247389 0.001107784267147791 -0.011602720935230307 -0.0063238313802440951 0.01589557282330752 -0.0048899989139655183 0.0075004562508728754 -0.00083172221815549282 -0.010132265979996984 -0.00011445587254440323 0.023616067781174165 0.002132974821489646 0.036943664190461689 0.0064106553663679415
leaf_weight=8012.4272372592241 29220.550118748099 619.38390804082155 626.09227550029755 686.63103763759136 962.43107672035694 2966.9046569075435 543.32253526896238 31897.556292837486 1116.2867866680026 23297.694158686325 657.838239248842 2741.3403089586645 385.1194709315896 1771.7280533872545
leaf_count=56259 168563 3299 3513 3764 5112 18446 3036 177488 6435 141905 3583 15750 2149 10342
internal_value=-1.6452e-05 0.000854765 0.00040274 0.00563454 0.0101485 -0.000407096 -0.000205819 -0.000216092 0.0001138 0.00112008 0.00542441 0.00856256 0.0147949 0.011147
internal_weight=105505 32658.4 29846.6 2811.77 1581.81 72846.9 1229.95 69880 61867.6 29970 6672.31 5556.03 2814.69 2429.57
internal_count=619644 187287 172076 15211 8411 432357 6800 413911 357652 180164 38259 31824 16074 13925
is_linear=0
shrinkage=0.05


Tree=204
num_leaves=15
num_cat=0
split_feature=75 16 72 72 84 70 58 72 79 76 26 72 70 58
split_gain=14.1408 17.7138 17.5752 28.1611 21.4271 23.0881 20.1539 18.2782 19.9631 14.479 14.4238 15.4727 30.8494 22.8942
threshold=0.49202238023281103 13.979054450988771 0.018433386459946636 0.016601774841547016 2.5000000000000004 0.0090796318836510199 0.00014185153122525665 0.015914977528154853 0.28367738425731664 0.0098768896423280256 -0.14942626655101773 0.0054202263709157714 0.00055787508608773362 -0.0020542492857202883
decision_type=10 2 10 8 2 2 2 10 10 10 10 10 2 2
left_child=1 2 3 7 5 -4 -5 8 -1 10 -2 12 -12 -14
right_child=9 -3 4 6 -6 -7 -8 -9 -10 -11 11 -13 13 -15
leaf_value=-9.7800408348058294e-05 0.0052402248530478909 -0.0062538055385945555 -0.0059480306308420739 -0.015055110191588096 0.010419422803402335 0.0080868087240546262 -0.00088275065468308679 0.010486674526327183 -0.0037749108649799178 -9.1473376514146219e-05 -0.0004458556018356411 0.00033912216658308757 0.016172855159483454 0.0047629011743030693
leaf_weight=19898.553593941033 2184.2467032708228 1450.505742514506 711.57511682249606 583.141945021227 765.62870285660028 483.40934752300382 436.96313954144716 355.40074475482106 4521.8452911376953 50032.568669466302 2578.8088855966926 18848.38870527409 557.0744947604835 2029.1618676446378
leaf_count=116708 11741 8615 3892 3429 3988 2646 2412 1890 24613 296994 16905 108428 3523 13543
internal_value=4.87876e-05 -0.000886499 -0.000603862 -0.000951213 0.00394789 -0.000250496 -0.00905187 -0.000614164 -0.000779945 0.000407205 0.00135926 0.00100421 0.00342592 0.00727343
internal_weight=105437 29207 27756.5 25795.9 1960.61 1194.98 1020.11 24775.8 24420.4 76230.2 26197.7 24013.4 5165.05 2586.24
internal_count=619327 168193 159578 149052 10526 6538 5841 143211 141321 451134 154140 142399 33971 17066
is_linear=0
shrinkage=0.05


Tree=205
num_leaves=15
num_cat=0
split_feature=73 68 74 72 68 72 74 68 1 72 4 74 68 72
split_gain=13.4869 59.1286 92.7689 85.9211 43.2422 116.803 67.7722 66.1858 65.7787 55.0727 71.4276 67.7432 52.1291 89.6718
threshold=0.31221117079257971 -0.029244812205433842 -0.0042130858637392512 0.013581956736743452 -0.036575015634298318 0.011850398499518635 0.0091229546815156954 -0.037996767088770859 0.021303460001945499 0.0085483356378972548 0.091666668653488173 -0.0041053169406950465 -0.042422825470566743 0.013693704269826414
decision_type=2 10 2 10 10 10 2 10 10 10 8 2 10 10
left_child=4 2 3 -2 7 6 9 12 -7 11 -11 -6 -1 -14
right_child=1 -3 -4 -5 5 8 -8 -9 -10 10 -12 -13 13 -15
leaf_value=-0.00045241427254071807 0.013410026800263646 -2.8517720715850886e-05 -0.020538978518689719 -0.01304479244527568 -0.014175518967286086 0.032464093502098612 -0.018181248835235784 -0.016914864244502902 0.0090066250179678311 0.024845735937039481 -0.0023279547447949216 0.0094420614594587712 0.024919774313522304 -0.0057014534668247616
leaf_weight=9261.1262068729848 623.22963436320424 88836.148894714192 899.95738834701478 585.63509714044631 668.70324314758182 493.18001241795719 423.61912783049047 552.48849619552493 764.11107314378023 514.60735470429063 445.7155553214252 540.17171785980463 543.65115304104984 415.3230601362884
leaf_count=50011 3514 530164 5096 3423 3513 2453 2277 3259 3854 2495 2068 2772 2711 2335
internal_value=1.25339e-06 -0.000225404 -0.00848014 0.0005921 0.00141012 0.00595083 -0.000129315 -0.000216729 0.0183915 0.00346327 0.0123396 -0.00363139 0.000701607 0.011736
internal_weight=105568 90945 2108.82 1208.86 14622.7 3850.11 2592.82 10772.6 1257.29 2169.2 960.323 1208.87 10220.1 958.974
internal_count=619945 542197 12033 6937 77748 19432 13125 58316 6307 10848 4563 6285 55057 5046
is_linear=0
shrinkage=0.05


Tree=206
num_leaves=15
num_cat=0
split_feature=70 71 69 68 70 71 72 70 69 69 70 71 69 71
split_gain=17.6526 82.2521 61.6653 87.0151 60.6763 100.189 60.5916 47.7647 79.5585 39.0792 67.3846 35.4517 35.117 134.235
threshold=-0.0094763874076306803 0.0025635707424953584 -0.071767471730709062 -0.0011384828831069169 -0.012401808984577654 -0.0073667985852807752 0.013216759078204634 -0.03048756159842014 -0.13227118551731107 -0.020860132761299607 -0.015465791337192057 -0.060255499556660645 0.045433614403009422 -0.013617287389934061
decision_type=2 2 8 10 2 2 10 2 10 8 2 2 10 2
left_child=1 4 -3 6 5 7 -4 -1 -9 -7 -11 -2 -6 -14
right_child=11 2 3 -5 12 9 -8 8 -10 10 -12 -13 13 -15
leaf_value=-0.011081976481452175 -0.014144937608299581 -0.027949199459966753 0.018540422408922185 -0.018792343197353345 -0.012961631058236301 0.026099981798711883 -0.0089425385360815852 0.017594082837652361 -0.00091837176781386269 -0.0048323662637157058 0.021631383136439232 0.00025962480371310699 0.021122843676649367 -0.015034232468983669
leaf_weight=923.88658753409982 419.13146660849452 421.80859202332795 398.49660147726536 727.05676889419556 1234.6358258072287 448.49779192730784 385.28024387545884 640.01522381231189 5408.888736275956 484.81216780655086 461.69548835232854 92426.47413928248 418.62682120315731 629.96330425515771
leaf_count=6254 2352 2561 2087 4469 7178 2238 2277 2931 30271 2717 2407 545615 2196 3723
internal_value=-4.51679e-05 -0.0018018 -0.0112634 -0.00645181 -7.60148e-05 0.00189664 0.00508819 -0.000557004 0.00106618 0.0140776 0.00816754 0.000193082 -0.00728234 -0.000536128
internal_weight=105429 12583.7 1932.64 1510.83 10651 8367.8 783.777 6972.79 6048.9 1395.01 946.508 92845.6 2283.23 1048.59
internal_count=619276 71309 11394 8833 59915 46818 4364 39456 33202 7362 5124 547967 13097 5919
is_linear=0
shrinkage=0.05


Tree=207
num_leaves=15
num_cat=0
split_feature=27 70 74 57 73 72 73 72 74 70 52 73 4 73
split_gain=15.9058 29.6276 43.2358 25.8563 28.7594 45.7182 22.9515 26.0945 23.77 35.6435 20.6586 18.6515 29.8288 18.4758
threshold=0.8639521896839143 -0.023792814463376995 -0.021459922194480893 0.026116990484297279 0.21545944362878802 0.014212233014404775 0.55456766486167919 0.016872597858309749 -0.0069628467317670575 0.0090796318836510199 0.0065009184181690225 0.72160628437995922 0.25833334028720861 0.57541298866271984
decision_type=2 2 2 10 2 10 2 10 2 2 10 2 10 2
left_child=1 -1 -3 10 -5 13 8 -8 -7 -10 -4 -12 -13 -6
right_child=-2 2 3 4 5 6 7 -9 9 -11 11 12 -14 -15
leaf_value=0.0095468849185352013 0.00056392051466905703 -0.015448933982437185 0.0076228683769729317 -0.0062277869938209924 -0.0014874566687280799 0.00070412727281331917 0.011128189079904921 -0.0050186065927707432 0.021048079634059157 0.0031696556646076176 -0.0012962279780226449 -0.0062870665228031315 0.0049738759828431116 0.0016462552671113494
leaf_weight=690.01853252202272 56236.852843444794 489.47233568876982 562.60556602664292 1454.4825706556439 9012.9154568314552 428.75941053405404 400.34523536264896 631.61962925642729 746.94999486580491 447.72538575530052 19645.630433289334 4247.5747446324676 674.68691999092698 9815.572798660025
leaf_count=3860 329495 3076 3218 7609 48925 2344 2122 3464 3800 2338 120156 29401 3944 55990
internal_value=-1.05953e-05 -0.000666618 -0.000813689 -0.00066148 0.000552205 0.0010139 0.00714282 0.00129214 0.0108312 0.0144298 -0.00176907 -0.00198716 -0.00473659 0.000146201
internal_weight=105485 49248.4 48558.3 48068.9 22938.4 21483.9 2655.4 1031.96 1623.43 1194.68 25130.5 24567.9 4922.26 18828.5
internal_count=619742 290247 286387 283311 126592 118983 14068 5586 8482 6138 156719 153501 33345 104915
is_linear=0
shrinkage=0.05


Tree=208
num_leaves=15
num_cat=0
split_feature=70 68 72 71 71 68 69 68 68 71 69 69 68 69
split_gain=21.4497 54.8891 56.8895 52.0656 95.4773 81.2778 71.8418 86.6508 77.5303 67.0668 103.133 65.4384 85.2469 54.7832
threshold=0.01074507972225547 0.026547504588961605 0.015216545667499306 0.017340694554150108 -0.0029069539159536357 0.009529206436127426 0.032943865284323699 -0.060060184448957436 -0.031379032880067818 0.023198653012514118 -0.078645620495080934 -1.0000000180025095e-35 -0.0028239397797733541 -0.037439091131091111
decision_type=2 10 10 2 2 8 10 10 10 2 8 8 10 10
left_child=-1 3 -3 4 5 6 7 -2 -9 -5 -11 -6 -13 -10
right_child=1 2 -4 9 11 -7 -8 8 13 10 -12 12 -14 -15
leaf_value=0.00025977327627056896 -0.017200289890567606 -0.0097777613738771665 0.0066439194204573442 -0.019753700775188617 0.022107099852177136 0.013442087148532856 -0.019459497136571597 0.017275688548286896 0.0077334171895604214 0.017696908218367346 -0.0072978657227999221 -0.0068058468423161465 0.014399636259890221 -0.018170670685727915
leaf_weight=92684.523392736912 609.94966958463192 3110.8104557842016 627.28217025846243 621.89000352285802 768.14959948509932 629.67072886973619 749.09251618944108 683.84164666384459 391.765345973894 533.05929517000914 1709.8086337819695 855.13493856601417 1040.6674330029637 406.71773877553642
leaf_count=547968 3452 18777 3651 3421 3777 3284 4184 3424 2049 2828 9498 4775 5895 2328
internal_value=-4.68988e-06 -0.0019277 -0.0070117 0.000189402 0.00278749 -0.00267587 -0.00628236 -0.00149445 0.00504017 -0.00536484 -0.00130521 0.00988944 0.00484901 -0.00552272
internal_weight=105422 12737.8 3738.09 8999.75 6134.99 3471.04 2841.37 2092.27 1482.32 2864.76 2242.87 2663.95 1895.8 798.483
internal_count=619311 71343 22428 48915 33168 18721 15437 11253 7801 15747 12326 14447 10670 4377
is_linear=0
shrinkage=0.05


Tree=209
num_leaves=15
num_cat=0
split_feature=70 72 69 69 70 71 70 51 71 70 71 72 71 69
split_gain=15.427 66.5221 89.6043 71.616 29.6392 30.9403 25.639 85.3086 52.348 37.0311 62.1368 57.848 67.9157 155.435
threshold=0.021026453934609893 0.016601774841547016 -0.067468378692865358 -1.0000000180025095e-35 0.018314933404326442 -0.0029069539159536357 0.016361031681299213 -0.15061085671186444 0.011539016384631397 0.01275134924799204 0.01762101519852877 0.014443710446357729 0.00033866609737742698 0.098293159157037749
decision_type=2 10 10 8 2 2 2 8 2 2 2 10 2 10
left_child=4 3 -3 -2 6 -6 9 -8 -9 -1 11 12 13 -11
right_child=1 2 -4 -5 5 -7 7 8 -10 10 -12 -13 -14 -15
leaf_value=0.00020921426877883563 0.026213942331986401 0.0069299038153190842 -0.017741246082989232 -0.00059056255060299092 -0.015841785492655702 0.00012761817261094366 -0.010975639778336687 0.029081273734918939 0.0044015979472290098 -0.02575777479441374 -0.012769442209555735 0.011822239229910441 0.0050507070034682289 0.011537630649692815
leaf_weight=95871.807571996003 534.82278566807508 946.42520000785589 588.5291175916791 458.44547070935369 589.97521178796887 613.09522104822099 428.92087937891483 400.45405363291502 459.81267057731748 764.66239410825074 1483.4229846224189 733.69286411441863 1039.8857161793858 429.6161497309804
leaf_count=566090 2627 5096 3675 2639 3305 3343 2294 2041 2585 4395 8592 3795 6054 2348
internal_value=9.47233e-05 0.00394551 -0.00258307 0.0139597 -3.41856e-07 -0.00776967 9.24011e-05 0.00707135 0.0160921 2.02319e-06 -0.00445093 -0.000264173 -0.00426831 -0.0123572
internal_weight=105344 2528.22 1534.95 993.268 102815 1203.07 101612 1289.19 860.267 100323 4451.28 2967.86 2234.16 1194.28
internal_count=618879 14037 8771 5266 604842 6648 598194 6920 4626 591274 25184 16592 12797 6743
is_linear=0
shrinkage=0.05


Tree=210
num_leaves=15
num_cat=0
split_feature=72 71 69 73 74 14 0 72 69 68 68 70 72 70
split_gain=16.9249 65.677 71.9035 69.4757 35.8973 24.1484 21.1421 22.0361 20.5931 26.716 25.5579 20.892 20.5514 40.3236
threshold=0.0038598002865910534 0.017012067139148716 0.054717440158128745 0.54829823970794689 0.0016291338251903655 0.039335617795586593 0.012092667631804945 0.0068440143950283536 0.10902005061507226 0.014688335824757816 0.021561563946306709 0.00055787508608773362 0.0045173054095357665 0.00084822048665955674
decision_type=8 2 8 2 2 8 2 8 8 10 10 2 10 2
left_child=1 2 5 -4 8 -1 7 -2 9 -5 -11 -12 13 -8
right_child=6 -3 3 4 -6 -7 12 -9 -10 10 11 -13 -14 -15
leaf_value=0.0062685242241103181 -0.0033832692638004988 0.022835055561932258 -0.022195228690569533 -0.0046528224166548738 -0.0050439901925571785 0.025137628360669774 -0.0069627080531572891 -0.023638142188668863 -0.0051814558812420808 0.018764340981246342 -9.6949089488339898e-05 0.013031218636349304 -6.6161318702141645e-06 0.0015406991480208158
leaf_weight=336.91306728869677 487.77539873495698 363.17797480896115 350.35674491897225 434.69834204390645 1674.7479157168418 350.33040165156126 3072.8693507015705 177.60504723340273 463.57709256187081 484.06381866708398 743.49238258972764 501.3921588473022 93536.603425320238 2539.631792165339
leaf_count=1977 6457 2077 2246 2893 11775 2111 20030 2777 3481 3037 5106 3448 535800 16680
internal_value=-9.17082e-05 0.00255513 0.00113566 -0.00110614 0.000658868 0.0161098 -0.000243172 -0.0090597 0.00429955 0.00634542 0.00912149 0.00525229 -0.000183098 -0.00311906
internal_weight=105517 5702.75 5339.57 4652.33 4301.97 687.243 99814.5 665.38 2627.22 2163.65 1728.95 1244.88 99149.1 5612.5
internal_count=619895 38151 36074 31986 29740 4088 581744 9234 17965 14484 11591 8554 572510 36710
is_linear=0
shrinkage=0.05


Tree=211
num_leaves=15
num_cat=0
split_feature=27 72 71 68 71 71 84 68 68 72 68 71 72 84
split_gain=15.1105 28.2634 29.6696 52.9682 40.269 40.2318 70.8464 70.0913 37.6564 36.2467 54.3982 40.0242 33.037 36.0943
threshold=0.87000706791877758 0.0091536296531558054 -0.017622965388000008 -0.034949358552694314 -0.0025925494264811273 -0.0083502870984375459 3.5000000000000004 0.0022250108886510138 -0.0064467811025679103 0.0067321574315428742 1.0000000180025095e-35 -0.02844300307333469 0.0049484663177281627 3.5000000000000004
decision_type=2 8 2 10 2 2 2 10 10 10 10 2 10 2
left_child=-1 2 3 -2 5 6 7 8 -4 -5 11 -11 -7 -14
right_child=1 -3 4 9 -6 12 -8 -9 -10 10 -12 -13 13 -15
leaf_value=-0.00059360741332390452 -0.0094522912051428834 -0.00076448162798976958 -0.0029602099470870504 -0.00018154350584581076 0.0020891843025223843 0.0022293246217560884 0.015068529963288106 0.0039925623627194698 -0.022086364479380095 0.014716046616449003 0.024193614837933589 -0.0026257289651263438 -0.0058859123783571547 -0.020905243692057218
leaf_weight=49928.74644478038 462.09992719255388 22411.78339382261 527.5923820771277 815.00250930339098 22459.141154812649 956.24308598414063 759.49558180198073 1759.1117247268558 499.18120113015175 687.37451877631247 641.35815951600671 631.34279835224152 2326.1876813266426 477.32277699001133
leaf_count=294314 2639 124875 2916 4359 139683 6189 4095 9739 2912 3558 3351 3381 13999 2867
internal_value=3.72012e-05 0.00060558 0.00153596 0.00607454 0.00104047 -0.00218219 0.00163727 -0.0020652 -0.012382 0.00868469 0.0123535 0.0064563 -0.00577866 -0.0085083
internal_weight=105342 55413.2 33001.5 3237.18 29764.3 7305.13 3545.38 2785.89 1026.77 2775.08 1960.08 1318.72 3759.75 2803.51
internal_count=618877 324563 199688 17288 182400 42717 19662 15567 5828 14649 10290 6939 23055 16866
is_linear=0
shrinkage=0.05


Tree=212
num_leaves=15
num_cat=0
split_feature=70 69 70 84 74 74 72 74 70 69 70 74 69 58
split_gain=14.9697 77.1718 65.7009 61.6733 77.2972 58.163 98.2435 75.503 56.7881 69.5841 58.5812 54.3515 61.8293 56.3007
threshold=-0.0084869600832462293 0.12770455330610278 -0.012401808984577654 2.5000000000000004 -0.007328484905883669 -0.0077663431875407687 0.0046206803526729354 -0.0080080926418304426 -0.0043338672257959834 0.12770455330610278 -0.0015817155945114789 -0.015288716182112692 -0.026822932995855805 -0.0027207134990021582
decision_type=2 10 2 2 2 2 10 2 2 10 2 2 10 2
left_child=1 2 -1 4 -4 6 -2 8 11 10 -10 -8 -13 -14
right_child=5 -3 3 -5 -6 -7 7 -9 9 -11 -12 12 13 -15
leaf_value=0.00017800466337850854 -0.015952809730943273 0.019331611456444377 -0.0073816649422595573 -0.015068805473495886 0.011317744703335245 -0.00019456578887331891 -0.0093307549023677223 0.023383049925257061 -0.019473201811454222 0.01525383576538324 0.0036518514838140685 0.022349185327305496 0.013477666252883073 -0.00054906753823842516
leaf_weight=9423.2929287627339 521.45035616122186 418.43735893443227 2283.8116811290383 1582.8195066098124 718.46899088285863 84453.490005616099 412.25801452994347 586.17407370917499 650.17657049186528 354.2676697075367 463.34112835489213 750.77469387277961 1380.7155068293214 1471.6602346412838
leaf_count=53057 3338 2082 13051 9188 3980 501707 2350 3165 3876 1936 2624 3832 7334 8116
internal_value=-7.84713e-05 -0.0015743 -0.00221211 -0.00711397 -0.00288404 0.000158703 0.00467886 0.00647476 0.00462792 -0.00376963 -0.00990388 0.00769929 0.00966823 0.00626405
internal_weight=105471 14426.8 14008.4 4585.1 3002.28 91044.3 6590.82 6069.37 5483.19 1467.79 1113.52 4015.41 3603.15 2852.38
internal_count=619636 81358 79276 26219 17031 538278 36571 33233 30068 8436 6500 21632 19282 15450
is_linear=0
shrinkage=0.05


Tree=213
num_leaves=15
num_cat=0
split_feature=15 7 26 52 68 70 54 19 72 70 74 74 73 74
split_gain=13.6273 15.9471 20.757 15.903 11.8842 30.9864 44.1367 47.8707 21.6104 20.6657 15.9463 54.2399 81.4217 55.9958
threshold=11.331313133239748 0.074130713939666762 0.0088504087179899233 0.25838212668895727 0.066228810697793974 0.0020972609054297213 0.5944562852382661 0.011536065954715015 0.011850398499518635 0.011527038644999267 -0.014051598962396382 -0.011800938751548527 0.29116751253604894 -0.0099405101500451547
decision_type=8 2 8 8 8 2 8 8 10 2 2 2 2 2
left_child=1 2 -1 -3 10 6 -6 -8 -7 -10 -2 12 -12 -13
right_child=4 3 -4 -5 5 8 7 -9 9 -11 11 13 -14 -15
leaf_value=0.012790745427943416 0.0021216143691951419 -0.0019515749337335781 0.0015377558945743111 0.0093297205781076829 -0.022895759206308257 -0.0069536336674540927 0.010505414897437837 -0.012936349411860022 0.013347698160979596 -0.00037707857420334317 -0.025677520265834659 0.0067289364305798301 -0.0025867392713072716 -0.00021031152764583268
leaf_weight=744.61063835397363 8329.1132345832884 1711.4825767725706 903.70970763079822 371.64992564916611 387.79539808630943 530.7123018912971 376.64459135569632 489.38288666494191 451.34701852872968 675.06879459321499 491.51505963876843 2999.5811976213008 1610.5529005452991 85424.500416608527
leaf_count=4700 47182 9353 5913 2004 2567 3420 2057 2707 2452 3932 2788 16314 8928 505524
internal_value=4.54744e-05 0.00300904 0.00666765 9.60689e-05 -6.34754e-05 -0.00320665 -0.00910425 -0.00273773 0.00128345 0.00519141 2.93955e-05 -0.000163318 -0.00808194 2.58206e-05
internal_weight=105498 3731.45 1648.32 2083.13 101766 2910.95 1253.82 866.027 1657.13 1126.42 98855.3 90526.1 2102.07 88424.1
internal_count=619841 21970 10613 11357 597871 17135 7331 4764 9804 6384 580736 533554 11716 521838
is_linear=0
shrinkage=0.05


Tree=214
num_leaves=15
num_cat=0
split_feature=70 69 70 84 74 74 74 70 70 73 69 70 58 70
split_gain=16.4258 63.3778 77.2495 52.402 47.8655 43.9437 106.203 78.1476 78.669 76.0321 57.8713 39.7122 53.8724 39.4051
threshold=-0.0084869600832462293 0.12770455330610278 -0.012401808984577654 2.5000000000000004 -0.007328484905883669 -0.0077663431875407687 -0.0080080926418304426 -0.0041363756172358981 -0.0022883981000632043 0.77497765421867382 0.099168736487627043 -0.0094763874076306803 -0.012525636237114666 -0.0043338672257959834
decision_type=2 10 2 2 2 2 2 2 2 2 10 2 2 2
left_child=1 2 -1 4 11 6 7 9 -9 -2 -10 12 -4 -7
right_child=5 -3 3 -5 -6 13 -8 8 10 -11 -12 -13 -14 -15
leaf_value=0.0005191730760038272 0.0076434278772321562 0.017015601570105007 0.0038374773483581871 -0.014786905646897278 0.0076740644607453355 -0.0036960273489064915 0.024047845125964844 -0.021685013488537158 -0.01258201668559162 -0.015743662555032272 0.011389846294263971 0.0013454082379707952 -0.018141910071070272 0.00035195887542022885
leaf_weight=9457.0231355689466 4056.9124182723463 439.54204566031694 377.5878591388464 1564.5569602493197 718.67588556371629 6504.8257722780108 605.60863985866308 582.92552487365901 426.98580566048622 370.69251598417759 584.14366787858307 867.96213988773525 1023.3275356013328 77873.796464039013
leaf_count=53211 21749 2165 2117 9150 3971 36678 3231 3622 2473 2250 3379 4804 6104 464566
internal_value=9.89475e-05 -0.00146657 -0.00205818 -0.00740203 -0.0034982 0.000347633 0.00426488 0.0022387 -0.00722454 0.00565432 0.00124278 -0.00705521 -0.0122326 3.94949e-05
internal_weight=105455 14448.7 14009.1 4552.11 2987.55 91005.9 6627.27 6021.66 1594.05 4427.6 1011.13 2268.88 1400.92 84378.6
internal_count=619470 81522 79357 26146 16996 537948 36704 33473 9474 23999 5852 13025 8221 501244
is_linear=0
shrinkage=0.05


Tree=215
num_leaves=15
num_cat=0
split_feature=59 58 74 72 71 27 51 68 71 74 70 68 71 70
split_gain=16.283 36.3198 19.6744 76.231 18.8066 17.7381 21.4098 20.5554 52.7314 111.449 80.7163 62.3743 111.2 95.6509
threshold=4.5000000000000009 0.016414114274084571 0.027833558619022373 0.020338352769613269 0.034285780042409904 0.44151286780834204 -0.091930858790874467 0.044730186462402351 0.015517221763730051 0.0022832845570519571 -0.0035250629298388954 0.053079243749380119 0.003063483396545053 0.00017975435184780511
decision_type=10 2 2 10 2 2 10 10 2 2 2 10 2 2
left_child=2 4 5 -4 -2 6 -1 -7 11 10 -10 12 13 -9
right_child=1 -3 3 -5 -6 7 -8 8 9 -11 -12 -13 -14 -15
leaf_value=4.7407597641000838e-05 0.0018812492052346212 -0.0092381682025439171 0.018583490019487687 -0.0080211254374702723 -0.0097933486582819466 -0.00010093718313104767 -0.0076255109122276461 0.0011354957085808162 -0.0067049193159392246 -9.1229421463010545e-05 0.018113972359001397 -0.007454233303196299 -0.0027363277307204423 0.029765982092467481
leaf_weight=2047.2177671454847 2523.3653480038047 1511.4655423760414 597.26536236330867 475.83505971170962 389.34224619716406 84221.239354770631 1625.2180033810437 574.31170280091465 388.24880629405379 3547.2454805206507 1941.3823276795447 2377.8093745522201 2707.2302514128387 584.61311874724925
leaf_count=11408 13826 8513 3260 2811 2304 493219 10658 3336 2303 22005 11221 15183 16538 3289
internal_value=-1.14248e-05 -0.00297701 0.000118648 0.00682131 0.000292535 4.6057e-05 -0.00335969 0.000176215 0.00210049 0.0054957 0.0139668 -0.00109879 0.00281916 0.0157091
internal_weight=105512 4424.17 101088 1073.1 2912.71 100015 3672.44 96342.1 12120.8 5876.88 2329.63 6243.96 3866.16 1158.92
internal_count=619874 24643 595231 6071 16130 589160 22066 567094 73875 35529 13524 38346 23163 6625
is_linear=0
shrinkage=0.05


Tree=216
num_leaves=15
num_cat=0
split_feature=69 74 68 71 69 73 74 73 68 69 4 73 68 72
split_gain=17.508 44.0556 41.4253 55.9247 66.5712 61.1018 60.1757 56.2475 55.4064 54.4113 46.6408 50.3439 45.7947 44.3258
threshold=0.1011449657380581 -0.0042130858637392512 0.015907374210655693 0.017997297458350662 0.12489066645503046 0.58751988410949718 0.0061867174226790675 0.68011209368705761 0.029499251395463947 0.1064809523522854 0.14166667312383655 0.61819469928741466 0.029499251395463947 0.0078111961483955392
decision_type=10 2 10 2 10 2 2 2 10 10 8 2 10 10
left_child=-1 -2 -3 4 6 -6 10 -7 -5 -8 11 -4 -12 -9
right_child=1 2 3 8 5 7 9 13 -10 -11 12 -13 -14 -15
leaf_value=0.00024114039064423881 0.0025718368409952518 0.0081683803072269464 -0.0081328951057551332 0.015147756113872899 -0.015386775266709538 0.011048795397543356 -0.017237998069539493 -0.0068661703264229785 -0.00078142724555381026 0.0035686513314319951 -0.013321055626724058 -0.020815920074994661 0.0030612202686798803 0.0069633676310598275
leaf_weight=84133.672165285796 5344.0280017200857 827.64825692027807 1531.6979748420417 634.36745697446167 567.02611025609076 1183.9830555785447 384.79158532433212 1668.8624237291515 3566.9354804456234 1529.7401915043592 775.55627701431513 1635.102140057832 927.02175476402044 875.27914899587631
leaf_count=489277 31130 4628 10178 3809 3506 6699 2525 10264 21832 9621 4644 11459 5587 5097
internal_value=-8.4007e-05 -0.00135873 -0.00266354 -0.0032552 -0.00511664 -0.000243738 -0.00819696 0.00209443 0.00165403 -0.000681008 -0.0111446 -0.0147264 -0.00443542 -0.00209966
internal_weight=105586 21452 16108 15280.4 11079.1 4295.15 6783.91 3728.12 4201.3 1914.53 4869.38 3166.8 1702.58 2544.14
internal_count=620256 130979 99849 95221 69580 25566 44014 22060 25641 12146 31868 21637 10231 15361
is_linear=0
shrinkage=0.05


Tree=217
num_leaves=15
num_cat=0
split_feature=74 74 69 69 74 70 70 74 52 54 58 74 71 69
split_gain=12.9569 47.568 172.856 61.8747 55.699 46.1821 50.1249 52.9825 87.8182 47.596 46.6163 43.4115 41.758 41.5157
threshold=0.0071844139602035293 0.0058923510368913421 -0.0093253590166568739 0.069245770573616042 0.0067960366141051063 0.0088671618141233938 0.0085653760470449942 0.0082235885784029978 0.07770038023591043 0.25597035884857183 0.0073130892124027022 0.012450884096324446 0.0011586637701839211 0.11900227144360544
decision_type=2 2 8 10 2 2 2 2 8 8 2 2 2 8
left_child=1 -1 -3 4 12 6 7 8 -2 11 -11 -9 -4 -10
right_child=5 2 3 -5 -6 -7 -8 9 13 10 -12 -13 -14 -15
leaf_value=-6.3299963591373297e-05 0.024912603453125619 0.021493721574837518 0.0033413111018177014 -0.0032353271330960529 -0.029235465283046599 -0.00063990072922088864 0.019510004169438235 -0.011028488082007598 0.0074991990422202271 0.0069719517594952363 -0.005240315946206762 0.0084630928387584431 -0.015854060358691514 -0.01079735632645149
leaf_weight=77035.149874046445 638.56083798781037 525.63059323653579 406.94836568459868 2311.0481211077422 521.75422872044146 15544.972995512187 479.5341988876462 1294.7005409039557 1345.0225513707846 2642.5900563020259 1099.2885869033635 357.71380772069097 900.28968260809779 392.57488660886884
leaf_count=455360 3691 2696 2273 14784 3272 87701 2786 7594 7879 15618 6287 2020 5617 2345
internal_value=-6.14672e-05 -0.000360519 -0.00525729 -0.00869728 -0.0155437 0.000965059 0.00398631 0.00300445 0.00920818 0.000259762 0.00337983 -0.00678343 -0.00989846 0.00332733
internal_weight=105496 81700.8 4665.67 4140.04 1828.99 23795 8249.99 7770.45 2376.16 5394.29 3741.88 1652.41 1307.24 1737.6
internal_count=619923 484002 28642 25946 11162 135921 48220 45434 13915 31519 21905 9614 7890 10224
is_linear=0
shrinkage=0.05


Tree=218
num_leaves=15
num_cat=0
split_feature=69 65 69 84 58 73 72 72 73 69 69 69 58 72
split_gain=13.2643 50.0795 38.7246 69.5138 64.8168 59.1185 82.8912 81.3498 80.4435 56.0131 41.5851 37.0875 37.0038 28.3672
threshold=0.1011449657380581 -0.012323816306889055 0.093763429671525969 2.5000000000000004 -0.0063379311468452207 0.65972560644149791 0.0074462066404521474 0.0080492333509027975 0.72511178255081188 0.098293159157037749 0.097556669265031828 0.098293159157037749 -0.0058862119913101188 0.012761422898620369
decision_type=10 8 10 2 2 2 10 10 2 10 10 10 2 10
left_child=2 12 -1 5 -5 7 8 11 -7 -9 -6 -4 -2 -3
right_child=1 13 3 4 10 6 -8 9 -10 -11 -12 -13 -14 -15
leaf_value=-9.9641478145104022e-07 0.0025627206199196175 0.00061466957728310021 -0.0080669197767410852 0.027159455636005216 0.013734537308081125 0.033049357943170328 -0.010938157837052803 -0.0084376706525902366 0.0028145362775457033 0.016309820127311126 -0.0010252982246811769 -0.029400821265257476 -0.0051127587374984003 0.012227779778310438
leaf_weight=78582.340184722096 1932.8641146942973 10707.473619978875 458.50080903805792 472.18009482324123 972.26066198386252 378.65803821012378 414.54957812279463 456.38093595579267 511.71179187484086 439.43197064846754 925.61818422935903 372.74064197018743 8240.1144804824144 543.09433049894869
leaf_count=458272 11044 66246 2558 2375 5270 2118 2459 2395 3244 2223 5312 2319 50446 3174
internal_value=-2.55874e-06 -0.00111279 0.000280748 0.00437166 0.0107675 -0.000646875 0.00735367 -0.00669942 0.0158971 0.003748 0.00656835 -0.0178691 -0.00365333 0.00118563
internal_weight=105408 21423.5 83984.4 5402.03 2370.06 3031.97 1304.92 1727.05 890.37 895.813 1897.88 831.241 10173 11250.6
internal_count=619455 130910 488545 30273 12957 17316 7821 9495 5362 4618 10582 4877 61490 69420
is_linear=0
shrinkage=0.05


Tree=219
num_leaves=15
num_cat=0
split_feature=60 74 72 15 25 27 3 69 69 73 72 69 72 74
split_gain=14.7833 14.7097 18.8416 15.1228 19.0067 18.0878 13.472 13.2363 80.6696 98.8321 55.8887 50.3118 81.532 57.219
threshold=8.5000000000000018 -0.034833572804927819 0.019412958063185218 16.099148750305179 -0.059304118156433099 0.74194300174713146 0.72499999403953563 0.052512809634208686 0.046791307628154762 0.40851669013500219 0.0053684536833316096 0.061287341639399535 0.0065143711399286994 0.0071844139602035293
decision_type=8 2 10 8 10 2 2 8 10 2 10 8 10 2
left_child=1 2 -1 4 5 -3 7 8 -5 -10 -11 12 13 -9
right_child=-2 3 -4 6 -6 -7 -8 11 9 10 -12 -13 -14 -15
leaf_value=0.0012204226996987751 0.008970596108397377 -0.0087026420487083048 -0.014880930852700484 -0.00030440987269920268 0.0017585697111486727 6.4959727167530955e-05 0.0084116355023238065 -0.003070993614344604 0.030464358567786655 0.014811052778571169 -0.00094297671455358806 -0.00028249361107922708 -0.013327632367896533 0.016876604470543344
leaf_weight=349.56049685552716 451.31679802387953 849.65365532040596 365.20563638396561 29905.8574502673 19396.65787336044 1862.8101543858647 435.22179111093283 2697.8587821610272 423.19886770658195 853.37021864019334 1614.8242030460387 43906.442850051448 2012.8191521633416 404.54061255790293
leaf_count=2184 2570 4597 2416 167388 113846 9985 2484 17704 2006 5049 9647 265847 11679 2611
internal_value=3.94877e-05 2.78054e-07 -0.00709828 4.95703e-05 0.00121019 -0.00270329 -0.000262503 -0.000309665 0.000467753 0.0084278 0.00454171 -0.000829776 -0.00551765 -0.000424039
internal_weight=105529 105078 714.766 104363 22109.1 2712.46 82254.1 81818.9 32797.3 2891.39 2468.19 49021.7 5115.22 3102.4
internal_count=620013 617443 4600 612843 128428 14582 484415 481931 184090 16702 14696 297841 31994 20315
is_linear=0
shrinkage=0.05


Tree=220
num_leaves=15
num_cat=0
split_feature=72 69 72 68 53 54 74 58 68 74 71 70 68 69
split_gain=18.9759 74.6857 34.5857 35.6279 20.7707 28.6095 17.2229 16.9324 16.3398 19.8207 14.5107 62.6566 58.5743 70.766
threshold=0.003391561447642744 0.075922116637229933 0.0033068291377276187 0.018985471688210968 -0.023461416363716122 0.46067091822624212 -0.00064403898431919504 -0.0052133686840534202 0.040277965366840369 0.0093714185059070605 0.012805075850337745 -0.0094763874076306803 0.053079243749380119 0.049500988796353347
decision_type=8 10 10 10 10 10 2 2 10 2 2 2 10 8
left_child=1 2 3 -1 10 -6 -5 -7 9 -9 12 -12 13 -2
right_child=4 -3 -4 6 5 7 -8 8 -10 -11 11 -13 -14 -15
leaf_value=-0.01675144703135778 0.0020213784510203199 0.026516891262062664 0.016169672969684305 0.010959143016834736 -0.0065553424699264819 0.0071812742454354546 -0.0021027895554167433 -0.0048536958870406838 0.0030858965716890874 0.004976455175765955 -0.012161277219693602 0.0015362951468209617 -0.0082531565734402478 -0.0013419878492243649
leaf_weight=324.63974463753402 26455.38351611048 321.57361182942986 292.90199394524097 344.43374589458108 2792.3881785888225 645.06949078664184 868.30138311162591 2979.8360168356448 1458.8232848774642 610.45874568447471 851.4004925340414 27167.826714282855 2195.0056729484349 38221.602584021166
leaf_count=2431 144508 2194 2073 2344 22533 3860 6213 19839 9556 3738 5071 156975 13837 225056
internal_value=4.57971e-05 0.00468202 0.000722464 -0.00230603 -5.11514e-05 -0.00241954 0.00166627 -0.000383437 -0.00136218 -0.00317309 0.000160898 0.00111589 -0.000239348 3.38586e-05
internal_weight=105530 2151.85 1830.28 1537.37 103378 8486.58 1212.74 5694.19 5049.12 3590.29 94891.2 28019.2 66872 64677
internal_count=620228 15255 13061 10988 604973 59526 8557 36993 33133 23577 545447 162046 383401 369564
is_linear=0
shrinkage=0.05


Tree=221
num_leaves=15
num_cat=0
split_feature=72 71 1 69 72 68 69 68 53 5 72 6 69 68
split_gain=14.4395 46.8583 49.4185 42.9864 39.946 41.1616 69.4034 38.5019 33.7929 31.9841 31.6303 27.2406 26.8774 35.9773
threshold=0.0040517377201467761 0.015194182284176351 0.016340358182787899 0.095161151140928282 0.0045173054095357665 0.0099753849208354967 0.0543004758656025 0.035737453028559692 -0.33054305613040919 1.0301451086997988 0.0035453670425340538 0.50645485520362865 0.093763429671525969 0.039957420900464065
decision_type=8 2 10 8 10 10 10 10 10 2 10 10 10 10
left_child=1 3 -3 7 5 8 -7 9 -2 -1 -5 -12 -8 -14
right_child=4 2 -4 10 -6 6 12 -9 -10 -11 11 -13 13 -15
leaf_value=0.0070624233407689772 -0.0019828715593602697 0.022070584466810678 -0.0017713556699271297 0.0010971539397432414 4.9762129972452569e-05 0.01950537366773613 -0.0075761121464913445 -0.011823714724563224 -0.023539402174654261 -0.0018927641796809285 -0.026367138792220732 -0.0054972798778227588 0.010201168119224403 -0.007954468023249511
leaf_weight=2919.8343252390623 297.73830654658377 545.71937823668122 354.65554597228765 517.52372644096613 93928.919836588204 315.45352583192289 2402.4261115584522 410.19879445619881 465.02187649719417 1506.0490281917155 294.25867387279868 335.53875512257218 585.8234541490674 493.7717969249934
leaf_count=19433 1742 3569 1939 3990 542562 1955 16701 2876 3394 9633 1998 2351 3927 3239
internal_value=-1.7511e-05 0.00219471 0.012763 0.000585764 -0.000172338 -0.00473713 -0.00258908 0.00265243 -0.0152595 0.00401774 -0.00807311 -0.015508 -0.00464085 0.00190058
internal_weight=105373 6883.78 900.375 5983.4 98489.2 4560.24 3797.47 4836.08 762.76 4425.88 1147.32 629.797 3482.02 1079.6
internal_count=619309 45789 5508 40281 573520 30958 25822 31942 5136 29066 8339 4349 23867 7166
is_linear=0
shrinkage=0.05


Tree=222
num_leaves=15
num_cat=0
split_feature=73 73 69 72 84 69 73 69 72 84 72 72 73 84
split_gain=12.3812 98.7848 47.2222 91.1001 81.9439 51.8577 88.9758 63.1852 86.9893 62.4657 46.8709 75.7143 95.5706 51.54
threshold=0.62452375888824474 0.62245628237724315 0.016610891558229927 0.014443710446357729 1.0000000180025095e-35 0.0083855912089347857 0.79824545979499828 -0.012004304677247999 0.017434634268283847 2.5000000000000004 0.012761422898620369 0.0074462066404521474 0.80214941501617443 2.5000000000000004
decision_type=2 2 8 10 2 10 2 10 10 2 10 10 2 2
left_child=1 -1 4 10 -2 7 -7 8 -6 -9 11 -4 -13 -12
right_child=2 -3 3 -5 5 6 -8 9 -10 -11 13 12 -14 -15
leaf_value=0.00023907238011853802 0.018363892804183126 0.02442935256131952 0.000165276000346006 -0.019203397340262891 0.0080819106540129023 0.025445317596749669 -0.0052563461614125381 -0.02586656796084626 -0.016841286322307168 7.8487939954577534e-05 0.00050139751950142029 -0.0069586811034197185 0.0071986071928038494 0.019991417862803139
leaf_weight=63909.071904839948 810.2217472139746 414.84261490218341 24284.846923384815 688.5619536023587 1590.1307156253606 496.34841816686094 436.59009642153978 461.47456065192819 438.34514536336064 456.60779434815049 900.57385859265924 8612.9508288707584 1374.992986433208 534.67992099374533
leaf_count=361270 4463 2390 156101 4149 8383 2821 2813 2910 2662 2887 5459 52493 7912 2868
internal_value=-3.4211e-05 0.000398855 -0.000712143 -0.00132087 0.00400488 0.000966542 0.0111744 -0.00229233 0.00263992 -0.013101 -0.000970756 -0.00134233 -0.00500446 0.00785017
internal_weight=105410 64323.9 41086.3 36396.6 4689.72 3879.5 932.939 2946.56 2028.48 918.082 35708 34272.8 9987.94 1435.25
internal_count=619581 363660 255921 228982 26939 22476 5634 16842 11045 5797 224833 216506 60405 8327
is_linear=0
shrinkage=0.05


Tree=223
num_leaves=15
num_cat=0
split_feature=74 7 17 71 74 71 84 71 71 70 14 73 58 71
split_gain=14.0694 13.449 13.1411 41.7933 29.4145 23.3443 58.5962 77.3535 75.5667 69.2034 66.2434 37.8406 37.8052 37.6064
threshold=-0.04474180564284324 0.02783850580453873 92.350059509277358 0.048369815573096282 0.020718611776828769 0.029265975579619411 2.5000000000000004 0.035638667643070228 0.03842632286250592 0.00051583698950707923 0.004855428822338582 0.48865681886672979 0.0033683005021885042 0.027253056876361374
decision_type=2 2 10 2 2 2 2 2 2 2 8 2 2 2
left_child=-1 -2 5 4 -4 13 7 9 12 -7 -11 -10 -8 -3
right_child=1 2 3 -5 -6 6 8 -9 11 10 -12 -13 -14 -15
leaf_value=-0.0096482900941798535 -0.009344199855511692 0.00016918147855809519 -0.0013806938405506162 -0.015382018502032 0.010732426061345413 -0.0093250780331591617 0.0064418560921701553 -0.005743720779733774 0.0066994282438551482 0.025557887038163925 0.00061416111538173065 0.024160013812668912 -0.010251433573061795 -0.012349099774323018
leaf_weight=363.5197830721736 367.77488558553159 85253.442658880726 10910.65443985723 505.42116098478436 515.33326654881239 393.0578074529767 1029.9211034812033 2686.1767275594175 521.92319163307548 617.46953803300858 463.13291161693633 793.71600975468755 493.39365153759718 594.19820063561201
leaf_count=2633 4820 496238 67218 3163 2840 2296 5653 15681 2804 3356 2644 4449 2760 3600
internal_value=3.85171e-05 7.29216e-05 0.000106865 -0.00145445 -0.000825463 0.00030764 0.00308222 -0.000699609 0.00860663 0.0084715 0.014971 0.0173361 0.00100339 8.11074e-05
internal_weight=105509 105146 104778 11931.4 11426 92846.4 6998.79 4159.84 2838.95 1473.66 1080.6 1315.64 1523.31 85847.6
internal_count=620155 617522 612702 73221 70058 539481 39643 23977 15666 8296 6000 7253 8413 499838
is_linear=0
shrinkage=0.05


Tree=224
num_leaves=15
num_cat=0
split_feature=73 73 74 74 73 69 73 69 69 73 73 70 74 74
split_gain=12.364 78.6105 50.8772 68.453 44.0364 112.126 98.4636 59.7067 89.5186 59.6992 44.045 52.7858 104.018 36.8665
threshold=0.64153727889060985 0.64753499627113353 -0.017201921902596947 -0.010588163975626229 0.57541298866271984 -0.05704184249043464 0.57667362689971935 0.11499396711587907 0.10368117317557336 0.53709021210670482 0.54551473259925853 0.005761263659223915 0.0093714185059070605 -0.0089446334168314916
decision_type=2 2 2 2 2 10 2 10 10 2 2 2 2 2
left_child=4 -2 -3 -4 7 -6 -7 8 10 -9 -1 -12 -13 -5
right_child=1 2 3 13 5 6 -8 9 -10 -11 11 12 -14 -15
leaf_value=1.9239485184516335e-07 -0.011786683303921453 -0.017181494584406539 0.011421073181481721 -0.010543306196321512 -0.015815700961525632 0.027517020533776942 0.002865593358714928 -0.0031052968161966454 0.0090448601853126646 -0.018811157952918101 -0.0085540656467278185 0.025489582615451534 -0.0067592523397223591 -0.00030719622678990861
leaf_weight=42827.194439016283 1566.4519579932094 434.52491723746061 1221.1407597307116 894.07943357154727 776.65163834393024 406.83649531006813 14606.721022099257 2490.0576291978359 2590.4887216314673 791.61008544825017 3193.6308344006538 366.64700526557863 735.32491781190038 32567.771798748523
leaf_count=236407 9808 2934 6640 5119 4745 2118 86007 15248 15211 5252 19364 1996 4122 204906
internal_value=-0.000122659 -0.000863835 -0.000373394 -0.000157923 0.000272687 0.00258947 0.00355147 -0.000417974 1.38359e-05 -0.00693953 -0.000484442 -0.00530503 0.00410328 -0.000583767
internal_weight=105469 36684 35117.5 34683 68785.2 15790.2 15013.6 52995 49713.3 3281.67 47122.8 4295.6 1101.97 33461.9
internal_count=619877 229407 219599 216665 390470 92870 88125 297600 277100 20500 261889 25482 6118 210025
is_linear=0
shrinkage=0.05


Tree=225
num_leaves=15
num_cat=0
split_feature=67 74 64 71 71 84 73 73 57 14 70 54 27 84
split_gain=15.2952 27.7057 31.4134 25.2874 53.3316 42.511 31.2311 25.1 23.603 22.2369 22.1189 19.6378 20.2603 18.9939
threshold=0.010200696066021921 0.011211737524718048 -0.044242378324270241 0.011539016384631397 -0.0044887356925755731 1.5000000000000002 0.63069283962249767 0.63947707414627086 0.0093751982785761374 0.026812151074409488 -0.034958768635988229 0.21290457993745807 0.72987899184227001 2.5000000000000004
decision_type=2 2 2 2 2 2 2 2 8 8 2 8 2 2
left_child=8 -2 -3 4 13 -5 -6 -7 9 11 -10 -1 -13 -4
right_child=1 2 3 5 6 7 -8 -9 10 -11 -12 12 -14 -15
leaf_value=-0.0028217227889213107 0.00029094955728363974 -0.0066481108755590979 0.0075419987637713772 -0.0066158903171229166 0.026607093357108941 0.013976122191986119 0.0088731536292240929 -3.8223667290176724e-05 -0.010277526277900365 -0.0044640912127130545 8.9853728320523976e-05 -0.0027057196514179939 0.0074642370822087288 -0.005739461994067583
leaf_weight=2548.5897276233882 21271.900433404371 550.66010041534901 649.53224269300699 838.63051851838827 513.80824819207191 713.086146004498 500.37566900998354 572.33046261966228 508.39680540561676 6173.421030567959 68040.773400651291 770.80515385046601 1313.1842979360372 445.57003868371248
leaf_count=16804 121853 2958 3420 4840 2591 3717 2876 3332 3412 44329 393616 5071 8523 2384
internal_value=1.41025e-05 0.00106495 0.00449876 0.00596096 0.00982648 0.00209425 0.0180296 0.00778412 -0.00033103 -0.00250176 1.14759e-05 0.000117239 0.00370772 0.00213506
internal_weight=105411 26055.9 4783.99 4233.33 2109.29 2124.05 1014.18 1285.42 79355.2 10806 68549.2 4632.58 2083.99 1095.1
internal_count=619726 147971 26118 23160 11271 11889 5467 7049 471755 74727 397028 30398 13594 5804
is_linear=0
shrinkage=0.05


Tree=226
num_leaves=15
num_cat=0
split_feature=6 69 74 73 74 72 69 72 69 74 74 69 74 74
split_gain=13.3808 29.3433 32.1657 32.2587 18.2655 13.06 53.2058 44.4558 36.1899 35.6953 62.824 61.9075 61.0956 91.8284
threshold=0.0090143964625895041 -0.067468378692865358 -0.014897942077368496 0.27290432155132299 -0.019179445691406723 0.0075098148081451663 0.015508298296481373 0.0075484933331608781 0.15864480286836627 0.0015181136550381782 0.0013277027173899116 0.15165715664625171 0.0048115402460098275 0.0058923510368913421
decision_type=10 8 2 2 2 8 8 10 10 2 2 10 2 2
left_child=1 4 3 -3 -1 6 -2 -7 -9 10 -8 12 -11 -14
right_child=5 2 -4 -5 -6 7 9 8 -10 11 -12 -13 13 -15
leaf_value=-0.0032736975124131444 0.012334994985269115 0.018178460260437231 -0.002960203965575899 0.00033657715776769633 -0.019318110907177621 -0.016160541342378695 0.0015428767344903629 -0.00018834814551445494 0.015460245306157916 -0.004187716584100218 0.020373847179831459 -0.018109784231772487 0.010813153614780975 -0.00059490280968906397
leaf_weight=347.72136245854199 991.82157752290368 384.27166563645005 3876.6647593304515 709.8398095741868 362.84015664458275 423.33407021127641 25035.192522695288 54808.769379185513 361.97565632127225 6859.192557644099 440.99115310609341 506.07106092944741 2246.8285638615489 8073.3199597708881
leaf_count=2153 5498 2149 21949 3958 1993 2667 154582 307359 2067 45336 2716 3215 13700 50384
internal_value=0.000167144 -0.00219095 -0.000822319 0.00671086 -0.011621 0.000301661 0.000943541 -0.000208206 -8.28945e-05 0.000678978 0.00187671 -0.00104646 -0.000533562 0.00189684
internal_weight=105429 5681.34 4970.78 1094.11 710.562 99747.5 44153.4 55594.1 55170.7 43161.6 25476.2 17685.4 17179.3 10320.1
internal_count=619726 32202 28056 6107 4146 587524 275431 312093 309426 269933 157298 112635 109420 64084
is_linear=0
shrinkage=0.05


Tree=227
num_leaves=15
num_cat=0
split_feature=31 54 67 14 54 73 69 73 13 69 63 26 69 73
split_gain=15.1506 15.3911 14.7428 25.7123 23.2025 19.0075 53.6986 33.5572 28.8491 27.913 28.5402 26.5592 24.3243 30.0401
threshold=17.455427169799808 0.33054701983928686 0.006916031241416932 -0.066405467689037309 0.6703459918498994 0.31674617528915411 0.039528355002403266 0.33967128396034246 0.018156998790800575 -0.042247124016284936 0.15384963899850848 0.39469558000564581 0.01204727264121175 0.21545944362878802
decision_type=2 8 2 8 10 2 10 2 8 8 10 8 10 2
left_child=1 -1 3 -2 5 6 8 -7 9 10 -5 -9 13 -11
right_child=2 -3 -4 4 -6 7 -8 11 -10 12 -12 -13 -14 -15
leaf_value=-0.0025149831650095223 0.0020349892251664814 -8.741174041949066e-05 0.0013033156992736195 0.007190167046559161 0.001361636187667447 -0.012210961233320737 0.017790473841756239 -0.0018133165448151658 -0.012681403531861764 0.00037045950310717182 -0.007719903028289273 0.0081124891841856794 -0.0046588467143624523 0.013068180925508816
leaf_weight=11137.311814403161 10558.870325500146 15762.71716943197 24348.623124303296 424.43985014595091 10282.382979920134 751.00729340873659 449.38939847424626 26969.858656726778 407.27340406365693 860.52943708375096 1228.4717112947255 681.4721353277564 548.09697318077087 1006.9615146312863
leaf_count=65463 58400 91327 139867 2363 58743 4394 2056 171106 2293 4507 6823 3964 3258 5148
internal_value=-6.91938e-05 -0.00109305 0.000281674 -0.000177706 -0.000713789 -0.00135433 0.00151083 -0.00185152 -0.000159739 0.00112175 -0.00387103 -0.00156585 0.00454003 0.00725028
internal_weight=105417 26900 78517.4 54168.8 43609.9 33327.5 4925.16 28402.3 4475.77 4068.5 1652.91 27651.3 2415.59 1867.49
internal_count=619712 156790 462922 323055 264655 205912 26448 179464 24392 22099 9186 175070 12913 9655
is_linear=0
shrinkage=0.05


Tree=228
num_leaves=15
num_cat=0
split_feature=70 84 70 70 74 74 68 68 70 74 70 74 74 4
split_gain=13.1865 45.3822 32.5513 29.3559 31.2098 29.5556 51.5256 45.6068 37.6353 30.1887 35.2201 47.1596 38.7189 42.5812
threshold=0.021026453934609893 1.0000000180025095e-35 0.022868212312459949 0.018314933404326442 0.021271942183375362 0.018496754579246048 -0.015869936905801293 0.0061639812774956235 0.012327364645898344 0.013352290261536838 0.012327364645898344 0.014611667487770321 0.015859296545386318 0.10833333432674409
decision_type=2 2 2 2 2 2 10 10 2 2 2 2 2 8
left_child=3 -2 -3 5 -5 9 -7 -8 -9 -1 -11 -12 13 -13
right_child=1 2 -4 4 -6 6 7 8 -10 10 11 12 -14 -15
leaf_value=0.00014254754047390275 0.016664587352716094 0.012768860132889521 -0.0029493044754755602 -0.015487046527879855 0.00046366468798000209 -0.0097147221565499087 0.022529327063687911 0.018186555722687278 -6.7867377753900256e-05 0.0005362069686725171 -0.020009806557090008 0.016548260687646654 -0.012154587187531251 -0.0075858355875749531
leaf_weight=95374.023929368705 520.07457476109266 402.80318970605731 1620.0614525899291 616.79465334117413 599.34572959691286 437.67522065714002 468.88292673416436 371.89892670325935 1083.00465907529 1924.5354056283832 640.30164903029799 353.44154939986765 674.76010669954121 359.00631772354245
leaf_count=563845 2803 2045 9253 3582 3152 2362 2341 1937 6005 10998 3681 2073 3810 1985
internal_value=9.19543e-05 0.00364167 0.000227993 3.88906e-06 -0.00768645 9.66091e-05 0.00561304 0.00913242 0.00469058 -3.50951e-05 -0.00431165 -0.00889335 -0.00365577 0.00445029
internal_weight=105447 2542.94 2022.86 102904 1216.14 101688 2361.46 1923.79 1454.9 99326.1 3952.05 2027.51 1387.21 712.448
internal_count=619872 14101 11298 605771 6734 599037 12645 10283 7942 586392 22547 11549 7868 4058
is_linear=0
shrinkage=0.05


Tree=229
num_leaves=15
num_cat=0
split_feature=8 17 69 72 72 72 72 72 73 72 69 2 69 74
split_gain=14.7513 18.3244 16.1475 47.8885 56.124 40.317 90.5786 73.8556 77.3086 108.568 69.0857 67.1193 58.7669 63.3688
threshold=1.0000000180025095e-35 94.622138977050795 0.015508298296481373 0.016601774841547016 0.015216545667499306 0.012653355952352287 0.012486040126532318 0.014097698032855989 0.31221117079257971 0.013838653452694418 -0.048130543902516358 0.041878184303641326 -0.060190718621015542 0.020718611776828769
decision_type=2 10 10 10 10 8 10 10 2 8 10 2 10 2
left_child=2 -2 5 4 -4 6 -1 8 9 -7 -10 -12 -9 -14
right_child=1 -3 3 -5 -6 7 -8 12 10 -11 11 -13 13 -15
leaf_value=0.0017731226095933678 0.0021202050567424458 -0.0072497404024806436 -0.00057019496537075046 -0.011678303486291126 0.014269764519673567 0.010387486818294876 0.017999937775215493 -0.001960902242411884 -0.00080169897079284877 -0.018075651681877396 -0.028176439963154717 -0.0029669979664144609 0.0073428544472354685 -0.0084105918785375659
leaf_weight=10945.650215340778 11491.654459759593 536.94495771825314 64431.301155811176 949.10188934952021 633.49305937066674 1026.2813010439277 923.67670718953013 7012.1243538241833 663.99937449768186 485.12043547257781 884.62274646945298 378.21068282425404 4404.0184403918684 737.69952159002423
leaf_count=62473 69735 3475 385269 5566 3292 5155 4859 38207 3716 2780 5216 2140 23982 4383
internal_value=4.8891e-05 0.00169627 -0.000163255 -0.000587095 -0.000423537 0.000855447 0.00304999 -0.000816014 -0.00727465 0.0011928 -0.0138884 -0.020709 0.00101557 0.00507072
internal_weight=105504 12028.6 93475.3 66013.9 65064.8 27461.4 11869.3 15592.1 3438.23 1511.4 1926.83 1262.83 12153.8 5141.72
internal_count=620248 73210 547038 394127 388561 152911 67332 85579 19007 7935 11072 7356 66572 28365
is_linear=0
shrinkage=0.05


Tree=230
num_leaves=15
num_cat=0
split_feature=15 2 69 59 68 68 68 68 69 68 84 69 69 2
split_gain=13.3516 23.5315 14.1063 13.9993 14.1316 19.7463 50.1774 78.4447 56.1978 44.8971 51.7557 51.6922 106.44 50.1327
threshold=39.382663726806648 0.021063187159597877 0.037772158160805709 6.5000000000000009 -0.13279618322849271 -0.045510644093155854 -0.037996767088770859 -0.03706304915249347 -0.02913612965494394 -0.050872508436441415 1.0000000180025095e-35 -0.02913612965494394 -0.051937524229288094 0.032038355246186263
decision_type=8 2 10 10 8 8 8 8 8 10 2 10 10 2
left_child=3 2 -2 4 -1 9 8 -8 -7 10 -6 12 13 -12
right_child=1 -3 -4 -5 5 6 7 -9 -10 -11 11 -13 -14 -15
leaf_value=0.0085499462436203228 -0.014409311591106462 -0.00046862793715537294 -0.0043072967748594097 -0.0053975858001644797 -0.011367859986026787 -0.004944418901628775 -0.022943651358701304 0.00030313196039085635 0.012917321685105477 -0.013141893065282424 -0.0073747444922453156 -0.011340080465632368 0.026597990902987756 0.0056793572650489024
leaf_weight=500.23224489018321 439.91851404309273 7179.064710624516 1561.9861918184906 1099.6523437127471 934.09246268868446 606.73260618373752 354.42814651317894 86140.576189454645 1553.9666936229914 850.7496452908963 1186.9602961149067 642.69709888473153 443.33909017965198 1897.7684498950839
leaf_count=2853 3275 40477 12091 6285 5106 3469 2198 508570 8122 4752 6480 3748 2240 9943
internal_value=1.21084e-05 -0.00180863 -0.0065878 0.000186022 0.000251139 0.000206362 0.000393687 0.000205233 0.007902 -0.00257816 -0.000795412 0.00159394 0.00397548 0.000648723
internal_weight=105392 9180.97 2001.9 96211.2 95111.5 94611.3 88655.7 86495 2160.7 5955.61 5104.86 4170.76 3528.07 3084.73
internal_count=619609 55843 15366 563766 557481 554628 522359 510768 11591 32269 27517 22411 18663 16423
is_linear=0
shrinkage=0.05


Tree=231
num_leaves=15
num_cat=0
split_feature=31 18 31 67 72 74 68 17 68 72 74 73 72 68
split_gain=14.511 18.4104 19.2803 15.0205 19.4557 28.6649 23.9412 23.7924 22.4963 77.5458 36.2337 32.684 66.8068 29.936
threshold=17.403341293334964 71.56018447875978 19.818828582763675 0.006916031241416932 0.021474678069353107 -0.00064403898431919504 -0.074038576334714876 9.0855965614318865 -0.045510644093155854 0.015216545667499306 0.0004852519632549957 0.30328534543514257 0.014443710446357729 -0.037996767088770859
decision_type=2 2 2 2 8 2 8 10 10 8 2 2 10 10
left_child=-1 3 -3 4 6 -6 7 -2 9 -8 -11 12 13 -10
right_child=1 2 -4 -5 5 -7 8 -9 11 10 -12 -13 -14 -15
leaf_value=-0.0009640166465282083 -0.00048161670033537946 -0.0043554214657165538 0.0051454161316409133 0.0016641405008888284 0.0026656959757331814 -0.011083693748862901 0.0019952661534506631 0.015459911984525999 0.011114915931566452 -0.026228459442135744 -0.005448679707361636 7.8774823444037717e-05 0.021971572699645059 -0.0018458824025549886
leaf_weight=24698.659856680781 429.07750769332051 3399.0903922822326 624.4438555482775 22956.932166317478 643.56745763123035 901.2310695592314 1592.6411800067872 503.41170638054609 616.10098528675735 449.35749886371195 398.16279543191195 46134.488587288186 503.88750029355288 1537.2942199166864
leaf_count=143965 2325 22494 4195 130662 3708 5093 8465 2518 3096 2621 2121 277708 2597 7907
internal_value=9.62038e-05 0.000420811 -0.00287181 0.000593963 0.000136313 -0.00537535 0.000300535 0.00819726 0.000155232 -0.0045199 -0.0166436 0.000389922 0.00577136 0.00189653
internal_weight=105388 80689.7 4023.53 76666.2 53709.2 1544.8 52164.4 932.489 51231.9 2440.16 847.52 48791.8 2657.28 2153.4
internal_count=619475 475510 26689 448821 318159 8801 309358 4843 304515 13207 4742 291308 13600 11003
is_linear=0
shrinkage=0.05


Tree=232
num_leaves=15
num_cat=0
split_feature=72 72 69 68 68 69 69 69 68 69 69 69 72 72
split_gain=13.7627 13.3996 76.3946 71.5211 121.881 75.8915 67.1939 54.1756 115.539 78.3025 65.6833 69.2856 54.8992 105.88
threshold=0.0024105233605951075 0.0080920867621898668 0.028777753002941612 -0.0078140394762158377 0.043329991400241859 0.018627568148076538 0.034159434959292419 0.08398406952619554 0.028900241479277614 0.090698454529047026 0.11499396711587907 0.10368117317557336 0.0045658375602215537 0.0042985687032341966
decision_type=10 10 8 10 10 10 8 8 10 8 10 10 10 10
left_child=-1 2 3 5 -5 -2 -4 12 9 -9 11 -11 13 -8
right_child=1 -3 6 4 -6 -7 7 8 -10 10 -12 -13 -14 -15
leaf_value=-0.00966830975474222 0.0075354364401035174 -0.00044186592162320836 -0.015294079999935862 0.01989960570846579 -0.0049894864510957107 -0.020900984717364395 0.0020476970923621702 -0.018628127298909936 0.0011399666594847097 -0.0047564709462330143 -0.013110060012436441 0.0086495264750113612 0.0039511493712311406 -0.011575989535772281
leaf_weight=351.31787867285311 602.35732992365956 54046.590871840715 681.82513114251196 1677.878952421248 689.3161843046546 370.74560802988708 5916.0682254657149 1084.9025040175766 16568.44959028624 3937.8061289824545 1576.9551902376115 1265.3018569145352 14820.505328154191 1868.272027477622
leaf_count=2778 3158 302872 4077 9232 4558 2243 38698 6791 102720 24340 10389 7584 87482 13099
internal_value=7.33473e-05 0.000106825 0.000687579 0.00798595 0.0126615 -0.00340105 0.000175143 0.000402574 -0.00122933 -0.00621564 -0.00420496 -0.00148604 0.00216625 -0.0012327
internal_weight=105458 105107 51060.4 3340.3 2367.2 973.103 47720.1 47038.3 24433.4 7864.97 6780.06 5203.11 22604.8 7784.34
internal_count=620021 617243 314371 19191 13790 5401 295180 291103 151824 49104 42313 31924 139279 51797
is_linear=0
shrinkage=0.05


Tree=233
num_leaves=15
num_cat=0
split_feature=26 68 73 69 69 68 69 69 74 69 69 68 69 84
split_gain=12.8736 29.8947 46.9668 76.3383 60.7666 36.8362 32.4351 52.2967 31.1192 23.5056 67.8469 60.1372 62.9284 89.1192
threshold=-0.11387271434068678 -0.045510644093155854 0.2972214818000794 0.034159434959292419 0.013193483930081131 -0.074038576334714876 -0.067468378692865358 -0.02913612965494394 0.0004852519632549957 0.027397851459681991 0.035444770008325584 -0.026530045084655281 0.020825006999075416 1.5000000000000002
decision_type=10 10 2 8 10 10 10 10 2 8 8 10 10 2
left_child=-1 5 3 4 -3 -2 8 -8 -7 11 -11 -4 -13 -14
right_child=1 2 9 -5 -6 6 7 -9 -10 10 -12 12 13 -15
leaf_value=0.0010141798958014541 0.0018621527517126866 0.0058484110651582256 -0.0068388168783480585 0.01852604400371894 -0.012515329349156341 -0.023890231353286214 0.0072161195161651974 -0.012100038531729373 -0.0056943546953742222 -0.0092223274633281786 -0.00046701264056942719 0.0012775256062082837 -0.0035651702010185311 0.019683392803124963
leaf_weight=22218.117456197739 1346.9626349210739 1730.202744115144 1837.7831107005477 851.42162646725774 597.90387918241322 508.81214750185609 617.66112189181149 785.04281389340758 444.29769844375551 2286.314162844792 60834.588797951117 9611.8901883978397 633.86463267728686 1154.6041107159108
leaf_count=121015 7223 9018 10498 3768 3622 3099 3262 4531 2416 13614 373377 54095 3769 6689
internal_value=-5.48324e-05 -0.000340252 -0.000135528 0.00580902 0.00109888 -0.00472567 -0.00848429 -0.00360357 -0.0155553 -0.000383783 -0.000785551 0.00153104 0.00288511 0.0114697
internal_weight=105459 83241.3 79538.6 3179.53 2328.11 3702.78 2355.81 1402.7 953.11 76359 63120.9 13238.1 11400.4 1788.47
internal_count=619996 498981 478450 16408 12640 20531 13308 7793 5515 462042 386991 75051 64553 10458
is_linear=0
shrinkage=0.05


Tree=234
num_leaves=15
num_cat=0
split_feature=57 69 71 58 71 69 73 73 71 70 73 69 84 69
split_gain=17.2525 37.6351 25.871 23.4407 21.5646 52.541 62.5334 48.9627 40.1972 30.3 28.6778 40.0103 36.1075 34.1164
threshold=0.065007962286472334 -0.1383535638451576 0.0073201539926230916 0.017832878977060321 -0.018332001753151413 0.084702219814062132 0.59505420923233043 0.40570393204689031 -0.013234633486717938 0.0052108219824731359 0.26221519708633428 0.051753666251897819 1.5000000000000002 -0.020860132761299607
decision_type=8 8 2 2 2 10 2 2 2 2 2 8 2 10
left_child=1 -1 4 -4 5 6 7 9 -6 10 13 12 -12 -2
right_child=2 -3 3 -5 8 -7 -8 -9 -10 -11 11 -13 -14 -15
leaf_value=0.01305612210648543 0.00042293607844343697 0.00022108354680974086 0.0025904033635770532 -0.0078048221586842527 -0.012828268073994105 0.013962837767015547 0.016317916484379632 -0.01308794268888876 -0.0027044687899197822 -0.0094603154271084913 0.020464379320053735 -0.0069825886484961635 0.0033225514969940197 -0.014156696703254324
leaf_weight=565.06088546663523 1844.3571944180876 83785.669764930382 5282.08991259709 594.48727831989527 1127.6916757635772 579.5950119253248 440.78596521168947 990.23151082918048 7173.0199755448848 853.53919234126806 505.97691131383181 450.39431885629892 771.14376867003739 502.61616818606853
leaf_count=2579 10258 501467 29890 3414 6096 2938 2287 5382 39231 4697 2600 2277 4177 2850
internal_value=-1.13876e-05 0.000308602 -0.00128918 0.00152733 -0.00237556 -0.000317314 -0.00163876 -0.00300142 -0.00409362 -0.00095225 0.00084885 0.0057207 0.0102201 -0.00274618
internal_weight=105467 84350.7 21115.9 5876.58 15239.4 6938.64 6359.05 5918.26 8300.71 4928.03 4074.49 1727.51 1277.12 2346.97
internal_count=620143 504046 116097 33304 82793 37466 34528 32241 45327 26859 22162 9054 6777 13108
is_linear=0
shrinkage=0.05


Tree=235
num_leaves=15
num_cat=0
split_feature=70 69 68 68 69 70 74 74 74 69 69 68 70 70
split_gain=15.4735 70.0654 70.9653 60.0438 48.9157 49.0903 91.7335 43.8587 48.6161 94.9433 64.5019 63.1987 40.6179 37.4807
threshold=-0.0084869600832462293 0.12770455330610278 -0.065314467996358858 -0.055920964106917374 -0.060190718621015542 -0.026119079440832135 -0.015288716182112692 -0.0099405101500451547 -0.01112646935507655 0.082137607038021102 0.11400846391916276 0.017415790818631652 -0.0082382690161466581 -0.0060291055124253026
decision_type=2 10 10 10 10 2 2 2 2 8 10 10 2 2
left_child=1 2 4 -4 5 -1 -7 8 9 -2 -11 -10 -9 -14
right_child=7 -3 3 -5 -6 6 -8 12 11 10 -12 -13 13 -15
leaf_value=-0.0069930990126320734 -0.0069234836830653406 0.017813042901030609 -0.020223209887883273 -0.003050981335953959 0.02073853556224281 0.020801237459722052 -0.0089638224591503043 0.01611871456234772 0.028205185048602227 0.027429711878909559 0.0003975510791969339 0.0028846672812563247 -0.0048100780350309978 8.5336217015739998e-05
leaf_weight=814.11106991395354 1284.3058508764952 439.14921247959137 523.96568992547691 11130.554115235806 430.20775492861867 652.53413136303425 417.4031116142869 375.63906244002283 467.23361311107874 445.69289665296674 428.45663717389107 514.8427287042141 4092.0822188854218 83460.53455340676
leaf_count=5019 7299 2139 3158 63542 2328 3088 2118 1944 2359 2245 2307 2887 22469 497258
internal_value=-0.000105947 -0.0016279 -0.00225138 -0.00383969 0.00572938 0.00221075 0.00921384 0.000134992 0.00593144 0.00171215 0.0143345 0.0150941 -7.26904e-05 -0.000143992
internal_weight=105477 14407.9 13968.8 11654.5 2314.26 1884.05 1069.94 91068.8 3140.53 2158.46 874.15 982.076 87928.3 87552.6
internal_count=620160 81392 79253 66700 12553 10225 5206 538768 17097 11851 4552 5246 521671 519727
is_linear=0
shrinkage=0.05


Tree=236
num_leaves=15
num_cat=0
split_feature=31 12 73 72 72 68 19 71 69 68 27 73 72 68
split_gain=13.2024 13.816 17.6399 14.4201 21.656 15.2743 14.6329 13.663 15.023 20.6047 13.8376 20.7404 27.5207 20.3565
threshold=17.742451667785648 -0.29472605884075159 0.81096738576889049 0.012486040126532318 0.0054962942376732835 -0.03706304915249347 -0.0018626925302669404 -0.033630508929491036 0.024696086533367637 -0.065314467996358858 0.79315209388732921 0.68606859445571911 0.0062463323120027789 -0.026530045084655281
decision_type=2 10 2 10 8 10 10 2 10 10 2 2 10 10
left_child=1 2 3 4 -1 -5 -6 8 9 -3 11 13 -13 -9
right_child=-2 7 -4 5 6 -7 -8 10 -10 -11 -12 12 -14 -15
leaf_value=0.0060898908513672863 0.00043645583544876278 -0.00091848978468480431 0.011155600712065368 0.00010482840552978183 0.00077909028813950257 0.010181952275606814 -0.0069832424603611153 -0.0077544404808507486 0.0034840817325291554 -0.013322537064960028 -1.9373410562207511e-05 -0.011338916138524687 -0.001862621066848656 -0.00012167231509625577
leaf_weight=778.82238581031561 67397.457545872778 600.86254681460559 438.32917269691825 806.98627892509103 1114.4445697590709 694.49194142967463 1318.9765647370368 969.60512151941657 365.62002850323915 750.58434174023569 18980.278569912538 1263.3541638161987 1935.8697608541697 8070.3406200055033
leaf_count=4981 398186 3367 2597 4286 6135 3785 7527 5359 1970 4355 110942 8750 11621 46515
internal_value=1.59656e-05 -0.000728008 0.00167752 0.000774404 -0.00111744 0.00480242 -0.00343965 -0.00110468 -0.00543424 -0.00785487 -0.000864896 -0.00217503 -0.00562842 -0.00094801
internal_weight=105486 38088.6 5152.05 4713.72 3212.24 1501.48 2433.42 32936.5 1717.07 1351.45 31219.4 12239.2 3199.22 9039.95
internal_count=620376 222190 29311 26714 18643 8071 13662 192879 9692 7722 183187 72245 20371 51874
is_linear=0
shrinkage=0.05


Tree=237
num_leaves=15
num_cat=0
split_feature=54 53 71 70 73 58 71 71 70 73 74 70 58 71
split_gain=17.6855 32.7732 25.9918 66.2374 60.313 57.3731 39.4575 36.7364 43.5217 86.5496 74.369 115.867 30.9455 24.9714
threshold=0.33054701983928686 -0.10752455890178679 -0.014079896267503498 0.00041195329686161136 0.15441858023405078 0.00900824833661318 -0.011940715368837116 -0.016997806727886196 -0.0043338672257959834 0.28450997173786169 -0.0077663431875407687 -0.0094763874076306803 -0.0014585495227947829 -0.0083502870984375459
decision_type=8 10 2 2 2 2 2 2 2 2 2 2 2 2
left_child=1 2 3 5 -4 7 12 8 10 -10 11 -1 -6 -2
right_child=13 -3 4 -5 6 -7 -8 -9 9 -11 -12 -13 -14 -15
leaf_value=-0.0025312219452454671 0.0024729164571055113 -0.0033835480944215211 0.01467641235466885 -0.0092557252490466993 0.0012669851486301837 0.014264898188838271 -4.9485861083643968e-05 -0.013195929704754143 -0.006438589366397073 0.024587781094773845 -0.0166572599768092 0.025963584680242253 0.021314307749520978 4.6035651944259415e-06
leaf_weight=2783.5359032638371 13095.103445248678 9447.529662469402 738.4557619895786 2526.8591264262795 382.18045580014586 652.12967918813229 25793.103190589696 572.02392237260938 417.88044974952936 468.14510196447372 712.28538264706731 399.00459772348404 380.61897193826735 46978.033828141168
leaf_count=16025 70623 66247 3615 13767 2019 3377 147275 3115 2223 2319 3833 1978 1992 281068
internal_value=-1.93875e-05 -0.000765545 -7.44146e-05 -0.00248156 0.000678661 0.000379604 0.00028404 -0.00133546 0.000108217 0.0100461 -0.00217247 0.00111139 0.0114165 0.000542983
internal_weight=105347 45273.8 35826.2 8531.86 27294.4 6005.01 26555.9 5352.88 4780.85 886.026 3894.83 3182.54 762.799 60073.1
internal_count=619476 267785 201538 46637 154901 32870 151286 29493 26378 4542 21836 18003 4011 351691
is_linear=0
shrinkage=0.05


Tree=238
num_leaves=15
num_cat=0
split_feature=69 69 71 58 69 84 71 71 65 72 71 69 71 69
split_gain=13.6537 37.884 87.1955 60.9715 37.5142 66.9871 72.086 42.6535 34.1342 41.1238 30.9189 62.0205 57.007 95.8787
threshold=0.1011449657380581 0.093763429671525969 0.011125609744340183 0.0026271961396560077 0.095767229795455946 1.0000000180025095e-35 0.0022526476532220845 0.00021099071454955268 -0.034783743321895592 0.012761422898620369 0.018793903291225437 -0.099995519965887056 0.022283208556473259 -0.0093253590166568739
decision_type=10 10 2 2 10 2 2 2 8 10 2 8 2 10
left_child=1 10 4 -4 7 -6 -7 -3 -2 -10 -1 -12 13 -13
right_child=8 2 3 -5 5 6 -8 -9 9 -11 11 12 -14 -15
leaf_value=0.0005374462443699105 -0.0036754022709982815 -0.0026961744110936261 0.019389069755587685 0.002046419249198721 -0.019451378549967924 0.0068559226248367904 -0.013564214527278951 0.020396216395020553 -0.00014250276845645724 0.012926669393460551 -0.017272961383644699 0.0090350744705261481 0.00039634200548839082 -0.012686427022377714
leaf_weight=64837.00940458104 7852.7171609997749 397.90594857186079 1241.3091113008559 856.14652086421847 519.26244754530489 1388.0790800377727 615.58768568187952 387.84258538857102 12911.301342435181 621.34155622683465 629.91346788592637 655.25888289511204 10297.725059188902 2161.5236777588725
leaf_count=379204 46953 2128 6754 4798 3140 7414 3865 2178 80259 3606 3649 3480 59136 13146
internal_value=7.23122e-05 0.000359526 0.00440417 0.0123534 -0.00065709 -0.00363033 0.000546027 0.00881522 -0.00105531 0.000466661 8.07436e-05 -0.0020725 -0.00132979 -0.00761934
internal_weight=105373 83987.6 5406.13 2097.46 3308.68 2522.93 2003.67 785.749 21385.4 13532.6 78581.4 13744.4 13114.5 2816.78
internal_count=619710 488892 30277 11552 18725 14419 11279 4306 130818 83865 458615 79411 75762 16626
is_linear=0
shrinkage=0.05


Tree=239
num_leaves=15
num_cat=0
split_feature=19 68 69 68 68 68 71 69 13 59 69 73 21 71
split_gain=23.317 26.6302 60.3624 43.3002 32.6548 27.1751 39.3062 23.0117 29.5096 22.443 22.414 21.3378 28.5099 21.0278
threshold=-0.0071990161668509236 -0.01317297527566552 0.028777753002941612 -0.0090198032557964308 -0.0052210653666406861 0.016732051968574527 -0.017622965388000008 0.096084207296371474 0.013664519879966976 2.5000000000000004 0.013193483930081131 0.37930208444595342 8.6059565544128436 0.041986452415585525
decision_type=10 8 8 8 8 10 2 8 8 10 8 2 10 2
left_child=1 2 10 -3 -5 7 -7 11 -9 -8 -1 -6 -13 -2
right_child=13 3 -4 4 5 6 9 8 -10 -11 -12 12 -14 -15
leaf_value=-0.00041270639706483808 0.00029338996290358008 -0.018162884464756873 0.010855852729977924 0.0086233456989866595 -0.019169600843955508 0.013136393575870577 -0.00073078330740668055 0.0029423852839944105 -0.012963275895790358 -0.0078575760474237557 -0.011507850526364889 -0.014758102638867661 -0.003004711163440896 -0.0039046888191796541
leaf_weight=3979.0501845143735 84269.978984367102 451.67233780771494 1210.620802205056 610.67382987588644 432.46166907995939 434.02470147609711 5260.6298913601786 1084.6023641303182 387.63040997460485 1389.1576756238937 504.11548382788897 782.58195190131664 1498.3539181556553 3082.3083318844438
leaf_count=21637 502637 2432 6069 3135 2335 2195 29937 5545 2244 7866 2976 4374 8197 18335
internal_value=-0.000193097 -0.00182985 0.000997269 -0.00313493 -0.00254878 -0.00316129 -0.00127051 -0.00635062 -0.00130469 -0.00222915 -0.00168315 -0.00907359 -0.00708408 0.000144827
internal_weight=105378 18025.6 5693.79 12331.8 11880.1 11269.4 7083.81 4185.63 1472.23 6649.79 4483.17 2713.4 2280.94 87352.3
internal_count=619914 98942 30682 68260 65828 62693 39998 22695 7789 37803 24613 14906 12571 520972
is_linear=0
shrinkage=0.05


Tree=240
num_leaves=15
num_cat=0
split_feature=27 74 70 21 27 78 70 58 70 74 54 59 21 17
split_gain=12.249 17.5603 28.5341 12.419 13.3185 29.0054 14.5035 11.9639 23.3436 33.4169 27.2772 15.7395 15.0626 23.601
threshold=1.9260067343711855 -0.011536268051713703 -0.0056036449968814841 5.8276042938232431 0.41768935322761541 0.049157435074448592 -0.00090151707991026331 -0.015471314080059527 -0.0061899872962385407 -0.0014977295650169251 0.40714901685714727 7.5000000000000009 49.580533981323249 9.0855965614318865
decision_type=2 2 2 10 2 8 2 2 2 2 8 10 10 10
left_child=3 -2 -3 -1 5 6 -5 8 12 10 -10 -9 13 -6
right_child=1 2 -4 4 7 -7 -8 11 9 -11 -12 -13 -14 -15
leaf_value=-0.0020802370356387467 0.0050687309385852811 -0.012552588806253099 -0.0017408557203983808 0.00010698807915203821 0.0073769273748738751 0.007069852063222852 -0.0079848756147935501 0.00056646539469400712 -0.02064782353239308 -0.00062156744125675309 -0.0049992489859533498 -0.0083067960115004169 0.00731215207837611 -0.0052288209506654859
leaf_weight=6010.7422829885036 669.68107527680695 726.07139459438622 3598.1084034722298 826.98944277502596 547.44679663330317 574.47887567430735 1664.4058467615396 85381.928248841316 470.04709327220917 1801.5302701331675 684.37244337052107 492.73911194503307 794.50529546290636 1102.5674161985517
leaf_count=34072 3782 4116 21081 4821 3066 3254 10386 505270 2654 9872 3727 2877 4429 6158
internal_value=1.09358e-06 -0.00241327 -0.00358102 0.000121469 0.000261952 -0.00297418 -0.00530919 0.000370966 -0.00190959 -0.00489194 -0.0114935 0.00051459 0.00170196 -0.0010272
internal_weight=105346 4993.86 4324.18 100352 94341 3065.87 2491.4 91275.1 5400.47 2955.95 1154.42 85874.7 2444.52 1650.01
internal_count=619565 28979 25197 590586 556514 18461 15207 538053 29906 16253 6381 508147 13653 9224
is_linear=0
shrinkage=0.05


Tree=241
num_leaves=15
num_cat=0
split_feature=70 68 68 71 69 71 74 74 73 70 69 71 71 70
split_gain=14.5832 46.9243 51.1496 46.6143 43.4812 46.2238 38.3022 44.4348 64.9426 62.7381 103.321 80.0472 74.5631 95.2418
threshold=-0.0084869600832462293 -0.065314467996358858 -0.055920964106917374 -0.03858648054301738 0.12770455330610278 -0.03858648054301738 -0.0075559215620160094 -0.0080080926418304426 0.5629803240299226 -0.0043338672257959834 0.12770455330610278 -0.02081507537513971 -0.0019150351872667668 -0.0071474877186119548
decision_type=2 8 8 2 10 2 2 2 2 2 10 2 2 2
left_child=1 3 -3 -1 5 -4 7 9 -9 11 -11 -2 -13 -14
right_child=6 2 4 -5 -6 -7 -8 8 -10 10 -12 12 13 -15
leaf_value=-0.00068521733580503852 0.021524687657991991 -0.018091091027351007 0.007147662797207451 0.014724766994019818 0.012984799911144257 -0.0037443460421156365 -0.00022048321588364597 -0.00034412280051897043 0.025000574858364311 -0.012143667819653746 0.017723369023813988 -0.005097281893168935 0.027121305295444445 0.0022292379288839431
leaf_weight=1248.9742107000202 631.86879991367459 513.58221549540758 1065.9363477583975 797.47075910866261 448.50718434900045 10348.148513665423 83901.131195550784 469.39759388193488 536.95421730726957 1388.5557914245874 355.80713842436671 1740.9053929392248 523.71149477176368 1379.9036787506193
leaf_count=7318 3142 3135 5980 3879 2162 59097 499201 2610 2864 8433 1918 9452 2565 7935
internal_value=-0.000157677 -0.00163418 -0.00279446 0.00536224 -0.00211752 -0.0027218 7.66728e-05 0.00361988 0.0132919 0.00198388 -0.00598523 0.0052409 0.00236653 0.00918334
internal_weight=105351 14422.6 12376.2 2046.44 11862.6 11414.1 90928.2 7027.1 1006.35 6020.75 1744.36 4276.39 3644.52 1903.62
internal_count=619691 81571 70374 11197 67239 65077 538120 38919 5474 33445 10351 23094 19952 10500
is_linear=0
shrinkage=0.05


Tree=242
num_leaves=15
num_cat=0
split_feature=69 70 72 69 73 72 70 69 69 70 69 69 73 73
split_gain=11.732 42.9884 46.1453 35.527 41.4429 35.4245 39.0099 66.7979 56.8284 68.7979 39.5597 49.0591 33.4508 44.0222
threshold=0.10951106622815134 0.010606001596897842 0.010591719299554827 0.10838148742914201 0.62619060277938854 0.012761422898620369 0.0036036566598340873 0.1354017108678818 0.15165715664625171 0.0045341765508055696 0.11933565512299539 0.11499396711587907 0.56853005290031444 0.6626756787300111
decision_type=10 2 10 10 2 10 2 10 10 2 10 10 2 2
left_child=3 5 -3 -1 -5 6 7 -2 9 -8 11 -11 -12 -14
right_child=1 2 -4 4 -6 -7 8 -9 -10 10 12 -13 13 -15
leaf_value=0.00020236633082293867 -0.0050196100955121892 -0.015225472835918352 0.0031814704971676782 0.021692124419472023 -0.0017488005898707926 0.013255995706087037 0.024366621941842612 0.0038534116805622183 -0.011359335983944473 0.0079204539167870881 -0.0050198955809620796 -0.013088070915836645 0.020236142111813196 0.003192442786544489
leaf_weight=88288.770586051047 7234.8876771125942 1016.8716279566288 504.89440421387553 405.42201458662748 342.72848541475832 454.28783285990357 424.07221665978432 2990.6485729627311 555.47971427999437 467.65199155732989 420.84648367576301 656.89192220754921 675.65141879953444 856.89132096804678
leaf_count=515360 46075 6411 3000 2348 2174 2433 2665 16555 3440 2996 2443 4286 3946 5146
internal_value=6.9374e-05 -0.00116526 -0.00913748 0.000294937 0.0110724 -0.000336417 -0.000777712 -0.0024233 0.00336521 0.00572647 0.00308767 -0.00435867 0.00737482 0.010789
internal_weight=105296 16259.1 1521.77 89036.9 748.151 14737.3 14283 10225.5 4057.49 3502.01 3077.93 1124.54 1953.39 1532.54
internal_count=619278 99396 9411 519882 4522 89985 87552 62630 24922 21482 18817 7282 11535 9092
is_linear=0
shrinkage=0.05


Tree=243
num_leaves=15
num_cat=0
split_feature=69 69 71 69 69 74 71 69 71 69 71 71 54 74
split_gain=12.8485 58.6156 79.6731 67.406 71.3051 85.1965 61.2204 56.4215 69.7572 63.456 55.919 80.4012 59.3846 50.102
threshold=0.06351936981081964 0.07277256622910501 0.03935640491545201 0.076704110950231566 0.0782352350652218 0.00078868729178793739 -0.017622965388000008 0.053651142865419395 0.01762101519852877 0.061054084450006492 -0.0024792306357994671 0.0011586637701839211 0.3499657958745957 0.0010728423949331047
decision_type=10 10 2 10 10 2 2 10 2 10 2 2 10 2
left_child=7 -2 3 13 5 -5 -6 -1 -9 -10 -8 12 -12 -3
right_child=1 2 -4 4 6 -7 10 8 9 -11 11 -13 -14 -15
leaf_value=5.3574729417737391e-05 0.0044070974674900402 -0.016978059988703963 0.012535944340521977 0.025151674056107257 0.0080959139987582841 -0.00093897977062916405 -0.0053022511738468701 -0.006117936413124133 -0.0029527872980236857 0.02441307827802873 -0.0016556534310201575 -0.0010398108922031889 0.012612966157638725 -0.0022553517381831696
leaf_weight=49361.054249899462 8106.8169936072081 1040.0989304762334 1171.7827330864966 592.60467787645757 1933.1431600991637 649.36912906169891 6227.3662989288568 7068.2718326598406 482.01977628283203 365.29265342280269 1139.546704236418 23917.68834352307 2004.6984648574144 1292.9256435614079
leaf_count=280595 48881 6156 6648 3196 10176 3810 36861 44690 2910 2106 7044 147397 11438 7809
internal_value=-6.93449e-05 0.00053329 -0.000253327 -0.000642727 -0.000114474 0.0116116 -0.000531123 -0.00057518 -0.00449118 0.00899231 -0.00103438 -5.06871e-05 0.00745284 -0.00886341
internal_weight=105353 48076 39969.2 38797.4 36464.4 1241.97 35222.4 57276.6 7915.58 847.312 33289.3 27061.9 3144.25 2333.02
internal_count=619717 289416 240535 233887 219922 7006 212916 330301 49706 5016 202740 165879 18482 13965
is_linear=0
shrinkage=0.05


Tree=244
num_leaves=15
num_cat=0
split_feature=69 71 70 17 74 74 66 64 72 72 69 72 72 74
split_gain=16.7105 34.1079 56.6896 44.8345 43.8043 52.3749 47.1352 41.3146 32.1529 40.1414 30.9833 30.8455 51.5264 44.1581
threshold=0.1011449657380581 0.017997297458350662 0.01074507972225547 71.03012847900392 -0.0099405101500451547 -0.0092260362580418569 -0.022346350364387032 0.024712256155908111 0.0071132583543658265 0.0086608766578137892 0.12276769429445268 0.0067321574315428742 0.0065356527920812377 0.010767671745270492
decision_type=10 2 2 10 2 2 10 2 10 10 10 10 10 2
left_child=-1 4 3 8 6 -6 -2 11 -3 -10 -11 12 13 -7
right_child=1 2 -4 -5 5 7 -8 -9 9 10 -12 -13 -14 -15
leaf_value=0.00012619333974330803 -0.0044581039565579437 0.015032943585821308 -0.010247761604345729 -0.0015053753328957374 -0.020972356466945268 -0.0069841801945200099 0.013888261504497543 0.0016697847683854656 -0.0092651473975327216 0.019449116417481579 0.0014248752145499951 -0.0017984417822171984 -0.023296966396502305 0.011368167216766532
leaf_weight=83990.075547523797 617.87110031396151 1105.1174531523138 778.1908049043268 1879.298238819465 401.15821056440473 4446.8198391832411 786.4960648752749 3716.9010311737657 415.51076091267169 407.80420907773077 559.36266175098717 5418.740116680041 444.1876566093415 344.88600315526128
leaf_count=489068 3384 6441 5010 11396 2304 29682 4246 22470 2486 2271 3226 32883 2846 2045
internal_value=-0.000191195 -0.00144088 0.00210211 0.00432117 -0.00256837 -0.00337132 0.00584207 -0.00286577 0.00871099 0.00358645 0.00914603 -0.00444809 -0.00718162 -0.00564233
internal_weight=105312 21322.3 5145.28 4367.09 16177.1 14772.7 1404.37 14371.5 2487.8 1382.68 967.167 10654.6 5235.89 4791.71
internal_count=619758 130690 30830 25820 99860 92230 7630 89926 14424 7983 5497 67456 34573 31727
is_linear=0
shrinkage=0.05


Tree=245
num_leaves=15
num_cat=0
split_feature=73 73 75 73 71 59 3 62 71 23 27 57 69 68
split_gain=14.3126 38.72 32.0949 23.9097 21.218 12.143 13.6272 14.7014 28.1545 17.4684 14.3388 18.5063 14.945 13.4187
threshold=0.85966211557388317 0.85278713703155529 1.7583953738212588 0.89463898539543163 0.017012067139148716 6.5000000000000009 0.62500000000000011 1.0000000180025095e-35 -0.0026847341796383257 0.0014332743594422939 0.49984860420227056 0.027542877011001114 0.049500988796353347 0.044730186462402351
decision_type=2 2 8 2 2 10 2 2 2 2 2 10 10 10
left_child=1 5 3 4 -2 6 7 10 9 -9 11 -1 -13 -12
right_child=2 -3 -4 -5 -6 -7 -8 8 -10 -11 13 12 -14 -15
leaf_value=-0.0047132049764616653 -0.00019146240979805624 0.015647561898878483 -0.015528736095180238 0.0060327511796532708 -0.01566446290136227 -0.0045941075061782348 0.0054652173532603364 -0.0037174266986093156 0.0029247344906565649 -0.019321540791142261 0.00011152964912439418 0.0049157681411161683 -0.0023094344410251829 0.0020330930542554466
leaf_weight=3301.600136756897 593.5518307890743 391.8936263192445 459.23705367743969 727.98479050770402 343.76750965975225 1350.8942806348205 1186.3931956142187 357.977693811059 590.91521470248699 361.71359550952911 82613.936633156613 1230.2713171690702 1682.7994997929782 10198.110629817471
leaf_count=20888 3892 2257 3245 4376 2328 7767 6500 2027 3231 1996 483958 6573 9628 61358
internal_value=7.43748e-05 0.000158128 -0.00397824 -0.000719306 -0.00597173 9.76069e-05 0.000160482 9.72202e-05 -0.00514346 -0.0117173 0.000167092 -0.00215606 0.000748349 0.000322866
internal_weight=105391 103267 2124.54 1665.3 937.319 102875 101524 100337 1310.61 719.691 99026.7 6214.67 2913.07 92812
internal_count=620024 606183 13841 10596 6220 603926 596159 589659 7254 4023 582405 37089 16201 545316
is_linear=0
shrinkage=0.05


Tree=246
num_leaves=15
num_cat=0
split_feature=71 19 71 74 17 72 72 72 73 72 71 71 72 74
split_gain=16.7577 41.4307 31.2366 55.858 27.3702 26.9614 88.4008 69.0156 55.7786 48.0281 122.054 63.9614 52.4253 49.8743
threshold=0.041986452415585525 0.00090140441898256551 0.03935640491545201 0.0059964945539832124 54.560214996337898 0.018433386459946636 0.018741914071142677 0.019033129326999191 0.4023988544940949 0.016601774841547016 0.015701592899858955 0.03201615437865258 0.015914977528154853 0.0037459005834534769
decision_type=2 10 2 2 10 10 10 10 2 8 2 2 10 2
left_child=2 4 5 -4 -2 9 -7 -8 -9 12 13 -12 -1 -11
right_child=1 -3 3 -5 -6 6 7 8 -10 10 11 -13 -14 -15
leaf_value=-0.00025604016289496143 0.013459918762785543 -0.0075616152269938402 -0.0045698539021623843 0.021545353311973249 -0.0019503694389823474 0.022380095735362704 -0.017543527696834114 0.00021371198390365563 0.015085074972376662 -0.0058650619736920458 -0.031367308928302778 -0.0037153337084835565 0.010947695182745822 0.010140629745680514
leaf_weight=92128.349849309772 451.71986394189298 2270.1267594918609 371.50210030376911 438.30433651059866 760.82068866677582 538.99162635207176 436.54986130446196 3140.0427794605494 779.04845093563199 1268.8051928002387 588.83120568282902 325.90807302668691 1046.1011047549546 775.77196857891977
leaf_count=546025 2610 13498 2104 2289 4468 2795 2348 17035 3947 7205 3791 1887 5544 4206
internal_value=-0.000182085 -0.00358755 -6.52842e-05 0.00965529 0.00385372 -0.000144149 0.00347192 0.00108621 0.00320075 -0.000328602 -0.00658865 -0.021662 -0.000129091 0.00022776
internal_weight=105321 3482.67 101838 809.806 1212.54 101028 4894.63 4355.64 3919.09 96133.8 2959.32 914.739 93174.5 2044.58
internal_count=619752 20576 599176 4393 7078 594783 26125 23330 20982 568658 17089 5678 551569 11411
is_linear=0
shrinkage=0.05


Tree=247
num_leaves=15
num_cat=0
split_feature=79 73 73 73 73 69 73 70 73 69 70 70 69 69
split_gain=14.1199 12.9745 11.9972 97.0881 130.716 104.025 67.9957 96.4011 60.8022 56.0839 55.1999 86.5759 73.0726 155.107
threshold=-0.081972751766443239 0.4023988544940949 0.46463620662689215 0.42794576287269598 0.4204839318990708 0.027397851459681991 0.50397408008575451 -0.015465791337192057 0.44920520484447485 0.066010147333145155 0.002698272000998259 -0.0031817442504689093 0.04022012650966645 0.051753666251897819
decision_type=8 2 2 2 2 8 2 2 2 10 2 2 10 10
left_child=1 -1 3 4 10 8 7 -4 -5 -6 11 -2 -12 -14
right_child=2 -3 6 5 9 -7 -8 -9 -10 -11 12 -13 13 -15
leaf_value=-0.011656067794337676 0.0010323646175664635 -0.0016884512640846659 0.018515698605436316 0.028835347860424063 -0.033073716206804715 0.0033885306435796564 0.00040771847117500792 -0.0067367862904641231 0.0063679253888826882 -0.0076422827201659037 0.0012778379595367892 -0.006931927028259656 0.038948132697826938 0.004639683330263461
leaf_weight=339.38313899189234 11927.390712922439 5098.670428533107 394.80260624364018 733.97650017589331 385.8008617721498 4446.3254418764263 61308.985513202846 5777.1064358726144 517.72168790921569 497.16986340098083 7140.7019475661218 4768.5350841209292 414.59891588054597 1485.6189785692841
leaf_count=2042 65354 32395 2127 4002 2191 25221 372503 33396 2692 2776 38250 26391 1940 8170
internal_value=0.000147955 -0.00233077 0.000283242 0.00107525 -0.000193516 0.00699256 -9.61672e-05 -0.00509411 0.0196666 -0.0190001 0.000458823 -0.00124511 0.00360339 0.01229
internal_weight=105237 5438.05 99798.7 32317.8 26619.8 5698.02 67480.9 6171.91 1251.7 882.971 25736.8 16695.9 9040.92 1900.22
internal_count=619450 34437 585013 176987 145072 31915 408026 35523 6694 4967 140105 91745 48360 10110
is_linear=0
shrinkage=0.05


Tree=248
num_leaves=15
num_cat=0
split_feature=17 58 74 74 73 73 71 73 73 68 71 69 71 74
split_gain=17.7629 21.3357 12.7225 44.5315 82.1135 49.348 75.4964 66.9788 49.3492 58.7818 58.5034 61.6176 56.6974 71.2066
threshold=94.622138977050795 -0.0060302151832729569 0.0069592213258147248 0.0029647742630913858 0.3586434274911881 0.52510660886764537 -0.0091286255046725256 0.46996656060218817 0.65972560644149791 0.036166118457913406 0.027253056876361374 0.085317432880401625 0.0044199428521096715 0.0051510839257389316
decision_type=8 2 2 2 2 2 2 2 2 10 2 8 2 2
left_child=2 -2 3 -1 -5 6 -6 -8 9 10 11 -7 13 -10
right_child=1 -3 -4 4 5 8 7 -9 12 -11 -12 -13 -14 -15
leaf_value=0.0004088397129886361 0.0058978023039956201 -0.0029536110990756367 0.0012150318694783479 0.0097357383422309908 -0.026139607643451107 0.0021201350519690042 0.0022179012341863994 -0.015231676559763086 -0.0041245423674279155 0.01435832865344241 0.017734658126624194 -0.012901461012972758 -0.0084288458547349277 0.020709836259725171
leaf_weight=61521.70973377116 734.79812987148762 7998.0548136215657 21739.841704301536 1184.2385600097477 557.789530467242 1863.6666149832308 1215.488607313484 991.03786339983344 945.29504003934562 756.69395244307816 359.76619301736355 1065.2183333970606 3975.7985511105508 403.99215468764305
leaf_count=361068 4193 49987 123323 6007 3207 11107 7054 6188 6133 4245 2003 6775 26312 2265
internal_value=-4.4782e-05 -0.00220294 0.000150568 -0.000158761 -0.0027789 -0.00400723 -0.00986595 -0.00565275 -0.0022702 0.00189051 -0.00101308 -0.00336844 -0.00542862 0.00340881
internal_weight=105313 8732.85 96580.5 74840.7 13319 12134.7 2764.32 2206.53 9370.43 4045.35 3288.65 2928.88 5325.09 1349.29
internal_count=619867 54180 565687 442364 81296 75289 16449 13242 58840 24130 19885 17882 34710 8398
is_linear=0
shrinkage=0.05


Tree=249
num_leaves=15
num_cat=0
split_feature=71 70 71 68 70 74 68 74 69 69 74 69 70 68
split_gain=12.1153 67.874 93.8572 119.703 112.896 89.0149 83.845 68.8838 68.6363 94.1247 62.2847 53.7622 67.8138 51.8451
threshold=-0.013234633486717938 0.005321669392287732 -0.016997806727886196 0.0022250108886510138 -0.014178188517689703 0.0091229546815156954 0.017033565789461139 -0.0013157994253560899 -0.044045876711606972 0.013193483930081131 0.0047167285811156043 -0.060190718621015542 -0.0024374516215175386 -0.065314467996358858
decision_type=2 2 2 10 2 2 10 2 8 10 2 8 2 8
left_child=1 2 6 4 -4 -3 10 -5 -7 -10 11 12 -1 -13
right_child=-2 5 3 7 -6 8 -8 -9 9 -11 -12 13 -14 -15
leaf_value=-0.0030786046301766743 0.00019346005005143363 -0.021825462224184612 0.0031307204279409462 -0.006246135063721076 -0.027572477557010242 -0.016188529308599663 0.014115742523796626 0.015834906548110688 0.016000570713280711 -0.0062659135277646737 0.017530404713931674 0.016895722742073998 -0.026066275008657908 0.00083360230161428543
leaf_weight=2362.537617104128 85355.662907904014 813.40776282176375 425.8307971470058 947.22198207117617 983.54010757990181 727.81548206880689 1273.1570036094636 549.91492700017989 722.33239900693297 1339.0617904458195 514.55574032664299 524.45920106396079 361.96703716181219 8397.9345307685435
leaf_count=13307 510475 4640 2390 5489 5680 4206 6541 2922 3595 7567 2411 2813 2118 45589
internal_value=-6.58168e-05 -0.00117502 0.000195999 -0.00793505 -0.018339 -0.00737714 0.0019597 0.00191573 -0.0031007 0.00157606 0.00067656 -8.24364e-05 -0.00621681 0.00179559
internal_weight=105299 19943.7 16341.1 2906.51 1409.37 3602.62 13434.6 1497.14 2789.21 2061.39 12161.5 11646.9 2724.5 8922.39
internal_count=619743 109268 89260 16481 8070 20008 72779 8411 15368 11162 66238 63827 15425 48402
is_linear=0
shrinkage=0.05


end of trees

feature_importances:
spy_c_sma200=580
spy_rv20=395
spy_ret5=379
spy_c_sma50=367
breadth50=346
univ_ret1=344
spy_ret1=304
atr_pct=123
entry_weekday=72
dist_lo252=40
range20=34
gap_last=33
relvol=32
dist_hi252=32
atr_ratio=31
adx14=29
rv20=27
dist_hi60=26
hit3_60=24
sma20_slope=24
sma50_200=24
log_dollar_vol=20
roc60=19
resist_room=19
gap_up_count20=18
rsi2=14
rsi14=12
macd_hist=11
bb_squeeze=10
c_sma10=8
c_sma200=8
stoch_k=8
hit3_20=6
bb_pctb=6
bb_width=6
dist_lo60=6
rs_today=6
fib_ext_room=6
gap_dn_filled=5
di_diff=4
roc20=4
relvol5=4
rs60=4
fib_retr=4
obv_slope=3
gap_dn_count20=3
close_loc=3
rs5=3
fib_room_up=3
c_sma20=2
roc5=2
rs20=2
stoch_d=1
roc1=1
dist_hi20=1
dist_lo20=1
fib_near=1

parameters:
[boosting: gbdt]
[objective: binary]
[metric: binary_logloss]
[tree_learner: serial]
[device_type: cpu]
[data_sample_strategy: bagging]
[data: ]
[valid: ]
[num_iterations: 250]
[learning_rate: 0.05]
[num_leaves: 15]
[num_threads: 4]
[seed: 7]
[deterministic: 0]
[force_col_wise: 0]
[force_row_wise: 0]
[histogram_pool_size: -1]
[max_depth: -1]
[min_data_in_leaf: 2000]
[min_sum_hessian_in_leaf: 0.001]
[bagging_fraction: 0.7]
[pos_bagging_fraction: 1]
[neg_bagging_fraction: 1]
[bagging_freq: 1]
[bagging_seed: 17422]
[bagging_by_query: 0]
[feature_fraction: 0.6]
[feature_fraction_bynode: 1]
[feature_fraction_seed: 7040]
[extra_trees: 0]
[extra_seed: 6516]
[early_stopping_round: 0]
[early_stopping_min_delta: 0]
[first_metric_only: 0]
[max_delta_step: 0]
[lambda_l1: 0]
[lambda_l2: 10]
[linear_lambda: 0]
[min_gain_to_split: 0]
[drop_rate: 0.1]
[max_drop: 50]
[skip_drop: 0.5]
[xgboost_dart_mode: 0]
[uniform_drop: 0]
[drop_seed: 15215]
[top_rate: 0.2]
[other_rate: 0.1]
[min_data_per_group: 100]
[max_cat_threshold: 32]
[cat_l2: 10]
[cat_smooth: 10]
[max_cat_to_onehot: 4]
[top_k: 20]
[monotone_constraints: ]
[monotone_constraints_method: basic]
[monotone_penalty: 0]
[feature_contri: ]
[forcedsplits_filename: ]
[refit_decay_rate: 0.9]
[cegb_tradeoff: 1]
[cegb_penalty_split: 0]
[cegb_penalty_feature_lazy: ]
[cegb_penalty_feature_coupled: ]
[path_smooth: 0]
[interaction_constraints: ]
[verbosity: -1]
[saved_feature_importance_type: 0]
[use_quantized_grad: 0]
[num_grad_quant_bins: 4]
[quant_train_renew_leaf: 0]
[stochastic_rounding: 1]
[linear_tree: 0]
[max_bin: 255]
[max_bin_by_feature: ]
[min_data_in_bin: 3]
[bin_construct_sample_cnt: 200000]
[data_random_seed: 61]
[is_enable_sparse: 1]
[enable_bundle: 1]
[use_missing: 1]
[zero_as_missing: 0]
[feature_pre_filter: 1]
[pre_partition: 0]
[two_round: 0]
[header: 0]
[label_column: ]
[weight_column: ]
[group_column: ]
[ignore_column: ]
[categorical_feature: ]
[forcedbins_filename: ]
[precise_float_parser: 0]
[parser_config_file: ]
[objective_seed: 15521]
[num_class: 1]
[is_unbalance: 0]
[scale_pos_weight: 1]
[sigmoid: 1]
[boost_from_average: 1]
[reg_sqrt: 0]
[alpha: 0.9]
[fair_c: 1]
[poisson_max_delta_step: 0.7]
[tweedie_variance_power: 1.5]
[lambdarank_truncation_level: 30]
[lambdarank_norm: 1]
[label_gain: ]
[lambdarank_position_bias_regularization: 0]
[eval_at: ]
[multi_error_top_k: 1]
[auc_mu_weights: ]
[num_machines: 1]
[local_listen_port: 12400]
[time_out: 120]
[machine_list_filename: ]
[machines: ]
[gpu_platform_id: -1]
[gpu_device_id: -1]
[gpu_device_id_list: ]
[gpu_use_dp: 0]
[num_gpu: 1]

end of parameters

pandas_categorical:null
