tree
version=v4
num_class=1
num_tree_per_iteration=1
label_index=0
max_feature_idx=84
objective=binary sigmoid:1
feature_names=atr_pct rv20 range20 hit3_20 hit3_60 atr_ratio bb_pctb bb_width bb_squeeze c_sma10 c_sma20 c_sma50 c_sma200 sma20_slope sma50_200 adx14 di_diff rsi2 rsi14 macd_hist macd_cross_up stoch_k stoch_d roc1 roc5 roc20 roc60 relvol relvol5 obv_slope updown_vol log_dollar_vol cdl_doji cdl_hammer cdl_inv_hammer cdl_shooting_star cdl_hanging_man cdl_bull_engulf cdl_bear_engulf cdl_piercing cdl_dark_cloud cdl_morning_star cdl_evening_star cdl_three_white cdl_three_black cdl_bull_harami cdl_bear_harami cdl_bull_marubozu cdl_bear_marubozu dist_hi20 dist_lo20 dist_hi60 dist_lo60 dist_hi252 dist_lo252 breakout20 support_test resist_room gap_last gap_up_count20 gap_dn_count20 gap_up_held gap_dn_filled close_loc rs5 rs20 rs60 rs_today spy_c_sma50 spy_c_sma200 spy_ret1 spy_ret5 spy_rv20 breadth50 univ_ret1 fib_retr fib_near fib_golden fib_room_up fib_ext_room ew_w3 ew_w4 ew_w5 ew_abc entry_weekday
feature_infos=[0.00084742775652557611:2.4562599658966064] [0.00029228333733044565:1.3647491931915283] [0.00023471232270821929:0.66007202863693237] [0:1] [0:0.86666667461395264] [0.04751284047961235:2.7999999523162842] [-0.56213229894638062:1.5597584247589111] [0.0014199427096173167:47.003089904785156] [0:1] [-0.82683050632476807:3.3606364727020264] [-0.85076415538787842:4.7464570999145508] [-0.9200894832611084:7.304898738861084] [-0.99844801425933838:30.576053619384766] [-0.50781476497650146:5.0965557098388672] [-0.99808782339096069:2.9697189331054688] [5.3136930465698242:84.801483154296875] [-100:87.014190673828125] [0:100] [0:100] [-0.62161046266555786:1.3406126499176025] [0:1] [0:100] [0:100] [-0.80082643032073975:5.4884505271911621] [-0.84804540872573853:28.884578704833984] [-0.91705334186553955:477.66665649414062] [-0.99234431982040405:477.66665649414062] [0:20] [0:4] [-2:2] [-17.363920211791992:17.972127914428711] [16.811246871948242:24.506065368652344] [0:1] [0:1] [0:1] [0:1] [0:1] [0:1] [0:1] [0:1] [0:1] [0:1] [0:1] [0:1] [0:1] [0:1] [0:1] [0:1] [0:1] [-0.9751209020614624:0] [0:477.66665649414062] [-0.99330127239227295:0] [0:477.66665649414062] [-0.9998742938041687:0] [0:793.855712890625] [0:1] [0:1] [0.0010000000474974513:12.052165985107422] [-0.81983470916748047:4.8580279350280762] [0:15] [0:13] [0:1] [0:1] [0:1] [-0.82677340507507324:28.881172180175781] [-0.96466821432113647:477.68197631835938] [-1.0596973896026611:477.615478515625] [-0.79575997591018677:5.4887018203735352] [-0.27945837378501892:0.13230858743190765] [-0.26594445109367371:0.17232657968997955] [-0.10782753676176071:0.10501933842897415] [-0.15625929832458496:0.17460031807422638] [0.0019243131391704082:0.055708035826683044] [0:0.9513055682182312] [-0.13294798135757446:0.10407586395740509] [-1.6717556715011597:783.4244384765625] [0:9.6393814086914062] [0:1] [-0.99710077047348022:9.6393814086914062] [-0.99675410985946655:16.201692581176758] [0:1] [0:1] [0:0] [0:1] [0:4]
tree_sizes=1759 1806 1815 1807 1813 1814 1828 1825 1838 1818 1815 1812 1823 1820 1835 1826 1820 1825 1830 1829 1831 1826 1825 1830 1816 1816 1820 1832 1832 1821 1823 1821 1822 1816 1825 1833 1829 1829 1842 1825 1812 1831 1826 1827 1812 1833 1834 1823 1821 1843 1842 1841 1833 1818 1829 1832 1846 1813 1836 1824 1836 1843 1827 1836 1827 1836 1823 1843 1836 1819 1825 1839 1827 1827 1823 1832 1808 1814 1845 1823 1849 1827 1819 1830 1838 1825 1829 1807 1835 1827 1828 1833 1828 1828 1845 1823 1838 1836 1832 1837 1821 1841 1827 1832 1845 1830 1834 1821 1821 1833 1834 1837 1818 1834 1831 1818 1833 1819 1830 1824 1853 1839 1829 1830 1848 1826 1817 1823 1833 1823 1837 1833 1821 1851 1831 1830 1825 1815 1838 1837 1827 1829 1844 1831 1826 1839 1833 1847 1831 1824 1838 1832 1840 1834 1852 1842 1825 1825 1828 1821 1806 1844 1818 1827 1826 1822 1822 1832 1823 1813 1834 1819 1850 1824 1824 1826 1839 1821 1833 1830 1842 1814 1835 1814 1830 1835 1844 1821 1839 1826 1831 1855 1833 1839 1818 1830 1817 1828 1813 1851 1838 1827 1835 1836 1830 1833 1820 1837 1831 1820 1817 1835 1821 1819 1823 1844 1836 1829 1834 1835 1825 1832 1826 1824 1833 1839 1822 1825 1833 1822 1845 1844 1836 1837 1833 1830 1835 1812 1837 1820 1860 1824 1825 1820 1820 1824 1819 1802 1838 1837

Tree=0
num_leaves=15
num_cat=0
split_feature=3 57 3 73 73 69 7 18 7 3 70 68 3 78
split_gain=6479.65 1766.04 620.367 497.756 420.895 352.554 286.937 270.123 253.638 189.433 164.953 215.756 172.272 150.732
threshold=0.075000001117587103 0.026817344129085544 1.0000000180025095e-35 0.31214115023612982 0.6410336196422578 0.03979728743433953 0.053600352257490165 61.181373596191413 0.093905735760927214 0.17500000447034839 -0.0059855685103684655 0.041239693760871894 0.17500000447034839 0.00072714651469141256
decision_type=2 10 2 2 2 10 2 2 2 2 2 10 2 8
left_child=1 2 6 5 9 -3 -1 -8 -5 -2 11 -6 -12 -4
right_child=4 3 13 8 10 -7 7 -9 -10 -11 12 -13 -14 -15
leaf_value=-1.5033744809452574 -1.4565085056226572 -1.456734111451907 -1.4873729712518389 -1.4796912827905597 -1.4310536276044445 -1.4036500646107952 -1.4852028080580324 -1.4993491347540293 -1.4666111139903208 -1.4483780847385046 -1.4696462570603015 -1.4659782112425339 -1.458771745841988 -1.4743717173852615
leaf_weight=5755.9517577588558 12615.851348876953 2530.8057315051556 3340.7426580190659 7013.0651282072067 932.83439818024635 348.31090360879898 9669.5061463415623 5224.2072516381741 7841.4062553048134 16787.97715061903 6525.8861656486988 836.25037032365799 8227.4381650686264 6702.3231299221516
leaf_count=37843 82944 16639 21964 46108 6133 2290 63573 34347 51554 110374 42905 5498 54092 44065
internal_value=-1.4689 -1.48166 -1.48892 -1.4691 -1.45545 -1.45011 -1.49387 -1.49018 -1.47279 -1.45186 -1.46184 -1.44745 -1.46358 -1.47871
internal_weight=94352.6 48426.3 30692.7 17733.6 45926.2 2879.12 20649.7 14893.7 14854.5 29403.8 16522.4 1769.08 14753.3 10043.1
internal_count=620329 318383 201792 116591 301946 18929 135763 97920 97662 193318 108628 11631 96997 66029
is_linear=0
shrinkage=1


Tree=1
num_leaves=15
num_cat=0
split_feature=0 0 0 73 0 71 71 71 71 73 73 74 70 68
split_gain=10714 1476.79 893.136 307.111 253.903 228.187 212.422 178.351 166.923 160.217 206.092 256.173 169.01 159.049
threshold=0.022885529324412349 0.017461302690207962 0.028063781559467319 0.6410336196422578 0.014612839557230474 -0.0082825054414570314 0.051627470180392272 -0.0082825054414570314 -0.018380931578576561 0.31214115023612982 0.28004266321659094 -0.0051671923138201228 -0.044312106445431702 -0.074138201773166643
decision_type=2 2 2 2 2 2 2 2 2 2 2 2 2 8
left_child=1 4 7 6 -1 -3 9 -2 -5 10 12 -12 -4 -14
right_child=2 5 3 8 -6 -7 -8 -9 -10 -11 11 -13 13 -15
leaf_value=-0.045238989621211242 0.011277276006468648 -0.0035851776118460809 -0.013580458520420242 0.03602469932843274 -0.030887187941541102 -0.017665325748292365 -0.0057981672145832582 -0.0012703387098452388 0.0085454033942276419 0.016648111847674351 0.020027712125485361 0.063565966804373306 0.034804926017005071 0.017557344692824592
leaf_weight=5492.5075491070747 3662.8653889596462 3604.3095720857382 325.87576203048229 564.72643813490868 7348.8282743394375 14376.941021412611 899.75949312746525 12363.079720810056 15238.243222728372 22849.199162721634 670.28824247419834 699.71109281480312 1965.6432313024998 4297.379818469286
leaf_count=36743 24039 23788 2119 3692 48951 95334 5852 81460 99798 148927 4356 4549 12789 27975
internal_value=7.66339e-05 -0.0241086 0.0118112 0.0152535 -0.0370562 -0.0148465 0.0180924 0.00160277 0.00954955 0.0187918 0.0249175 0.0425639 0.0211894 0.0230173
internal_weight=94359.4 30822.6 63536.8 47510.8 12841.3 17981.3 31707.9 16025.9 15803 30808.1 7958.9 1370 6588.9 6263.02
internal_count=620372 204816 415556 310057 85694 119122 206567 105499 103490 200715 51788 8905 42883 40764
is_linear=0
shrinkage=0.05


Tree=2
num_leaves=15
num_cat=0
split_feature=0 0 0 73 71 71 71 69 71 0 0 74 74 70
split_gain=9929.6 1132.76 1021.03 302.723 227.68 209.694 205.812 167.493 490.036 151.885 127.758 124.804 106.948 113.977
threshold=0.022105826064944271 0.016315237618982795 0.028063781559467319 0.6410336196422578 -0.0082825054414570314 0.051627470180392272 -0.0082825054414570314 -0.13803395628929135 -0.030130613595247265 0.019495052285492424 0.014243142679333689 0.00034107784449588513 -0.017201921902596947 -0.0063952023629099122
decision_type=2 2 2 2 2 2 2 8 2 2 2 2 2 2
left_child=1 10 6 5 -3 7 -2 8 -4 -6 -1 12 -5 -14
right_child=2 4 3 11 9 -7 -8 -9 -10 -11 -12 -13 13 -15
leaf_value=-0.045342925651638485 0.010122285489520523 -0.0066001026593232445 0.013265144855159018 -0.012133974858091078 -0.025443587006344207 -0.0068928842148365923 -0.0023783834437242821 0.017070608403596522 0.088301302523993069 -0.015257053321618525 -0.033361451920784484 0.0049698140456945769 0.028775140477163792 0.011977335118479001
leaf_weight=4656.9033311605453 4259.6236445307732 3559.4094209671021 667.90350772440434 362.01810635626316 7918.9036612510681 883.46012285351753 14379.777385905385 30262.730405628681 315.97152648866177 6929.404925301671 4654.60231128335 9491.2936791330576 1284.6087830811739 4764.112826153636
leaf_count=32079 27807 23637 4281 2347 53411 5767 95009 194932 2016 46428 31698 61848 8298 31031
internal_value=-4.10717e-05 -0.0251865 0.0104156 0.0142694 -0.0179812 0.0170626 0.000482264 0.0177419 0.038009 -0.0207032 -0.0393959 0.00861859 0.0140046 0.0155864
internal_weight=94390.7 27719.2 66671.5 48032.1 18407.7 32130.1 18639.4 31246.6 983.875 14848.3 9311.51 15902 6410.74 6048.72
internal_count=620589 187253 433336 310520 123476 206996 122816 201229 6297 99839 63777 103524 41676 39329
is_linear=0
shrinkage=0.05


Tree=3
num_leaves=15
num_cat=0
split_feature=0 0 0 71 0 73 71 0 0 71 73 73 74 5
split_gain=8905.06 1130.02 946.675 227.241 192.105 175.072 181.727 161.266 113.196 107.085 106.492 193.903 145.187 138.027
threshold=0.022105826064944271 0.016579302027821544 0.029457627795636657 -0.0082825054414570314 0.019284108653664592 0.6410336196422578 0.051627470180392272 0.014243142679333689 0.025315033271908764 -0.018380931578576561 0.31214115023612982 0.28004266321659094 -0.0051671923138201228 1.3054794669151308
decision_type=2 2 2 2 2 2 2 2 2 2 2 2 2 2
left_child=1 7 3 -2 -3 6 10 -1 -5 -7 11 13 -13 -4
right_child=2 4 5 8 -6 9 -8 -9 -10 -11 -12 12 -14 -15
leaf_value=-0.04467869093683316 0.010619759948154459 -0.02200340101451824 0.020819146828622258 -0.0055798172093003045 -0.01148350308294635 0.031466953089021067 -0.0064540910294541443 -0.031567445228725795 0.0025409038397598213 0.0087485890699468601 0.015117786863853417 0.021729744196665263 0.055507054986364282 -0.0036098426149590909
leaf_weight=4502.9852991402149 5215.9186360538006 8185.0824963450432 5715.6197444349527 8102.4595541656017 9324.9103718698025 530.39567366242409 849.41833525896072 5244.1341175585985 9101.3496626168489 14112.428056418896 21424.959809601307 630.27650211751461 678.38894352316856 640.15401549637318
leaf_count=31952 33753 55859 36235 53753 62876 3379 5567 36442 59630 91399 136699 4003 4199 4084
internal_value=6.79905e-05 -0.024022 0.00987027 0.00148834 -0.0164108 0.0140842 0.0162772 -0.0376642 -0.00128472 0.00959241 0.0169429 0.0220184 0.0395275 0.0183569
internal_weight=94258.5 27257.1 67001.4 22419.7 17510 44581.6 29938.8 9747.12 17203.8 14642.8 29089.4 7664.44 1308.67 6355.77
internal_count=619830 187129 432701 147136 118735 285565 190787 68394 113383 94778 185220 48521 8202 40319
is_linear=0
shrinkage=0.05


Tree=4
num_leaves=15
num_cat=0
split_feature=0 0 0 73 0 73 73 69 71 69 71 0 70 69
split_gain=8000.89 1223.72 733.295 200.167 191.027 180.685 176.831 175.487 128.636 154.998 313.291 120.925 117.542 100.529
threshold=0.022773941978812221 0.017221262678503994 0.029172640293836597 0.47120265662670141 0.014612839557230474 0.6410336196422578 0.31657269597053533 0.027720605023205284 0.051627470180392272 -0.13803395628929135 -0.030130613595247265 0.019713901914656166 0.027393514290452007 -0.038954747840762131
decision_type=2 2 2 2 2 2 2 10 2 8 2 2 2 8
left_child=1 4 6 -3 -1 8 7 -2 9 10 -4 -5 -11 -7
right_child=2 3 5 11 -6 13 -8 -9 -10 12 -12 -13 -14 -15
leaf_value=-0.041866919681323903 0.0091100305767128544 -0.0040824194133137776 0.015387850438764176 -0.021781750046316113 -0.028630794091145842 0.035085553438126235 2.4779687324592654e-06 0.048938828042992023 -0.0035860655912268503 0.015722434682911623 0.074766258790699744 -0.012238501188125316 -0.012506905936433558 0.0081450402475022592
leaf_weight=5035.262116163969 1879.8460269719362 4280.7876760959625 672.97709952294827 6023.8579545021057 6251.9286983758211 345.75569528341293 17269.113556534052 315.92039883136749 855.43098859488964 28482.110567778349 326.99327157437801 7517.8603003174067 366.62119945883751 14666.358907043934
leaf_count=36717 12138 28926 4245 41608 44108 2222 113330 2006 5629 179648 1956 50976 2308 94393
internal_value=0.000100738 -0.0216894 0.00983397 -0.0135188 -0.0345673 0.0132939 0.00170525 0.0150364 0.0154931 0.0160409 0.0353528 -0.0164966 0.0153595 0.00878847
internal_weight=94290.8 29109.7 65181.1 17822.5 11287.2 45716.2 19464.9 2195.77 30704.1 29848.7 999.97 13541.7 28848.7 15012.1
internal_count=620210 202335 417875 121510 80825 290401 127474 14144 193786 188157 6201 92584 181956 96615
is_linear=0
shrinkage=0.05


Tree=5
num_leaves=15
num_cat=0
split_feature=1 4 1 73 73 68 4 68 73 4 1 18 73 49
split_gain=5529.13 894.602 742.442 304.519 285.961 192.64 186.98 166.246 146.555 145.784 121.726 100.221 99.1396 85.9349
threshold=0.014083343092352154 0.058333335444331176 0.010234802030026914 0.6410336196422578 0.31657269597053533 -0.015703483484685418 0.041666667908430106 -0.028726507909595963 0.6737537980079652 0.17500000447034839 0.0069128246977925309 68.244190216064467 0.47120265662670141 -0.045193966478109353
decision_type=10 8 8 2 2 8 8 10 2 8 10 2 2 2
left_child=2 4 10 11 7 -4 -7 -2 -6 13 -1 -3 -12 -5
right_child=1 3 5 9 8 6 -8 -9 -10 -11 12 -13 -14 -15
leaf_value=-0.044039373785417002 0.005609014780158671 0.013912123713150426 0.0025378287813424957 0.0061358666903354704 -0.0027489873222537858 -0.01958643933998893 -0.0069855161192495206 0.035721525639800598 -0.014396505531153934 0.009311238226189348 -0.016308226770616809 0.0020940032297762467 -0.031453208815088715 -0.0038204714150844479
leaf_weight=1643.3566065877676 2325.4123083055019 31074.88611780107 1631.4943653643131 3855.8401790708303 10958.589490041137 9372.7377802729607 4312.6753333210945 562.5556356459856 3576.9490609616041 10359.507549062371 1342.1242786198854 1907.9056899398565 6407.3550010621548 4922.6566797047853
leaf_count=12317 14802 195370 10924 24925 72729 65570 29136 3576 24121 66269 9561 12079 46495 32245
internal_value=-0.000178793 0.00703998 -0.0204903 0.0103183 -0.00276709 -0.0136887 -0.0156235 0.0115777 -0.00562317 0.00529706 -0.0315554 0.0132293 -0.0288547 0.000554726
internal_weight=94254 69544.3 24709.7 52120.8 17423.5 15316.9 13685.4 2887.97 14535.5 19138 9392.84 32982.8 7749.48 8778.5
internal_count=620119 446116 174003 330888 115228 105630 94706 18378 96850 123439 68373 207449 56056 57170
is_linear=0
shrinkage=0.05


Tree=6
num_leaves=15
num_cat=0
split_feature=1 4 1 68 51 1 51 4 84 68 72 27 69 68
split_gain=4982.22 797.671 662.993 259.239 250.17 173.427 148.04 122.072 105.029 125.272 116.67 102.129 101.645 88.9002
threshold=0.014170780312269928 0.058333335444331176 0.010918685235083105 0.018417733721435074 -0.072340156883001314 0.0081418575718998926 -0.047811323776841157 0.12500000372529033 1.0000000180025095e-35 -0.068213950842618928 0.021474678069353107 0.75553262233734142 -0.038954747840762131 -0.017871867865324017
decision_type=10 8 8 10 10 10 8 8 2 8 10 2 8 10
left_child=2 4 5 8 -2 -1 -4 -5 -3 10 -10 -6 -9 -7
right_child=1 3 6 7 11 13 -8 12 9 -11 -12 -13 -14 -15
leaf_value=-0.037263467373634708 0.0023992741305889861 0.0068536045041499398 -0.0065775217245966147 0.0013691167329682376 -0.018423743166821327 -0.0038037144447948647 -0.017204750954265092 0.027853737683380349 0.036604949553381415 0.013716196517407185 0.012834071856053276 -0.0055713443547035484 0.0079586709973132035 -0.025272975920747287
leaf_weight=3548.166056856513 10143.481435000896 4832.5752921402454 6940.0764413625002 8233.6248339265585 2332.5104284584522 519.03803218901157 6233.5535074621439 657.44317416846752 1222.0441576838493 18215.618166983128 915.77020157873631 4585.8967605829239 18242.658646449447 7578.558706253767
leaf_count=27015 66149 30157 47517 53340 15861 3625 43691 4105 7480 113784 5669 30981 115516 55202
internal_value=-9.15269e-05 0.00678609 -0.0193126 0.00984717 -0.00260089 -0.0280022 -0.0116154 0.00645247 0.0135004 0.0150744 0.0265294 -0.00992481 0.00866509 -0.0239032
internal_weight=94201 69381.6 24819.4 52319.7 17061.9 11645.8 13173.6 27133.7 25186 20353.4 2137.81 6918.41 18900.1 8097.6
internal_count=620092 443042 177050 330051 112991 85842 91208 172961 157090 126933 13149 46842 119621 58827
is_linear=0
shrinkage=0.05


Tree=7
num_leaves=15
num_cat=0
split_feature=0 0 0 71 70 68 74 71 68 74 71 71 0 71
split_gain=6435.15 902.945 709.936 171.619 149.634 182.617 258.941 145.788 144.138 196.729 188.249 126.266 108.242 102.858
threshold=0.020900378935039047 0.026289514265954498 0.016315237618982795 0.0013411640538834038 -0.044312106445431702 -0.074138201773166643 -0.015850028023123738 -0.0082825054414570314 0.01814153511077166 -0.0075496714562177649 0.055846257135272033 -0.0082825054414570314 0.014243142679333689 -0.060255499556660645
decision_type=2 2 2 2 2 8 2 2 8 2 2 2 2 2
left_child=2 11 12 4 -3 6 -6 -4 9 -5 -11 -2 -1 -8
right_child=1 3 7 8 5 -7 13 -9 -10 10 -12 -13 -14 -15
leaf_value=-0.041090392450121332 0.0052693473425026848 -0.017066537870693947 -0.0059661435527779902 -0.0048068713724987713 0.05247265882941432 0.012787699143674265 -0.0080445098484906961 -0.019126502623251742 0.0054783755448095661 0.017375678361514667 -0.0098565735789505234 -0.0049629457837471504 -0.029418762602061294 0.024063003517876283
leaf_weight=4063.8914594203234 3875.7895800322294 383.86246943473816 2615.5299998819828 1390.7389883100986 716.85911066830158 21821.752728193998 355.22481389343739 11008.407373279333 20338.658031120896 8474.2128356546164 679.61980497837067 13456.588013276458 4228.0734769552946 796.35989847779274
leaf_count=31950 25228 2421 18099 8651 4306 135774 2168 78606 128981 52630 4418 90609 31658 4809
internal_value=8.05046e-05 0.00727623 -0.0236471 0.010414 0.01358 0.0140836 0.0290696 -0.0166062 0.00794239 0.0126854 0.0153453 -0.00267313 -0.0351816 0.0141749
internal_weight=94205.6 72289.7 21915.9 54957.3 24074.1 23690.2 1868.44 13623.9 30883.2 10544.6 9153.83 17332.4 8291.96 1151.58
internal_count=620308 459995 160313 344158 149478 147057 11283 96705 194680 65699 57048 115837 63608 6977
is_linear=0
shrinkage=0.05


Tree=8
num_leaves=15
num_cat=0
split_feature=4 51 51 4 4 10 70 69 71 71 74 4 70 74
split_gain=3744.15 988.287 438.036 249.479 201.299 192.993 123.743 194.263 117.697 117.289 193.559 110.063 103.844 207.528
threshold=0.041666667908430106 -0.065919917076826082 -0.069885600358247743 0.12500000372529033 1.0000000180025095e-35 -0.051525589078664773 -0.044312106445431702 -0.13803395628929135 -0.0082825054414570314 -0.018380931578576561 -0.021567674353718754 1.0000000180025095e-35 0.0052992564160376796 1.0000000180025095e-35
decision_type=8 10 10 10 10 2 2 8 2 2 2 10 2 2
left_child=1 5 6 -4 -3 -1 -2 -8 -6 12 -11 -7 13 -9
right_child=2 4 3 -5 8 11 7 9 -10 10 -12 -13 -14 -15
leaf_value=0.0080907895451293749 -0.020110518596958355 -0.028995749759474082 -0.0037470081287725148 0.0069581202672709622 -0.0056970298305748382 -0.014186459901791074 0.032305588456217588 0.014460742139987796 -0.020303824162454662 -0.017659438592324089 0.008904598687634234 -0.0036253230344424898 0.0037399725088787584 0.041357242453805454
leaf_weight=2528.1537132039666 331.87844821810722 6971.656709626317 11852.11794731766 10046.626510538161 1665.2521859258413 3724.5607090890408 957.43980705738068 4899.8254450783134 8295.1864818781614 691.55378818511963 32501.883833602071 7298.367586299777 1524.551659733057 836.297991797328
leaf_count=16266 2111 53296 79161 63072 11598 26580 5652 29931 60370 4294 203786 49467 9353 5084
internal_value=-8.36341e-06 -0.0144147 0.00689312 0.00116519 -0.0224653 -0.00434624 0.00989701 0.0101423 -0.0178699 0.00960989 0.00834601 -0.00720347 0.0153685 0.0184473
internal_weight=94125.4 30483.2 63642.2 21898.7 16932.1 13551.1 41743.4 41411.6 9960.44 40454.1 33193.4 11022.9 7260.68 5736.12
internal_count=620021 217577 402444 142233 125264 92313 260211 258100 71968 252448 208080 76047 44368 35015
is_linear=0
shrinkage=0.05


Tree=9
num_leaves=15
num_cat=0
split_feature=0 0 0 73 27 71 71 69 69 71 0 71 71 69
split_gain=5494.88 798.163 521.857 177.708 158.086 153.446 122.457 162.929 114.15 291.311 105.768 100.931 85.3211 74.3687
threshold=0.021887119859457019 0.016315237618982795 0.026289514265954498 0.6410336196422578 0.82795938849449169 0.051627470180392272 -0.0099539100192487222 0.013319937512278559 -0.13803395628929135 -0.024129430763423439 0.014243142679333689 -0.0082825054414570314 0.0022187278373166923 0.11515964940190317
decision_type=2 2 2 2 2 2 2 8 8 2 2 2 2 10
left_child=1 10 12 5 -3 8 7 -5 9 -4 -1 -6 -2 -10
right_child=2 4 3 6 11 -7 -8 -9 13 -11 -12 -13 -14 -15
leaf_value=-0.039347675585765345 0.0029737328296019746 -0.020003639997023932 0.010161971733368878 0.043354154513279571 -0.00056011627830754676 -0.0086325040380895082 0.0042019663300878196 0.0066723711551702376 0.01209655634649689 0.065268987420103577 -0.027579103921132237 -0.012720055766068224 -0.004858179683466057 0.0040450249296832509
leaf_weight=3863.5643775612116 6227.9049097299576 6674.6966705471277 764.45917601883411 467.83916637301445 2193.1201137900352 928.57855865359306 16989.96399371326 838.4365786164999 32058.532276466489 342.65201234817505 4079.7702109143138 7695.4638722985983 7849.746549397707 3163.7225901633501
leaf_count=31820 40904 48010 4588 2871 15209 6024 107678 5204 196383 1884 31617 55788 52804 19559
internal_value=3.76417e-05 -0.0203199 0.00720426 0.00938288 -0.0140567 0.0113648 0.00534302 0.0200394 0.0118781 0.0276492 -0.0333455 -0.0100265 -0.00139372 0.0113747
internal_weight=94138.5 24506.6 69631.8 55554.2 16563.3 37257.9 18296.2 1306.28 36329.4 1107.11 7943.33 9888.58 14077.7 35222.3
internal_count=620343 182444 437899 344191 119007 228438 115753 8075 222414 6472 63437 70997 93708 215942
is_linear=0
shrinkage=0.05


Tree=10
num_leaves=15
num_cat=0
split_feature=2 2 2 18 27 2 70 69 69 68 27 68 70 70
split_gain=4342.64 593.436 571.607 191.941 160.413 130.364 118.79 131.496 100.824 98.4315 95.5333 84.0679 84.0217 71.759
threshold=0.020115532912313942 0.01545825367793441 0.02920625172555447 51.212982177734382 0.82494017481803905 0.010355446953326465 -0.044312106445431702 -0.13803395628929135 -0.13153804093599317 -0.015703483484685418 0.80353406071662914 0.018417733721435074 -0.0016195489442907272 -0.0020056237699463959
decision_type=2 2 2 2 2 2 2 8 8 8 2 8 2 2
left_child=1 5 3 8 -3 -1 -4 -8 -2 -7 -5 -9 13 -13
right_child=2 4 6 10 -6 9 7 11 -10 -11 -12 12 -14 -15
leaf_value=-0.044826441199971541 0.03201611958313931 -0.01948416246718998 -0.019964061810954521 -0.0084528779281377916 -0.0086075924763082713 -0.0043354227214671102 0.028669943355564238 0.011750711495233185 0.0039631408050409831 -0.028186846070428623 -0.00022219466807973481 0.010547961288640519 0.0052817448817600579 0.029486074946882782
leaf_weight=1170.8486042544246 318.0929226577282 5466.6743742227554 327.6349645704031 5888.40367141366 8982.1517073959112 464.38728222250938 901.24795089662075 19995.319895580411 13957.651839375496 7205.1757380217314 8764.9609013646841 4915.2588831782341 15231.321135848761 552.14282089471817
leaf_count=9889 1901 39936 2091 39241 64556 3478 5154 120903 89632 57593 57944 30263 94728 3419
internal_value=-0.000264799 -0.0189908 0.00589231 0.000485564 -0.0127333 -0.0291922 0.00962225 0.00986004 0.00461019 -0.0267502 -0.00353318 0.00943652 0.00719637 0.0125108
internal_weight=94141.3 23289.2 70852 28929.1 14448.8 8840.41 41922.9 41595.3 14275.7 7669.56 14653.4 40694 20698.7 5467.4
internal_count=620728 175452 445276 188718 104492 70960 256558 254467 91533 61071 97185 249313 128410 33682
is_linear=0
shrinkage=0.05


Tree=11
num_leaves=15
num_cat=0
split_feature=0 0 0 73 73 0 73 74 74 69 69 74 73 57
split_gain=4630.4 674.739 519.434 153.49 143.709 104.889 101.693 87.0835 119.202 113.855 85.2392 92.5644 101.832 89.7302
threshold=0.020366174168884758 0.025669940747320655 0.014977000188082458 0.6410336196422578 0.47120265662670141 0.018278241157531742 0.66248425841331493 0.00034107784449588513 0.017647080123424533 0.1269701570272446 -0.13803395628929135 -0.019179445691406723 0.15441858023405078 0.095975406467914595
decision_type=2 2 2 2 2 2 2 2 2 10 8 2 2 10
left_child=2 6 -1 10 -4 -6 -2 9 -9 -5 13 12 -12 -3
right_child=1 3 4 7 5 -7 -8 8 -10 -11 11 -13 -14 -15
leaf_value=-0.036037147083251335 -0.00045228662408116211 0.035828359927313806 -0.0074900783162762698 0.0056949219912894537 -0.02398213522438011 -0.014135388293118514 -0.0087208223792524416 0.00012761269438996389 0.017728786999162242 0.021240700511622523 0.020083626838810334 0.010275032043012207 -0.0038538902596781397 0.0091006375324248785
leaf_weight=4865.9877803400159 11440.845858335495 637.55018557608128 3074.4546142891049 6249.710177525878 6322.1930998265743 4834.3248255699873 5500.0162728130817 10379.10151475668 1050.1918419599533 1445.4306645989418 542.28745767474174 34794.635814651847 2262.3192997872829 627.3512961268425
leaf_count=41583 77258 3618 22445 39128 49019 35580 37928 65695 6596 9044 3260 211804 13725 3668
internal_value=3.45892e-05 0.00563666 -0.0219373 0.00820087 -0.0170942 -0.0197318 -0.00314031 0.00453029 0.001759 0.00863877 0.0100055 0.00957088 0.000829482 0.0227476
internal_weight=94026.4 74929.4 19097 57988.6 14231 11156.5 16940.9 19124.4 11429.3 7695.14 38864.1 37599.2 2804.61 1264.9
internal_count=620351 471724 148627 356538 107044 84599 115186 120463 72291 48172 236075 228789 16985 7286
is_linear=0
shrinkage=0.05


Tree=12
num_leaves=15
num_cat=0
split_feature=1 1 4 73 69 4 71 4 27 71 27 71 68 71
split_gain=2891.1 551.959 430.744 268.389 592.457 140.607 140.135 98.0389 94.226 92.6695 87.4582 83.5643 87.22 80.0507
threshold=0.014170780312269928 0.010234802030026914 0.12500000372529033 0.31657269597053533 0.040359048172831542 0.041666667908430106 -0.0069423320237547151 0.041666667908430106 0.89961436390876781 -0.041597483679652207 0.70640423893928539 0.0013411640538834038 0.01814153511077166 0.014625609852373602
decision_type=10 8 8 2 8 10 2 8 2 2 2 2 8 2
left_child=1 8 3 4 9 10 -3 -8 -1 -2 -5 -4 13 -13
right_child=2 6 11 5 -6 -7 7 -9 -10 -11 -12 12 -14 -15
leaf_value=-0.031492131484682592 -0.0059385690837988267 -0.00091705110520099776 0.011497274713708198 -0.01384658684119079 0.062503093726738096 0.0014663994461552444 -0.015589584617676811 -0.0056614571221933873 -0.0206549414625882 0.0097050601505311723 -0.0031098449584745754 0.017870698691779801 0.0045619770485325261 0.0065984297278627998
leaf_weight=3898.4114252403378 1260.6551894247532 3496.2139562815428 15291.413255915046 2556.8772414624691 496.83149763941765 18760.180884942412 7667.7036881446838 3701.6874321848154 4356.4686501175165 3723.6875313594937 7298.9774723425508 2797.7213097661734 15024.515732452273 3631.9457748234272
leaf_count=32468 7653 24343 91496 17810 2962 119412 58109 25858 36005 22763 49775 16690 93059 21868
internal_value=-9.42304e-05 -0.0154426 0.00491638 0.000868457 0.0109937 -0.00107412 -0.00967498 -0.012365 -0.0258048 0.00574446 -0.00590646 0.0086713 0.00665267 0.0115234
internal_weight=93963.3 23120.5 70842.8 34097.2 5481.17 28616 14865.6 11369.4 8254.88 4984.34 9855.85 36745.6 21454.2 6429.67
internal_count=620271 176783 443488 220375 33378 186997 108310 83967 68473 30416 67585 223113 131617 38558
is_linear=0
shrinkage=0.05


Tree=13
num_leaves=15
num_cat=0
split_feature=0 0 0 73 73 0 27 74 74 68 74 69 68 68
split_gain=4072.33 536.355 445.144 132.198 112.294 104.47 102.571 87.9597 110.221 102.582 92.7418 87.8148 129.1 84.0728
threshold=0.020366174168884758 0.025434809736907486 0.0161805609241128 0.6410336196422578 0.47120265662670141 0.012468064669519665 0.84934794902801525 0.00026865187101066118 0.017647080123424533 0.053324194625020034 -0.017201921902596947 0.11515964940190317 0.041905201971530921 0.035015830770134933
decision_type=2 2 2 2 2 2 2 2 2 10 2 10 10 10
left_child=2 6 5 11 -4 -1 -2 10 -9 -10 -5 13 -13 -3
right_child=1 3 4 7 -6 -7 -8 8 9 -11 -12 12 -14 -15
leaf_value=-0.042353006027657403 -0.0075143315661228925 0.0091768505419532152 -0.0057894837465988346 -0.014607142625057924 -0.017634520911089642 -0.027559470807847992 0.00051402558648679499 -0.00038447931145931425 0.032415147096399137 0.0014936906304782887 0.0093376519190536324 -0.0034171600775068319 0.02195207703561872 0.022181627989283456
leaf_weight=1587.7598489671946 7071.4477992653847 35096.316154748201 2593.7035838142037 419.23073832690716 8938.6508285030723 5470.4051945134997 9076.4681013822556 10640.496693834662 508.55148534476757 557.70813639461994 7326.116745442152 2755.1762582212687 602.60449267923832 1284.2819179743528
leaf_count=14581 48604 210936 18904 2606 68433 46762 61857 67224 3139 3474 45526 16841 3703 7791
internal_value=-0.000100705 0.00507146 -0.0210524 0.00727474 -0.0149778 -0.0309425 -0.0030042 0.00389445 0.00115749 0.0164058 0.00802443 0.008928 0.0011874 0.00964191
internal_weight=93928.9 75338.4 18590.5 59190.5 11532.4 7058.17 16147.9 19452.1 11706.8 1066.26 7745.35 39738.4 3357.78 36380.6
internal_count=620381 471701 148680 361240 87337 61343 110461 121969 73837 6613 48132 239271 20544 218727
is_linear=0
shrinkage=0.05


Tree=14
num_leaves=15
num_cat=0
split_feature=0 0 0 71 0 71 0 71 70 68 70 70 71 71
split_gain=3713.05 505.499 475.789 190.882 121.769 121.406 85.6059 85.4095 80.7962 123.753 79.8792 98.3341 77.8204 81.2305
threshold=0.020366174168884758 0.030326780863106254 0.014977000188082458 -0.0082825054414570314 0.024024326354265216 -0.017686145380139347 0.018510864116251472 0.048369815573096282 -0.044312106445431702 -0.13279618322849271 0.027393514290452007 0.020869231782853607 0.001149674935732037 0.0043427059426903733
decision_type=2 2 2 2 2 2 2 2 2 8 2 2 2 2
left_child=2 3 -1 -2 -5 -4 -7 8 -3 -10 11 12 -11 -14
right_child=1 7 5 4 -6 6 -8 -9 9 10 -12 -13 13 -15
leaf_value=-0.034227056575773115 0.0070094035704846543 -0.014786720589407807 -0.00064607917677679191 -0.0068531257700746046 0.0005576687787228774 -0.020412141040396781 -0.011890574692065231 -0.0036810951909770026 0.034109581067021534 0.01075657017128304 -0.013151653492157293 0.025330589978522756 -0.001347468110489528 0.0075488462359066567
leaf_weight=4569.7095570191741 7128.9968734681606 357.82359129190445 1238.2641742005944 9083.5644369721413 14193.177928879857 7564.0823598131537 4922.7120241075754 1459.5642530322075 468.36366426944733 18746.661653667688 413.19201888144016 864.98730726540089 2942.0966473668814 19910.201217710972
leaf_count=41805 45260 2276 9034 63718 91545 60692 37023 9152 2586 110974 2489 5050 17733 120969
internal_value=-5.27355e-05 0.00484081 -0.0202577 -0.0001433 -0.00233604 -0.0155851 -0.0170649 0.00819564 0.00859304 0.00878941 0.00850493 0.00871871 0.00836729 0.00640341
internal_weight=93863.4 75568.6 18294.8 30405.7 23276.7 13725.1 12486.8 45162.9 43703.3 43345.5 42877.1 42463.9 41599 22852.3
internal_count=620306 471752 148554 200523 155263 106749 97715 271229 262077 259801 257215 254726 249676 138702
is_linear=0
shrinkage=0.05


Tree=15
num_leaves=15
num_cat=0
split_feature=2 2 2 27 69 57 2 72 72 69 27 51 22 74
split_gain=2786.06 395.302 372.05 151.401 144.845 127.013 97.4858 86.3 102.195 111.563 79.5759 62.4306 61.3232 60.1635
threshold=0.019702528603374962 0.014510520268231632 0.02877007890492678 0.82795938849449169 -0.13153804093599317 0.015440223738551142 0.0097572309896349924 0.0064592105336487302 0.0080942544154822844 0.099234916269779219 0.55265751481056224 -0.045747686177492135 84.600070953369155 -0.021567674353718754
decision_type=2 2 2 2 8 10 2 10 10 8 2 10 8 2
left_child=1 6 4 11 -2 10 -1 -7 9 -9 -6 -3 13 -4
right_child=2 3 12 -5 5 7 -8 8 -10 -11 -12 -13 -14 -15
leaf_value=-0.044048179194985937 0.031836675042791078 -0.012974042197769249 0.00018473036964754557 -0.0078986567918967829 -0.017994523982015877 -0.0026399837193064515 -0.024659467942838589 0.018507095531432479 0.0016816670230138941 0.00032023393860961544 -0.0033255515753883519 -0.023723159438900215 0.0029733310928447814 0.0086980823216437561
leaf_weight=756.27073287218809 345.75102646648884 2727.185175254941 2205.8255647718906 9054.0657415688038 1023.9308526143432 6319.7924585491419 5195.6490323469043 2226.9383845925331 9065.4421206191182 1353.9639758616686 8827.0203660801053 2773.7585606276989 6633.6504773944616 35167.558225974441
leaf_count=7315 2009 20725 13116 68655 6999 41559 46366 14293 57801 8884 59350 22245 40236 209939
internal_value=-5.77093e-05 -0.016341 0.00450753 -0.0118878 0.000127523 -0.000263839 -0.0271928 0.00212832 0.0045114 0.0116506 -0.00486698 -0.0184273 0.00740941 0.0081958
internal_weight=93676.8 20506.9 73169.9 14555 29162.8 28817.1 5951.92 18966.1 12646.3 3580.9 9850.95 5500.94 44007 37373.4
internal_count=619492 165306 454186 111625 190895 188886 53681 122537 80978 23177 66349 42970 263291 223055
is_linear=0
shrinkage=0.05


Tree=16
num_leaves=15
num_cat=0
split_feature=0 0 0 27 73 73 69 73 69 73 74 74 69 69
split_gain=2987.63 474.81 376.514 137.009 104.67 88.1949 83.3031 79.2235 298.935 109.4 100.312 96.3314 86.8215 79.1873
threshold=0.020790025591850284 0.015133020002394916 0.027541783638298515 0.8158058524131776 0.67617759108543407 0.47120265662670141 0.12981175631284717 0.31214115023612982 0.042283250018954284 0.28450997173786169 -0.019179445691406723 -0.0051671923138201228 -0.13803395628929135 -0.048130543902516358
decision_type=2 2 2 2 2 2 10 2 10 2 2 2 8 10
left_child=1 -1 4 -3 6 -5 -2 8 9 12 -9 -11 -4 -12
right_child=2 3 7 5 -6 -7 -8 10 -10 11 13 -13 -14 -15
leaf_value=-0.031701116248437709 0.0004466452158926478 -0.019500387971165812 0.018313285244834665 -0.00052779727095798997 -0.0067923183639870821 -0.012199955103872609 0.026095860026233982 -0.0066978242546801266 0.045324156934177795 0.0096487037156883036 0.013423158424163679 0.039739628454920017 0.0041929729731181656 0.0055529065128113149
leaf_weight=4612.4140157178044 14847.350221648812 5489.4714260399342 1290.7765871435404 2115.8303879573941 6023.3062546625733 6886.5039190277457 313.46495205163956 1554.1075046807528 577.73015648126602 594.93567943572998 3481.1633455008268 484.08313670754433 6744.6944798976183 38692.359318718314
leaf_count=43965 98735 43707 7197 15719 41319 54531 2133 9352 3239 3486 20827 2700 39671 233442
internal_value=-0.000100184 -0.0177374 0.00441804 -0.0132743 -0.00122218 -0.00946026 0.00099382 0.00665453 0.0107453 0.00850626 0.00574555 0.0233894 0.00648113 0.00620558
internal_weight=93708.2 19104.2 74604 14491.8 21184.1 9002.33 15160.8 53419.9 9692.22 9114.49 43727.6 1079.02 8035.47 42173.5
internal_count=620023 157922 462101 113957 142187 70250 100868 319914 56293 53054 263621 6186 46868 254269
is_linear=0
shrinkage=0.05


Tree=17
num_leaves=15
num_cat=0
split_feature=2 2 2 22 71 2 27 71 27 68 71 54 71 69
split_gain=2326.9 345.903 335.52 148.22 143.056 99.0265 98.6166 87.8211 86.5333 86.2334 145.598 85.2155 66.8384 149.244
threshold=0.019186363555490974 0.027240579016506675 0.014353170525282623 83.780757904052749 -0.017686145380139347 0.0089192357845604437 0.62918037176132213 0.04727261699736119 0.82494017481803905 0.018417733721435074 -0.017686145380139347 0.44697253406047827 -0.0082825054414570314 -0.024361428804695603
decision_type=2 2 2 8 2 2 2 2 2 10 2 8 2 8
left_child=2 3 5 6 11 -1 -2 9 -6 -3 -11 -4 13 -8
right_child=1 7 4 -5 8 -7 12 -9 -10 10 -12 -13 -14 -15
leaf_value=-0.047783613978395194 -0.0069468842658483576 0.0089092817749466379 -0.0026618149627035109 -0.0084252718210405617 -0.018774696879539286 -0.024078490774485241 -0.0094046793358504126 -0.0046564379202659809 -0.0098610411948842226 0.02648301252482077 0.003894139395883821 0.027707392478545492 0.00059936884555269261 0.011355957865229584
leaf_weight=488.17579936981201 3198.0074414014816 24345.463367506862 1074.6114698126912 4979.1802608668804 4438.9994181469083 4965.3017389550805 1073.370882704854 1715.3300446420908 7156.7893256917596 727.61712780594826 22070.494253218174 283.75066696852446 12895.211127564311 4328.1855593472719
leaf_count=5031 21582 141945 7710 34412 36160 46348 6585 10670 56216 4230 134172 2021 86348 27313
internal_value=4.70747e-05 0.00394151 -0.0158843 -0.000661169 -0.0114893 -0.0262841 0.00114044 0.00643507 -0.0132865 0.00683954 0.00462637 0.00383819 0.002557 0.00722075
internal_weight=93740.5 75332.9 18407.6 26474 12954.2 5453.48 21494.8 48858.9 11595.8 47143.6 22798.1 1358.36 18296.8 5401.56
internal_count=620743 467257 153486 176240 102107 51379 141828 291017 92376 280347 138402 9731 120246 33898
is_linear=0
shrinkage=0.05


Tree=18
num_leaves=15
num_cat=0
split_feature=0 0 0 71 0 71 70 73 73 27 73 68 70 73
split_gain=2537.02 478.224 261.233 134.362 116.511 97.5913 94.8583 89.7916 84.8268 82.2782 80.8986 126.457 75.5317 70.2552
threshold=0.018962838687002662 0.024140638299286369 0.014804635662585499 -0.0082825054414570314 0.033337868750095374 0.0019161274540238085 -0.044312106445431702 0.47120265662670141 0.67787650227546703 0.70330381393432628 0.31657269597053533 -0.03380355425179004 -0.0092208762653171999 0.077547188848257079
decision_type=2 2 2 2 2 2 2 2 2 2 2 10 2 2
left_child=2 3 -1 -2 5 10 -6 -4 12 -5 11 -3 -7 -8
right_child=1 4 7 9 6 8 13 -9 -10 -11 -12 -13 -14 -15
leaf_value=-0.031099949299491239 0.0041928805997999453 0.0076530686874940346 -0.0060641889346598928 -0.013781641433913161 -0.018504053011897031 -0.015672440233549443 0.017974742080121012 -0.018176385028226983 -0.0050790046125677203 -0.0044558046579092061 0.0038524417445916408 0.03380796196523296 0.0039786218093006307 0.0068058874149410156
leaf_weight=3905.9274813309312 3538.4642196446657 1931.1825183779001 1941.3914144411683 3170.6734892129898 352.04980364441872 508.80273498594761 1458.5530076920986 7452.3129688724875 5333.8716052919626 9295.8869252726436 8902.1114847660065 601.4535436630249 8563.0844792276621 36785.815924197435
leaf_count=39313 23912 11494 15257 23299 2233 3168 8201 62737 34502 67314 55236 3443 53703 217137
internal_value=-9.11774e-06 0.00333618 -0.0202302 -0.00439724 0.00525741 0.00265751 0.00699691 -0.0156823 -8.07028e-05 -0.00683683 0.00610423 0.0139729 0.00286044 0.00723643
internal_weight=93741.6 80441.9 13299.6 16005 64436.9 25840.5 38596.4 9393.7 14405.8 12466.6 11434.7 2532.64 9071.89 38244.4
internal_count=620949 503642 117307 114525 389117 161546 227571 77994 91373 90613 70173 14937 56871 225338
is_linear=0
shrinkage=0.05


Tree=19
num_leaves=15
num_cat=0
split_feature=2 2 2 68 27 27 69 53 53 22 24 69 24 54
split_gain=1855 280.985 278.143 151.871 118.006 105.23 97.6159 77.9284 71.5635 68.8302 56.8988 56.5513 46.1849 57.359
threshold=0.018869026564061645 0.012087246868759395 0.024394569918513302 -0.015703483484685418 1.0120325088500979 0.69702827930450451 0.034879148006439216 -0.28978309035301203 -0.15665987133979795 83.780757904052749 -0.016931977123022076 0.12612723559141162 -0.0093866284005343897 0.29451666772365576
decision_type=2 2 2 8 2 2 8 10 8 10 2 10 2 10
left_child=1 -1 5 6 8 10 -3 -4 -5 -7 -2 -10 -9 -14
right_child=2 3 7 4 -6 9 -8 12 11 -11 -12 -13 13 -15
leaf_value=-0.031962689900479277 0.0024201890431386603 -0.0046901441916409464 0.0071068433220349576 -0.0063585210422630045 -0.0081560902346594598 0.0016370058892551038 0.025606144227404388 0.0058745990768623337 -0.020834088251435689 -0.0072126537253360727 -0.012153552968400025 -0.0029212150420680105 -0.0030080509190127617 0.0033614138159383817
leaf_weight=2115.3652302622795 841.51838608086109 945.19722476601601 25220.565765246749 1194.2079758271575 5237.4585518464446 11702.645786777139 358.72517021745443 12034.241932749748 6672.8266385495663 2694.5233078449965 3214.9566187188029 475.5051851645112 4502.9387005865574 16314.463751479983
leaf_count=21793 5666 6998 148796 9541 43291 78823 2665 71598 57673 19225 23049 4058 27559 99219
internal_value=-1.91833e-06 -0.0149375 0.00331735 -0.0124979 -0.0140621 -0.00202923 0.00377619 0.00501639 -0.0177558 -2.31218e-05 -0.0091317 -0.0196483 0.00340985 0.00198287
internal_weight=93525.1 16999.3 76525.9 14883.9 13580 18453.6 1303.92 58072.2 8342.54 14397.2 4056.48 7148.33 32851.6 20817.4
internal_count=619954 146019 473935 124226 114563 126763 9663 347172 71272 98048 28715 61731 198376 126778
is_linear=0
shrinkage=0.05


Tree=20
num_leaves=15
num_cat=0
split_feature=0 0 0 27 72 68 71 72 71 72 58 72 69 71
split_gain=2147.82 461.214 232.154 114.892 112.384 126.646 112.449 108.715 116.73 90.1876 90.0329 87.4951 79.7673 87.9706
threshold=0.018735888414084915 0.023680896498262886 0.014243142679333689 0.83098897337913524 0.0062138757202774295 0.051386155188083656 0.019246594049036506 0.0056083500385284433 -0.0099539100192487222 0.016811436042189602 -0.003875718684867024 0.0067859278060495862 0.13544805347919467 -0.017686145380139347
decision_type=2 2 2 2 10 10 2 8 2 10 2 10 10 2
left_child=2 3 -1 -2 7 6 -6 8 10 -7 -3 -8 13 -4
right_child=1 4 12 -5 5 9 11 -9 -10 -11 -12 -13 -14 -15
leaf_value=-0.031607044151283029 -0.010245271557625155 0.040590196291948939 -2.9358437585207543e-05 -0.0013634048396771884 0.0077740855005363754 0.000751081421354756 0.026677482949278266 -0.0066667241859136202 0.0017446095496478822 -0.018970768274094208 0.0075481921050205682 0.00088064167145668771 0.011140711954777099 -0.017849750392289653
leaf_weight=2992.9549985378981 6122.6059080287814 338.54107572138309 755.60238850861788 8970.5513512119651 37845.480071201921 3831.427434399724 330.49513676762581 3656.127422362566 9472.667266741395 672.88456936180592 519.0804682970047 9512.3833168298006 264.91947618126869 8291.8487563356757
leaf_count=31969 45360 2002 5920 64467 224882 23802 2030 22418 58540 4104 3087 57648 2301 72024
internal_value=-3.41878e-05 0.00291405 -0.0194928 -0.00497077 0.00471278 0.00577923 0.0065361 0.000731862 0.00335431 -0.0022306 0.0209088 0.00177302 -0.0155696 -0.0163631
internal_weight=93577.6 81272.2 12305.3 15093.2 66179.1 52192.7 47688.4 13986.4 10330.3 4504.31 857.622 9842.88 9312.37 9047.45
internal_count=620554 508340 112214 109827 398513 312466 284560 86047 63629 27906 5089 59678 80245 77944
is_linear=0
shrinkage=0.05


Tree=21
num_leaves=15
num_cat=0
split_feature=2 2 2 18 27 2 68 27 18 53 53 27 27 72
split_gain=1565.43 263.337 226.927 108.739 101.001 91.6565 69.2409 62.3617 59.7638 59.582 49.4564 46.6135 45.2498 42.4941
threshold=0.019079022109508518 0.014925500843673946 0.027240579016506675 61.181373596191413 1.0120325088500979 0.0097572309896349924 -0.015703483484685418 0.83986821770668041 51.212982177734382 -0.30827760696411127 -0.15486048161983487 0.71578150987625133 0.84296813607215892 0.011299594305455686
decision_type=2 2 2 2 2 2 8 2 2 10 8 2 2 10
left_child=1 5 3 7 8 -1 -7 -2 -3 13 -8 -5 -12 -4
right_child=2 4 9 11 -6 6 10 -9 -10 -11 12 -13 -14 -15
leaf_value=-0.039741771810403441 -0.0021022848588916339 -0.0071190457043141088 0.0051895501981774868 -0.014232750123402766 -0.0030500468467558393 0.0019561616730963713 -0.0055089827011116088 0.0034406484697519207 -0.01673786424135703 0.0035963742792862749 -0.028944950196309743 -0.0039716196789069775 -0.018646967151766784 0.0096478700332480842
leaf_weight=640.80470113456249 8671.6541314795613 2767.2964275702834 12586.681102514267 1465.4988412708044 4413.9078755229712 344.46823532134295 468.03430956602097 12204.686801806092 3950.5908618792892 27470.593444317579 1813.0596801117063 4484.2297458797693 2862.0533224865794 9350.447458922863
leaf_count=7300 58265 21974 73998 10514 34540 2925 4190 79148 33364 162700 18281 31012 28243 53914
internal_value=6.15055e-05 -0.0135311 0.00314039 -0.000561731 -0.00893542 -0.0218505 -0.0196928 0.00113831 -0.0127921 0.00515018 -0.0211438 -0.00651872 -0.0226939 0.00709339
internal_weight=93494 17260.2 76233.8 26826.1 11131.8 6128.42 5487.62 20876.3 6717.89 49407.7 5143.15 5949.73 4675.11 21937.1
internal_count=620368 150817 469551 178939 89878 60939 53639 137413 55338 290612 50714 41526 46524 127912
is_linear=0
shrinkage=0.05


Tree=22
num_leaves=15
num_cat=0
split_feature=0 0 0 0 73 69 73 69 70 69 69 73 69 70
split_gain=1850.06 377.829 198.921 102.904 95.8063 115.084 87.5787 146.195 85.4604 75.7394 72.8172 69.9895 60.9499 54.9184
threshold=0.018735888414084915 0.024140638299286369 0.014030149672180416 0.031090458855032924 0.6737537980079652 0.12901471555233004 0.31657269597053533 0.029081266373395923 -0.044312106445431702 0.13544805347919467 -0.13803395628929135 0.30249074101448065 0.11081903427839281 -0.0014947883319109676
decision_type=2 2 2 2 2 10 2 10 2 10 8 2 10 2
left_child=2 4 -1 6 5 12 7 -3 -5 11 -10 -4 -2 -6
right_child=1 3 9 8 13 -7 -8 -9 10 -11 -12 -13 -14 -15
leaf_value=-0.030522323617643666 -0.0011438690866369514 0.0051755730577743003 0.0048347570490222145 -0.018342807822008603 -0.00039725581500039877 0.029526502694135905 0.00020179771235355931 0.038998861555375117 0.01868481302899886 0.01090709788386799 0.0056115718226831179 -0.016628332197988545 -0.013167174296086029 -0.012865998686348266
leaf_weight=2625.4829933270812 10078.886669412255 2294.0612218379974 393.00292176008224 355.98341788351536 1154.6064790040255 279.49923401325941 17911.074037328362 362.06312997639179 1084.3616054654121 268.98979277163744 42995.032137230039 8695.1984160393476 1167.5312289148569 3754.5729251429439
leaf_count=29439 72098 13763 3067 2252 8554 2036 113463 2012 5728 2353 251292 77378 8586 28133
internal_value=-2.66033e-05 0.00267309 -0.0183614 0.00438549 -0.00409817 -0.00160345 0.00146042 0.00991509 0.00573874 -0.0149203 0.00593734 -0.0156959 -0.00240264 -0.0099402
internal_weight=93420.3 81437.7 11982.7 65002.6 16435.1 11525.9 20567.2 2656.12 44435.4 9357.19 44079.4 9088.2 11246.4 4909.18
internal_count=620154 507917 112237 388510 119407 82720 129238 15775 259272 82798 257020 80445 80684 36687
is_linear=0
shrinkage=0.05


Tree=23
num_leaves=15
num_cat=0
split_feature=3 79 73 27 71 79 70 74 70 74 74 71 71 69
split_gain=610.029 397.098 136.802 125.639 88.9188 81.2915 77.932 119.633 95.0105 85.7088 79.7617 77.1239 76.9648 111.297
threshold=0.075000001117587103 0.085139945149421706 0.46427723765373236 0.87120267748832714 0.026106448844075206 0.01926355063915253 -0.018269026651978489 -0.015850028023123738 -0.0087212771177291853 -0.0087665244936943037 -0.002140838652849197 0.028925438411533836 0.048369815573096282 -0.045439498499035828
decision_type=2 8 2 2 2 10 2 2 2 2 2 2 2 8
left_child=1 3 4 5 6 -1 -3 -8 -9 -10 -11 -4 13 -2
right_child=12 2 11 -5 -6 -7 7 8 9 10 -12 -13 -14 -15
leaf_value=-0.019593824407346559 0.010238554924531833 -0.0068787751870825302 -0.0038741194744707796 -0.0058850910024300443 -0.015042174933775843 -0.0099740604669612404 0.030821767691112736 -0.0068568097786195206 0.028982378316166721 -0.0025425106715985103 0.011338998737692585 0.011772288550306228 -0.0074009558193279179 0.00309694284105245
leaf_weight=3619.624116525054 6240.072811588645 950.98095270991325 12614.030629962683 11327.122341647744 500.35441537946463 5682.9858753010631 535.52244094014168 1109.8407966122031 486.43137684464455 1480.1917628422379 3404.7256778404117 830.38477972149849 1516.5877778083086 43094.99830262363
leaf_count=31479 35219 5865 88773 91898 3283 46320 3359 7070 3142 9658 22014 5660 9377 257206
internal_value=-3.51185e-05 -0.00445259 0.000235054 -0.00942941 0.00520954 -0.0137341 0.00649857 0.00831882 0.00641484 0.00916471 0.00713612 -0.0028997 0.00366066 0.00400213
internal_weight=93393.9 42542.2 21912.5 20629.7 8468.05 9302.61 7967.69 7016.71 6481.19 5371.35 4884.92 13444.4 50851.7 49335.1
internal_count=620323 318521 148824 169697 54391 77799 51108 45243 41884 34814 31672 94433 301802 292425
is_linear=0
shrinkage=0.05


Tree=24
num_leaves=15
num_cat=0
split_feature=0 0 0 73 27 73 73 74 84 74 73 74 53 17
split_gain=1673.41 255.887 246.407 94.2443 85.8762 72.5057 134.419 120.804 89.2154 68.7541 70.6971 69.5504 63.5393 62.4788
threshold=0.019284108653664592 0.025793320499360565 0.014243142679333689 0.67617759108543407 0.90315562486648571 0.31657269597053533 0.25739786028862005 -0.019179445691406723 3.5000000000000004 -0.010161864571273325 0.53842857480049144 -0.010850483551621435 -0.27784344553947443 78.113368988037124
decision_type=2 2 2 2 2 2 2 2 2 2 2 2 10 2
left_child=2 3 -1 -2 -4 6 -3 8 -7 10 11 -9 -11 -8
right_child=1 5 4 -5 -6 7 13 9 -10 12 -12 -13 -14 -15
leaf_value=-0.029688356181301324 1.6941366142640122e-05 0.0041289554237587877 -0.017504530962347466 -0.0075496290795143478 -0.008438207995097367 -0.0033136449018771929 0.018834981952645272 -0.00089526020853068267 -0.030854275807324728 0.0056393284447846213 0.018263766793030375 0.022340064344098073 0.0017968285818485757 0.0014524865970307161
leaf_weight=2768.858946017921 14332.406075589359 7360.2732937335968 5171.9817178174853 5762.773335956037 5339.1739681512117 1251.9066411405802 3021.18741966784 1499.1949407756329 375.54986415803432 18924.035382047296 1640.9988068640232 399.93677161633968 24949.782257944345 625.35617034137249
leaf_count=31903 99856 41827 46533 42120 46132 7400 16891 8723 2263 111397 9732 2311 150138 3561
internal_value=2.87621e-06 0.00272745 -0.0164293 -0.00215563 -0.0129117 0.00436166 0.00802834 0.00353724 -0.0098185 0.00399764 0.0106927 0.00408924 0.00345512 0.0158661
internal_weight=93423.4 80143.4 13280 20095.2 10511.2 60048.2 11006.8 49041.4 1627.46 47413.9 3540.13 1899.13 43873.8 3646.54
internal_count=620787 496219 124568 141976 92665 354243 62279 291964 9663 282301 20766 11034 261535 20452
is_linear=0
shrinkage=0.05


Tree=25
num_leaves=15
num_cat=0
split_feature=0 0 0 73 0 73 73 69 74 74 72 68 72 71
split_gain=1506.47 296.031 144.027 95.7484 88.43 73.7864 71.9217 301.484 109.714 92.9517 174.994 189.651 181.602 141.046
threshold=0.020257460884749893 0.016315237618982795 0.026164467446506027 0.47120265662670141 0.012468064669519665 0.67617759108543407 0.31214115023612982 0.042283250018954284 -0.019179445691406723 0.0021378471283242111 0.021474678069353107 -0.039862519130110734 0.014348696917295458 -0.0031491612317040558
decision_type=2 2 2 2 2 2 2 10 2 2 10 8 10 2
left_child=1 4 5 -3 -1 -2 7 9 -8 -4 11 12 -11 -14
right_child=2 3 6 -5 -6 -7 8 -9 -10 10 -12 -13 13 -15
leaf_value=-0.03502755064601798 0.0010014841148831021 0.00015141748567676732 0.0018380850143774746 -0.011435486647603608 -0.019695605837722185 -0.0060221241506197209 -0.0093126449948760567 0.039949652708090359 0.0037103531146302996 0.059874838285488188 -0.0052956191300203214 0.0032277643173810491 0.0021255068892018264 0.037312232816327943
leaf_weight=1194.9895013570786 13187.064142979681 2328.9486436024308 6199.3269848823547 7591.3467454314232 4774.9513466209173 5208.1792367994785 1665.9678902924061 672.94208411872387 46670.08734691143 378.45521672070026 1059.7137187868357 1138.3237534612417 565.55410872399807 566.34557168185711
leaf_count=14620 89937 18019 35060 64556 49033 37425 9924 3551 276592 2111 6054 6484 3161 3132
internal_value=-9.78604e-06 -0.0140263 0.00287252 -0.00871786 -0.022818 -0.000989276 0.00407823 0.00781113 0.00325966 0.00559017 0.0118407 0.018691 0.0302474 0.0199037
internal_weight=93202.2 15890.2 77312 9920.3 5969.94 18395.2 58916.7 10580.7 48336.1 9907.72 3708.39 2648.68 1510.35 1131.9
internal_count=619659 146228 473431 82575 63653 127362 346069 59553 286516 56002 20942 14888 8404 6293
is_linear=0
shrinkage=0.05


Tree=26
num_leaves=15
num_cat=0
split_feature=0 0 0 27 73 70 68 73 70 73 69 84 0 69
split_gain=1413.28 270.329 186.372 126.956 82.6337 80.1954 70.0733 59.7722 104.915 57.6608 231.319 72.7394 56.8926 56.8842
threshold=0.018735888414084915 0.030326780863106254 0.015133020002394916 0.80663570761680614 0.68743640184402477 -0.044312106445431702 0.041905201971530921 0.077547188848257079 -0.002195091918110847 0.31657269597053533 0.03979728743433953 1.0000000180025095e-35 0.011161927599459888 0.13544805347919467
decision_type=2 2 2 2 2 2 10 2 2 2 10 2 2 10
left_child=2 3 12 4 6 -3 -2 8 -7 10 11 -5 -1 -4
right_child=1 5 13 9 -6 7 -8 -9 -10 -11 -12 -13 -14 -15
leaf_value=-0.040184245161422112 -0.0035876699521947908 -0.018492645026452217 -0.01281255216283753 0.018870382793851684 -0.011551980317060805 0.026941439842993044 0.016008492390808333 0.0044942604472421625 0.0018144142944261331 0.0002367835834794376 0.045942648057589797 -0.0023855875196044565 -0.022892587759925344 0.012090019980755618
leaf_weight=578.29337282478809 9239.9672632813454 361.572514295578 7437.3983601778746 507.45328459143639 3529.4017250463367 806.76756507158279 470.05926343053579 44799.577047526836 848.58695270121098 19071.311754576862 340.53934266418219 1803.9350247532129 3217.4528953135014 229.09810760617256
leaf_count=7469 62622 2300 66503 3169 25258 4343 3256 259493 4696 129699 1942 11208 36296 1998
internal_value=-0.000131954 0.00217326 -0.0165665 -0.00115312 -0.00501062 0.00465713 -0.00262353 0.00484126 0.0141488 0.00119909 0.00809261 0.00234224 -0.0256257 -0.0120536
internal_weight=93241.4 81779.2 11462.2 34962.7 13239.4 46816.5 9710.03 46454.9 1655.35 21723.2 2651.93 2311.39 3795.75 7666.5
internal_count=620252 507986 112266 237154 91136 270832 65878 268532 9039 146018 16319 14377 43765 68501
is_linear=0
shrinkage=0.05


Tree=27
num_leaves=15
num_cat=0
split_feature=1 57 1 27 72 70 3 27 53 54 73 69 72 72
split_gain=804.609 206.664 128.586 109.575 92.1714 86.8299 72.8239 70.9881 67.092 86.4351 59.8532 270.305 113.276 167.537
threshold=0.011925048660486938 0.023509191349148754 0.0091191297397017496 0.75264030694961559 0.0047871635761111983 -0.030434315092861649 0.12500000372529033 0.90315562486648571 -0.16666501760482785 0.37747371196746832 0.31214115023612982 0.042283250018954284 0.011299594305455686 0.013739499729126694
decision_type=10 10 8 2 10 2 2 2 10 10 2 10 10 10
left_child=2 3 -1 6 -3 -6 -2 -4 -5 -10 11 12 -7 -14
right_child=1 4 7 8 5 10 -8 -9 9 -11 -12 -13 13 -15
leaf_value=-0.019502208587461982 -0.008633089754817835 -0.0027803505257356642 -0.013491213352246376 0.003956377901272067 -0.0088129089107558279 -0.00523104713140677 -0.00041139072208551348 -0.0040099596384564392 -0.0081589964574719492 0.0012406852408880257 0.00387223951978851 0.037639749366619873 0.02462543385417057 0.004653588172560637
leaf_weight=3990.1618503406644 6846.8145411983132 4916.2393373474479 3736.1763584539294 9001.5615914091468 1196.6739977449179 1786.1728290170431 4437.3652933686972 4199.6753577291965 3636.1179237663746 7422.1165583357215 35186.279297456145 719.98921282589436 1338.3481855541468 4778.7682728692889
leaf_count=43783 49077 31183 33434 56415 7145 10446 26303 35597 26252 48960 213487 3819 7624 26771
internal_value=-6.22943e-05 0.00171793 -0.0121844 -0.00146392 0.00371555 0.00442559 -0.00540323 -0.00848507 0.00075364 -0.00185465 0.00478914 0.0085216 0.00582473 0.00905624
internal_weight=93192.5 81266.4 11926 31344 49922.5 45006.2 11284.2 7935.85 20059.8 11058.2 43809.6 8623.28 7903.29 6117.12
internal_count=620296 507482 112814 207007 300475 269292 75380 69031 131627 75212 262147 48660 44841 34395
is_linear=0
shrinkage=0.05


Tree=28
num_leaves=15
num_cat=0
split_feature=2 2 2 71 18 69 71 69 74 69 84 74 68 71
split_gain=894.009 174.328 172.082 127.365 94.5269 84.4142 57.5368 56.1127 106.471 70.5569 115.698 105.429 61.0633 54.6627
threshold=0.01804874558001757 0.025585096329450611 0.012087246868759395 -0.017686145380139347 57.730802536010749 0.1269701570272446 0.048369815573096282 0.10023048147559167 -0.003287518746219575 0.093839596956968321 2.5000000000000004 -0.0027642073109745975 0.016371798701584343 -0.0016955306055024264
decision_type=2 2 2 2 2 10 2 10 2 10 2 2 10 2
left_child=2 4 -1 -4 -2 -5 7 9 13 -3 11 -11 -10 -9
right_child=1 6 3 5 -6 -7 -8 8 12 10 -12 -13 -14 -15
leaf_value=-0.026578643908308698 0.00054806085858281688 0.0041668943612533085 0.0061064092086870886 -0.012700015219182854 -0.006115554171454732 0.0066344943067820558 -0.0057490384692335077 -0.00073654168031464691 0.012256693056388997 -0.019358713543634595 0.026029661282165096 0.012588143615858605 -0.0033944120814593283 0.012496423997555163
leaf_weight=1770.3214307948947 16798.164122588933 39265.278978839517 1123.0009608864784 9710.7213127687573 7779.0899989902973 593.38156772404909 1624.0384182333946 1164.1640505045652 665.96113206446171 360.54595641791821 981.81118780374527 843.09993401169777 8006.8996748328209 2350.8093867152929
leaf_count=21743 113741 226863 8769 90832 56920 5324 10014 6745 3840 2093 5766 5000 47980 13837
internal_value=-5.28726e-05 0.00194027 -0.0121031 -0.00983917 -0.00156271 -0.0115812 0.00349817 0.00377918 0.000795981 0.00465593 0.0133832 0.00293797 -0.00217988 0.00812399
internal_weight=93037.3 79839.9 13197.4 11427.1 24577.3 10304.1 55262.6 53638.6 12187.8 41450.7 2185.46 1203.65 8672.86 3514.97
internal_count=619467 492799 126668 104925 170661 96156 322138 312124 72402 239722 12859 7093 51820 20582
is_linear=0
shrinkage=0.05


Tree=29
num_leaves=15
num_cat=0
split_feature=0 0 0 69 71 27 27 74 71 71 74 68 68 73
split_gain=1104.96 232.704 157.256 86.5681 151.46 83.9019 77.4178 71.0167 130.806 112.253 129.569 139.641 129.157 148.496
threshold=0.018625820055603984 0.023680896498262886 0.013060470111668112 -0.13803395628929135 -0.030130613595247265 0.82494017481803905 0.82494017481803905 -0.021567674353718754 -0.03858648054301738 -0.054346878081560128 -0.014015431515872477 -0.068213950842618928 -0.031967399641871445 0.36005610227584844
decision_type=2 2 2 8 2 2 2 2 2 2 2 8 10 2
left_child=2 5 -1 4 -3 -2 -4 8 -5 -9 11 -11 -13 -14
right_child=1 3 6 7 -6 -7 -8 9 -10 10 -12 12 13 -15
leaf_value=-0.030366421669291734 -0.0084781915444843078 0.0012017642309711499 -0.018566932517641899 0.0096440569193505851 0.034204604088718359 -0.00083106472104540216 -0.0091751201906035001 -0.017086303794036205 -0.012799392027040779 0.042597760521976405 0.0028231489022999597 -0.009592811774928281 0.03775092139200633 0.0076861470428156685
leaf_weight=1470.3983227387071 5885.4680767655373 817.85262905061245 3571.253197953105 990.62941597402096 595.64933826029301 9166.0810337290168 5780.3678946793079 669.22592006623745 1842.5352052301168 348.31910123676062 59195.996609136462 675.24821050465107 542.25322239100933 1632.5720663964748
leaf_count=19321 45185 4528 35580 5763 3031 66968 54874 3791 10928 1923 352307 3862 2995 9601
internal_value=-0.000180576 0.00179365 -0.0151933 0.00305042 0.0152517 -0.00382489 -0.0127777 0.00278642 -0.00494561 0.00313451 0.0033541 0.0131416 0.00940523 0.0153207
internal_weight=93183.9 82361.8 10822 67310.3 1413.5 15051.5 9351.62 65896.8 2833.16 63063.6 62394.4 3198.39 2850.07 2174.83
internal_count=620657 510882 109775 398729 7559 112153 90454 391170 16691 374479 370688 18381 16458 12596
is_linear=0
shrinkage=0.05


Tree=30
num_leaves=15
num_cat=0
split_feature=2 2 18 2 73 73 68 72 69 69 71 72 69 71
split_gain=748.272 200.144 112.322 111.569 98.5596 67.33 95.1865 103.349 95.9793 108.433 101.528 84.837 133.22 106.54
threshold=0.016415116377174858 0.024394569918513302 51.212982177734382 0.0097572309896349924 0.45992848277091986 0.6410336196422578 0.036895120516419418 0.0067631176207214603 0.11515964940190317 0.090995021164417281 0.042148336768150337 0.016811436042189602 -0.011117002926766871 -0.002500793780200183
decision_type=2 2 2 2 2 2 10 10 10 10 2 10 8 2
left_child=3 2 -2 -1 -5 6 8 -8 9 10 -3 12 -7 -13
right_child=1 5 -4 4 -6 11 7 -9 -10 -11 -12 13 -14 -15
leaf_value=-0.036082770789901734 0.0011608321749437577 0.0038772688643667931 -0.0055535401556088375 -0.00052645709066729402 -0.015073972096381319 0.019794365221714225 -6.7512219314464118e-05 0.023498232814053076 -0.0059849537644012579 0.011480575833362466 -0.0088944385967587979 0.0078931221354029812 0.00051258334199947035 -0.020299210567261992
leaf_weight=530.88222482055426 11917.625237062573 29408.133274011314 13031.4479714185 1409.8633583709598 6694.5375818535686 935.56376650929451 737.27167002856731 1250.6967171877623 2435.0332409217954 4526.8462453484535 1633.6658223867416 497.81402307748795 17035.76279976964 988.23224605619907
leaf_count=7397 82911 167600 99478 12838 70027 5488 4325 7226 14402 26191 9830 2875 103498 6010
internal_value=-2.40827e-05 0.00141085 -0.00234705 -0.014034 -0.012547 0.00298807 0.00416154 0.0148019 0.0036012 0.00425896 0.00320247 0.000575276 0.00152682 -0.0108654
internal_weight=93033.4 84398.1 24949.1 8635.28 8104.4 59449 39991.6 1987.97 38003.7 35568.6 31041.8 19457.4 17971.3 1486.05
internal_count=620096 529834 182389 90262 82865 347445 229574 11551 218023 203621 177430 117871 108986 8885
is_linear=0
shrinkage=0.05


Tree=31
num_leaves=15
num_cat=0
split_feature=0 0 0 69 74 84 68 73 69 73 68 69 74 69
split_gain=935.01 181.962 155.381 76.877 79.1481 122.82 71.5788 68.5692 80.3529 65.0266 137.198 124.044 118.963 79.7255
threshold=0.018735888414084915 0.02310941927134991 0.014977000188082458 -0.13803395628929135 -0.021567674353718754 3.5000000000000004 -0.09988760948181151 0.68877029418945324 0.12782794237136844 0.67617759108543407 0.049116047099232681 -0.042015798389911645 -0.012972702737897633 0.13544805347919467
decision_type=2 2 2 8 2 2 10 2 10 2 10 8 2 10
left_child=2 7 -1 6 5 -5 -3 8 -2 10 13 -11 -13 -6
right_child=1 3 -4 4 9 -7 -8 -9 -10 11 -12 12 -14 -15
leaf_value=-0.022851772902376916 -0.0023767881089234812 0.0067966312721449811 -0.0098503307749412457 6.809412412403214e-06 0.0034040185262106306 -0.024608246539035032 0.031245550914494602 -0.0098919820968715322 0.023424550702318386 0.02994071163065494 0.03022641066881418 0.027274636935349802 -0.00086566831115300581 0.025526311497571126
leaf_weight=3314.5883638188243 9306.4523558318615 993.97968663275242 7552.2536421939731 2250.7650027871132 46144.033657677472 644.02013795077801 423.45965351164341 3297.1061449795961 301.89602630585432 336.94396643340588 479.09940724074841 373.9704607874155 17165.993614763021 401.15990528464317
leaf_count=41733 69158 5397 70363 13187 270289 3923 2148 26009 2252 1995 2836 2242 106121 2403
internal_value=-5.74867e-05 0.00176695 -0.0138334 0.00278328 0.00254109 -0.00553531 0.0142685 -0.00368172 -0.00154259 0.00290212 0.00387777 0.000334976 -0.000250488 0.00360013
internal_weight=92985.7 82118.9 10866.8 69213.4 67796 2894.79 1417.44 12905.5 9608.35 64901.2 47024.3 17876.9 17540 46545.2
internal_count=620056 507960 112096 410541 402996 17110 7545 97419 71410 385886 275528 110358 108363 272692
is_linear=0
shrinkage=0.05


Tree=32
num_leaves=15
num_cat=0
split_feature=0 0 0 71 69 69 71 27 70 69 71 70 69 71
split_gain=854.736 168.39 165.069 104.791 92.1874 92.265 70.9474 69.5536 66.5037 96.7138 121.356 77.9873 54.2251 59.2149
threshold=0.018625820055603984 0.014243142679333689 0.027281288057565693 -0.0082825054414570314 0.041767353191971786 0.049152795225381858 0.048369815573096282 0.70330381393432628 -0.044312106445431702 -0.13803395628929135 -0.030130613595247265 0.027393514290452007 0.13544805347919467 -0.017686145380139347
decision_type=2 2 2 2 8 8 2 2 2 8 2 2 10 2
left_child=1 -1 3 4 -2 -6 8 -5 -4 10 -10 -11 13 -3
right_child=2 12 6 7 5 -7 -8 -9 9 11 -12 -13 -14 -15
leaf_value=-0.025207571235812049 -0.0021555891194028412 0.0032413585381628413 -0.017348697364405679 -0.0083984936855498234 0.034834235623954206 0.0071062370583258594 -0.0071008558998423947 -0.0016604576421883951 0.0043044247968993445 0.0034986518157481164 0.038348194067383067 -0.015712347336683065 0.012904579481606289 -0.012120660303801011
leaf_weight=2375.9229829534888 2980.7635429129004 683.05779758840799 371.47652073204517 5124.666583865881 328.13079129904509 2760.340267971158 1627.9542605131865 15101.405999861658 637.42748899757862 52660.016024723649 437.67055571079254 523.93412071466446 241.09514188021421 7192.407193236053
leaf_count=31817 19433 5713 2386 37912 2101 18316 10058 108212 3333 304041 2061 3048 2193 70110
internal_value=-8.12586e-05 -0.0135163 0.00162775 -0.00164214 0.00411538 0.0101551 0.00315612 -0.00337098 0.00346301 0.00360867 0.0183893 0.00330648 -0.0100671 -0.0107859
internal_weight=93046.3 10492.5 82553.8 26295.3 6069.23 3088.47 56258.5 20226.1 54630.5 54259 1075.1 53184 8116.56 7875.46
internal_count=620734 109833 510901 185974 39850 20417 324927 146124 314869 312483 5394 307089 78016 75823
is_linear=0
shrinkage=0.05


Tree=33
num_leaves=15
num_cat=0
split_feature=0 0 0 72 70 69 72 69 22 69 69 84 70 69
split_gain=794.643 179.775 117.55 79.667 65.636 90.7685 68.4685 50.6475 49.5084 48.814 157.399 133.406 128.684 116.731
threshold=0.018278241157531742 0.023907000198960308 0.014612839557230474 0.0046126006636768588 -0.044312106445431702 -0.13803395628929135 0.019190592691302303 0.13544805347919467 89.75012588500978 0.10023048147559167 0.093839596956968321 2.5000000000000004 -0.0049934315029531709 0.1269701570272446
decision_type=2 2 2 10 2 8 10 10 8 10 10 2 2 10
left_child=2 8 -1 -3 -5 6 -6 -4 -2 10 -7 -12 13 -11
right_child=1 3 7 4 5 9 -8 -9 -10 12 11 -13 -14 -15
leaf_value=-0.022425826489183679 -0.0021688431997942885 -0.0031199306718351612 -0.010922764280483258 -0.017055060824465253 0.031334086555864685 0.0031276957074814118 0.0072818412338896098 0.013635960565179071 -0.010737697383032464 0.00413759508165928 0.0058215468173768896 0.029813447237250462 -0.0016173160813308957 0.030542692913443595
leaf_weight=2747.073707036674 14569.078400395811 5454.5370056629181 6594.1325241327286 388.39918802678585 475.39873230457306 43971.749980442226 779.50651320815086 208.64860851317644 1897.7959406524897 1387.7704600095749 1326.5892974734306 1027.3290123194456 11605.379928290844 591.75632938742638
leaf_count=36736 109529 33100 63942 2519 2390 256607 4002 1879 14783 8142 7887 5992 69949 3449
internal_value=-4.65191e-05 0.0015171 -0.0137014 0.00266734 0.00318059 0.00331186 0.0165693 -0.0101506 -0.00316232 0.00303144 0.00380417 0.0163742 0.00039551 0.0121449
internal_weight=93025.1 83475.3 9549.85 67008.4 61553.9 61165.5 1254.91 6802.78 16466.9 59910.6 46325.7 2353.92 13584.9 1979.53
internal_count=620906 518349 102557 394037 360937 358418 6392 65821 124312 352026 270486 13879 81540 11591
is_linear=0
shrinkage=0.05


Tree=34
num_leaves=15
num_cat=0
split_feature=0 0 0 71 69 68 72 72 68 72 69 74 68 73
split_gain=682.66 153.384 118.635 102.954 112.45 220.097 103.487 117.232 169.409 100.809 96.2229 72.0965 68.2577 75.1738
threshold=0.019284108653664592 0.014243142679333689 0.030326780863106254 -0.0082825054414570314 0.041767353191971786 -0.019749879837036129 0.0091804503463208693 0.0064592105336487302 -0.00074650277383625497 0.0059294532984495172 0.093839596956968321 -0.011990816798061131 0.063369292765855803 0.26221519708633428
decision_type=2 2 2 2 8 10 10 10 10 10 8 2 8 2
left_child=1 -1 3 4 11 -6 7 9 -9 -7 -10 -2 13 -5
right_child=2 -3 -4 12 5 6 -8 8 10 -11 -12 -13 -14 -15
leaf_value=-0.022731187848952856 -0.011354697327378642 -0.0083670472354810243 0.0032405576223503403 0.01450520265738009 0.046943921475274736 0.012452025766415513 -0.0078832339296730537 -0.0022817307221579316 0.044422617991961268 -0.017762011024526674 0.011958946081322471 0.0029901307507406013 -0.015109105510950519 -0.0021549753642455313
leaf_weight=2296.3839941881597 1269.5937530174851 9721.2787275090814 47575.704365745187 687.06152164191008 362.13669753074646 613.63204589486122 919.69842770695686 533.81859708577394 623.22620394825935 485.39026463031769 371.83203589171171 2767.6804403141141 974.74624200165272 23748.975361652672
leaf_count=32031 7912 92527 271508 4318 2135 3971 5773 3256 3962 3150 2402 17374 6771 163729
internal_value=-1.37067e-05 -0.0111284 0.00163787 -0.000648215 0.00431546 0.0103481 0.006491 0.0115324 0.0204402 -0.000932033 0.0325313 -0.00153777 -0.00220165 -0.0016808
internal_weight=92951.2 12017.7 80933.5 33357.8 7947.01 3909.73 3547.6 2627.9 1528.88 1099.02 995.058 4037.27 25410.8 24436
internal_count=620819 124558 496261 224753 49935 24649 22514 16741 9620 7121 6364 25286 174818 168047
is_linear=0
shrinkage=0.05


Tree=35
num_leaves=15
num_cat=0
split_feature=0 0 0 27 27 72 72 72 69 69 72 73 73 69
split_gain=716.679 139.001 116.748 83.7779 74.5173 60.0065 98.0906 95.1503 97.4577 279.998 85.998 111.355 84.4534 377.208
threshold=0.018278241157531742 0.02310941927134991 0.012468064669519665 0.84296813607215892 0.9266379475593568 0.0062138757202774295 0.0056083500385284433 0.008131067734211685 0.099234916269779219 0.093334153294563307 0.0046126006636768588 0.7083861529827119 0.31214115023612982 0.042283250018954284
decision_type=2 2 2 2 2 10 8 10 10 10 10 2 2 10
left_child=2 4 -1 -4 -2 6 10 8 9 -7 -3 -12 13 -9
right_child=1 5 3 -5 -6 7 -8 12 -10 -11 11 -13 -14 -15
leaf_value=-0.029579634499659408 -0.0066419348238128603 -0.0023080568313072034 -0.017322951823969094 -0.0071263789809984579 0.00069289153983513097 0.0072676520473961602 -0.0073434692181756972 0.0034508631244207799 0.0010694139228147415 0.040871101341348151 0.010992783570816426 -0.0054018119662574702 0.00049760417860788327 0.045204704680021364
leaf_weight=966.65613704919815 7298.4765513390303 5752.7273305356503 3391.7157209590077 5003.6741692051291 6577.2891091555357 8068.7635435834527 3867.4617118313909 10446.808589056134 4934.3611034527421 662.43889211118221 3805.3944203034043 1414.6559845656157 29999.699153073132 560.62138400971889
leaf_count=14668 57542 35268 36681 51231 49353 47751 23503 58487 29809 3854 22752 8853 177085 2841
internal_value=-7.28299e-05 0.00140039 -0.0131824 -0.0112615 -0.00316714 0.00231245 -0.000506971 0.00307771 0.00668964 0.009861 0.00190711 0.00654794 0.0018727 0.00561654
internal_weight=92750.7 83388.7 9362.05 8395.39 13875.8 69512.9 14840.2 54672.7 13665.6 8731.2 10972.8 5220.05 41007.1 11007.4
internal_count=619678 517098 102580 87912 106895 410203 90376 319827 81414 51605 66873 31605 238413 61328
is_linear=0
shrinkage=0.05


Tree=36
num_leaves=15
num_cat=0
split_feature=0 0 0 18 68 68 70 68 70 69 69 69 69 68
split_gain=590.376 116.144 114.006 77.2199 67.9014 53.2021 51.5518 84.6426 52.8719 49.1855 122.572 79.4146 143.23 73.4204
threshold=0.018510864116251472 0.030631781555712227 0.013060470111668112 55.928442001342781 0.057005966082215316 -0.019749879837036129 0.0083465380594134348 0.050766840577125556 0.0028945357771590356 0.10132142156362535 0.090995021164417281 0.13544805347919467 0.14803105592727664 0.016010948456823829
decision_type=2 2 2 2 8 8 2 10 2 10 10 10 10 10
left_child=2 3 -1 9 6 -4 7 -5 -9 10 -2 13 -13 -11
right_child=1 -3 5 4 -6 -7 -8 8 -10 11 -12 12 -14 -15
leaf_value=-0.02552224309048854 0.00099119687361334222 0.0029629844753879674 0.0066457685236765351 -0.0023132224916028745 -0.015179099815305736 -0.010494287762375334 -0.0098948720950895758 0.0020791739911009822 0.032557435752370273 0.014627778133922376 0.016819601035420222 0.033144839238390074 -0.010599276538875445 -0.0096963401220883927
leaf_weight=1279.9780882038176 16772.270520202816 46837.802232220769 473.13993689417839 10215.187758699059 1172.8514776751399 8053.1882872730494 2053.7563640698791 284.27746913582087 277.85367166250944 336.96322893351316 1309.4394403547049 356.61809235066175 374.77143719792366 3000.1030037626624
leaf_count=19405 111321 266340 4081 71634 8384 83964 14221 2036 2015 2243 8813 2416 2610 20761
internal_value=-5.14678e-05 0.00131989 -0.0116469 -0.000808986 -0.00371379 -0.00953649 -0.00265477 -0.00126718 0.0174499 0.00102835 0.00214612 -0.00393249 0.0108893 -0.00720383
internal_weight=92798.2 82991.9 9806.31 36154.1 14003.9 8526.33 12831.1 10777.3 562.131 22150.2 18081.7 4068.46 731.39 3337.07
internal_count=620244 512794 107450 246454 98290 88045 89906 75685 4051 148164 120134 28030 5026 23004
is_linear=0
shrinkage=0.05


Tree=37
num_leaves=15
num_cat=0
split_feature=0 0 27 27 71 69 71 70 72 71 69 70 69 70
split_gain=570.572 145.221 85.4682 83.6152 58.4637 60.8237 58.226 117.874 100.915 80.2366 99.5235 72.556 98.0481 71.242
threshold=0.017104342579841617 0.022773941978812221 0.6328435242176057 0.89629167318344127 -0.0069423320237547151 0.13544805347919467 0.001149674935732037 -0.010116796009242533 0.013513676356524231 0.00033866609737742698 0.095358736813068404 -0.0073174638673663131 0.064066708087921156 -0.030434315092861649
decision_type=2 2 2 2 2 10 2 2 10 2 10 2 10 2
left_child=3 2 -2 -1 -4 -6 9 8 -8 13 -11 12 -9 -3
right_child=1 6 4 -5 5 -7 7 11 -10 10 -12 -13 -14 -15
leaf_value=-0.020054142936558203 -0.012380218689318868 -0.0094905882977277239 0.0039521688020832824 -0.0087639522601919533 -0.0046381070660264636 0.013695637171306563 0.001618346944544659 0.00042078609889845229 -0.022127454652538917 0.0071348478171952452 0.038768227743462946 0.00094864344231354754 0.032007533441601503 0.0035556611591048902
leaf_weight=3174.5317777767777 2243.0819078609347 1076.5525953322649 3266.3786603659391 3438.9181736819446 9383.2609129622579 465.74024028331041 793.84595055878162 546.02474075555801 1011.549756757915 893.34856420755386 337.95697714388371 37026.821134984493 437.04641890525818 28732.678042724729
leaf_count=38724 18941 6350 23970 39902 76989 3697 4659 3256 5933 5301 2015 223546 2553 164851
internal_value=-6.34348e-05 0.00102291 -0.00338331 -0.0142055 -0.00183633 -0.00375813 0.00197833 0.000712466 -0.0117348 0.00360129 0.0160596 0.00130662 0.0146443 0.00308147
internal_weight=92827.7 86214.3 15358.5 6613.45 13115.4 9849 70855.8 39815.3 1805.4 31040.5 1231.31 38009.9 983.071 29809.2
internal_count=620687 542061 123597 78626 104656 80686 418464 239947 10592 178517 7316 229355 5809 171201
is_linear=0
shrinkage=0.05


Tree=38
num_leaves=15
num_cat=0
split_feature=1 53 54 73 69 27 72 73 73 69 72 69 72 68
split_gain=306.547 132.532 150.279 98.3632 98.8084 97.0069 74.6405 114.65 69.795 90.2958 71.4511 58.0212 58.4755 57.9124
threshold=0.010918685235083105 -0.20431534200906751 0.37747371196746832 0.31657269597053533 0.027720605023205284 0.95429557561874401 0.0062138757202774295 0.46427723765373236 0.68223786354064953 -0.029061963781714436 0.016811436042189602 0.054390531033277519 0.0057172416709363469 -0.021990260109305378
decision_type=10 10 10 2 10 2 10 2 2 8 10 10 10 10
left_child=5 8 3 4 -3 -1 7 -4 -2 -10 -11 12 -9 -5
right_child=1 2 6 13 -6 -7 -8 11 9 10 -12 -13 -14 -15
leaf_value=-0.014575974778861953 0.0041469433535264279 0.00014925548883895894 0.020673872625648095 -0.019560644066452457 0.028672742477194521 -0.0034092668686586773 0.0029757154685466762 0.014776628715827009 0.021739156111894156 -0.00041581434828096681 -0.016659995092484694 -0.0062246458125640725 -0.0095900219696593552 -0.0057881984326647925
leaf_weight=4124.5103396587074 32216.583902426064 2415.6211702004075 477.178994320333 807.39739801362157 337.28418643027544 3687.2246643714607 19397.671687684953 698.75165513902903 420.44987901300192 8724.6311743296683 723.94203966856003 6233.8698241487145 368.87039711326361 12079.244925696403
leaf_count=46772 187824 14814 3040 5164 1965 39056 120894 4656 2441 55173 4342 42426 2488 89099
internal_value=0.000155557 0.00102805 -0.000930438 -0.00483363 0.00373506 -0.00931626 0.00131674 -0.00281876 0.00302027 -0.000658146 -0.00167673 -0.00438027 0.00634692 -0.00666559
internal_weight=92713.2 84901.5 42815.9 15639.5 2752.91 7811.74 27176.3 7778.67 42085.6 9869.02 9448.57 7301.49 1067.62 12886.6
internal_count=620154 534326 284546 111042 16779 85828 173504 52610 249780 61956 59515 49570 7144 94263
is_linear=0
shrinkage=0.05


Tree=39
num_leaves=15
num_cat=0
split_feature=0 0 0 73 69 53 69 57 24 69 69 53 54 58
split_gain=459.956 111.691 98.7691 68.7158 72.7569 56.8683 54.3778 59.0987 48.5021 46.9483 42.8169 42.616 40.711 36.5625
threshold=0.017461302690207962 0.024024326354265216 0.01037111133337021 0.47120265662670141 0.090995021164417281 -0.19826467335224149 -0.13803395628929135 0.057663613930344589 -0.015539743006229399 0.13544805347919467 0.040359048172831542 -0.35402038693428034 0.48850095272064215 0.0056024079676717528
decision_type=2 2 2 2 8 8 8 10 2 10 10 10 10 2
left_child=2 3 -1 4 13 -5 7 -3 -6 -4 -7 -8 -13 -2
right_child=1 6 9 5 8 10 11 -9 -10 -11 -12 12 -14 -15
leaf_value=-0.040377091620468958 -0.0023622548324876837 0.026401803676169427 -0.011516251080490467 0.0040790608016730689 0.030937192627910445 -0.01123317748608315 0.0036686043706022965 0.0046870638275684105 0.0065120374595322231 0.013604292586166493 -0.0038872234073730966 -0.00060778285362820259 0.0024084630618786598 0.0099751110191247938
leaf_weight=286.73760051652789 3327.5965988337994 449.68737445771694 6770.4728549085557 1793.7651458084583 319.01577786356211 2517.3488180711865 20733.353026792407 1002.4190976023674 550.68502999842167 183.20588397979736 9330.5921809449792 21986.842227995396 22758.673755817115 722.2845751568675
leaf_count=4951 23908 2263 78918 13700 2282 20175 118300 5286 4128 1909 74854 130965 133796 5154
internal_value=3.14801e-05 0.00105679 -0.0120598 -0.00237415 0.00268793 -0.00420031 0.00200847 0.0115463 0.0157213 -0.0108358 -0.00545619 0.00179523 0.00092655 -0.000142771
internal_weight=92732.7 85492.3 7240.42 18561.3 4919.58 13641.7 66931 1452.11 869.701 6953.68 11847.9 65478.9 44745.5 4049.88
internal_count=620589 534811 85778 144201 35472 108729 390610 7549 6410 80827 95029 383061 264761 29062
is_linear=0
shrinkage=0.05


Tree=40
num_leaves=15
num_cat=0
split_feature=0 0 73 68 74 73 72 68 73 50 73 72 74 84
split_gain=474.091 104.53 87.3267 205.102 187.972 244.329 187.935 155.458 131.362 130.381 124.967 113.404 110.581 110.177
threshold=0.018510864116251472 0.013060470111668112 0.31657269597053533 -0.03380355425179004 0.0021378471283242111 0.28004266321659094 0.012092315126210453 -0.068213950842618928 0.32778233289718633 0.048513049259781844 0.26681958138942724 0.010908138938248159 -0.0026918275980278845 1.5000000000000002
decision_type=2 2 2 10 2 2 10 10 2 2 2 10 2 2
left_child=1 -1 3 4 7 9 10 12 -4 -6 11 -5 13 -2
right_child=2 -3 8 6 5 -7 -8 -9 -10 -11 -12 -13 -14 -15
leaf_value=-0.024256102837012395 -0.001979563860487032 -0.0084893241279095383 -0.019991762936874387 0.035862648199074296 0.023717778719303143 0.049306438002684028 0.036910901446576029 -0.010439096763203698 0.00079826765408889163 0.00082476783330820706 -0.0026850053464913272 0.0017276275315420146 -0.016551441286138498 0.018048931855326755
leaf_weight=1199.2358586788177 1292.2367510795593 8301.7885579802096 758.2563119828701 571.54574357718229 815.2699663490057 360.200330324471 814.17689932882786 3557.7881717309356 69086.294374495745 2527.4829066097736 1127.6558855399489 420.16868913918734 507.95037342607975 1450.8859993740916
leaf_count=19274 7190 88130 4525 3237 4628 1954 4398 20580 433271 14258 6208 2432 2770 8151
internal_value=7.28774e-05 -0.0105028 0.00128038 0.00496883 0.00170046 0.0107515 0.0166348 -0.00323041 0.000569734 0.00646227 0.00870883 0.021562 0.00466618 0.00864094
internal_weight=92790.9 9501.02 83289.9 13445.4 10511.8 3702.95 2933.55 6808.86 69844.6 3342.75 2119.37 991.714 3251.07 2743.12
internal_count=621006 107404 513602 75806 59531 20840 16275 38691 437796 18886 11877 5669 18111 15341
is_linear=0
shrinkage=0.05


Tree=41
num_leaves=15
num_cat=0
split_feature=0 0 72 72 18 70 54 8 57 72 72 68 70 68
split_gain=429.066 133.547 80.057 71.7494 66.4818 60.1843 58.6769 58.5777 49.23 65.8622 57.8079 75.2279 55.6261 47.8497
threshold=0.019819412380456928 0.013060470111668112 0.0046126006636768588 0.0040987152606248864 65.807651519775405 -0.030434315092861649 0.9051063358783723 1.0000000180025095e-35 0.021958390250802044 0.013164927251636984 0.012218077201396229 0.01814153511077166 0.027393514290452007 0.039015367627143867
decision_type=2 2 10 8 2 2 8 2 8 10 10 10 2 10
left_child=1 -1 3 13 5 -4 -5 -3 9 10 -7 -12 -10 -2
right_child=2 7 4 6 -6 8 -8 -9 12 -11 11 -13 -14 -15
leaf_value=-0.024404852289507801 -0.0011444963975935996 -0.0083393772355439075 -0.0085424140202547613 -0.013495438391882657 -0.0024881748269772429 0.001205295755783431 0.0010660944782589007 0.0013873158804745146 0.0037553655994692057 -0.0044083454495474341 0.021083141738605222 -0.0024986415648885936 -0.011945278302853322 0.015602036870739203
leaf_weight=1181.4513404481113 3521.1663167253137 9859.2209533117712 1220.9650994762778 2278.9074854999781 7746.425668515265 13253.192382723093 989.51128029823303 1832.7313030213118 43395.416603274643 4999.8215790987015 851.35099621862173 553.63486627489328 562.08979933708906 475.18904613703489
leaf_count=19388 22767 98006 7280 14817 48642 85357 6043 19041 254248 30053 5148 3571 3257 3095
internal_value=2.03576e-05 -0.00844683 0.00138636 -0.00361464 0.00188734 0.00241041 -0.00909714 -0.00681482 0.00262194 0.000541626 0.00223189 0.0118387 0.00355193 0.000880733
internal_weight=92721.1 12873.4 79847.7 7264.77 72582.9 64836.5 3268.42 11692 63615.5 19658 14658.2 1404.99 43957.5 3996.36
internal_count=620713 136435 484278 46722 437556 388914 20860 117047 381634 124129 94076 8719 257505 25862
is_linear=0
shrinkage=0.05


Tree=42
num_leaves=15
num_cat=0
split_feature=0 0 0 73 68 71 72 72 71 73 68 73 74 71
split_gain=377.215 115.839 92.6055 65.9182 69.6612 58.6611 59.031 63.0664 56.4756 66.6895 120.81 114.422 92.8948 92.3424
threshold=0.017104342579841617 0.022773941978812221 0.011161927599459888 0.68877029418945324 0.041905201971530921 0.01045523537322879 0.0064592105336487302 0.01234284369274974 0.048369815573096282 0.31214115023612982 -0.028726507909595963 0.25739786028862005 -0.019179445691406723 -0.017081339843571183
decision_type=2 2 2 2 10 2 10 10 2 2 10 2 2 2
left_child=2 3 -1 4 5 6 -2 -8 9 11 -11 -3 13 -12
right_child=1 8 -4 -5 -6 -7 7 -9 -10 10 12 -13 -14 -15
leaf_value=-0.034538549597409679 -0.0050522960376548978 0.0018798715179349124 -0.010205547544040773 -0.0086994469439145919 0.01549162058179065 -0.0084087738895206425 0.0064329178933379694 -0.0083431045738330874 -0.0070266103698413121 -0.010923937321933884 0.001505069384763141 0.012530732416199428 0.0019861308824754764 -0.022262414216393633
leaf_weight=411.47834824770689 3312.910647124052 7677.075509108603 5889.4493180513382 3936.2124618217349 582.91905769705772 2743.5956015065312 3818.378886513412 880.95304923504591 1811.7915434911847 1973.5169762670994 833.8576492369175 3748.2613743245602 54284.136695563793 789.24601462483406
leaf_count=7469 27241 42492 71016 33665 4677 22567 29427 6461 11269 11371 4892 20091 323224 4831
internal_value=-4.60551e-05 0.000815886 -0.0118468 -0.00313334 -0.00119512 -0.00211301 5.06098e-05 0.00365112 0.00166444 0.00189262 0.00120303 0.00538196 0.00163299 -0.0101176
internal_weight=92693.8 86392.9 6300.93 15275 11338.8 10755.8 8012.24 4699.33 71117.9 69306.1 57880.8 11425.3 55907.2 1623.1
internal_count=620693 542208 78485 124038 90373 85696 63129 35888 418170 406901 344318 62583 332947 9723
is_linear=0
shrinkage=0.05


Tree=43
num_leaves=15
num_cat=0
split_feature=0 0 27 0 73 84 72 72 72 73 70 72 73 70
split_gain=341.852 102.79 110.398 81.6234 74.9227 88.9975 186.661 73.3653 116.242 125.425 90.9489 86.5319 147.793 97.0365
threshold=0.017104342579841617 0.032792858779430396 0.55265751481056224 0.01037111133337021 0.31657269597053533 1.5000000000000002 0.017317797988653186 0.0089347213506698626 0.0062138757202774295 0.47465904057025915 -0.0004578339285217225 0.0072630378417670735 0.61054381728172313 -0.0078371237032115442
decision_type=2 2 2 2 2 2 8 10 10 2 2 10 2 2
left_child=3 2 -2 -1 5 6 -4 8 9 -6 11 13 -13 -10
right_child=1 -3 4 -5 7 -7 -8 -9 10 -11 -12 12 -14 -15
leaf_value=-0.038571952536043196 -0.0090080822849711358 0.0024400459052957282 0.02090046772241301 -0.010229629703700529 0.012874774506535423 -1.5334021051801465e-05 -0.019387644900882153 -0.00427702198160438 -0.0016155300014318525 -0.0045282176590865321 0.00047790588769731722 0.011193514724871135 -0.014305023754595501 0.022555911669103632
leaf_weight=257.05782167613506 3926.186246663332 41668.217243686318 1613.2326839268208 5980.7989752702415 1132.5556070581079 2861.4202537462115 341.1095067858696 11687.993134796619 550.2941200658679 11053.327192880213 7260.9010629281402 1786.2527553886175 821.59696209430695 1665.6366254538298
leaf_count=4952 27584 234596 9753 73457 7708 17221 2070 78375 3671 80863 50934 11926 5740 11481
internal_value=-0.000163192 0.000653753 -0.00101154 -0.0114575 -0.000239527 0.00561053 0.0138057 -0.00102434 0.000543171 -0.00290155 0.00401627 0.00933032 0.0031363 0.016573
internal_weight=92606.6 86368.7 44700.5 6237.86 40774.3 4815.76 1954.34 35958.6 24270.6 12185.9 12084.7 4823.78 2607.85 2215.93
internal_count=620331 541922 307326 78409 279742 29044 11823 250698 172323 88571 83752 32818 17666 15152
is_linear=0
shrinkage=0.05


Tree=44
num_leaves=15
num_cat=0
split_feature=0 0 0 70 69 53 69 69 69 69 74 84 0 53
split_gain=335.42 105.833 70.8099 53.9753 62.668 53.3192 51.6316 113.451 64.5022 46.1439 72.0583 45.5717 44.1015 42.4319
threshold=0.016315237618982795 0.022885529324412349 0.01037111133337021 -0.030434315092861649 -0.13803395628929135 -0.28978309035301203 0.13544805347919467 0.14803105592727664 0.107115026563406 0.090995021164417281 -0.0078922570683062059 2.5000000000000004 0.05564182065427304 -0.17541626840829846
decision_type=2 2 2 2 8 10 10 10 8 10 2 2 2 10
left_child=2 6 -1 11 12 -6 8 -8 9 13 -11 -3 -5 -2
right_child=1 3 -4 4 5 -7 7 -9 -10 10 -12 -13 -14 -15
leaf_value=-0.038779431088615549 0.0026229143367234153 -0.020388463811528566 -0.011575496639657595 0.024235009632717203 0.0031425514444851049 0.00029038242235982225 0.030964651704719265 -0.010353533712701556 -0.0095723958297870716 0.03060374577259671 0.0015323895511695431 -0.00061328883929230474 0.0045466944474267471 -0.0047412691987707501
leaf_weight=245.20815802365541 2524.9198677390814 501.75618548691273 4488.2313476167619 495.3771685808897 27125.792134001851 41369.256963483989 328.8251953125 318.56527118384838 3450.3693477064371 238.51043134182692 1506.9938195794821 677.89607001841068 663.9956596493721 8589.3205443248153
leaf_count=4890 20095 2985 58642 2451 154797 247961 2590 2616 29284 1870 12844 4034 3352 71546
internal_value=-0.000112879 0.000586787 -0.0130635 0.00143622 0.00161637 0.00142021 -0.00296019 0.0107848 -0.00351204 -0.00187982 0.00565648 -0.00912519 0.0130944 -0.00306743
internal_weight=92525 87791.6 4733.44 70834.1 69654.4 68495 16957.5 647.39 16310.1 12859.7 1745.5 1179.65 1159.37 11114.2
internal_count=619957 556425 63532 415580 408561 402758 140845 5206 135639 106355 14714 7019 5803 91641
is_linear=0
shrinkage=0.05


Tree=45
num_leaves=15
num_cat=0
split_feature=0 0 71 70 73 71 71 73 70 73 70 14 71 70
split_gain=277.937 86.9654 66.5379 119.373 119.246 99.007 121.191 88.7645 91.2215 76.7345 79.8184 71.0176 69.6263 74.3798
threshold=0.018510864116251472 0.01037111133337021 0.0013411640538834038 -0.0096167018637061102 0.66095155477523815 0.042148336768150337 0.03842632286250592 0.65670570731163036 0.020869231782853607 0.6410336196422578 0.014888820704072716 -0.082531735301017747 0.016023534350097183 0.0047905938699841508
decision_type=2 2 2 2 2 2 2 2 2 2 2 8 2 2
left_child=1 -1 -2 -4 5 6 7 8 9 10 11 -5 -6 -14
right_child=2 -3 3 4 12 -7 -8 -9 -10 -11 -12 -13 13 -15
leaf_value=-0.037471259387289457 0.0025267917181649815 -0.0074133649137178084 -0.012363790828941325 0.009469347184294423 -0.0055607675264383073 -0.0086108032470218893 0.023070599595339941 0.02049098225611681 0.019133587333002685 -0.0094646640270252304 -0.009865327441643694 0.0016520203852276691 0.0051960951038109004 -0.0042468121317100118
leaf_weight=238.09042830020189 36698.97624579072 8928.3241993896663 1959.8833679556847 3554.2187434658408 10387.22337243706 1884.9408059492707 738.18499532341957 665.37329758703709 749.44328979402781 1476.5645864605904 1256.1151116862893 15751.026929050684 4250.321436136961 4074.9941921383142
leaf_count=4912 218457 102551 11802 20449 68604 11595 4334 4290 4248 9607 7484 98796 27224 26378
internal_value=2.54322e-05 -0.00823408 0.000933591 -0.000317398 0.000212379 0.00239754 0.00325851 0.00262535 0.00209492 0.00150708 0.0022992 0.0030954 -0.00283229 0.000574523
internal_weight=92613.7 9166.41 83447.3 46748.3 44788.4 26075.9 24190.9 23452.7 22787.4 22037.9 20561.4 19305.2 18712.5 8325.32
internal_count=620731 107463 513268 294811 283009 160803 149208 144874 140584 136336 126729 119245 122206 53602
is_linear=0
shrinkage=0.05


Tree=46
num_leaves=15
num_cat=0
split_feature=0 0 0 71 71 73 16 70 8 71 70 70 74 73
split_gain=273.743 80.6464 63.7459 60.274 44.7431 41.6717 39.4912 40.8323 36.2128 35.0863 92.2314 82.0723 251.171 75.5753
threshold=0.016315237618982795 0.022996764630079273 0.01037111133337021 -0.0069423320237547151 -0.017686145380139347 0.84339755773544323 25.230439186096195 -0.044312106445431702 1.0000000180025095e-35 0.001149674935732037 -0.010116796009242533 0.018066717311739925 0.017647080123424533 0.31214115023612982
decision_type=2 2 2 2 2 2 2 2 2 2 2 2 2 2
left_child=2 3 -1 -2 -4 8 7 -3 -5 11 -11 12 13 -9
right_child=1 6 4 5 -6 -7 -8 9 -10 10 -12 -13 -14 -15
leaf_value=-0.036953170877795448 0.0028051725662776163 -0.014511703644374164 0.0091947118332704192 -0.0046327209954657852 -0.011726721684840158 -0.017581893264878377 -0.0041206418129996567 0.0072784416404641193 0.0029010566686858753 -0.010598304578938676 0.0012208422913259356 -0.009210775434133657 0.032844129644328632 0.0012649800261570706
leaf_weight=231.40203617885709 4129.2628731802106 381.09582863748074 265.11646966263652 10795.121936663985 4148.3867932148278 540.79859276860952 3149.2958781793714 6986.4813599437475 1864.3040022850037 1720.7383887246251 35661.092680379748 1310.5771546065807 703.10864637047052 20656.75725749135
leaf_count=4940 30955 2496 3098 91872 55496 4838 18867 37420 16232 10166 213318 7212 3970 119659
internal_value=-3.25334e-05 0.000593163 -0.0118488 -0.00246215 -0.010452 -0.00411074 0.00134369 0.00159951 -0.00352184 0.00169325 0.000674101 0.0029772 0.00354376 0.00278689
internal_weight=92543.5 87898.6 4644.91 17329.5 4413.5 13200.2 70569.1 67419.9 12659.4 67038.8 37381.8 29656.9 28346.3 27643.2
internal_count=620539 557005 63534 143897 58594 112942 413108 394241 108104 391745 223484 168261 161049 157079
is_linear=0
shrinkage=0.05


Tree=47
num_leaves=15
num_cat=0
split_feature=0 27 0 69 17 72 72 72 69 69 69 73 73 72
split_gain=259.742 131.847 94.3236 54.2976 49.9881 59.6043 93.7967 90.0368 88.245 248.479 115.256 99.4533 107.944 87.7246
threshold=0.021773579530417923 1.0371316075325014 0.014612839557230474 0.13544805347919467 92.737739562988295 0.0062138757202774295 0.0056083500385284433 0.008131067734211685 0.099234916269779219 0.093334153294563307 0.084356073290109648 0.77486974000930797 0.68344220519065868 0.0064690886065363893
decision_type=2 2 2 10 2 10 8 10 8 10 10 2 2 10
left_child=1 2 -1 -4 5 6 -2 8 9 10 13 12 -10 -7
right_child=4 -3 3 -5 -6 7 -8 -9 11 -11 -12 -13 -14 -15
leaf_value=-0.020165295753824489 0.0012967366500492654 0.00041574717137536556 -0.0075023639938440398 0.011499396091741802 -0.0025497912113969065 -0.0026241091267782592 -0.0078035611797917254 0.0013182071489117168 0.0023513151884862211 0.038313279926802578 -0.007451394328877094 0.013532211953942384 -0.015646207489911027 0.012498487600950244
leaf_weight=1506.1659801229835 10891.453529298306 6377.9966612718999 9814.510382913053 382.28618548810482 7531.3796468600631 1190.8232247531414 3815.2333339452744 38961.130462378263 3099.5831244513392 671.80869577825069 1191.0455267056823 1248.071550861001 1128.3896841853857 4850.693433329463
leaf_count=24489 67083 61049 91018 3277 45985 7163 23479 225563 18408 3802 7043 7608 6993 28359
internal_value=6.60962e-06 -0.0053681 -0.00851791 -0.0067794 0.00131019 0.00174409 -0.00106778 0.00253421 0.00607134 0.00944776 0.00671734 0.00118931 -0.00247757 0.00951831
internal_weight=92660.6 18081 11703 10196.8 74579.6 67048.2 14706.7 52341.5 13380.4 7904.37 7232.56 5476.04 4227.97 6041.52
internal_count=621319 179833 118784 94295 441486 395501 90562 304939 79376 46367 42565 33009 25401 35522
is_linear=0
shrinkage=0.05


Tree=48
num_leaves=15
num_cat=0
split_feature=0 27 72 71 84 0 74 70 68 70 74 74 68 68
split_gain=224.935 103.953 70.8745 56.5329 77.2746 54.445 53.1268 49.3838 74.5911 70.4926 79.6991 137.122 114.472 204.559
threshold=0.019495052285492424 0.81885874271392833 0.0046126006636768588 0.048369815573096282 2.5000000000000004 0.012112499680370094 0.0084149115718901175 -0.044312106445431702 -0.13279618322849271 0.027393514290452007 0.017647080123424533 0.019013540819287304 -0.019749879837036129 -0.0024913050001487132
decision_type=2 2 10 2 2 2 2 2 8 2 2 2 8 8
left_child=1 -1 6 7 -5 -3 -2 -4 -9 10 -10 -12 -13 -14
right_child=2 5 3 4 -6 -7 -8 8 9 -11 11 12 13 -15
leaf_value=-0.012724962323509781 -0.0048126509274073956 -0.020727826049165551 -0.015813097296586014 -0.014114772241128918 0.0078092945777903907 -0.0018349892476146755 0.01251187246140148 0.020286558129748108 0.0013538373431466863 -0.016013056082323042 0.029736511812555169 -0.0092336306809170567 0.038185908333184325 0.0020007218240971399
leaf_weight=4229.6514206677675 6907.1391412615776 393.79791224002838 392.48674014210701 1260.2467511743307 580.24292183667421 6919.9176540784538 463.28461776673794 528.81693279743195 66554.219628617167 552.96768783777952 640.42211628705263 1015.1267270967364 514.33718187361956 1535.7153364643455
leaf_count=49811 44754 7493 2593 7990 3635 72179 3059 2631 401758 3270 3718 5648 2992 9113
internal_value=3.17347e-05 -0.00649469 0.00096314 0.00143154 -0.00719802 -0.00287916 -0.0037082 0.00165392 0.00175222 0.00161096 0.00175193 0.00887891 0.0044385 0.0112205
internal_weight=92488.4 11543.4 80945 73574.6 1840.49 7313.72 7370.42 71734.1 71341.6 70812.8 70259.8 3705.6 3065.18 2050.05
internal_count=620644 129483 491161 443348 11625 79672 47813 431723 429130 426499 423229 21471 17753 12105
is_linear=0
shrinkage=0.05


Tree=49
num_leaves=15
num_cat=0
split_feature=53 2 27 69 69 70 69 58 72 72 68 74 74 72
split_gain=138.268 67.2334 61.4944 58.6845 154.08 98.822 84.2725 74.0948 73.1719 169.942 71.411 70.5991 87.5662 146.877
threshold=-0.088484670966863618 0.0097572309896349924 0.64747110009193432 0.10132142156362535 0.090995021164417281 -0.0055898248683661214 0.12782794237136844 0.0035574280191212897 0.0062138757202774295 0.0067380368709564218 0.063369292765855803 -0.021567674353718754 -0.014015431515872477 0.016511161811649803
decision_type=10 2 2 8 10 2 10 2 10 10 10 2 2 10
left_child=3 -2 -3 4 7 6 -5 10 -6 -10 11 -1 13 -13
right_child=1 2 -4 5 8 -7 -8 -9 9 -11 -12 12 -14 -15
leaf_value=-0.0078465883057334766 -0.028114408351509763 -0.0084169423235610896 -0.0017980663138382942 0.0035347161417043681 0.0015518297032515579 -0.0029647907767257975 0.028065811267539095 0.0039699981835742242 0.047719199252708192 0.011086562598232241 -0.014249543258426107 0.0041213757487259294 7.9938849362155447e-06 0.035130636821435336
leaf_weight=2497.8020979836583 258.63039188832045 4243.9078252129257 20100.120307698846 1792.415274836123 1244.3011375777423 14335.846338450909 426.27539249882102 15953.021618761122 360.41365319117904 2265.6782914586365 870.64342278242111 2190.4756003133953 25464.026549112052 453.43410038203001
leaf_count=14868 5373 33174 156634 11427 8078 94725 2473 95643 2157 13565 5551 12774 161439 2479
internal_value=-2.03507e-05 -0.00323072 -0.00295492 0.00114397 0.00197919 -0.00144387 0.00835264 0.00119521 0.0115586 0.0162761 -0.000211936 0.000191917 0.000908792 0.00955184
internal_weight=92457 24602.7 24344 67854.3 51299.8 16554.5 2218.69 47429.4 3870.39 2626.09 31476.4 30605.7 28107.9 2643.91
internal_count=620360 195181 189808 425179 316554 108625 13900 292754 23800 15722 197111 191560 176692 15253
is_linear=0
shrinkage=0.05


Tree=50
num_leaves=15
num_cat=0
split_feature=51 27 54 69 72 54 53 69 73 69 68 69 69 72
split_gain=122.889 111.06 59.5265 48.7513 106.523 54.0408 73.615 69.4476 60.6326 225.389 62.3365 97.6858 126.236 67.1481
threshold=-0.047811323776841157 0.73149186372756969 0.39862781763076788 -0.13803395628929135 0.019190592691302303 0.47891333699226385 -0.26098339259624476 0.13680395483970645 0.31657269597053533 0.03979728743433953 -0.021990260109305378 -0.011117002926766871 -0.024361428804695603 0.013164927251636984
decision_type=10 2 10 8 10 8 10 10 2 10 10 10 10 10
left_child=3 -2 -3 4 -1 6 -5 8 9 -8 13 12 -12 -10
right_child=1 2 -4 5 -6 -7 7 -9 10 -11 11 -13 -14 -15
leaf_value=0.028342085097958949 -0.0084786474253260354 -0.0042352508255396291 0.0015141278166373661 0.0020078263212886262 0.00027319587696366461 0.0025719574375584167 -0.0014731227227059533 0.021110271664544364 -0.00089126494491966596 0.035431724819226948 0.00052130015333167346 -0.0045133766062150438 0.03444490820285849 -0.026367292076158035
leaf_weight=507.01435012370348 6824.3271109499037 8005.5421798676252 10262.28643418476 17966.444301649928 976.860624961555 27016.877480980009 3595.1750213876367 300.76700392737985 444.42475473880768 457.42213348671794 1082.8718344792724 14064.973877187818 357.3766930475831 611.16455882042646
leaf_count=2479 56429 72517 73801 103217 5173 161363 21596 2160 2829 2570 6861 103605 2265 3807
internal_value=-5.49908e-05 -0.00304118 -0.00100637 0.00105732 0.00998937 0.000854706 -0.000338911 -0.00235489 -0.00270733 0.00276934 -0.00404839 -0.00324209 0.00911842 -0.0157504
internal_weight=92473.5 25092.2 18267.8 67381.4 1483.87 65897.5 38880.6 20914.2 20613.4 4052.6 16560.8 15505.2 1440.25 1055.59
internal_count=620672 202747 146318 417925 7652 410273 248910 145693 143533 24166 119367 112731 9126 6636
is_linear=0
shrinkage=0.05


Tree=51
num_leaves=15
num_cat=0
split_feature=57 72 64 78 72 68 70 68 53 70 68 70 74 74
split_gain=118.905 97.4229 77.915 67.3534 49.4576 74.5789 48.7852 44.1717 55.5242 41.8284 51.9939 39.3846 47.387 100.014
threshold=0.013201678637415172 0.0046126006636768588 0.032868398353457458 -0.011375976260751484 0.0040987152606248864 0.039015367627143867 -0.0033121517626568671 0.040277965366840369 -0.76632976531982411 -0.030434315092861649 -0.087453853338956819 0.027393514290452007 0.017647080123424533 0.019536812789738182
decision_type=10 10 2 10 8 10 2 8 10 2 10 2 2 2
left_child=2 4 3 -1 5 6 -2 8 -6 10 -3 12 -11 -14
right_child=1 9 -4 -5 7 -7 -8 -9 -10 11 -12 -13 13 -15
leaf_value=-0.010827591393332451 0.010506870464746678 0.0038633773472513972 0.0010257056443914653 -0.0032053889720934634 0.013093472522913516 0.018308057341365203 -0.0057324719970880149 -0.020726700121541288 -0.0088914956797250689 0.0017054423359236831 -0.016552149731809924 -0.0099732833762302426 0.023424342437256836 0.0023653733516466294
leaf_weight=3899.9099845588207 538.92463839426637 563.02379259094596 7613.035015694797 11260.616616349667 320.37833580747247 445.87335178256035 2942.3005829229951 641.50926835089922 2232.5269190259278 57880.484919559211 680.52304829284549 683.64222032576799 781.50376823171973 1969.1309307515621
leaf_count=37389 3990 3383 49808 91600 2091 3259 22338 4411 16812 361333 4258 4026 4515 11317
internal_value=3.51141e-05 0.00106026 -0.0031006 -0.00517198 -0.00447697 -0.000713811 -0.00319558 -0.00908661 -0.00609216 0.00169122 -0.00735181 0.0018758 0.00201102 0.00841178
internal_weight=92453.4 69679.8 22773.6 15160.5 7121.51 3927.1 3481.23 3194.41 2552.91 62558.3 1243.55 61314.8 60631.1 2750.63
internal_count=620530 441733 178797 128989 52901 29587 26328 23314 18903 388832 7641 381191 377165 15832
is_linear=0
shrinkage=0.05


Tree=52
num_leaves=15
num_cat=0
split_feature=0 0 27 0 71 84 12 69 74 69 74 69 84 69
split_gain=208.589 68.4877 71.2169 52.4526 42.6494 71.0378 52.078 43.3398 106.998 87.9665 63.3086 76.3239 73.561 107.096
threshold=0.016315237618982795 0.023455074056982998 0.72853112220764171 0.01037111133337021 0.048369815573096282 2.5000000000000004 0.033400645479559905 0.10023048147559167 -0.003287518746219575 0.090995021164417281 -0.0014977295650169251 -0.11277545988559722 1.5000000000000002 0.063591867685318007
decision_type=2 2 2 2 2 2 8 10 2 10 2 10 2 10
left_child=3 2 -2 -1 7 6 -6 9 -9 10 11 -3 13 -13
right_child=1 4 -4 -5 5 -7 -8 8 -10 -11 -12 12 -14 -15
leaf_value=-0.034391757263989887 -0.0073981227680168099 0.0071550597528059522 -0.00028325475779373996 -0.0091735620145153487 -0.020674259897635675 0.0082257244963501366 0.0011739324094108593 0.0057158435600348067 -0.0035917823861972421 0.009528217830124466 0.0031658757552362605 -0.00077565119852559866 -0.0041814540486888197 0.014882367054716969
leaf_weight=208.45091172680259 4701.1411800682545 2814.8395956754684 13880.851440317929 4293.245722014457 784.0463317707181 562.71785320341587 413.88537880778313 4365.2803682088852 10483.343373857439 3794.3847459107637 28338.523825332522 5265.8904857039452 11101.691185005009 1367.4782698005438
leaf_count=4867 41144 15454 112452 58663 4946 3457 2635 25417 63095 21778 164238 29983 64004 7995
internal_value=7.02201e-05 0.000608487 -0.00208629 -0.0104149 0.00133134 -0.0063297 -0.0131785 0.00153198 -0.00085347 0.00220436 0.00163409 -0.000478759 -0.00169372 0.00246981
internal_weight=92375.8 87874.1 18582 4501.7 69292.1 1760.65 1197.93 67531.4 14848.6 52682.8 48888.4 20549.9 17735.1 6633.37
internal_count=620128 556598 153596 63530 403002 11038 7581 391964 88512 303452 281674 117436 101982 37978
is_linear=0
shrinkage=0.05


Tree=53
num_leaves=15
num_cat=0
split_feature=0 22 27 0 69 69 69 69 84 68 68 71 71 71
split_gain=162.512 74.6087 59.8158 95.6052 63.8055 120.786 118.114 142.82 87.4047 87.01 79.499 74.8781 70.0432 127.71
threshold=0.015445953700691463 91.29233551025392 0.64747110009193432 0.032970210537314422 0.13544805347919467 0.14803105592727664 0.10023048147559167 0.090995021164417281 2.5000000000000004 0.017273475416004661 0.039957420900464065 0.018063968978822235 0.0056712266523391017 -0.010509978048503397
decision_type=2 8 2 2 10 10 10 10 2 10 10 2 2 2
left_child=-1 2 3 -2 6 -6 7 -4 -9 -8 12 -11 13 -10
right_child=1 -3 4 -5 5 -7 9 8 10 11 -12 -13 -14 -15
leaf_value=-0.011069233287777716 -0.0060378327603548103 -0.0050216056854557609 0.0013879983935026576 0.0015988660694724181 0.019674031556891385 -0.00031738317704590514 0.0072425090155043967 0.004599771843886968 0.040551972057403435 -0.0077020120957523135 -0.00085617469168658769 0.0032256300906498333 0.041852238590431766 0.0015754339102773041
leaf_weight=3182.6628287173808 7552.6462371349335 5891.1301138848066 49062.075030460954 8939.7947170883417 1342.9214354604483 1710.5043785274029 1579.3444296270609 2054.2999246567488 340.05723911523819 7447.4121312573552 357.89100305736065 1978.7842445597053 439.42131146043539 528.01862175762653
leaf_count=48757 54933 40957 310374 50034 8495 10888 9661 13054 1991 49641 2347 13276 2821 3351
internal_value=1.49211e-05 0.000411493 0.000796135 -0.00189987 0.00146154 0.00851052 0.00112283 0.00210534 0.0115379 -0.00358686 0.0200177 -0.00540705 0.0256945 0.0171319
internal_weight=92407 89224.3 83333.2 16492.4 66840.7 3053.43 63787.3 52781.8 3719.69 11005.5 1665.39 9426.2 1307.5 868.076
internal_count=620580 571823 530866 104967 425899 19383 406516 333938 23564 72578 10510 62917 8163 5342
is_linear=0
shrinkage=0.05


Tree=54
num_leaves=15
num_cat=0
split_feature=0 73 0 4 27 73 73 73 27 71 15 74 27 73
split_gain=157.218 73.9502 66.9317 58.6802 64.7981 55.9095 58.1108 52.8558 50.9224 45.5946 43.8471 34.7622 32.2695 31.9838
threshold=0.016315237618982795 0.85966211557388317 0.01037111133337021 0.10833333432674409 0.67788404226303112 0.8203302025794984 0.83061772584915172 0.68344220519065868 0.89961436390876781 0.019246594049036506 17.729782104492191 0.0039850496686995038 1.3179758787155154 0.66248425841331493
decision_type=2 2 2 8 2 2 2 2 2 2 10 2 2 2
left_child=2 3 -1 4 7 -5 -7 -2 -4 11 -6 -3 13 -12
right_child=1 9 8 5 10 6 -8 -9 -10 -11 12 -13 -14 -15
leaf_value=-0.036682766205767457 -0.0023645749436253761 -0.0087527162179211471 -0.013437920656132191 0.0017068146891914067 0.003232160970191131 0.026198086901654111 0.0053419121549345954 -0.01194023362686047 -0.0024421615918402365 -0.00092779925985538654 -0.00054751253609592882 -0.028008198140972964 0.0026134696151283231 -0.0053613506845751517
leaf_weight=200.22369538992643 6579.7671696618199 598.44029738008976 2012.9452921897173 41235.254457361996 9898.4962607994676 446.91180478781462 1269.7176919355989 1838.0276714786887 2207.2725077793002 875.63756199926138 14640.525659173727 391.04345587641001 5653.9350907802582 4505.6820550709963
leaf_count=4870 46194 4246 29068 233352 69823 2630 7609 14724 29435 5690 97648 2663 37587 34443
internal_value=9.16262e-05 0.000554603 -0.00909857 0.000768525 -0.000534498 0.00207636 0.0108919 -0.00446711 -0.00770625 -0.00926858 0.000420555 -0.0165666 -0.000702494 -0.00168256
internal_weight=92353.9 87933.4 4420.44 86068.3 43116.4 42951.9 1716.63 8417.79 4220.22 1865.12 34698.6 989.484 24800.1 19146.2
internal_count=619982 556609 63373 544010 300419 243591 10239 60918 58503 12599 239501 6909 169678 132091
is_linear=0
shrinkage=0.05


Tree=55
num_leaves=15
num_cat=0
split_feature=2 73 69 72 69 72 70 69 72 71 71 70 71 70
split_gain=86.0259 72.1217 192.151 112.295 105.541 129.797 103.144 92.5681 92.5625 89.5948 93.1402 119.41 140.158 122.943
threshold=0.011523970402777197 0.68564194440841686 0.13544805347919467 0.006043023196980358 0.11515964940190317 0.006978219375014306 -0.0072101396508514872 -0.042015798389911645 0.0074609280563890943 0.018881734460592273 0.004519339883700014 0.018066717311739925 0.0048204998020082721 0.011197941843420269
decision_type=2 2 10 10 10 10 2 8 10 2 2 2 2 2
left_child=-1 2 4 -4 9 -6 -3 -8 -7 10 -2 12 -12 -14
right_child=1 6 3 -5 5 8 7 -9 -10 -11 11 -13 13 -15
leaf_value=-0.01501786657510568 0.0007592237302771177 0.0095813365766661759 0.044326026360681184 0.0084222813923729295 -0.013368754690615006 0.016120314841617696 0.020249656856818166 -0.0037840440761412819 -0.0034825606220939957 -0.0031976352844311608 0.037641083154599186 0.030599076083803901 0.0051459450407027015 -0.014070600069382861
leaf_weight=938.21315280720592 37984.390091389418 1667.3143414184451 374.96257515996695 515.27655642479658 2870.7006055116653 776.71837973594666 398.90488988161087 20300.622297264636 2558.0217107571661 9599.6828120201826 304.89106526970863 448.69205900281668 12682.651280555874 881.20154158398509
leaf_count=17082 240027 10593 2429 3279 20096 5276 2413 145028 16637 60487 1932 2541 86578 5604
internal_value=-3.51811e-05 0.000120302 0.00092016 0.0238691 0.00061673 -0.00559454 -0.00234641 -0.00331133 0.00111783 0.00124019 0.00205519 0.00549047 0.00465667 0.00388806
internal_weight=92302.2 91364 68997.2 890.239 68106.9 6205.44 22366.8 20699.5 3334.74 61901.5 52301.8 14317.4 13868.7 13563.9
internal_count=620002 602920 444886 5708 439178 42009 158034 147441 21913 397169 336682 96655 94114 92182
is_linear=0
shrinkage=0.05


Tree=56
num_leaves=15
num_cat=0
split_feature=51 23 57 69 57 15 57 68 68 68 69 68 68 84
split_gain=95.2336 59.7806 67.5872 50.9454 97.5843 57.3963 53.9709 29.8046 153.62 52.7683 50.0352 44.3637 60.4511 38.1642
threshold=-0.046426881104707711 0.013986193574965002 0.013201678637415172 -0.13803395628929135 0.056935511529445655 22.442142486572269 0.035083694383502013 -0.028726507909595963 -0.024779885075986382 -0.021990260109305378 -0.013108383864164351 -0.038501890376210206 -0.044340465217828744 1.0000000180025095e-35
decision_type=10 2 10 8 10 8 10 8 8 8 10 10 10 2
left_child=3 2 -2 4 -1 7 -7 11 -9 -10 -11 12 13 -5
right_child=1 -3 -4 5 -6 6 -8 8 9 10 -12 -13 -14 -15
leaf_value=0.029089074523638798 -0.0080109999757506361 0.0013406043473677375 -0.0016946913227768577 -0.015249139713118193 0.0014357371323845439 -0.0033120323306432883 0.00088907929625829283 0.030222727347334517 -0.016565635510590402 0.0071996158618642409 0.0015658724596667407 -0.0095361988487353295 0.01453326277833903 0.00078184051198754037
leaf_weight=454.51766324788332 7084.0258075483143 6594.2890500351787 10527.4053100124 446.08769313618541 1022.1502384543419 12848.918850477785 18846.214667551219 487.87511893734336 359.48202180489898 4666.4201119691133 25132.360254392028 1277.1461719237268 682.32924455404282 1991.5135020203888
leaf_count=2258 71021 44938 81762 2553 5308 85049 109501 2801 2129 28508 162374 7484 3950 11235
internal_value=-2.49107e-05 -0.00271865 -0.00423847 0.000931207 0.0100858 0.000727169 -0.000814521 0.0021214 0.00267368 0.00221814 0.00245022 -0.00172513 0.0014926 -0.00220219
internal_weight=92420.7 24205.7 17611.4 68215 1476.67 66738.3 31695.1 35043.2 30646.1 30158.3 29798.8 4397.08 3119.93 2437.6
internal_count=620871 197721 152783 423150 7566 415584 194550 221034 195812 193011 190882 25222 17738 13788
is_linear=0
shrinkage=0.05


Tree=57
num_leaves=15
num_cat=0
split_feature=2 18 73 68 74 74 73 68 50 73 74 74 84 74
split_gain=90.8302 80.6382 58.0755 134.664 188.937 143.112 199.793 169.215 116.09 104.06 100.326 113.321 98.9552 106.231
threshold=0.010355446953326465 65.57635879516603 0.31657269597053533 -0.03380355425179004 0.0097516253590583819 0.0021378471283242111 0.28004266321659094 -0.068213950842618928 0.054048456251621253 0.32778233289718633 -0.002140838652849197 -0.0094495052471756918 1.5000000000000002 -0.0033699505729600783
decision_type=2 2 2 10 2 2 2 10 2 2 2 2 2 2
left_child=-1 2 3 5 10 7 8 12 -7 -4 11 -5 -2 -14
right_child=1 -3 9 4 -6 6 -8 -9 -10 -11 -12 -13 13 -15
leaf_value=-0.021621989848024339 -0.0049365251495639547 -0.0038675349245725233 -0.018241660957764829 0.020891504847518519 -0.014200307979475689 0.019244573194802616 0.043092848478750209 -0.01076300270797453 -0.0011814808961682808 0.00023833733718616192 0.030847145463578779 -0.006226218547203826 0.019075441516792142 -0.0099458809007127221
leaf_weight=474.82305753976107 1414.6824158094823 11347.221118479967 760.63960893452168 993.41349289566278 533.3643338419497 977.98267756775022 371.50163932144642 3633.3558945991099 2347.058618478477 66134.491482824087 977.99267620965838 619.28688891604543 1411.3167505525053 398.35922811180353
leaf_count=9850 7863 83539 4713 5485 2995 5527 1978 21293 13111 445347 5541 3606 7817 2078
internal_value=-3.70322e-05 7.68064e-05 0.000632702 0.00360003 0.012701 0.000896684 0.00881373 -0.0033775 0.00486605 2.55131e-05 0.0182726 0.0105039 0.00495238 0.0126675
internal_weight=92395.5 91920.7 80573.4 13678.3 3124.06 10554.3 3696.54 6857.71 3325.04 66895.1 2590.69 1612.7 3224.36 1809.68
internal_count=620743 610893 527354 77294 17627 59667 20616 39051 18638 450060 14632 9091 17758 9895
is_linear=0
shrinkage=0.05


Tree=58
num_leaves=15
num_cat=0
split_feature=0 68 74 0 70 68 74 70 68 68 70 74 70 68
split_gain=133.813 56.3396 65.315 47.5029 46.348 48.3264 103.587 124.473 62.5325 200.455 263.666 113.273 194.879 183.526
threshold=0.016315237618982795 0.063369292765855803 0.021271942183375362 0.01037111133337021 -0.044312106445431702 -0.074138201773166643 -0.015850028023123738 -0.025290560908615586 -0.028726507909595963 -0.024779885075986382 0.0011106399470008912 0.00067992354161106061 0.0041887781117111453 -0.039862519130110734
decision_type=2 8 2 2 2 10 2 2 10 10 2 2 2 10
left_child=3 4 -3 -1 -2 6 7 -6 11 10 -10 -7 -13 -14
right_child=1 2 -4 -5 5 8 -8 -9 9 -11 -12 12 13 -15
leaf_value=-0.032770071226831558 -0.016529239498728202 -0.0084914394944130313 0.012815069591228929 -0.0074635083276119538 0.0040168433474398139 -0.0077361148163301394 -6.6651165699394495e-05 0.038489792446698437 0.047144255299090193 0.00060006167888913863 0.0003975398800997764 0.037737555899848604 0.0084731401647888602 -0.01781829410035745
leaf_weight=185.29278137907386 382.8847459629178 2996.5737618654966 399.57427620887756 4177.7076376117766 589.29399555921555 5699.9602995663881 1886.3955744802952 465.08471941202879 529.57962570339441 70993.488214030862 684.43271254003048 366.81261979788542 1945.3529780134559 994.86790474504232
leaf_count=4847 2543 19040 2474 58695 3110 33389 9970 2327 2952 458178 3938 1952 10872 5826
internal_value=-7.40226e-05 0.000350471 -0.00595436 -0.00861074 0.000604429 0.000684337 0.00696996 0.0194416 0.000455905 0.00094604 0.0210081 -0.00347011 0.00388387 -0.000453204
internal_weight=92297.3 87934.3 3396.15 4363 84538.2 84155.3 2940.77 1054.38 81214.5 72207.5 1214.01 9006.99 3307.03 2940.22
internal_count=620113 556571 21514 63542 535057 532514 15407 5437 517107 465068 6890 52039 18650 16698
is_linear=0
shrinkage=0.05


Tree=59
num_leaves=15
num_cat=0
split_feature=2 22 54 12 74 73 15 74 74 74 84 74 84 73
split_gain=73.8441 71.4379 55.5351 57.7157 54.0502 52.7643 73.3451 68.1143 142.113 55.7337 117.54 107.898 53.9421 50.5904
threshold=0.0097572309896349924 91.29233551025392 0.50345954298973095 -0.20047278702259061 0.018441225402057174 0.31657269597053533 21.528778076171879 0.0023406461114063863 0.0081914314068853872 -0.015180052258074282 3.5000000000000004 -0.018208967521786686 1.0000000180025095e-35 0.33640001714229589
decision_type=2 8 8 10 2 2 10 2 2 2 2 2 2 2
left_child=-1 2 3 -2 -4 7 13 9 -9 11 12 -5 -11 -7
right_child=1 -3 4 5 -6 6 -8 8 -10 10 -12 -13 -14 -15
leaf_value=-0.023617759635012749 0.0031815597038088272 -0.005141942259447539 0.001480086299172544 -0.0023824136412030463 0.010432654551062605 -0.017186498808562999 -0.0047690522327565087 0.027005122990888326 0.0011606747546754296 0.0025942718163541882 0.012982562657533765 0.022759638811345601 -0.015584710415569287 0.00027652833977168692
leaf_weight=320.58322845771909 8175.5138864032924 6157.2579945214093 34413.303597804159 1378.5638181231916 1763.27152742818 414.3803194873035 15559.351607579738 760.4380170404911 1721.1802726201713 538.9144079759717 650.79906743019819 607.00532338395715 1638.1131547279656 18236.118797563016
leaf_count=7381 45231 45917 217227 8098 10237 2686 115765 4370 9743 3237 3711 3527 9685 133879
internal_value=-2.87942e-05 5.59488e-05 0.000429273 -0.000655843 0.0019192 -0.00141231 -0.00223552 0.0024459 0.00915674 -0.00102579 -0.00552622 0.00537926 -0.0110933 -0.000120471
internal_weight=92334.8 92014.2 85857 49680.4 36176.6 41504.9 34209.9 7295.01 2481.62 4813.4 2827.83 1985.57 2177.03 18650.5
internal_count=620694 613313 567396 339932 227464 294701 252330 42371 14113 28258 16633 11625 12922 136565
is_linear=0
shrinkage=0.05


Tree=60
num_leaves=15
num_cat=0
split_feature=0 73 69 69 68 69 74 69 71 84 68 74 71 71
split_gain=125.249 73.0558 80.7461 66.0223 60.1749 67.1806 41.8579 108.757 66.3604 65.2945 58.1151 57.2373 122.327 69.0238
threshold=0.021996567025780681 0.47465904057025915 0.040359048172831542 0.090256042778491988 0.050766840577125556 0.094261474907398238 -0.021567674353718754 -0.12003959342837332 -0.054346878081560128 3.5000000000000004 -0.087453853338956819 -0.014015431515872477 0.01405667280778289 -0.0073139155283570281
decision_type=2 2 10 10 10 10 2 10 2 2 10 2 2 2
left_child=1 3 -3 -1 -4 -6 7 -2 10 -9 -8 12 13 -10
right_child=6 2 4 -5 5 -7 8 9 11 -11 -12 -13 -14 -15
leaf_value=-0.0004313581625149825 0.011782027958131087 -0.013234178542933191 -0.0046106039440625005 0.017984277030506309 0.031542553802687355 -0.00015020023546688567 -0.00034634941784733082 -0.004768850278991852 0.0059300921259019118 -0.022861270666987552 -0.023453825836979143 0.001003206108345751 -0.014771923881711708 0.021805883076524438
leaf_weight=3763.8147165924311 783.89984805881977 2705.1327796801925 10502.137265030295 548.90374750643969 234.11764784157276 530.45964609831572 586.91748355329037 2006.6949400305748 2064.1156728714705 657.15815314650536 497.75966492295265 65783.830737181008 520.0878244265914 1023.1894902586937
leaf_count=32867 4355 27878 111317 4961 2337 5394 3062 11762 11251 4113 2798 389005 3010 5785
internal_value=-3.23684e-05 -0.00373648 -0.00549147 0.00194868 -0.00362237 0.00983623 0.000884203 -0.00448721 0.00114758 -0.00930096 -0.0110678 0.00134009 0.00746363 0.011245
internal_weight=92208.2 18284.6 13971.8 4312.72 11266.7 764.577 73923.7 3447.75 70475.9 2663.85 1084.68 69391.2 3607.39 3087.31
internal_count=619895 184754 146926 37828 119048 7731 435141 20230 414911 15875 5860 409051 20046 17036
is_linear=0
shrinkage=0.05


Tree=61
num_leaves=15
num_cat=0
split_feature=53 14 27 27 74 72 69 72 72 53 15 70 70 74
split_gain=79.9191 86.0717 47.8332 43.6515 36.9156 50.5837 35.198 43.6081 39.5746 34.205 33.4205 36.0464 53.4955 51.5841
threshold=-0.11642924323678015 0.10910252481698991 0.42056873440742498 1.0120325088500979 -0.0062917259056121102 0.0088376142084598559 0.054390531033277519 0.0055356679949909457 0.0061618611216545114 -0.030682657845318314 22.442142486572269 -0.0085004726424813253 -0.006910554599016904 -0.0085253990255296213
decision_type=10 10 2 2 2 10 10 10 10 10 8 2 2 2
left_child=10 3 -3 9 5 -4 7 -6 -8 -2 11 -1 13 -13
right_child=1 2 4 -5 6 -7 8 -9 -10 -11 -12 12 -14 -15
leaf_value=-0.0018367728004436688 -0.0048495441895205806 -0.015666926180549792 0.013136047973171137 -0.0013079072547860493 0.022136254706401143 -0.00091442145949625236 -0.0061732402454276695 0.0026622413467197151 0.0010222588044498579 -0.011451945339555507 -0.00019919494697571776 0.02391421174437941 0.002374149691397872 0.0029978870527545393
leaf_weight=4814.2027489282191 7959.3583394214511 417.18718762695789 1388.9614790268242 6613.2334826923907 324.44104022160172 1179.3785741850734 2917.2860886342824 2076.0673988498747 5496.9213678725064 2609.2185417488217 30348.54036744684 569.68359384313226 24944.915627196431 606.43651562556624
leaf_count=28210 65188 2947 9383 54801 2450 7239 22635 13619 36259 27196 185695 3408 157725 3537
internal_value=-6.65857e-05 -0.00213582 0.000804625 -0.00449665 0.0013294 0.00670557 4.76267e-05 0.00537517 -0.00147686 -0.00648886 0.000979694 0.00213592 0.00286852 0.0132454
internal_weight=92265.8 30982.1 13800.2 17181.8 13383.1 2568.34 10814.7 2400.51 8414.21 10568.6 61283.8 30935.2 26121 1176.12
internal_count=620292 241717 94532 147185 91585 16622 74963 16069 58894 92384 378575 192880 164670 6945
is_linear=0
shrinkage=0.05


Tree=62
num_leaves=15
num_cat=0
split_feature=0 73 74 73 74 73 74 68 74 71 68 0 71 71
split_gain=111.811 57.8103 91.2952 84.2101 83.5696 117.045 83.8123 80.7322 165.594 111.223 79.1127 75.3579 68.3527 65.5858
threshold=0.015133020002394916 0.68743640184402477 -0.0074225144926458589 0.78125637769699108 -0.008229749742895363 0.78387612104415905 -0.011121466290205715 0.041905201971530921 -0.0053308736532926551 0.00095744093414396058 0.036010503768920905 0.027671761810779575 -0.0066218213178217402 0.042148336768150337
decision_type=2 2 2 2 2 2 2 10 2 2 10 2 2 2
left_child=-1 7 4 12 5 6 -3 13 -9 -10 -5 -11 -4 -2
right_child=1 2 3 10 -6 -7 -8 8 9 11 -12 -13 -14 -15
leaf_value=-0.010170719353377435 0.00083761499462750057 0.026116727985021501 0.010431801013227405 0.017554185675848138 0.030695428470098891 -0.015651535761973642 0.00021093287639647128 -0.0092462712290656071 0.039832995812823527 0.02243397482255095 -0.00048400610688441298 0.0024940991623031462 -0.0064848391558557476 -0.0080019302965912194
leaf_weight=2657.9616950675845 62671.105662241578 558.26161365956068 620.51422250270844 662.59647189825773 325.15338914841413 546.47711935639381 693.28558242321014 925.53168833255768 386.77488434314728 795.09846329689026 6310.2046786248684 1158.5955327451229 11674.402826346457 2161.1314822137356
leaf_count=44180 394389 3442 3895 4517 2104 3469 4474 6030 2325 5954 42768 6612 82178 13557
internal_value=-8.41364e-05 0.000216553 -0.00205032 -0.00313555 0.00776655 0.00347327 0.0118818 0.000928817 0.0085869 0.0156483 0.00125277 0.010682 -0.00562329 0.000541767
internal_weight=92147.1 89489.1 21390.9 19267.7 2123.18 1798.02 1251.55 68098.2 3266 2340.47 6972.8 1953.69 12294.9 64832.2
internal_count=619894 575714 146847 133358 13489 11385 7916 428867 20921 14891 47285 12566 86073 407946
is_linear=0
shrinkage=0.05


Tree=63
num_leaves=15
num_cat=0
split_feature=57 67 72 72 69 69 69 69 72 84 73 73 72 71
split_gain=75.2913 94.1433 50.636 73.3619 87.314 230.725 114.827 291.876 110.18 86.1786 73.2044 96.5822 62.9747 66.2443
threshold=0.013201678637415172 0.0038807583041489129 0.0064592105336487302 0.0074609280563890943 0.099234916269779219 0.093334153294563307 0.077910721302032485 0.063869122415781035 0.0068242857232689866 1.5000000000000002 0.47465904057025915 0.57494938373565685 0.0072938653174787768 0.018401729874312881
decision_type=10 2 10 10 8 10 10 10 10 2 2 2 10 2
left_child=1 -1 10 4 5 6 7 9 -9 -4 -2 -12 13 -6
right_child=2 -3 3 -5 12 -7 -8 8 -10 -11 11 -13 -14 -15
leaf_value=-0.0070100249101062552 0.0067788868643265318 -0.00026544820662702658 -0.013741895595081051 0.00061608333107229134 -0.0055957269655604195 0.044571003671203535 -0.0052696623151782616 0.05057814004941949 0.018197222888094115 0.0087349771869810171 -0.0095682162755201805 -0.00062750225987846418 0.016528500996330821 0.014559226108283533
leaf_weight=8091.6287277154624 2321.7687328793108 14319.741076286882 702.72754719108343 42042.445903483778 2714.0881271660328 434.68674683198333 1357.7429695688188 472.14706036448479 617.85721711441875 1051.713148266077 3901.2275419421494 13272.116375476122 488.09601124748588 469.66441939771175
leaf_count=74001 15356 104391 4531 250647 17501 2566 8524 2922 3902 6843 27073 95978 3180 2985
internal_value=-0.000181678 -0.00270262 0.00062748 0.00146511 0.00575531 0.0103088 0.00666723 0.0123636 0.0325557 -0.000294817 -0.00153556 -0.00266293 -7.31432e-06 -0.00258621
internal_weight=92257.7 22411.4 69846.3 50351.2 8308.72 4636.87 4202.19 2844.44 1090 1754.44 19495.1 17173.3 3671.85 3183.75
internal_count=620400 178392 442008 303601 52954 29288 26722 18198 6824 11374 138407 123051 23666 20486
is_linear=0
shrinkage=0.05


Tree=64
num_leaves=15
num_cat=0
split_feature=4 73 69 70 74 69 69 73 73 68 68 73 73 69
split_gain=80.0259 80.7847 134.382 68.9567 94.0596 81.4503 60.0841 223.242 87.3312 155.491 55.071 53.4766 73.0901 57.2273
threshold=0.058333335444331176 0.47120265662670141 0.13680395483970645 0.0083465380594134348 0.0076031466014683255 -0.013108383864164351 0.037424676120281226 0.30249074101448065 0.44426245987415319 0.018832515925168995 -0.00049101126205641765 0.50149351358413707 0.52776026725769054 0.040359048172831542
decision_type=8 2 8 2 2 8 10 2 2 10 10 2 2 10
left_child=1 2 6 4 5 -3 -1 -8 -9 10 -10 -7 -13 -14
right_child=-2 3 -4 -5 -6 11 7 8 9 -11 -12 12 13 -15
leaf_value=-0.0029243518614991072 0.00099723635391551851 0.017904046794936731 0.026561064285303443 -0.011483920464370335 0.0097163834181976782 -0.015042710181356434 0.039920538873255716 -0.0041464987389712854 0.012169104155919507 -0.012192717492761938 0.040141891724469192 0.008512896623275092 -0.012437156589186628 -0.0033273982289964742
leaf_weight=6223.2999874874949 60684.473760325462 409.2961117811501 495.78591134771705 2631.0641940534115 1370.4748379588127 1096.0984252989292 399.0018560141325 2547.0002618022263 364.18576182797551 401.376508962363 354.70607497543097 1134.0446207411587 2004.6325071565807 12064.479869194329
leaf_count=41958 354326 3120 3935 22636 12258 9309 2251 18926 2938 3216 2730 9607 19280 113720
internal_value=-6.40707e-05 -0.00210863 0.00139954 -0.0039354 -0.00283112 -0.00386549 0.000162561 0.00488257 0.000972217 0.0125437 0.0263324 -0.00442279 -0.00364775 -0.00463331
internal_weight=92179.9 31495.4 10785.4 20710.1 18079 16708.6 10289.6 4066.27 3667.27 1120.27 718.892 16299.3 15203.2 14069.1
internal_count=620210 265884 75954 189930 167294 155036 72019 30061 27810 8884 5668 151916 142607 133000
is_linear=0
shrinkage=0.05


Tree=65
num_leaves=15
num_cat=0
split_feature=0 72 72 69 72 72 69 69 69 72 84 72 69 69
split_gain=98.902 54.297 98.366 99.5115 106.721 85.3876 99.0893 290.681 137.557 118.453 89.5589 89.1022 163.336 152.368
threshold=0.017692252062261108 0.0062138757202774295 0.0056083500385284433 0.13544805347919467 0.0051020644605159768 0.008131067734211685 0.099234916269779219 0.093334153294563307 0.084356073290109648 0.006978219375014306 2.5000000000000004 0.0064690886065363893 0.063591867685318007 0.063195921480655684
decision_type=2 10 8 10 10 10 8 10 10 10 2 10 10 10
left_child=-1 2 3 4 -2 6 7 8 11 -9 -8 12 -3 -13
right_child=1 5 -4 -5 -6 -7 10 9 -10 -11 -12 13 -14 -15
leaf_value=-0.0057147659572042275 -0.0031069184777756231 0.012877309165754426 -0.0077093172301988411 0.019743498537322979 0.0065534163821716123 0.00011805605454147531 0.0039026540085423038 0.051199642390681699 -0.0087999190904261421 0.014232306727784508 -0.0076151729494684968 0.0037680354033092726 -0.018938592543263539 0.019367038146340516
leaf_weight=6847.3346707895398 10778.747780710459 787.34319184720516 5126.5314204394817 620.20744168758392 3879.7294310554862 47201.836377933621 4580.678187392652 477.66377038508654 1565.5421978160739 408.80444002151489 2659.016245983541 3981.5768038481474 806.89435766637325 2576.5049511417747
leaf_count=90595 73383 5118 34073 3835 25386 281942 29198 2737 9838 2337 17028 25007 5151 15463
internal_value=6.26732e-05 0.000526243 -0.00172349 0.000288694 -0.000547347 0.00123215 0.00417749 0.0072538 0.00473542 0.0345007 -0.000332316 0.00734229 -0.00324341 0.00991665
internal_weight=92298.4 85451.1 20405.2 15278.7 14658.5 65045.9 17844 10604.3 9717.86 886.468 7239.69 8152.32 1594.24 6558.08
internal_count=621091 530496 136677 102604 98769 393819 111877 65651 60577 5074 46226 50739 10269 40470
is_linear=0
shrinkage=0.05


Tree=66
num_leaves=15
num_cat=0
split_feature=0 73 73 73 71 84 73 71 71 71 70 84 71 73
split_gain=92.7903 63.1241 62.327 42.5803 40.9476 81.6093 49.0378 113.253 98.9439 122.135 118.676 105.283 74.6774 74.6179
threshold=0.014977000188082458 0.85966211557388317 0.85278713703155529 0.90521198511123668 0.048369815573096282 2.5000000000000004 0.67617759108543407 0.003070256439968944 -0.0002741747885011136 0.001149674935732037 -0.002195091918110847 1.0000000180025095e-35 -0.0066218213178217402 0.78874629735946666
decision_type=2 2 2 2 2 2 2 2 2 2 2 2 2 2
left_child=-1 2 4 -3 6 -6 -2 8 11 10 -10 12 -8 -9
right_child=1 3 -4 -5 5 -7 7 13 9 -11 -12 -13 -14 -15
leaf_value=-0.0097387654466472677 0.0011163152353591674 -0.013844055247418361 0.021644905528777122 0.0022877895415525109 -0.01484219724083816 0.0078359740001940521 0.030111132292032439 -0.0060044562701653953 0.047825259048371531 0.0040593182625504442 0.0066447559309698034 -0.0046887238828882717 0.00092198651143338617 0.0023425124624691959
leaf_weight=2417.3404666110873 64724.641466073692 1305.0423431620002 332.72125919163227 590.0508006811142 1170.9889473244548 589.66141279041767 409.21845319867134 11306.973317064345 388.82667005807161 1346.7531447634101 318.26637595891953 3189.1704455539584 460.44724169373512 3501.2536612898111
leaf_count=41683 406890 9468 2215 3747 7662 3681 2491 79682 2553 9748 2336 20879 3077 23567
internal_value=-9.26193e-05 0.000168585 0.000364054 -0.00883565 0.00028058 -0.00724567 0.000436128 -0.00166775 0.00405371 0.0129674 0.0296408 -0.000477566 0.014843 -0.00403065
internal_weight=92051.4 89634 87738.9 1895.09 87406.2 1760.65 85645.6 20920.9 6112.68 2053.85 707.093 4058.84 869.666 14808.2
internal_count=619679 577996 564781 13215 562566 11343 551223 144333 41084 14637 4889 26447 5568 103249
is_linear=0
shrinkage=0.05


Tree=67
num_leaves=15
num_cat=0
split_feature=2 72 72 69 4 69 68 68 68 71 58 4 72 72
split_gain=68.7051 57.7748 86.9093 143.372 125.677 108.626 115.782 110.104 105.089 91.864 105.256 76.2477 74.5102 74.8779
threshold=0.0097572309896349924 0.0062138757202774295 0.0056083500385284433 0.13544805347919467 0.091666668653488173 0.05397953279316426 0.049752205610275275 0.042200284078717239 0.024432845413684848 -0.0062088577542453996 -0.0053659060504287473 0.091666668653488173 0.0062668889295309791 0.0063193386886268863
decision_type=2 10 8 10 8 8 10 10 10 2 2 8 10 10
left_child=-1 2 3 5 -5 7 9 8 -2 10 -7 -11 -3 -14
right_child=1 12 -4 4 -6 6 -8 -9 -10 11 -12 -13 13 -15
leaf_value=-0.023278031080708503 0.0068754536340535945 0.023899507231351678 -0.007347411988187314 0.042160361849532091 -0.00042404805358833099 0.035383007410387961 0.01727615409735524 -0.021961756608951711 0.035977393626243775 -0.0081865593594999883 0.00080564080575974738 -0.00030896992626869551 -0.022067441567170901 0.00087947703389250104
leaf_weight=304.45559594407678 2206.6366543062031 339.65650241076946 5723.4842502102256 355.71183007955551 328.86370705813169 285.20131820067763 668.54084496200085 271.56941640377045 352.61484010145068 7798.7545384988189 866.93753080815077 5064.8784663118422 347.40460806712508 67244.416748065501
leaf_count=7392 16967 2515 42085 2537 1908 1767 5161 2151 2698 72865 6389 30193 2437 423033
internal_value=5.3477e-05 0.000133336 -0.00197924 -0.000287936 0.0219916 -0.00117078 -0.00290049 0.00778034 0.0110096 -0.00387453 0.00959576 -0.00508752 0.000877495 0.000758289
internal_weight=92159.1 91854.7 23923.2 18199.7 684.576 17515.1 14684.3 2830.82 2559.25 14015.8 1152.14 12863.6 67931.5 67591.8
internal_count=620098 612706 184721 142636 4445 138191 116375 21816 19665 111214 8156 103058 427985 425470
is_linear=0
shrinkage=0.05


Tree=68
num_leaves=15
num_cat=0
split_feature=0 27 73 68 69 69 71 71 68 71 71 68 69 71
split_gain=86.1586 65.3476 45.292 137.355 120.423 99.1942 81.9008 144.521 98.0455 79.0267 237.199 134.253 135.208 144.215
threshold=0.017104342579841617 0.84296813607215892 0.6410336196422578 0.036895120516419418 0.11515964940190317 0.090995021164417281 0.042148336768150337 0.03842632286250592 -0.010905845556408165 0.001149674935732037 -0.0002741747885011136 0.051386155188083656 0.013319937512278559 -0.0099539100192487222
decision_type=2 2 2 10 10 10 2 2 10 2 2 10 8 2
left_child=1 -1 3 4 5 6 7 -2 -9 10 11 12 13 -4
right_child=2 -3 9 -5 -6 -7 -8 8 -10 -11 -12 -13 -14 -15
leaf_value=-0.012740310576828158 0.00044715983495027529 -0.0016513455004769128 0.036100728282222549 0.01158350886455331 -0.0084292242046960005 0.0069732186779570956 -0.0099778533202573971 0.0042257502935127865 0.040956387418001047 -0.0026808570762601701 0.028564962316424126 -0.022441589542596733 -0.0010551793306595239 -0.0035034118148492724
leaf_weight=2187.2459232658148 41914.768322072923 3369.5261703040451 544.14713460206985 3007.8232301101089 3430.8052089363337 6552.7025526836514 1817.3392867073417 361.85540867596865 360.15559700876474 22151.662496872246 816.80378028005362 589.50373565405607 4629.2409112900496 390.00312393158674
leaf_count=32691 252243 45469 3131 18349 22105 39903 11383 2041 2166 149282 5321 3627 29951 2468
internal_value=-1.64677e-06 -0.00603121 0.000386046 0.00120028 0.000624556 0.00123506 0.000387858 0.000831919 0.022857 -0.00121999 0.00342025 4.13266e-05 0.00245964 0.0197042
internal_weight=92123.6 5556.77 86566.8 57445.4 54437.6 51006.8 44454.1 42636.8 722.011 29121.4 6969.7 6152.89 5563.39 934.15
internal_count=620130 78160 541970 348190 329841 307736 267833 256450 4207 193780 44498 39177 35550 5599
is_linear=0
shrinkage=0.05


Tree=69
num_leaves=15
num_cat=0
split_feature=15 73 69 69 4 72 74 21 27 74 59 13 74 72
split_gain=56.8799 60.0368 145.707 83.3451 69.0498 67.6984 81.6542 69.0919 61.1613 56.6558 55.8441 47.714 61.8874 51.6367
threshold=20.549896240234379 0.31214115023612982 0.03979728743433953 0.012199820950627329 0.12500000372529033 0.021474678069353107 0.0058923510368913421 56.199287414550788 1.0120325088500979 0.011887659318745138 1.5000000000000002 0.017516400665044788 -0.016539857722818848 0.017317797988653186
decision_type=8 2 10 10 8 8 2 8 2 2 10 8 2 10
left_child=-1 2 3 5 8 6 11 9 -3 -8 -7 12 -2 -14
right_child=1 4 -4 -5 -6 10 7 -9 -10 -11 -12 -13 13 -15
leaf_value=0.0014970922101021581 0.013890138776300626 -0.0054471579470616663 0.02338780421373347 -0.013965468017578987 0.00045056034201616709 -0.019439794795092013 0.034541112835487636 -0.0010493750361154923 -0.00034602458600539108 0.011561172406207907 -0.00028092368964653376 -0.012752208962694404 0.0031023509373635503 -0.013554607377426196
leaf_weight=38591.155497867614 1002.9359936639667 15539.819574119523 766.03364035114646 854.38039116188884 19491.756879832596 532.57113229483366 468.19859203323722 489.81749755144119 9447.5075342431664 647.42494578659534 1273.0794350504875 514.26649282127619 2065.7498195581138 589.71489769220352
leaf_count=261500 5641 124347 3946 5182 111557 3199 2509 2842 71882 3489 7072 2945 11860 3299
internal_value=3.31624e-05 -0.00101929 0.0026545 0.000746826 -0.00177995 0.00242051 0.00506015 0.0146051 -0.00351937 0.0214264 -0.00600772 0.00136159 0.00337494 -0.000633734
internal_weight=92274.4 53683.3 9204.17 8438.14 44479.1 7583.76 5778.11 1605.44 24987.3 1115.62 1805.65 4172.67 3658.4 2655.46
internal_count=621270 359770 51984 48038 307786 42856 32585 8840 196229 5998 10271 23745 20800 15159
is_linear=0
shrinkage=0.05


Tree=70
num_leaves=15
num_cat=0
split_feature=0 27 57 69 73 74 69 69 71 74 73 73 71 71
split_gain=92.7703 51.256 83.8316 50.4795 126.236 67.8745 63.9134 130.537 121.208 74.8368 108.324 81.0062 74.1228 97.4661
threshold=0.013568683061748745 0.65456205606460582 0.022470920346677307 0.13544805347919467 0.66095155477523815 -0.0025842855684459205 0.10023048147559167 0.090995021164417281 -0.024940954521298405 0.0022695042425766592 0.7626253366470338 0.70432531833648693 0.012571706436574461 0.015249760355800392
decision_type=2 2 10 10 2 2 8 10 2 2 2 2 2 2
left_child=-1 2 -2 6 -5 -6 7 -3 -8 10 11 -10 -9 -14
right_child=1 3 -4 4 5 -7 8 12 9 -11 -12 -13 13 -15
leaf_value=-0.013814329103436952 -0.0062603310014069284 0.00055391428657629934 0.00058240790032365499 0.030137575466508248 0.015830845968069125 -0.0016473971900504256 0.024861828195186036 0.0052897255263780482 -0.00023641099380561682 -0.0071967932338374537 0.01678825592037279 -0.017208042764869657 0.042078235017651004 0.011099929615699316
leaf_weight=1197.1046351827681 7547.8065620251 49448.616420995444 10973.033021844923 480.6692498922348 730.9522723518312 2212.6479810625315 387.93703258410096 2803.1852521747351 7099.0868838131428 6401.509723868221 848.24146877229214 770.41487027332187 347.15098167583346 919.14883428439498
leaf_count=24087 56125 320224 65451 2862 4462 14440 2221 17915 48179 44262 6169 5695 2425 5925
internal_value=-4.41452e-05 0.000138559 -0.00220809 0.000738673 0.00665524 0.00273169 0.000444237 0.00126324 -0.00238127 -0.00309625 -8.03989e-05 -0.00191764 0.00985976 0.0198557
internal_weight=92167.5 90970.4 18520.8 72449.6 3424.27 2943.6 69025.3 53518.1 15507.2 15119.3 8717.74 7869.5 4069.49 1266.3
internal_count=620442 596355 121576 474779 21764 18902 453015 346489 106526 104305 60043 53874 26265 8350
is_linear=0
shrinkage=0.05


Tree=71
num_leaves=15
num_cat=0
split_feature=27 57 69 72 70 69 69 74 70 58 73 73 72 72
split_gain=50.3382 83.6822 55.9632 156.104 120.338 62.0382 115.918 74.0961 123.791 74.3149 64.9453 117.958 112.716 65.0681
threshold=0.65456205606460582 0.021015874110162262 0.13544805347919467 0.0052435607649385938 -0.0066560849081724873 0.10132142156362535 0.090995021164417281 -0.0096426550298929197 -0.002555654500611126 0.0034839124418795113 0.75795969367027294 0.62619060277938854 0.0068763974122703084 0.0060695961583405742
decision_type=2 10 10 10 2 10 10 2 2 2 2 2 10 10
left_child=1 -1 5 -4 -5 6 -2 -8 -9 -10 11 12 13 -7
right_child=2 -3 3 4 -6 10 7 8 9 -11 -12 -13 -14 -15
leaf_value=-0.0065762346269545666 0.00024168029303258621 0.00029411289166760078 0.036366926579556848 0.03105510905894179 -0.0005451117190713935 -0.002108653256562927 0.026356460936898213 -0.0097566166969332707 0.01695358622473972 0.0016166499933832742 0.009350327370624429 -0.010381159022101068 0.0067472226439101229 -0.018857135845100449
leaf_weight=7205.1933271829039 53866.279654037207 11488.594657037407 384.49154981411994 328.55409694835544 2733.1760687734932 2013.1919834483415 503.5589346550405 936.22504619508982 1953.5421932041645 1325.1980193443596 947.52973952703178 4486.6902552321553 3193.3920368757099 806.28309576399624
leaf_count=56595 361773 69195 2481 1903 17675 14315 2978 6123 13355 8629 7428 31861 20670 5743
internal_value=-4.0165e-05 -0.00235604 0.000549265 0.00676026 0.00293597 0.000242705 0.000900628 0.0084067 0.00620494 0.0107785 -0.00312231 -0.00425573 0.000324601 -0.00694792
internal_weight=92171.9 18693.8 73478.1 3446.22 3061.73 70031.9 58584.8 4718.52 4214.97 3278.74 11447.1 10499.6 6012.87 2819.48
internal_count=620724 125790 494934 22059 19578 472875 392858 31085 28107 21984 80017 72589 40728 20058
is_linear=0
shrinkage=0.05


Tree=72
num_leaves=15
num_cat=0
split_feature=0 27 0 8 58 69 14 70 71 68 71 71 18 54
split_gain=70.4092 96.2886 56.9818 36.082 34.5859 33.306 29.4541 50.3708 60.5996 40.1878 72.3294 81.9536 37.6689 36.5012
threshold=0.022773941978812221 1.0120325088500979 0.013816365506500007 1.0000000180025095e-35 -0.0095469555817544443 0.061152415350079543 -0.16404391825199124 -0.0085004726424813253 -0.03858648054301738 0.053030095994472511 0.034492837265133865 0.02350313309580088 49.393764495849616 0.48850095272064215
decision_type=2 2 2 2 2 10 10 2 2 8 2 2 2 8
left_child=1 2 5 -4 -3 -1 7 8 -2 -9 11 12 -11 -8
right_child=6 4 3 -5 -6 -7 13 9 -10 10 -12 -13 -14 -15
leaf_value=-0.028453241377238592 0.013685789247709574 0.013549139563531125 -0.0055441425143542026 0.0023020154115713531 0.00082368357372856387 -0.0082504434913005173 -0.00091427149981283611 0.005676486069574431 -0.0082345683254449135 0.008105619631669404 -0.022605292253958402 0.020581112245972755 -0.010416161011379273 0.0015843462755178992
leaf_weight=386.83339160308242 376.84032435715199 566.34225070476532 9976.3746855556965 1711.53682648018 7282.8515571840107 444.00034711137414 30843.682766482234 8972.4978934749961 1705.5751133039594 398.48202462494373 345.63004290312529 436.49559466540813 832.20747994631529 27764.947582475841
leaf_count=7927 2005 4774 94235 16886 69077 9155 181927 50624 9449 2256 2060 2556 4928 162063
internal_value=1.10539e-05 -0.00258239 -0.00530299 -0.00439419 0.00175793 -0.0178833 0.000748279 0.00289384 -0.00422134 0.00424524 -0.00213134 0.00222266 -0.00440204 0.000269479
internal_weight=92044.3 20367.9 12518.7 11687.9 7849.19 830.834 71676.4 13067.7 2082.42 10985.3 2012.82 1667.19 1230.69 58608.6
internal_count=619922 202054 128203 111121 73851 17082 417868 73878 11454 62424 11800 9740 7184 343990
is_linear=0
shrinkage=0.05


Tree=73
num_leaves=15
num_cat=0
split_feature=0 22 64 69 73 74 69 69 74 71 74 74 74 69
split_gain=67.0837 54.105 46.2414 36.9026 166.645 95.898 84.6586 121.785 82.7873 122.39 134.455 96.0085 80.0092 78.7711
threshold=0.013060470111668112 91.29233551025392 0.030878781341016296 0.13544805347919467 0.67916125059127819 -0.0025842855684459205 0.10132142156362535 0.090995021164417281 -0.010353708174079655 0.011167324613779785 -0.001162211818154901 0.0097516253590583819 -0.0042312266305088988 0.084976848214864745
decision_type=2 8 2 10 2 2 10 10 2 2 2 2 2 10
left_child=-1 3 -3 6 -5 -6 7 13 -9 11 -11 -10 -8 -2
right_child=1 2 -4 4 5 -7 12 8 9 10 -12 -13 -14 -15
leaf_value=-0.013683346231018354 0.00064944055079695887 -0.010088744255712752 -0.001082307806986333 0.026329908140078045 0.015361769749517208 -0.0044125234605135065 0.0028560379667643102 0.02752178425402807 -0.0035151873105369472 0.039962699954426778 0.0085453230716713846 0.020863408677122858 -0.0058289383741432872 -0.0073415194019573792
leaf_weight=887.37099493294954 58862.814568843693 2294.0159577354789 3743.541284263134 738.90295426920056 792.76511696353555 2585.4121550023556 3627.7639797627926 484.08143636211753 2721.3010534755886 442.57760969921947 1410.0832851938903 463.94025621190667 9795.9829533211887 3244.4516197480261
leaf_count=19242 381390 19459 25072 4394 4762 16819 23737 2738 17496 2796 9366 2941 67521 22454
internal_value=-7.93536e-05 5.4487e-05 -0.0045154 0.00037893 0.00499097 0.000259601 0.000144075 0.000864114 0.00797296 0.00604375 0.0162248 8.98131e-05 -0.00348145 0.000230882
internal_weight=92095 91207.6 6037.56 85170.1 4117.08 3378.18 81053 67629.2 5521.98 5037.9 1852.66 3185.24 13423.7 62107.3
internal_count=620187 600945 44531 556414 25975 21581 530439 439181 35337 32599 12162 20437 91258 403844
is_linear=0
shrinkage=0.05


Tree=74
num_leaves=15
num_cat=0
split_feature=0 73 69 73 69 71 68 73 73 69 74 68 71 73
split_gain=63.6157 36.5291 65.0652 53.5502 48.5475 82.5488 34.5241 42.155 70.5285 64.0027 132.824 121.774 126.92 116.981
threshold=0.015133020002394916 0.85966211557388317 0.060251720249652869 0.85278713703155529 0.0023779070470482115 0.016023534350097183 0.063369292765855803 0.78874629735946666 0.83061772584915172 0.10132142156362535 -0.010161864571273325 0.016010948456823829 0.018063968978822235 0.5419357717037202
decision_type=2 2 10 2 8 2 10 2 2 10 2 10 2 2
left_child=-1 3 4 6 -3 -6 7 9 -9 -2 -11 13 -13 -12
right_child=1 2 -4 -5 5 -7 -8 8 -10 10 11 12 -14 -15
leaf_value=-0.0079080569988219194 0.00077681829568435219 -0.018554525891205542 -0.022170211788767616 0.019771123169957577 -0.0092774507887322874 0.01794553470728576 -0.0073176653092794771 0.0090946384873740634 -0.0050668989778045043 0.012694439748428861 0.030175353940484456 -0.008303503360368527 0.0035397664758964583 -0.00098445617577168332
leaf_weight=2506.2745383176953 65989.509678330272 302.59177880734205 490.90347468852997 341.76123539358377 573.32972937822342 523.52895646542311 1481.9167537540197 3137.1769807785749 1212.551720418036 1261.3131925240159 465.60104496404529 10024.08325951919 2914.390669669956 819.79539644345641
leaf_count=43975 419491 2120 3491 2236 4200 3468 9852 20768 8064 7735 2917 67487 19354 4986
internal_value=-6.73478e-05 0.00015298 -0.00670532 0.000301645 -0.00116169 0.00376078 0.000223176 0.00035422 0.00514433 9.78881e-05 -0.00279398 -0.00417538 -0.00563513 0.0104482
internal_weight=92044.7 89538.5 1890.35 87648.1 1399.45 1096.86 87306.3 85824.4 4349.73 81474.7 15485.2 14223.9 12938.5 1285.4
internal_count=620144 576169 13279 562890 9788 7668 560654 550802 28832 521970 102479 94744 86841 7903
is_linear=0
shrinkage=0.05


Tree=75
num_leaves=15
num_cat=0
split_feature=15 0 27 27 74 69 0 69 69 69 69 5 27 0
split_gain=57.3431 52.5452 69.2494 32.0891 30.9918 31.2342 51.7144 29.5213 44.6164 32.1754 31.1759 27.9058 27.5331 23.8826
threshold=17.227429389953617 0.021887119859457019 1.0120325088500979 0.55754554271698009 -0.04474180564284324 -0.13803395628929135 0.056416152045130737 0.041767353191971786 0.049152795225381858 0.026592043228447441 0.060647334903478629 0.71724092960357677 0.46205396950244909 0.014243142679333689
decision_type=8 2 2 2 2 8 2 10 10 8 10 2 2 2
left_child=12 2 3 -2 -3 6 -6 9 -9 -5 -10 -7 -1 -14
right_child=1 4 -4 7 5 11 -8 8 10 -11 -12 -13 13 -15
leaf_value=-0.0062118797148042774 -0.015111953144266799 -0.014373435603028893 0.00093817674929766177 -0.0038797505480027937 0.021214609359940687 -0.012542153427288611 -0.00064166680351698346 0.01217449960542988 -0.014242470892832162 -0.016893516293301734 -0.0029339590420564528 -0.00010984273237864156 -0.009214133490676046 0.0026129167636548614
leaf_weight=960.2126629203558 973.96667710505426 369.89318479597569 4892.6751726381481 920.37403023801744 444.8445517718792 445.20513398200274 666.90423285961151 414.22756639681756 721.7666555121541 988.65110586583614 3702.055833876133 53581.939137198031 425.50690173171461 22528.919453173876
leaf_count=6482 11218 2319 47864 8669 2139 2571 3379 4445 8179 10648 40118 315668 8239 148283
internal_value=-6.39618e-05 -0.000803437 -0.00371514 -0.00666125 -0.000141237 -4.31729e-05 0.00821485 -0.0054208 -0.00333091 -0.0106723 -0.00480695 -0.000214592 0.00204194 0.00238976
internal_weight=92037.1 68122.5 12613.7 7721.04 55508.8 55138.9 1111.75 6747.08 4838.05 1909.03 4423.82 54027.1 23914.6 22954.4
internal_count=620221 457217 131141 83277 326076 323757 5518 72059 52742 19317 48297 318239 163004 156522
is_linear=0
shrinkage=0.05


Tree=76
num_leaves=15
num_cat=0
split_feature=18 23 73 71 71 71 73 73 73 71 71 71 73 51
split_gain=59.4317 40.8874 40.8303 63.0393 58.0157 100.028 70.5497 96.0542 78.4145 54.7145 74.4435 115.003 116.783 124.857
threshold=65.807651519775405 0.019828907214105133 0.68743640184402477 0.042148336768150337 0.030724386684596542 0.033001665025949485 0.44682462513446813 0.53206562995910656 0.37245135009288793 0.019246594049036506 0.012974427081644537 0.01416246732696891 0.62238013744354259 -0.087461221963167177
decision_type=2 2 2 2 2 2 2 2 2 2 2 2 2 8
left_child=2 -2 3 4 9 -6 8 -8 -7 10 -1 12 13 -12
right_child=1 -3 -4 -5 5 6 7 -9 -10 -11 11 -13 -14 -15
leaf_value=0.00079852922135574338 -0.005437580856439409 0.0013589867191099504 -0.0017257591192532584 -0.0076707406772255132 0.028208457314473669 0.0058651641011310861 0.027135259408604524 -0.0024112978554533507 -0.024494273538564787 -0.0040309199539067609 0.048751092388281667 0.0030465205168218918 0.00062818180668663438 0.0080982675388989213
leaf_weight=48543.015053741634 7811.575282363221 3081.0902070067823 17458.292638285086 2018.4542535729706 513.42252066731453 489.45299366116524 524.2485733833164 563.92478893697262 362.12327376939356 4989.0472874771804 450.57713070139289 4478.3465799000114 478.98923123069108 328.08987471275032
leaf_count=314866 63452 19550 124844 12821 3343 2749 3161 3570 2186 31930 2620 29516 3662 2296
internal_value=-4.94044e-05 -0.00351563 0.000415963 0.00100276 0.0012876 0.00880673 0.00355305 0.0119408 -0.0071793 0.000974945 0.00143572 0.00681736 0.0201149 0.031942
internal_weight=92090.6 10892.7 81198 63739.7 61721.2 2453.17 1939.75 1088.17 851.576 59268.1 54279 5736 1257.66 778.667
internal_count=620566 83002 537564 412720 399899 15009 11666 6731 4935 384890 352960 38094 8578 4916
is_linear=0
shrinkage=0.05


Tree=77
num_leaves=15
num_cat=0
split_feature=0 27 27 68 73 71 54 68 71 71 54 73 71 71
split_gain=60.5162 66.1172 36.659 33.7029 73.3203 32.8834 60.777 30.6303 53.3109 131.028 84.899 45.6857 32.4273 232.572
threshold=0.020366174168884758 0.6328435242176057 1.2812825441360476 0.041905201971530921 0.68743640184402477 -0.017686145380139347 0.30341328680515295 0.059724392369389541 0.02350313309580088 0.036813231185078628 0.70592167973518383 0.85278713703155529 -0.024940954521298405 -0.024129430763423439
decision_type=2 2 2 10 2 2 8 8 2 2 8 2 2 2
left_child=1 -1 3 5 -5 6 -3 12 10 11 -9 -10 -2 -14
right_child=7 2 -4 4 -6 -7 -8 8 9 -11 -12 -13 13 -15
leaf_value=-0.012098276836238816 -0.0020387448185455693 -0.0059923735580599902 0.0038617936748625396 0.024339816095513542 -0.002528678274382982 -0.0055699718341647338 0.021230486570641933 -0.017900380260123937 0.0064408228926590184 -0.015049858958197918 0.00082616317226783453 0.029150301702954552 0.040981066671130162 0.00093366577093636572
leaf_weight=1763.6444830596447 9026.3515657410026 506.89851294644177 2331.7807457000017 327.01654243096709 1023.4722267389297 6879.0163896642625 330.6876008938998 1178.9249453768134 610.60319665074348 580.81667257845402 1231.1139643490314 344.69160387665033 354.55943435430527 65529.125965446234
leaf_count=21946 50010 4472 24406 3186 11634 79784 2949 7851 3734 3676 7237 2115 1902 395285
internal_value=1.9948e-05 -0.00311718 -0.00171823 -0.00315591 0.00410852 -0.00443094 0.00487917 0.00054392 -0.00374404 0.00352164 -0.00837046 0.014852 0.000770273 0.00115537
internal_weight=92018.7 13162.5 11398.9 9067.09 1350.49 7716.6 837.586 78856.2 3946.15 1536.11 2410.04 955.295 74910 65883.7
internal_count=620187 148377 126431 102025 14820 87205 7421 471810 24613 9525 15088 5849 447197 397187
is_linear=0
shrinkage=0.05


Tree=78
num_leaves=15
num_cat=0
split_feature=72 74 72 72 71 72 68 53 68 53 12 72 71 74
split_gain=49.3449 92.0685 80.1832 69.0415 85.9562 49.9335 46.0581 46.7741 54.9493 43.3002 37.7052 36.7243 33.1634 38.8964
threshold=0.0046126006636768588 0.0084149115718901175 0.0046515460126101979 0.0040987152606248864 0.016849424690008167 0.0042985687032341966 0.037134038284420974 -0.72173449397087086 0.0099254120141267794 -0.024283728562295433 0.21091610938310626 0.0042985687032341966 -0.0011099837720394132 -0.0014396875631064174
decision_type=10 2 10 8 2 10 8 10 10 10 10 10 2 2
left_child=1 3 -2 4 12 -3 7 -5 -9 -4 -11 -10 13 -1
right_child=2 5 9 6 -6 -7 -8 8 11 10 -12 -13 -14 -15
leaf_value=0.013670961803209173 0.02366903155787423 0.02694897545317651 0.00053800153565804567 0.010388847298853067 0.020174954774349489 -0.00042937263063134502 -0.01847058463001312 -0.02333454353055827 0.0031013492645833498 -0.0084391541227069513 -0.00026760153503890789 -0.010423809284986971 -0.0049852757241847312 -0.0053050493662783801
leaf_weight=574.66941063292325 356.30095357820392 356.50498478114605 76078.159624682739 357.81318682432175 432.17767292447388 304.67396263591945 1068.3013265021145 504.80839545838535 827.90441493690014 2578.3917985614389 3106.6771055180579 1250.1899344641715 3870.6964724455029 494.1486201249063
leaf_count=4746 2701 2968 485258 2412 3521 2484 8196 4414 6987 27111 22186 10657 33316 4242
internal_value=-7.68496e-05 -0.00338354 0.000327868 -0.00465916 -0.000948952 0.0145145 -0.00961575 -0.00634728 -0.00869688 0.000223272 -0.00398202 -0.00504639 -0.00283419 0.0049299
internal_weight=92161.4 10041.9 82119.5 9380.71 5371.69 661.179 4009.02 2940.72 2582.9 81763.2 5685.07 2078.09 4939.51 1068.82
internal_count=621199 83943 537256 78491 45825 5452 32666 24470 22058 534555 49297 17644 42304 8988
is_linear=0
shrinkage=0.05


Tree=79
num_leaves=15
num_cat=0
split_feature=74 69 72 69 72 68 69 69 68 84 71 84 68 68
split_gain=39.5297 47.8559 68.1972 36.0255 179.938 93.6097 58.9105 120.99 88.0911 99.907 107.993 82.9762 123.486 94.6096
threshold=-0.04474180564284324 -0.13803395628929135 0.019190592691302303 0.13544805347919467 0.005167735507711769 0.035737453028559692 0.10132142156362535 0.090995021164417281 0.01952229626476765 3.5000000000000004 -0.0032627218170091505 2.5000000000000004 0.039957420900464065 0.050766840577125556
decision_type=2 8 10 10 10 10 10 10 10 2 2 2 10 10
left_child=-1 2 -2 6 -5 -6 7 -3 9 10 -8 -9 -13 -14
right_child=1 3 -4 4 5 -7 8 11 -10 -11 -12 12 13 -15
leaf_value=-0.015307918519816558 0.022806029911826231 -0.00044559136966367907 -0.00031711822236743303 0.033266172451842158 0.02053565687716569 -0.0021290641002324182 -0.0022268152897683352 0.001714684155290592 -0.0051035816543602425 -0.010708598167148456 0.022056717351278413 0.019724998782868267 -0.022833860873404915 0.014337799338179106
leaf_weight=416.16383384726942 542.27979640290141 65286.585904512554 753.84884965606034 465.3074542786926 512.03868380002677 3569.0206939205527 822.69012674130499 3353.4076067134738 11998.767660588026 710.6350958943367 1017.6343072559685 1996.9140004627407 346.69181876443326 319.80592217855155
leaf_count=2636 2578 441825 3858 2901 3092 23052 4995 22155 85494 4622 6493 12661 2454 2247
internal_value=-0.000115165 -4.45506e-05 0.00945778 -0.000181824 0.0041507 0.000757858 -0.00041171 0.000180078 -0.00331 0.00511332 0.0112478 0.0069585 0.0135297 -0.00504948
internal_weight=92111.8 91695.6 1296.13 90399.5 4546.37 4081.06 85853.1 71303.4 14549.7 2550.96 1840.32 6016.82 2663.41 666.498
internal_count=621063 618427 6436 611991 29045 26144 582946 481342 101604 16110 11488 39517 17362 4701
is_linear=0
shrinkage=0.05


Tree=80
num_leaves=15
num_cat=0
split_feature=5 72 72 71 72 73 68 74 74 73 68 68 74 72
split_gain=43.4302 41.8581 103.106 76.9995 97.3985 56.0595 110.431 55.5597 61.1529 50.3398 123.606 129.545 109.823 99.4107
threshold=0.71724092960357677 0.0046126006636768588 0.0046515460126101979 0.016849424690008167 0.0040987152606248864 0.56275683641433727 -0.0020917954389005895 -0.0014396875631064174 0.00073325508856214594 0.6410336196422578 0.034101765602827079 0.025959110818803314 -0.0014977295650169251 0.019676754251122478
decision_type=2 10 10 2 8 2 10 2 2 2 10 10 2 10
left_child=-1 3 -3 5 -5 6 -2 -7 -9 10 11 12 -4 -14
right_child=1 2 9 4 -6 7 -8 8 -10 -11 -12 -13 13 -15
leaf_value=-0.012874920688683893 0.012176735631192277 0.026813843369863588 -0.0012658907952800833 0.025185550395768981 -0.0088245523621364591 0.0043290189117128714 -0.018554847362017592 -0.013735886296630105 -0.0017176976450864563 -0.0014716546680530419 0.010269075892169105 -0.0075952404128502961 0.0045153256429251677 -0.0067859712379020193
leaf_weight=640.71477092802525 360.37677545100451 359.50937730446458 21704.200150597841 503.40401689149439 349.96354325674474 2159.9142729397863 1413.5634390115738 1483.7004522755742 3644.8787506595254 25992.04269518517 3505.4721681252122 4420.7857115399092 23338.703669276088 2113.9853906650096
leaf_count=4762 2729 2686 133814 3966 2797 18063 11094 12623 31810 182334 22594 30088 148700 12061
internal_value=-3.4147e-06 8.82629e-05 0.000461854 -0.00297728 0.0112974 -0.00433243 -0.0122785 -0.00238428 -0.00521453 0.00034171 0.00119749 0.000579073 0.00134683 0.00357439
internal_weight=91991.2 91350.5 81434.7 9915.8 853.368 9062.43 1773.94 7288.49 5128.58 81075.2 55083.1 51577.7 47156.9 25452.7
internal_count=620121 615359 532277 83082 6763 76319 13823 62496 44433 529591 347257 324663 294575 160761
is_linear=0
shrinkage=0.05


Tree=81
num_leaves=15
num_cat=0
split_feature=0 79 8 73 73 73 70 74 74 73 19 19 58 74
split_gain=46.1691 40.2778 39.1179 37.5768 77.1346 74.549 59.8015 244.529 80.3447 99.9196 59.7167 57.4374 49.7966 46.6381
threshold=0.011692701838910581 0.0034721225965768103 1.0000000180025095e-35 0.31657269597053533 0.32778233289718633 0.25739786028862005 0.0022063588257879023 0.013596884906291963 -0.0094495052471756918 0.27296082675457006 -0.0013542932574637232 0.00077278760727494966 -0.0046262089163064948 0.0016212739865295591
decision_type=2 8 2 2 2 2 2 2 2 2 8 8 2 2
left_child=-1 -2 3 5 -5 13 8 10 9 -7 -8 12 -11 -3
right_child=1 2 -4 4 -6 6 7 -9 -10 11 -12 -13 -14 -15
leaf_value=-0.017144636752825529 -0.0024184837360641137 -0.0031119963875886683 0.0036437096503251463 -0.016988023203786805 -0.00022486452310977855 0.033604058462289838 0.049020828246001652 -0.0050086444707637921 -0.0047411609588033019 0.025032621476770718 0.02070670455292048 -0.011563893568384276 -0.00050168768279225189 0.0045114443298400605
leaf_weight=380.10423724167049 13586.406112484634 5251.1621200218797 8924.7095259167254 684.84175869822502 55479.955093190074 376.97386637330055 384.02820388227701 730.97126181423664 1459.4031204804778 365.73153222724795 401.56668170914054 378.6975426748395 387.44012430682778 3232.7958394661546
leaf_count=9829 101741 29896 62695 4280 369246 1978 1961 4013 8209 2001 2229 2179 2184 18065
internal_value=1.9937e-05 9.29914e-05 0.000530379 0.000127999 -0.000432253 0.00255278 0.00775895 0.0158044 0.00360901 0.0116636 0.0349899 0.00412595 0.012063 -0.000205208
internal_weight=92024.8 91644.7 78058.3 69133.6 56164.8 12968.8 4484.81 1516.57 2968.25 1508.84 785.595 1131.87 753.172 8483.96
internal_count=620506 610677 508936 446241 373526 72715 24754 8203 16551 8342 4190 6364 4185 47961
is_linear=0
shrinkage=0.05


Tree=82
num_leaves=15
num_cat=0
split_feature=73 73 13 0 70 22 73 73 68 68 68 68 50 68
split_gain=49.2249 60.9631 44.1082 42.2166 37.7803 43.2591 47.3158 84.1111 67.8539 117.697 96.6388 138.769 105.368 99.4551
threshold=0.85966211557388317 0.85278713703155529 0.0057174635585397491 0.012468064669519665 -0.030434315092861649 85.117031097412124 0.31657269597053533 0.33640001714229589 -0.03380355425179004 -0.019749879837036129 -0.038501890376210206 -0.044340465217828744 0.0658417083323002 -0.036629233509302132
decision_type=2 2 8 2 2 8 2 2 10 10 10 10 2 10
left_child=1 3 -2 -1 -5 6 8 -8 10 -10 11 -6 -13 -12
right_child=2 -3 -4 4 5 -7 7 -9 9 -11 13 12 -14 -15
leaf_value=-0.013070796845542052 0.0055672124863553295 0.020588467724912005 -0.012229620183523023 -0.0084206231145001233 0.00058203828658217693 -0.0024146468344909792 -0.011675090692464751 0.00042836730883530577 0.019982065318972453 0.00022997978714574892 -0.03147838761560541 0.029918878278881556 -0.0021335781746624257 0.00075340195855068349
leaf_weight=601.16688612662256 450.66657042875886 351.89570962265134 1449.8285030126572 1267.72420720011 7244.2966874018312 13059.788989171386 1460.0054937973619 60975.896283879876 1489.7893278636038 1517.5307274647057 419.63700587674975 759.97855735197663 382.5211182013154 539.28732295334339
leaf_count=14452 3253 2345 10650 7880 39837 95165 9045 408677 8074 8416 2559 4407 2194 3115
internal_value=-6.03488e-05 0.0001081 -0.00800239 2.54856e-05 0.000115288 0.000239412 0.00070313 0.000143515 0.00352918 0.0100487 0.00142279 0.00314664 0.019262 -0.0135309
internal_weight=91970 90069.5 1900.5 89717.6 89116.5 87848.7 74788.9 62435.9 12353 3007.32 9345.72 8386.8 1142.5 958.924
internal_count=620069 606166 13903 603821 589369 581489 486324 417722 68602 16490 52112 46438 6601 5674
is_linear=0
shrinkage=0.05


Tree=83
num_leaves=15
num_cat=0
split_feature=0 27 79 69 72 69 74 69 70 69 74 72 74 72
split_gain=46.7234 71.2876 45.6275 47.116 77.7383 55.0163 28.4532 35.8428 26.4396 40.8388 34.8268 90.0988 66.6155 92.896
threshold=0.023455074056982998 1.2175111174583437 0.0034721225965768103 0.1269701570272446 0.0063708887901157149 0.109159953892231 -0.010850483551621435 0.043823914602398879 -0.044312106445431702 -0.13803395628929135 -0.019179445691406723 0.019676754251122478 -0.02498772460967302 0.015109094325453045
decision_type=2 2 8 10 10 10 2 8 2 8 2 10 2 10
left_child=1 2 -1 5 -5 -4 7 -3 -2 -10 11 12 13 -11
right_child=8 6 3 4 -6 -7 -8 -9 9 10 -12 -13 -14 -15
leaf_value=-0.0084528951564917278 -0.012773224980320666 0.00036204646797279456 -0.001806414022614812 0.026249613962376152 -0.0048799463522998477 -0.012716685178104262 0.0019988177050643801 0.025480819858787848 0.0093109852716325939 0.0098779106333752933 0.00079975746528624693 0.013925956342236409 -0.014971964286159867 -0.019480926897757714
leaf_weight=3621.2936354205012 355.29208341240883 264.10372377187014 11842.209154462442 364.58996636234224 426.05830476619303 1271.1395932752639 4214.1447243932635 297.96231786906719 1344.5267521888018 842.5347403883934 64592.562007047236 547.44959643483162 1546.8557887226343 383.94950646162033
leaf_count=40776 2432 2016 113127 3054 3748 12530 39121 2349 6522 4790 374973 3129 8950 2291
internal_value=5.55638e-06 -0.00198562 -0.00346113 -0.00215588 0.00962333 -0.00287288 0.00342435 0.0138907 0.000643651 0.000714313 0.000542773 -0.00444321 -0.00810624 0.000603938
internal_weight=91914.7 22301.5 17525.3 13904 790.648 13113.3 4776.21 562.066 69613.2 69257.9 67913.4 3320.79 2773.34 1226.48
internal_count=619808 216721 173235 132459 6802 125657 43486 4365 403087 400655 394133 19160 16031 7081
is_linear=0
shrinkage=0.05


Tree=84
num_leaves=15
num_cat=0
split_feature=4 15 72 71 72 53 72 69 72 72 72 69 69 69
split_gain=48.3729 41.8433 44.6438 60.8939 58.3715 50.74 44.6153 59.0064 58.56 47.6586 44.3941 49.7828 55.8683 42.8203
threshold=0.15833333879709247 20.549896240234379 0.0059826329816132793 0.010697889141738416 0.021474678069353107 -0.2286209091544151 0.013164927251636984 -0.020707927644252774 0.011975087225437166 0.012776139657944443 0.0056083500385284433 0.13364221900701526 0.05397953279316426 0.040359048172831542
decision_type=8 10 10 2 10 10 10 8 10 10 10 10 8 10
left_child=1 6 10 4 -4 -5 7 8 -1 -9 11 12 -3 -8
right_child=-2 2 3 5 -6 -7 13 9 -10 -11 -12 -13 -14 -15
leaf_value=0.028738243477866854 0.0015901419505464547 0.0049369913529099582 0.0015308508645472602 0.0012205607125589375 -0.013892250870190657 -0.0071500924598327745 -0.0069685015735855491 0.00081257996265646974 0.000878999046337035 0.019489281548957852 -0.01419416803161251 0.016961702010875598 -0.0063145428852143352 0.0069517366045770456
leaf_weight=382.75792483054101 33542.00235058181 1326.9315623920411 15699.850518835708 2710.6853727810085 628.44470829516649 5425.1859477572143 2939.3082065712661 20159.710322901607 364.17696355842054 337.49250208027661 1124.6304653007537 274.00168594717979 6352.1231696270406 671.2777486462146
leaf_count=2494 188295 11099 105984 17001 3663 41267 18293 154835 2327 2261 9315 1787 57151 4273
internal_value=7.71238e-05 -0.000792052 -0.00194394 -0.000831951 0.000929106 -0.00436311 0.000762597 0.00163629 0.0153462 0.00112945 -0.00493651 -0.00361122 -0.0043664 -0.00436841
internal_weight=91938.6 58396.6 33541.9 24464.2 16328.3 8135.87 24854.7 21244.1 746.935 20497.2 9077.69 7953.06 7679.05 3610.59
internal_count=620045 431750 247267 167915 109647 58268 184483 161917 4821 157096 79352 70037 68250 22566
is_linear=0
shrinkage=0.05


Tree=85
num_leaves=15
num_cat=0
split_feature=53 54 27 69 71 69 71 84 71 74 58 74 0 71
split_gain=47.4515 106.74 41.2511 30.1252 114.049 73.1774 78.2892 82.5263 69.4911 95.14 69.0932 57.473 55.1168 50.8292
threshold=-0.11499628797173499 0.27179390192031866 0.46205396950244909 0.10023048147559167 -0.024940954521298405 0.093839596956968321 0.012571706436574461 3.5000000000000004 0.018401729874312881 -0.0020624514436349268 0.00034038691956084227 -0.0062917259056121102 0.033899489790201194 0.04727261699736119
decision_type=10 10 2 8 2 10 2 2 2 2 2 2 2 2
left_child=3 -2 -3 5 -5 13 7 -7 12 11 -8 -10 -6 -1
right_child=1 2 -4 4 8 6 10 -9 9 -11 -12 -13 -14 -15
leaf_value=0.0012508420719773013 -0.0083549205831624975 -0.0099315883896168647 9.2042878766809345e-05 0.025995977971800151 -0.007086088736393454 -0.0028965711757837631 0.039356513634326934 0.022612909440782796 0.0057038626850193256 6.1227705789388171e-05 0.0083817041034047034 0.034097399052020354 -0.00022197979810234739 -0.0085902691442447318
leaf_weight=42647.779754046351 4945.7978736050427 1061.7051886543632 24288.025938589126 367.44971667975187 5803.6618369985372 1197.493963258341 346.76499434933066 420.35182747431099 346.26362375169992 2542.4901307746768 377.44688507914543 368.05011392384768 5886.22843927145 1343.8318309430033
leaf_count=257953 50648 8111 180822 2083 44340 7004 1997 2391 2097 16389 2222 2200 33335 8592
internal_value=-2.3661e-05 -0.00164368 -0.000331521 0.000772601 -0.00114942 0.00140798 0.0100008 0.00382955 -0.0018337 0.00461579 0.023547 0.0206024 -0.00363294 0.000948337
internal_weight=91943.3 30295.5 25349.7 61647.8 15314.1 46333.7 2342.06 1617.85 14946.7 3256.8 724.212 714.314 11689.9 43991.6
internal_count=620184 239581 188933 380603 100444 280159 13614 9395 98361 20686 4219 4297 77675 266545
is_linear=0
shrinkage=0.05


Tree=86
num_leaves=15
num_cat=0
split_feature=18 5 54 71 12 71 71 2 54 71 70 50 71 70
split_gain=39.4579 52.1765 45.743 84.0194 67.3808 54.7919 53.347 51.9504 56.5962 50.319 49.8276 59.7485 45.8042 45.0744
threshold=67.204559326171889 0.83431974053382885 0.38434880971908575 -0.017686145380139347 -0.048008777201175683 -0.013603275176137684 -0.012742594350129364 0.021897233091294769 0.73406288027763378 -0.010246572084724901 0.016821727156639103 0.094915602356195464 0.042148336768150337 0.0052992564160376796
decision_type=2 2 8 2 10 2 2 2 8 2 2 2 2 2
left_child=2 -2 4 7 6 -5 13 8 -4 -7 -11 -12 -8 -1
right_child=1 -3 3 5 -6 9 12 -9 -10 10 11 -13 -14 -15
leaf_value=-0.00072015499145865712 -0.021805038879946486 -0.0023731870070916473 0.0085213349186640443 -0.008645160765602582 -0.0031062002854161637 0.0097037478111606183 0.0031235025233147182 0.0052322990626131232 0.03658904332015156 0.00020495557731592891 0.024231305734447425 0.0019622367899765404 -0.0077531533528288291 -0.010749822032378139
leaf_weight=5529.7313278540969 350.37696014344692 8488.3663404583931 488.88448844663799 1518.3049792833626 18197.60278894566 1584.6784046180546 15786.989937394857 4993.6150031834841 281.98946987465024 31081.330305952579 469.12650257535279 816.43653897196054 1021.7163739148527 1395.3207950145006
leaf_count=30976 3563 64578 3504 9214 147060 9742 96716 26919 2017 205033 2822 4594 6366 7712
internal_value=7.00684e-06 -0.00316726 0.000344704 0.00152702 -0.000818047 0.000616287 0.00093694 0.00712014 0.0191257 0.00103288 0.000605489 0.010213 0.00245815 -0.00275361
internal_weight=92004.5 8838.74 83165.7 41234.4 41931.4 35469.9 23733.8 5764.49 770.874 33951.6 32366.9 1285.56 16808.7 6925.05
internal_count=620816 68141 552675 263845 288830 231405 141770 32440 5521 222191 212449 7416 103082 38688
is_linear=0
shrinkage=0.05


Tree=87
num_leaves=15
num_cat=0
split_feature=0 68 71 71 54 73 68 68 71 71 14 73 73 73
split_gain=40.4648 33.0635 51.2387 125.147 81.4028 37.3974 36.1046 106.12 189.315 106.316 69.1954 103.078 81.626 45.5331
threshold=0.014612839557230474 0.059724392369389541 0.02350313309580088 0.036813231185078628 0.73406288027763378 0.85278713703155529 0.049752205610275275 0.051386155188083656 0.0038955247728154068 0.0043427059426903733 0.041446538642048843 0.73714429140090953 0.76477584242820751 0.78874629735946666
decision_type=2 8 2 2 8 2 10 10 2 2 8 2 2 2
left_child=-1 6 4 5 -3 -4 13 8 -8 -9 11 -11 -13 -2
right_child=1 2 3 -5 -6 -7 7 9 -10 10 -12 12 -14 -15
leaf_value=-0.0071908194197943011 -0.0001082516307417816 -0.01674207805106908 0.005967503051720063 -0.015197903458254614 0.00082115812471550984 0.025766973077788247 0.047834928556876558 -0.018999757032441712 0.0049512573733971393 0.028254678983969363 -0.003314475824593488 -0.017216763041554149 0.012925657973262948 0.0059736148084795909
leaf_weight=1894.7179315797985 77619.677076991647 1380.8563748896122 644.6118297688663 595.16364446282387 1253.3597570285201 376.61301621422172 347.07462462037802 593.50844424590468 931.59610290452838 565.69078088179231 1588.8164163418114 355.77938098087907 572.04564558714628 3194.5071684457362
leaf_count=36600 501009 10157 4074 3879 7455 2414 2209 3843 6433 3614 10555 2334 3935 21527
internal_value=2.1037e-05 0.000173613 -0.00412556 0.00287202 -0.00841399 0.0134483 0.000387132 0.00452587 0.0168722 0.000196968 0.00394282 0.0116339 0.00130705 0.000132868
internal_weight=91914 90019.3 4250.6 1616.39 2634.22 1021.22 85768.7 4954.51 1278.67 3675.84 3082.33 1493.52 927.825 80814.2
internal_count=620038 583438 27979 10367 17612 6488 555459 32923 8642 24281 20438 9883 6269 522536
is_linear=0
shrinkage=0.05


Tree=88
num_leaves=15
num_cat=0
split_feature=0 72 72 69 69 69 72 71 70 68 68 72 68 69
split_gain=45.3599 34.2742 88.3433 104.863 292.812 178.577 77.0649 72.7365 117.023 160.459 95.8845 73.7667 83.5567 72.1235
threshold=0.011692701838910581 0.0062138757202774295 0.0074609280563890943 0.10132142156362535 0.093334153294563307 0.09630198031663896 0.0075535306241363296 -0.014376746024936436 -0.0082848854362964613 0.001090721052605659 0.050766840577125556 0.0072139161638915547 0.0039444044232368478 0.084356073290109648
decision_type=2 10 10 8 10 10 10 2 2 10 10 10 10 10
left_child=-1 -2 3 4 7 -6 -4 8 -3 -10 11 12 -9 -14
right_child=1 2 6 -5 5 -7 -8 10 9 -11 -12 -13 13 -15
leaf_value=-0.017348791192947428 -0.0015247846336418581 -0.0044821045353467207 -0.013251539596694032 -0.00097779542029260589 0.060307182039777085 0.015646708407993447 3.9462110990661319e-05 -0.024033465919381949 0.0072766350159756688 0.049797818756819712 0.0198580573396098 0.010541353682557791 0.0029071213227167586 -0.013650256643967013
leaf_weight=363.36633285693824 23640.311382360756 512.87094005942345 1103.6706006154418 5736.2451831698418 375.06343229115009 558.55320207774639 52734.047282755375 431.1508361697197 530.94297822937369 376.28782132640481 657.14766281470656 1207.5234917216003 2787.8166233189404 849.90047412365675
leaf_count=9828 182862 3175 7354 39716 2114 3549 324796 2882 3099 2354 4689 8137 19690 5806
internal_value=4.34156e-05 0.000114371 0.000685532 0.00421879 0.00781258 0.0340372 -0.000235413 0.00444141 0.0145647 0.0252636 0.00199813 -0.000259593 -0.00348299 -0.000988089
internal_weight=91864.9 91501.5 67861.2 14023.5 8287.26 933.617 53837.7 7353.64 1420.1 907.231 5933.54 5276.39 4068.87 3637.72
internal_count=620051 610223 427361 95211 55495 5663 332150 49832 8628 5453 41204 36515 28378 25496
is_linear=0
shrinkage=0.05


Tree=89
num_leaves=15
num_cat=0
split_feature=0 0 13 73 68 68 73 73 73 68 68 71 71 68
split_gain=36.7297 30.8088 28.9185 27.9246 97.4423 135.76 85.1598 84.141 109.067 71.0644 118.988 116.246 283.066 95.1228
threshold=0.015445953700691463 0.01037111133337021 -0.12068118155002593 0.31657269597053533 -0.03380355425179004 -0.019749879837036129 0.32778233289718633 0.2501190602779389 0.29632481932640081 -0.038501890376210206 -0.044340465217828744 -0.0071565646212548009 -0.0021796772489324208 -0.074138201773166643
decision_type=2 2 10 2 10 10 2 2 2 10 10 2 2 10
left_child=1 -1 -2 4 9 7 -5 -6 -9 10 11 13 -13 -4
right_child=2 -3 3 6 5 -7 -8 8 -10 -11 -12 12 -14 -15
leaf_value=-0.027198122325667207 -0.010061988197920486 -0.0044464314940764671 0.0015726757112447974 -0.016891566014630155 0.0028935458782006372 -0.00063952518212398012 -6.422194643240774e-05 0.043507210241401778 0.012250911276650253 -0.012427226190544954 0.015582498882177992 0.04820316728297655 0.0011636163554460063 -0.011767846531623265
leaf_weight=148.34373253956437 689.37422060966492 2644.6075685359538 2590.761851541698 749.5896190404892 509.02257505059242 1584.1292894780636 74003.165966704488 538.50751204788685 590.75206192582846 1045.1734103858471 1246.3308002129197 356.68894666433334 2506.2420858815312 2744.8655581772327
leaf_count=4927 3820 43837 14001 4726 2911 8648 486426 2638 3187 6207 7098 1802 14378 15603
internal_value=-0.00011186 -0.00574758 6.53154e-05 0.000145362 0.00221861 0.00980881 -0.000235196 0.0198544 0.0274071 -0.000120121 0.00125349 -0.000941112 0.0071716 -0.00529941
internal_weight=91947.6 2792.95 89154.6 88465.2 13712.5 3222.41 74752.8 1638.28 1129.26 10490.1 9444.89 8198.56 2862.93 5335.63
internal_count=620209 48764 571445 567625 76473 17384 491152 8736 5825 59089 52882 45784 16180 29604
is_linear=0
shrinkage=0.05


Tree=90
num_leaves=15
num_cat=0
split_feature=73 69 73 71 73 27 57 74 73 2 72 15 72 69
split_gain=38.1606 46.361 53.1419 39.5492 37.6594 31.6717 52.5239 36.1771 29.9573 25.8033 39.5838 25.1278 26.8518 55.6606
threshold=0.85966211557388317 0.060251720249652869 0.89463898539543163 0.025067974813282493 0.85278713703155529 0.68427789211273204 0.016496241092681888 -0.04474180564284324 0.68743640184402477 0.033362880349159248 0.013164927251636984 22.537690162658695 0.0080942544154822844 0.026592043228447441
decision_type=2 10 2 2 2 2 10 2 2 2 8 8 10 8
left_child=4 2 -2 -4 5 6 8 -7 9 10 -1 12 13 -9
right_child=1 -3 3 -5 -6 7 -8 11 -10 -11 -12 -13 -14 -15
leaf_value=-0.0029043762913055558 -0.011426372085852102 -0.020099631885863934 -0.004522169769511134 0.019523453023373744 0.016139455475188164 -0.014545524777097644 0.00013768987810401691 0.015819943506474463 -0.010841255035078518 0.0028271637178310487 -0.017190583870877411 -0.00016913969448690162 0.00045939025282504525 0.0025551317696340631
leaf_weight=2665.7236858978868 738.20916779339314 482.16389130055904 326.20355600863695 342.44760241732001 362.47960551083088 375.44081835262477 14889.302786912769 824.15624267421663 1753.8689754754305 1286.7069622427225 584.39642203599215 33191.521427271888 18717.547599928454 15441.003272708505
leaf_count=24153 5637 3673 2415 2152 2367 2456 91631 5613 15668 7270 4302 222762 115536 115074
internal_value=0.000126023 -0.00688828 -0.00225053 0.00789894 0.000273845 0.000207961 -0.00148157 0.00073012 -0.00530828 -0.00315018 -0.005518 0.000816365 0.00175119 0.00323657
internal_weight=91981.2 1889.02 1406.86 668.651 90092.1 89729.7 21180 68549.7 6290.7 4536.83 3250.12 68174.2 34982.7 16265.2
internal_count=620709 13877 10204 4567 606832 604465 143024 461441 51393 35725 28455 458985 236223 120687
is_linear=0
shrinkage=0.05


Tree=91
num_leaves=15
num_cat=0
split_feature=27 2 74 71 74 68 74 71 74 71 74 73 74 84
split_gain=32.2508 44.4189 33.5931 30.3576 97.6886 47.5903 64.3122 101.289 59.7706 68.1717 63.4999 114.777 86.0735 95.8874
threshold=0.50037088990211498 0.031657671555876739 0.0015047373017296197 -0.054346878081560128 -0.020331063307821747 -0.074138201773166643 -0.019179445691406723 -0.03858648054301738 -0.014015431515872477 0.01405667280778289 -0.011782031506299971 0.29116751253604894 -0.010161864571273325 1.5000000000000002
decision_type=2 2 2 2 2 8 2 2 2 2 2 2 2 2
left_child=1 2 -1 4 -2 -5 7 -7 9 -8 11 -10 13 -12
right_child=3 -3 -4 5 -6 6 8 -9 10 -11 12 -13 -14 -15
leaf_value=-0.0031168971527911218 0.0078732087590265443 9.7565087666654079e-05 -0.014666885450867926 0.0080789235378743388 -0.015612246109238307 0.010248176999585881 0.010190812910770857 -0.011686745256548912 -0.033158474273753791 -0.010139117320414563 0.026671211529684116 -0.002472546175081304 0.00020479759842458218 0.0035594743968184218
leaf_weight=1367.3998472150415 739.87486832588911 3720.6623914688826 1167.8189053591341 1996.2274210844189 1075.1229398082942 667.48916074819863 2772.1673084944487 2367.9192689545453 375.31713225692511 475.82721684873104 623.72261114418507 1466.2550934068859 71568.336507854983 1551.1893429979682
leaf_count=11180 4421 20886 9584 10527 6001 3982 16612 14910 2201 2886 3762 9167 494536 9759
internal_value=7.87194e-05 -0.00338407 -0.00847399 0.00033192 -0.00604783 0.000470696 0.000284217 -0.00684542 0.000559573 0.00719052 0.000273717 -0.00887172 0.000503276 0.0102792
internal_weight=91935.3 6255.88 2535.22 85679.4 1815 83864.5 81868.2 3035.41 78832.8 3247.99 75584.8 1841.57 73743.2 2174.91
internal_count=620414 41650 20764 578764 10422 568342 557815 18892 538923 19498 519425 11368 508057 13521
is_linear=0
shrinkage=0.05


Tree=92
num_leaves=15
num_cat=0
split_feature=0 15 70 73 54 72 70 0 27 27 70 5 84 73
split_gain=39.9267 35.0799 41.1121 51.237 49.1873 38.2015 40.0441 35.4924 50.498 34.9151 34.2323 35.1599 28.0112 27.0419
threshold=0.012468064669519665 22.442142486572269 -0.0087212771177291853 0.15441858023405078 0.46056012809276586 0.01715600956231356 -0.011451073456555603 0.030931308865547184 0.99591699242591869 0.46205396950244909 -0.006910554599016904 1.0341422557830813 3.5000000000000004 0.67617759108543407
decision_type=2 8 2 2 10 10 2 2 2 2 2 2 2 2
left_child=-1 2 3 -2 5 6 12 8 9 -3 11 -4 -5 -12
right_child=1 7 10 4 -6 -7 -8 -9 -10 -11 13 -13 -14 -15
leaf_value=-0.012989671410835761 0.01140873510204489 -0.014619401132520396 0.012615444597026635 0.00036457990224589255 0.0025605983989841485 -0.022113628033127067 -0.013994732327179155 0.00038276594464862828 0.00062997951803796259 -0.0037319644161231563 0.0022261356609977077 -0.0025841408331038814 -0.013045821833127694 -0.00068639335243631026
leaf_weight=577.40337952971458 576.98932209610939 777.51345964148641 1322.5069508962333 2026.4574341699481 1866.4623232483864 382.62730438262224 1006.0568076893687 24714.569184303284 8184.927157536149 11734.901262085885 26105.299854174256 528.33474288508296 471.86517727375031 11464.251120731235
leaf_count=14581 3126 6479 8212 12669 10669 2310 6463 137956 61625 94136 172619 3208 3039 82244
internal_value=4.21774e-06 8.79337e-05 0.001065 -0.00267237 -0.00410185 -0.00729938 -0.00562356 -0.000896443 -0.00242339 -0.00441964 0.0016657 0.00828605 -0.00221019 0.00133744
internal_weight=91740.2 91162.8 45750.9 6330.46 5753.47 3887.01 3504.38 45411.9 20697.3 12512.4 39420.4 1850.84 2498.32 37569.6
internal_count=619336 604755 304559 38276 35150 24481 22171 300196 162240 100615 266283 11420 15708 254863
is_linear=0
shrinkage=0.05


Tree=93
num_leaves=15
num_cat=0
split_feature=72 73 73 71 71 72 71 72 72 73 74 73 70 73
split_gain=40.1294 97.8496 96.7505 66.6073 93.763 59.5173 91.7974 114.685 92.4967 116.902 169.707 197.318 111.354 101.999
threshold=0.0062138757202774295 0.47465904057025915 0.39235964417457586 -0.013603275176137684 -0.0099539100192487222 0.008131067734211685 0.01045523537322879 0.0064295832999050626 0.0064592105336487302 0.50754529237747203 0.006618151906877757 0.5248546600341798 0.006220349809154869 0.45336794853210455
decision_type=10 2 2 2 2 10 2 10 10 2 2 2 2 2
left_child=1 2 -1 -3 -5 6 8 -8 -2 12 11 -11 -10 -14
right_child=5 3 -4 4 -6 -7 7 -9 9 10 -12 -13 13 -15
leaf_value=-0.011437876822815867 -0.0046870749296537865 -0.017836437482568381 0.012776228857442288 0.015325917691872954 -0.0031013000771777637 -0.00045890730561923705 0.017297082058207288 -0.0045002700701512882 -0.0039823285974635988 0.051223130822515089 -0.0042448561479404958 0.012541004287601033 0.025469659313003146 -0.0076018761579481377
leaf_weight=517.14120504446328 2002.5290379859507 720.02624990046024 1908.2625174298882 705.25133529864252 19944.927189053968 48661.203257510439 666.24043623358011 5604.3631455674767 3287.2592331767082 344.45997319929302 1429.4302226640284 5036.4618438240141 702.30848593264818 340.92558717355132
leaf_count=3681 14161 5105 13146 5230 161996 299524 4846 38680 20716 2180 10107 33859 4464 2277
internal_value=-0.000142863 -0.00190991 0.00758757 -0.00299087 -0.00246485 0.000474997 0.00281486 -0.00216049 0.0051884 0.0069661 0.0110455 0.0151077 0.000539983 0.0146924
internal_weight=91870.8 23795.6 2425.4 21370.2 20650.2 68075.2 19414 6270.6 13143.4 11140.8 6810.35 5380.92 4330.49 1043.23
internal_count=619972 189158 16827 172331 167226 430814 131290 43526 87764 73603 46146 36039 27457 6741
is_linear=0
shrinkage=0.05


Tree=94
num_leaves=15
num_cat=0
split_feature=8 53 54 72 68 68 68 72 73 73 68 68 68 68
split_gain=33.2998 38.8122 52.641 38.9716 162.265 186.519 129.348 107.147 94.5768 83.4013 98.1774 92.8404 71.6783 63.8405
threshold=1.0000000180025095e-35 -0.088484670966863618 0.30653749406337744 0.011299594305455686 -0.044340465217828744 -0.038501890376210206 -0.03380355425179004 0.013102645520120861 0.33904434740543371 0.44426245987415319 0.0043143404182046661 0.040277965366840369 -0.028726507909595963 0.029812240973114971
decision_type=2 10 10 10 10 10 10 10 2 2 10 10 10 10
left_child=1 3 -3 4 -1 -6 -7 8 12 -10 -11 13 -5 -12
right_child=-2 2 -4 7 5 6 -8 -9 9 10 11 -13 -14 -15
leaf_value=-0.023397427735285418 0.0028270584758075083 -0.0075627683002430978 -0.00093594679300203611 0.0096203846033630618 0.030959810820711659 -0.028260125982612041 -0.00016820621775590606 -0.00013162674812657187 -0.0094539768340425739 0.026083400380955336 0.0026324799926330041 0.016431330790060324 0.03047092655888899 -0.017650961042653814
leaf_weight=751.15261144004762 10000.796803437173 3621.6339869666845 17165.328816192225 1147.0439323969185 467.84031961299479 404.28589744493365 37590.786848748103 15585.098292877898 942.28751735016704 567.61126831546426 1559.5921416021883 947.72054114565253 646.88607777096331 505.5287896245718
leaf_count=4476 73462 38992 128562 6437 2594 2516 243475 88806 5538 3340 9512 5764 3450 3464
internal_value=0.000104877 -0.000227821 -0.00209359 0.000407011 -0.0005366 -8.4179e-05 -0.000474475 0.00209598 0.00758365 0.00371345 0.00719548 0.00356253 0.0172663 -0.00239391
internal_weight=91903.6 81902.8 20787 61115.8 39214.1 38462.9 37995.1 21901.8 6316.67 4522.74 3580.45 3012.84 1793.93 2065.12
internal_count=620388 546926 167554 379372 253061 248585 245991 126311 37505 27618 22080 18740 9887 12976
is_linear=0
shrinkage=0.05


Tree=95
num_leaves=15
num_cat=0
split_feature=73 69 69 71 5 69 71 72 69 71 72 71 71 72
split_gain=33.2534 46.9314 44.8178 65.5612 30.4434 28.1167 98.6256 29.0256 139.998 189.069 78.825 77.0273 63.102 99.1774
threshold=0.85966211557388317 0.060251720249652869 0.0023779070470482115 0.015875146724283699 0.71724092960357677 -0.13803395628929135 -0.030130613595247265 0.008131067734211685 0.026592043228447441 0.004519339883700014 0.0072139161638915547 -0.015521171502768992 0.023918393999338153 0.0072139161638915547
decision_type=2 10 8 2 2 8 2 8 8 2 10 2 2 10
left_child=4 2 -2 -4 -1 6 -6 8 9 10 11 -7 -10 -14
right_child=1 -3 3 -5 5 7 -8 -9 12 -11 -12 -13 13 -15
leaf_value=-0.010643347230925556 -0.018902428896869397 -0.019902394187764103 -0.0095873494419923943 0.014472888595219764 -0.0039060674505849245 0.018329069953537509 0.021611874918658038 -0.00064540387435917449 5.3001538795793412e-05 0.048839551230658945 0.019498655177237215 -0.010503019445917855 0.016988645522242076 -0.0075344056154051696
leaf_weight=625.64678825065494 292.03115098923445 472.41504533402622 541.4898567777127 572.4116127025336 878.66908327676356 326.75817555002868 652.06459228135645 46056.80434897542 37775.610389528796 313.90018481574953 758.83861052617431 732.47227288596332 1311.4608498830348 592.32266979292035
leaf_count=4696 2142 3659 4239 3855 4676 2069 3089 284569 281341 2280 4799 5367 9346 4139
internal_value=0.000122624 -0.00644399 -0.00181313 0.00279549 0.000260336 0.000337826 0.00703383 0.000220389 0.00117402 0.0136252 0.00731131 -0.00152047 0.000501756 0.00935931
internal_weight=91902.9 1878.35 1405.93 1113.9 90024.5 89398.9 1530.73 87868.2 41811.4 2131.97 1818.07 1059.23 39679.4 1903.78
internal_count=620266 13895 10236 8094 606371 601675 7765 593910 309341 14515 12235 7436 294826 13485
is_linear=0
shrinkage=0.05


Tree=96
num_leaves=15
num_cat=0
split_feature=22 72 72 72 68 69 73 73 72 69 72 69 69 68
split_gain=37.9337 34.1044 65.1335 62.6464 69.7166 123.898 97.6629 92.1897 95.3621 132.017 77.7525 121.19 97.8055 99.7156
threshold=91.29233551025392 0.0063193386886268863 0.0062668889295309791 0.0062138757202774295 0.049752205610275275 0.026592043228447441 0.84339755773544323 0.71115124225616466 0.0044769574888050565 0.094261474907398238 0.0056083500385284433 0.13544805347919467 0.07906664535403253 0.015655843541026119
decision_type=8 10 8 10 10 8 2 2 10 10 10 10 10 10
left_child=1 2 3 4 5 -1 -6 10 9 -9 11 12 13 -7
right_child=-2 -3 -4 -5 6 7 -8 8 -10 -11 -12 -13 -14 -15
leaf_value=0.01759855842911082 -0.0038792926609709068 0.00082301685621104519 -0.022618343841830924 0.020728679454140583 0.018850316904436264 -0.0034122566476901782 -0.006420520255682122 -0.007687810109399131 -0.01723131881793306 0.032262435038900125 -0.0076387232364143595 0.033060101041931925 -0.0062010066394343729 0.0078929386983080854
leaf_weight=751.88107227161527 6017.6240934859961 63094.630723565817 347.13565811887383 314.13032852485776 939.59116200171411 3399.4443561304361 633.30412139743567 1053.9542393870652 2039.6135349143296 246.67882937937975 3835.0143447946757 269.13987332582474 4428.9304974544793 4552.200804611668
leaf_count=5368 46598 394617 2456 2273 6735 28602 5112 9792 16731 2225 28230 1516 32548 37465
internal_value=-4.50014e-05 0.000224008 -0.00143247 -0.00109516 -0.00141389 -0.00219077 0.00869909 -0.00294979 -0.0105114 7.75243e-05 -0.00141216 0.000480092 -0.000254271 0.00306159
internal_weight=91923.3 85905.6 22811 22463.9 22149.8 20576.9 1572.9 19825 3340.25 1300.63 16484.7 12649.7 12380.6 7951.65
internal_count=620268 573670 179053 176597 174324 162477 11847 157109 28748 12017 128361 100131 98615 66067
is_linear=0
shrinkage=0.05


Tree=97
num_leaves=15
num_cat=0
split_feature=15 4 27 70 27 54 69 69 70 53 54 69 74 18
split_gain=38.7428 27.7269 55.2318 45.1238 39.2894 29.6095 31.047 31.1584 41.3496 28.6323 35.2407 31.1102 33.5592 26.0284
threshold=16.158908843994144 0.12500000372529033 0.55265751481056224 0.027393514290452007 1.3179758787155154 0.97234013676643383 -0.13803395628929135 -0.092393949627876268 -0.0072101396508514872 -0.26944947242736811 0.27179390192031866 0.107115026563406 -0.010585037525743244 76.737213134765639
decision_type=8 8 2 2 2 10 8 8 2 8 8 8 2 2
left_child=-1 2 -2 4 5 6 -4 8 -8 -9 -11 -12 -13 -3
right_child=1 13 3 -5 -6 -7 7 9 -10 10 11 12 -14 -15
leaf_value=0.001990320977073867 -0.0076236838411425454 0.0008035202914221045 0.013448542725246697 -0.019247543860097683 0.0026177714205961296 0.0052466919013855091 5.8545064743939156e-05 0.0020453540200971502 -0.022201358259804706 -0.0049720976409202517 0.00051609521408582713 0.012084476847953376 -0.0060188385621067477 -0.0078245135074640326
leaf_weight=19253.392239255831 3269.2774903997779 31313.934389894828 317.3513573538512 320.49780346080661 7213.9430658221245 1534.8926211856306 399.88829092308879 4192.713293781504 426.0640381667763 8592.8635642118752 10331.447592729703 266.38119684904814 3591.1104889474809 889.2439721506089
leaf_count=131302 26285 176296 1617 1981 51424 10317 2320 25205 2485 71366 81967 2050 30639 5389
internal_value=-3.28648e-06 -0.000531755 -0.00140303 -0.000854246 -0.000689169 -0.0014943 -0.00186401 -0.00204358 -0.0115524 -0.00174825 -0.00244701 -0.000915379 -0.00474069 0.000562915
internal_weight=91913 72659.6 40456.4 37187.2 36866.7 29652.7 28117.8 27800.5 825.952 26974.5 22781.8 14188.9 3857.49 32203.2
internal_count=620643 489341 307656 281371 279390 227966 217649 216032 4805 211227 186022 114656 32689 181685
is_linear=0
shrinkage=0.05


Tree=98
num_leaves=15
num_cat=0
split_feature=27 0 0 74 68 69 15 71 68 84 68 27 68 73
split_gain=35.5595 56.5824 28.8772 28.8144 27.8743 27.7038 26.1666 26.1328 24.2775 23.8911 33.855 22.7722 22.1284 22.5697
threshold=0.65456205606460582 0.032792858779430396 0.016315237618982795 -0.04474180564284324 0.057005966082215316 0.049591720104217536 16.158908843994144 0.025683609768748287 0.02659452706575394 1.0000000180025095e-35 0.0069403417874127635 0.40697076916694647 -0.028726507909595963 0.44916975498199468
decision_type=2 2 2 2 8 10 8 2 10 2 10 2 10 2
left_child=1 2 -1 -2 5 7 -5 12 9 10 -3 -7 -4 -14
right_child=3 8 4 6 -6 11 -8 -9 -10 -11 -12 -13 13 -15
leaf_value=-0.015478732324377763 -0.013154214593370321 -0.011484947677034727 -0.0073714543524478595 0.0023624186814773544 -0.016184134901881742 -0.015368173576596537 5.1225626704021047e-05 -0.013440634326769316 -0.0024705380340555617 0.0040737834388616095 0.0062439407834246983 -0.0045235513422526401 0.012064722179543219 0.00086606722596503985
leaf_weight=594.76975080370903 375.93525147251785 633.24353101849556 507.87204882502556 15556.913096975535 443.52398778498173 542.54864542931318 57418.74810539186 298.16463410481811 3889.8912485688925 4925.233722358942 454.73093751072884 4092.1291241273284 625.28145141899586 1547.9741463623941
leaf_count=10671 2472 3431 3236 105765 3522 4200 386398 2133 22399 26875 2534 30987 4248 11627
internal_value=-2.25129e-05 -0.00197734 -0.00492878 0.000472191 -0.00413181 -0.00340944 0.000544181 0.000352728 0.000603684 0.00259317 -0.00408558 -0.00582341 0.00193091 0.00412861
internal_weight=91907 18555.4 8652.26 73351.6 8057.49 7613.97 72975.7 2979.29 9903.1 6013.21 1087.97 4634.68 2681.13 2173.26
internal_count=620498 125863 70624 494635 59953 56431 492163 21244 55239 32840 5965 35187 19111 15875
is_linear=0
shrinkage=0.05


Tree=99
num_leaves=15
num_cat=0
split_feature=8 0 73 72 68 72 18 68 70 69 71 72 69 72
split_gain=33.1127 48.1311 39.9189 38.4998 82.8346 63.2934 36.4992 36.1484 53.5085 53.3468 41.3996 40.2705 55.399 37.6933
threshold=1.0000000180025095e-35 0.021659540943801407 0.83061772584915172 0.01230259705334902 -0.019749879837036129 0.0084194666706025618 50.961601257324226 0.041905201971530921 0.0083465380594134348 0.10753752291202547 0.014794950373470785 0.0059826329816132793 0.090995021164417281 0.003753507044166327
decision_type=2 2 2 8 8 10 2 10 2 8 2 10 10 10
left_child=1 2 3 4 5 -1 -5 9 -9 10 11 13 -13 -6
right_child=-2 -3 -4 6 7 -7 -8 8 -10 -11 -12 12 -14 -15
leaf_value=-0.0039031350361692172 0.0027451585188793151 0.00025340961934417963 -0.016430616811304966 -0.00042398152689729509 0.0051502220514381778 0.027567234486049752 -0.018177884371148503 0.0084253316239130526 -0.018195258937539427 -0.010862030599697406 -0.0099129142829388235 0.0010096541048386378 0.019151101554125683 -0.0066228294493053301
leaf_weight=256.28691815212369 10019.74498879537 67783.79199308157 519.68529710546136 487.71026693657041 888.31526819057763 404.67314808815718 704.03866353072226 1300.4368660114706 210.94319086521864 2039.0882132332772 1316.0635952763259 2623.2668468989432 491.52614104002714 2803.3417369443923
leaf_count=2024 73357 398694 5875 4001 11360 3192 6988 13283 2149 22156 14262 25309 4557 32778
internal_value=3.36073e-05 -0.000298709 -0.00296155 -0.00243228 -0.00159851 0.0154883 -0.0109763 -0.00257845 0.00461472 -0.0036518 -0.00183061 -0.000255601 0.00392457 -0.00378365
internal_weight=91848.9 81829.2 14045.4 13525.7 12333.9 660.96 1191.75 11673 1511.38 10161.6 8122.51 6806.45 3114.79 3691.66
internal_count=619985 546628 147934 142059 131070 5216 10989 125854 15432 110422 88266 74004 29866 44138
is_linear=0
shrinkage=0.05


Tree=100
num_leaves=15
num_cat=0
split_feature=0 70 74 72 69 73 74 73 70 72 59 72 84 74
split_gain=38.9436 31.9908 45.03 100.003 55.339 37.116 36.8766 105.133 55.3679 38.9228 107.536 66.6935 190.093 63.084
threshold=0.012468064669519665 -0.030434315092861649 -0.02498772460967302 0.01715600956231356 0.064711581915617003 0.22272879630327228 -0.021567674353718754 0.29116751253604894 -0.022202525287866589 0.021474678069353107 1.5000000000000002 0.019335029646754268 1.5000000000000002 0.017647080123424533
decision_type=2 2 2 10 10 2 2 2 2 8 10 10 2 2
left_child=-1 5 3 4 -3 -2 7 -4 -8 11 -11 13 -13 -10
right_child=1 2 6 -5 -6 -7 8 -9 9 10 -12 12 -14 -15
leaf_value=-0.013027652243519594 -0.00062597119576413473 0.031464953674379542 0.012301281595504469 -0.010082164275157309 0.0046693631649000252 -0.01810906264678554 0.016876261207598053 -0.018257958093856105 -0.00023997642108656528 -0.02486543085792739 -4.6298708721900546e-05 -0.015936341378949455 0.029114667324811327 0.006094002690354778
leaf_weight=563.39048039354384 731.26361680775881 447.11937401816249 407.69845888391137 411.21597418561578 340.03541065007448 509.95853907614946 481.79176247864962 859.89646549150348 79717.667657900602 575.55365706980228 1713.9525161683559 357.42161976918578 641.85372354090214 4124.9011851325631
leaf_count=14543 4443 2662 2211 2431 1983 3314 2584 5474 537678 3497 9454 2152 3458 24592
internal_value=-3.78161e-05 4.37409e-05 0.000154012 0.00974114 0.0200936 -0.00789626 2.36687e-05 -0.00840979 0.000146631 5.21982e-05 -0.00636652 0.000226141 0.0130025 7.23334e-05
internal_weight=91883.7 91320.3 90079.1 1198.37 787.155 1241.22 88880.7 1267.59 87613.1 87131.4 2289.51 84841.8 999.275 83842.6
internal_count=620476 605933 598176 7076 4645 7757 591100 7685 583415 580831 12951 567880 5610 562270
is_linear=0
shrinkage=0.05


Tree=101
num_leaves=15
num_cat=0
split_feature=73 69 72 69 70 69 73 68 69 68 73 68 70 73
split_gain=30.5484 93.5363 66.4792 63.039 54.2735 65.4431 85.4765 56.2912 52.5865 70.2185 111.867 110.282 103.139 72.2794
threshold=0.68743640184402477 0.13680395483970645 0.0061896902043372401 -0.038954747840762131 -0.0072101396508514872 0.064066708087921156 0.7626253366470338 0.034757858142256744 0.11214033514261247 0.011834083124995233 0.54471746087074291 -0.0024913050001487132 -0.00019781861919909713 0.44426245987415319
decision_type=2 10 10 8 2 10 2 10 10 10 2 10 2 2
left_child=1 8 -3 -2 5 7 -7 -5 9 10 13 -12 -13 -1
right_child=3 2 -4 4 -6 6 -8 -9 -10 -11 11 12 -14 -15
leaf_value=-0.0011354033333128215 0.016474749856932099 0.031637223286422531 0.0035030524577239182 0.013607371737983508 -0.0029298514076464845 -0.00021597942737520859 0.032500078712394936 -0.012394718346485555 -0.0038936720157049169 0.0027674304053780089 0.018369281122140584 -0.01903096666773274 -0.0031012201441196277 0.0040608089674834934
leaf_weight=24815.771171618253 451.75549625791609 390.62678489647806 447.14059106446803 317.74672055058181 19794.677627772093 383.89437255822122 405.68923509120941 561.33269396238029 7256.1793134901673 23311.325773205608 351.13143646903336 1887.230407750234 2198.0823069829494 9152.3521847818047
leaf_count=147079 2704 2199 2825 2035 147551 2625 2327 3557 50640 164553 2065 12769 15789 60937
internal_value=-0.000178678 0.000332617 0.0168397 -0.0018068 -0.00219908 0.00643555 0.0167898 -0.00294882 0.000129703 0.000603301 -0.00071069 -0.00816836 -0.0104885 0.000265444
internal_weight=91724.9 69809.8 837.767 21915.1 21463.3 1668.66 789.584 879.079 68972.1 61715.9 38404.6 4436.44 4085.31 33968.1
internal_count=619655 458856 5024 160799 158095 10544 4952 5592 453832 403192 238639 30623 28558 208016
is_linear=0
shrinkage=0.05


Tree=102
num_leaves=15
num_cat=0
split_feature=27 0 68 0 69 8 71 69 68 84 69 17 71 72
split_gain=38.2142 51.2471 30.2307 26.614 36.2623 33.736 26.8891 68.2416 48.9811 92.7916 60.3922 24.6865 32.6843 30.4887
threshold=0.47029121220111852 0.038605380803346641 0.025827668607234958 0.017461302690207962 -0.038954747840762131 1.0000000180025095e-35 -0.054346878081560128 -0.14871805161237714 -0.087453853338956819 1.5000000000000002 -0.001070204365532845 92.436656951904311 0.048369815573096282 0.02781627140939236
decision_type=2 2 8 2 10 2 2 8 10 2 10 2 2 8
left_child=1 2 -1 4 -2 -6 8 -8 9 -5 -10 13 -13 -9
right_child=3 -3 -4 6 5 -7 7 11 10 -11 -12 12 -14 -15
leaf_value=-0.004183356239881658 -0.014761323501475673 0.0010617879477835736 -0.015301726056130073 -0.01325922547024793 -0.0035176313371273367 0.0070118092080486668 0.01923931284613406 0.0010049632858586382 -0.028765493642333318 0.015865855670239706 -0.00014909816896928037 -0.0012411256790034785 -0.015021546090703081 -0.0063454753588724185
leaf_weight=1347.2742392811924 577.91648902744055 2306.0304097384214 1125.6994440071285 537.10564137995243 4285.102307125926 914.81282615847886 481.02160791307688 68821.876288041472 384.49530619382858 536.86698232591152 346.33913172036409 8374.1565381661057 443.78337422013283 1430.4162216857076
leaf_count=9997 8294 12845 9144 3133 60373 13549 2245 427836 2200 2933 2028 54912 2979 8295
internal_value=4.76478e-05 -0.00430089 -0.00928569 0.000286617 -0.00298944 -0.0016553 0.000519619 0.000656827 -0.00549847 0.00131213 -0.0153894 0.000541362 -0.00195089 0.000854418
internal_weight=91912.9 4779 2472.97 87133.9 5777.83 5199.92 81356.1 79551.3 1804.81 1073.97 730.834 79070.2 8817.94 70252.3
internal_count=620763 31986 19141 588777 82216 73922 506561 496267 10294 6066 4228 494022 57891 436131
is_linear=0
shrinkage=0.05


Tree=103
num_leaves=15
num_cat=0
split_feature=15 5 4 71 68 13 5 68 71 68 71 5 68 71
split_gain=29.1467 29.657 29.749 25.7937 26.2474 22.4992 21.9648 21.3064 24.5265 79.7968 56.803 47.0429 42.7823 51.4676
threshold=22.537690162658695 0.71724092960357677 0.12500000372529033 -0.054346878081560128 -0.070670504122972475 0.16020391881465915 1.0080854296684267 -0.056210340932011597 -0.0082825054414570314 0.017982721328735355 -0.007645966485142707 1.0506008267402651 0.00057709633256308745 -0.0011099837720394132
decision_type=8 2 8 2 8 8 2 8 2 8 2 2 8 2
left_child=3 -2 -3 -1 6 -4 -5 -6 9 -9 -10 -11 13 -12
right_child=1 2 5 4 7 -7 -8 8 10 11 12 -13 -14 -15
leaf_value=-0.0086253605735919486 -0.013675149503442242 -0.0018868752862935606 0.00099575572855429553 0.018319506351301498 -0.0074474680848225505 -0.0086198260951283676 0.0025836395481317553 0.0010060427756653995 -0.018575747736020578 0.016176659141379664 0.014399225889958386 -0.0026358416485885851 -0.00014556938459202729 0.0022405921299374089
leaf_weight=685.62570506706834 436.30477374792099 24679.222196942195 19635.145595831797 387.08170353807509 740.76844464801252 617.85051467642188 511.11393007077277 8056.7634697202593 379.51567984744906 1557.0757013875991 1083.7679833825678 418.50211342051625 28444.515410972759 4287.6316965296865
leaf_count=3875 3451 188206 111021 2015 4262 3542 2753 49300 2549 9579 7101 2586 203506 27090
internal_value=5.25122e-05 -0.000849278 -0.00072172 0.000931363 0.00107607 0.000698308 0.00949213 0.000905894 0.00104746 0.00321998 0.000409321 0.0121983 0.000627819 0.00471599
internal_weight=91920.9 45368.5 44932.2 46552.4 45866.7 20253 898.196 44968.5 44227.8 10032.3 34195.4 1975.58 33815.9 5371.4
internal_count=620836 306220 302769 314616 310741 114563 4768 305973 301711 61465 240246 12165 237697 34191
is_linear=0
shrinkage=0.05


Tree=104
num_leaves=15
num_cat=0
split_feature=5 53 54 53 25 70 70 70 72 2 70 15 70 70
split_gain=29.4722 27.9495 27.4262 70.9986 28.5241 27.1901 94.6094 27.986 27.9772 25.543 25.8129 24.6673 25.954 27.0511
threshold=0.71724092960357677 -0.48431113362312311 0.30341328680515295 -0.11642924323678015 -0.014407297130674122 -0.0085004726424813253 -0.0073174638673663131 -0.011143666692078112 0.0099148382432758825 0.072590522468090071 -0.030434315092861649 26.132855415344242 0.00048081930435728287 0.0022063588257879023
decision_type=2 10 8 10 10 2 2 2 10 2 2 8 2 2
left_child=1 -1 3 4 9 7 -7 8 -6 10 -2 -4 -13 -14
right_child=2 -3 11 -5 5 6 -8 -9 -10 -11 -12 12 13 -15
leaf_value=-0.001195451147897776 -0.011974108855481225 -0.022295596398043432 0.0017130616204699802 -0.0057302527156610763 -0.011817245109125733 0.028843055177353933 0.0021723579212193783 -0.016247674823224426 0.0055710190696758371 0.0079084513397621996 -0.0010781306212481938 0.0013769709851496664 -0.0070088515378903113 -0.0008680374866906073
leaf_weight=354.99785210005939 551.41810226812959 273.03382830508053 34935.294386086985 6203.8277991935611 333.89512252248824 335.22763864509761 9120.4061442613602 354.17046734876931 696.73131971806288 755.11055719852448 17243.353376526386 9946.2927346099168 2263.4272808358073 8511.1209355480969
leaf_count=2111 3456 2685 228814 63253 2127 1981 61978 2215 4209 4013 104083 65947 16500 57225
internal_value=0.000134554 -0.0105743 0.000209409 -0.000874378 0.00015222 0.0021887 0.00314738 -0.00433296 -0.000121734 -0.00103842 -0.00142231 0.000902563 -0.000464103 -0.00216335
internal_weight=91878.3 628.032 91250.3 35594.1 29390.3 10840.4 9455.63 1384.8 1030.63 18549.9 17794.8 55656.1 20720.8 10774.5
internal_count=620597 4796 615801 247315 184062 72510 63959 8551 6336 111552 107539 368486 139672 73725
is_linear=0
shrinkage=0.05


Tree=105
num_leaves=15
num_cat=0
split_feature=27 57 15 68 74 68 69 69 70 68 54 71 74 71
split_gain=27.352 41.2251 24.8607 22.7402 24.8084 23.4634 43.3031 21.2375 93.7104 78.8545 46.0102 33.9157 44.4525 38.9576
threshold=0.62918037176132213 0.018007689155638221 1.0000000180025095e-35 0.025959110818803314 -0.0034210348967462774 -0.010905845556408165 0.015642936341464523 0.13544805347919467 0.010642533190548422 0.036166118457913406 0.36710101366043096 0.011548060458153488 0.00073325508856214594 0.019495605491101745
decision_type=2 10 10 10 2 8 8 10 2 10 8 2 2 2
left_child=1 3 -2 5 -5 -1 -7 -4 9 -9 -11 -12 -13 -14
right_child=2 -3 7 4 -6 6 -8 8 -10 10 11 12 13 -15
leaf_value=-0.010485894693269718 -0.013727626815422032 -0.00012987141946051872 0.00025646130936778978 0.0037165773364058359 -0.011354671445687727 0.019395215877713687 -0.0025578526635483784 0.029863824075912079 -0.015842291706628254 0.019178928418820573 0.0086529611506176527 0.0067206448482602099 -0.024068452105405778 -0.0012336484530266591
leaf_weight=699.60776527784765 300.72140437364578 10751.075153218582 71964.502045724541 311.88335152715445 1967.7184216752648 244.07658891938627 1928.2259624935687 337.40864293649793 494.29244720004499 441.84539360553026 1002.2441899757832 591.3726718891412 329.80255775339901 417.32476912997663
leaf_count=4725 1707 65701 487426 2686 16948 1665 16306 1969 3298 2913 6157 3655 2218 2586
internal_value=-8.59051e-06 -0.00189336 0.000386611 -0.00556634 -0.00928547 -0.00259227 -1.36673e-05 0.000444579 0.00417917 0.0073916 0.0045695 0.00174193 -0.00345872 -0.0114983
internal_weight=91782.1 15902.6 75879.5 5151.51 2279.6 2871.91 2172.3 75578.8 3614.29 3120 2782.59 2340.74 1338.5 747.127
internal_count=619960 108031 511929 42330 19634 22696 17971 510222 22796 19498 17529 14616 8459 4804
is_linear=0
shrinkage=0.05


Tree=106
num_leaves=15
num_cat=0
split_feature=69 2 17 27 68 70 68 68 68 73 68 73 69 68
split_gain=30.9208 36.4563 25.3386 35.2246 29.2501 48.1289 35.3052 31.6601 170.365 201.946 93.6371 90.6904 104.173 88.5154
threshold=-0.13803395628929135 0.033362880349159248 89.608448028564467 0.95793330669403087 0.063369292765855803 -0.002195091918110847 0.087568700313568129 -0.028726507909595963 -0.024779885075986382 0.35803896188735967 -0.023032579571008679 0.27296082675457006 0.029081266373395923 -0.038501890376210206
decision_type=8 2 2 2 10 2 10 10 10 2 10 2 10 10
left_child=1 -1 4 -4 7 -6 -7 13 9 -9 -10 12 -12 -2
right_child=2 -3 3 -5 5 6 -8 8 10 -11 11 -13 -14 -15
leaf_value=0.019267744527213932 0.00036708658947615927 0.0021256991374556471 -0.0049994625442995929 0.00020638595189022442 -0.023497509826533924 -0.0063245197864483654 0.011828265963260032 0.034350700720694009 -0.023943237795519344 -0.010508801403441455 -0.0010004560224060248 0.00029673036519076721 0.034071969882714014 -0.01008298325994246
leaf_weight=421.43619985878468 8253.352247254923 1114.195018991828 6134.687949616462 6894.6142626516521 316.24402869306505 1204.9719914235175 333.87003516964614 764.10412447154522 383.67024054937065 365.44980094954371 416.81552361510694 62118.767423123121 419.12536385282874 2675.5184754021466
leaf_count=2082 47470 5662 45991 48601 2046 8493 2051 4101 2369 2143 2349 428537 2045 16189
internal_value=-8.78889e-05 0.00692436 -0.000207917 -0.00224668 0.000136187 -0.0060494 -0.00233512 0.000289161 0.000711086 0.0198722 0.00036629 0.000518221 0.0167791 -0.00219809
internal_weight=91816.8 1535.63 90281.2 13029.3 77251.9 1855.09 1538.84 75396.8 64467.9 1129.55 63338.4 62954.7 835.941 10928.9
internal_count=620129 7744 612385 94592 517793 12590 10544 505203 441544 6244 435300 432931 4394 63659
is_linear=0
shrinkage=0.05


Tree=107
num_leaves=15
num_cat=0
split_feature=74 68 74 69 69 84 72 57 74 72 69 70 74 74
split_gain=31.2815 33.6347 101.969 96.623 133.737 95.382 65.8308 73.458 60.6613 116.213 80.7634 88.0062 83.3877 69.4313
threshold=-0.04474180564284324 -0.074138201773166643 -0.015850028023123738 -0.10739394277334212 -0.12003959342837332 1.5000000000000002 0.021474678069353107 0.053393784910440452 0.017647080123424533 0.019676754251122478 0.011493782978504898 0.014888820704072716 0.019536812789738182 0.015060005243867637
decision_type=2 8 2 8 10 2 10 10 2 10 10 2 2 2
left_child=-1 2 5 4 -3 -2 7 -4 13 10 12 -12 -10 -5
right_child=1 3 6 8 -6 -7 -8 -9 9 -11 11 -13 -14 -15
leaf_value=-0.013885704158557374 0.0025725584150575825 0.0039495832785622301 0.022664150019706904 -0.00011186348907007418 -0.029396606033710429 0.032727737752779887 -0.012680671318898374 -0.0037062033148240053 0.036393545124444773 -0.013975294734954803 0.012497161555960904 -0.0073590591672717427 0.010617579956815126 -0.010204954942186784
leaf_weight=399.30666748993099 525.3606541659683 547.88330711983144 410.12453149072826 80941.783168163151 650.74371838197112 517.27646868675947 786.28165050595999 704.91144222021103 405.89453754015267 644.62347457930446 1087.5146016776562 1125.8627869039774 1340.7135797590017 1730.558157524094
leaf_count=2617 2764 2904 2150 557112 3819 2662 4268 3610 2258 3820 6769 6922 7814 10910
internal_value=-9.39513e-05 -3.21989e-05 0.00521626 -0.000207407 -0.0142478 0.017702 -0.00168744 0.00610839 -1.29722e-05 0.00556614 0.00877437 0.00240937 0.0167807 -0.000324348
internal_weight=91818.8 91419.5 2943.95 88475.6 1198.63 1042.64 1901.32 1115.04 87277 4604.61 3959.99 2213.38 1746.61 82672.3
internal_count=620399 617782 15454 602328 6723 5426 10028 5760 595605 27583 23763 13691 10072 568022
is_linear=0
shrinkage=0.05


Tree=108
num_leaves=15
num_cat=0
split_feature=54 53 71 2 74 74 73 71 70 54 74 73 71 71
split_gain=38.124 62.7481 58.7416 71.5321 62.9861 71.0255 96.5893 56.1327 56.1492 53.5722 50.2591 47.1034 43.9328 144.22
threshold=0.47431603074073797 -0.19423895329236981 -0.017686145380139347 0.032012240961194045 -0.016539857722818848 -0.012972702737897633 0.54471746087074291 -0.013176687993109224 0.0052992564160376796 1.3064520955085757 0.0031078858301043515 0.15441858023405078 0.01416246732696891 0.013157180976122619
decision_type=8 10 2 2 2 2 2 2 2 8 2 2 2 2
left_child=1 7 3 9 -4 6 -6 8 10 -2 -1 -9 13 -13
right_child=2 -3 4 -5 5 -7 -8 11 -10 -11 -12 12 -14 -15
leaf_value=-0.0022013241486081941 0.0086840551816719912 -0.0028785085861534293 -0.012275055822371157 0.0015211443964075352 -0.0022314133952098625 0.00042170224027707198 0.034930293972180823 0.015118563706545317 -0.011912797658322044 0.027731994528508455 0.01561084822489079 0.0022924222134013306 -0.0016193176581241612 0.030572069618421321
leaf_weight=5401.4323610756546 1443.5922354739159 22784.14401364699 944.85867310315371 3230.9348057955503 344.45662624016404 34827.400477454066 342.77798092365265 655.56810849159956 1435.1578330863267 494.01495333015919 417.32404415123165 12056.512701991946 6880.5349926911294 458.48483901843429
leaf_count=29973 8692 192377 5780 17107 2085 228628 1938 3437 7929 3007 2145 72728 41326 2801
internal_value=-1.25346e-05 -0.00094177 0.00110553 0.00608865 0.000397641 0.000738156 0.0165392 0.000674767 -0.00309162 0.013658 -0.000899236 0.0020382 0.00158852 0.00335202
internal_weight=91717.2 50089.2 41628 5168.54 36459.5 35514.6 687.235 27305 7253.91 1937.61 5818.76 20051.1 19395.5 12515
internal_count=619953 352716 267237 28806 238431 232651 4023 160339 40047 11699 32118 120292 116855 75529
is_linear=0
shrinkage=0.05


Tree=109
num_leaves=15
num_cat=0
split_feature=15 70 68 73 69 69 68 73 71 71 73 68 71 73
split_gain=29.601 27.5959 45.8706 25.7015 41.3552 36.3066 37.6085 28.9335 28.1696 86.6545 93.8052 138.911 85.746 76.443
threshold=11.31924343109131 -0.044312106445431702 -0.16844028234481809 0.85966211557388317 0.060251720249652869 1.0000000180025095e-35 0.053030095994472511 0.85278713703155529 0.019246594049036506 0.019818781875073913 0.44682462513446813 0.0048870842438191184 0.019064009189605716 0.34991362690925604
decision_type=8 2 8 2 10 10 10 2 2 2 2 10 2 2
left_child=-1 -2 -3 7 5 6 -5 8 12 -10 13 -12 -4 -11
right_child=1 2 3 4 -6 -7 -8 -9 9 10 11 -13 -14 -15
leaf_value=0.0048757509589900548 -0.013697173287697715 0.018798791749675782 0.00026830409987508506 0.0017749245840997232 -0.018966909201459721 0.0071717514625334964 -0.021078319080023823 0.014315044797398603 -0.01987381627842863 -0.0022351634175086436 0.018584166840947988 -0.00064052290757916647 0.024250617090951797 -0.01668299453249383
leaf_weight=3122.3350864760578 359.95925180800259 312.87225938029587 70769.469448402524 371.34903391450644 448.32934883236885 625.67401165142655 336.82869713380933 343.5755298435688 638.82271512597799 2377.2267926894128 1036.6100650690496 9187.1413921099156 364.68648174218833 1482.7638687416911
leaf_count=21812 2553 1513 479753 2868 3568 4454 2477 2248 4476 14219 6481 62375 2193 9397
internal_value=9.88178e-05 -6.99511e-05 -1.28513e-05 -8.18757e-05 -0.00600826 -0.00154392 -0.00923685 4.13344e-05 -1.74456e-05 -0.00200744 -0.00118352 0.00132497 0.000394647 -0.00781387
internal_weight=91777.6 88655.3 88295.3 87982.5 1782.18 1333.85 708.178 86200.3 85856.7 14722.6 14083.7 10223.8 71134.2 3859.99
internal_count=620387 598575 596022 594509 13367 9799 5345 581142 578894 96948 92472 68856 481946 23616
is_linear=0
shrinkage=0.05


Tree=110
num_leaves=15
num_cat=0
split_feature=72 72 72 71 69 54 69 17 69 71 69 72 69 72
split_gain=31.9547 97.6234 76.4318 104.815 70.2112 43.1772 38.1865 51.6842 38.767 50.1833 29.2987 59.1235 86.102 126.554
threshold=0.0046126006636768588 0.0046515460126101979 0.0040987152606248864 0.017434364184737209 0.11273750662803651 0.47431603074073797 0.054912677034735687 42.785005569458015 0.099234916269779219 0.012440281920135023 0.10132142156362535 0.0074609280563890943 0.093839596956968321 0.0062138757202774295
decision_type=10 10 8 2 8 8 10 2 10 2 10 10 10 10
left_child=2 -2 3 4 6 -4 7 -1 9 -8 11 12 -3 -14
right_child=1 10 5 -5 -6 -7 8 -9 -10 -11 -12 -13 13 -15
leaf_value=-0.0011526859836214218 0.025617467234359054 0.0020211065457607677 -0.012364572774099985 0.024806081702335416 -0.014005706538942619 -0.0022544471984285584 0.00015214334746110428 0.024662639861819324 0.016336442212884109 -0.019773932401798238 -0.0015628566264154929 -0.00019274908527679472 0.0011657350371999512 0.027522288526916967
leaf_weight=383.34520042687654 371.71396089158952 16460.655997747555 2269.2628356534988 424.34459236636758 829.28587463870645 1977.7994827963412 2933.5561567917466 380.53689624369144 306.20293238945305 344.10022510401905 17159.072395050898 46089.039900127798 978.6053982321173 843.45538688451052
leaf_count=3056 2707 121566 21058 3203 7218 14147 25933 3305 2275 3238 116998 283245 6865 5123
internal_value=6.68751e-05 0.000390546 -0.00262254 0.0012135 -0.000764408 -0.00767278 0.00178757 0.01186 -0.000386348 -0.00199355 0.000272405 0.000761783 0.00316686 0.0134502
internal_weight=91751 81902.5 9848.43 5601.37 5177.03 4247.06 4347.74 763.882 3583.86 3277.66 81530.8 64371.8 18282.7 1822.06
internal_count=619937 536504 83433 48228 45025 35205 37807 6361 31446 29171 533797 416799 133554 11988
is_linear=0
shrinkage=0.05


Tree=111
num_leaves=15
num_cat=0
split_feature=72 27 57 74 22 72 73 74 74 74 71 71 73 72
split_gain=27.5633 24.9532 42.3733 31.7126 26.2313 26.3995 42.7455 63.0786 103.115 100.896 80.2873 79.8067 63.6204 55.0317
threshold=0.002932130941189826 0.66147002577781688 0.017356948927044872 -0.04474180564284324 7.1714563369750985 0.008131067734211685 0.31657269597053533 0.018441225402057174 0.0021378471283242111 -0.01344077894464135 0.017798123881220821 -0.041597483679652207 0.12987624853849414 0.018020819872617725
decision_type=10 2 10 2 8 10 2 2 2 2 2 2 2 10
left_child=-1 2 -2 -3 -5 -6 7 8 9 -7 12 -11 -10 -8
right_child=1 3 -4 4 5 6 13 -9 10 11 -12 -13 -14 -15
leaf_value=-0.011105834130123334 -0.0049362207428044593 -0.013758558532569555 0.00014883246738825625 -0.0037869544162802238 0.0019230970743759068 0.00765713471318385 -0.001647298937091991 -0.0069134194702464447 0.0016315564125027695 -0.023826967009063948 -0.0020080597428398317 -0.0018273919743747411 0.024336359145939467 0.0075232627334619537
leaf_weight=535.00873983092606 5939.980896577239 372.68254361301661 13151.395721392706 3141.7515441831201 32140.649123098701 2838.0301482770592 25300.551970856264 1402.3573200181127 405.57848036102951 486.37228412739933 618.25943845696747 2444.4213010128587 1299.7444652002305 1739.1109287515283
leaf_count=5132 49162 2521 80683 18665 239088 15955 161928 7912 2138 2732 3629 13901 6940 10192
internal_value=0.0001051 0.000172018 -0.00143506 0.000597168 0.00067357 0.000878152 -4.13978e-05 0.00284301 0.00454018 0.000950975 0.0134089 -0.00554688 0.0189774 -0.00105491
internal_weight=91815.9 91280.9 19091.4 72189.5 71816.8 68675.1 36534.4 9494.76 8092.41 5768.82 2323.58 2930.79 1705.32 27039.7
internal_count=620578 615446 129845 485601 483080 464415 225327 53207 45295 32588 12707 16633 9078 172120
is_linear=0
shrinkage=0.05


Tree=112
num_leaves=15
num_cat=0
split_feature=69 71 71 84 69 84 69 2 71 71 69 4 71 69
split_gain=24.8747 140.852 189.538 161.428 133.305 94.1453 76.964 75.5732 70.7098 65.4267 70.0243 63.2327 59.8439 59.1237
threshold=-0.013108383864164351 -0.010246572084724901 0.014794950373470785 2.5000000000000004 -0.098924212157726274 2.5000000000000004 -0.071767471730709062 0.046499378979206092 0.010015881620347502 0.026106448844075206 -0.023623042739927765 0.22500000149011615 -0.047380616888403886 -0.024361428804695603
decision_type=8 2 2 2 10 2 10 2 2 2 10 10 2 10
left_child=1 5 3 -3 7 11 -6 -4 -5 10 -8 13 -7 -1
right_child=-2 2 4 8 6 12 9 -9 -10 -11 -12 -13 -14 -15
leaf_value=-0.0059463453378092827 -0.00039181218516220508 0.0056873553419976002 -0.034829595962084646 0.020146991596193382 0.015513086213510583 0.0010659285977807928 -0.0032025372421978799 -0.0040656400202694256 0.045035340736215068 -0.0071734399733748124 0.024352955573854577 0.010129304468390131 -0.014993628986846681 0.011670138817631528
leaf_weight=2559.0870837941766 76217.559232387692 2359.0915441066027 389.38020024634898 1254.3840679228306 919.60279166512191 811.76894642412663 500.4444094505161 405.13182638585567 377.06608798541129 1659.2274863570929 414.31780059821904 1377.0162743739784 2011.4600854255259 575.0224513169378
leaf_count=14756 530260 13768 2408 6834 5346 4701 2922 2262 2253 10235 2533 7214 11543 3379
internal_value=-1.93077e-05 0.00179822 0.00626479 0.0140929 -0.00103591 -0.00324507 0.00318119 -0.0193882 0.0261386 -0.00126759 0.00940639 0.00123866 -0.0103885 -0.00268737
internal_weight=91830.6 15613 8278.65 3990.54 4288.1 7334.35 3493.59 794.512 1631.45 2573.99 914.762 4511.13 2823.23 3134.11
internal_count=620414 90154 48561 22855 25706 41593 21036 4670 9087 15690 5455 25349 16244 18135
is_linear=0
shrinkage=0.05


Tree=113
num_leaves=15
num_cat=0
split_feature=73 73 68 74 74 74 74 68 68 68 68 53 64 74
split_gain=27.5936 53.5794 50.5683 55.8999 61.6572 265.446 111.496 119.11 60.1412 55.3502 55.2253 50.1674 49.5582 49.0809
threshold=0.68743640184402477 0.69456070661544811 0.033590722829103477 -0.015180052258074282 0.0058923510368913421 0.0047885745298117408 0.00020699923334177586 0.038245297968387611 0.048109779134392745 0.050766840577125556 0.043498912826180465 -0.54472726583480824 -0.021390860900282856 0.0022695042425766592
decision_type=2 2 10 2 2 2 2 10 10 10 10 10 2 2
left_child=2 -2 11 -4 5 6 7 -5 -9 12 -8 -1 -6 -3
right_child=1 13 3 4 9 -7 10 8 -10 -11 -12 -13 -14 -15
leaf_value=0.0033194826761401086 -0.010316180106495324 0.0016392606536785471 -0.016481139858158387 0.019720429845327347 -0.021603187545083832 0.042111109044942446 -0.014222312876976371 -0.0019329466797315922 0.018426818669526484 0.015288170329923152 0.0079595074207155694 -0.00063033208376833531 -0.001193236052845168 -0.0032819385808400461
leaf_weight=9479.2277173362672 1616.6915730591863 9874.3558608554304 302.62555090151727 1470.31596131064 425.66081008501351 497.39845075085759 986.1810737978667 2007.7177264261991 432.31777691841125 315.06634929962456 383.13537379540503 52596.389386940747 941.3444414883852 10385.952450916171
leaf_count=58244 12241 72041 2004 9912 2687 3148 7082 12981 2753 1955 2392 349342 6528 76716
internal_value=-3.61489e-05 -0.00158528 0.000449285 0.00425148 0.00511357 0.00756361 0.00423543 0.00853057 0.00173482 -0.00329606 -0.00800312 -2.674e-05 -0.00765926 -0.000883847
internal_weight=91714.4 21877 69837.4 7761.76 7459.14 5777.07 5279.67 3910.35 2440.04 1682.07 1369.32 62075.6 1367.01 20260.3
internal_count=620026 160998 459028 51442 49438 38268 35120 25646 15734 11170 9474 407586 9215 148757
is_linear=0
shrinkage=0.05


Tree=114
num_leaves=15
num_cat=0
split_feature=69 71 70 69 68 68 71 71 74 74 70 68 69 71
split_gain=25.7263 71.2291 28.9672 95.791 91.1999 88.5889 79.0642 77.3483 85.4473 115.97 145.772 201.417 110.287 74.4461
threshold=-0.13803395628929135 -0.030130613595247265 -0.0087212771177291853 0.12517624348402026 -0.068213950842618928 -0.056210340932011597 -0.03858648054301738 -0.054346878081560128 -0.0087665244936943037 -0.015850028023123738 -0.0061706644482910624 0.0034869099035859112 0.030398579314351085 -0.03858648054301738
decision_type=8 2 2 10 8 8 2 2 2 2 2 10 10 2
left_child=1 -1 3 4 13 -6 -7 -4 9 -9 11 -11 -12 -2
right_child=2 -3 7 -5 5 6 -8 8 -10 10 12 -13 -14 -15
leaf_value=-0.002897670674564588 0.00066625252214356156 0.018872139524695138 -0.022872462075349979 0.022370093831986765 -0.024791187892531118 0.0095760713552660338 -0.005091903899645687 -0.019330197522809092 -5.2928074703644406e-05 0.042851156692509926 -0.022790214562302048 0.0088733555664109384 0.0060134388641953987 0.025479321500530935
leaf_weight=873.29001390188932 884.64222273789346 646.52909404784441 350.14285035803914 370.02213714085519 510.4123051725328 1011.0993808843195 9213.6517783459276 368.96516011841595 73096.167936107144 595.83355256728828 426.41962855868042 1584.8398538604379 1383.5405719149858 449.64013353176415
leaf_count=4666 5115 3014 2117 2103 3096 6007 57262 2310 507108 3439 2627 10118 8836 2416
internal_value=-3.66553e-06 0.006426 -0.000112647 -0.00235198 -0.0031278 -0.00466158 -0.00363349 0.00024563 0.000353076 0.00714497 0.009635 0.0183105 -0.000860528 0.00915535
internal_weight=91765.2 1519.82 90245.4 12439.5 12069.4 10735.2 10224.8 77805.9 77455.8 4359.6 3990.63 2180.67 1809.96 1334.28
internal_count=620234 7680 612554 75999 73896 66365 63269 536555 534438 27330 25020 13557 11463 7531
is_linear=0
shrinkage=0.05


Tree=115
num_leaves=15
num_cat=0
split_feature=0 69 70 69 73 73 70 70 69 70 73 70 70 70
split_gain=27.5157 29.9654 27.0109 28.2939 60.0957 148.688 68.769 81.6342 72.8348 81.4828 66.6291 99.8721 71.5403 60.4054
threshold=0.012775254435837271 0.061152415350079543 -0.030434315092861649 -0.013108383864164351 0.39235964417457586 0.36005610227584844 -0.0085004726424813253 0.0030824779532849793 -0.051937524229288094 -0.0010074893943965433 0.50149351358413707 0.010976834222674372 0.0085090477950871008 -0.0039622692856937638
decision_type=2 10 2 8 2 2 2 2 10 2 2 2 2 2
left_child=1 -1 -2 4 5 -4 -6 8 -8 13 11 -9 -12 -10
right_child=2 -3 3 -5 6 -7 7 10 9 -11 12 -13 -14 -15
leaf_value=-0.021537767228405655 -0.0072863241494706315 -0.00045083850485941015 0.0011253153260133558 -0.00025645402351121601 -0.0050214744160230421 -0.027649367028785635 0.0020808347833370022 -0.0064035607009012068 0.025935042970945395 0.03904738958675727 0.012855179727953154 0.02867743800177483 -0.0099181195753884135 0.00086179210096785333
leaf_weight=299.70037891715765 1232.6606303565204 370.41485917754471 8608.5628713332117 75092.385378830135 1091.8422251045704 463.61900022998452 636.38369675725698 340.37687292695045 483.0932911708951 480.84111396595836 481.84324978291988 481.23346427083015 1146.070314694196 469.77447743341327
leaf_count=7620 7784 9297 47795 510986 6603 2853 3655 2072 2759 2930 2793 2773 6936 2803
internal_value=-4.00566e-05 -0.0100597 3.48172e-05 0.00013614 0.00214268 -0.000373992 0.00620487 0.00892201 0.0162074 0.02242 0.00272425 0.0142418 -0.00314016 0.013711
internal_weight=91678.8 670.115 91008.7 89776 14683.6 9072.18 5611.46 4519.62 2070.09 1433.71 2449.52 821.61 1627.91 952.868
internal_count=619659 16917 602742 594958 83972 50648 33324 26721 12147 8492 14574 4845 9729 5562
is_linear=0
shrinkage=0.05


Tree=116
num_leaves=15
num_cat=0
split_feature=70 7 5 8 31 4 69 70 69 74 74 74 70 70
split_gain=32.739 29.8473 26.4945 25.3447 25.1585 24.6317 44.7345 45.9907 42.9527 65.0761 66.9434 105.552 57.8329 47.4746
threshold=-0.030434315092861649 0.15040120482444766 0.71724092960357677 1.0000000180025095e-35 18.130122184753422 0.15833333879709247 -0.13803395628929135 0.027393514290452007 -0.10739394277334212 -0.02498772460967302 -0.019179445691406723 -0.017201921902596947 0.022399511188268665 -0.0072101396508514872
decision_type=2 2 2 2 2 8 8 2 8 2 2 2 2 2
left_child=1 -1 -2 5 -5 6 -4 8 13 -10 -11 -12 -13 -8
right_child=2 -3 3 4 -6 -7 7 -9 9 10 11 12 -14 -15
leaf_value=-0.018714702301829745 -0.010217552684988279 -0.0024395596309125574 0.013130828335250838 9.2429392415805368e-05 0.0051306201417836506 0.00095144085608447047 -3.7130675569983826e-06 -0.018605548348165017 0.016673357764212547 -0.013943205852607036 0.019413675530661954 -0.0010564549160064888 0.017931638247123773 -0.022121672294797914
leaf_weight=424.54948270134628 616.99515824951231 811.2885044850409 554.3837571348995 5234.7203273456544 4695.5785642415285 29400.403305688873 474.68686593323946 359.3068662174046 523.91681289300323 951.09020189940929 638.90015674382448 46233.276637172326 394.53757869824767 486.24381929263473
leaf_count=2861 4744 5005 2687 36343 35719 164330 2655 2318 3163 6165 3916 345316 2403 2864
internal_value=-8.57597e-05 -0.00813593 2.49791e-05 9.63662e-05 0.00247752 -0.000199414 -0.000867942 -0.00102556 -0.00089475 -0.000687173 -0.000879224 -0.00061346 -0.000891978 -0.0113083
internal_weight=91799.9 1235.84 90564 89947 9930.3 80016.7 50616.3 50062 49702.7 48741.7 48217.8 47266.7 46627.8 960.931
internal_count=620489 7866 612623 607879 72062 535817 371487 368800 366482 360963 357800 351635 347719 5519
is_linear=0
shrinkage=0.05


Tree=117
num_leaves=15
num_cat=0
split_feature=73 69 68 68 72 69 72 72 73 68 72 84 71 72
split_gain=26.4032 149.858 168.78 65.6523 133.213 94.6879 94.8502 237.686 91.2068 97.5197 102.298 84.8423 89.8777 80.8239
threshold=0.31657269597053533 0.042283250018954284 -0.019749879837036129 -0.021990260109305378 0.013164927251636984 -0.0099627347663044912 0.012608291115611793 0.013424264732748272 0.55444979667663585 -0.010905845556408165 0.023218872956931595 2.5000000000000004 0.001149674935732037 0.017020166851580146
decision_type=2 10 10 10 10 8 10 10 2 10 10 2 2 10
left_child=1 -1 -3 4 -2 6 11 -8 9 -9 -11 -5 -13 -10
right_child=3 2 -4 5 -6 -7 7 8 13 10 -12 12 -14 -15
leaf_value=0.00031459510034972514 0.0039665811036999586 0.039706627498392051 0.0028910271492377597 0.024060195013193807 -0.016557460653640776 -0.00064529634133126692 -0.024129808087155976 0.0021687014696602181 0.014064536550876382 0.045153714913739568 0.011415618610205062 -0.016807491620276109 0.016287776450350708 -0.0082394780148766032
leaf_weight=12937.083230840042 1419.1389338839799 524.08740597963333 750.4783262014389 1096.098917927593 1766.0623782407492 68317.227349700406 730.04911918379366 769.37038588710129 600.82041420973837 395.93158773705363 524.29157626628876 335.6164440587163 495.18994921818376 1202.4492636546493
leaf_count=73833 8721 2474 3897 6656 10838 484390 4430 4653 3461 2190 2953 2037 3119 7210
internal_value=-4.85032e-05 0.00193216 0.0182205 -0.000411199 -0.00742936 -0.000110052 0.00582728 0.00162123 0.00705702 0.0153677 0.026261 0.0149891 0.00287757 -0.000771558
internal_weight=91863.9 14211.6 1274.57 77652.2 3185.2 74467 6149.82 4222.91 3492.86 1689.59 920.223 1926.91 830.806 1803.27
internal_count=620862 80204 6371 540658 19559 521099 36709 24897 20467 9796 5143 11812 5156 10671
is_linear=0
shrinkage=0.05


Tree=118
num_leaves=15
num_cat=0
split_feature=70 68 74 68 73 74 73 70 68 68 73 68 68 74
split_gain=26.2493 33.6565 31.9518 78.6416 71.1596 32.9765 103.833 62.399 31.2395 93.3779 159.459 122.27 86.9067 89.4871
threshold=-0.030434315092861649 -0.087453853338956819 -0.02498772460967302 0.0072760654147714385 0.29632481932640081 -0.021567674353718754 0.29116751253604894 -0.022202525287866589 -0.028726507909595963 -0.024779885075986382 0.35803896188735967 -0.026094001717865464 -0.023032579571008679 0.018441225402057174
decision_type=2 10 2 10 2 2 2 2 10 10 2 10 10 2
left_child=1 -1 3 4 -2 6 -4 -7 -9 10 11 -10 -11 -14
right_child=2 -3 5 -5 -6 7 -8 8 9 12 -12 -13 13 -15
leaf_value=0.0018236422408493748 0.0029988382096736133 -0.01471870184350868 0.012606566903077245 -0.011085268278575618 0.031666196133696839 0.017874392395370246 -0.017973298551652733 -0.0025330262788430266 0.0076781688228645456 -0.024365499837289025 -0.010646948744620797 0.046670023672769775 -0.00012225512208202715 0.0086151471481915372
leaf_weight=557.61017957702279 472.93597132898867 670.06263529881835 402.78364179097116 369.07103430852294 392.84635178558528 480.13985952362418 844.02905033528805 10793.20384368673 413.75201386958361 350.79794892854989 425.19559756666422 390.00760633312166 72116.945210115984 3044.5716980099678
leaf_count=3423 2618 4429 2167 2296 2334 2573 5557 62080 2273 2154 2557 2010 505253 18443
internal_value=-1.88194e-05 -0.00725113 8.00844e-05 0.00803529 0.0162196 -3.08566e-05 -0.00807275 8.39688e-05 -1.56449e-05 0.000338694 0.0139541 0.0269392 0.000115286 0.00023277
internal_weight=91724 1227.67 90496.3 1234.85 865.782 89261.4 1246.81 88014.6 87534.5 76741.3 1228.96 803.76 75512.3 75161.5
internal_count=620167 7852 612315 7248 4952 605067 7724 597343 594770 532690 6840 4283 525850 523696
is_linear=0
shrinkage=0.05


Tree=119
num_leaves=15
num_cat=0
split_feature=22 64 70 71 71 74 14 71 70 74 70 84 14 71
split_gain=26.0789 41.4367 23.1271 39.3572 30.6978 26.4514 101.004 33.0272 104.624 60.7525 57.2502 42.3005 30.7874 27.085
threshold=91.29233551025392 0.032868398353457458 -0.030434315092861649 -0.022706217132508751 -0.054346878081560128 -0.02498772460967302 0.0069548466708511123 -0.054346878081560128 -0.0031570887658745046 -0.021567674353718754 -0.022202525287866589 1.5000000000000002 -0.13451150059700009 0.042148336768150337
decision_type=8 2 2 2 2 2 8 2 2 2 2 2 8 2
left_child=2 -2 3 4 -1 6 -4 8 -7 11 -11 -9 13 -12
right_child=1 -3 5 -5 -6 7 -8 9 -10 10 12 -13 -14 -15
leaf_value=-0.0037626586866164324 -0.0080876262054166998 0.00037355322816322084 -0.0070380837366387384 0.0080514161148076222 -0.022583400943510488 0.0049672164943857147 0.021704080384196946 0.00040155467809065203 -0.024795515545655105 0.019320753782445837 0.003804703598852164 -0.019011541327254754 0.00014849944951830877 -0.0078161980570101552
leaf_weight=503.02547002397478 2437.3016350697726 3538.0301215089858 588.14704736694694 329.8902529142797 377.23680269531906 676.73291893303394 618.10756504349411 479.41466212831438 510.16620651632547 396.44576001353562 9069.416578091681 665.28067011199892 70996.576525790617 521.54498497769237
leaf_count=3251 22779 23982 3439 2006 2519 3767 3612 2868 2875 2125 50537 4334 488783 3205
internal_value=0.000105489 -0.00308546 0.000328225 -0.00650645 -0.0119914 0.00042684 0.0077473 0.000319936 -0.00792601 0.000440055 0.000602355 -0.010948 0.000507885 0.00316529
internal_weight=91707.3 5975.33 85732 1210.15 880.262 84521.8 1206.25 83315.6 1186.9 82128.7 80984 1144.7 80587.5 9590.96
internal_count=620082 46761 573321 7776 5770 565545 7051 558494 6642 551852 544650 7202 542525 53742
is_linear=0
shrinkage=0.05


Tree=120
num_leaves=15
num_cat=0
split_feature=15 72 68 68 68 71 71 74 71 68 68 71 58 71
split_gain=27.8795 30.0491 94.5773 112.915 43.6245 41.4999 58.0596 102.478 48.0299 95.3012 57.8722 72.8841 66.1898 47.2569
threshold=22.537690162658695 0.011299594305455686 -0.045986795797944062 -0.038501890376210206 -0.028726507909595963 -0.017686145380139347 -0.019379357807338234 -0.00030105040059424931 -0.014009495265781878 -0.01657590456306934 -0.0039589225780218831 -0.010246572084724901 0.0051926164887845525 -0.0025994244497269388
decision_type=8 10 10 10 10 2 2 2 2 10 10 2 2 2
left_child=-1 2 -2 -4 -5 6 7 -6 -7 -10 12 -12 -11 -13
right_child=1 -3 3 4 5 8 -8 -9 9 10 11 13 -14 -15
leaf_value=0.00082732476656763483 -0.025219966847566735 0.0010451667818422044 0.024176653968670248 -0.016137883484314188 0.008343849217841549 -0.012489507154848901 0.020263985589281483 -0.014572129074123511 0.019471488214784113 -0.018730560117490327 0.010140742389023363 -0.007452468061320593 0.0080908014108267597 -0.0012570215908726484
leaf_weight=46514.243799513206 413.95841674506664 13640.036813253537 414.28267407789826 511.31121044419706 1507.2840404640883 1064.5638355463743 464.03124136663973 709.10433369502425 510.97067820467055 974.56232936680317 1246.9202105104923 3633.8806332834065 293.82553818821907 19860.866105288267
leaf_count=314347 2565 80938 2362 3189 8879 6861 2817 4356 3147 6868 8211 26093 1876 147781
internal_value=-3.21572e-05 -0.000915726 -0.00176205 -0.00144275 -0.00179534 -0.00154779 0.00438105 0.000979662 -0.00212526 -0.00170469 -0.00212802 -0.00159132 -0.0125026 -0.00221802
internal_weight=91759.8 45245.6 31605.6 31191.6 30777.3 30266 2680.42 2216.39 27585.6 26521 26010.1 24741.7 1268.39 23494.7
internal_count=620290 305943 225005 222440 220078 216889 16052 13235 200837 193976 190829 182085 8744 173874
is_linear=0
shrinkage=0.05


Tree=121
num_leaves=15
num_cat=0
split_feature=15 72 68 73 71 73 68 73 68 71 72 70 70 70
split_gain=27.3337 23.9066 46.7107 79.2372 54.8448 50.0653 45.6568 82.7309 57.097 45.5604 44.0407 53.1783 43.095 96.2871
threshold=16.158908843994144 0.0062138757202774295 0.051386155188083656 0.79190412163734447 -0.0021796772489324208 0.77876132726669323 0.049752205610275275 0.85966211557388317 0.034101765602827079 0.0074327716138213882 0.016003454104065899 -0.0028955959714949127 0.002715833368711174 0.0059275128878653058
decision_type=8 10 10 2 2 2 10 2 8 2 10 2 2 2
left_child=-1 6 3 5 -5 -3 8 12 -2 -4 11 -11 -8 -14
right_child=1 2 9 4 -6 -7 7 -9 -10 10 -12 -13 13 -15
leaf_value=0.001581261698680874 -0.0010050556826280551 0.00013195190422873635 -0.017576327369922796 0.023363165594653221 0.0050596082523149235 -0.018089072359861541 -0.00059222965233425833 -0.012381543349341573 -0.0074286189661506843 -0.019185227698425022 -0.020038644713994549 0.0016132842090043201 0.042104260477835026 0.0046799169627530493
leaf_weight=19332.670191830024 12427.888668337837 47401.776062099263 622.80152053013444 544.00172463990748 1599.1027188170701 370.01299447193742 344.22277658246458 410.54867300391197 4785.9415319245309 339.32550988718867 325.22999157756567 2547.9235074874014 295.6459548138082 399.23064674809575
leaf_count=131335 100583 297587 4013 3279 10908 2687 2625 3603 37149 2265 2186 17063 2165 2872
internal_value=-8.85311e-05 -0.000534482 9.58735e-07 0.000409949 0.00979268 -1.2934e-05 -0.00207571 0.00641753 -0.00279427 -0.00530913 -0.00288374 -0.000888854 0.0138923 0.0209741
internal_weight=91746.3 72413.7 53750.2 49914.9 2143.1 47771.8 18663.5 1449.65 17213.8 3835.28 3212.48 2887.25 1039.1 694.877
internal_count=620320 488985 339988 314461 14187 300274 148997 11265 137732 25527 21514 19328 7662 5037
is_linear=0
shrinkage=0.05


Tree=122
num_leaves=15
num_cat=0
split_feature=0 71 70 74 71 70 74 70 74 69 69 71 74 84
split_gain=26.4954 25.3187 89.55 45.9748 36.3082 119.671 109.845 130.351 128.001 80.9011 78.5219 73.7514 83.6433 73.3256
threshold=0.011692701838910581 -0.054346878081560128 -0.0031570887658745046 -0.034833572804927819 -0.017686145380139347 0.018066717311739925 0.017647080123424533 0.0052992564160376796 0.0052914952393621215 0.062147533521056182 0.069656763225793852 -0.014009495265781878 0.0092724086716771143 3.5000000000000004
decision_type=2 2 2 2 2 2 2 2 2 8 8 2 2 2
left_child=-1 2 -2 -3 5 6 7 8 9 -5 -11 12 -6 -9
right_child=1 3 -4 4 11 -7 -8 13 -10 10 -12 -13 -14 -15
leaf_value=-0.014025600258488206 0.00091018063662981822 -0.016021304588814581 -0.02367224608607783 0.00098204273897063168 -0.011603407804040424 -0.014867562065997642 0.029653960391043649 -0.017111401259144485 0.031187874896358082 0.031258838047067125 0.0075137865885072045 -1.5018435704027242e-06 0.014117815848477287 0.007812432612440268
leaf_weight=332.25856966339052 1340.7089250199497 433.80722156912088 501.56880562379956 7002.9686296209693 2425.3712200447917 906.26944712176919 389.75331475585699 1122.2569821439683 437.46570617333055 402.71296897530556 2308.9584155008197 73434.495382333174 354.57807850092649 392.44190426170826
leaf_count=9801 7842 2588 2850 40697 15206 5187 2076 6629 2284 2351 13463 505144 2178 2351
internal_value=-0.000139925 -8.79486e-05 -0.00587417 3.16501e-05 0.000111528 0.00255679 0.00387778 0.00299201 0.00503514 0.00382658 0.0111421 -0.000304651 -0.00828386 -0.010645
internal_weight=91785.6 91453.4 1842.28 89611.1 89177.3 12962.8 12056.6 11666.8 10152.1 9714.64 2711.67 76214.4 2779.95 1514.7
internal_count=620647 610846 10692 600154 597566 75038 69851 67775 58795 56511 15814 522528 17384 8980
is_linear=0
shrinkage=0.05


Tree=123
num_leaves=15
num_cat=0
split_feature=68 72 72 72 69 68 73 73 72 68 72 72 70 73
split_gain=25.3833 44.6266 97.9488 76.7625 30.4374 26.0166 24.4162 85.0299 66.7983 104.936 99.6934 60.5087 68.2662 45.4542
threshold=0.063369292765855803 0.011813174001872541 0.0053569187875837096 0.014507370535284283 0.027720605023205284 0.072451099753379836 0.78874629735946666 0.79456016421318065 0.010093209333717825 0.051063157618045814 0.0080942544154822844 0.0058862892910838136 0.0078228558413684385 0.68743640184402477
decision_type=8 10 8 10 10 10 2 2 10 10 10 10 2 2
left_child=6 2 -2 4 -3 -5 13 -8 10 -10 11 -9 -13 -1
right_child=1 3 -4 5 -6 -7 7 8 9 -11 -12 12 -14 -15
leaf_value=0.00044786719071738032 0.010119424890514067 0.013702547282121986 -0.01909599277115448 -0.021326649141843741 -0.0036538755502709451 -0.0030314109000631998 0.021875907712358925 -0.007750369282671663 0.0071553066117646773 -0.022643082810643967 0.028682378170066133 0.010247606877544592 -0.010163329607549652 -0.0027019759569406302
leaf_weight=68904.181449387223 390.02278949692845 837.82906832545996 1022.2669307440519 354.33948872610927 354.69477241672575 424.79915460012853 546.14442715235054 1129.8929033093154 534.61912516504526 640.23651698790491 371.70698688179255 2012.1730420496315 505.14143385738134 13726.422710625455
leaf_count=453653 2732 4910 7544 2160 2334 2617 4028 9058 3460 4023 2431 13888 3630 104047
internal_value=-1.93789e-05 -0.00426273 -0.0110133 0.000603873 0.00855274 -0.0115166 0.000143575 0.00329401 0.00130177 -0.00913735 0.00436856 0.00181895 0.0061278 -7.56418e-05
internal_weight=91754.5 3383.95 1412.29 1971.66 1192.52 779.139 88370.5 5739.91 5193.77 1174.86 4018.91 3647.21 2517.31 82630.6
internal_count=620515 22297 10276 12021 7244 4777 598218 40518 36490 7483 29007 26576 17518 557700
is_linear=0
shrinkage=0.05


Tree=124
num_leaves=15
num_cat=0
split_feature=5 17 72 72 71 72 71 71 68 72 70 71 70 68
split_gain=23.3473 21.2351 36.6153 46.2315 47.339 43.6736 94.7731 64.3385 65.9025 54.1735 42.2367 46.854 40.1742 84.8404
threshold=0.71724092960357677 75.678901672363295 0.0047402759082615384 0.0040987152606248864 0.016849424690008167 0.0053966774139553317 -0.0086274417117238027 0.00052272941684350382 0.024037483148276809 0.0058862892910838136 0.0037637025816366081 0.010697889141738416 -0.0085004726424813253 -0.068213950842618928
decision_type=2 2 10 8 2 10 2 2 10 10 2 2 2 8
left_child=-1 2 3 4 -2 6 -4 8 -8 10 11 -7 13 -11
right_child=1 -3 5 -5 -6 9 7 -9 -10 12 -12 -13 -14 -15
leaf_value=-0.0097884035983208662 -0.00073359214025943333 -0.0012634078285059559 0.02542341023545186 -0.0068574058616540246 0.018893109351036566 -0.0067131178737255817 0.0081556339062113844 0.0075057815845764033 -0.018128469654921542 0.0078912726314219004 -0.016913795017178001 0.0099362294028101667 0.0016453047584548423 -0.0036068331860592134
leaf_weight=610.89615899510682 3554.5804251395166 26119.399732895195 531.68986145220697 3673.9721568934619 326.23703229427338 1778.9361419714987 385.91868402995169 2215.6175343804061 595.29185526631773 1912.8194804228842 677.7040649484843 543.72485468164086 39067.202951384708 9683.3379066605121
leaf_count=4768 30380 186061 3720 29722 2342 12975 2871 16931 4391 10520 5027 3985 247417 59089
internal_value=-0.0001256 -5.97119e-05 0.000424492 -0.0028454 0.000960625 0.000855343 0.00608063 0.00279433 -0.00781272 0.000491228 -0.00602554 -0.00278969 0.000878275 -0.00170502
internal_weight=91677.3 91066.4 64947 7554.79 3880.82 57392.2 3728.52 3196.83 981.211 53663.7 3000.37 2322.66 50663.4 11596.2
internal_count=620199 615431 429370 62444 32722 366926 27913 24193 7262 339013 21987 16960 317026 69609
is_linear=0
shrinkage=0.05


Tree=125
num_leaves=15
num_cat=0
split_feature=15 0 27 27 74 58 14 73 69 69 69 68 74 84
split_gain=25.7958 25.9897 60.7843 33.2401 22.6686 24.1583 21.0196 21.9193 20.6248 39.0682 42.3089 34.3578 56.396 47.4988
threshold=22.733681678771976 0.030477266758680347 1.2035927176475527 0.40697076916694647 -0.0087665244936943037 -0.0021521258167922492 0.15387892723083499 0.83436530828475963 0.11214033514261247 0.067736379802227034 0.0735662877559662 0.021940544247627262 0.0029463439714163546 2.5000000000000004
decision_type=8 2 2 2 2 2 10 2 10 8 8 10 2 2
left_child=8 2 3 -2 5 -4 7 -5 9 -1 11 13 -13 -11
right_child=1 -3 4 6 -6 -7 -8 -9 -10 10 -12 12 -14 -15
leaf_value=1.7166166499652147e-05 -0.017793035933534398 0.00015774777596674124 0.017447442964010376 -0.0036766567085017385 0.0011760007279571188 -7.4488897053419823e-05 0.0014429630205356893 -0.013983382804646106 -0.0017389296357382675 0.013652652849442178 0.0022706638156145312 0.030471865816746015 0.0029378077691243447 -0.0086284375123867382
leaf_weight=25630.817158741876 401.72292609512806 24720.742926679552 478.79207858629525 12403.870466621593 3622.2676429226995 329.06827574037015 1957.9333927817643 529.94720995426178 7041.9160656426102 556.86460271291435 12861.061333131045 421.24510469846427 331.09177692420781 404.89480173960328
leaf_count=169359 3773 138274 3169 104569 28978 2328 14937 5005 47828 3645 89994 3219 2451 2806
internal_value=-5.77614e-05 -0.000922346 -0.00227548 -0.00376895 0.00287705 0.0103965 -0.00337894 -0.00410944 0.000755544 0.00119277 0.00325866 0.0106155 0.018552 0.00428019
internal_weight=91692.2 44444.3 19723.6 15293.5 4430.13 807.86 14891.8 12933.8 47247.9 40206 14575.2 1714.1 752.337 961.759
internal_count=620335 301033 162759 128284 34475 5497 124511 109574 319302 271474 102115 12121 5670 6451
is_linear=0
shrinkage=0.05


Tree=126
num_leaves=15
num_cat=0
split_feature=73 69 71 69 73 68 73 72 68 73 72 72 74 68
split_gain=20.5129 42.7227 46.956 94.6924 38.3759 20.8724 35.5076 83.1574 145.316 88.3409 63.9799 57.6194 47.2843 62.8194
threshold=0.85966211557388317 0.060251720249652869 0.015875146724283699 0.013319937512278559 0.85278713703155529 0.063369292765855803 0.78874629735946666 0.010468589607626201 0.051063157618045814 0.79456016421318065 0.0058862892910838136 0.0065029829274863013 0.00073325508856214594 0.043498912826180465
decision_type=2 10 2 8 2 10 2 10 10 2 10 10 2 10
left_child=4 2 -2 -4 5 6 -1 9 -9 -8 -11 -12 13 -13
right_child=1 -3 3 -5 -6 -7 7 8 -10 10 11 12 -14 -15
leaf_value=-0.00013643328272961529 -0.011822787486360006 -0.018395142469259506 -0.010968191400107304 0.022548960650837706 0.016138833650923758 -0.0058845269565031676 0.032868863260999755 0.013568454442139425 -0.024305938461906262 -0.00589106180573379 0.025812500515653237 0.0031230791872493089 -0.0033894300046493652 0.028612546820127756
leaf_weight=83644.88215456903 567.87402721494436 453.579868581146 392.07679116912186 434.54742475226521 359.6883351970464 1473.8957588598132 317.75955900549889 435.60705701634288 579.12766152061522 873.15590339154005 449.7932725828141 631.82330645993352 772.97313647903502 384.37250315211713
leaf_count=563540 4457 3701 2852 2913 2331 10128 2463 2843 3732 6987 3178 3868 5163 2337
internal_value=-4.49369e-05 -0.00524503 -0.000867253 0.00671033 6.25055e-05 -3.85193e-06 9.51991e-05 0.0044449 -0.00807341 0.00816116 0.00554121 0.010006 0.00591086 0.0129493
internal_weight=91771.2 1848.08 1394.5 826.624 89923.1 89563.4 88089.5 4444.61 1014.73 3429.88 3112.12 2238.96 1789.17 1016.2
internal_count=620493 13923 10222 5765 606570 604239 594111 30571 6575 23996 21533 14546 11368 6205
is_linear=0
shrinkage=0.05


Tree=127
num_leaves=15
num_cat=0
split_feature=17 64 70 68 84 68 71 84 70 71 70 71 71 68
split_gain=24.0207 33.7084 29.2024 86.0764 84.6369 84.1875 63.3346 106.39 61.8885 65.5459 91.4566 78.9017 63.7861 149.73
threshold=92.144115447998061 0.011864195577800276 -0.0085004726424813253 -0.068213950842618928 1.5000000000000002 -0.056210340932011597 -0.03858648054301738 1.5000000000000002 -0.006910554599016904 -0.0060160553548485032 -0.0076345256529748431 -0.015909668989479538 -0.047380616888403886 -0.087453853338956819
decision_type=2 2 2 8 2 8 2 2 2 2 2 2 2 10
left_child=2 -2 3 4 -1 -5 7 -7 9 10 -4 -12 13 -10
right_child=1 -3 8 5 -6 6 -8 -9 12 -11 11 -13 -14 -15
leaf_value=-0.0036290311721421742 -0.010252285189140727 -0.0012502487336019965 -0.011610821130846192 -0.023612772610698735 0.016809952950008228 0.026551448436766809 -0.0039573248301364569 -0.0056564704814828807 0.0051055067643683135 0.015335513398976264 0.027392071219432542 -0.0031389349214340449 0.000577200686609562 -0.031699681736787159
leaf_weight=921.71217197738588 1164.2379027307034 9129.6815884131938 774.34313057549298 493.65377738699317 1106.3758904580027 462.85721086151898 9437.2843283247203 553.9127123747021 608.21785962209105 1444.5393351055682 412.0352287851274 420.7315750066191 64284.050003061071 492.856678834185
leaf_count=5101 11215 64138 4886 3045 6058 2637 58583 3381 3209 8895 2342 2645 441257 2953
internal_value=-2.83178e-06 -0.00227734 0.000285004 -0.00188886 0.00754875 -0.00364249 -0.0026778 0.00912112 0.00069739 0.00764543 0.000681161 0.0121129 0.000371992 -0.0115061
internal_weight=91706.5 10293.9 81412.6 12975.8 2028.09 10947.7 10454.1 1016.77 68436.8 3051.65 1607.11 832.767 65385.1 1101.07
internal_count=620345 75353 544992 78805 11159 67646 64601 6018 466187 18768 9873 4987 447419 6162
is_linear=0
shrinkage=0.05


Tree=128
num_leaves=15
num_cat=0
split_feature=73 68 68 74 74 74 68 73 73 71 71 73 69 69
split_gain=25.7213 76.5408 103.007 73.8001 72.2775 106.414 90.2934 66.0958 66.0904 65.9159 73.2447 65.449 82.6029 65.3475
threshold=0.6410336196422578 0.033791629597544677 0.025959110818803314 -0.002140838652849197 -0.0059043532237410537 -0.0061176270246505729 0.012962502893060448 0.63312724232673656 0.52776026725769054 0.042148336768150337 0.03842632286250592 0.44682462513446813 0.059162527322769172 0.042283250018954284
decision_type=2 10 10 2 2 2 8 2 2 2 2 2 8 8
left_child=1 2 3 4 5 13 8 -3 11 10 -5 -6 -13 -1
right_child=-2 7 -4 9 6 -7 -8 -9 -10 -11 -12 12 -14 -15
leaf_value=-0.0029865406218088663 -0.0012587130402343018 0.0043334447345095518 -0.0067550750127318739 0.0025050265818914205 -0.01089517107532768 0.028079125678030493 0.0026291007411791221 0.021883453859141037 -0.023263307829993522 -0.0076025469160347879 0.019372737799632139 0.022768777945716818 -0.0084636755928371131 0.0036758300515130939
leaf_weight=9030.1184202134609 31097.296300349757 3930.6200965903699 5112.6146870683879 26741.443406136706 2736.7846591845155 328.27314608357847 2069.6710317973047 613.01194639503956 768.8127264752984 1566.8357851039618 649.75988312065601 360.63823934644461 485.04374007321894 6198.0899578314275
leaf_count=54532 228999 25648 35810 173620 16805 2252 14778 3800 5481 10198 3754 2395 3291 38785
internal_value=-8.99716e-05 0.000509967 3.4739e-06 0.000683052 -0.00150122 0.000341735 -0.00595988 0.00674409 -0.0100419 0.00234073 0.00291208 -0.00714762 0.00496574 -0.000274232
internal_weight=91689 60591.7 56048.1 50935.5 21977.4 15556.5 6420.95 4543.63 4351.28 28958 27391.2 3582.47 845.682 15228.2
internal_count=620148 391149 361701 325891 138319 95569 42750 29448 27972 187572 177374 22491 5686 93317
is_linear=0
shrinkage=0.05


Tree=129
num_leaves=15
num_cat=0
split_feature=0 15 71 69 71 73 71 69 71 51 69 69 72 58
split_gain=22.4765 19.484 23.0311 87.1942 79.3477 205.821 89.8933 78.4245 136.57 130.672 107.367 106.775 75.2513 67.1002
threshold=0.011692701838910581 11.31924343109131 0.01045523537322879 -0.10739394277334212 0.0089837969280779379 0.45742131769657141 0.0092656523920595663 -0.011117002926766871 0.017434364184737209 -0.082792721688747392 0.060647334903478629 0.062802173197269454 0.012608291115611793 -0.0023966084700077768
decision_type=2 8 2 8 2 2 2 10 2 8 10 10 8 2
left_child=-1 -2 4 -4 -3 -6 -7 8 9 -5 -9 -12 13 -10
right_child=1 2 3 7 5 6 -8 10 12 -11 11 -13 -14 -15
leaf_value=-0.012808028316364226 0.0039898024965935716 0.00015061482601692091 -0.018011611510069716 0.035402233824777078 0.042429245667427125 0.021180016680026031 -0.0022544043604010139 -0.0064831998167110662 0.030674876182198337 0.0038022903883247316 0.02387789852602944 -0.00023794357428664039 -0.0031714426922120858 0.001708884903186661
leaf_weight=328.22688347473741 3107.8053968250751 54716.564152957872 736.50158911943436 611.90698252245784 382.35621168836951 523.21041613444686 1753.2881543412805 8428.9213637318462 331.8890474922955 695.9879411123693 462.56976818293333 15968.005487754941 3266.1389998905361 484.57440754026175
leaf_count=9826 21254 360629 4372 3449 2347 3748 12818 57400 2097 4958 3315 111886 19685 3230
internal_value=5.75616e-05 0.000105123 -3.19422e-05 -0.00113016 0.000561262 0.00897974 0.00320063 -0.00071333 0.00474841 0.018743 -0.00189908 0.0004551 0.000230291 0.0137121
internal_weight=91797.9 91469.7 88361.9 30986.5 57375.4 2658.85 2276.5 30250 5390.5 1307.89 24859.5 16430.6 4082.6 816.463
internal_count=621014 611188 589934 210392 379542 18913 16566 206020 33419 8407 172601 115201 25012 5327
is_linear=0
shrinkage=0.05


Tree=130
num_leaves=15
num_cat=0
split_feature=70 68 13 0 0 69 78 54 53 69 73 69 68 73
split_gain=21.313 32.8407 22.9747 21.02 18.6913 23.0701 18.3673 21.0811 45.0891 46.2804 39.7855 57.8346 39.7485 33.5724
threshold=-0.044312106445431702 -0.16844028234481809 -0.12068118155002593 0.011692701838910581 0.01037111133337021 0.065640561282634749 0.12330138310790063 0.38434880971908575 -0.19231779873371121 0.13680395483970645 0.31657269597053533 0.03979728743433953 -0.021990260109305378 0.34337943792343145
decision_type=2 8 10 2 2 10 8 10 10 10 2 10 10 2
left_child=-1 -2 -3 4 -4 -6 7 8 -5 10 11 -10 -12 -14
right_child=1 2 3 6 5 -7 -8 -9 9 -11 12 -13 13 -15
leaf_value=-0.011971136959797544 0.015726712839623107 -0.0098794657953783557 -0.026276095065244254 0.00039758546496357849 -0.016448379748558613 0.016819352948371738 0.0028435936901606302 0.0007569533175794895 -0.00033214696210538827 0.017680299590112716 -0.01527092332012344 0.021817252504734062 -0.021786905970060135 -0.0032242286632622034
leaf_weight=361.75388333573937 321.80744535289705 578.48223786056042 131.67042267136276 28478.051085591316 111.09021488577127 81.614989336580038 5620.1121069230139 38501.097326664254 2343.7139392830431 261.03591481223702 756.34756567701697 327.05977350100875 238.42151086777449 13534.539607021958
leaf_count=2639 1549 3307 4906 176842 2870 2063 31575 247427 14933 1985 5364 1809 1853 121108
internal_value=-2.35005e-05 2.51529e-05 -3.21183e-05 3.19928e-05 -0.0124811 -0.00222408 7.84427e-05 -0.000105913 -0.000829079 -0.00282878 -0.00315013 0.00245151 -0.00418079 -0.00356114
internal_weight=91646.8 91285 90963.2 90384.8 324.376 192.705 90060.4 84440.3 45939.2 17461.1 17200.1 2670.77 14529.3 13773
internal_count=620230 617591 616042 612735 9839 4933 602896 571321 323894 147052 145067 16742 128325 122961
is_linear=0
shrinkage=0.05


Tree=131
num_leaves=15
num_cat=0
split_feature=8 69 71 71 69 71 74 71 71 69 59 69 69 69
split_gain=23.5308 22.9979 75.0894 165.418 97.1916 87.5643 104.973 161.894 108.152 72.2858 65.2308 57.2559 59.0972 50.0177
threshold=1.0000000180025095e-35 -0.013108383864164351 -0.010246572084724901 0.014794950373470785 -0.098924212157726274 0.011771797668188812 0.015859296545386318 -0.00143447401933372 -0.0071565646212548009 -0.038954747840762131 2.5000000000000004 -0.071767471730709062 -0.023623042739927765 -0.024361428804695603
decision_type=2 8 2 2 10 2 2 2 2 10 10 10 10 10
left_child=1 2 13 5 10 6 7 8 -4 -9 -5 -6 -13 -1
right_child=-2 -3 3 4 11 -7 -8 9 -10 -11 -12 12 -14 -15
leaf_value=-0.0041869000724986767 0.0023464486543540199 -0.00060608814360507462 -0.0028093687180141035 -0.03189927172956096 0.012740237454199086 0.030268277150925837 0.033228550124221538 -0.014157604463620183 0.02924912868222684 0.0075076736894390808 -0.0024015732925869266 -0.0067861408623952112 0.010871164424357961 0.0072135724524161815
leaf_weight=5654.1586078573018 10064.666104665026 67075.798809289932 379.35303355753422 395.30355061590672 849.73371962271631 577.32670725695789 387.23283546790481 895.47283435240388 836.37632451765239 661.37961862981319 351.89898336678743 1829.2211410086602 628.62529221363366 1149.5168403778225
leaf_count=32018 73655 463142 2181 2508 4874 3257 2050 5153 4371 3984 1981 11172 3808 6694
internal_value=6.65456e-05 -0.000214668 0.00158333 0.00493167 -0.00206245 0.0125055 0.00917485 0.00570805 0.0193044 -0.00496462 -0.0182224 0.00163209 -0.00224431 -0.00225297
internal_weight=91736.1 81671.4 14595.6 7791.92 4054.78 3737.14 3159.81 2772.58 1215.73 1556.85 747.203 3307.58 2457.85 6803.68
internal_count=620848 547193 84051 45339 24343 20996 17739 15689 6552 9137 4489 19854 14980 38712
is_linear=0
shrinkage=0.05


Tree=132
num_leaves=15
num_cat=0
split_feature=69 69 73 69 68 72 72 72 63 73 68 73 72 73
split_gain=21.7175 64.9472 84.8773 129.077 84.935 104.08 59.2216 73.1528 54.9867 51.1766 100.091 73.4147 75.2507 85.0293
threshold=0.10132142156362535 0.093839596956968321 0.61209300160408031 0.097612064331769957 0.040844514966011054 0.0066746210213750609 0.0089347213506698626 0.0062138757202774295 0.16044700890779498 0.48414604365825659 0.02135544735938311 0.75795969367027294 0.0067859278060495862 0.61806431412696849
decision_type=8 10 2 10 10 10 10 10 8 2 8 2 10 2
left_child=1 -1 8 6 5 -5 7 -4 -3 10 -2 12 -11 -14
right_child=9 2 3 4 -6 -7 -8 -9 -10 11 -12 -13 13 -15
leaf_value=7.5657241703885641e-06 0.016867056486391429 0.01293097951568579 0.014741419348420126 0.033422208491370536 -0.012850232197384959 -0.00520551719512814 0.0045303250167918604 0.042127046332407936 -0.0060351039465601471 -0.0079315842180332202 -0.0011740541344541003 0.0030838669439312962 0.0049912710723517177 -0.0052373358282436465
leaf_weight=63331.398762170225 1070.3679977562279 493.5251062810421 491.86139355972409 313.8365244269371 602.44774131476879 372.88221396133304 335.29911684989929 508.01603605225682 1576.5158102270216 6820.3716041259468 2661.7024332396686 4733.8214860539883 3555.4673875737935 4713.7572704777122
leaf_count=424782 7182 2888 3723 2301 4433 2449 2134 3009 9707 51438 16871 32972 23273 32659
internal_value=-2.44951e-05 0.000428607 0.00609673 0.0120505 0.00073904 0.012674 0.0228854 0.0289348 -0.00147291 -0.00133263 0.00403143 -0.00234403 -0.00404775 -0.000838688
internal_weight=91581.3 68025.8 4694.38 2624.34 1289.17 686.719 1335.18 999.877 2070.04 23555.5 3732.07 19823.4 15089.6 8269.22
internal_count=619821 455426 30644 18049 9183 4750 8866 6732 12595 164395 24053 140342 107370 55932
is_linear=0
shrinkage=0.05


Tree=133
num_leaves=15
num_cat=0
split_feature=74 69 74 69 69 71 84 74 69 74 72 71 72 72
split_gain=31.5432 25.8046 70.2745 63.1966 68.1048 69.3356 63.516 76.0939 84.3891 66.9175 86.7329 57.1205 54.0085 126.427
threshold=-0.04474180564284324 0.10132142156362535 -0.0043106127995997659 0.090995021164417281 0.084976848214864745 -0.016404456458985802 2.5000000000000004 -0.0024369691964238878 0.095358736813068404 -0.0026918275980278845 0.0087944236584007757 0.044031837955117233 0.0080942544154822844 0.0099148382432758825
decision_type=2 8 2 10 10 2 2 2 10 2 10 2 10 10
left_child=-1 3 -3 4 12 -6 7 8 -5 -8 -11 -4 -2 -14
right_child=1 2 11 6 5 -7 9 -9 -10 10 -12 -13 13 -15
leaf_value=-0.014186134730076447 0.0023932194475617397 0.0033722989942910758 -0.0034422408094411609 0.0084318795866215792 0.013201939940328295 -0.0092480646417557287 0.019818471516301055 0.0059122817191629394 -0.020637194333076116 -0.0046782043863578425 0.020137044454968001 0.014073377451655187 -0.0062711530075763647 0.00082360161585273315
leaf_weight=383.04673666134477 21884.553169637918 5773.0619227830321 17308.635301467031 383.03468896262348 377.98011007159948 3090.6282164603472 1197.7587848976254 2267.7509473115206 683.74131701514125 996.29394546709955 532.26882725954056 468.61814631149173 8058.5035843197256 28307.685251535848
leaf_count=2597 168097 38127 123103 2511 2298 22982 7109 14977 4546 7127 3225 3196 51693 168994
internal_value=-5.20203e-05 8.80577e-06 -0.00141666 0.000504221 2.54242e-05 -0.00677073 0.00537187 0.000736682 -0.0102183 0.0110177 0.00403756 -0.00297287 0.000431202 -0.00074984
internal_weight=91713.6 91330.5 23550.3 67780.2 61719.4 3468.61 6060.85 3334.53 1066.78 2726.32 1528.56 17777.3 58250.7 36366.2
internal_count=620582 617985 164426 453559 414064 25280 39495 22034 7057 17461 10352 126299 388784 220687
is_linear=0
shrinkage=0.05


Tree=134
num_leaves=15
num_cat=0
split_feature=72 72 72 69 69 68 1 14 23 17 64 70 70 68
split_gain=23.8857 70.2682 55.238 59.6972 45.9774 47.6482 49.6669 37.4022 37.166 29.384 37.1423 28.9512 35.9775 27.5898
threshold=0.0046126006636768588 0.0046515460126101979 0.0040987152606248864 0.043343598023056991 0.05397953279316426 0.039015367627143867 0.018017387017607692 0.12135988101363183 -0.003651694161817431 89.939540863037124 0.012985011097043754 -0.0029635601677000518 -0.00058230204740539182 0.042451368644833572
decision_type=10 10 8 10 10 10 10 8 2 2 2 2 2 10
left_child=2 -2 3 -1 8 11 -7 13 -5 -3 -11 -6 -13 -4
right_child=1 9 7 4 5 6 -8 -9 -10 10 -12 12 -14 -15
leaf_value=-0.015391562364820444 0.021804192606324296 0.00063581366316434098 -0.0072034248453309545 0.0020697600199643834 0.010242465944105092 0.023099576246685207 -0.003053207427538594 0.0011081744204617019 0.028379683502991283 -0.0089133016985439902 -0.00090040598052505954 -0.013731878682035665 -0.00042625194931208944 -0.01968652803027985
leaf_weight=494.296321650967 370.10426728799939 70106.437135502696 2542.9926306381822 249.21539603359997 467.81213492155075 437.36002473719418 301.98041456565261 1156.3458548616618 285.25994270294905 1696.6591851655394 9496.5505010560155 615.15632745809853 2715.6464966144413 533.81181225553155
leaf_count=4744 2689 453856 22792 1933 3874 3975 1730 8407 2527 14903 64067 5391 24032 4290
internal_value=7.62624e-05 0.000356234 -0.00225494 0.00101903 0.00264534 0.000995805 0.0125194 -0.00655257 0.0163752 0.000255926 -0.00212187 -0.00127406 -0.00291738 -0.00942595
internal_weight=91469.6 81669.8 9799.88 5566.73 5072.43 4537.96 739.34 4233.15 534.475 81299.6 11193.2 3798.61 3330.8 3076.8
internal_count=619210 535515 83695 48206 43462 39002 5705 35489 4460 532826 78970 33297 29423 27082
is_linear=0
shrinkage=0.05


Tree=135
num_leaves=15
num_cat=0
split_feature=69 24 9 68 69 68 68 69 69 74 74 4 69 2
split_gain=22.639 31.2775 27.4312 23.6586 111.155 77.2625 98.3035 118.19 97.0155 64.9994 129.331 56.0826 53.237 50.2873
threshold=-0.13803395628929135 -0.063412282615900026 -0.0052571133710443965 -0.028726507909595963 -0.078316114842891679 -0.038501890376210206 -0.044340465217828744 -0.023623042739927765 0.032231312245130546 -0.019179445691406723 -0.017591366544365879 0.25833334028720861 0.089535947889089598 0.03556040674448014
decision_type=8 2 2 10 8 10 10 8 10 2 2 8 8 2
left_child=1 -1 -3 5 -5 6 13 -8 11 12 -11 -7 -6 -2
right_child=3 2 -4 4 9 8 7 -9 -10 10 -12 -13 -14 -15
leaf_value=-0.0018945404478371423 -0.0064598805008853483 0.021484311677601155 0.0035349676793891604 0.019375684941785033 -0.012733857629975424 -0.016431337733357181 -0.0079648453400307778 0.019921785741827253 0.014700831119686892 0.025379574226651925 0.00023757402180831261 0.0027062633895391132 0.0082052029391817653 0.0019009715626102435
leaf_weight=670.00256657600403 3631.7450937591493 417.36302278377116 433.49890357255936 751.18029659613967 1593.1082931514829 1993.3823912963271 554.58156353235245 1166.2932839076966 360.46384954638779 505.00121202506125 75181.282164005563 470.06037724763155 367.13450579717755 3546.1666428893805
leaf_count=3549 22215 1968 2158 4255 10304 12654 3323 6708 2030 2879 523787 2628 2323 19406
internal_value=0.000150824 0.00618021 0.0124867 4.83981e-05 0.000361739 -0.00204565 0.000243803 0.0109407 -0.00923565 0.00017532 0.00040866 -0.0127834 -0.00879043 -0.0023324
internal_weight=91641.3 1520.86 850.862 90120.4 78397.7 11722.7 8898.79 1720.87 2823.91 77646.5 75686.3 2463.44 1960.24 7177.91
internal_count=620187 7675 4126 612512 543548 68964 51652 10031 17312 539293 526666 15282 12627 41621
is_linear=0
shrinkage=0.05


Tree=136
num_leaves=15
num_cat=0
split_feature=70 71 70 74 70 70 71 70 74 71 70 74 84 70
split_gain=23.3486 28.3964 71.4567 86.1197 70.8558 76.1069 119.927 111.755 88.9277 65.5798 63.132 174.711 102.89 234.868
threshold=-0.030434315092861649 -0.0082825054414570314 0.020869231782853607 0.021271942183375362 0.018066717311739925 -0.0076345256529748431 -0.047380616888403886 9.570699330652134e-05 -0.02498772460967302 -0.044665247201919549 0.0052992564160376796 0.011466891970485451 3.5000000000000004 -0.00037864850310143078
decision_type=2 2 2 2 2 2 2 2 2 2 2 2 2 2
left_child=-1 4 -3 -4 5 8 7 -7 -2 -10 12 -12 -8 -14
right_child=1 2 3 -5 -6 6 10 -9 9 -11 11 -13 13 -15
leaf_value=-0.0068992618941165797 0.012672563625463752 -0.0007133324959843583 0.02703217149773364 0.0024807059272163642 -0.010803799467094845 0.0016741127596710374 0.0053090880759485018 -0.033903924002224813 0.0085643308751893656 -0.005274539462673449 -0.010280437979876636 0.011286689176185116 0.0045562353725289891 0.041671587339004369
leaf_weight=1207.3240030873567 959.81670205667615 65631.652244370431 491.22713713906705 1251.1325270887464 1090.1668976098299 530.3569890037179 7278.1739267576486 366.97842141613364 978.70466220937669 6405.6310551147908 1912.2823048327118 1825.7976499274373 1129.3507858216763 677.43403004296124
leaf_count=7805 5424 463669 2671 7539 6259 2899 44716 2222 5414 38764 11743 10642 6951 4152
internal_value=-2.07105e-05 7.17762e-05 -0.000447385 0.00951731 0.00158194 0.00219851 0.00448734 -0.0130893 -0.00156591 -0.00343126 0.00572657 0.000255644 0.00797488 0.018625
internal_weight=91736 90528.7 67374 1742.36 23154.7 22064.5 13720.4 897.335 8344.15 7384.34 12823 3738.08 9084.96 1806.78
internal_count=620870 613065 473879 10210 139186 132927 83325 5121 49602 44178 78204 22385 55819 11103
is_linear=0
shrinkage=0.05


Tree=137
num_leaves=15
num_cat=0
split_feature=72 69 71 74 69 71 71 72 74 72 69 71 68 2
split_gain=23.051 23.5299 108.552 30.2528 21.823 115.885 243.388 102.376 29.5056 129.911 66.4576 146.809 95.0095 57.6513
threshold=0.054642656818032272 -0.13803395628929135 -0.014376746024936436 -0.0033699505729600783 -0.10739394277334212 0.014794950373470785 -0.0071565646212548009 0.019335029646754268 0.017647080123424533 0.019676754251122478 1.0000000180025095e-35 0.011548060458153488 -0.021343708969652649 0.051629580557346351
decision_type=8 8 2 2 8 2 2 10 2 10 10 2 10 2
left_child=1 2 3 -1 5 6 7 -3 -6 10 11 -10 -12 -11
right_child=-2 4 -4 -5 8 -7 -8 -9 9 13 12 -13 -14 -15
leaf_value=0.0050543295417864219 -0.013568209921631408 -0.022330015291238899 0.027778163228894478 -0.012895090537520804 -8.7150107960931147e-05 -0.027104746695380461 0.034997754377592026 0.005779191681066248 0.036096457270851222 -0.029805091013781673 -0.021784912755050252 0.0041038738832797341 0.006282039331720936 -0.0010125617583176317
leaf_weight=528.87029037438333 299.18100413307548 694.64405321516097 409.66295681148767 406.70910217985511 83180.822325604036 453.68821449577808 394.15674026496708 593.35729886591434 546.92834451235831 351.2826020102948 342.15852774865925 1015.3967721480876 2090.0190788712353 336.52594523131847
leaf_count=2853 1755 3844 1771 2075 572117 2872 2045 3282 2958 2150 2045 5900 12827 1989
internal_value=6.11441e-05 0.000107265 0.00664648 -0.00280238 8.79359e-06 -0.00497303 0.00112093 -0.00943589 0.000130448 0.003988 0.00744959 0.015462 0.00226055 -0.0159341
internal_weight=91643.4 91344.2 1345.24 935.579 89999 2135.85 1682.16 1288 87863.1 4682.31 3994.5 1562.33 2432.18 687.809
internal_count=620483 618728 6699 4928 612029 12043 9171 7126 599986 27869 23730 8858 14872 4139
is_linear=0
shrinkage=0.05


Tree=138
num_leaves=15
num_cat=0
split_feature=27 70 70 68 69 71 69 69 68 73 69 72 71 68
split_gain=24.0911 41.443 81.956 65.2313 64.2787 69.3005 166.352 82.1607 59.8791 52.6898 97.2854 126.14 75.4068 64.3541
threshold=0.92333272099494945 -0.00085779608343727876 -0.0010074893943965433 -0.074138201773166643 -0.086764372885227189 0.012974427081644537 0.086077798157930388 0.10132142156362535 -0.0029365865048021074 0.31657269597053533 -0.042015798389911645 0.01234284369274974 -0.0071565646212548009 -0.023032579571008679
decision_type=2 2 2 8 8 2 8 10 10 2 10 10 2 10
left_child=1 2 3 -1 -5 -6 8 -8 -7 10 12 -12 -3 -11
right_child=-2 9 -4 4 5 6 7 -9 -10 13 11 -13 -14 -15
leaf_value=0.013363311427199754 0.00088662697230648387 -0.019184222342575646 0.024488065805364903 -0.01502909254378125 -0.00090164100235066091 0.011316153625105487 0.043600342677139921 0.013387082269805457 -0.0078605012914601275 -0.017184338365590569 0.0016852625992680222 0.034048097781683058 0.003392761854130108 -0.0021628740659829543
leaf_weight=946.31174589507282 42740.296102702618 507.04549944959581 357.99193242378533 677.90386048145592 13698.947163736448 602.63437263481319 338.09014540910721 677.98311456665397 1203.6731507088989 722.89536493830383 726.12778798490763 505.72693496011198 1291.3108288496733 26661.64564742893
leaf_count=4821 284918 2884 2620 4002 92096 3781 2253 4512 8090 4492 4167 2633 7377 191955
internal_value=1.95176e-05 -0.000738109 0.00112735 0.000653238 -5.34363e-05 0.000569765 0.00768948 0.0237672 -0.00143556 -0.00187301 0.00437338 0.0151387 -0.00304369 -0.00256554
internal_weight=91658.6 48918.3 18503.5 18145.5 17199.2 16521.3 2822.38 1016.07 1806.31 30414.8 3030.21 1231.85 1798.36 27384.5
internal_count=620601 335683 122175 119555 114734 110732 18636 6765 11871 213508 17061 6800 10261 196447
is_linear=0
shrinkage=0.05


Tree=139
num_leaves=15
num_cat=0
split_feature=69 69 70 69 2 74 72 72 72 70 73 69 72 69
split_gain=25.5963 62.2739 59.3398 59.3043 58.7139 54.1085 53.0765 52.1018 109.105 111.608 158.846 133.71 73.2442 187.115
threshold=0.10132142156362535 0.090995021164417281 -0.0054713264107704154 0.084976848214864745 0.0242809196934104 0.020718611776828769 0.01251419819891453 0.0080942544154822844 0.0099148382432758825 0.006220349809154869 0.39235964417457586 0.068202320486307158 0.01031224010512233 0.045112159103155143
decision_type=8 10 2 10 2 2 10 10 10 2 2 10 10 10
left_child=1 3 6 7 -3 -4 -2 -1 9 -9 -11 -12 13 -10
right_child=2 4 5 -5 -6 -7 -8 8 12 10 11 -13 -14 -15
leaf_value=0.002247907108173242 0.0022472791679798024 0.011965005564980556 -0.0028779518914229954 -0.0064041758514661517 0.0016719522737177702 0.015092175651133261 0.020956619799671981 -0.0094749343294737963 0.027358591778398507 0.023838242919867695 -0.016529108750122909 0.016910501811018164 1.7804515431669975e-05 -0.0086158869363328321
leaf_weight=21908.5196414534 2793.1181500051171 2106.2448560744524 19817.611763497815 3463.5729375835508 4023.6690262779593 418.13550796546042 429.23227116651833 5920.3916019462049 809.05275529064238 669.73069561086595 916.73160986788571 431.9280796982348 27188.228921957314 640.25193701684475
leaf_count=168166 18008 17830 141005 25309 22020 2541 2399 38226 5104 3936 6196 2790 162260 4002
internal_value=-7.1529e-05 0.000419293 -0.00149553 -5.67477e-05 0.00522238 -0.00249936 0.00479658 0.000320188 -0.000834777 -0.00601744 0.00412088 -0.00577394 0.000603538 0.0115162
internal_weight=91536.4 68078.3 23458.1 61948.4 6129.91 20235.7 3222.35 58484.8 36576.3 7938.78 2018.39 1348.66 28637.5 1449.3
internal_count=619792 455839 163953 415989 39850 143546 20407 390680 222514 51148 12922 8986 171366 9106
is_linear=0
shrinkage=0.05


Tree=140
num_leaves=15
num_cat=0
split_feature=0 73 69 72 73 69 74 69 73 70 70 74 70 74
split_gain=21.7013 19.6069 119.761 222.414 64.6027 61.5856 53.3539 136.095 95.2984 70.0897 114.432 115.666 48.6589 46.7824
threshold=0.011692701838910581 0.31657269597053533 0.042283250018954284 0.010240829084068538 0.33640001714229589 0.012199820950627329 0.0021378471283242111 -0.043922567740082734 0.23339360952377322 -0.012843514792621134 -0.015494504012167452 -0.016539857722818848 -0.017683968879282471 -0.011121466290205715
decision_type=2 2 10 10 2 10 2 10 2 2 2 2 2 2
left_child=-1 2 5 -4 -3 6 9 -8 -9 10 11 12 -2 -11
right_child=1 4 3 -5 -6 -7 7 8 -10 13 -12 -13 -14 -15
leaf_value=-0.012921387377782057 0.001332914299619143 -0.010526083605552142 0.0017808613915540181 0.046088425134641738 -0.0002412418467818903 -0.010316306726884434 -0.00042459153072848393 -0.00061913986491010794 0.027973255197617192 -0.016422195702390764 0.025661215850204602 -0.021735774290371716 0.01986127513042437 -0.0030516000290753791
leaf_weight=323.07839103788137 2158.0087302066386 1548.275122333318 881.79481345787644 407.85710411146283 75740.813650991768 1265.3072842694819 2842.4318618644029 426.64539434015751 906.59584908932447 829.52218236401677 500.52709360420704 497.11846985667944 414.37419656664133 2995.3817764464766
leaf_count=9893 12539 9895 4454 1872 522109 7773 15854 2375 4747 4818 2751 2940 2082 17194
internal_value=-0.000181948 -0.000135516 0.00157668 0.0160401 -0.000448606 0.000112156 0.00126049 0.00577176 0.018887 -0.00129123 0.00374201 9.60447e-05 0.00438292 -0.0059866
internal_weight=91737.7 91414.7 14125.6 1289.65 77289.1 12835.9 11570.6 4175.67 1333.24 7394.93 3570.03 3069.5 2572.38 3824.9
internal_count=621296 611403 79399 6326 532004 73073 65300 22976 7122 42324 20312 17561 14621 22012
is_linear=0
shrinkage=0.05


Tree=141
num_leaves=15
num_cat=0
split_feature=72 72 74 70 0 70 68 69 72 71 72 68 74 74
split_gain=23.161 23.8952 85.1763 41.7161 28.4005 22.518 26.9418 26.4788 121.477 169.249 114.28 81.499 77.1133 56.4553
threshold=0.002932130941189826 0.003391561447642744 -0.00068714225199073542 0.0012761821271851661 0.012468064669519665 -0.030434315092861649 -0.087453853338956819 -0.013108383864164351 0.012867634184658529 -0.030130613595247265 0.013996415771543981 0.010540382005274298 -0.0077274651266634456 -0.016539857722818848
decision_type=10 10 2 2 2 2 10 8 10 2 10 10 2 2
left_child=-1 2 -2 -4 -3 6 -6 8 9 12 -10 -11 -7 -12
right_child=1 4 3 -5 5 7 -8 -9 10 11 13 -13 -14 -15
leaf_value=-0.01034372051912524 0.026693004825931729 -0.012092597532159818 -0.013766105648845861 0.0097589835380314099 0.0014334248395317262 0.0080025812797748994 -0.013491008514501038 -0.00018133003832123659 -0.01272986226100745 0.025746559817193666 0.010629989442953786 0.0065206267085523104 -0.019786835885620246 0.00010888161303463387
leaf_weight=520.05230623297393 368.46540393866599 469.12165204435587 381.58262442238629 353.65997904539108 555.83114869892597 464.85169238969684 648.65025671571493 73602.325036797673 1580.9508342444897 1366.2063695639372 1493.642623629421 934.0458895675838 518.91941140592098 8387.7725010812283
leaf_count=5084 3205 12919 3517 3485 3376 2658 4378 500157 9324 7715 8068 5743 3135 47694
internal_value=7.77859e-05 0.000138389 0.00741735 -0.00247116 4.83327e-05 0.000113276 -0.00664875 0.000206206 0.00213929 0.0106019 -0.0002924 0.0180016 -0.00670738 0.00170836
internal_weight=91646.1 91126 1103.71 735.243 90022.3 89553.2 1204.48 88348.7 14746.4 3284.02 11462.4 2300.25 983.771 9881.42
internal_count=620458 615374 10207 7002 605167 592248 7754 584494 84337 19251 65086 13458 5793 55762
is_linear=0
shrinkage=0.05


Tree=142
num_leaves=15
num_cat=0
split_feature=69 73 74 0 69 73 73 74 69 69 73 58 58 73
split_gain=23.1073 86.2978 66.1847 47.179 40.1867 55.2601 133.199 60.7245 52.0232 66.0207 57.3257 51.1386 43.9756 39.4474
threshold=0.13544805347919467 0.67916125059127819 -0.0074225144926458589 0.027671761810779575 0.10132142156362535 0.75795969367027294 0.70611578226089489 0.0020408822456374769 0.090995021164417281 0.084976848214864745 0.74621546268463146 0.0038702714955434207 0.0061741874087601909 0.50397408008575451
decision_type=10 2 2 2 8 2 2 2 10 10 2 2 2 2
left_child=4 3 -3 -2 8 6 -6 -7 9 11 -11 13 -10 -1
right_child=1 2 -4 -5 5 7 -8 -9 12 10 -12 -13 -14 -15
leaf_value=-0.0022492614311968276 0.029123751963589524 0.021432106227178047 -0.0019749629944718792 0.0058934365184732957 -0.0016755221417306763 0.013552446012713264 -0.016261254735168828 -0.0032084136249335006 0.0071374025087175968 -0.0041897335070267046 -0.02294587927511791 0.0024991635613236906 -0.0028093534181546842 0.00089269000672005444
leaf_weight=19869.191274099052 429.03996119089425 321.38207379356027 3395.7761776465923 447.9551110714674 15006.807466387749 1087.3392429035157 1737.9839122183621 1058.6142440978438 4659.6414513457566 3003.2190563566983 462.79919795133173 18663.804788265377 1452.1422429718077 20073.129317034036
leaf_count=122762 2745 1836 22268 2288 104875 8063 13718 8518 30688 21478 3908 116699 8856 152072
internal_value=-7.08468e-06 0.00344501 0.000100863 0.0174583 -0.000189596 -0.00222967 -0.00319821 0.00530766 0.000375861 -5.78262e-05 -0.00675295 0.000339214 0.00477335 -0.000670436
internal_weight=91668.8 4594.15 3717.16 876.995 87074.7 18890.7 16744.8 2145.95 68183.9 62072.1 3466.02 58606.1 6111.78 39942.3
internal_count=620774 29137 24104 5033 591637 135174 118593 16581 456463 416919 25386 391533 39544 274834
is_linear=0
shrinkage=0.05


Tree=143
num_leaves=15
num_cat=0
split_feature=54 73 69 72 73 68 68 70 68 73 71 72 68 73
split_gain=29.7045 30.6317 59.8174 46.9659 78.5113 89.0164 60.8078 73.3227 117.851 164.093 77.1451 94.7775 54.3885 65.5409
threshold=0.51939997076988231 0.72160628437995922 0.13680395483970645 0.004504159791395069 0.56275683641433727 0.032491734251379974 0.033590722829103477 0.0081335003487765806 0.038457298651337631 0.71115124225616466 0.0076207381207495936 0.0065413338597863921 0.040844514966011054 0.65195804834365856
decision_type=10 2 10 10 2 10 10 2 10 2 2 10 10 2
left_child=1 2 3 4 -1 -6 -5 8 10 12 11 -8 -10 -14
right_child=-2 -3 -4 6 5 -7 7 -9 9 -11 -12 -13 13 -15
leaf_value=-0.016366913948495803 0.0012767875380006628 -0.003368417226042501 0.017155791801739803 -0.00051123911812824897 0.0030038575864095849 -0.01406328494463429 0.0098294548808764651 -0.0073009514099070701 -0.019514813917271799 0.028142921150433771 0.0092025448657672964 0.047984525250287881 0.01030857841755701 -0.0076817932350628157
leaf_weight=1146.4845024086535 30173.600661421195 8794.5873548537493 482.83191183954477 41531.224988974631 2869.9433631245047 1029.9879624675959 295.13817104510963 979.74144321121275 424.74421522580087 482.43563695438206 943.02083348482847 371.13686281442642 869.57844630070031 1182.7949126530439
leaf_count=9595 187974 69655 3008 274462 26820 8865 2316 6970 3071 3404 7124 2358 5759 8696
internal_value=-7.5736e-06 -0.000638811 -0.000181952 -0.000345807 -0.00492499 -0.00152808 0.00014597 0.00505725 0.0077175 0.00177772 0.0185625 0.0314783 -0.0034496 -4.63546e-05
internal_weight=91577.3 61403.7 52609.1 52126.2 5046.42 3899.93 47079.8 5548.59 4568.85 2959.55 1609.3 666.275 2477.12 2052.37
internal_count=620077 432103 362448 359440 45280 35685 314160 39698 32728 20930 11798 4674 17526 14455
is_linear=0
shrinkage=0.05


Tree=144
num_leaves=15
num_cat=0
split_feature=15 65 68 72 72 72 72 68 70 70 72 57 70 72
split_gain=27.2115 22.4644 21.246 32.2103 65.5923 49.3129 21.4558 20.6732 87.2038 112.654 76.6609 49.0312 37.0411 50.3379
threshold=14.277834415435793 -0.060382990166544907 0.063369292765855803 0.011813174001872541 0.0053569187875837096 0.014862383715808393 0.01039742073044181 0.049116047099232681 0.006220349809154869 0.002544553368352354 0.006341558415442706 0.030868315137922767 -0.0035025934921577568 0.0062668889295309791
decision_type=8 10 8 10 8 10 8 10 2 2 10 10 2 8
left_child=1 -1 7 4 -4 -5 -6 -2 9 12 -11 -10 -9 -14
right_child=2 -3 3 5 6 -7 -8 8 11 10 -12 -13 13 -15
leaf_value=-0.0023400581092799487 -0.00047017241149539444 0.0032264135177375759 0.0081875618554157776 0.005404079030599444 -0.012293540023324737 -0.012947465261554778 -0.029472571232318501 -0.010193880428211288 -0.013001488828311734 0.039193955364457383 0.011464622593462363 0.0035525519145604258 -0.0097272144694125571 0.010162766578959939
leaf_weight=2230.8367802929133 71849.730008965358 9513.3343460597098 320.59868188202381 1187.5787010286003 583.88795273192227 517.2194089628756 275.25308741442859 567.75837365910411 1045.0021840427071 348.28538481518626 865.53715737164021 770.49194866418839 432.79259228333831 1126.3929353058338
leaf_count=13474 485664 66816 2266 7073 4532 3305 1932 3927 7774 2527 5769 4630 3604 7448
internal_value=-7.82477e-05 0.00216796 -0.000408677 -0.0046141 -0.0109279 -0.00020664 -0.0180732 -0.000250569 0.00280447 0.00759005 0.0196763 -0.00599501 0.000632753 0.00461498
internal_weight=91634.7 11744.2 79890.5 2884.54 1179.74 1704.8 859.141 77006 5156.26 3340.77 1213.82 1815.49 2126.94 1559.19
internal_count=620741 80290 540451 19108 8730 10378 6464 521343 35679 23275 8296 12404 14979 11052
is_linear=0
shrinkage=0.05


Tree=145
num_leaves=15
num_cat=0
split_feature=13 54 53 27 5 68 54 1 76 73 68 13 58 2
split_gain=24.7344 25.8414 65.517 41.3838 33.8048 31.2515 25.2962 24.5012 23.5619 22.842 25.5468 21.7841 24.5178 22.0381
threshold=-0.12068118155002593 0.47891333699226385 -0.19423895329236981 1.2035927176475527 0.97949522733688366 0.059724392369389541 0.23991904407739642 0.019893558695912365 0.0033408761955797677 0.22272879630327228 0.043877916410565383 -0.0037447147769853468 0.002946927561424673 0.062536597251892104
decision_type=10 8 10 2 2 10 10 10 10 2 10 10 2 2
left_child=-1 2 4 6 5 7 9 -2 -3 -4 -11 12 13 -6
right_child=1 8 3 -5 11 -7 -8 -9 -10 10 -12 -13 -14 -15
leaf_value=-0.0093509526107621813 0.0062529083232858579 0.003966198324906303 0.0039906277981018928 0.0013744313984451867 -0.0055001083085026081 -0.0080103672972132011 -0.0020914854983326505 0.0018029715713581787 0.00066095036163938466 -0.0078836805927441824 0.0018886839110560793 0.0019534254461133905 0.0012563894504019125 0.0068282502350725943
leaf_weight=666.49255709536374 4590.3238263651729 6382.9186837524176 527.41962398029864 5323.9120379183441 4538.9925169870257 634.08875230327249 10483.158495262265 9482.5365126561373 34476.600205954164 5813.787283539772 751.64053122512996 4606.9405292477459 2915.5666722357273 385.47034284472466
leaf_count=3787 30652 42321 3349 42503 26285 4233 87905 52668 220014 53630 7071 27438 16470 2101
internal_value=0.000174413 0.000245265 -0.000516325 -0.0024856 0.00114474 0.00276693 -0.00365495 0.00325787 0.00117813 -0.00595954 -0.00676372 -0.000772666 -0.00237501 -0.0045232
internal_weight=91579.8 90913.4 50053.8 22899.9 27153.9 14706.9 17576 14072.9 40859.5 7092.85 6565.43 12447 7840.03 4924.46
internal_count=620427 616640 354305 194458 159847 87553 151955 83320 262335 64050 60701 72294 44856 28386
is_linear=0
shrinkage=0.05


Tree=146
num_leaves=15
num_cat=0
split_feature=68 72 72 72 21 68 68 72 68 72 59 68 72 68
split_gain=21.6864 41.7428 88.8466 66.434 23.6552 23.4076 22.0533 31.6017 68.9032 65.8265 44.7215 43.5869 36.2988 32.0419
threshold=0.063369292765855803 0.011404855176806452 0.0053569187875837096 0.014507370535284283 5.5214262008667001 0.072451099753379836 -0.16844028234481809 0.021474678069353107 -0.070670504122972475 0.019335029646754268 1.5000000000000002 -0.060296569019556039 0.019676754251122478 -0.070670504122972475
decision_type=8 10 8 10 10 10 10 10 10 10 10 10 10 10
left_child=4 2 -2 -3 -1 -5 -6 8 9 -8 -9 -10 -13 -12
right_child=1 3 -4 5 6 -7 7 10 11 -11 13 12 -14 -15
leaf_value=-0.0031585160445463684 0.0093336027143805442 0.0076434576147681585 -0.01888952697979876 -0.020273729076571878 0.011589406442593771 -0.0029172147181836055 0.0030226493862859434 -0.015833154952860223 -0.013109035424540061 0.023333777374012554 -0.010196266590798937 0.00023528522839588777 -0.017073722298132591 0.003610001199510467
leaf_weight=5713.5795857943594 382.70195956155658 1232.7272139117122 969.64301867224276 351.68391683138907 410.30331021547318 428.24307824485004 1162.7550612203777 719.08833988942206 613.21572897396982 600.12669624947011 633.70174955576658 76930.448270045221 294.09054478257895 1201.2178645208478
leaf_count=34954 2682 7472 7355 2191 2205 2654 6138 4438 3529 3159 3471 531399 1870 6938
internal_value=-0.00020044 -0.00413395 -0.0108927 0.00043883 -5.00513e-05 -0.0109012 0.000165414 0.000106956 0.00028291 0.0100297 -0.0053567 6.0904e-05 0.000167166 -0.00118751
internal_weight=91643.5 3365 1352.34 2012.65 88278.5 779.927 82564.9 82154.6 79600.6 1762.88 2554.01 77837.8 77224.5 1834.92
internal_count=620455 22354 10037 12317 598101 4845 563147 560942 546095 9297 14847 536798 533269 10409
is_linear=0
shrinkage=0.05


Tree=147
num_leaves=15
num_cat=0
split_feature=15 71 72 72 70 71 69 71 70 72 71 72 71 72
split_gain=21.4265 19.2637 17.2882 66.6937 84.6533 78.6141 51.1195 48.9197 94.1971 67.9671 47.9939 47.4939 59.4331 75.9087
threshold=14.277834415435793 -0.10309150815010069 0.0064592105336487302 0.0065863379277288922 -0.00022463045752374453 -0.0002741747885011136 0.05397953279316426 0.013157180976122619 -0.0014947883319109676 0.0064111214596778163 -0.02081507537513971 0.003753507044166327 0.00052272941684350382 0.0049440893344581136
decision_type=8 2 10 10 2 2 8 2 2 10 2 10 2 10
left_child=-1 -2 6 4 5 -4 11 9 -9 10 -8 -3 -13 -14
right_child=1 2 3 -5 -6 -7 7 8 -10 -11 -12 12 13 -15
leaf_value=0.0020626441646379289 0.010536034070201523 0.021612369577125038 0.003863888629874389 -0.00012978031635562344 0.0005131287464883444 0.035691957389910073 0.017494385043991565 0.025126843069110727 -0.00026195356591780013 -0.022953405153357836 -0.0037186318324890599 -0.0036067969486042531 0.032226321850331384 0.0041842675242609777
leaf_weight=11763.944973949343 403.94483041204512 321.42861933447421 347.07187846116722 54518.290097422898 1122.6482712831348 437.79051322303712 262.11886026896536 396.34303027391434 3618.2740429248661 445.07881474867463 13856.118682816625 2214.9447058327496 275.56023731268942 1586.8346567340195
leaf_count=80270 2590 2723 2308 342632 8016 2696 1601 3044 28122 2995 111382 16590 2181 13173
internal_value=7.14924e-05 -0.000222237 -0.000278287 0.00019255 0.00935765 0.021843 -0.00143414 -0.00258169 0.00230076 -0.00392828 -0.00331269 0.00340734 0.00192282 0.00848333
internal_weight=91570.4 79806.4 79402.5 56425.8 1907.51 784.862 22976.7 18577.9 4014.62 14563.3 14118.2 4398.77 4077.34 1862.39
internal_count=620323 540053 537463 355652 13020 5004 181811 147144 31166 115978 112983 34667 31944 15354
is_linear=0
shrinkage=0.05


Tree=148
num_leaves=15
num_cat=0
split_feature=73 73 69 73 71 13 74 69 74 74 71 71 69 71
split_gain=24.5612 34.2092 28.4238 37.9427 39.5641 18.4975 17.5153 92.6177 61.4912 150.384 60.0186 140.478 76.4861 51.5317
threshold=0.85966211557388317 0.85278713703155529 0.060251720249652869 0.89463898539543163 0.025067974813282493 -0.12068118155002593 -0.0098888655193150026 0.091688234359025969 -0.011782031506299971 -0.014015431515872477 -0.0073139155283570281 0.0013411640538834038 -0.0057060865219682446 -0.017081339843571183
decision_type=2 2 10 2 2 10 2 8 2 2 2 2 10 2
left_child=1 5 3 -2 -5 -1 7 8 9 10 -7 12 -12 -11
right_child=2 -3 -4 4 -6 6 -8 -9 -10 13 11 -13 -14 -15
leaf_value=-0.0082353954121744382 -0.010004662000605929 0.015251829590707023 -0.016613900750343167 -0.006068424218749543 0.018041685434799625 -0.001910171051829032 -0.00016725647080613915 0.010264129373576516 0.008034907554271567 -0.0047240061334183998 0.040707135806319218 -0.0025284976916100555 0.0094848870790976286 -0.023927010890124042
leaf_weight=656.83546142652631 723.76843291893601 362.15849875845015 441.48405702412128 322.05265031754971 341.94816417433321 5093.0241587348282 75766.502408418804 2587.6958901248872 1817.1408044490963 576.1415444649756 372.710598744452 1194.6787743922323 418.87171359173954 901.33732477389276
leaf_count=3763 5733 2331 3643 2402 2076 30844 521398 15731 11095 3520 1943 7580 2633 5724
internal_value=6.83153e-06 0.000124035 -0.00571282 -0.00215086 0.0064313 6.10425e-05 0.00012338 0.00182111 -0.000292802 -0.00206862 0.000966695 0.00831596 0.0245101 -0.0165209
internal_weight=91576.4 89747.1 1829.25 1387.77 664.001 89384.9 88728.1 12961.6 10373.9 8556.76 7079.29 1986.26 791.582 1477.48
internal_count=620416 606562 13854 10211 4478 604231 600468 79070 63339 52244 43000 12156 4576 9244
is_linear=0
shrinkage=0.05


Tree=149
num_leaves=15
num_cat=0
split_feature=27 0 74 59 68 28 0 68 57 74 74 74 68 68
split_gain=21.645 33.9911 22.1608 20.2822 19.7281 20.8186 20.8802 18.6404 34.2237 30.892 28.5528 23.5881 22.6935 67.4129
threshold=0.62529692053794872 0.034917909651994712 -0.04474180564284324 8.5000000000000018 0.057816263288259513 1.0433047413825991 0.016315237618982795 -0.074138201773166643 0.050236873328685767 -0.0026918275980278845 -0.015850028023123738 0.00078868729178793739 -0.045986795797944062 -0.038501890376210206
decision_type=2 2 2 8 8 2 2 8 10 2 2 2 8 8
left_child=1 4 -2 7 5 6 -1 8 9 -4 -10 -12 -9 -14
right_child=2 -3 3 -5 -6 -7 -8 12 10 -11 11 -13 13 -15
leaf_value=-0.013337322170345792 -0.011621121061607691 0.00082840731898412489 0.02246148541533155 -0.011834709495340989 -0.014743152675727634 -0.010928700957150511 -0.0016471952008800497 -0.0035244068384247466 0.0084796172243312602 0.003653872679581071 -0.012773131041936225 0.0023404560008036721 0.009947073764840263 0.00039861590637789272
leaf_weight=397.16184062324464 365.29877569153905 7605.5451112911105 416.26171855814755 318.69085060060024 386.29437673278153 785.27016814053059 6273.676475148648 3389.1094960197806 684.77355312928557 457.17674419097602 468.14901012182236 555.5458562374115 1890.5112385340035 67581.569174718112
leaf_count=7558 2525 42386 2184 1870 3310 6342 46037 19899 3481 2411 2499 2920 10997 465914
internal_value=0.000152857 -0.00155299 0.000499172 0.000559138 -0.00386057 -0.00327777 -0.00236211 0.000613054 0.0047799 0.01277 0.000644521 -0.00462789 0.000464762 0.000659848
internal_weight=91575 15447.9 76127.1 75761.8 7842.4 7456.11 6670.84 75443.1 2581.91 873.438 1708.47 1023.69 72861.2 69472.1
internal_count=620333 105633 514700 512175 63247 59937 53595 510305 13495 4595 8900 5419 496810 476911
is_linear=0
shrinkage=0.05


Tree=150
num_leaves=15
num_cat=0
split_feature=70 69 74 74 69 70 74 70 72 72 74 70 74 74
split_gain=25.0379 105.214 87.6176 66.3397 72.7614 65.259 53.9216 84.5256 136.24 124.647 96.9382 71.9106 85.2823 52.0531
threshold=-0.0085004726424813253 0.12782794237136844 -0.015850028023123738 -0.019179445691406723 -0.12003959342837332 -0.013830194249749182 -0.0075496714562177649 -0.0034433820983394976 0.0066746210213750609 0.0063193386886268863 -0.015180052258074282 -0.0075178586412221185 -0.0084175895899534208 -0.0066255095880478612
decision_type=2 10 2 2 10 2 2 2 10 10 2 2 2 2
left_child=1 2 3 4 -1 -5 7 9 -9 -2 -11 -12 -13 -8
right_child=6 -3 -4 5 -6 -7 13 8 -10 10 11 12 -14 -15
leaf_value=0.0094137448726053681 -0.0055586014856602957 0.023345866629156553 -0.0068033265069067208 0.014136565448018432 -0.0055832505694706994 -0.006399117824840192 -0.0085203580490573316 0.010905064115739754 -0.0192761162353625 -0.010835888231189701 0.029983683955891061 0.0071246659186493845 0.031139736766978312 0.00019089398075338045
leaf_weight=1051.3243747632951 1228.4081839770079 388.27276642248034 6574.272116612643 1500.6133926939219 3392.2008354682475 513.43237832188606 1747.7339213676751 678.79890579730272 809.52523957006633 376.06747497431934 689.92532809823751 1975.597540428862 447.81733996234834 70271.853051599115
leaf_count=5678 8602 2124 41190 8614 21465 2968 12043 4656 5068 2325 3900 12095 2759 487299
internal_value=2.16059e-05 -0.00197287 -0.00274454 0.00139172 -0.00202184 0.00889574 0.000363979 0.00483199 -0.00553009 0.00810568 0.0129182 0.015813 0.0116721 -2.16597e-05
internal_weight=91645.8 13420.1 13031.8 6457.57 4443.53 2014.05 78225.7 6206.14 1488.32 4717.82 3489.41 3113.34 2423.41 72019.6
internal_count=620786 82039 79915 38725 27143 11582 538747 39405 9724 29681 21079 18754 14854 499342
is_linear=0
shrinkage=0.05


Tree=151
num_leaves=15
num_cat=0
split_feature=14 54 71 71 69 69 6 69 69 71 69 69 71 69
split_gain=21.4812 22.4335 40.1363 57.9341 39.6283 38.3343 52.8854 36.7263 59.7032 46.0577 38.8712 31.5532 34.6643 96.4341
threshold=-0.15941079705953595 0.30341328680515295 -0.017686145380139347 -0.019015619531273838 0.13680395483970645 0.093334153294563307 0.22152538597583774 0.14803105592727664 0.13544805347919467 0.021054031327366832 0.1307504624128342 0.10132142156362535 -0.024940954521298405 -0.13803395628929135
decision_type=8 8 2 2 10 8 2 8 10 2 10 10 2 10
left_child=-1 4 3 5 11 -3 -7 8 10 -10 -4 12 -2 -14
right_child=1 2 7 -5 -6 6 -8 -9 9 -11 -12 -13 13 -15
leaf_value=0.0025528115524740772 -0.0047435594012331592 0.00096592681220783222 0.00041368032006354509 0.020925650997197787 0.015133776671992897 0.023209111140071965 0.0021408623296947024 -0.0034298225241774817 0.01533354265102501 -0.0032437750475961171 -0.011202341506660256 -0.0059170490746275894 0.027223356847998193 -0.00036041233482177713
leaf_weight=8570.0671100430191 4559.182374112308 5205.8991582132876 37047.599376879632 466.50687543861568 358.52070074155927 495.01105780154467 731.75457357242703 6624.9180293902755 1146.2042016871274 464.6608802638948 724.47748694941401 3365.3043300919235 311.5826740693301 21553.216652976349
leaf_count=47842 27492 29915 253048 2656 2372 2603 4151 47441 6815 2944 4897 27300 1411 159741
internal_value=0.000171006 -7.50403e-05 0.000545246 0.00409865 -0.00116341 0.00284774 0.010761 1.16162e-05 0.000591252 0.00998788 0.000187976 -0.00136457 -0.000782753 4.49335e-05
internal_weight=91624.9 83054.8 52907 6899.17 30147.8 6432.66 1226.77 46007.9 39382.9 1610.87 37772.1 29789.3 26424 21864.8
internal_count=620628 572786 354470 39325 218316 36669 6754 315145 267704 9759 257945 215944 188644 161152
is_linear=0
shrinkage=0.05


Tree=152
num_leaves=15
num_cat=0
split_feature=27 70 2 68 28 68 63 68 68 0 70 74 72 69
split_gain=19.1224 43.2568 33.9078 31.2343 16.6896 30.1712 25.4184 27.0971 35.6354 30.2831 26.1621 23.2857 23.2592 23.2521
threshold=0.46205396950244909 -0.00085779608343727876 0.055313836783170707 0.025471455417573455 0.80698600411415111 0.053324194625020034 0.2254944518208504 -0.068213950842618928 -0.028726507909595963 0.04667965508997441 -0.025290560908615586 0.0019295578822493555 0.0046126006636768588 0.023791561834514145
decision_type=2 2 2 8 2 10 8 8 10 2 2 2 10 8
left_child=1 -1 3 -3 5 13 7 10 9 -9 -6 -7 -10 -2
right_child=4 2 -4 -5 6 11 -8 8 12 -11 -12 -13 -14 -15
leaf_value=0.0034228032901712016 0.0048414453475253858 -0.0038160764440766217 0.0023286661963917619 -0.016041252747881641 -0.0031846927922849939 0.0019905644624106465 0.00027671178854135869 -0.012470552525611691 -0.0069231201232974569 0.0014223134258209622 0.012714735269514266 -0.011726171846895179 -0.00078959615904368593 0.00081828644067545554
leaf_weight=1543.4692185670137 4878.393946390599 1016.0583332050592 725.98203283548355 1083.5290290936828 451.65083652362227 522.49312119930983 50750.870527194813 1446.5491768997163 1763.8901731483638 534.197783857584 585.55750623159111 739.72028593346477 12043.569527659565 13557.671855058521
leaf_count=9896 28902 7161 4096 8414 2667 3680 346845 9162 14551 2967 2955 5192 78581 95662
internal_value=-7.01365e-05 -0.00329433 -0.00696271 -0.0101712 9.16285e-05 0.0013719 -0.000281714 -0.00196527 -0.00248055 -0.00873539 0.00582705 -0.00607711 -0.00157759 0.00188491
internal_weight=91643.6 4369.04 2825.57 2099.59 87274.6 19698.3 67576.3 16825.4 15788.2 1980.75 1037.21 1262.21 13807.5 18436.1
internal_count=620731 29567 19671 15575 591164 133436 457728 110883 105261 12129 5622 8872 93132 124564
is_linear=0
shrinkage=0.05


Tree=153
num_leaves=15
num_cat=0
split_feature=27 51 54 28 73 74 73 66 72 3 72 73 58 72
split_gain=20.4732 53.6365 22.3101 28.5212 22.6118 21.7486 21.6047 17.5252 19.3823 16.4627 32.682 52.606 52.9359 41.703
threshold=0.72539108991622936 -0.030288568697869774 0.63065251708030712 0.83733341097831737 0.18154882639646533 -0.04474180564284324 0.72511178255081188 0.054315812885761268 0.01251419819891453 1.0000000180025095e-35 0.013739499729126694 0.46228538453578955 0.0060577092226594695 0.014507370535284283
decision_type=2 10 8 2 2 2 2 8 10 2 8 2 2 10
left_child=1 2 3 6 -5 -2 -1 8 -4 10 11 12 -7 -12
right_child=5 -3 7 4 -6 9 -8 -9 -10 -11 13 -13 -14 -15
leaf_value=0.001384476460719778 -0.011841130299513961 -0.0066070681739711246 -0.002332708987599112 0.0080646800441642012 -0.0050542203606283873 0.0047664899399655399 -0.0064894769006266333 0.0038354199706457114 0.0069138157697013359 0.00018284149005309388 -0.019875799183620611 0.00089866122682931307 0.019411403341319754 -4.8584214072359239e-05
leaf_weight=7324.8507405910641 339.72270161658525 3726.0010312255472 3159.1185954064131 342.32830586843193 5072.2279645614326 3423.502619234845 978.62883369252086 4859.2275874875486 680.25226346962154 47755.116610340774 358.08511772938073 11804.673577461392 746.04762019217014 949.04445869475603
leaf_count=47780 2412 35821 19900 1830 34623 25863 7110 28572 3874 284687 2596 113572 4987 6434
internal_value=0.000121863 -0.0010605 -0.000136037 -0.00139175 -0.00421146 0.000594756 0.000449781 0.0018436 -0.000680723 0.000661526 0.00198345 0.00260626 0.00742704 -0.00558987
internal_weight=91518.8 26142.6 22416.6 13718 5414.56 65376.2 8303.48 8698.6 3839.37 65036.5 17281.4 15974.2 4169.55 1307.13
internal_count=620061 179510 143689 91343 36453 440551 54890 52346 23774 438139 153452 144422 30850 9030
is_linear=0
shrinkage=0.05


Tree=154
num_leaves=15
num_cat=0
split_feature=78 69 74 65 27 54 74 74 68 74 74 71 71 69
split_gain=20.2073 43.3421 24.5533 21.9166 26.0903 20.1675 41.0672 179.556 143.593 83.7094 56.645 63.5747 102.812 107.143
threshold=-0.022888699546456334 -0.05704184249043464 -0.019179445691406723 0.11825713887810708 0.82185235619544994 0.47431603074073797 0.0081914314068853872 0.0071679097600281247 0.0048870842438191184 0.0067960366141051063 0.011466891970485451 0.017434364184737209 -0.0011099837720394132 -0.029061963781714436
decision_type=8 10 2 10 2 8 2 2 10 2 2 2 2 10
left_child=1 -1 -3 4 -4 6 7 9 -9 -2 -8 12 -12 -14
right_child=5 2 3 -5 -6 -7 10 8 -10 -11 11 -13 13 -15
leaf_value=-0.010516054141672088 -2.0110528838220952e-05 -0.015314001071010634 -0.0062093920142060012 0.0018575359051347337 -9.7058807067847707e-06 0.0012426915044858641 -0.0087801905251426223 0.036253819551413193 0.0045532552517733747 -0.017407803421119153 -0.0041107221496028612 -0.007511516886884311 0.03566299626229457 0.0056845027131109515
leaf_weight=1282.5863959658891 34516.262674773112 279.07989389449358 2732.8000203613192 5317.6043585799634 4450.7267553452402 31524.243123862892 3172.2340125460178 590.24223490990698 890.68325916677713 696.36394877545536 2161.5057668872178 2115.8692796397954 369.81723363883793 1409.9525871388614
leaf_count=9520 241822 1977 24783 32802 37421 196943 22077 3407 6965 4833 12952 13223 1920 9372
internal_value=-4.76142e-05 -0.00179055 -0.000907348 -0.000573745 -0.00237358 0.000269057 -0.000399428 0.000350689 0.0173463 -0.000368814 -0.00337885 -0.000540257 0.0032118 0.0120782
internal_weight=91510 14062.8 12780.2 12501.1 7183.53 77447.2 45922.9 36693.6 1480.93 35212.6 9229.38 6057.14 3941.28 1779.77
internal_count=620017 106503 96983 95006 62204 513514 316571 257027 10372 246655 59544 37467 24244 11292
is_linear=0
shrinkage=0.05


Tree=155
num_leaves=15
num_cat=0
split_feature=5 5 8 2 69 53 54 72 68 68 68 72 70 74
split_gain=18.7583 27.2796 19.8028 26.7551 27.1983 23.4438 51.8688 26.6195 137.583 125.82 90.2421 86.0892 126.94 130.851
threshold=0.71724092960357677 0.65811893343925487 1.0000000180025095e-35 0.016865123063325885 0.061813157051801688 -0.088484670966863618 0.30943305790424352 0.011299594305455686 -0.044340465217828744 -0.038501890376210206 -0.03380355425179004 0.012867634184658529 0.0037637025816366081 -1.0000000180025095e-35
decision_type=2 2 2 2 10 10 10 10 10 10 10 10 2 2
left_child=1 -1 5 4 -4 7 -7 8 -2 -10 -11 12 13 -9
right_child=2 -3 3 -5 -6 6 -8 11 9 10 -12 -13 -14 -15
leaf_value=-0.020727392131235044 -0.02200254668595408 0.00042564249236811996 0.0012340675444971144 0.0011363027796103787 0.015296010567412975 -0.0070985740573705951 -0.000485104256246568 0.0068411471179188046 0.024821423404402056 -0.024314486995750905 -0.00014301485178609116 -0.00012481834710886827 -0.0021140924239340234 0.028723770049462295
leaf_weight=256.61068967171013 718.20540581643581 354.93175868876278 656.45695551298559 8611.5587763749063 716.56649529002607 3586.2868741881102 16892.700658457354 2314.8082498013973 491.30731414631009 380.19949055463076 37114.735623905435 16184.041657472029 2221.8451801147312 964.89669843390584
leaf_count=2383 4520 2410 8830 54064 9457 39715 126862 13420 2567 2486 241139 92957 13340 5583
internal_value=1.55796e-05 -0.00864111 7.4793e-05 0.00217445 0.00863038 -0.00018468 -0.00164616 0.000311114 -0.000474657 -6.19463e-05 -0.000394532 0.00171313 0.00711029 0.0133468
internal_weight=91465.2 611.542 90853.6 9984.58 1373.02 80869 20479 60390 38704.4 37986.2 37494.9 21685.6 5501.55 3279.7
internal_count=619733 4793 614940 72351 18287 542589 166577 376012 250712 246192 243625 125300 32343 19003
is_linear=0
shrinkage=0.05


Tree=156
num_leaves=15
num_cat=0
split_feature=73 68 73 70 68 73 69 68 73 69 68 73 69 27
split_gain=17.3803 74.9249 57.8792 46.3498 80.7756 104.963 79.5526 91.0968 107.166 72.9127 57.9137 119.58 81.6076 57.0124
threshold=0.6410336196422578 0.049116047099232681 0.64713975787162792 -0.0014947883319109676 0.041653364896774299 0.69456070661544811 0.095358736813068404 0.037829346954822547 0.68877029418945324 0.1560144051909447 0.021710120141506199 0.6737537980079652 0.03979728743433953 0.87746486067771923
decision_type=2 10 2 2 10 2 10 10 2 8 10 2 10 2
left_child=1 -1 -2 4 6 -6 -4 8 -8 -7 -5 12 -12 -13
right_child=2 -3 3 10 5 9 7 -9 -10 -11 11 13 -14 -15
leaf_value=0.0004741209821690758 -0.011246051787946514 0.020894745404304579 0.0023898466117812543 -0.0094345151819823711 -0.022914108880858371 -0.0021742418736856186 0.0313919080939907 0.036949745369704766 -0.00061335798936272936 0.023381285308092765 0.033329842520031371 -0.0051365003649319237 0.0058826735943094252 0.00064888026834897705
leaf_weight=60084.589451592416 1268.2038441114128 442.58023329637945 3205.9860718566924 2105.5796853601933 552.01804224401712 2320.8070336487144 366.68956467695534 384.03279586695135 854.47534338384867 307.09380973689258 295.97441476210952 8636.9637361764908 2430.0840002261102 8386.5253974683583
leaf_count=388453 9464 2535 23959 16658 3799 15733 2441 2307 5458 1874 1857 66375 17830 62007
internal_value=0.0001332 0.000626865 -0.000827023 -0.000380687 0.00287561 -0.00330159 0.00695678 0.0160068 0.00917405 0.000889466 -0.00157209 -0.000729495 0.0089736 -0.00228766
internal_weight=91641.6 60527.2 31114.4 29846.2 7991.1 3179.92 4811.18 1605.2 1221.16 2627.9 21855.1 19749.5 2726.06 17023.5
internal_count=620750 390988 229762 220298 55571 21406 34165 10206 7899 17607 164727 148069 19687 128382
is_linear=0
shrinkage=0.05


Tree=157
num_leaves=15
num_cat=0
split_feature=5 52 8 72 72 68 68 70 69 68 74 2 67 84
split_gain=20.039 22.9584 21.6831 22.3547 24.8642 23.8237 46.1938 35.3238 27.2167 34.0868 33.7861 22.5975 20.5582 35.7537
threshold=0.71724092960357677 0.19013296812772754 1.0000000180025095e-35 0.0074609280563890943 0.0070382927078753718 0.0048870842438191184 0.011834083124995233 -0.0066560849081724873 0.099641803652048125 0.049116047099232681 -0.0012059831060469148 0.02307048719376326 0.019450485706329349 1.5000000000000002
decision_type=2 10 2 10 10 10 10 2 10 10 2 2 2 2
left_child=1 -1 12 4 5 -4 -7 -8 10 -10 11 -9 -2 -14
right_child=2 -3 3 -5 -6 6 7 8 9 -11 -12 -13 13 -15
leaf_value=0.00012411655713643284 -0.00045700015877433027 -0.019253355151330222 0.014455439015223942 -0.00032078875444680865 0.013971452531644717 -0.016618729141626702 0.020005216241961402 0.021936689499247968 -0.0070144847573559398 0.010182364665921474 0.0013881141108135146 0.005090236044710086 -0.0016806640465814285 0.0040006778046077981
leaf_weight=327.23195049725473 69219.982733599842 276.64512611180544 424.40557435713708 4422.2991407439113 600.00026644207537 294.94599319063127 292.42722410336137 411.79631122015417 1185.0599359124899 370.19852501153946 1619.7347745988518 391.78041120618582 4499.9832483734936 7171.4195148684084
leaf_count=2393 474104 2395 3331 28462 4003 2532 1952 4302 8839 2563 14177 2247 26569 42349
internal_value=8.13726e-05 -0.00892202 0.000142157 0.00233585 0.00443423 0.0032619 0.00219214 0.00352697 0.00226869 -0.00288221 0.00557275 0.0138868 -0.000129631 0.00181064
internal_weight=91507.9 603.877 90904 10012.6 5590.35 4990.35 4565.94 4271 3978.57 1555.26 2423.31 803.577 80891.4 11671.4
internal_count=620218 4788 615430 72408 43946 39943 36612 34080 32128 11402 20726 6549 543022 68918
is_linear=0
shrinkage=0.05


Tree=158
num_leaves=15
num_cat=0
split_feature=74 72 68 68 71 84 72 72 68 71 74 68 68 68
split_gain=14.7477 77.5691 63.0701 81.8573 56.7271 65.5212 53.0695 52.0012 89.2689 74.0508 51.0482 76.4412 57.7611 75.0118
threshold=0.017647080123424533 0.013996415771543981 -0.0047946239355951539 -0.021990260109305378 -0.00093168902094475914 1.5000000000000002 0.014978718478232624 0.019676754251122478 -0.052953198552131646 0.018881734460592273 0.013344080187380316 -0.052953198552131646 0.0088436868973076361 0.01814153511077166
decision_type=2 10 8 10 2 2 10 10 10 2 2 8 10 10
left_child=10 2 3 -2 -4 -6 -3 9 -9 -8 -1 -12 -13 -14
right_child=1 6 4 -5 5 -7 7 8 -10 -11 11 12 13 -15
leaf_value=0.00020390394402417458 0.0020170399078881431 -0.020602011995243745 -0.012071811011844437 0.033094937866795002 -0.0052099096936021154 0.01673586760973075 0.019436892720406156 0.0056191209610092566 -0.022689538774698724 -0.0052965280899531439 0.01715225274974852 -0.017264977869020724 0.013524432201884177 -0.0084454896321619032
leaf_weight=82590.143516791984 373.87617069110274 374.3027927223593 443.10542258247733 483.19530673697591 549.42766460031271 866.7193419393152 575.08758831396699 559.56568828970194 538.22132782451808 619.94175545498729 318.69871795363724 1128.9714237097651 497.65592970326543 1649.6524456618354
leaf_count=565762 2113 2214 2659 2720 3570 5176 3176 3161 3351 3638 1707 6802 3111 11204
internal_value=0.000108432 0.00264484 0.00857743 0.0197176 0.00336407 0.00824466 -0.00340667 -0.000522252 -0.00833954 0.00666854 -5.02896e-05 -0.00587444 -0.00815972 -0.0033147
internal_weight=91568.6 5383.44 2716.32 857.071 1859.25 1416.15 2667.12 2292.82 1097.79 1195.03 86185.1 3594.98 3276.28 2147.31
internal_count=620364 31778 16238 4833 11405 8746 15540 13326 6512 6814 588586 22824 21117 14315
is_linear=0
shrinkage=0.05


Tree=159
num_leaves=15
num_cat=0
split_feature=73 69 72 69 70 69 70 73 69 70 70 73 69 69
split_gain=20.4275 79.7701 51.577 74.1741 73.7045 71.9264 61.542 62.1684 77.322 53.287 40.2837 37.7294 105.821 63.0334
threshold=0.68223786354064953 0.1424297168850899 0.016811436042189602 -0.011117002926766871 0.012144471053034069 -0.0020994962542317803 -0.011970254592597483 0.78125637769699108 0.15170435607433322 -0.0017418519128113983 0.0031888260273262863 0.8108845353126527 0.07267846912145616 0.12019995972514154
decision_type=2 10 10 8 2 8 2 2 8 2 2 2 10 10
left_child=1 -1 3 10 9 -5 -7 8 -8 -4 -2 12 -9 -14
right_child=2 -3 4 5 -6 6 7 11 -10 -11 -12 -13 13 -15
leaf_value=0.00029993632965290989 0.017287532046793036 0.024624203512660123 -0.0034609523196327905 -0.021578662835033787 0.005924771337949609 0.021189668956081129 -0.0022053430393831784 -0.006834914593653066 -0.016530913983319982 -0.029096343584139386 -0.0023062150362407425 6.6047068805581119e-05 0.030611180444174036 0.0079475736952913361
leaf_weight=68584.130966698751 836.60833207331598 328.72237466648221 330.39368750527501 424.10797391459346 425.13195176422596 297.56249098852277 12129.717449134216 732.34299860335886 1011.7948900703341 527.16379605419934 376.97545975539833 4374.9452876038849 498.98921949788928 797.98870419338346
leaf_count=450603 5016 1953 2044 3151 2667 1801 93878 5683 8365 3415 2375 31035 4051 5122
internal_value=-9.45902e-06 0.000419522 -0.00130773 -0.000723668 -0.0110077 -0.00144474 -0.00100377 -0.0013523 -0.00332003 -0.0193735 0.011232 0.00268434 0.00830103 0.0168345
internal_weight=91676.6 68912.9 22763.7 21481 1282.69 20267.4 19843.3 19545.8 13141.5 857.557 1213.58 6404.27 2029.32 1296.98
internal_count=621159 452556 168603 160477 8126 153086 149935 148134 102243 5459 7391 45891 14856 9173
is_linear=0
shrinkage=0.05


Tree=160
num_leaves=15
num_cat=0
split_feature=59 74 72 52 84 72 84 70 17 84 59 72 74 74
split_gain=17.3965 17.4136 56.7162 54.9365 59.6441 41.3504 58.5548 42.4538 31.4455 30.651 29.0684 36.7651 28.0182 43.0433
threshold=8.5000000000000018 0.017647080123424533 0.013996415771543981 0.20290065556764605 1.0000000180025095e-35 0.011299594305455686 1.5000000000000002 0.014888820704072716 69.308925628662124 1.5000000000000002 1.5000000000000002 0.017317797988653186 0.013344080187380316 0.013079097028821709
decision_type=10 2 10 10 2 10 2 2 2 2 10 10 2 2
left_child=1 12 5 4 -4 7 -7 -3 -5 -9 11 -6 13 -1
right_child=-2 2 3 8 10 6 -8 9 -10 -11 -12 -13 -14 -15
leaf_value=5.7045606495840881e-05 -0.01009698299349132 0.011153802560760012 0.0096600704098789656 0.018222706249082132 -0.007678453951532372 0.0016387037356075146 0.024015974979219298 0.0043447019220933377 0.00038061153054125968 -0.014999989385534552 -0.0032530831204100673 -0.029968742346575525 -0.0043896431716517427 0.016346917438220497
leaf_weight=81844.412541208789 408.30631687492132 722.2735382411629 341.84526371397078 348.93301533907652 355.81186028383672 497.92469771578908 703.44736708328128 398.64271169900894 792.93348931521177 403.59648551419377 423.82186111062765 397.1048001460731 3555.4089061617851 397.53820473141968
leaf_count=561316 2327 4477 2038 1923 2091 2968 3843 2361 4629 2556 2327 2513 22674 2512
internal_value=7.62773e-05 0.000122934 0.00287792 -0.00231248 -0.0085188 0.00793367 0.0148315 0.00243668 0.00594369 -0.00545223 -0.0138367 -0.0196736 -5.03389e-05 0.000137765
internal_weight=91592 91183.7 5386.34 2660.45 1518.58 2725.88 1201.37 1524.51 1141.87 802.239 1176.74 752.917 85797.4 82242
internal_count=620555 618228 31726 15521 8969 16205 6811 9394 6552 4917 6931 4604 586502 563828
is_linear=0
shrinkage=0.05


Tree=161
num_leaves=15
num_cat=0
split_feature=5 53 8 31 53 54 73 70 69 68 69 52 11 14
split_gain=15.577 24.1697 15.7373 34.4036 18.4829 43.8894 23.7656 18.5697 20.8981 23.2888 20.0107 16.2887 15.8665 20.0429
threshold=0.71724092960357677 -0.49330514669418329 1.0000000180025095e-35 18.676548004150394 -0.098719567060470567 0.30653749406337744 0.45992848277091986 0.010333086363971235 0.063591867685318007 0.040844514966011054 0.10132142156362535 0.054812993854284293 -0.022007481195032593 -0.018895286135375496
decision_type=2 10 2 2 10 10 2 2 10 8 10 10 10 8
left_child=1 -1 4 12 -2 6 11 8 -8 10 -10 -6 13 -4
right_child=2 -3 3 -5 5 -7 7 -9 9 -11 -12 -13 -14 -15
leaf_value=0.00085642085084310917 0.00024588093873729924 -0.019225590521317695 0.0014929430187074981 0.0062700458056894328 0.0099225616930179918 -0.00039142272395611456 -0.012369847605555323 -0.021180561361957236 -0.0028396949501541193 0.0083118393524299616 -0.01784756562512714 -0.0034258988932841816 0.0013230063431214406 -0.0091252440551056573
leaf_weight=336.8565677292645 58256.963802773505 258.69414776749909 832.51825902983546 3072.7614972423762 286.49243819713593 18507.516191633418 1129.3015636652708 257.79853648878634 892.10476414859295 325.23853818513453 288.06267392262816 987.35057216882706 5159.2101134788245 937.41098756156862
leaf_count=2045 360873 2710 4895 23426 2590 137506 13562 2559 11063 3661 3473 7922 38063 5812
internal_value=-4.74629e-05 -0.0080402 5.76268e-06 0.00187581 -0.000225552 -0.0014364 -0.00606628 -0.00856503 -0.00725522 -0.0033621 -0.00662209 -0.000369872 -7.90627e-05 -0.00415046
internal_weight=91528.3 595.551 90932.7 10001.9 80930.8 22673.9 4166.35 2892.51 2634.71 1505.41 1180.17 1273.84 6929.14 1769.93
internal_count=620160 4755 615405 72196 543209 182336 44830 34318 31759 18197 14536 10512 48770 10707
is_linear=0
shrinkage=0.05


Tree=162
num_leaves=15
num_cat=0
split_feature=69 69 68 0 24 69 68 68 84 69 68 68 68 68
split_gain=25.6627 53.8443 78.0925 85.6919 32.404 31.6345 74.0055 53.6731 45.6336 39.8648 35.676 47.2155 39.2041 26.6001
threshold=0.14803105592727664 0.13680395483970645 0.043877916410565383 0.024839640595018867 0.041311925277113921 0.11214033514261247 0.049116047099232681 0.015655843541026119 3.5000000000000004 0.12782794237136844 0.022368378937244419 0.023266402073204521 0.026154500432312492 0.02479304559528828
decision_type=10 10 10 2 2 10 10 10 2 10 10 10 10 10
left_child=1 5 -3 -4 -2 -1 7 -7 9 -8 -9 -12 13 -13
right_child=4 2 3 -5 -6 6 8 10 -10 -11 11 12 -14 -15
leaf_value=0.0003912166477617661 -0.0085468732489223705 0.022111520191595669 0.021065819565153191 -0.00955507324066961 0.0035836977445300872 0.013761638479074901 0.024664613627497767 -0.013488418152146645 -0.0076159350844913877 0.0027847622458844687 0.015117286688333134 -0.0081386668873605437 -0.0031523071183843995 -0.026234280825736846
leaf_weight=77967.658042725176 1780.083535304293 673.84043982438743 326.86941799707711 700.09359800815582 788.31750960275531 378.87032451666892 467.0008514020592 1123.9283095560968 292.50299954228103 374.43757118657231 302.43381037376821 625.36060605756938 5359.4816469326615 301.93555930256844
leaf_count=527349 11823 3833 2349 3992 4840 2337 3555 7986 2209 2569 2032 4123 38670 2158
internal_value=9.32574e-05 0.000235862 0.00902043 0.000300333 -0.00482419 6.34953e-05 -0.00270347 -0.00438174 0.00920656 0.0150752 -0.00528961 -0.00387281 -0.00480891 -0.0142478
internal_weight=91462.8 88894.4 1700.8 1026.96 2568.4 87193.6 9225.95 8092.01 1133.94 841.438 7713.14 6589.21 6286.78 927.296
internal_count=619825 603162 10174 6341 16663 592988 65639 57306 8333 6124 54969 46983 44951 6281
is_linear=0
shrinkage=0.05


Tree=163
num_leaves=15
num_cat=0
split_feature=53 27 19 69 73 73 73 73 73 74 74 69 74 14
split_gain=18.7128 22.7238 17.945 16.4211 52.3559 80.4554 46.8649 61.1785 43.5302 42.8164 52.4429 55.8443 45.5283 40.6988
threshold=-0.016323629766702649 0.99194723367691051 -0.017722016200423237 -0.013108383864164351 0.40075977146625524 0.36005610227584844 0.45128867030143743 0.43097306787967687 0.33904434740543371 0.010007025208324196 -0.0079827145673334581 -0.024361428804695603 0.019013540819287304 0.014018320944160225
decision_type=10 2 8 8 2 2 2 2 2 2 2 10 2 10
left_child=2 -2 -1 4 5 8 7 -6 -4 10 -8 13 -11 -12
right_child=1 -3 3 -5 6 -7 9 -9 -10 12 11 -13 -14 -15
leaf_value=-0.0031165621541020994 -0.0064364401086856029 0.00061838524634836309 -5.1864816456645188e-05 -3.7756027624364936e-05 0.0043704397379773332 -0.018233680515754629 -0.0038149406902262769 0.02984564692818938 0.017114816338992901 -0.0142387095404312 0.0095092454138090629 0.023188124417624009 0.0058717921204318145 -0.0091884001493198319
leaf_weight=4063.2184795998037 2442.2886164067313 2132.3043176177889 7919.8756872545928 68696.407181166112 534.76058851927519 588.43805241957307 906.09149873629212 417.22370299696922 377.33938128128648 595.25507293269038 1418.2391849253327 611.34133103117347 518.09550872631371 356.98846380971372
leaf_count=22361 25632 18983 44657 471465 3192 3752 5524 2466 2213 3737 7969 3549 2935 2132
internal_value=-4.04503e-05 -0.00315388 0.000123596 0.000282687 0.00182711 -0.000527647 0.00572593 0.0157296 0.000748501 0.00353377 0.00639555 0.0102718 -0.00491136 0.00571884
internal_weight=91577.9 4574.59 87003.3 82940.1 14243.6 8885.65 5358 951.984 8297.22 4406.01 3292.66 2386.57 1113.35 1775.23
internal_count=620567 44615 575952 553591 82126 50622 31504 5658 46870 25846 19174 13650 6672 10101
is_linear=0
shrinkage=0.05


Tree=164
num_leaves=15
num_cat=0
split_feature=73 73 69 72 72 69 73 72 69 69 69 69 74 74
split_gain=19.8842 30.6755 25.5372 33.1135 20.9248 119.907 84.6039 90.0133 50.7815 52.0007 80.1028 124.796 84.3362 72.9253
threshold=0.85966211557388317 0.85278713703155529 0.03785503841936589 0.011813174001872541 0.008131067734211685 0.026592043228447441 0.30744580924510961 0.0072139161638915547 0.034279244020581252 0.079565841704607024 0.076374165713787093 0.074017386883497252 -0.00092799347476102401 -0.010585037525743244
decision_type=2 2 10 10 8 8 2 10 8 8 10 10 2 2
left_child=1 4 3 -2 5 6 -1 -8 -7 10 11 -10 -12 -11
right_child=2 -3 -4 -5 -6 8 7 -9 9 13 12 -13 -14 -15
leaf_value=-0.0044750555660504543 -0.006192184170666637 0.014156597021243712 -0.014673211936731784 0.011969400470290631 -0.00082076175581284659 -0.012866581243661033 0.0084970383944786374 0.03301999667586774 0.0023773305648635413 0.0098268091054442303 0.027264587789441602 -0.020095591739452225 0.0015543739642755964 -0.0020009521440305582
leaf_weight=557.21328632161021 971.59386265277863 368.62374700605869 511.3755687456578 327.32647149264812 47669.86486585252 732.30561416596174 971.40955258347094 609.06098767742515 14819.860186735168 1380.8506586309522 631.46323817409575 634.65778753533959 636.98558365926147 20699.192033620551
leaf_count=3387 7843 2348 4116 1930 294441 5400 7055 3850 116709 8588 4412 4730 4848 150476
internal_value=-0.000150203 -4.52228e-05 -0.00532379 -0.00155901 -0.000105397 0.000712912 0.0122188 0.0180956 8.7853e-05 0.000335586 0.00243804 0.00144206 0.0144667 -0.00125715
internal_weight=91521.8 89711.5 1810.3 1298.92 89342.9 41673 2137.68 1580.47 39535.3 38803 16723 15454.5 1268.45 22080
internal_count=620133 606244 13889 9773 603896 309455 14292 10905 295163 289763 130699 121439 9260 159064
is_linear=0
shrinkage=0.05


Tree=165
num_leaves=15
num_cat=0
split_feature=2 1 27 57 73 4 73 73 70 73 73 70 54 57
split_gain=21.9741 16.7597 16.3324 31.9555 25.6701 39.0924 31.3794 28.5964 33.9719 25.4415 36.4024 36.0754 24.8994 24.3257
threshold=0.010355446953326465 0.0056461812928318986 0.86791208386421215 0.020780417136847976 0.67617759108543407 0.39166666567325598 0.43692485988140112 0.44916975498199468 -0.00085779608343727876 0.56412693858146679 0.49130095541477209 0.006220349809154869 0.22981460392475131 0.037038963288068778
decision_type=2 10 2 10 2 8 2 2 2 2 2 2 8 8
left_child=1 -1 3 4 6 -6 12 -8 -9 10 11 -10 -2 -4
right_child=2 -3 13 -5 5 -7 7 8 9 -11 -12 -13 -14 -15
leaf_value=-0.028503324749554027 -0.010474305003438773 -0.0048448740439293835 0.0017420394322608486 0.00043204775570322273 -0.0063705125724690314 0.0116064356676916 0.014608974440560394 0.0056490991355734876 -0.0092889607360771963 0.0009156809939307696 -0.010578940494135519 0.01185474882195655 -0.0015026003565386254 -0.00049729204304107698
leaf_weight=101.28654606733471 1301.3486027978361 245.41180029511452 25981.225388919935 26293.095049122348 4909.937211535871 313.19360201060772 342.86803435720503 1971.62766831927 350.05538448318839 3161.9065007343888 1492.8346320260316 449.57911181077361 1894.8842502385378 22729.42549402453
leaf_count=3722 8718 6020 187908 160073 43391 2021 2502 16235 2739 25854 11609 3066 12848 133570
internal_value=2.39691e-05 -0.0123619 7.24087e-05 -0.000644032 -0.002391 -0.00527245 -0.0010149 0.000701794 4.08986e-05 -0.00199296 -0.00599128 0.00259828 -0.00517671 0.000697232
internal_weight=91538.7 346.698 91192 42481.3 16188.2 5223.13 10965.1 7768.87 7426 5454.38 2292.47 799.634 3196.23 48710.7
internal_count=620276 9742 610534 289056 128983 45412 83571 62005 59503 43268 17414 5805 21566 321478
is_linear=0
shrinkage=0.05


Tree=166
num_leaves=15
num_cat=0
split_feature=15 59 71 71 15 73 6 73 73 71 68 68 68 68
split_gain=18.4481 18.9103 17.6635 30.4372 24.6004 21.1302 65.571 95.9335 36.5527 59.6387 35.7932 67.4178 68.0987 59.632
threshold=11.31924343109131 6.5000000000000009 -0.10309150815010069 -0.054346878081560128 31.676558494567875 0.30249074101448065 0.32467186450958258 0.29116751253604894 0.33640001714229589 -0.0060160553548485032 -0.03380355425179004 -0.038501890376210206 -0.044340465217828744 -0.068213950842618928
decision_type=8 10 2 2 8 2 2 2 2 2 10 10 10 10
left_child=-1 2 -2 4 -4 6 7 10 9 -7 11 12 13 -5
right_child=1 -3 3 5 -6 8 -8 -9 -10 -11 -12 -13 -14 -15
leaf_value=0.0037638358286766526 0.010330271345001009 -0.0057745756827982109 -0.011356241058463371 0.0066072585769242067 0.0035167798148669849 -0.012001705910278063 -0.002082110902462078 0.028213547381661142 -4.5967380844582632e-05 0.0028215649465070294 0.011545186871558737 -0.018044088441398248 0.01997277159669001 -0.0071716397168688538
leaf_weight=3137.3911095932126 398.92942667752504 1450.1689278706908 1024.169309547171 1902.8356812316924 374.83274581097066 1630.4676521327347 4997.3426395654678 428.999238435179 71634.232225657441 1151.7651885561645 1175.1344422344118 382.40194646269083 541.30634734965861 1322.144107228145
leaf_count=21694 2559 8202 5916 9989 2128 10123 29167 2170 502296 6794 6180 2462 2866 7783
internal_value=2.20777e-06 -0.000131684 -3.69333e-05 -8.58973e-05 -0.00737465 3.46843e-05 0.00210573 0.00574091 -0.000264741 -0.00587717 0.00388054 0.00168696 0.00373278 0.00095362
internal_weight=91552.1 88414.7 86964.6 86565.6 1399 85166.6 10750.2 5752.82 74416.5 2782.23 5323.82 4148.69 3766.29 3224.98
internal_count=620329 598635 590433 587874 8044 579830 60617 31450 519213 16917 29280 23100 20638 17772
is_linear=0
shrinkage=0.05


Tree=167
num_leaves=15
num_cat=0
split_feature=70 69 71 72 68 68 71 70 72 72 72 71 71 71
split_gain=17.9973 88.3813 84.7743 82.2954 119.722 69.6608 106.765 48.5245 88.3052 67.9658 67.7988 57.0733 51.9854 51.0403
threshold=-0.0085004726424813253 0.12782794237136844 0.0013411640538834038 0.013513676356524231 -0.0036122490419074889 -0.068213950842618928 -0.03858648054301738 -0.006910554599016904 0.018020819872617725 0.013351017143577339 0.011299594305455686 -0.0016955306055024264 0.0079966131597757357 -0.047380616888403886
decision_type=2 10 2 10 8 8 2 2 10 10 10 2 2 2
left_child=1 2 5 4 -4 6 -1 8 9 10 11 -2 -13 -9
right_child=7 -3 3 -5 -6 -7 -8 13 -10 -11 -12 12 -14 -15
leaf_value=4.0719229836506192e-05 -0.0031635232406432797 0.021146045863968465 0.017636737915182828 -0.020187305632563501 -0.015181176867161023 -0.0024301183348061617 0.025964761444151652 -0.010757063330427846 0.028450122709431425 -0.014198887399357943 0.025007495304855871 0.028614146769091645 0.0012895446984713334 0.00011774247608890108
leaf_weight=1249.3805753644556 1369.9714303035289 398.28573375754058 470.58824331313372 1196.8725574053824 649.02424155548215 8844.9632266908884 572.26496058516204 1084.9899202417582 381.33969675935805 464.742661036551 401.06637427769601 324.46360049210489 365.03179303742945 73746.203733984381
leaf_count=7206 8777 2122 2846 7725 4243 54947 2652 6193 2024 2657 2244 2115 2357 512095
internal_value=-6.92806e-05 -0.00176289 -0.00248141 -0.0111293 -0.00135334 -0.00059466 0.00828198 0.000220945 0.0061391 0.00314361 0.00646345 0.00274875 0.0143732 -4.13494e-05
internal_weight=91519.2 13381.4 12983.1 2316.49 1119.61 10666.6 1821.65 78137.8 3306.62 2925.28 2460.53 2059.47 689.495 74831.2
internal_count=620203 81741 79619 14814 7089 64805 9858 538462 20174 18150 15493 13249 4472 518288
is_linear=0
shrinkage=0.05


Tree=168
num_leaves=15
num_cat=0
split_feature=70 69 71 74 74 70 69 72 71 73 71 72 72 74
split_gain=26.7723 69.8059 64.4639 58.3975 76.0485 86.7678 100.516 99.3236 77.2713 72.3347 65.8346 58.0164 77.3064 57.7012
threshold=-0.0085004726424813253 0.12782794237136844 0.0025635707424953584 -0.0075496714562177649 -0.015850028023123738 -0.0038064969703555103 0.034279244020581252 0.0063193386886268863 -0.013176687993109224 0.67171767354011547 -0.015521171502768992 0.013513676356524231 0.011299594305455686 -0.0061176270246505729
decision_type=2 10 2 2 2 2 10 10 2 2 2 10 10 2
left_child=1 2 13 4 -2 7 -7 8 -6 -8 -9 12 -4 -1
right_child=3 -3 11 -5 5 6 9 10 -10 -11 -12 -13 -14 -15
leaf_value=-0.000205684912497927 -0.01858302042254242 0.01806858793490327 -0.013981361480962457 -7.340525755830878e-05 -0.024383076234453526 -0.027665038781647517 -0.004816683323604516 0.02724435240400333 0.0053187873598005602 0.018707921106015598 0.01042539325973918 -0.018580562352312244 0.013466592086502867 -0.01491162164792857
leaf_weight=10178.950753796846 316.15505682304502 406.45734021253884 579.94592070952058 71949.222101197578 290.06443029642105 324.29982539452612 1021.1225421149284 784.71324843354523 801.41404963470995 468.6401819139719 2273.8619526354596 1101.9509841687977 444.0745905674994 703.8182867038995
leaf_count=61881 2054 2150 3889 499534 1969 2079 6846 4321 5700 3009 13746 7163 2565 4434
internal_value=-2.34807e-05 -0.00208631 -0.00272945 0.000330486 0.00495038 0.0062269 -0.00288403 0.0102068 -0.0027243 0.00265894 0.0148152 -0.0106715 -0.00206322 -0.00116957
internal_weight=91644.7 13415.2 13008.7 78229.5 6280.27 5964.12 1814.06 4150.05 1091.48 1489.76 3058.58 2125.97 1024.02 10882.8
internal_count=621340 82082 79932 539258 39724 37670 11934 25736 7669 9855 18067 13617 6454 66315
is_linear=0
shrinkage=0.05


Tree=169
num_leaves=15
num_cat=0
split_feature=72 72 74 53 16 73 70 54 74 73 50 73 57 54
split_gain=18.7788 28.0056 93.7473 37.9617 37.8586 24.4851 22.1668 19.5852 17.3022 19.7834 77.7325 61.6226 58.764 45.3265
threshold=0.002932130941189826 0.0034436949063092475 -0.00068714225199073542 -0.17365350574254987 12.75704860687256 0.66647708415985119 0.00060407954151742171 0.20989744365215304 -0.034833572804927819 0.30249074101448065 0.0658417083323002 0.25739786028862005 0.056194381788373 0.14179052412509921
decision_type=10 10 2 10 2 2 2 10 2 2 2 2 8 10
left_child=5 2 3 -2 6 -1 -4 -8 -3 10 11 12 -10 -13
right_child=1 8 4 -5 -6 -7 7 -9 9 -11 -12 13 -14 -15
leaf_value=-0.021879582397657648 0.010321620318654174 -0.0071044421973999634 -0.0076534010967116463 0.039058513928002789 -0.018403374703942574 -4.7951760289691862e-06 -2.4100333009209692e-05 0.020762886263778632 0.0083430164949690085 -0.00020646229846048503 -0.0025800703259753633 0.0045123342478166836 -0.0030261621974940066 0.018924504214140658
leaf_weight=213.78586245141923 236.66909919306636 833.88716944493353 252.61083397641778 232.92547189444304 248.10971036553383 298.64825728535652 221.11847704276443 222.36965245194733 2087.716636704281 76812.00020881556 5265.0603716950864 1013.0760705843568 2472.3017276246101 1192.9163788240403
leaf_count=1906 1860 5200 2237 2181 2507 3236 2067 2019 12787 529969 29568 5633 13401 6484
internal_value=7.74989e-05 0.000131698 0.00708909 0.0250927 -0.002034 -0.009375 0.00397852 0.0106267 2.12324e-05 8.89066e-05 0.00197329 0.00551512 0.00218586 0.0123561
internal_weight=91603.2 91090.8 1413.8 469.595 944.209 512.434 696.099 443.488 89677 88843.1 12031.1 6766.01 4560.02 2205.99
internal_count=621055 615913 12871 4041 8830 5142 6323 4086 603042 597842 67873 38305 26188 12117
is_linear=0
shrinkage=0.05


Tree=170
num_leaves=15
num_cat=0
split_feature=19 54 53 73 58 73 74 72 74 74 74 74 72 74
split_gain=19.9721 18.5765 44.7903 29.165 43.1923 39.603 82.3294 51.3034 40.3089 31.9264 26.8123 72.436 34.355 29.0667
threshold=-0.017722016200423237 0.29159303009510046 -0.17012263834476468 0.51774471998214733 0.0021809684112668042 0.54471746087074291 0.0016212739865295591 0.0076861737761646518 -0.005512069445103406 0.0025200622621923689 0.018441225402057174 0.019536812789738182 0.009231119882315399 0.014304503332823517
decision_type=10 8 10 2 2 2 2 10 2 2 2 2 10 2
left_child=-1 2 3 4 -2 6 7 -5 -7 -10 13 -12 -13 -3
right_child=1 10 -4 5 -6 8 -8 -9 9 -11 11 12 -14 -15
leaf_value=-0.0031801896189847241 -0.003470581420455904 0.0007004638233795886 -0.0035114027220030891 0.0078218990918155623 0.0026582089817773383 -0.0059225980020007514 -0.0051675115871226687 0.035314896212897337 0.0061623752993785917 -0.00033458342783795973 0.022348382281641061 0.015415731764677407 -0.0014159659047495385 -0.0059925337238006943
leaf_weight=4695.9950315617025 7660.7233645897359 49780.803061334416 10259.309152026661 338.07096658833325 4588.7789828181267 1574.00470437482 458.61711535602808 346.09539902210236 3698.1079285554588 3856.5003238189965 511.42716788686812 356.92753441259265 1737.137571782805 1666.8443710431457
leaf_count=26016 44281 337557 94880 2135 25954 9789 2809 1992 24288 24892 2864 2177 10279 10604
internal_value=-7.7249e-06 0.00016419 -0.000774771 0.000472896 -0.00117438 0.00243665 0.0111699 0.022038 0.00133233 0.00284973 0.000733656 0.00567221 0.00151258 0.000482496
internal_weight=91529.3 86833.3 32780.2 22520.9 12249.5 10271.4 1142.78 684.166 9128.61 7554.61 54053.1 2605.49 2094.07 51447.6
internal_count=620517 594501 231020 136140 70235 65905 6936 4127 58969 49180 363481 15320 12456 348161
is_linear=0
shrinkage=0.05


Tree=171
num_leaves=15
num_cat=0
split_feature=0 69 70 70 69 84 73 72 68 70 68 68 73 73
split_gain=16.866 14.3992 45.4393 55.0146 42.6412 54.4251 60.7324 109.727 104.844 57.4584 52.9936 69.6512 46.3029 50.5642
threshold=0.011692701838910581 0.10132142156362535 0.010524414479732515 0.011871221940964462 0.090995021164417281 2.5000000000000004 0.62619060277938854 0.0074609280563890943 0.040656797587871558 0.0010610894532874229 0.039957420900464065 0.050766840577125556 0.6580413579940797 0.62238013744354259
decision_type=2 10 2 2 10 2 2 10 10 2 10 10 2 2
left_child=-1 4 -3 -4 -2 6 9 8 -8 -6 12 -12 13 -7
right_child=1 2 3 -5 5 10 7 -9 -10 -11 11 -13 -14 -15
leaf_value=-0.011629765057081683 -5.0239106074943559e-05 -0.00043488742744971095 -0.02197020131532491 -0.0029682520269634824 -0.013697034898874198 0.011919224814001251 0.031845285391229022 -0.01122472433155472 0.00043008477205435931 0.0046654450965454095 -0.018363584370215333 0.013652941319897624 -0.00096278355890098738 0.032006280000747005
leaf_weight=302.97159709781408 66156.090990576893 17014.934262601659 540.00947641581297 1251.7101183161139 1051.991847101599 1208.2309073992074 530.87941007688642 533.65017602592707 522.34786670282483 704.71977779269218 337.80172843113542 322.32842430286109 437.99389692395926 425.24548003450036
leaf_count=9707 441598 116762 3862 8228 6474 6954 3623 3573 3868 4294 2399 2253 3092 2410
internal_value=-4.25534e-05 -2.71836e-06 -0.00123469 -0.00878544 0.000318174 0.00432352 4.15784e-05 0.0071083 0.0164155 -0.00634606 0.00954552 -0.0027601 0.0134615 0.0173114
internal_weight=91340.9 91037.9 18806.7 1791.72 72231.3 6075.19 3343.59 1586.88 1053.23 1756.71 2731.6 660.13 2071.47 1633.48
internal_count=619097 609390 128852 12090 480538 38940 21832 11064 7491 10768 17108 4652 12456 9364
is_linear=0
shrinkage=0.05


Tree=172
num_leaves=15
num_cat=0
split_feature=13 71 71 70 74 72 71 74 70 70 59 74 70 74
split_gain=15.3333 15.8687 25.9885 86.9945 40.5712 29.5232 28.6402 25.0755 23.9501 51.1542 52.9441 47.1941 97.1001 82.4904
threshold=-0.12068118155002593 -0.10309150815010069 -0.054346878081560128 -0.0031570887658745046 -0.034833572804927819 0.015109094325453045 -0.051636332646012299 -0.028891491703689095 -0.0087212771177291853 -0.011970254592597483 1.0000000180025095e-35 -0.0087665244936943037 -0.0061706644482910624 -0.014844747260212897
decision_type=10 2 2 2 2 10 2 2 2 2 10 2 2 2
left_child=-1 -2 3 5 -4 -3 -6 -8 9 -9 -11 12 13 -10
right_child=1 2 4 -5 6 -7 7 8 11 10 -12 -13 -14 -15
leaf_value=-0.0074574114151644173 0.0100979420483995 -0.0053988793931359965 -0.01555123777816271 -0.025275446169351286 0.013776362717973202 0.012462234434305927 0.0098466581057654306 0.00034374211733288718 -0.011161565356764099 -0.013106386285298836 -0.00087274172080635017 9.5559046795040171e-05 -0.0032694323893540109 0.015280558885622892
leaf_weight=667.38285409845412 384.62274323217571 571.11960167996585 399.27965188398957 424.63929742760956 378.32883405126631 374.65514648519456 654.15384792350233 6954.196554929018 333.01592087186873 1773.9310959074646 1756.9339032191783 72868.470533303916 1849.3061966877431 2199.8334158351645
leaf_count=3847 2457 3390 2448 2575 2036 1999 3989 42266 2098 12252 10109 506350 11792 13322
internal_value=3.73768e-05 9.32035e-05 4.95909e-05 -0.00675843 0.00015497 0.00173291 0.00022736 0.000167815 9.45361e-05 -0.00214664 -0.00703867 0.000398964 0.00543242 0.0117738
internal_weight=91589.9 90922.5 90537.9 1370.41 89167.4 945.775 88768.2 88389.8 87735.7 10485.1 3530.86 77250.6 4382.16 2532.85
internal_count=620930 617083 614626 7964 606662 5389 604214 602178 598189 64627 22361 533562 27212 15420
is_linear=0
shrinkage=0.05


Tree=173
num_leaves=15
num_cat=0
split_feature=69 68 73 74 71 69 70 70 73 68 71 71 84 71
split_gain=19.4247 59.2787 110.904 77.2263 109.233 64.9962 62.8506 61.4918 57.8129 76.4367 66.4459 170.86 85.8965 82.9983
threshold=-0.013108383864164351 -0.012698640115559099 0.54025754332542431 -0.0042312266305088988 0.018881734460592273 -0.05704184249043464 0.0085090477950871008 -0.0076345256529748431 0.35803896188735967 -0.026094001717865464 -0.0071565646212548009 0.0013411640538834038 2.5000000000000004 -0.018380931578576561
decision_type=8 10 2 2 2 10 2 2 2 10 2 2 2 2
left_child=1 8 3 -3 -5 -4 7 -7 9 10 13 -12 -13 -1
right_child=-2 2 5 4 -6 6 -8 -9 -10 -11 11 12 -14 -15
leaf_value=-0.00044454402861403156 -0.00025618312128614573 0.0013534665999229501 -0.012650255531442799 0.044955207699695854 0.0098451262302179082 -0.0067224932967757754 -0.0065400321446269496 0.014361967630136927 -0.0089880406041283629 0.022008563788362842 0.026876960439675475 -0.0079753584998881171 0.012087674992605518 -0.017223659048651443
leaf_weight=4748.5344806294888 76016.990622633137 442.59716406837106 643.93024231120944 424.6925759986043 466.54998908750713 438.29613714106381 843.47399733867496 1543.6048771571368 1642.7643444919959 410.09126169234514 737.8549398034811 1452.2274691797793 829.95452559180558 862.53599604405463
leaf_count=27072 530705 2549 3749 2229 2579 2860 5282 8821 10137 2344 3619 8691 4670 4996
internal_value=7.26925e-05 0.00168607 0.00629339 0.0184888 0.0268889 0.00156497 0.00483795 0.00968881 -0.00038917 0.00118143 0.000167541 0.00613569 -0.00065819 -0.00304989
internal_weight=91504.1 15487.1 4803.14 1333.84 891.243 3469.31 2825.38 1981.9 10684 9041.2 8631.11 3020.04 2282.18 5611.07
internal_count=620303 89598 28069 7357 4808 20712 16963 11681 61529 51392 49048 16980 13361 32068
is_linear=0
shrinkage=0.05


Tree=174
num_leaves=15
num_cat=0
split_feature=14 71 71 74 74 70 73 73 71 5 73 70 72 72
split_gain=18.3137 36.5799 40.4373 111.518 50.8337 92.0077 74.3208 70.9947 41.4524 39.5565 45.5625 41.654 54.0934 37.4934
threshold=-0.0012432108051143584 0.042148336768150337 0.02350313309580088 -0.0079827145673334581 0.013079097028821709 0.0078228558413684385 0.63069283962249767 0.43692485988140112 0.019246594049036506 0.91636592149734508 0.68743640184402477 -0.0089198113419115526 0.016343498602509502 0.013164927251636984
decision_type=8 2 2 2 2 2 2 2 2 2 2 2 10 10
left_child=1 2 8 -4 5 7 -7 -5 9 10 11 -1 13 -13
right_child=-2 -3 3 4 -6 6 -8 -9 -10 -11 -12 12 -14 -15
leaf_value=-0.0029326149158665372 -0.00044168188329851742 -0.0062016489434751553 -0.019860912052212763 -0.012968998441359167 -0.0020904615357711029 0.044172856118214192 0.011718806149647591 0.011107864544915726 -0.0066311438884045963 -1.7294239962546653e-05 -0.0020775673302829128 0.0072162080925987073 0.019265843139841757 -0.0079978395786794686
leaf_weight=1046.4275836795568 55432.97568770498 1668.0837446842343 362.81210683844984 368.6681815776974 804.30422072857618 338.1228762101382 377.85648385249078 1609.7142394613475 1781.986286720261 19970.862031375989 2257.9980929456651 4056.6713185478002 874.17595034278929 441.47134746238589
leaf_count=6306 391866 10927 2316 2222 4746 2034 2546 10146 11553 125247 16581 26232 4540 2588
internal_value=0.000128364 0.001007 0.00135937 0.00617251 0.0089211 0.0122038 0.0274426 0.00657852 0.00074676 0.00120785 0.00402447 0.00617095 0.00794631 0.00570859
internal_weight=91392.1 35959.2 34291.1 3861.48 3498.67 2694.36 715.979 1978.38 30429.6 28647.6 8676.74 6418.75 5372.32 4498.14
internal_count=619850 227984 217057 24010 21694 16948 4580 12368 193047 181494 56247 39666 33360 28820
is_linear=0
shrinkage=0.05


Tree=175
num_leaves=15
num_cat=0
split_feature=74 74 70 71 70 70 73 73 71 74 73 73 70 70
split_gain=14.6061 65.8046 56.7652 111.635 71.358 53.0583 40.2247 43.7899 60.4013 50.9812 48.0836 60.3157 41.3385 74.6873
threshold=-0.0098888655193150026 -0.0094495052471756918 -0.0080688684247434122 0.014625609852373602 -0.0037059200694784518 -0.0066560849081724873 0.7626253366470338 0.39495027065277105 -0.018380931578576561 -0.011505473405122755 0.48592373728752142 0.57494938373565685 -0.015955476090312001 -0.012843514792621134
decision_type=2 2 2 2 2 2 2 2 2 2 2 2 2 2
left_child=2 5 6 4 -4 -2 7 12 10 -10 -9 -12 -1 -14
right_child=1 -3 3 -5 -6 -7 -8 8 9 -11 11 -13 13 -15
leaf_value=-0.0015496732709952771 -0.00236982815513601 -0.00014482462004561334 0.019124186782443039 -0.0090093661573840637 -0.0057913434868885737 -0.028729581660871792 0.014057330625476656 0.014488866098144374 -0.013867696056823565 0.0061162728653512211 -0.012363611798064229 0.011618045043681312 0.01582976276007381 -0.0011385523524836618
leaf_weight=3802.6619148496538 406.6256930436939 77388.642937798053 1523.8069041501731 684.08757129684091 348.72458174079657 353.15776628442109 469.57817844487727 531.68624516576529 1812.8630290385336 380.83624012954533 709.79482440277934 402.97784651257098 1184.0802781879902 1416.6090333033353
leaf_count=22758 2392 533918 9073 4425 2281 2456 2872 3127 12220 2603 4417 2373 6367 8477
internal_value=-2.90755e-05 -0.000289539 0.00150415 0.00818276 0.014478 -0.0148363 -9.61051e-05 -0.000758126 -0.00497415 -0.0103864 0.00226488 -0.0036528 0.00177276 0.00661808
internal_weight=91416.1 78148.4 13267.7 2556.62 1872.53 759.783 10711.1 10241.5 3838.16 2193.7 1644.46 1112.77 6403.35 2600.69
internal_count=619759 538766 80993 15779 11354 4848 65214 62342 24740 14823 9917 6790 37602 14844
is_linear=0
shrinkage=0.05


Tree=176
num_leaves=15
num_cat=0
split_feature=75 69 57 69 84 26 60 69 69 69 69 69 69 69
split_gain=14.0692 13.2874 28.6335 26.5137 76.9999 36.6952 24.1639 19.2913 21.4999 16.4905 40.7108 38.3264 79.8035 70.475
threshold=4.4518327713012704 -0.13803395628929135 0.051444755867123611 -0.10739394277334212 1.5000000000000002 -0.051739344373345368 2.5000000000000004 -0.098924212157726274 -0.092393949627876268 -0.013108383864164351 -0.024361428804695603 0.041767353191971786 0.049152795225381858 0.047067292034626014
decision_type=10 8 10 8 2 8 10 8 8 8 10 8 8 10
left_child=1 2 -1 4 6 -6 -3 -5 -9 10 -10 -11 13 -13
right_child=-2 3 -4 7 5 -7 -8 8 9 11 -12 12 -14 -15
leaf_value=0.015041681282377296 -0.0070981000091463273 -0.022372346084948556 3.6143148301282736e-05 0.010161797125209409 0.0093911124180508909 -0.0090033390712712259 -0.0066832818300203338 -0.011619999332770973 5.2112200820019324e-05 -0.0023515559382115579 0.0070352705366615647 0.0032388665861626236 -0.00013751727029590993 0.018212826327625078
leaf_weight=449.36003848910332 698.19701041467488 564.91536242328584 1032.6303169503808 457.8235277030617 784.55461706221104 402.23396292328835 448.78182576596737 387.54242412745953 8101.6904954938218 16571.795262756757 2801.4328021276742 3099.8003739807755 54697.497457031161 1045.4286782369018
leaf_count=2146 5020 3397 5291 2595 4176 2299 2638 2278 47901 109166 16464 21670 388498 7278
internal_value=-7.80199e-05 -2.32915e-05 0.00465635 -0.00010141 -0.00550924 0.00313361 -0.0155597 3.57303e-05 -1.89034e-05 3.45223e-05 0.00185116 -0.00022833 0.000369929 0.00705005
internal_weight=91543.7 90845.5 1481.99 89363.5 2200.49 1186.79 1013.7 87163 86705.2 86317.6 10903.1 75414.5 58842.7 4145.23
internal_count=620817 615797 7437 608360 12510 6475 6035 595850 593255 590977 64365 526612 417446 28948
is_linear=0
shrinkage=0.05


Tree=177
num_leaves=15
num_cat=0
split_feature=71 72 6 71 72 71 68 68 73 68 71 72 71 14
split_gain=19.1633 61.6834 51.8231 38.1109 68.2658 51.6214 38.6694 105.902 36.5634 37.728 39.4909 52.0392 48.8202 37.2591
threshold=0.028925438411533836 0.007019561482593418 0.25454013049602514 0.019246594049036506 0.01715600956231356 0.019064009189605716 -0.026993474923074242 -0.0062756247352808705 0.47120265662670141 0.017742124386131767 0.023918393999338153 0.012066500261425974 0.026106448844075206 0.023268343880772594
decision_type=2 8 2 2 10 2 10 10 2 10 2 10 2 8
left_child=3 -2 -3 5 6 -1 -5 -8 -9 -10 11 -11 13 -12
right_child=1 2 -4 4 -6 -7 7 8 9 10 12 -13 -14 -15
leaf_value=1.4001061760093989e-05 0.018633542604764415 0.013627098025777841 -0.000218154106459241 0.014216998701042175 -0.019190317881267856 0.017055452955275746 -0.026498758140322261 0.0086482964839321771 -0.012385632849547855 -0.0069853352083987857 0.022964334297707004 0.011686079017524643 -0.0033041340166479341 0.002773570438592127
leaf_weight=74887.411022648215 530.2054456230253 739.69286436587572 6860.4154849369079 334.44634888879955 628.80781859904528 437.0347261056304 437.04197652451694 793.88399892114103 851.89523023553193 2726.0572888925672 450.97017397917807 422.87469189986587 928.56551010720432 459.25940214842558
leaf_count=510357 3621 4478 44520 1873 3858 2550 2820 4925 5983 19718 3152 2687 6333 3469
internal_value=-8.10947e-06 0.00230744 0.00114549 -0.000234205 -0.00350559 0.000115127 -0.00214961 -0.00294276 -0.00135325 -0.0027254 -0.00105396 -0.00444887 0.00475242 0.0129179
internal_weight=91488.6 8130.31 7600.11 83358.2 8033.8 75324.4 7404.99 7070.55 6633.51 5839.62 4987.73 3148.93 1838.8 910.23
internal_count=620344 52619 48998 567725 54818 512907 50960 49087 46267 41342 35359 22405 12954 6621
is_linear=0
shrinkage=0.05


Tree=178
num_leaves=15
num_cat=0
split_feature=27 1 71 68 63 73 14 54 73 73 68 26 71 68
split_gain=21.9954 32.8714 25.0187 31.5999 23.3994 23.0007 20.548 20.7696 33.0647 55.7288 59.7123 72.4661 67.6514 37.3633
threshold=1.3273023366928103 0.013225990813225509 -0.0002741747885011136 0.03649848327040673 0.17241527885198596 0.36005610227584844 -0.16908052563667295 0.69614091515541088 0.72511178255081188 0.7626253366470338 0.053030095994472511 0.35239174962043768 0.012228522449731829 0.049116047099232681
decision_type=2 8 2 8 10 2 8 10 2 2 10 8 2 10
left_child=6 4 3 -3 -2 -6 -1 8 -8 -10 11 13 -12 -11
right_child=1 2 -4 -5 5 -7 7 -9 9 10 12 -13 -14 -15
leaf_value=0.0022470332755495162 -0.0031191242813997794 -0.0027254425808672846 0.002706410968132263 0.011103385657995003 0.024757838024631527 0.0074815134763903937 -0.00064810055621913627 0.00084619395878399487 -0.0099072959921372265 -0.001788338973778133 -0.020034301281307419 0.026007422021999328 -0.00028484667935660483 0.015328866940846304
leaf_weight=6645.8220042902976 447.48729704506695 5527.037488039583 7009.1501777544618 436.57920285314322 211.25257345661521 1682.9788039717823 44916.769347261637 17187.468684904277 2733.7332496289164 2113.8082410059869 697.71083344705403 311.82091361656785 1120.3612126950175 365.13601232506335
leaf_count=36978 4181 31778 42779 2518 1636 16968 318549 104326 23508 17257 5907 1946 8781 2883
internal_value=-5.89498e-05 0.0016693 0.00068278 -0.00169618 0.00710834 0.00952814 -0.000406953 -0.000661218 -0.00115705 -0.00426536 -0.000904647 0.00368544 -0.00793211 0.000784397
internal_weight=91407.1 15314.5 12972.8 5963.62 2341.72 1894.23 76092.6 69446.8 52259.3 7342.57 4608.84 2790.77 1818.07 2478.94
internal_count=619995 99860 77075 34296 22785 18604 520135 483157 378831 60282 36774 22086 14688 20140
is_linear=0
shrinkage=0.05


Tree=179
num_leaves=15
num_cat=0
split_feature=54 71 71 72 69 74 53 11 74 72 69 72 0 17
split_gain=20.218 49.6104 57.8425 48.1991 53.8465 39.153 37.8608 37.8516 36.2877 36.5991 39.7352 67.105 39.0144 37.8458
threshold=0.50345954298973095 -0.017686145380139347 -0.013176687993109224 0.0071749528869986543 0.099234916269779219 -0.001689549535512924 -0.11499628797173499 0.064413044601678862 -0.019179445691406723 0.012218077201396229 0.064419578760862364 0.012608291115611793 0.029305872507393364 84.786582946777358
decision_type=8 2 2 10 8 2 10 8 2 10 10 10 2 2
left_child=6 3 5 -2 -5 -3 -1 -6 -4 -10 11 -11 -13 -12
right_child=1 2 8 4 7 -7 -8 -9 9 10 13 12 -14 -15
leaf_value=0.00020149654653735965 0.017054573785892882 -0.015941124471001929 -0.014701653352481428 0.00052354660495160135 0.023453833672799622 0.00058716020488613853 -0.0028843143262237314 0.0024450006656267596 8.8591142678743772e-05 0.014893533158646059 0.017328596457559672 -0.014541975896936898 0.0010278597154893411 0.00059702196043129102
leaf_weight=38433.637835726142 763.75390626490116 892.56912753358483 369.69267833791673 3304.244916876778 491.57488198578358 593.03771757893264 13397.223845704459 378.94549949839711 27316.001751969568 800.19587816856802 963.10418139398098 457.64094855077565 2874.2346028611064 518.94571182690561
leaf_count=239144 4212 5518 2452 18275 2633 3609 127883 2007 181673 4980 5614 3526 16078 3207
internal_value=5.39034e-05 0.000902504 0.000236066 0.00558673 0.003453 -0.00938341 -0.000596525 0.0144401 0.000667908 0.000844867 0.00451789 0.00198713 -0.00114781 0.0115132
internal_weight=91554.8 39723.9 34785.4 4938.52 4174.77 1485.61 51830.9 870.52 33299.8 32930.1 5614.12 4132.07 3331.88 1482.05
internal_count=620811 253784 226657 27127 22915 9127 367027 4640 217530 215078 33405 24584 19604 8821
is_linear=0
shrinkage=0.05


Tree=180
num_leaves=15
num_cat=0
split_feature=27 2 14 0 1 72 68 68 68 71 71 71 71 71
split_gain=17.3784 22.8607 19.5406 19.2974 31.0959 26.9935 61.6362 72.7606 107.108 40.7831 95.4729 93.1223 40.6609 96.9945
threshold=1.3179758787155154 0.022322257049381736 0.13752367347478869 0.034510018303990371 0.036801360547542579 0.013164927251636984 -0.01657590456306934 -0.028726507909595963 -0.024779885075986382 0.0023981669219210748 -0.011586693115532396 0.011771797668188812 -0.028331292793154713 -0.02081507537513971
decision_type=2 2 10 2 8 10 8 10 10 2 2 2 2 2
left_child=3 2 -2 4 5 6 7 -1 -9 10 -7 -11 -8 -14
right_child=1 -3 -4 -5 -6 9 12 8 -10 11 -12 -13 13 -15
leaf_value=-0.0012242647129394105 0.0034489201533127673 0.00035033143136419865 0.014378052495904204 0.00064605229974762867 -0.014145933343228008 -0.0066775548138121119 -0.012885186441685837 0.038007231707701261 0.0068113916419890374 -0.025153287408611016 0.01228126719304686 -0.0034925608764661644 0.014382790276605517 -0.0011849582154512437
leaf_weight=1585.1493240296841 3886.8216063585132 11420.312069430947 449.15910103172064 31509.673052228987 433.54093271493912 1802.840350644663 690.48034469224513 347.92399518936872 1217.7762911077589 621.45255433022976 1037.8922414015979 2337.155763159506 1021.701243121177 33141.689490644261
leaf_count=10322 33482 65500 3591 174250 2883 11271 4494 1940 7955 4376 6373 16173 6485 271432
internal_value=1.48802e-05 0.00152515 0.00461153 -0.000299434 -0.000972881 -0.000839305 -0.000353988 0.00633174 0.0139408 -0.00401364 0.000268038 -0.00811178 -0.000960032 -0.000715312
internal_weight=91503.6 15756.3 4335.98 75747.3 44237.6 43804.1 38004.7 3150.85 1565.7 5799.34 2840.73 2958.61 34853.9 34163.4
internal_count=620527 102573 37073 517954 343704 340821 302628 20217 9895 38193 17644 20549 282411 277917
is_linear=0
shrinkage=0.05


Tree=181
num_leaves=15
num_cat=0
split_feature=50 73 3 72 73 73 68 70 72 72 72 71 71 70
split_gain=18.751 20.9654 17.3419 33.8877 67.9898 70.7433 55.7238 55.193 44.0624 44.0489 50.469 43.0987 40.3149 42.8028
threshold=0.0042158379219472417 0.5419357717037202 1.0000000180025095e-35 0.013739499729126694 0.45992848277091986 0.44426245987415319 0.017742124386131767 0.010524414479732515 0.014131831005215647 0.0086673786863684672 0.008131067734211685 0.023918393999338153 0.011548060458153488 0.006220349809154869
decision_type=2 2 2 8 2 2 10 2 10 10 10 2 2 2
left_child=1 -1 3 4 5 6 9 11 -5 10 -2 -6 13 -11
right_child=2 -3 -4 8 7 -7 -8 -9 -10 12 -12 -13 -14 -15
leaf_value=-0.0010131738477824231 0.001843661377966453 -0.010588494388611487 -0.00021982843544248525 -0.022668240911163415 0.00037753183546549064 0.024137223292680299 0.023273241761878619 -0.010808021791378151 -0.0014911705279455276 0.0070376150124812692 -0.018641073058681141 0.01095063107458322 -0.0076754601955914955 0.026527856074066981
leaf_weight=1757.161669107154 1387.7354426346719 839.0809659101069 68112.679598089308 296.33981399051845 12643.727946450002 540.95137446559966 368.6954967584461 1021.8568197544664 1247.7557624699548 1218.4171987809241 373.34582865051925 1033.4420800004154 318.32358649559319 361.4971171207726
leaf_count=11271 10854 6543 410867 2254 127907 4349 2903 9101 9001 8569 2833 9452 2560 2453
internal_value=4.3682e-05 -0.00413658 0.00016618 0.00142899 0.00200094 0.00732108 0.00500854 0.000343408 -0.00567514 0.00310987 -0.0025798 0.00118385 0.00837428 0.0116359
internal_weight=91521 2596.24 88924.8 20812.1 19268 4568.97 4028.01 14699 1544.1 3659.32 1761.08 13677.2 1898.24 1579.91
internal_count=620917 17814 603103 192236 180981 34521 30172 146460 11255 27269 13687 137359 13582 11022
is_linear=0
shrinkage=0.05


Tree=182
num_leaves=15
num_cat=0
split_feature=69 69 69 69 69 70 74 70 70 22 70 74 70 70
split_gain=14.8648 38.1876 60.6936 70.7058 76.2438 60.041 95.7896 71.0654 68.6959 53.2356 44.3803 47.2205 44.4802 44.1844
threshold=-0.013108383864164351 0.034279244020581252 0.027720605023205284 0.021252671256661419 0.018991113640367988 0.010524414479732515 0.010730986949056389 0.014134839642792942 0.0097987498156726378 43.038158416748054 0.0083465380594134348 0.0039850496686995038 -0.0053473636507987967 -0.0055898248683661214
decision_type=8 10 10 10 10 2 2 2 2 8 2 2 2 2
left_child=-1 2 3 4 9 8 7 -7 -3 -2 11 12 -5 -4
right_child=1 5 13 10 -6 6 -8 -9 -10 -11 -12 -13 -14 -15
leaf_value=0.0015369304027331358 0.0021323920931640163 0.00069944590113121081 0.0031068182847614535 -0.0054400283755065186 -0.017565427127116146 -0.022481891261427082 -0.00042448541501032575 0.0013069633998172262 0.01322026823787925 -0.0044195931405692839 0.020367745063029942 -0.012901777965861227 0.013999539003377371 -0.0140453233274153
leaf_weight=15526.817569690756 5547.8799459785223 51922.535705775023 482.79280621744692 431.45017693005502 777.4352199640125 1035.8143635801971 3844.301730344072 447.10396272130311 1109.1500445716083 7003.9150444567204 488.57495427690446 344.73949447274208 886.49943179637194 1630.160317922011
leaf_count=89808 34847 369260 3215 2795 5197 7258 24540 2870 7585 50154 3094 2420 6060 11189
internal_value=0.000127783 -0.000160451 -0.00220168 -0.00111369 -0.00247231 0.000455189 -0.00459988 -0.0153488 0.00096376 -0.00152423 0.00727683 0.00333135 0.00764267 -0.01013
internal_weight=91479.2 75952.4 17593.4 15480.5 13329.2 58358.9 5327.22 1482.92 53031.7 12551.8 2151.26 1662.69 1317.95 2112.95
internal_count=620292 530484 118971 104567 90198 411513 34668 10128 376845 85001 14369 11275 8855 14404
is_linear=0
shrinkage=0.05


Tree=183
num_leaves=15
num_cat=0
split_feature=15 73 53 13 51 74 73 73 74 74 1 73 73 73
split_gain=16.7878 21.0451 18.5891 16.028 20.4212 18.1406 17.0138 35.4635 41.3678 56.7843 35.6261 32.1396 53.2304 46.9831
threshold=22.442142486572269 0.87868535518646251 -0.53360641002655018 -0.12068118155002593 inf 0.0033454232616350059 0.30249074101448065 0.28450997173786169 -0.016539857722818848 -0.0041170166805386535 0.019893558695912365 0.42729598283767706 0.45992848277091986 0.41785703599452978
decision_type=8 2 8 10 8 2 2 2 2 2 10 2 2 2
left_child=-1 2 -2 -4 6 -6 7 8 -5 -10 -11 13 -13 -8
right_child=1 -3 3 4 5 -7 11 -9 9 10 -12 12 -14 -15
leaf_value=0.00054840915392358658 0.0031258518078749334 -0.0099610134249439632 -0.011605331473323098 0.0076406484797136151 0.01239646962002159 -0.001725135306251257 -0.003679537612078287 0.012227626043134682 -0.012246051249920282 0.009429731623904411 -0.0025418649797128391 0.0073623490488513126 -0.0013535164003605435 -0.021715466912484407
leaf_weight=46175.613752985373 2986.1274370867759 609.17191767785698 340.13335479423404 1335.1702699717134 530.37432831898332 388.90573270246387 5086.6108643058687 665.06874624080956 1076.9046127684414 888.73950725421309 2005.160908607766 1862.3092547170818 27221.022162158974 379.49093758314848
leaf_count=312361 16305 5007 2045 7650 3040 2292 32308 3574 6427 5402 10950 11978 199143 2426
internal_value=-0.000122714 -0.000805646 -0.000678864 -0.00095148 -0.000861256 0.00646798 -0.00102909 0.00143366 6.02503e-05 -0.00250142 0.00115452 -0.00145501 -0.00079307 -0.00496907
internal_weight=91550.8 45375.2 44766 41779.9 41439.8 919.28 40520.5 5971.04 5305.98 3970.81 2893.9 34549.4 29083.3 5466.1
internal_count=620908 308547 303540 287235 285190 5332 279858 34003 30429 22779 16352 245855 211121 34734
is_linear=0
shrinkage=0.05


Tree=184
num_leaves=15
num_cat=0
split_feature=69 71 74 71 71 71 70 70 73 73 70 72 72 65
split_gain=16.2286 59.6767 82.5548 109.605 48.8332 44.4654 37.8601 37.1418 35.3361 75.7757 49.059 44.1835 36.8369 54.4906
threshold=0.10023048147559167 0.018401729874312881 -0.003287518746219575 0.022210539318621162 -0.024940954521298405 0.044031837955117233 0.010766891296952965 0.0010610894532874229 0.75795969367027294 0.71488821506500255 -0.0078371237032115442 0.0039886354934424171 0.0046515460126101979 -1.0000000180025095e-35
decision_type=8 2 2 2 2 2 2 2 2 2 2 10 10 8
left_child=-1 4 3 -3 -2 6 7 -4 9 11 -10 -6 13 -13
right_child=1 2 5 -5 8 -7 -8 -9 10 -11 -12 12 -14 -15
leaf_value=0.00061931400632167966 0.013358303329045019 0.039602745684692429 -0.010325998504996001 0.0044753761320984664 -0.014998339768221167 0.015247557047659295 -0.011211067177680461 0.0038345246183565601 0.02029773044691667 -0.01531240320077383 -1.6996991641807176e-05 -0.0029932455724933152 -0.0026845288048989689 0.021374443073626671
leaf_weight=67295.140669133514 479.57387305423617 334.2546872664243 549.3170603942126 634.13256518170238 672.58481497876346 467.04278114438057 718.31160849705338 2684.2500169984996 318.73031787574291 1274.5006759818643 3097.4683260954916 521.11839261837304 11929.612184962258 396.91951698437333
leaf_count=451097 2506 1974 3847 4039 5721 3196 4980 18621 1683 10223 22011 3863 83194 2781
internal_value=0.000220744 -0.000893016 0.00373898 0.016881 -0.00222942 0.000827345 -0.000911055 0.00140452 -0.00264702 -0.00370495 0.00193207 -0.00260025 -0.00194004 0.00765907
internal_weight=91373 24077.8 5387.31 968.387 18690.5 4418.92 3951.88 3233.57 18210.9 14794.7 3416.2 13520.2 12847.7 918.038
internal_count=619736 168639 36657 6013 131982 30644 27448 22468 129476 105782 23694 95559 89838 6644
is_linear=0
shrinkage=0.05


Tree=185
num_leaves=15
num_cat=0
split_feature=72 68 68 68 57 72 68 71 72 71 72 68 68 72
split_gain=16.7261 119.89 79.948 97.8784 46.2948 36.3367 82.5142 100.787 97.889 79.3865 64.0442 155.633 139.038 68.8173
threshold=0.011299594305455686 -0.050969293341040604 -0.038501890376210206 -0.03380355425179004 0.056194381788373 0.013102645520120861 0.0077266457956284293 -0.031000258401036259 0.01234284369274974 -0.024129430763423439 0.014131831005215647 -0.0062756247352808705 -0.039862519130110734 0.013739499729126694
decision_type=10 10 10 10 8 10 10 2 10 2 10 8 10 10
left_child=1 -1 4 -4 -3 6 7 8 -2 -9 11 12 13 -7
right_child=5 2 3 -5 -6 10 -8 9 -10 -11 -12 -13 -14 -15
leaf_value=-0.021933981395466071 0.014036811745710739 0.027035063735707379 -0.02335519908981459 -0.00038516769614219256 0.0024411578080533007 0.019819473976198522 -0.00106339454512238 0.03217167222990041 -0.018287451459553052 0.0096420293169919256 0.0013173930948774931 0.0053240741575893823 -0.021199401533148664 -0.0080481664654207512
leaf_weight=640.56353614851832 378.72161609493196 403.42981477454305 457.28025680035353 61851.879851043224 360.24912135489285 349.76224937289953 4597.9791141562164 449.97669949196279 581.09653497859836 2750.0422523934394 14363.783720420673 1954.3401357010007 1796.0303605645895 567.1898641474545
leaf_count=4180 2173 2386 3167 443015 1855 2024 29472 2361 3619 15623 84091 11953 11289 3315
internal_value=-0.00013309 -0.000579522 -0.000359205 -0.000557463 0.0156149 0.000890312 0.0035536 0.00864719 -0.00551984 0.0129004 -0.000336512 -0.00541838 -0.013148 0.00268081
internal_weight=91502.3 63713.4 63072.8 62309.2 763.679 27788.9 8757.82 4159.84 959.818 3200.02 19031.1 4667.32 2712.98 916.952
internal_count=620523 454603 450423 446182 4241 165920 53248 23776 5792 17984 112672 28581 16628 5339
is_linear=0
shrinkage=0.05


Tree=186
num_leaves=15
num_cat=0
split_feature=5 75 74 69 69 69 72 72 70 73 73 72 69 69
split_gain=16.5389 19.2093 16.3722 14.9889 40.3503 52.1824 57.9912 73.6255 83.9486 138.075 62.4805 114.813 158.447 234.53
threshold=0.71724092960357677 0.92964115738868724 -0.04474180564284324 0.10132142156362535 0.090995021164417281 0.084976848214864745 0.0080942544154822844 0.0099148382432758825 0.0097987498156726378 0.39235964417457586 0.34337943792343145 0.0064690886065363893 0.063195921480655684 0.070080220699310317
decision_type=2 10 2 8 10 10 10 10 2 2 2 10 10 10
left_child=1 -1 -2 4 5 6 10 8 -8 -10 -4 -12 -13 -14
right_child=2 -3 3 -5 -6 -7 7 -9 9 -11 11 12 13 -15
leaf_value=-0.00028038931763251445 -0.010180676556912467 -0.018270193853205628 -0.0079879384001473909 -0.0010344028609114272 0.0043177144986998803 -0.0059671951751590416 -0.0071290376332029844 0.00037654018448060405 0.02511929481237973 -0.010388738487398963 0.00065762450836751181 0.0019209941294012626 0.042185048067448626 0.0088145635281521237
leaf_weight=333.27093813940883 381.83071460202336 257.94347135070711 1338.3091802597046 23167.455565402284 6090.2145934104919 3389.2880245056003 6833.5048645287752 27990.843663426116 551.09940005652606 526.49809337034822 14274.167651481926 3563.114122543484 721.14645774662495 1909.1860309690237
leaf_count=2362 2636 2369 8151 162416 39144 25084 44583 167227 3117 3475 117490 24624 4657 11928
internal_value=-3.6967e-05 -0.00830258 1.77983e-05 6.20179e-05 0.000440182 5.3023e-05 0.000407574 -0.000827671 -0.00508347 0.00783459 0.00244077 0.00312623 0.00880545 0.0180887
internal_weight=91327.9 591.214 90736.7 90354.8 67187.4 61097.2 57707.9 35901.9 7911.1 1077.6 21805.9 20467.6 6193.45 2630.33
internal_count=619263 4731 614532 611896 449480 410336 385252 218402 51175 6592 166850 158699 41209 16585
is_linear=0
shrinkage=0.05


Tree=187
num_leaves=15
num_cat=0
split_feature=59 58 69 71 73 54 69 74 71 5 14 71 73 69
split_gain=15.7673 16.2166 14.7611 34.2491 24.06 17.5541 46.4711 40.0471 37.9202 45.1098 36.749 34.8477 29.1107 55.6835
threshold=6.5000000000000009 0.032867407426238067 -0.13803395628929135 -0.014376746024936436 0.063547253608703627 0.37747371196746832 0.1405192241072655 -0.02498772460967302 0.039475556463003166 0.94012036919593822 -0.051211331039667123 -0.024129430763423439 0.30249074101448065 0.03979728743433953
decision_type=10 2 8 2 2 8 10 2 2 2 10 2 2 10
left_child=2 -2 3 4 -1 6 10 11 -9 -10 -4 -7 13 -12
right_child=1 -3 5 -5 -6 7 -8 8 9 -11 12 -13 -14 -15
leaf_value=0.0068751639462667075 -0.0020928266745601546 -0.014153567139191046 0.00073223816102795623 0.015097779205634047 -0.0087508452086676129 0.021593412001134675 0.01668136594848044 0.00014889626225865859 -0.0040025814370728786 0.01397564026515551 -0.00032411129105705641 0.00078014433351617949 -0.0031189388886216159 0.019835878281679306
leaf_weight=501.24348107539117 1099.3759700059891 365.4971716478467 17875.400641925633 525.18257190473378 465.49356086179614 411.22154472209513 366.50365945324302 45048.123196223751 515.62120446190238 1045.6817960701883 3676.548684136942 386.34474756941199 18836.937001997605 367.67535153962672
leaf_count=2772 6244 2081 108758 2406 2309 2406 2505 296777 3341 6638 22596 2422 157536 1857
internal_value=-4.97e-05 -0.00517764 3.43096e-05 0.00494965 -0.000661476 -4.9074e-05 -0.000804919 0.000606614 0.000415256 0.00805064 -0.000966218 0.0116459 -0.00229284 0.00155311
internal_weight=91486.9 1464.87 90022 1491.92 966.737 88530.1 41123.1 47407 46609.4 1561.3 40756.6 797.566 22881.2 4044.22
internal_count=620648 8325 612323 7487 5081 604836 293252 311584 306756 9979 290747 4828 181989 24453
is_linear=0
shrinkage=0.05


Tree=188
num_leaves=15
num_cat=0
split_feature=53 71 74 74 72 23 84 71 71 74 54 53 5 71
split_gain=16.6622 31.3987 43.5279 29.8927 38.4491 38.0803 31.4353 39.4401 31.9821 42.1613 29.0072 31.3492 27.7085 27.6986
threshold=-0.33412322402000422 0.012974427081644537 -0.0067598388995975247 0.010007025208324196 0.0046126006636768588 0.030950673855841163 2.5000000000000004 0.029663254506886009 0.019246594049036506 0.0055616584140807399 0.29451666772365576 -0.11642924323678015 0.75544199347496044 0.036813231185078628
decision_type=10 2 2 2 10 2 2 2 2 2 10 10 2 2
left_child=1 -1 -3 4 -4 13 8 -8 -6 -10 11 -2 -12 -5
right_child=10 2 3 5 6 -7 7 -9 9 -11 12 -13 -14 -15
leaf_value=-0.00018342338696697305 -0.00095253555130187938 -0.0066025849709532864 -0.0086398960902200599 -0.00040641045322535878 0.018825407074547371 0.0082556649401587211 -0.0013639221172772433 0.014464423957048165 0.0021002770030631242 0.020443219454691547 -0.014134163076914353 -0.005211065963548556 0.00033196291128898036 -0.016717822041734203
leaf_weight=18975.770319296047 17891.476532429457 907.19587811641395 349.40646982938051 756.32692998461425 1022.2368243560195 773.81074959784746 1297.2377060391009 554.02956013940275 1100.3606571666896 429.48674621246755 323.71017140429467 5690.6835394464433 41014.911526462063 387.22749988362193
leaf_count=113962 120788 5361 2401 4500 6131 4324 7697 3190 6649 2493 3171 60090 277689 2279
internal_value=-0.000151469 0.000903486 0.00362207 0.00502052 0.00714272 -0.000249741 0.00841181 0.0034253 0.0120015 0.00734916 -0.000583027 -0.00198195 0.000215292 -0.00602678
internal_weight=91473.9 26553.1 7577.32 6670.12 4752.76 1917.37 4403.35 1851.27 2552.08 1529.85 64920.8 23582.2 41338.6 1143.55
internal_count=620725 158987 45025 39664 28561 11103 26160 10887 15273 9142 461738 180878 280860 6779
is_linear=0
shrinkage=0.05


Tree=189
num_leaves=15
num_cat=0
split_feature=74 74 74 74 69 71 74 71 54 71 71 74 71 5
split_gain=16.1144 93.6503 91.2293 47.3833 45.7633 28.88 89.8797 76.6745 87.9934 46.0705 99.6081 68.654 56.4912 44.9555
threshold=0.0071679097600281247 0.0067960366141051063 0.0072750300168991098 0.0069500510580837735 0.069656763225793852 0.028925438411533836 0.0010130195878446104 0.034492837265133865 0.58253964781761181 0.019246594049036506 0.018063968978822235 0.0022695042425766592 0.017111307010054592 1.0912768840789797
decision_type=2 2 2 2 10 2 2 2 8 2 2 2 2 2
left_child=1 5 -2 -3 -5 9 -7 8 -8 10 12 -12 -1 -9
right_child=2 3 -4 4 -6 6 7 13 -10 -11 11 -13 -14 -15
leaf_value=-0.00028382640562030361 0.026309276888514772 -0.023153407478784211 0.00059335764165549271 -0.01805570789016064 0.0072102316153968456 -0.0026731949241614182 0.041600763289183273 -0.0012105176910660971 0.0055601327069493313 -0.0049671277240261776 0.020538859527827719 -0.0069280470365188397 -0.014183219041266036 0.02066114089417577
leaf_weight=57409.042958585545 340.80513106286526 650.69817338325083 20471.022463575937 321.31291334889829 381.8438655436039 2480.8597391126677 361.83972898684442 939.42009725049138 317.49877425469458 5438.0985392853618 926.9411003626883 294.90921452641487 730.4576463336125 302.85677635669708
leaf_count=396218 2309 4538 132419 2092 2678 15873 2468 6293 2059 37677 6027 2269 5280 1921
internal_value=-0.000195404 -0.000556042 0.0010269 -0.0135309 -0.00442652 -0.000300286 0.00361382 0.0117024 0.0250817 -0.000566727 -0.000162837 0.0139069 -0.000460866 0.00424402
internal_weight=91367.6 70555.8 20811.8 1353.85 703.157 69201.9 4402.48 1921.62 679.339 64799.4 59361.4 1221.85 58139.5 1242.28
internal_count=620121 485393 134728 9308 4770 476085 28614 12741 4527 447471 409794 8296 401498 8214
is_linear=0
shrinkage=0.05


Tree=190
num_leaves=15
num_cat=0
split_feature=59 27 71 84 4 29 2 73 70 8 66 70 71 71
split_gain=17.8279 15.9337 25.9844 40.9665 23.6087 25.9822 19.8049 21.5812 16.8327 14.9824 15.264 13.7926 13.7739 78.7128
threshold=6.5000000000000009 1.3273023366928103 0.031290347687900073 2.5000000000000004 0.025000001303851608 0.27279543876647955 0.022322257049381736 0.76960042119026195 -0.0011053677299059925 1.0000000180025095e-35 -0.11620222777128218 -0.00019781861919909713 -0.012742594350129364 -0.010509978048503397
decision_type=10 2 2 2 8 2 2 2 2 2 10 2 2 2
left_child=1 4 6 -4 5 9 7 -3 -8 -1 -11 -10 -6 -14
right_child=-2 2 3 -5 12 -7 8 -9 11 10 -12 -13 13 -15
leaf_value=-0.0016270146322733105 -0.0053609695183622699 0.0051355430978199008 0.0009978748194401151 0.021657904387183988 -0.0012350164154287229 -0.0063282752486300059 -0.0022314182955658715 -0.0076842491995715995 0.010190526643660559 0.015953670911842802 0.0016274333067182794 0.0010688259439903815 0.011702732663921443 0.00028690976310496568
leaf_weight=8983.8193572247401 1472.5455631837249 3746.7827579602599 587.60520540177822 396.73889327049255 12100.755953036249 2793.4235728029162 4813.6784083619714 350.90119400806725 443.88470190763474 214.65620275214314 1096.1451644850895 4810.6179155781865 1549.0207444503903 48024.887640356086
leaf_count=85413 8376 31937 3760 2341 67911 32398 27274 3125 2563 1918 13112 27751 8847 303489
internal_value=7.73711e-05 0.000167024 0.00164506 0.00945895 -0.000132671 -0.00206059 0.0010958 0.0040217 -9.7827e-05 -0.00089754 0.00407652 0.00185729 0.000276722 0.000645905
internal_weight=91385.5 89912.9 15150.2 984.344 74762.7 13088 14165.9 4097.68 10068.2 10294.6 1310.8 5254.5 61674.7 49573.9
internal_count=620215 611839 98751 6101 513088 132841 92650 35062 57588 100443 15030 30314 380247 312336
is_linear=0
shrinkage=0.05


Tree=191
num_leaves=15
num_cat=0
split_feature=68 72 68 72 70 68 68 70 58 70 70 68 72 70
split_gain=18.4256 62.9531 142.519 118.827 86.7684 59.2782 56.6116 53.7732 56.2527 50.0949 121.848 66.0352 40.5502 43.3817
threshold=0.011834083124995233 0.0063193386886268863 0.0048870842438191184 0.0067859278060495862 0.0029740554746240382 0.0133026116527617 -0.0039589225780218831 -0.016523967497050759 -0.002312060096301138 -0.0018460244755260644 -0.0020056237699463959 0.013949614483863117 0.0075535306241363296 0.0041887781117111453
decision_type=10 10 8 10 2 10 10 2 2 2 2 10 10 2
left_child=1 2 4 6 -1 -2 -3 -7 -9 10 -10 -11 13 -5
right_child=5 3 -4 12 -6 7 -8 8 9 11 -12 -13 -14 -15
leaf_value=-0.0018362451501436981 0.010830513197199017 0.0054643350418510615 -0.015754857324441162 -0.011995891012203733 0.025134874085868675 -0.016147709060771051 0.028222723094194879 0.003112283534838002 0.0018551710532371951 -0.023908561391618281 0.033069523420705856 -0.001149003840435978 -6.4428151657076573e-05 0.005104824256999943
leaf_weight=1911.1069078855217 1411.5614787377417 591.31630429252982 2079.9933157302439 1412.8827747665346 343.09570725262165 471.69137855060399 507.85034808702767 15816.91797817871 6563.3604559665546 312.41775733605027 318.38139111176133 27953.993722187355 31213.657097296789 495.16638341359794
leaf_count=14578 10075 3537 16907 8802 2701 3252 3244 106665 46018 2377 2218 209143 187448 3338
internal_value=0.000152164 -0.000678875 -0.00634874 4.08782e-05 0.00236171 0.000758456 0.0161391 0.000480001 0.000637031 -0.000477419 0.00334518 -0.00140892 -0.000498062 -0.00755453
internal_weight=91403.4 38555.1 4334.2 34220.9 2254.2 52848.3 1099.17 51436.8 50965.1 35148.2 6881.74 28266.4 33121.7 1908.05
internal_count=620303 240555 34186 206369 17279 379748 6781 369673 366421 259756 48236 211520 199588 12140
is_linear=0
shrinkage=0.05


Tree=192
num_leaves=15
num_cat=0
split_feature=8 19 73 14 68 31 56 68 68 68 13 70 70 70
split_gain=17.077 19.0716 18.1273 40.0508 33.6464 27.2166 16.4698 23.5147 33.4634 33.3015 25.8471 25.886 21.4558 20.1713
threshold=1.0000000180025095e-35 0.0067198628094047317 0.73830732703208934 0.17374869436025622 0.053030095994472511 18.844643592834476 1.0000000180025095e-35 -0.044340465217828744 -0.017143600620329377 0.001090721052605659 0.023597144521772865 -0.012489960994571446 -0.0031570887658745046 -0.0012326514115557072
decision_type=2 10 2 10 10 2 8 10 10 10 8 2 2 2
left_child=6 2 4 5 -2 -4 -1 10 -9 -10 11 -8 -11 -14
right_child=1 -3 3 -5 -6 -7 7 8 9 12 -12 -13 13 -15
leaf_value=-0.00054640934652854824 0.0027552979665964056 -0.0061864002721278974 -0.010772988902373035 0.013578300146557854 0.019762206430798998 0.0055612863460562482 0.0099615472464963731 0.011899358852432512 -0.0066179512580612698 -0.0040005109966471152 -0.014665254910520443 -0.0036587939573986782 0.018318264746598759 0.0046536184649371513
leaf_weight=74477.4560870938 7563.994478687644 679.16429124772549 928.44679198600352 303.82383647281677 292.87016134522855 343.02083824761212 471.46648391336203 1022.2791438605636 899.32937191985548 604.09207256510854 348.10922823473811 1256.4063648320735 304.89252163656056 2005.4715487938374
leaf_count=504331 55537 3828 7304 1965 1928 2937 2630 5885 5755 3797 2178 7194 2052 13768
internal_value=-8.88229e-05 0.00184809 0.00243255 -0.00245093 0.00341356 -0.00635726 -0.00032965 0.00200335 0.00391171 0.00174511 -0.00243968 9.35806e-05 0.00433955 0.00652808
internal_weight=91500.8 10111.3 9432.16 1575.29 7856.86 1271.47 81389.5 6912.05 4836.06 3813.79 2075.98 1727.87 2914.46 2310.36
internal_count=621089 73499 69671 12206 57465 10241 547590 43259 31257 25372 12002 9824 19617 15820
is_linear=0
shrinkage=0.05


Tree=193
num_leaves=15
num_cat=0
split_feature=71 71 74 74 71 74 71 71 71 74 74 74 71 74
split_gain=19.2813 18.6783 57.3688 35.368 26.2944 20.8572 21.9884 76.359 59.7923 112.746 96.744 197.408 62.9442 83.0509
threshold=-0.10309150815010069 -0.054346878081560128 -0.020331063307821747 -0.034833572804927819 -0.051636332646012299 -0.03177575767040252 -0.0082825054414570314 -0.007645966485142707 -0.012742594350129364 -0.012972702737897633 0.00020699923334177586 -0.001379391993395984 -0.017686145380139347 -0.001689549535512924
decision_type=2 2 2 2 2 2 2 2 2 2 2 2 2 2
left_child=-1 2 -2 -3 -5 -6 8 -8 12 -10 11 -11 -7 -14
right_child=1 3 -4 4 5 6 7 -9 9 10 -12 -13 13 -15
leaf_value=0.010733825459886303 0.0085504891421928405 -0.014224997827793087 -0.012808240549399323 0.013177502904336589 0.012303691480086698 0.0016346677013362489 -0.016291577853592708 -0.00026168291023357087 -0.02149107330484077 0.0081852862471678122 0.00038299822090356845 0.044387395642935847 -0.012016410483904611 0.0028377547482154328
leaf_weight=406.41049954481423 461.70484396629035 422.42575404234231 939.18286634236574 373.25336132384837 336.06530593335629 12536.768712741323 741.3399901855737 66297.630021636374 335.9249518327415 2130.6657164078206 2203.6229923535138 449.34349032863975 2194.4416315667331 1636.2839063256979
leaf_count=2579 2550 2605 5617 2006 2096 72931 5013 468031 2185 13893 13618 2742 14378 10472
internal_value=-7.97021e-07 -4.98809e-05 -0.00575812 3.99416e-05 0.000109056 5.2687e-05 4.79491e-06 -0.00044135 0.00139631 0.00610667 0.00808548 0.0146374 -7.98613e-05 -0.00568063
internal_weight=91465.1 91058.7 1400.89 89657.8 89235.3 88862.1 88526 67039 21487.1 5119.56 4783.63 2580.01 16367.5 3830.73
internal_count=620716 618137 8167 609970 607365 605359 603263 473044 130219 32438 30253 16635 97781 24850
is_linear=0
shrinkage=0.05


Tree=194
num_leaves=15
num_cat=0
split_feature=69 72 71 72 68 72 71 84 68 69 72 72 69 68
split_gain=15.4543 83.0896 110.068 94.9616 78.4776 57.0429 56.228 49.7441 57.0424 43.9071 93.0767 79.7401 75.9047 75.7756
threshold=-0.013108383864164351 0.012867634184658529 -0.030130613595247265 0.013996415771543981 0.01019862061366439 0.011151675600558521 -0.011904347687959669 2.5000000000000004 -0.045986795797944062 -0.060190718621015542 0.017020166851580146 0.015880303457379345 -0.045439498499035828 -0.050969293341040604
decision_type=8 10 2 10 10 10 2 2 10 10 10 10 10 10
left_child=1 2 5 7 6 -1 -4 8 -3 -5 11 13 -12 -11
right_child=-2 3 4 9 -6 -7 -8 -9 -10 10 12 -13 -14 -15
leaf_value=-0.020985831127555178 -0.00041681004818088223 -0.0021541905565414048 0.03321145160185051 -0.0012706849836276427 0.0032920952182414198 0.0036164305471840571 0.012693945469555296 0.00069148102226548067 -0.026831220727077467 0.024410958037351022 0.011012813411978069 0.031776508586606696 -0.0080347405783310205 -0.0037158404793464269
leaf_weight=370.90004231967032 75890.635649311356 358.08210808224976 596.30256310291588 6949.8801513845101 997.7475579995662 611.46419277228415 790.59697291813791 505.68872963450849 677.13073737174273 376.222168603912 819.40833883360028 476.38011816330254 1406.1515227314085 624.41252743266523
leaf_count=2329 530866 2116 3224 39273 6083 3610 4359 3006 4158 2098 4610 2576 8670 3807
internal_value=-0.000122462 0.00131247 0.00825301 -0.000609247 0.0140382 -0.00579023 0.0216901 -0.012169 -0.0183977 0.00107274 0.00546301 0.0151486 -0.00100391 0.00699627
internal_weight=91451 15560.4 3367.01 12193.4 2384.65 982.364 1386.9 1540.9 1035.21 10652.5 3702.57 1477.01 2225.56 1000.63
internal_count=620785 89919 19605 70314 13666 5939 7583 9280 6274 61034 21761 8481 13280 5905
is_linear=0
shrinkage=0.05


Tree=195
num_leaves=15
num_cat=0
split_feature=50 72 72 69 69 71 70 72 68 68 69 69 49 69
split_gain=13.9306 21.2423 15.7749 80.0822 100.794 83.1387 71.6775 72.8743 56.2167 62.0546 61.5914 75.2254 53.2489 51.1191
threshold=0.0042158379219472417 0.010240829084068538 0.008131067734211685 0.026592043228447441 0.021252671256661419 0.00052272941684350382 0.004111979855224491 0.0072630378417670735 0.049116047099232681 0.047592265531420715 0.09630198031663896 0.11400846391916276 -0.031575249508023255 0.12517624348402026
decision_type=2 10 8 8 10 2 2 10 10 10 8 10 2 10
left_child=1 -1 3 4 6 -6 7 -2 9 -5 12 -12 -10 -13
right_child=2 -3 -4 8 5 -7 -8 -9 10 -11 11 13 -14 -15
leaf_value=-0.0067482494271343873 0.00080466298813825074 0.0030308066099447779 -0.00060308963583033197 -0.00013118725798354572 0.0084715906651849238 0.043469434899103321 -0.014799994445171095 0.025402085305437219 0.0048612626287854663 -0.013435553375346854 -0.010388955608487127 0.021982443246452571 0.024801632855126848 0.002618090458727484
leaf_weight=1768.9195530945435 944.23582829907537 800.38094087131321 46969.373025061563 34231.123551493511 353.92166378162801 327.08012238703668 415.77308838628232 432.57716652192175 706.4870499484241 889.48345968313515 902.82551076263189 430.90937644802034 637.03877285122871 1516.7555470354855
leaf_count=12846 6977 4854 291135 257530 2251 2263 2979 2800 4440 6550 6799 3112 4927 10464
internal_value=-7.96727e-05 -0.00370197 2.55885e-05 0.000732189 0.00943975 0.0256666 0.003167 0.0086603 0.000182068 -0.000471869 0.00564622 0.00147043 0.0144295 0.00699274
internal_weight=91326.9 2569.3 88757.6 41788.2 2473.59 681.002 1792.59 1376.81 39314.6 35120.6 4194.02 2850.49 1343.53 1947.66
internal_count=619927 17700 602227 311092 17270 4514 12756 9777 293822 264080 29742 20375 9367 13576
is_linear=0
shrinkage=0.05


Tree=196
num_leaves=15
num_cat=0
split_feature=68 70 28 19 70 68 70 70 68 68 70 70 70 12
split_gain=14.9621 31.8554 24.9969 19.2475 27.7861 18.4861 86.1896 74.0928 48.6847 44.1476 48.2775 112.783 52.7306 40.6068
threshold=0.063369292765855803 -0.0024086254416033621 0.88956329226493847 0.0015189500991255047 0.0063215878326445827 0.049116047099232681 0.012953073251992466 -0.0035025934921577568 0.048859318718314178 0.05459547974169255 0.0097987498156726378 0.0063706706278026113 0.002544553368352354 0.614862620830536
decision_type=10 2 2 8 2 10 2 2 10 10 2 2 2 8
left_child=5 -2 -3 -4 -5 8 7 -7 -1 10 11 12 -9 -11
right_child=1 2 3 4 -6 6 -8 9 -10 13 -12 -13 -14 -15
leaf_value=3.577189990832686e-05 -0.018843549811200472 -0.0084518485555996822 -0.0044529346636153861 -0.00094892091524902394 0.018529175304276915 -0.01084190564800507 -0.015608784344524593 0.0078984130050726784 -0.019086232689394578 0.0044302384320866204 0.030125056674279078 -0.009166636918430747 0.026329227222489322 -0.014785661553759002
leaf_weight=82472.456112972461 299.12011282332242 801.09313972387463 523.14988970384002 395.41884004697204 329.5076209641993 668.90376627445221 567.96402773912996 923.63845772109926 324.21154547482729 2137.7549537792802 295.06794418767095 621.4881337210536 675.80170098505914 305.42435560002923
leaf_count=558520 2088 5849 3718 2693 2180 4662 3850 6216 2414 14887 1842 4364 4699 2083
internal_value=5.1728e-05 -0.00387915 -0.00161387 0.00280746 0.00803629 0.000155878 0.0027879 0.00466882 -4.14011e-05 0.00677854 0.0114143 0.00880453 0.0158011 0.00197756
internal_weight=91341 2348.29 2049.17 1248.08 724.926 88992.7 6196.04 5628.08 82796.7 4959.18 2516 2220.93 1599.44 2443.18
internal_count=620065 16528 14440 8591 4873 603537 42603 38753 560934 34091 17121 15279 10915 16970
is_linear=0
shrinkage=0.05


Tree=197
num_leaves=15
num_cat=0
split_feature=15 31 72 69 66 49 51 54 0 72 59 72 27 2
split_gain=15.7673 14.7603 18.5804 20.464 19.0027 20.8578 15.1554 13.7632 13.4404 13.3484 41.6077 27.8266 17.8327 21.3169
threshold=14.277834415435793 17.666819572448734 0.012567020021378996 -0.011117002926766871 -0.081271030008792863 -0.1151854209601879 -0.073220063000917421 0.30943305790424352 0.06077734753489495 0.021474678069353107 1.5000000000000002 0.020338352769613269 1.4437882304191592 0.022322257049381736
decision_type=8 2 10 8 10 2 8 8 2 8 10 10 2 2
left_child=1 8 3 -3 5 -5 -4 -6 -1 11 -11 12 -2 -14
right_child=9 2 6 4 7 -7 -8 -9 -10 10 -12 -13 13 -15
leaf_value=0.00035432187350646242 -0.00035913370678490359 0.017212774660748661 0.0017426686390814195 -0.0041686193168138487 -0.002769721784367813 0.010078418691974775 -0.0084432329806287641 0.0038014122022782234 -0.0095423908409164489 -0.013453867487042423 0.00011509704699665315 0.014352784756509838 0.005672332565572793 0.00048682217537609687
leaf_weight=3861.6147383414209 66489.883675148711 291.33319441601634 1156.0031191725284 299.65599255263805 1173.1839898191392 1607.5622159931809 522.13933091051877 2436.454819906503 366.44597136229277 755.94058462791145 2152.4806177169085 326.1956832613796 2721.6144799701869 7229.0877579152584
leaf_count=26007 457410 1689 6538 1633 10244 11174 3539 17051 1977 4859 12121 1918 23009 41294
internal_value=0.000125227 0.00183719 0.00316959 0.00450678 0.00380587 0.0078299 -0.00145783 0.00166395 -0.000523918 -0.000126676 -0.00344569 -4.97953e-07 -6.36172e-05 0.00190938
internal_weight=91389.6 11714.4 7486.33 5808.19 5516.86 1907.22 1678.14 3609.64 4228.06 79675.2 2908.42 76766.8 76440.6 9950.7
internal_count=620463 79852 51868 41791 40102 12807 10077 27295 27984 540611 16980 523631 521713 64303
is_linear=0
shrinkage=0.05


Tree=198
num_leaves=15
num_cat=0
split_feature=74 71 71 71 74 84 71 71 69 69 84 84 69 68
split_gain=17.1947 64.2208 88.9462 62.8571 76.809 53.3972 49.9715 82.1285 64.697 90.7173 79.6083 49.1653 76.2687 48.3743
threshold=-0.0098888655193150026 0.01405667280778289 -0.0073139155283570281 -0.014009495265781878 -0.016539857722818848 2.5000000000000004 0.0013411640538834038 0.0074327716138213882 0.034879148006439216 0.063591867685318007 2.5000000000000004 3.5000000000000004 0.059162527322769172 -0.052953198552131646
decision_type=2 2 2 2 2 2 2 2 8 10 2 2 8 10
left_child=1 2 3 11 -5 -6 8 -8 -4 -10 -11 -1 13 -13
right_child=-2 -3 6 4 5 -7 7 -9 9 10 -12 12 -14 -15
leaf_value=0.0039225575190369047 -0.00033154947951958376 -0.0085258886363834673 0.026572830496478718 -0.029668924747295738 -0.014416605422794083 0.011932292195878588 -0.0061396352921637741 0.016458381816289371 -0.011379985504571963 0.035039560688765466 0.0014017110362836973 0.00055112693488701089 0.013032996041016473 -0.01975710408900852
leaf_weight=5640.1062805745751 78176.333318908699 1386.8366810958833 734.84706268087029 359.57699160836637 390.80286289006472 359.75167516432703 969.37336572632194 672.63466514647007 401.10968420654535 341.91267091222107 353.38513082452118 472.89156481809914 392.94404128566384 759.55490592308342
leaf_count=33137 539553 9014 4006 2515 2644 2330 6278 4102 2650 2082 2236 2715 2195 5096
internal_value=-4.93331e-05 0.00161656 0.00280986 1.73165e-05 -0.0110087 -0.00179636 0.00952457 0.00316104 0.0151823 0.00737685 0.0182054 0.00171485 -0.00592303 -0.0120231
internal_weight=91412.1 13235.7 11848.9 8375.63 1110.13 750.555 3473.26 1642.01 1831.25 1096.41 695.298 7265.5 1625.39 1232.45
internal_count=620553 81000 71986 50632 7489 4974 21354 10380 10974 6968 4318 43143 10006 7811
is_linear=0
shrinkage=0.05


Tree=199
num_leaves=15
num_cat=0
split_feature=69 69 1 69 72 72 69 72 72 68 84 69 74 72
split_gain=17.1382 34.8225 45.9099 37.4231 43.2698 61.2676 63.6874 133.328 133.985 111.654 90.4246 87.4309 82.3032 111.819
threshold=0.10132142156362535 0.090995021164417281 0.01555386418476701 0.084976848214864745 0.0080942544154822844 0.0099148382432758825 0.034879148006439216 0.010468589607626201 0.011299594305455686 -0.014353075530380009 1.5000000000000002 0.015642936341464523 -0.001379391993395984 0.012066500261425974
decision_type=8 10 8 10 10 10 10 10 10 10 2 10 2 10
left_child=1 3 -3 4 -1 -6 7 10 -9 -8 -7 -10 13 -11
right_child=-2 2 -4 -5 5 6 9 8 11 12 -12 -13 -14 -15
leaf_value=0.0021985549959671852 -0.0010666289930708649 0.011357238464837867 0.0015154193698620096 -0.0049506211441011075 -0.0045037394487050927 0.037100358632067294 0.01868300647883021 -0.015077852614201307 0.0007462604714481906 -0.019325799000561184 0.005617257550244819 -0.0098586101280452899 0.0066566145545010448 0.0065652987464776616
leaf_weight=21899.996791703627 23400.130617799237 1596.5661810738966 4530.2614694498479 3394.3335503861308 7910.0564536862075 353.16220501065254 1197.2960942052305 1674.8556746225804 17975.649934532121 884.67363991588354 625.06830061599612 2169.0261521600187 2894.5119156669825 773.85711795650423
leaf_count=167760 164304 13917 25464 25228 51513 2090 6463 10877 105201 5726 4070 13854 18574 4645
internal_value=9.99703e-05 0.000502232 0.00409439 0.000145227 0.000442419 -0.000612786 0.000466512 -0.00072008 -0.00153298 0.00516395 0.0172437 -0.000399917 0.00157574 -0.00727828
internal_weight=91279.4 67879.3 6126.83 61752.5 58358.2 36458.2 28548.1 22797.8 21819.5 5750.34 978.231 20144.7 4553.04 1658.53
internal_count=619686 455382 39381 416001 390773 223013 171500 136092 129932 35408 6160 119055 28945 10371
is_linear=0
shrinkage=0.05


Tree=200
num_leaves=15
num_cat=0
split_feature=70 71 72 73 73 71 72 70 68 69 71 68 71 71
split_gain=17.9249 20.9453 28.8754 15.6766 124.408 53.3742 63.8665 64.8731 48.1917 67.7799 65.3401 109.327 86.4803 64.8003
threshold=-0.030434315092861649 -0.022706217132508751 0.016343498602509502 0.62440380454063427 0.62238013744354259 -0.019872837699949738 0.016811436042189602 0.01436725724488497 0.024432845413684848 0.015642936341464523 0.001149674935732037 0.053324194625020034 -0.0002741747885011136 -0.0099539100192487222
decision_type=2 2 10 2 2 2 10 2 10 8 2 10 2 2
left_child=1 2 -1 4 -2 -5 8 -8 9 -7 11 12 13 -10
right_child=3 -3 -4 5 -6 6 7 -9 10 -11 -12 -13 -14 -15
leaf_value=0.0014867534853734911 0.00035040411710338809 0.0045707337062831531 -0.017036154497009726 0.011784212140984567 0.030506251638821615 0.011806256719876718 -0.018734093645581491 0.0071853789900553468 0.017713091762613997 -0.0062560292150424732 -0.00092630759474265131 -0.023595381307181529 0.022601405304536658 0.0010164687757697425
leaf_weight=335.48180986940861 55356.460245625116 330.03806786052883 547.63533796742558 810.32663073576987 334.14299211651087 561.93564395606518 935.57356374431401 318.11504065990448 712.77479586191475 5722.0832837000489 21501.61815946456 292.01360802911222 773.07317693717778 2972.0555101521313
leaf_count=2165 355293 2027 3746 4553 2404 3700 6179 1956 4426 45464 160931 2118 5310 20811
internal_value=-6.39332e-05 -0.00607616 -0.0100617 1.75122e-05 0.000536783 -0.000818207 -0.00112383 -0.0121524 -0.000695268 -0.00462465 0.000246741 0.00554761 0.00750515 0.00428538
internal_weight=91503.3 1213.16 883.117 90290.2 55690.6 34599.6 33789.2 1253.69 32535.6 6284.02 26251.5 4749.92 4457.9 3684.83
internal_count=621083 7938 5911 613145 357697 255448 250895 8135 242760 49164 193596 32665 30547 25237
is_linear=0
shrinkage=0.05


Tree=201
num_leaves=15
num_cat=0
split_feature=29 58 63 50 64 73 73 71 71 71 71 15 71 4
split_gain=18.3654 17.5134 16.5494 15.2987 14.6153 14.1114 27.1545 15.2039 25.7924 34.3147 16.4882 12.8494 21.8875 16.3649
threshold=0.49411746859550482 -0.0057696576695889226 0.18435483425855639 0.010198493953794243 0.056144582107663162 0.20574606955051425 0.26681958138942724 -0.033527091145515435 -0.018380931578576561 -0.024940954521298405 -0.014009495265781878 11.491693019866945 -0.0037254578201100226 0.091666668653488173
decision_type=2 2 10 2 2 2 2 2 2 2 2 8 2 10
left_child=3 4 -3 5 -2 -1 -7 -8 9 -9 -10 12 -5 -14
right_child=1 2 -4 11 -6 6 7 8 10 -11 -12 -13 13 -15
leaf_value=-0.0084274101033690249 -0.0011899390818818553 -0.0098556240043280452 -0.0023006400407722229 -0.0030538992942147347 0.0094308899630403085 0.010172624046834847 -0.01129975188144676 -0.0038736641919933307 -0.013931730000420734 0.015058219411646144 -0.0022451563286416567 0.00037006603957691748 0.010694782657933144 0.0022088104078252183
leaf_weight=754.11435540579259 816.94090447202325 819.4435911513865 5856.5118065439165 880.44932780973613 524.641063824296 471.75939780659974 415.39673751778901 457.01254258863628 322.06072619184852 485.08993048034608 3401.1932702623308 73815.746819152497 1064.5298595335335 1219.6649262011051
leaf_count=4523 5328 5863 43963 5539 3043 2803 2475 2731 2217 2968 26626 495713 9205 6967
internal_value=8.99242e-05 -0.00219411 -0.00324133 0.000310031 0.00300251 -0.00205558 -0.0011766 -0.00224831 -0.00141994 0.00593016 -0.00329065 0.000504076 0.00361887 0.00619301
internal_weight=91304.6 8017.54 6675.96 83287 1341.58 6306.63 5552.51 5080.75 4665.36 942.102 3723.25 76980.4 3164.64 2284.19
internal_count=619964 58197 49826 561767 8371 44343 39820 37017 34542 5699 28843 517424 21711 16172
is_linear=0
shrinkage=0.05


Tree=202
num_leaves=15
num_cat=0
split_feature=58 68 74 74 71 74 74 74 74 84 72 71 74 74
split_gain=14.2092 42.3099 31.4347 53.1009 49.5526 49.7332 40.8944 39.0651 37.6846 33.7955 30.4871 50.2768 80.7078 42.814
threshold=-0.0037734112702310081 0.011834083124995233 -0.015850028023123738 -0.00085763400420546521 0.011646390892565252 0.0093714185059070605 -0.017201921902596947 -0.0039500903803855172 -0.002982269623316824 2.5000000000000004 0.016811436042189602 -0.011045068968087433 -0.0014396875631064174 -0.011121466290205715
decision_type=2 10 2 2 2 2 2 2 2 2 10 2 2 2
left_child=1 2 6 7 5 -5 -1 -4 -9 -7 11 12 -3 -13
right_child=-2 10 3 4 -6 9 -8 8 -10 -11 -12 13 -14 -15
leaf_value=0.00076583904165947278 -0.00050125009782048865 0.0040463965629092425 -0.0035426114409731098 0.0023466294974653864 0.010108248331279912 -0.00066732021810167583 0.016589543840695286 -0.027072889612431317 -0.0080502109891027324 -0.019925957329371372 -0.0071741735976064676 0.012798907878613097 0.031834014827447257 0.0015036896832877381
leaf_weight=3188.7370830513537 64825.61574271787 799.07218920625746 3956.9011145848781 2105.5717815496027 1190.6657245587558 404.53127745166421 458.46173818223178 360.93540537171066 922.81463470868766 513.52680255286396 707.85669167339802 901.97582145780325 380.87200354784727 10538.451142376289
leaf_count=18965 454503 4785 23829 12414 6990 2342 2452 2290 5694 2980 4304 5541 2163 70385
internal_value=-0.000102875 0.000874037 -0.00114328 -0.00266374 0.00151332 -0.00189342 0.00279484 -0.00601922 -0.0135665 -0.0115385 0.00285651 0.00342434 0.0132081 0.00240462
internal_weight=91256 26430.4 13102.1 9454.95 4214.3 3023.63 3647.2 5240.65 1283.75 918.058 13328.2 12620.4 1179.94 11440.4
internal_count=619637 165134 77956 56539 24726 17736 21417 31813 7984 5322 87178 82874 6948 75926
is_linear=0
shrinkage=0.05


Tree=203
num_leaves=15
num_cat=0
split_feature=19 68 69 68 69 70 74 70 69 4 74 70 71 68
split_gain=15.3537 29.4712 116.661 47.2581 40.8101 31.811 30.2767 47.0737 28.6561 25.1821 23.4746 48.9419 22.1 38.2237
threshold=-0.0057853285688906899 -0.015703483484685418 0.029081266373395923 -0.010905845556408165 0.0096080959774553793 -0.0010074893943965433 0.020718611776828769 0.015564654953777792 -0.0099627347663044912 0.29166667163372045 0.0063494150526821622 -0.0026481207460165019 -0.0093788374215364439 0.011202433612197639
decision_type=10 8 8 8 10 2 2 2 10 10 2 2 2 10
left_child=1 2 4 -3 8 -4 7 12 9 10 11 -1 13 -5
right_child=-2 3 5 6 -6 -7 -8 -9 -10 -11 -12 -13 -14 -15
leaf_value=-0.0030898248102607991 0.00030990328002855269 -0.016057005337823432 0.0071689218184675498 -0.0023803800744408039 -0.012706638592534777 0.023599325635221702 0.012165055285071764 -0.016971488745406927 0.0088434536934329407 0.0062778273166812608 0.0031319107491608144 -0.023200543387470709 -0.0028999437152491163 0.0079890750217902397
leaf_weight=1653.1148781254888 70069.017828100361 600.2919311542064 587.76427125371993 2298.3132872227579 708.11780555173755 606.85778884589672 365.64417666941881 510.99749601259828 770.23212729208171 765.71714579686522 836.7333109267056 361.49425367824733 9788.4642953071743 1435.711705641821
leaf_count=9533 495829 3432 3168 12876 4198 3190 1970 2910 4272 4023 4585 2080 60241 8015
internal_value=-4.74116e-05 -0.00122302 0.00164792 -0.00242725 -0.00165722 0.015642 -0.00184828 -0.0022218 0.000151015 -0.00171927 -0.00388129 -0.00679519 -0.0016523 0.00161731
internal_weight=91358.5 21289.5 6290.03 14999.4 5095.41 1194.62 14399.1 14033.5 4387.29 3617.06 2851.34 2014.61 13522.5 3734.02
internal_count=620322 124493 35049 89444 28691 6358 86012 84042 24493 20221 16198 11613 81132 20891
is_linear=0
shrinkage=0.05


Tree=204
num_leaves=15
num_cat=0
split_feature=27 60 70 8 58 19 72 72 73 70 14 14 84 58
split_gain=12.8831 39.1362 15.8716 14.7113 20.6524 20.3661 14.2386 48.6972 34.0521 47.5925 29.8549 26.1188 23.7592 22.8993
threshold=0.43226784467697149 4.5000000000000009 -0.001307874626945704 1.0000000180025095e-35 0.0089838448911905306 0.0054310970008373269 0.0046126006636768588 0.0040987152606248864 0.56275683641433727 -0.0024086254416033621 0.85503226518630993 0.21915253996849063 2.5000000000000004 0.006661635823547841
decision_type=2 8 2 2 2 10 10 8 2 2 8 8 2 2
left_child=1 2 -1 6 5 -5 7 8 12 -10 13 -9 -2 -11
right_child=3 -3 -4 4 -6 -7 -8 11 9 10 -12 -13 -14 -15
leaf_value=0.00030064712348928409 -0.016483980153365163 0.012904315074678705 -0.0075506745465922474 0.003591609660845819 -0.0038263812585400433 -0.005093996569960707 0.00012192287102692722 -0.0082260717407198342 0.016682819643017301 0.0043494847467848317 -0.013035789184072753 0.0047917146916657332 0.0017922937015067567 -0.0076701791691395739
leaf_weight=959.72439470235258 405.43958668783307 333.05302904732525 1940.1209819111973 7812.5961509449407 1333.5242820307612 729.92195693030953 70170.743135594763 3015.4573538675904 545.60166243091226 2521.298055652529 336.20783695951104 434.89776378124952 307.77736406587064 460.39571932330728
leaf_count=6178 2860 1863 13976 59166 8087 4211 458363 25886 4627 23054 3088 2867 2307 3427
internal_value=9.41134e-06 -0.00308561 -0.00496012 0.000123357 0.00194069 0.00284437 -0.000106383 -0.00209985 0.00128178 0.00313869 0.000868034 -0.00657615 -0.00868142 0.00247412
internal_weight=91306.8 3232.9 2899.85 88073.9 9876.04 8542.52 78197.8 8027.08 4576.72 3863.5 3317.9 3450.36 713.217 2981.69
internal_count=619960 22017 20154 597943 71464 63377 526479 68116 39363 34196 29569 28753 5167 26481
is_linear=0
shrinkage=0.05


Tree=205
num_leaves=15
num_cat=0
split_feature=19 27 49 13 4 70 72 73 73 72 74 74 14 70
split_gain=16.1404 17.2336 28.5351 23.1641 22.0286 25.516 23.9155 24.5596 36.013 30.7773 28.0403 28.1182 23.2562 22.3357
threshold=-0.019956167787313458 0.65456205606460582 -0.25529228150844568 0.16020391881465915 0.025000001303851608 0.0041887781117111453 0.0067101612221449622 0.5149003565311433 0.59703505039215099 0.0097154779359698313 0.00067992354161106061 -0.0041170166805386535 0.093791961669921889 0.00017566554015502336
decision_type=8 2 2 8 8 2 8 2 2 8 2 2 8 2
left_child=-1 2 -2 -3 -4 6 -6 9 12 -8 11 -11 -9 -10
right_child=1 3 4 -5 5 -7 7 8 13 10 -12 -13 -14 -15
leaf_value=-0.0033855679280254385 0.0081999173577646835 0.0006584833812841237 -0.0062388986432681051 -0.012127278245786664 -0.0026677925284004293 -0.0038841525971772561 -0.0082807034679354321 0.020234767664968858 -0.0019246300699360429 0.0042750338896931023 0.013624264323373065 -0.0094652786522603505 0.003724507666573262 0.0078937150399891447
leaf_weight=3161.2169409021735 769.7357759103179 70281.226453291252 2199.5582920033485 346.06025309860706 3617.948585415259 4765.6126125454903 940.39662647619843 548.00686763972044 1386.1067467238754 1068.7339653484523 440.33709299005568 558.61594201531261 353.92689224891365 981.40672516077757
leaf_count=17492 4238 478601 25045 2105 24876 30245 5633 3231 8670 6186 2473 3376 2088 6315
internal_value=0.000119136 0.000245037 -0.00115296 0.000594128 -0.00158456 -0.000882502 0.00056554 0.0024303 0.00542332 -0.000829972 0.00258221 -0.000470568 0.0138679 0.00216146
internal_weight=91418.9 88257.7 17630.4 70627.3 16860.7 14661.1 9895.48 6277.53 3269.45 3008.08 2067.69 1627.35 901.934 2367.51
internal_count=620574 603082 122376 480706 118138 93093 62848 37972 20304 17668 12035 9562 5319 14985
is_linear=0
shrinkage=0.05


Tree=206
num_leaves=15
num_cat=0
split_feature=69 71 71 70 68 84 68 69 71 72 68 72 84 4
split_gain=15.556 45.0702 75.1798 46.1099 43.2845 55.8455 41.1406 37.8955 54.8571 77.177 72.5714 64.7258 98.6905 54.7843
threshold=0.10132142156362535 0.018401729874312881 0.019246594049036506 0.0046999931801110515 0.028358574956655506 1.5000000000000002 0.041905201971530921 0.090995021164417281 0.011167324613779785 0.0089111742563545721 0.039957420900464065 0.0064592105336487302 1.0000000180025095e-35 0.10833333432674409
decision_type=8 2 2 2 8 2 8 10 2 10 10 10 2 8
left_child=7 -2 3 -3 5 -4 -6 -1 11 10 -10 -9 -13 -14
right_child=1 2 4 -5 6 -7 -8 8 9 -11 -12 12 13 -15
leaf_value=0.00014190277038485989 -0.0021619573448819498 0.026830877989725006 -0.0066282890926174709 0.0031811457379558833 -0.010298138917886215 0.019250688129317003 0.0014898265054478456 -0.0079015280939496464 0.028588786594823268 -0.0024450179011895647 0.0061672238323435425 -0.015757162536859364 0.017987232701944855 0.0019141163151652188
leaf_weight=61781.236646331847 18125.404239488766 474.56005569919944 315.02002752199769 363.88844319805503 1045.7240354921669 583.43716200627387 2469.6980476137251 1395.308768783696 709.32003922574222 748.90814780071378 738.39124626293778 443.76620414294302 1050.9523344039917 1064.9644203539938
leaf_count=416180 128695 2898 2165 2584 7323 3876 16753 10074 4624 4647 5085 2804 6804 5416
internal_value=0.000132002 -0.000980229 0.00309419 0.0167253 0.000472905 0.0102038 -0.00203598 0.000514842 0.004254 0.0105702 0.0172736 0.000728135 0.00544469 0.00994451
internal_weight=91310.6 23377.7 5252.33 838.448 4413.88 898.457 3515.42 67932.8 6151.61 2196.62 1447.71 3954.99 2559.68 2115.92
internal_count=619928 164294 35599 5482 30117 6041 24076 455634 39454 14356 9709 25098 15024 12220
is_linear=0
shrinkage=0.05


Tree=207
num_leaves=15
num_cat=0
split_feature=79 68 74 84 74 70 70 73 24 70 68 68 72 72
split_gain=14.5014 29.6581 16.2434 13.7522 54.5283 59.609 75.8634 82.4358 80.8748 59.4266 44.6365 90.0356 106.876 137.074
threshold=-0.063099931925535188 0.016908494755625728 0.00034107784449588513 3.5000000000000004 -0.017591366544365879 0.0085936025716364401 0.0078228558413684385 0.29632481932640081 0.0065981103107333192 -0.0020995229715481396 0.033242782577872283 0.025959110818803314 0.013164927251636984 0.016003454104065899
decision_type=8 10 2 2 2 2 2 2 2 2 10 10 10 8
left_child=1 -1 -3 -2 -5 6 7 8 9 -6 11 12 -9 -14
right_child=3 2 -4 4 5 -7 -8 10 -10 -11 -12 -13 13 -15
leaf_value=-0.0087179947525700408 0.00041877156719619368 0.002866687881272879 -0.003116722094725792 -0.013109674486801904 0.0084642458007873258 -0.0071055452255657349 0.018394940428689815 0.0014805903439508794 -0.0076153907183921024 0.03354722782382917 0.0033562268074474304 -0.015492413723226271 -0.033690174164390775 0.0052059990927415915
leaf_weight=1422.9229865018278 68209.454586770386 2021.9167248532176 2557.8881012583151 895.05547530949116 558.74585533887148 2812.1768021667376 581.53900351002812 5765.1804589536041 382.55615663155913 411.28504742495716 3555.411241158843 1275.6643008738756 512.86017393320799 395.46691886149347
leaf_count=10260 460534 14416 19348 6099 2982 18027 4132 40204 2201 2087 24687 9859 3359 2231
internal_value=-6.66215e-05 -0.00243995 -0.000474644 0.000100552 -0.00116489 -0.000499341 0.000887325 8.17626e-05 0.0117112 0.019333 -0.00129448 -0.0033762 -0.00104043 -0.0168833
internal_weight=91358.1 6002.73 4579.8 85355.4 17145.9 16250.9 13438.7 12857.2 1352.59 970.031 11504.6 7949.17 6673.51 908.327
internal_count=620426 44024 33764 576402 115868 109769 91742 87610 7270 5069 80340 55653 45794 5590
is_linear=0
shrinkage=0.05


Tree=208
num_leaves=15
num_cat=0
split_feature=15 3 5 69 70 69 68 72 69 69 69 69 69 71
split_gain=12.8538 17.7253 18.9609 17.4784 27.0172 20.9256 44.6649 84.5859 29.7204 33.7085 37.2326 38.5433 47.8556 42.2755
threshold=22.537690162658695 0.57500001788139354 0.71724092960357677 0.15170435607433322 0.0032670982182025914 0.13544805347919467 0.043877916410565383 0.005797827150672675 0.11214033514261247 0.067736379802227034 0.0735662877559662 0.076374165713787093 0.077910721302032485 0.012805075850337745
decision_type=8 2 2 10 2 10 10 10 10 8 8 8 8 2
left_child=3 2 -2 5 -5 8 -7 -8 9 -1 -11 -12 -13 -14
right_child=1 -3 -4 4 -6 6 7 -9 -10 10 11 12 13 -15
leaf_value=-6.5248631121528054e-05 -0.012207553430554801 0.0042305807606903608 -0.00064302896522663194 0.0015303350521640381 -0.015859869458877015 0.01746886484376297 0.018486995882942895 -0.013193504518162223 -0.0032089860211978248 0.0098336289025778498 -0.0094735367102675456 0.017282672282028365 -8.1920443318849256e-05 0.0064328489757620308
leaf_weight=25133.260396288708 347.45083709154278 1862.3061185330153 42674.304921543226 496.84017154946923 393.38746087625623 568.3644283823669 341.55423741415143 515.86401153355837 4585.1967054419219 1727.7489542998374 679.6073161251843 526.49511539563537 7795.0869376584888 3648.9247268289328
leaf_count=166614 3088 10414 292360 3133 2721 3311 1874 3387 32606 12077 4791 3417 54960 25215
internal_value=7.10956e-05 -0.000532139 -0.000739241 0.000654456 -0.00624513 0.000790726 0.00673122 -0.000505878 0.000597167 0.00103957 0.00296954 0.00202502 0.00268519 0.00199912
internal_weight=91296.4 44884.1 43021.8 46412.3 890.228 45522.1 1425.78 857.418 44096.3 39511.1 14377.9 12650.1 11970.5 11444
internal_count=619968 305862 295448 314106 5854 308252 8572 5261 299680 267074 100460 88383 83592 80175
is_linear=0
shrinkage=0.05


Tree=209
num_leaves=15
num_cat=0
split_feature=70 69 70 71 70 5 53 71 14 50 71 72 59 72
split_gain=17.4101 58.9406 56.0021 59.3998 34.887 29.4071 32.4053 32.575 31.127 42.7361 30.1486 27.9312 105.456 80.8815
threshold=-0.0087212771177291853 0.12782794237136844 -0.011970254592597483 -0.033527091145515435 -0.006910554599016904 1.0789279341697695 -0.42008629441261286 0.01045523537322879 0.10292996838688852 0.036508936434984214 -0.0060160553548485032 0.019676754251122478 1.5000000000000002 0.019335029646754268
decision_type=2 10 2 2 2 2 10 2 10 2 2 8 10 10
left_child=1 2 -1 -4 5 6 10 8 9 -8 -2 13 -13 -6
right_child=4 -3 3 -5 11 -7 7 -9 -10 -11 -12 12 -14 -15
leaf_value=-0.00031783717536155867 -0.011609126610936873 0.017727253806444351 0.012550968746620532 -0.0099294384429744476 3.2240687688595274e-05 -0.0039682625660183114 0.0047999522348933857 -0.0034087607896117981 0.0027010923474379625 0.023674971810089433 0.0085159027841019627 -0.020002369787602184 0.0018519067081707809 0.024171200059328071
leaf_weight=9145.451301285997 378.04048922471702 366.20509224757552 316.02169324085116 3095.7299490896985 71792.178140424192 733.76194527000189 472.55358475632966 365.54086846485734 543.3296648748219 840.7978032771498 347.93628214858472 804.95257260650396 1706.2182504013181 338.70359297282994
leaf_count=55644 2268 1899 1810 20144 500969 4369 3120 2431 3202 5113 1944 5283 9524 1795
internal_value=-7.78138e-05 -0.00177734 -0.00235981 -0.00781654 0.000202799 0.00494729 0.00717215 0.0101573 0.0128321 0.0169712 -0.00197922 -3.18701e-05 -0.005205 0.000148924
internal_weight=91247.4 12923.4 12557.2 3411.75 78324 3681.96 2948.2 2222.22 1856.68 1313.35 725.977 74642.1 2511.17 72130.9
internal_count=619515 79497 77598 21954 540018 22447 18078 13866 11435 8233 4212 517571 14807 502764
is_linear=0
shrinkage=0.05


Tree=210
num_leaves=15
num_cat=0
split_feature=72 71 69 70 72 73 71 71 70 1 72 72 74 53
split_gain=18.2987 48.3539 66.5249 53.2577 57.807 48.4945 42.7346 67.224 29.7446 28.4413 25.1716 75.2946 53.3375 41.6573
threshold=0.003753507044166327 0.016468616202473644 0.109159953892231 -0.0014585852622985838 0.0033026935998350386 0.59913459420204174 0.01100924424827099 0.0068225695285946139 0.002313740318641067 0.018622364848852161 0.0046126006636768588 0.0046515460126101979 0.0047885745298117408 -0.3378517478704452
decision_type=8 2 8 2 10 2 2 2 2 8 10 10 2 10
left_child=1 2 3 4 -1 -5 7 8 -7 -4 12 -12 -2 -14
right_child=10 -3 9 5 -6 6 -8 -9 -10 -11 11 -13 13 -15
leaf_value=0.00079269817602608313 -0.0056111374869581626 0.021763089228704798 -0.02257720036382958 -0.013670187478319077 0.029207497039301707 -0.0028362334375415322 -0.012731783171799876 0.027871563830158298 0.017118482340244986 -0.0012194295426220126 0.021826397929958236 -4.6695257506129863e-05 0.024282194116561701 0.0013577211232563124
leaf_weight=322.52845768816769 4846.3997830571607 317.45671818964183 338.37736154906452 440.73222397640347 393.80165256373584 756.79088765010238 275.0656864605844 328.42097909934819 237.05492899939418 284.26820020377636 385.35837705433369 81262.548330024816 241.06667738966644 946.95311214122921
leaf_count=2843 40852 2239 3924 3790 3171 7080 2707 3036 2154 1895 2740 534130 1592 8380
internal_value=-2.58722e-05 0.00341628 0.00163244 0.00497518 0.0166008 0.000827972 0.00488843 0.00862194 0.00204654 -0.0129997 -0.000171281 5.92007e-05 -0.00328472 0.00617329
internal_weight=91376.8 3694.5 3377.04 2754.39 716.33 2038.06 1597.33 1322.27 993.846 622.646 87682.3 81647.9 6034.42 1188.02
internal_count=620533 32839 30600 24781 6014 18767 14977 12270 9234 5819 587694 536870 50824 9972
is_linear=0
shrinkage=0.05


Tree=211
num_leaves=15
num_cat=0
split_feature=15 72 68 68 68 84 72 68 71 72 4 71 71 68
split_gain=13.6203 18.1161 76.6657 104.399 50.9258 29.6505 37.4125 57.4911 103.841 53.1451 39.7915 33.0956 44.3602 41.1995
threshold=17.56720066070557 0.011299594305455686 -0.044340465217828744 -0.038501890376210206 -0.03380355425179004 1.5000000000000002 0.013102645520120861 0.011834083124995233 -0.031000258401036259 0.01251419819891453 0.12500000372529033 -0.0016955306055024264 -0.0093788374215364439 -0.056210340932011597
decision_type=8 10 10 10 10 2 10 10 2 10 8 2 2 8
left_child=-1 2 -2 -4 -5 11 7 8 -7 10 -10 12 -3 -13
right_child=1 5 3 4 -6 6 -8 -9 9 -11 -12 13 -14 -15
leaf_value=0.00084451931483423394 -0.018300903183769243 -0.0005425745748954265 0.021790183725386474 -0.019598249280698126 -0.00092262198457350507 -0.0070044228234324426 0.00047833398533674005 -0.00082139162603827275 0.019948477697069186 0.028373663758227113 -0.0017687934868643364 -0.018449195428171243 0.01480428362461845 -0.0029210096899023718
leaf_weight=25510.559254432097 626.18351402133703 3136.7693244349211 494.79274295270443 358.09486744180322 44302.060866903514 533.43600707314909 8592.3099817819893 1530.7652830090374 435.48054225370288 715.71473467350006 397.73412569426 475.69183353707194 543.89975691214204 3600.5130872717127
leaf_count=172827 4166 18203 2617 2511 318120 3278 50459 9815 2661 4065 2109 2865 3021 22818
internal_value=-0.0001359 -0.000516404 -0.00106441 -0.000821384 -0.00107672 0.000740283 0.00227576 0.00653706 0.0119244 0.0184464 0.00968373 -0.00167561 0.00175923 -0.00477386
internal_weight=91254 65743.4 45781.1 45154.9 44660.2 19962.3 12205.4 3613.13 2082.37 1548.93 833.215 7756.87 3680.67 4076.2
internal_count=619535 446708 327414 323248 320631 119294 72387 21928 12113 8835 4770 46907 21224 25683
is_linear=0
shrinkage=0.05


Tree=212
num_leaves=15
num_cat=0
split_feature=74 69 84 72 74 70 74 74 69 74 27 84 70 72
split_gain=14.7026 51.8177 48.7999 54.7293 45.085 80.9453 42.8503 38.3783 68.6813 54.8589 58.2616 54.3418 63.4938 50.5873
threshold=-0.010161864571273325 0.091688234359025969 3.5000000000000004 0.018398349173367027 -0.014473744202405213 -0.011970254592597483 -0.0091971782967448217 -0.011505473405122755 0.023124567233026031 -0.014015431515872477 1.3087625503540041 2.5000000000000004 -0.012489960994571446 0.014131831005215647
decision_type=2 10 2 10 2 2 2 2 10 2 2 2 2 10
left_child=1 2 7 4 -4 -6 -2 9 -9 11 -11 -1 13 -13
right_child=6 -3 3 -5 5 -7 -8 8 -10 10 -12 12 -14 -15
leaf_value=-0.00011207318199499343 -0.0086658841866768498 0.0089892280690107001 -0.017766237838038264 0.010944091248724691 0.010135882211471187 -0.018958798470753827 -0.00018854537368409295 0.023356553381485269 -0.0021024106515536486 -0.013100696686876976 0.011001870272166746 -0.0058917569237617751 0.028716116774730901 0.014333885035017377
leaf_weight=4530.831211341545 1510.0871251095086 1935.3481135815382 915.37149401381612 369.81720011122525 552.03985526971519 406.18255972396582 77000.742996059358 524.87668525986373 521.85246969759464 1170.190847473219 310.12800323031843 563.35516690835357 362.08194389939308 663.8664715308696
leaf_count=27526 9725 11190 6384 2141 3210 2581 532195 3022 3350 7672 1869 3561 2088 3782
internal_value=-9.62335e-05 0.00147261 0.00012982 -0.00642456 -0.00989275 -0.00226555 -0.000352682 0.00183573 0.0107641 0.000593602 -0.00801125 0.00268459 0.0106082 0.00507674
internal_weight=91336.8 12825.9 10890.6 2243.41 1873.59 958.222 78510.8 8647.18 1046.73 7600.45 1480.32 6120.13 1589.3 1227.22
internal_count=620296 78376 67186 14316 12175 5791 541920 52870 6372 46498 9541 36957 9431 7343
is_linear=0
shrinkage=0.05


Tree=213
num_leaves=15
num_cat=0
split_feature=17 57 6 74 73 54 72 74 67 70 70 73 74 73
split_gain=13.9983 17.7312 24.0874 21.2797 17.546 26.7013 25.0259 26.3831 16.1539 26.776 31.8928 17.1155 19.895 18.2771
threshold=92.436656951904311 0.018679264001548294 1.1891509890556338 0.005803534761071206 0.50754529237747203 0.29451666772365576 0.01251419819891453 0.015060005243867637 0.0098800547420978563 0.027393514290452007 0.022399511188268665 0.74621546268463146 0.0089735719375312346 0.62619060277938854
decision_type=2 8 2 2 2 8 10 2 2 2 2 2 2 2
left_child=8 2 3 -2 5 -5 7 -6 9 10 -1 13 -13 -10
right_child=1 -3 -4 4 6 -7 -8 -9 11 -11 -12 12 -14 -15
leaf_value=-8.1040630331922017e-05 0.0010002214627209047 -0.0056920776993655891 0.011177261506372093 -0.0086446463647514345 -0.0068246606739705857 0.0088127991614896928 -0.01690063179115783 0.010162542242181827 0.0020556290927554585 -0.011537416771507058 0.010501725097455469 0.0026074079079803445 0.013145969033938871 -0.0018223803626048433
leaf_weight=62073.667005936615 4369.6888051256537 2133.0623109070584 404.45612782984972 370.55607119016349 1319.725310491398 506.41893527098 478.99352663382888 266.79040823318064 12094.440775311552 493.39119275286794 710.18317207880318 1457.0737259630114 641.0413874424994 4047.9019550606608
leaf_count=428509 34531 14192 2818 2460 10436 3178 3218 1806 72176 3161 3951 9500 3945 26601
internal_value=0.00011102 -0.00166844 -0.000550287 -0.00121335 -0.00449283 0.00142205 -0.00699892 -0.00392231 0.000326209 -5.17635e-05 4.03203e-05 0.00163673 0.00587436 0.00108264
internal_weight=91367.4 9849.69 7716.63 7312.17 2942.48 876.975 2065.51 1586.52 81517.7 63277.2 62783.9 18240.5 2098.12 16142.3
internal_count=620482 72639 58447 55629 21098 5638 15460 12242 547843 435621 432460 112222 13445 98777
is_linear=0
shrinkage=0.05


Tree=214
num_leaves=15
num_cat=0
split_feature=15 73 69 79 69 53 54 2 54 27 27 65 69 15
split_gain=16.0079 21.9165 28.7104 16.0674 40.5597 15.4572 18.5602 17.588 17.3096 18.1852 16.8057 15.8204 15.377 15.3611
threshold=20.727342605590824 0.87868535518646251 0.03979728743433953 0.20542863011360171 -0.029061963781714436 -0.12511903047561643 0.13667886704206469 0.017515875399112705 0.20745809376239779 1.8402579426765444 1.2398698329925539 -0.0050486042164266101 -0.060190718621015542 10.449746131896974
decision_type=8 2 8 10 10 10 10 2 8 2 2 10 10 10
left_child=3 -2 -3 5 12 8 -7 10 9 13 -8 -12 -5 -1
right_child=1 2 -4 4 -6 6 7 -9 -10 -11 11 -13 -14 -15
leaf_value=0.010072636242002305 -0.00057460282079789158 0.0023937914181810693 -0.018025028935512621 0.0019427099221444517 -0.0034541715165277613 -0.0092643885122928801 0.0017891246813618795 -0.00065822295164507088 0.0032816234792712 0.011069641470662186 0.0034657232988324622 0.020465300833778413 0.011957206959853299 -0.0010469878642415757
leaf_weight=316.88185709156096 51350.593720981851 293.47401066031307 399.33967259339988 1171.1088274344802 5767.0086380559951 526.04658737592399 1909.8890055585653 10566.759968526661 11354.380859483033 348.58321109972894 290.83680007979274 257.11701823212206 563.48138912767172 6228.4821340329945
leaf_count=2140 348621 2201 3480 6264 32186 5953 24715 70465 71446 2227 3209 2840 3028 41358
internal_value=-0.000119609 -0.000694745 -0.00946468 0.000641993 -0.00143817 0.00113302 -0.000146294 0.000228799 0.00208255 0.000105785 0.0040295 0.0116663 0.00524581 -0.000494107
internal_weight=91344 52043.4 692.814 39300.6 7501.6 31799 13550.6 13024.6 18248.3 6893.95 2457.84 547.954 1734.59 6545.36
internal_count=620133 354302 5681 265831 41478 224353 107182 101229 117171 45725 30764 6049 9292 43498
is_linear=0
shrinkage=0.05


Tree=215
num_leaves=15
num_cat=0
split_feature=50 6 70 71 74 70 74 58 68 68 70 71 71 74
split_gain=14.4579 19.5684 18.5651 98.6486 79.5248 68.5441 61.6458 45.2466 49.7601 44.3549 84.9287 66.172 90.2939 57.0933
threshold=0.23159109801054004 1.1891509890556338 -0.00028305046726018185 -0.051636332646012299 0.005803534761071206 9.570699330652134e-05 0.0078995502553880232 0.0043768514879047879 -0.070670504122972475 0.011834083124995233 -0.017683968879282471 -0.0090665640309452993 -0.0002741747885011136 -0.001689549535512924
decision_type=2 2 2 2 2 2 2 2 10 8 2 2 2 2
left_child=1 2 4 -4 7 -5 -6 9 -9 -1 -11 13 -13 -12
right_child=-2 -3 3 5 6 -7 -8 8 -10 10 11 12 -14 -15
leaf_value=-0.0026275018963479732 0.001761346166234807 0.010136561032692401 -0.026105949161102128 -0.010130819026873171 0.031635778289909038 -0.00042637930157504576 0.0023658247738505018 0.019097612263489463 0.0026163463474373344 -0.022252693217390145 0.0062637152169790714 -0.006160165479429801 0.0033388061050552489 0.028282140703025149
leaf_weight=14904.420993016101 9260.7041230294853 434.86852528713644 379.65805690176785 1890.2679323311895 347.65838808193803 42879.128685145639 365.43646843545139 485.27423094958067 6168.0596060249954 363.64802610874176 1478.5868203062564 3530.6962170526385 8516.3518795287237 360.65739027038217
leaf_count=95482 53532 3172 2390 14737 2038 302562 2210 2459 38332 2454 9410 26103 63462 2185
internal_value=-0.000110375 -0.000321678 -0.000378599 -0.0010565 0.000459525 -0.000838294 0.0168761 0.000127975 0.0038453 -0.000721384 0.00127272 0.00190437 0.000552089 0.0107109
internal_weight=91365.4 82104.7 81669.8 45149.1 36520.8 44769.4 713.095 35807.7 6653.33 29154.4 14249.9 13886.3 12047 1839.24
internal_count=620528 566996 563824 319689 244135 317299 4248 239887 40791 199096 103614 101160 89565 11595
is_linear=0
shrinkage=0.05


Tree=216
num_leaves=15
num_cat=0
split_feature=25 73 69 71 72 69 69 71 68 72 68 72 69 69
split_gain=13.1555 19.6935 64.3869 59.2873 72.9311 74.0513 74.8621 50.8977 78.2243 76.0832 52.8958 63.8266 81.3193 55.4619
threshold=0.1431703865528107 0.68223786354064953 0.1405192241072655 0.045635942369699485 0.016811436042189602 -0.011117002926766871 -0.0020994962542317803 0.001149674935732037 0.034757858142256744 0.0058862892910838136 0.049752205610275275 0.0034436949063092475 0.080389901995658888 0.13680395483970645
decision_type=8 2 10 2 10 8 8 2 10 10 10 10 10 8
left_child=1 2 -1 4 5 -3 -7 8 -8 -10 11 12 -9 -12
right_child=-2 3 -4 -5 -6 6 7 10 9 -11 13 -13 -14 -15
leaf_value=0.00020960168085858524 0.0018052421129372686 0.012374159839775122 0.019966952399760582 0.015277138147315187 -0.016804850681752449 -0.027129776029194797 0.011176615681983748 -0.0022520744151914274 -0.021194607038370228 0.0032242892560655615 0.0049487927610097583 -0.0065285535961257567 0.036147599943845247 -0.0082463363028165808
leaf_weight=62218.523204135709 10417.630967825651 924.66861702129245 405.11719841137528 500.768012303859 785.00133687444031 283.39062117878348 1726.8885876331478 429.90923864394426 456.34769780933857 1002.9061649125069 3092.9335796562955 7897.0275409342721 192.22714305482805 1061.5554503295571
leaf_count=414389 63060 5657 2327 3421 5130 2226 12664 4690 3676 6757 22851 64671 1794 7575
internal_value=0.00013366 -8.15837e-05 0.000340581 -0.00152144 -0.00200092 -0.0013106 -0.00210163 -0.0016376 0.00400307 -0.00450443 -0.0030577 -0.00531144 0.00999676 0.00156547
internal_weight=91394.9 80977.3 62623.6 18353.6 17852.9 17067.9 16143.2 15859.8 3186.14 1459.25 12673.7 8519.16 622.136 4154.49
internal_count=620888 557828 416716 141112 137691 132561 126904 124678 23097 10433 101581 71155 6484 30426
is_linear=0
shrinkage=0.05


Tree=217
num_leaves=15
num_cat=0
split_feature=69 74 71 84 69 71 53 84 70 74 74 70 74 71
split_gain=15.8932 44.2951 63.1489 46.8459 52.9465 42.6043 42.732 37.5289 54.991 70.8239 64.4254 41.0973 39.0352 38.6233
threshold=0.10023048147559167 -0.0042312266305088988 -0.0016955306055024264 3.5000000000000004 0.12238149344921113 0.016468616202473644 -0.11070439219474791 1.5000000000000002 0.0014800503849983218 0.0022695042425766592 0.0054688670206815013 -0.00081398707698099304 0.00063724542269483219 0.025396961718797687
decision_type=10 2 2 2 10 2 8 2 2 2 2 2 2 2
left_child=-1 2 -2 7 5 -5 -7 13 11 12 -11 -9 -10 -3
right_child=1 3 -4 4 -6 6 -8 8 9 10 -12 -13 -14 -15
leaf_value=0.00030902577608181306 -0.0050766391657099952 -0.0056341287920377604 0.0067291752794344049 -0.021229441021004214 -0.00072573109977810111 -0.016230815046186172 0.0096759163186597597 0.0036199032132276272 0.0064033382613774784 -0.014685659866928356 0.0052916276571958838 -0.010507786515034086 0.026596689844578466 0.0053920559895084038
leaf_weight=71867.898279862478 1704.5704307034612 5255.5192203838378 3332.3012390136719 943.21288400515914 1227.9928832091391 334.80330725759268 286.60316163115203 876.91807009279728 466.19364012219012 503.15317671559751 1880.514486355707 1222.8646671138704 500.41225952655077 927.09034092910588
leaf_count=485880 10823 37264 21784 7141 8427 2197 2294 5971 3361 3660 13090 9037 3244 6399
internal_value=-3.42439e-05 -0.00130134 0.00273173 -0.00271049 -0.0085139 -0.014583 -0.00431819 -0.00131117 0.00171212 0.0056818 0.00103101 -0.00461854 0.0170227 -0.0039747
internal_weight=91330 19462.1 5036.87 14425.3 2792.61 1564.62 621.406 11632.7 5450.06 3350.27 2383.67 2099.78 966.606 6182.61
internal_count=620572 134692 32607 102085 20059 11632 4491 82026 38363 23355 16750 15008 6605 43663
is_linear=0
shrinkage=0.05


Tree=218
num_leaves=15
num_cat=0
split_feature=72 72 69 73 72 72 73 69 69 72 69 1 73 73
split_gain=19.1745 26.4542 108.877 49.1257 21.493 53.2444 37.3403 89.0786 56.7221 43.911 35.4508 29.9752 27.1355 55.1443
threshold=0.002932130941189826 0.0034436949063092475 0.076374165713787093 0.60302037000656139 0.0046126006636768588 0.0046515460126101979 0.56275683641433727 0.061152415350079543 0.11361549049615861 0.0042985687032341966 0.054390531033277519 0.016532652080059055 0.6410336196422578 0.64713975787162792
decision_type=10 10 10 2 10 10 2 8 10 10 10 10 2 2
left_child=-1 2 3 -2 6 -6 8 9 10 -8 11 -3 -7 -14
right_child=1 4 -4 -5 5 12 7 -9 -10 -11 -12 -13 13 -15
leaf_value=-0.0096040700534719692 0.019639075925731643 0.0044852311801589625 0.035234742596621328 -0.0053066037015096611 0.018170329349041919 0.00066249882236680744 0.01438199021945928 -0.0041305821042686821 0.0075438369924359754 -0.0075712772001434257 -0.02108472258832297 -0.015709758938708126 -0.012373923297280159 -0.00081786607137239757
leaf_weight=513.27794966753572 241.21881903149188 369.711974484846 261.59950270690024 910.55553107336164 396.8272618856281 55249.203082866035 1158.2319161444902 4513.7096872385591 408.05697079747915 276.21990783885121 731.33678533509374 348.68402498215437 1067.2445937655866 24826.362776422873
leaf_count=5174 2014 3471 2345 8488 2782 349655 9860 38972 2535 2429 6367 2030 7819 176164
internal_value=-6.03444e-05 -5.3187e-06 0.00675748 4.19032e-05 -0.000113045 0.000127024 -0.00261772 -0.000679925 -0.00878518 0.0101315 -0.0134015 -0.00539781 3.65557e-05 -0.00129876
internal_weight=91272.2 90759 1413.37 1151.77 89345.6 81539.6 7805.95 5948.16 1857.79 1434.45 1449.73 718.396 81142.8 25893.6
internal_count=620105 614931 12847 10502 602084 536420 65664 51261 14403 12289 11868 5501 533638 183983
is_linear=0
shrinkage=0.05


Tree=219
num_leaves=15
num_cat=0
split_feature=17 27 50 69 74 73 74 72 4 69 72 72 69 72
split_gain=12.9879 13.9091 13.8986 19.3872 38.059 24.1736 48.9692 47.7981 44.5754 36.4386 31.5442 35.0324 56.3116 59.9022
threshold=98.981193542480483 1.0325074195861819 0.2087800279259682 0.11214033514261247 -0.012972702737897633 0.72783133387565624 0.018441225402057174 0.016811436042189602 0.22500000149011615 -0.011117002926766871 0.0034436949063092475 0.0052435607649385938 0.097612064331769957 0.0061240387149155149
decision_type=2 2 2 10 2 2 2 10 8 8 10 10 10 10
left_child=2 -2 3 5 -5 -1 7 8 9 -7 -11 -12 13 -13
right_child=1 -3 -4 4 -6 6 -8 -9 -10 10 11 12 -14 -15
leaf_value=0.00045623386059041415 -0.010085264180255796 -0.00050288051158534108 0.0017134717603507262 0.014127943699588927 -0.0026673499075976531 0.0089787120001232311 0.014213101533628026 -0.016793152671280002 0.005048062833160314 0.0083383657294898456 -0.01433292343059453 0.011924728433029877 -0.02042359089640489 -0.0051945810661294398
leaf_weight=59775.406932320446 652.09047087095678 887.34444052167237 10625.117343153805 338.34564852714539 10796.111713425256 465.98646476585418 410.47636757791042 596.42572216503322 1643.8741599954665 374.08988005854189 1110.5478744916618 624.19312615972012 458.79649506136775 2623.448627980426
leaf_count=403459 5397 6461 61415 1894 76452 3097 2575 4046 9895 4031 10893 5498 3950 21640
internal_value=-6.20002e-05 -0.00460078 1.62741e-05 -0.000211551 -0.00214477 0.000104879 -0.00242065 -0.00330209 -0.00217852 -0.00428368 -0.00548918 -0.00657808 -0.00422221 -0.00187776
internal_weight=91382.3 1539.43 89842.8 79217.7 11134.5 68083.2 8307.84 7897.36 7300.94 5657.06 5191.08 4816.99 3706.44 3247.64
internal_count=620703 11858 608845 547430 78346 469084 65625 63050 59004 49109 46012 41981 31088 27138
is_linear=0
shrinkage=0.05


Tree=220
num_leaves=15
num_cat=0
split_feature=68 72 72 71 72 68 72 72 54 70 71 72 74 71
split_gain=14.06 37.7292 50.389 45.7301 42.2415 18.8235 63.9945 86.6155 65.4305 82.1424 46.9507 82.763 35.8004 35.4327
threshold=0.063369292765855803 0.011404855176806452 0.014507370535284283 0.035684701055288322 0.0053569187875837096 0.049752205610275275 0.0073252643924206504 0.0068242857232689866 0.48850095272064215 0.0032670982182025914 -0.0090665640309452993 0.014061937574297191 -0.0026918275980278845 0.018401729874312881
decision_type=8 10 10 2 8 10 10 10 8 2 2 10 2 2
left_child=5 4 3 -3 -2 -1 7 8 9 12 -8 13 -7 -12
right_child=1 2 -4 -5 -6 6 10 -9 -10 -11 11 -13 -14 -15
leaf_value=-5.3172482283587576e-05 0.0039998277391558486 0.013155928551034247 -0.0089787914800372719 -0.0081020841495070151 -0.015530975312600418 0.012213265764882915 0.013988029373390696 0.023812573560129918 -0.0046087943779659713 0.02588083239779649 -0.0068765007628899047 -0.02599190563507003 -0.011387988210010551 0.0062420447663979542
leaf_weight=82157.395464234985 389.24235284142196 904.24359338730574 754.28604622278363 342.01746605522931 919.83250746689737 287.50224980339408 362.67802558839321 657.10413905791938 1230.517824858427 543.43329140357673 1145.6270310766995 386.23814308643341 339.39587933756411 918.30886848643422
leaf_count=558177 2658 5160 4799 2372 7352 2309 1986 4207 8364 4030 8005 2742 2801 5934
internal_value=2.19809e-05 -0.00317236 0.00115057 0.00730393 -0.00973736 0.000142426 0.00287511 0.00787041 0.00342642 0.0118423 -0.0025641 -0.00506107 -0.000542382 -0.0010377
internal_weight=91337.8 3309.62 2000.55 1246.26 1309.07 88028.2 5870.81 3057.95 2400.85 1170.33 2812.85 2450.17 626.898 2063.94
internal_count=620896 22341 12331 7532 10010 598555 40378 21711 17504 9140 18667 16681 5110 13939
is_linear=0
shrinkage=0.05


Tree=221
num_leaves=15
num_cat=0
split_feature=27 63 53 3 25 68 68 71 71 69 72 72 71 69
split_gain=14.1375 25.3279 20.1408 15.2088 14.7607 21.4193 19.5986 13.8212 66.1526 64.0212 80.814 122.251 59.0209 72.9337
threshold=0.50037088990211498 0.8046187460422517 -0.041622588410973542 0.32500000298023229 0.1431703865528107 0.023563451133668426 0.016908494755625728 -0.012742594350129364 -0.011045068968087433 -0.013108383864164351 0.0084346784278750437 0.005797827150672675 -0.017081339843571183 -0.024361428804695603
decision_type=2 8 8 2 10 10 8 2 2 8 10 10 2 8
left_child=1 2 4 -3 5 6 -1 12 9 -9 11 -11 13 -2
right_child=7 3 -4 -5 -6 -7 -8 8 -10 10 -12 -13 -14 -15
leaf_value=0.00024937688658310955 -0.0044784663404297733 -0.012022603032891854 -0.0065477687095246741 0.0010964317507579876 0.0075478363646853189 -0.0053128937256911816 0.012638012335760188 -0.0081089476745984813 0.00029571599517578954 0.025376900106861285 0.028044569187919394 -0.011945866525750493 -0.0071148677216414605 0.0028939021816320621
leaf_weight=1385.491560107097 5121.8507480286062 888.63781015668064 1114.2326796017587 290.83848305791616 704.33841797523201 1291.6948471739888 404.98691365495324 390.13285723980516 65241.052161839791 381.88255351781845 624.16545553319156 489.24842246994376 3224.0375720076263 9677.5418906416744
leaf_count=8558 29626 6699 8935 1633 4127 8996 2696 2268 458728 2623 3535 3271 21205 57063
internal_value=6.6772e-05 -0.00226047 -0.000670501 -0.00880565 0.00107166 -0.000427904 0.00310618 0.000233197 0.000563283 0.00977143 0.0144594 0.00451784 -0.000995805 0.000341133
internal_weight=91230.1 6080.22 4900.74 1179.48 3786.51 3082.17 1790.48 85149.9 67126.5 1885.43 1495.3 871.131 18023.4 14799.4
internal_count=619963 41644 33312 8332 24377 20250 11254 578319 470425 11697 9429 5894 107894 86689
is_linear=0
shrinkage=0.05


Tree=222
num_leaves=15
num_cat=0
split_feature=31 19 17 69 69 84 73 73 73 72 72 72 73 69
split_gain=18.7522 26.0981 22.2162 16.9034 20.3564 66.6789 54.1941 17.6804 52.2408 22.0218 20.2017 24.6905 57.5963 59.7482
threshold=17.644791603088382 -0.015958718024194237 9.7535676956176776 -0.13803395628929135 -0.10739394277334212 1.5000000000000002 0.19408389180898669 0.11478942260146142 0.15441858023405078 0.014507370535284283 0.031940873712301261 0.014131831005215647 0.36005610227584844 -0.082434166222810731
decision_type=2 8 2 8 8 2 2 2 2 8 10 10 2 10
left_child=2 -2 -1 -3 5 -5 -7 9 -9 -6 11 -10 13 -13
right_child=1 3 -4 4 7 6 -8 8 10 -11 -12 12 -14 -15
leaf_value=0.0025914245277321429 -0.0037957564096989236 0.0081419118148490285 -0.0014107986845947598 -0.017384542531111501 3.0196700960770432e-06 0.017896396003588087 -0.0088331910730655803 0.017885651327867843 0.00062304055911212427 -0.01583503901928594 -0.0076444817126897812 -0.0052924847570571219 0.00083290833682682093 0.01686117802150483
leaf_weight=3973.4343970334157 3157.3488140385598 777.53835630975664 26787.315882467665 609.85385472793132 590.13572082854807 375.73229119554162 364.23341633472592 445.92611584439874 47440.517934611998 339.43063596263528 674.93739768117666 390.19134367071092 4038.936904605478 1311.33095918037
leaf_count=24299 17573 3800 176427 3723 3543 1877 2202 2562 343106 2097 4136 2278 25156 7450
internal_value=0.000111875 0.000622798 -0.000893148 0.000866639 0.000765242 -0.00527889 0.00479694 0.000913885 0.00103137 -0.00588722 0.000888525 0.000998237 0.00409247 0.0117797
internal_weight=91276.9 60516.1 30760.8 57358.8 56581.2 1349.82 739.966 55231.4 54301.8 929.566 53855.9 53181 5740.46 1701.52
internal_count=620229 419503 200726 401930 398130 7802 4079 390328 384688 5640 382126 377990 34884 9728
is_linear=0
shrinkage=0.05


Tree=223
num_leaves=15
num_cat=0
split_feature=74 69 68 68 4 73 73 71 71 71 58 70 58 68
split_gain=15.9989 15.9998 38.52 118.398 78.415 63.9617 80.2477 45.579 122.48 88.0772 89.8623 51.5958 60.3132 50.5692
threshold=-0.04474180564284324 -0.011117002926766871 -0.012698640115559099 -0.0050752747338265172 0.20833333581686023 0.35803896188735967 0.33640001714229589 -0.0071565646212548009 -0.0021796772489324208 -0.023610853590071198 -0.0021521258167922492 0.0074375541880726823 0.013651566114276649 -0.060296569019556039
decision_type=2 8 10 10 10 2 2 2 2 2 2 2 2 10
left_child=-1 2 5 4 -4 6 7 9 -9 -2 -11 13 -13 -10
right_child=1 -3 3 -5 -6 -7 -8 8 11 10 -12 12 -14 -15
leaf_value=-0.010286122297457352 0.001282059640485932 -0.00029090290396279839 0.035444694563138646 0.0015858777041686959 0.0047680935352917182 -0.0092633150617477036 0.019971752420451655 0.027924351439950885 -0.019482874257810923 -0.02747532018593641 -0.0020097738873910177 0.01743084252260442 -0.0055105166709531654 0.0007058471051051299
leaf_weight=368.88606371171772 3881.6132362997159 75500.319035643712 469.31297590769827 4132.6786406654865 374.72041235119104 1646.284273234196 538.04292699601501 481.80247349105775 443.66954180318862 613.90286731161177 782.80460408888757 715.21423855610192 467.21902037411928 978.5669245030731
leaf_count=2608 21712 528506 2673 24516 1886 10254 3189 2360 2578 3606 4440 4079 2630 5789
internal_value=-3.29288e-05 9.74787e-06 0.00147102 0.00509219 0.0220407 -0.000240521 0.00143647 0.000221811 0.00503916 -0.00259931 -0.0133185 0.000715334 0.00839575 -0.00568412
internal_weight=91395 91026.2 15525.8 4976.71 844.033 10549.1 8902.84 8364.79 3086.47 5278.32 1396.71 2604.67 1182.43 1422.24
internal_count=620826 618218 89712 29075 4559 60637 50383 47194 17436 29758 8046 15076 6709 8367
is_linear=0
shrinkage=0.05


Tree=224
num_leaves=15
num_cat=0
split_feature=27 70 70 70 70 70 69 70 73 73 73 69 69 73
split_gain=15.477 25.2047 32.658 37.9276 32.0155 37.518 36.7358 34.0089 37.0695 38.5794 35.8003 43.6382 55.4744 41.0625
threshold=0.83390966057777416 -0.023748123086988922 -0.010116796009242533 -0.011970254592597483 -0.00033516644907649601 9.570699330652134e-05 0.084356073290109648 0.00050973703037016105 0.6645338535308839 0.57214838266372692 0.41060118377208715 0.03979728743433953 0.061152415350079543 0.43097306787967687
decision_type=2 2 2 2 2 2 10 2 2 2 2 10 10 2
left_child=1 -1 3 -3 -4 6 -6 8 9 -7 11 -9 -13 -12
right_child=-2 2 4 -5 5 7 -8 10 -10 -11 13 12 -14 -15
leaf_value=0.0090602836217060466 0.00065431680856425998 -0.0026078490817639001 0.0016678684871717802 -0.015671822024890654 -0.0025885302934649944 0.0038284690499374449 -0.020984940058427437 -0.00015076700688915651 -0.0039480800382182685 0.027694612441687607 -0.016606883855886219 0.027234724071272004 0.0022811938293200652 -0.0020916831816538499
leaf_weight=645.16186308674514 52785.905280688778 2256.2803592067212 12167.016607980244 729.51189586985856 640.03426176030189 380.33198877051473 465.3576707271859 3044.8622954310849 434.41353944409639 300.79567853361368 492.801429098472 360.47743466123939 563.58309157378972 16052.660895803943
leaf_count=3709 353793 13693 83526 4761 5000 2501 3577 18007 3467 2140 3233 1977 3552 117595
internal_value=9.82182e-05 -0.000663541 -0.000831466 -0.0058414 -0.000401331 -0.00150893 -0.0104519 -0.00104728 0.00741613 0.0146163 -0.0015109 0.00274892 0.012203 -0.00253378
internal_weight=91319.2 38533.3 37888.1 2985.79 34902.3 22735.3 1105.39 21629.9 1115.54 681.128 20514.4 3968.92 924.061 16545.5
internal_count=620531 266738 263029 18454 244575 161049 8577 152472 8108 4641 144364 23536 5529 120828
is_linear=0
shrinkage=0.05


Tree=225
num_leaves=15
num_cat=0
split_feature=71 22 67 74 71 74 73 50 73 72 71 72 71 72
split_gain=16.2514 14.3866 15.5907 14.4117 20.9403 37.4347 22.4869 62.4506 57.9284 42.0261 80.2227 63.2315 114.741 63.8819
threshold=-0.10309150815010069 95.540431976318374 -0.0025055200094357129 -0.034833572804927819 -0.060255499556660645 -0.015180052258074282 0.30249074101448065 0.056268695741891868 0.28450997173786169 0.018020819872617725 -0.0002741747885011136 0.016811436042189602 -0.0037254578201100226 0.016343498602509502
decision_type=2 8 2 2 2 2 2 2 2 10 2 10 2 10
left_child=-1 3 -3 -2 5 -5 7 8 -6 11 -11 13 -13 -8
right_child=1 2 -4 4 6 -7 9 -9 -10 10 -12 12 -14 -15
leaf_value=0.0098323124514289872 -0.0075362355980577436 -0.016025451890798563 -0.0024524928483693306 0.0032130139550769939 0.0041155797102588477 -0.018911088822126346 -0.00018902792467418383 -0.0013607958802483724 0.019154785930115853 0.026005411303324379 0.0022703961213241968 0.0061493741466123472 -0.0213574113433595 0.015096618935739412
leaf_weight=417.06641766615212 597.88533629104495 247.93830763641745 1207.4447765676305 370.87289999611676 4724.7147120358422 379.26837543025613 72278.493808686733 5550.834743052721 732.67291715368629 418.57919813506305 2116.9379799859598 632.65586190856993 922.69528745301068 680.04302857257426
leaf_count=2665 3623 2075 9885 2006 26934 2321 507148 31331 3919 2212 12488 3672 6150 3941
internal_value=0.000101487 5.57442e-05 -0.00485836 0.000136272 0.000188769 -0.00807447 0.000260071 0.00237286 0.00616599 -4.20569e-05 0.00627549 -0.00025784 -0.0102009 -4.45017e-05
internal_weight=91278.1 90861 1455.38 89405.7 88807.8 750.141 88057.6 11008.2 5457.39 77049.4 2535.52 74513.9 1555.35 72958.5
internal_count=620370 617705 11960 605745 602122 4327 597795 62184 30853 535611 14700 520911 9822 511089
is_linear=0
shrinkage=0.05


Tree=226
num_leaves=15
num_cat=0
split_feature=59 13 52 73 73 72 73 13 72 69 72 69 15 69
split_gain=14.1218 14.8069 15.2583 31.3303 27.3105 21.5561 24.2327 20.4537 21.0014 18.793 22.4617 21.8087 18.6309 26.6898
threshold=6.5000000000000009 -0.061505911871790879 0.31782174110412603 0.57494938373565685 0.59703505039215099 0.014978718478232624 0.39235964417457586 -0.011409808415919541 0.013911847025156023 0.011493782978504898 0.011704525444656612 0.11515964940190317 22.34785079956055 -0.13803395628929135
decision_type=10 8 8 2 2 10 2 8 8 8 10 8 10 8
left_child=1 -1 12 5 -5 7 -7 -4 9 -9 11 -11 -3 -14
right_child=-2 2 3 4 -6 6 -8 8 -10 10 -12 -13 13 -15
leaf_value=0.0036202341864087898 -0.005061567153842688 0.0001976353699408642 0.0050412120910079995 0.011891328411863517 0.0020623114582825823 -0.00087200863685713427 0.014740245110553366 -0.011964462842633658 -0.015680726497745972 -0.00130733920748969 0.006774489685325423 -0.011483511597044865 0.0094775840633689046 -0.0016481921978899979
leaf_weight=2620.8410095870495 1432.9113885313272 39796.081643226556 662.64747210964561 749.76593130268157 10274.420424950309 695.60207601077855 375.84660700708628 528.22333791572601 363.63614137284458 2193.6778042800725 604.29198243841529 684.13123111613095 539.15182644873857 29782.81607727427
leaf_count=14361 8198 275326 3517 4299 63707 3917 2096 2972 2175 12393 3444 4310 2659 217031
internal_value=-0.000154338 -7.5542e-05 -0.000186959 0.00115029 0.00274096 -0.00172045 0.00469017 -0.00309079 -0.00433146 -0.00326592 -0.0019159 -0.00375787 -0.000513811 -0.00144731
internal_weight=91304 89871.1 87250.3 17132.2 11024.2 6108.06 1071.45 5036.61 4373.96 4010.32 3482.1 2877.81 70118 30322
internal_count=620405 612207 597846 102830 68006 34824 6013 28811 25294 23119 20147 16703 495016 219690
is_linear=0
shrinkage=0.05


Tree=227
num_leaves=15
num_cat=0
split_feature=54 14 69 17 69 73 69 69 69 73 73 51 2 73
split_gain=16.978 29.5354 19.0579 19.5456 19.5553 19.3375 16.6533 34.5623 32.4662 30.5922 30.9901 27.6277 24.3038 20.8165
threshold=0.27179390192031866 -0.15941079705953595 0.13680395483970645 86.206920623779311 -0.014973873272538183 0.52907934784889232 0.14803105592727664 0.13544805347919467 0.1307504624128342 0.79190412163734447 0.84339755773544323 -0.12719011306762693 0.026590857654809955 0.72160628437995922
decision_type=8 10 10 2 10 2 10 10 10 2 2 8 2 2
left_child=1 -1 3 -3 -5 -6 7 8 -2 -8 12 -9 -11 -10
right_child=6 2 -4 4 5 -7 9 11 13 10 -12 -13 -14 -15
leaf_value=0.0025780430236872019 0.00064648162762242372 -0.0011586449342029729 0.010410706515870205 0.0015689265184835458 -0.012843104833652233 -0.0040297097537338273 -0.012115068325957433 -0.0026770959904155777 -0.016426111515141905 -0.0075911862900042123 -0.013611346332036943 0.011487894661038623 0.0071115637771734137 0.00034249417494869316
leaf_weight=5168.7568330056965 54168.389108722098 23110.231486376375 319.48859453760087 831.10949914343655 962.52414079383016 1770.4687804719433 713.74476540926844 467.59831643849611 450.88927651569247 371.8109340723604 324.72016790881753 1260.8888954333961 1062.4028494805098 308.60024747811258
leaf_count=28645 364596 164457 2044 5271 7247 16581 4923 2530 3189 2789 2144 7771 6242 1994
internal_value=4.31177e-05 -0.000881255 -0.00154435 -0.00169139 -0.00513286 -0.00716918 0.000545984 0.000721505 0.000501727 -0.00346245 9.7274e-05 0.00766256 0.0032738 -0.00969669
internal_weight=91291.6 32162.6 26993.8 26674.3 3564.1 2732.99 59129 56656.4 54927.9 2472.68 1758.93 1728.49 1434.21 759.49
internal_count=620423 224245 195600 193556 29099 23828 396178 380080 369779 16098 11175 10301 9031 5183
is_linear=0
shrinkage=0.05


Tree=228
num_leaves=15
num_cat=0
split_feature=17 5 49 54 53 27 79 5 74 74 70 70 70 70
split_gain=13.8934 13.389 21.3623 16.2923 18.9281 26.5511 18.9922 18.7797 23.9346 29.0815 39.1788 27.8316 20.664 36.0989
threshold=99.409900665283217 0.74099683761596691 -0.048366222530603402 0.63065251708030712 -0.17365350574254987 1.0552515983581545 0.063539154827594771 0.98609420657157909 0.019536812789738182 0.014611667487770321 0.012600572779774668 0.019850695505738262 0.0094355433247983473 0.012953073251992466
decision_type=2 2 2 8 10 2 10 2 2 2 2 2 2 2
left_child=1 2 -1 4 7 -6 -7 8 9 10 -3 -10 -9 -14
right_child=-2 3 -4 -5 5 6 -8 12 11 -11 -12 -13 13 -15
leaf_value=-0.00098819673680483481 -0.0059927150334008923 0.0021038362594657418 -0.017359059103687336 0.0011292587260395379 -0.0024874549653782986 0.0036062027922446069 -0.0010845914188500178 -0.0017823717508572102 -0.01718469564832974 0.013028859195406042 -0.010757906045206147 0.0010103935977032227 0.010823796342774073 -0.0010102317042533671
leaf_weight=703.14437930099666 916.90658743679523 15879.617728292942 268.81797510106117 31928.357272211462 16471.04400650505 3746.3181111440063 5062.9426640924066 11407.926895214245 348.13162636384368 569.04414897784591 605.18484978564084 506.19643093645573 958.27236681431532 1922.2613988444209
leaf_count=4203 7155 95586 3097 200627 143910 33968 36595 67305 2001 3142 3580 2913 5594 10871
internal_value=9.76432e-05 0.000160088 -0.0056466 0.000223839 -0.000279229 -0.00130295 0.000912092 0.000524733 0.00160298 0.00201334 0.00162542 -0.00651699 -0.000826847 0.00295044
internal_weight=91294.2 90377.3 971.962 89405.3 57476.9 25280.3 8809.26 32196.6 17908.2 17053.8 16484.8 854.328 14288.5 2880.53
internal_count=620547 613392 7300 606092 405465 214473 70563 190992 107222 102308 99166 4914 83770 16465
is_linear=0
shrinkage=0.05


Tree=229
num_leaves=15
num_cat=0
split_feature=5 11 72 72 74 59 74 84 84 27 69 69 73 69
split_gain=13.0775 15.8649 12.7952 47.855 53.8032 36.9665 46.2224 31.8515 24.166 21.0049 17.6219 64.8432 48.8585 47.1724
threshold=0.71724092960357677 -0.055110350251197808 0.021474678069353107 0.020338352769613269 0.027399091981351379 1.5000000000000002 -0.001162211818154901 3.5000000000000004 1.0000000180025095e-35 1.0741158723831179 -0.086764372885227189 -0.12003959342837332 0.29116751253604894 -0.078316114842891679
decision_type=2 8 8 10 2 10 2 2 2 2 8 10 2 8
left_child=1 -1 3 4 10 6 -4 8 -7 -10 11 -2 -13 -12
right_child=2 -3 5 -5 -6 7 -8 -9 9 -11 13 12 -14 -15
leaf_value=-1.9120227827770558e-05 0.0024608907944718085 -0.016518517669346523 0.001826273815193872 0.017544093087241176 0.014242990992893879 -0.0070496497687168565 -0.022389452571584586 -0.012950360884206147 0.0096616490419791749 -0.0041717455061312881 0.015670132522612117 -0.019515750064861333 8.3465730172120495e-05 -6.3674811520564141e-05
leaf_weight=320.56913554854691 1778.8540477436036 257.11134642921388 334.05683390796185 380.28118324838579 647.7505463771522 459.91001204401255 465.61836281046271 377.88590162992477 1035.9029228016734 365.51631483435631 469.13326399214566 826.2270758934319 512.95053905900568 83108.084527689032
leaf_count=1930 9092 2788 2059 2201 3760 2609 3143 2113 5782 2078 2766 4917 3004 572621
internal_value=-8.4064e-05 -0.00751872 -3.5921e-05 7.47406e-05 -3.31857e-06 -0.00322014 -0.0123759 9.0087e-05 0.00279261 0.00604965 -0.000111391 -0.00379593 -0.0120636 2.65059e-05
internal_weight=91339.9 577.68 90762.2 87723.3 87343 3038.89 799.675 2239.22 1861.33 1401.42 86695.2 3118.03 1339.18 83577.2
internal_count=620863 4718 616145 598361 596160 17784 5202 12582 10469 7860 592400 17013 7921 575387
is_linear=0
shrinkage=0.05


Tree=230
num_leaves=15
num_cat=0
split_feature=59 3 27 23 68 68 58 69 69 69 68 58 69 68
split_gain=12.943 14.1554 20.5649 15.4941 14.8664 50.7293 48.1805 52.8954 128.811 101.564 72.6374 42.8186 51.9267 38.7006
threshold=6.5000000000000009 0.62500000000000011 0.37356159090995794 0.010824842378497125 0.011834083124995233 0.0133026116527617 0.0018509559449739756 0.052791556343436248 0.041767353191971786 0.063591867685318007 -0.019749879837036129 -0.002312060096301138 -0.038954747840762131 0.0043143404182046661
decision_type=10 2 2 2 10 10 2 10 10 10 10 2 8 10
left_child=1 2 -1 -3 6 -6 7 8 -4 -9 -10 12 -7 -12
right_child=-2 3 4 -5 5 11 -8 9 10 -11 13 -13 -14 -15
leaf_value=-0.0056126598991850813 -0.0045959821589680611 0.010700352329981637 -0.0021328892435724845 -0.00060639606323951891 0.010140938648064196 0.020342038369307994 0.0015803942338619321 -0.016471000497474887 0.030338498794109388 -0.0018768088109530194 0.00078835419063554241 -0.00053203717197817147 0.0021777752823642512 0.020595412132885123
leaf_weight=1549.8471678858623 1449.1158563420177 648.83813053369522 14392.864639515989 559.0957540050149 1385.0664236340672 394.31565471179783 15158.085809744895 1688.9937352016568 419.25354562141001 4006.3389850165695 882.73123216070235 33456.737116265111 14939.750077951699 332.68241901136935
leaf_count=10882 8309 3547 90220 3100 9851 2135 92675 12260 2079 25411 6050 249360 101669 2712
internal_value=7.53938e-05 0.000151267 7.76698e-05 0.00550498 0.000179606 0.000739721 -0.000582414 -0.00209164 -0.000619505 -0.00622611 0.0126374 0.000470817 0.00265782 0.00633376
internal_weight=91263.7 89814.6 88606.7 1207.93 87056.8 50175.9 36881 21722.9 16027.5 5695.33 1634.67 48790.8 15334.1 1215.41
internal_count=620260 611951 605304 6647 594422 363015 231407 138732 101061 37671 10841 353164 103804 8762
is_linear=0
shrinkage=0.05


Tree=231
num_leaves=15
num_cat=0
split_feature=56 72 72 74 73 74 72 72 2 74 74 68 72 68
split_gain=14.2656 16.3804 56.1002 60.1237 38.7277 38.6149 32.6013 60.2815 52.2079 42.7754 66.7972 64.5421 81.9023 61.1065
threshold=1.0000000180025095e-35 0.008131067734211685 0.0079975952394306677 -0.003826551372185349 0.34337943792343145 -0.0022299487609416242 0.01018012408167124 0.01031224010512233 0.032012240961194045 -0.010161864571273325 -0.011782031506299971 -0.018249039538204666 0.0089646033011376875 -0.014353075530380009
decision_type=8 8 10 2 2 2 10 10 2 2 2 10 10 10
left_child=1 2 4 -4 5 -1 9 8 -8 10 11 -3 -13 -11
right_child=-2 6 3 -5 -6 -7 7 -9 -10 13 -12 12 -14 -15
leaf_value=-0.017937326166876166 0.0020051041083730243 -0.015313200775617156 -0.0049362053217225149 0.019738864974492176 0.00035453311121358253 0.0011614547273826521 0.025280566819515161 -0.00042480890438354536 -0.00043486915026239573 0.0062580624069795109 0.015870677736539579 0.021332134712718144 -0.0090435216074833159 -0.0053776209519842888
leaf_weight=575.01160197891295 7136.5507395183668 589.76673697121441 365.76415127888322 728.37332236208022 38192.794693028554 481.20354430936277 421.87477166205645 28898.340149559081 362.88353725522757 1253.4191643642262 715.18856773898005 427.4594416487962 441.95747587643564 10656.510799153708
leaf_count=3681 45031 3845 2335 4558 288580 2887 2945 175477 2040 7484 4155 2397 2772 71952
internal_value=-0.000139589 -0.000321777 0.000404948 0.0115201 9.22367e-05 -0.00930678 -0.000991584 -5.13465e-05 0.0135335 -0.00297172 0.00346532 -0.00268155 0.00596379 -0.00414884
internal_weight=91247.1 84110.5 40343.1 1094.14 39249 1056.22 43767.4 29683.1 784.758 14084.3 2174.37 1459.18 869.417 11909.9
internal_count=620139 575108 302041 6893 295148 6568 273067 180462 4985 92605 13169 9014 5169 79436
is_linear=0
shrinkage=0.05


Tree=232
num_leaves=15
num_cat=0
split_feature=72 72 69 68 69 69 84 69 72 72 68 72 84 72
split_gain=14.8137 61.9152 47.0361 99.9131 86.4143 75.8042 63.6333 51.061 101.473 143.763 86.1607 79.8581 63.6038 116.522
threshold=0.008131067734211685 0.0079975952394306677 0.07906664535403253 0.028709637932479385 0.076374165713787093 0.074017386883497252 2.5000000000000004 0.064711581915617003 0.0065029829274863013 0.0061896902043372401 0.001090721052605659 0.0046126006636768588 2.5000000000000004 0.0072139161638915547
decision_type=8 10 8 10 10 10 2 10 10 10 10 10 2 10
left_child=1 2 4 -4 5 7 -5 12 9 11 -10 -9 -1 -14
right_child=-2 -3 3 6 -6 -7 -8 8 10 -11 -12 -13 13 -15
leaf_value=-0.0023637427735326076 -0.00059262910205888154 0.011866007968191598 -0.0059708436458663621 0.0036986801932428607 0.016051545773189378 -0.016088516112883439 -0.0029578185940205685 -7.444090870321505e-05 0.0026859168141266901 -0.018059447553882464 0.030995344705703795 0.018311997493178429 0.0013121926334191323 0.020710156017918917
leaf_weight=8064.039724830538 48261.446423061192 1193.1397200915962 7353.9964789086953 9291.7182797510177 1049.382393438369 591.94998538680375 5838.0289547201246 1374.2543396111578 451.59057357162237 680.07045714184642 661.44751097261906 1025.4753901977092 4555.3990180585533 923.07656735368073
leaf_count=63478 299909 7431 53391 67214 7480 4524 43373 12101 2759 4630 4055 8255 36074 5987
internal_value=8.81208e-06 0.000682986 0.000361481 -0.00119423 0.00216633 0.00136297 0.00112992 0.00195419 0.00676872 0.00207013 0.0196356 0.00782601 0.000459685 0.00461236
internal_weight=91315 43053.6 41860.4 22483.7 19376.7 18327.3 15129.7 17735.4 4192.84 3079.8 1113.04 2399.73 13542.5 5478.48
internal_count=620661 320752 313321 163978 149343 141863 110587 137339 31800 24986 6814 20356 105539 42061
is_linear=0
shrinkage=0.05


Tree=233
num_leaves=15
num_cat=0
split_feature=74 59 68 73 68 73 73 74 74 68 69 68 69 69
split_gain=14.0896 12.2582 11.2533 83.6467 69.6056 57.77 173.798 108.023 97.2967 83.5671 106.255 63.2748 110.554 80.3507
threshold=-0.04474180564284324 8.5000000000000018 0.011834083124995233 0.5419357717037202 0.0064536212012171754 0.44426245987415319 0.45128867030143743 -0.017591366544365879 -0.0091971782967448217 -0.012698640115559099 -0.045439498499035828 -0.014353075530380009 0.029081266373395923 0.029081266373395923
decision_type=2 10 10 2 10 2 2 2 2 10 8 8 8 10
left_child=-1 2 3 5 -5 11 -7 -8 -9 -10 -11 12 -2 -13
right_child=1 -3 -4 4 -6 6 7 8 9 10 -12 13 -14 -15
leaf_value=-0.0096797353487935289 -0.0011296948535427227 -0.0086809598894600892 0.00050912443419904219 -0.00021283930574788102 -0.01242079277661096 0.023879125318248495 0.02511015092102057 -0.01587217848938267 -0.013369533499776542 0.029168058790790565 0.0021533919190018821 0.0020725538102988454 0.0098200979991343359 -0.0089337423691430995
leaf_weight=367.77031517680734 14219.151857280172 395.17434644699097 52556.425420757383 2145.4745828043669 2552.7168583320454 940.98476932756603 440.12467964366078 857.09585747309029 784.10955286957324 378.81988505832851 5740.991662690416 2592.6089630564675 2740.8599277585745 4575.3873979430646
leaf_count=2596 83618 2293 378323 14353 18321 5660 2544 5741 4820 1962 39618 15656 15771 29394
internal_value=-4.35427e-05 -3.50418e-06 3.53308e-05 -0.000620464 -0.00685821 0.000262185 0.00364473 0.00129682 -8.41993e-05 0.00189594 0.00387047 -0.00102044 0.000644614 -0.00495551
internal_weight=91287.7 90919.9 90524.8 37968.3 4698.19 33270.1 9142.13 8201.14 7761.02 6903.92 6119.81 24128 16960 7168
internal_count=620670 618074 615781 237458 32674 204784 60345 54685 52141 46400 41580 144439 99389 45050
is_linear=0
shrinkage=0.05


Tree=234
num_leaves=15
num_cat=0
split_feature=73 13 69 50 73 1 53 54 69 71 69 69 14 69
split_gain=17.5658 21.0099 21.4573 22.3214 18.4472 14.6061 29.4191 27.5812 33.109 34.8319 28.6847 25.8978 21.7276 19.2751
threshold=0.85966211557388317 0.0053295826073735961 0.067052286118268981 0.21754548698663714 0.85278713703155529 0.014941548462957146 -0.19826467335224149 0.34712725877761846 0.12612723559141162 -0.0093788374215364439 -0.037229469045996659 0.0073220878839492807 0.011630504392087461 0.064959347248077406
decision_type=2 8 10 2 2 10 8 10 10 2 8 10 8 10
left_child=4 -2 3 -3 5 6 -1 8 9 10 -8 -12 -11 -13
right_child=1 2 -4 -5 -6 -7 7 -9 -10 12 11 13 -14 -15
leaf_value=0.0059711169139732055 0.0047864672290615952 -0.0092368205439705645 -0.019870876995089316 0.0061753128537584507 0.011188209303541625 -0.00023293983813720194 -0.012231999555964847 0.002878637520795627 0.01279163666243671 -0.0001489726087586181 0.013041004859566902 -0.0030046683397216391 -0.0057840777623668948 0.0091433582552985764
leaf_weight=2876.7828125655651 426.56436519045383 757.90678395237774 282.50912920944393 330.27405178546906 367.38655607029796 69232.093433888629 250.39533210732043 7136.1693553309888 395.7533997502178 2845.485068410635 714.25961878523231 897.13523977436125 4281.0182847138494 500.48431309498847
leaf_count=21148 3170 6221 2537 2015 2317 410887 1959 67375 3764 30737 5657 8095 50449 4473
internal_value=5.84217e-05 -0.00482197 -0.00782517 -0.00454544 0.000156956 0.000110236 0.00130381 0.000511918 -0.00119792 -0.00179425 0.00345736 0.00536646 -0.00353744 0.00137956
internal_weight=91294.2 1797.25 1370.69 1088.18 89497 89129.6 19897.5 17020.7 9884.53 9488.78 2362.27 2111.88 7126.5 1397.62
internal_count=620804 13943 10773 8236 606861 604544 193657 172509 105134 101370 20184 18225 81186 12568
is_linear=0
shrinkage=0.05


Tree=235
num_leaves=15
num_cat=0
split_feature=69 72 72 72 70 70 72 69 72 72 68 19 69 74
split_gain=20.0976 66.6037 68.0553 50.4364 57.8829 80.0094 43.0545 40.0637 86.1937 55.2447 74.3523 48.4163 35.9977 73.0953
threshold=-0.013108383864164351 0.012867634184658529 0.013996415771543981 0.010032169520854952 0.0011542647262103858 -0.01333949016407132 0.011813174001872541 -0.060190718621015542 0.017020166851580146 0.015880303457379345 -0.050969293341040604 -0.0036477503599598999 -0.05704184249043464 -0.0031964462250471111
decision_type=8 10 10 10 2 2 10 10 10 10 10 10 10 2
left_child=1 3 12 -1 5 -5 -7 -4 9 10 -9 -10 -3 -14
right_child=-2 2 7 4 -6 6 -8 8 11 -11 -12 -13 13 -15
leaf_value=-0.0090805690403130603 -0.00038435648749500132 0.001499369844973804 -0.00095284848461685734 -0.0036116516867346609 0.0011940250379095072 0.030814734773835603 0.013004566652898369 0.025085444209991339 -0.016900652593138929 0.028522379613797468 -0.002628385547567768 0.0025754982402852165 -0.0040855458180222449 -0.030829549968599008
leaf_weight=383.17375528998673 75779.922282501124 470.74216059781611 6951.3765172529966 418.22927428781986 1146.7032780535519 634.58408936858177 772.30166533775628 380.97993779368699 375.94743428379297 480.51253666169941 630.84513648040593 1832.8720253668725 627.28490278776735 425.31307907309383
leaf_count=2400 530818 2780 39455 2575 6736 3438 4269 2084 2236 2523 3870 11102 3805 2683
internal_value=-4.84964e-05 0.00158946 -0.000131204 0.0078159 0.0100176 0.0155247 0.0211987 0.0012853 0.00548014 0.0147198 0.00795001 -0.000800628 -0.0099804 -0.0150802
internal_weight=91310.8 15530.9 12175.9 3354.99 2971.82 1825.12 1406.89 10652.5 3701.16 1492.34 1011.83 2208.82 1523.34 1052.6
internal_count=620774 89956 70538 19418 17018 10282 7707 61270 21815 8477 5954 13338 9268 6488
is_linear=0
shrinkage=0.05


Tree=236
num_leaves=15
num_cat=0
split_feature=68 73 71 72 69 73 73 68 68 72 68 68 12 71
split_gain=11.4573 83.2555 81.2075 83.2348 74.7833 126.474 77.1763 68.6239 58.3697 59.4813 52.2807 49.8685 70.4389 49.5869
threshold=0.011834083124995233 0.5419357717037202 -0.0090665640309452993 0.005797827150672675 0.092637337744236006 0.56275683641433727 0.68223786354064953 0.0064536212012171754 0.0133026116527617 0.016811436042189602 0.017273475416004661 0.045217154547572143 -0.021589917130768296 -0.0025994244497269388
decision_type=10 2 2 10 10 2 2 10 10 10 10 10 8 2
left_child=1 -1 3 -2 5 -5 -7 -3 -4 13 -6 -11 -13 -10
right_child=2 7 8 4 10 6 -8 -9 9 11 -12 12 -14 -15
leaf_value=0.00021444197382954327 0.024211264601192439 -0.0003054760387159237 0.010628895210254119 -0.011587424811270054 0.011261199495095464 0.021839639146740138 0.0027365149581376532 -0.012388742169879445 -0.0048374633967853261 -0.0012634018410320395 -0.010903621307636112 -0.0343060120599082 -0.0028117578456587321 0.00047229268715120483
leaf_weight=33674.955844163895 584.17746773548424 2165.0123512111604 1216.0409138202667 588.13550694473088 347.83253130316734 1340.1434132810682 874.26922178082168 2561.0089635131881 4921.4153999211267 744.73909596167505 1035.8030528053641 375.287447841838 332.84725018870085 40565.875465298072
leaf_count=207472 3894 14503 8790 3625 2047 7777 5286 18506 35248 4545 6400 2547 2413 297978
internal_value=-1.09639e-06 -0.000658471 0.000475897 0.00669154 0.00419481 0.00888007 0.0143438 -0.00686567 -0.000141087 -0.0004223 -0.00529078 -0.0103462 -0.0197479 -0.000103124
internal_weight=91327.5 38401 52926.6 4770.36 4186.18 2802.55 2214.41 4726.02 48156.2 46940.2 1383.64 1452.87 708.135 45487.3
internal_count=621031 240481 380550 29029 25135 16688 13063 33009 351521 342731 8447 9505 4960 333226
is_linear=0
shrinkage=0.05


Tree=237
num_leaves=15
num_cat=0
split_feature=70 73 72 73 71 74 68 74 70 74 71 72 5 68
split_gain=13.4178 102.765 126.329 102.297 98.9525 70.8242 95.0949 56.484 121.902 78.9479 96.2118 51.0293 51.4098 45.4185
threshold=0.0088836653158068674 0.47465904057025915 0.010734383016824724 0.44426245987415319 0.004519339883700014 0.014304503332823517 -0.010150058660656212 0.012771621812134983 0.01533118821680546 0.011466891970485451 -0.0062088577542453996 0.0053966774139553317 1.0257171988487246 -0.081325836479663835
decision_type=2 2 10 2 2 2 10 2 2 2 2 10 2 10
left_child=-1 2 4 7 5 6 -2 9 -9 10 -4 -3 -13 -10
right_child=1 11 3 -5 -6 -7 -8 8 13 -11 -12 12 -14 -15
leaf_value=0.00040792935204423406 0.012994789593106279 0.0130588969608844 -0.021115502842180989 0.020105323482982693 0.02980734528052173 0.023120157444900549 -0.02004354097635265 -0.026824024699591595 0.0085279017954651287 0.025482319316054016 0.010422443409644622 -0.0088676099947322309 -0.00053829102036461113 -0.00590527406607205
leaf_weight=75665.550800361671 462.61054626107216 365.54141242057085 383.15865191072226 516.43493509292603 653.13150039501488 393.66700377129018 394.13011921942234 599.3159348051995 728.26987672224641 352.56299762241542 618.45367299392819 5052.3948020199314 2923.8559312988073 2076.0095365475863
leaf_count=521524 2613 3052 2267 2838 3988 2235 2659 3656 3923 1987 3639 34610 18963 12199
internal_value=0.000133216 -0.00120555 0.0031783 -0.000812894 0.0141833 0.00585058 -0.00225987 -0.00312088 -0.00655229 0.00548846 -0.00173161 -0.00497695 -0.00581883 -0.00214
internal_weight=91185.1 15519.5 7177.74 5274.21 1903.54 1250.41 856.741 4757.77 3403.6 1354.18 1001.61 8341.79 7976.25 2804.28
internal_count=620153 98629 42004 30509 11495 7507 5272 27671 19778 7893 5906 56625 53573 16122
is_linear=0
shrinkage=0.05


Tree=238
num_leaves=15
num_cat=0
split_feature=54 71 84 58 71 70 72 70 69 69 69 58 69 71
split_gain=18.2419 31.4272 46.7821 33.3075 28.1075 41.1786 40.9193 50.0089 35.4921 34.2118 30.3392 27.9115 27.5401 40.2775
threshold=0.23746725171804431 0.042148336768150337 2.5000000000000004 0.0018509559449739756 -0.037121023982763283 -0.010116796009242533 0.0067859278060495862 -0.020662945695221421 0.032231312245130546 0.078487478196620955 -0.082434166222810731 0.018089782446622852 -0.011117002926766871 -0.014376746024936436
decision_type=8 2 2 2 2 2 10 2 8 8 10 2 10 2
left_child=1 3 -3 -1 8 6 9 -8 -2 -6 -9 -7 13 -5
right_child=4 2 -4 12 5 11 7 10 -10 -11 -12 -13 -14 -15
leaf_value=-0.0020820070844662789 0.0021531418898559146 -0.017360152958920735 0.0057252383207463363 -0.00068406817982115083 -0.0041555075952923806 0.0010175439859890084 0.0045685306158815371 -0.020863785563612302 0.016273834899955091 0.017347099851156091 -0.0066356777801542879 -0.0033316585037304891 -0.00019551147621098237 0.010540114285821182
leaf_weight=16799.231113277376 1648.5826639477164 655.6585844270885 321.363460669294 1481.7412624545395 349.97310585901141 51513.474581564777 939.7910340866074 418.67813807912171 601.51601592265069 375.05082702822983 3194.2511157412082 3963.7603053506464 7258.6804381068796 1722.4089735783637
leaf_count=117786 9646 4679 2075 8381 2359 356974 5695 2517 3294 2128 19724 23140 52330 9627
internal_value=3.49586e-05 -0.00102083 -0.0097858 -0.000703237 0.000508253 0.00030453 -0.00391158 -0.00566922 0.00598331 0.00705235 -0.00833751 0.000706256 0.00151041 0.00536357
internal_weight=91244.2 28239.1 977.022 27262.1 63005.1 60755 5277.74 4552.72 2250.1 725.024 3612.93 55477.2 10462.8 3204.15
internal_count=620355 194878 6754 188124 425477 412537 32423 27936 12940 4487 22241 380114 70338 18008
is_linear=0
shrinkage=0.05


Tree=239
num_leaves=15
num_cat=0
split_feature=54 69 71 70 70 68 71 70 71 70 71 5 69 70
split_gain=13.5551 25.7906 49.148 32.7554 65.2516 46.4783 61.8999 49.4516 47.0089 46.2049 42.46 37.8935 35.9545 34.3891
threshold=0.51939997076988231 0.11659540981054307 -0.024940954521298405 0.0063215878326445827 0.0053841436747461566 0.038245297968387611 0.013708505779504778 -0.0067627644166350356 0.02248198073357344 -0.0028480315813794728 0.001149674935732037 1.0217458009719851 0.1405192241072655 -0.0015601293416693804
decision_type=8 8 2 2 2 10 2 2 2 2 2 2 8 2
left_child=-1 -2 -3 4 5 6 10 -7 -8 -9 11 12 -4 -11
right_child=1 2 3 -5 -6 7 8 9 -10 13 -12 -13 -14 -15
leaf_value=-0.00054440944774918716 0.0015639246517949309 0.017982649450846575 -0.011300278423365841 -0.0065136481009856976 0.015417455888920503 0.019622961027200611 0.016639814192273738 -0.014763878680882733 -0.0038227113365225441 0.018526783976104515 -0.01217421962531693 -0.010080208107636511 0.0070954275010932238 0.0011737560779185308
leaf_weight=52588.350124455988 26497.749693979509 314.62964754737914 338.34059055894613 2746.9763039695099 606.30843525752425 403.06161088123918 547.73085267655551 385.25768181309104 558.90782838501036 326.0335892662406 2003.7564495112747 938.60242532938719 1112.505625564605 1909.647551111877
leaf_count=373467 164232 1608 2112 18628 3933 2128 3635 2544 3782 1977 15323 6140 8498 12591
internal_value=-2.1826e-05 0.000688448 -0.00121405 -0.00173728 -0.000294663 -0.00142904 -0.00416417 0.00354277 0.00636353 0.00100469 -0.00682451 -0.00230628 0.00275752 0.00377561
internal_weight=91277.9 38689.5 12191.8 11877.1 9130.15 8523.84 5499.84 3024 1106.64 2620.94 4393.21 2389.45 1450.85 2235.68
internal_count=620598 247131 82899 81291 62663 58730 39490 19240 7417 17112 32073 16750 10610 14568
is_linear=0
shrinkage=0.05


Tree=240
num_leaves=15
num_cat=0
split_feature=15 53 54 1 53 6 13 70 70 70 70 74 74 74
split_gain=12.4973 14.4384 28.6758 18.6576 21.5588 16.1739 14.3036 15.8923 25.9169 24.5638 19.468 48.7154 17.558 41.5348
threshold=17.150209426879886 -0.26665441691875452 0.29159303009510046 0.019343503750860695 -0.033635323867201798 1.0517119169235232 -0.094153534621000276 0.00041008580592460936 0.00017566554015502336 -0.00019781861919909713 0.002252972219139338 0.0015047373017296197 -0.00092799347476102401 -0.003671711427159607
decision_type=8 8 8 10 10 2 10 2 2 2 2 2 2 2
left_child=-1 5 3 4 -3 -2 -4 8 9 -8 11 -9 13 -12
right_child=1 2 6 -5 -6 -7 7 10 -10 -11 12 -13 -14 -15
leaf_value=0.00094065239334453375 0.00095932994535097922 -0.00093303030088965591 -0.010726798202934734 -0.0056924695508086074 -0.011054354691977762 -0.0093343023953768433 0.0011579643543118486 0.00079231221656976189 0.010983924931496499 -0.0076791967319702337 0.0066446252492642069 -0.010188254851264338 0.00024821511895295695 -0.016785527515188043
leaf_weight=23687.352207113989 19103.017879627645 8186.3134861811996 305.24821016192436 4042.0972911305726 552.49591361545026 379.43926693685353 15121.528244791552 2273.1798184486106 627.11916292924434 819.51227537635714 307.96837783046067 1805.9228677488863 13573.936490016989 463.02504212222993
leaf_count=160536 108193 69957 1917 25001 8872 2222 102073 16949 4616 6292 1999 13817 94594 3180
internal_value=-4.73345e-05 -0.000393819 -0.000859068 -0.00288735 -0.00158484 0.000754166 -0.000124033 -2.85039e-05 0.0010948 0.000699126 -0.00103871 -0.00408209 -0.000171053 -0.00746126
internal_weight=91248.2 67560.8 48078.3 12780.9 8738.81 19482.5 35297.4 34992.2 16568.2 15941 18424 4079.1 14344.9 770.993
internal_count=620218 459682 349267 103830 78829 110415 245437 243520 112981 108365 130539 30766 99773 5179
is_linear=0
shrinkage=0.05


Tree=241
num_leaves=15
num_cat=0
split_feature=68 71 71 73 71 13 73 68 4 68 71 74 71 68
split_gain=14.7423 36.04 40.4293 28.1945 39.2807 20.2073 16.3037 24.175 19.0832 18.1688 90.0463 35.7575 49.847 27.657
threshold=0.063369292765855803 0.013349533546715977 0.036813231185078628 0.73000267148017894 0.03201615437865258 0.0083374679088592547 0.063547253608703627 -0.09988760948181151 0.12500000372529033 -0.087453853338956819 -0.030130613595247265 -0.034833572804927819 -0.054346878081560128 -0.068213950842618928
decision_type=8 2 2 2 2 8 2 10 10 10 2 2 2 10
left_child=6 5 3 -3 -5 -2 8 -8 -1 10 -9 -11 -13 -14
right_child=1 2 -4 4 -6 -7 7 9 -10 11 -12 12 13 -15
leaf_value=-0.0023922158047451412 -0.0028965787288157581 0.013049194600039489 -0.013760003375553529 -0.0052557705991652867 0.014105004675891744 -0.01757116739704313 -0.010398019187954938 0.023428187272911041 0.012064888625604257 -0.017054907797766472 -0.0084402030997124209 -0.013653485908032219 0.0066282641192667805 1.108482537335973e-05
leaf_weight=366.0900264531374 409.31187578476965 511.46398720610887 424.77685149200261 1069.4163666227832 335.96253434568644 554.53336779773235 548.05115399509668 423.93940875306726 583.94118525832891 297.35159381479025 445.22202464006841 650.38858925737441 1599.6763485763222 83031.616789784282
leaf_count=2163 2634 3099 3029 7642 1972 4034 3143 2116 3064 1989 2397 4218 8585 570268
internal_value=-7.65504e-05 -0.00334954 1.22437e-05 0.00311978 -0.00056053 -0.0114331 4.6832e-05 -2.46761e-05 0.00652702 4.22823e-05 0.0071935 -3.11792e-05 3.01701e-05 0.000136929
internal_weight=91251.7 3305.46 2341.62 1916.84 1405.38 963.845 87946.3 86996.2 950.031 86448.2 869.161 85579 85281.7 84631.3
internal_count=620353 22410 15742 12713 9614 6668 597943 592716 5227 589573 4513 585060 583071 578853
is_linear=0
shrinkage=0.05


Tree=242
num_leaves=15
num_cat=0
split_feature=72 72 69 69 7 72 69 73 70 70 73 69 73 72
split_gain=14.0957 18.7904 51.06 33.9925 37.895 30.8443 27.9125 38.3978 34.5338 31.4149 39.6998 42.9206 39.4858 32.6262
threshold=0.002932130941189826 0.0038590220501646404 0.05397953279316426 0.058819480240345008 0.063066586852073683 0.004504159791395069 0.085437994450330748 0.70432531833648693 -0.0018060587462969122 -0.0038064969703555103 0.55697897076606762 0.061152415350079543 0.62853112816810619 0.0043264497071504602
decision_type=10 10 8 10 2 10 10 2 2 2 2 10 2 10
left_child=-1 2 -2 -4 -5 6 9 8 -8 -3 -11 -12 13 -13
right_child=1 5 3 4 -6 -7 7 -9 -10 10 11 12 -14 -15
leaf_value=-0.0084205255430151345 0.019077519503613291 0.0058192905407539993 -0.0073996692508108601 0.016895050481205039 0.001161107671592364 -7.9483265926978013e-05 -0.017360853363997408 0.014233458066821664 0.0022871652398919347 -0.022087062610340744 0.0051917188049467088 0.014269032865923176 -0.015532200586063397 -0.011108559878579786
leaf_weight=508.06057299021631 441.13150616548955 407.44426026381552 854.85765821393579 460.04565820097923 2068.7049195785075 82319.12506473437 311.35328625887632 407.00487449206412 729.29061260260642 466.29365113098174 603.39954224415123 240.96093926206231 1113.4258451871574 245.82100373506546
leaf_count=5169 3606 3021 8283 5581 15629 543902 2420 3509 5516 3995 5255 2044 9677 2337
internal_value=-0.000196444 -0.000149437 0.0032758 0.00116554 0.0040788 -0.00030065 -0.00431508 0.00140455 -0.00370067 -0.00700155 -0.00897251 -0.00611017 -0.0103776 0.00148791
internal_weight=91176.9 90668.9 3824.74 3383.61 2528.75 86844.1 4524.99 1447.65 1040.64 3077.35 2669.9 2203.61 1600.21 486.782
internal_count=619944 614775 33099 29493 21210 581676 37774 11445 7936 26329 23308 19313 14058 4381
is_linear=0
shrinkage=0.05


Tree=243
num_leaves=15
num_cat=0
split_feature=15 71 71 69 69 69 69 71 71 16 84 71 74 71
split_gain=13.458 18.6715 57.697 62.293 79.3008 56.9585 59.8776 55.8086 57.7957 47.5377 42.3653 39.0056 78.5277 40.3598
threshold=22.537690162658695 0.012974427081644537 0.013708505779504778 0.060647334903478629 0.064066708087921156 0.027720605023205284 0.013319937512278559 0.01045523537322879 0.0089837969280779379 -0.27623589336872095 1.5000000000000002 0.019246594049036506 0.0035756295546889309 0.039475556463003166
decision_type=8 2 2 8 8 10 10 2 2 2 2 2 2 2
left_child=1 7 9 5 -5 6 -4 8 -1 -3 -10 12 -6 -13
right_child=-2 2 3 4 11 -7 -8 -9 10 -11 -12 13 -14 -15
leaf_value=0.00011101390631525107 -0.00059327499412246965 0.028031863154990594 -0.0016524027204753806 0.029591285564497218 0.014792112143077522 -0.0091712937447530462 0.015024861181148805 -0.0067372672912848616 0.020777112725248861 0.0044522911452842462 0.0033035384463812492 -0.0019221102519516775 -0.0024930919019984579 0.012479969455057617
leaf_weight=28457.663154060021 44813.762227565981 365.55089070647955 3221.3893184578046 292.15927298367023 1649.3438843097538 2047.1754311639816 635.83785620890558 2821.1952029261738 572.58608260937035 506.85990912280977 868.96784945391119 3337.809827670455 1083.6367858555168 559.15301578305662
leaf_count=190596 306158 2434 19978 1986 11438 14610 4206 20567 4053 3797 6352 22698 7898 3618
internal_value=2.47135e-05 0.000621326 0.0021704 0.00131852 0.0045337 -0.00245213 0.00112847 -2.76823e-05 0.000607454 0.0145381 0.0103394 0.0033866 0.00795436 0.000171016
internal_weight=91233.1 46419.3 13698.9 12826.5 6922.1 5904.4 3857.23 32720.4 29899.2 872.411 1441.55 6629.94 2732.98 3896.96
internal_count=620389 314231 92663 86432 47638 38794 24184 221568 201001 6231 10405 45652 19336 26316
is_linear=0
shrinkage=0.05


Tree=244
num_leaves=15
num_cat=0
split_feature=17 58 54 72 58 71 71 69 69 4 69 74 70 74
split_gain=15.9436 21.9828 26.4932 21.4354 18.6206 32.1984 60.4635 175.689 85.6382 49.0811 48.6483 48.7845 80.8574 45.1176
threshold=92.737739562988295 -0.0027318763313814993 0.4104622751474381 0.0065863379277288922 0.0021809684112668042 0.012974427081644537 0.01446416834369302 0.041127776727080352 0.060647334903478629 0.22500000149011615 0.063869122415781035 -0.0091971782967448217 -0.0014947883319109676 -0.010161864571273325
decision_type=2 2 8 8 2 2 2 8 8 10 10 2 2 2
left_child=4 2 -2 -4 5 13 7 -7 9 -8 -10 -12 -13 -1
right_child=1 -3 3 -5 -6 6 8 -9 10 -11 11 12 -14 -15
leaf_value=0.0019415171028297328 -0.0048603467607098334 -0.0030958844909364162 0.018739200140073766 0.003129788137271518 0.0010918153443546217 0.042523815537376553 -0.0079392006820368528 0.0015610093854773 0.016920181923980412 0.0028162457084792308 -0.016566448259500773 0.017702275046119174 0.0010955808296464783 -0.0021400216692747309
leaf_weight=8837.3928487487137 607.15681964159012 7925.7968128547072 321.0944958422333 670.70773365348577 31677.115484844893 334.6989358169958 3274.4810187034309 1091.3429061416537 682.65407875459641 1560.4194025341421 296.09400481544435 878.0363443903625 4206.9702395992354 28851.89580699522
leaf_count=54112 4433 59654 2275 4196 206475 2026 23270 8201 4746 9042 1952 5744 29663 204623
internal_value=-8.23378e-05 -0.00201715 0.00331601 0.00831992 0.00014347 -0.000457277 0.00176031 0.0114043 0.000489132 -0.00446933 0.00444358 0.00283234 0.0039922 -0.00118272
internal_weight=91215.9 9524.76 1598.96 991.802 81691.1 50014 12324.7 1426.04 10898.7 4834.9 6063.75 5381.1 5085.01 37689.3
internal_count=620412 70558 10904 6471 549854 343379 84644 10227 74417 32312 42105 37359 35407 258735
is_linear=0
shrinkage=0.05


Tree=245
num_leaves=15
num_cat=0
split_feature=71 71 68 69 71 73 73 68 73 69 71 68 63 69
split_gain=13.8092 117.565 62.4276 84.8106 49.5788 45.7776 72.0441 43.0883 66.6741 65.9064 71.2984 59.8278 45.4504 37.3199
threshold=-0.024940954521298405 -0.024129430763423439 -0.014353075530380009 0.032231312245130546 -0.037121023982763283 0.57494938373565685 0.35441726446151739 -0.068213950842618928 0.28450997173786169 -0.051937524229288094 -0.03858648054301738 -0.087453853338956819 0.13334269821643832 0.013319937512278559
decision_type=2 2 10 8 2 2 2 10 2 10 2 10 10 10
left_child=2 -2 3 7 -5 6 -4 9 -9 10 11 -1 -10 -7
right_child=1 -3 5 4 -6 13 -8 8 12 -11 -12 -13 -14 -15
leaf_value=0.00087407033555640082 0.024847056384492791 0.00017382551005871286 0.0029181894256140109 0.024862480235008168 0.0047645318480568112 0.010493122042475451 -0.018856968762460829 -0.01167779877185721 -0.01226878294831105 0.020881326106515344 0.017797307878840478 -0.019324264282735582 0.0090579656383741377 -0.0099738224117096111
leaf_weight=1261.6563418284059 475.69158753566444 81052.467686851509 530.98281383514404 479.05911021493375 840.49432841315866 483.87412342708558 1303.4932694602758 1883.1002208553255 334.61329050548375 417.26941412873566 415.56648321636021 506.32447591610253 901.2246678378433 395.81110241450369
leaf_count=7097 2472 561322 2870 2539 4589 2695 8026 11918 2106 2304 2072 2988 5383 2324
internal_value=0.000108045 0.000320816 -0.00166899 0.000817081 0.0121931 -0.00809608 -0.0125726 -0.00182409 -0.00577876 0.00292239 -0.000589062 -0.0049866 0.00323144 0.0012755
internal_weight=91281.6 81528.2 9753.47 7039.31 1319.55 2714.16 1834.48 5719.75 3118.94 2600.82 2183.55 1767.98 1235.84 879.685
internal_count=620705 563794 56911 40996 7128 15915 10896 33868 19407 14461 12157 10085 7489 5019
is_linear=0
shrinkage=0.05


Tree=246
num_leaves=15
num_cat=0
split_feature=5 12 17 71 71 73 73 68 73 68 73 71 69 71
split_gain=15.3816 14.6589 14.3446 31.3359 15.8982 61.7776 89.2751 76.2342 69.7593 54.2698 62.0924 51.6472 61.4077 46.2502
threshold=0.71724092960357677 0.028773698955774311 92.737739562988295 0.048369815573096282 0.023918393999338153 0.44682462513446813 0.34991362690925604 0.0048870842438191184 0.5149003565311433 -0.020527383312582966 0.30249074101448065 0.019246594049036506 0.11618308350443841 0.019064009189605716
decision_type=2 8 2 2 2 2 2 10 2 8 2 2 8 2
left_child=1 -1 4 -4 11 6 9 -7 -9 10 -6 13 -13 -2
right_child=2 -3 3 -5 5 7 -8 8 -10 -11 -12 12 -14 -15
leaf_value=-0.00058896269939864778 0.00012893432747563662 -0.016485890465426364 -0.0012823662469698849 -0.015010542240632325 0.00081928405316648942 0.019898772875116585 -0.017138188100354335 -0.016621025144027631 0.0044060786182764612 -0.01281961749394501 0.025971892204871561 -0.0096963758049150531 0.0035093207196476802 0.01798861368875319
leaf_weight=303.09319387003779 68019.661608389579 269.41002432815731 9014.2285268437117 425.96387051604688 874.58555798605084 728.79438753798604 885.51261552423239 417.64129013568163 5100.1274289013818 417.94157725200057 331.4193967320025 2799.2218362167478 1275.8427239600569 354.44236393272877
leaf_count=2003 459738 2686 66861 3061 5472 4236 5867 2778 33830 2617 1811 19237 8239 1961
internal_value=-0.000125394 -0.00822437 -7.33401e-05 -0.00191704 0.000141202 0.00215233 -0.00446186 0.00481237 0.00278734 0.00251293 0.00788815 -0.000102122 -0.0055634 0.000224134
internal_weight=91217.9 572.503 90645.4 9440.19 81205.2 8756.02 2509.46 6246.56 5517.77 1623.95 1206 72449.2 4075.06 68374.1
internal_count=620397 4689 615708 69922 545786 56611 15767 40844 36608 9900 7283 489175 27476 461699
is_linear=0
shrinkage=0.05


Tree=247
num_leaves=15
num_cat=0
split_feature=3 58 13 51 70 73 73 73 73 84 70 58 58 73
split_gain=15.1613 18.1546 15.0331 13.6269 13.0769 72.1223 92.0529 73.9395 53.2985 80.7991 78.1434 91.0145 66.228 49.4809
threshold=0.62500000000000011 0.019916902296245102 0.16020391881465915 -0.3016351163387298 0.0088836653158068674 0.47465904057025915 0.44426245987415319 0.45992848277091986 0.4224491566419602 2.5000000000000004 0.010976834222674372 0.013651566114276649 0.017339253798127178 0.58286508917808544
decision_type=2 2 8 8 2 2 2 2 2 2 2 2 2 2
left_child=2 3 4 -2 -1 6 8 -8 9 12 -11 -12 -6 -7
right_child=1 -3 -4 -5 5 13 7 -9 -10 10 11 -13 -14 -15
leaf_value=0.00013502613671913076 0.013658454741085872 -0.0048514056318853856 -0.010553502613617306 0.0029957769621813037 0.010319316274976934 -0.01073624244260496 0.030409840211561557 0.0029515876264888819 -0.013047104394118075 0.010165712791785599 -0.019098752189773204 0.0090021892660954346 -0.0067805763873901668 -0.0021574966150103877
leaf_weight=74157.396735373884 525.78217672556639 371.95254762470722 337.76772358454764 696.77651689201593 2528.3960945233703 2377.104089920409 472.00774880312383 503.83425047807395 690.31476128101349 532.15993098542094 1122.238276722841 379.7615684941411 721.20440820604563 5705.497921589762
leaf_count=513108 2871 2110 2140 3897 14648 15624 2703 3021 4476 3048 6782 2036 3974 39682
internal_value=-9.17718e-05 0.00472561 -0.000178089 0.00765505 -0.000137618 -0.0014818 0.00225142 0.0164067 -8.43478e-05 0.00163066 -0.00616595 -0.0119812 0.00651507 -0.00469067
internal_weight=91122.2 1594.51 89527.7 1222.56 89189.9 15032.5 6949.92 975.842 5974.08 5283.76 2034.16 1502 3249.6 8082.6
internal_count=620120 8878 611242 6768 609102 95994 40688 5724 34964 30488 11866 8818 18622 55306
is_linear=0
shrinkage=0.05


Tree=248
num_leaves=15
num_cat=0
split_feature=74 71 73 68 69 73 68 68 84 71 72 74 74 68
split_gain=15.4525 18.8645 16.2764 58.6713 85.1301 55.3447 52.5187 48.8059 37.8057 69.4717 46.2466 46.4224 44.8081 97.6337
threshold=-0.034833572804927819 -0.054346878081560128 0.6410336196422578 0.036895120516419418 0.12366035953164102 0.64713975787162792 0.038245297968387611 0.041905201971530921 1.0000000180025095e-35 -0.011904347687959669 0.016811436042189602 0.012607926037162544 -0.010585037525743244 0.048553535714745528
decision_type=2 2 2 10 10 2 10 10 2 2 10 2 2 10
left_child=1 -1 3 4 -2 -4 -5 -8 9 -7 12 -12 13 -10
right_child=2 -3 5 6 -6 8 7 -9 10 -11 11 -13 -14 -15
leaf_value=0.00080453985790331995 0.00030687120748970506 -0.014424790765853155 -0.011289218527453265 0.020249674475915674 -0.016938074396368259 0.027336200809570332 -0.004601249378323259 0.0092075560652576331 0.019078112727415678 0.001922630114152838 -0.018371626011351762 0.0037688441934354633 -0.0013935941403120638 -0.011130171567598544
leaf_weight=397.90759219042957 55479.7128158696 403.72271868493408 1232.2433984391391 596.23084968328476 714.99865057691932 273.89685368724167 1028.1152920797467 1663.5572207793593 760.94333554431796 5145.5441751759499 740.76051829289645 341.44836732652038 21980.869475802407 401.48563309758902
leaf_count=2573 360339 2594 9475 3642 5202 1485 6772 9975 4527 38178 5008 2114 165794 2833
internal_value=-8.02904e-05 -0.00694859 -1.85958e-05 0.000464878 8.44789e-05 -0.000949822 0.00694645 0.00393562 -0.000516385 0.00325501 -0.00136107 -0.0114155 -0.000886185 0.00863868
internal_weight=91161.4 801.63 90359.8 59482.6 56194.7 30877.2 3287.9 2691.67 29644.9 5419.44 24225.5 1082.21 23143.3 1162.43
internal_count=620511 5167 615344 385930 365541 229414 20389 16747 219939 39663 180276 7122 173154 7360
is_linear=0
shrinkage=0.05


Tree=249
num_leaves=15
num_cat=0
split_feature=58 68 74 74 71 69 68 71 71 71 68 70 74 71
split_gain=13.4074 42.5884 36.3141 47.7012 37.4061 58.5205 54.2335 47.4299 34.9299 39.9561 53.7179 55.0438 36.3548 47.4855
threshold=-0.002646278939209878 0.011834083124995233 -0.015850028023123738 -0.00085763400420546521 0.011646390892565252 0.0083855912089347857 -0.019749879837036129 -0.029177387244999405 -0.024940954521298405 -0.011045068968087433 0.027453032322227958 -0.0040907945949584237 -0.011121466290205715 0.012974427081644537
decision_type=2 10 2 2 2 8 8 2 2 2 10 2 2 2
left_child=1 2 -1 -4 5 7 -7 -5 -3 10 11 -10 13 -11
right_child=-2 8 3 4 -6 6 -8 -9 9 12 -12 -13 -14 -15
leaf_value=0.0030255447406582116 -0.00046432305319350667 -0.013284127986636342 -0.0056615252655862732 0.0044298515637691922 0.007941007124791474 0.019417125106673799 -0.00059679059813746906 -0.016542481401419794 -0.0084674431203002106 0.016617752119228304 0.026520013807928053 0.017142571630546267 0.0014445618137827675 -0.0052606178584898595
leaf_weight=3852.5622531212866 60720.394263690338 328.59165557101369 5858.1457580626011 380.43575462326407 1388.4744946397841 407.68409294448793 1782.3034978099167 886.24787185154855 416.14690712466836 869.03680495917797 395.45636337250471 404.33153169229627 13126.450744409114 339.91362392902374
leaf_count=22767 426196 2052 36453 2160 8244 2135 11478 5012 2492 5219 2127 2416 89383 2255
internal_value=-3.50251e-05 0.00082131 -0.00113189 -0.00262976 0.00103999 -0.00174692 0.00320029 -0.0102583 0.00261124 0.00295542 0.0116214 0.00420761 0.00221278 0.0104736
internal_weight=91156.2 30435.8 14555.9 10703.3 4845.15 3456.67 2189.99 1266.68 15879.9 15551.3 1215.93 820.478 14335.4 1208.95
internal_count=620389 194193 88249 65482 29029 20785 13613 7172 105944 103892 7035 4908 96857 7474
is_linear=0
shrinkage=0.05


end of trees

feature_importances:
spy_c_sma200=467
spy_ret5=410
breadth50=363
spy_rv20=361
spy_c_sma50=360
univ_ret1=316
spy_ret1=275
atr_pct=172
relvol=95
entry_weekday=76
dist_lo252=55
range20=51
dist_hi252=47
gap_last=35
hit3_60=34
adx14=33
atr_ratio=30
resist_room=25
sma50_200=23
rv20=22
sma20_slope=18
rsi2=17
gap_up_count20=17
bb_squeeze=15
rsi14=15
dist_hi60=14
stoch_d=13
dist_lo20=13
hit3_20=12
macd_hist=11
c_sma200=7
rs5=7
fib_ext_room=7
bb_pctb=6
roc5=6
close_loc=6
roc1=5
log_dollar_vol=5
dist_hi20=5
bb_width=4
relvol5=4
dist_lo60=4
rs20=4
rs_today=4
fib_room_up=4
c_sma50=3
di_diff=3
roc20=3
rs60=3
stoch_k=2
roc60=2
obv_slope=2
support_test=2
gap_dn_count20=2
fib_retr=2
c_sma10=1
c_sma20=1
fib_near=1

parameters:
[boosting: gbdt]
[objective: binary]
[metric: binary_logloss]
[tree_learner: serial]
[device_type: cpu]
[data_sample_strategy: bagging]
[data: ]
[valid: ]
[num_iterations: 250]
[learning_rate: 0.05]
[num_leaves: 15]
[num_threads: 4]
[seed: 7]
[deterministic: 0]
[force_col_wise: 0]
[force_row_wise: 0]
[histogram_pool_size: -1]
[max_depth: -1]
[min_data_in_leaf: 2000]
[min_sum_hessian_in_leaf: 0.001]
[bagging_fraction: 0.7]
[pos_bagging_fraction: 1]
[neg_bagging_fraction: 1]
[bagging_freq: 1]
[bagging_seed: 17422]
[bagging_by_query: 0]
[feature_fraction: 0.6]
[feature_fraction_bynode: 1]
[feature_fraction_seed: 7040]
[extra_trees: 0]
[extra_seed: 6516]
[early_stopping_round: 0]
[early_stopping_min_delta: 0]
[first_metric_only: 0]
[max_delta_step: 0]
[lambda_l1: 0]
[lambda_l2: 10]
[linear_lambda: 0]
[min_gain_to_split: 0]
[drop_rate: 0.1]
[max_drop: 50]
[skip_drop: 0.5]
[xgboost_dart_mode: 0]
[uniform_drop: 0]
[drop_seed: 15215]
[top_rate: 0.2]
[other_rate: 0.1]
[min_data_per_group: 100]
[max_cat_threshold: 32]
[cat_l2: 10]
[cat_smooth: 10]
[max_cat_to_onehot: 4]
[top_k: 20]
[monotone_constraints: ]
[monotone_constraints_method: basic]
[monotone_penalty: 0]
[feature_contri: ]
[forcedsplits_filename: ]
[refit_decay_rate: 0.9]
[cegb_tradeoff: 1]
[cegb_penalty_split: 0]
[cegb_penalty_feature_lazy: ]
[cegb_penalty_feature_coupled: ]
[path_smooth: 0]
[interaction_constraints: ]
[verbosity: -1]
[saved_feature_importance_type: 0]
[use_quantized_grad: 0]
[num_grad_quant_bins: 4]
[quant_train_renew_leaf: 0]
[stochastic_rounding: 1]
[linear_tree: 0]
[max_bin: 255]
[max_bin_by_feature: ]
[min_data_in_bin: 3]
[bin_construct_sample_cnt: 200000]
[data_random_seed: 61]
[is_enable_sparse: 1]
[enable_bundle: 1]
[use_missing: 1]
[zero_as_missing: 0]
[feature_pre_filter: 1]
[pre_partition: 0]
[two_round: 0]
[header: 0]
[label_column: ]
[weight_column: ]
[group_column: ]
[ignore_column: ]
[categorical_feature: ]
[forcedbins_filename: ]
[precise_float_parser: 0]
[parser_config_file: ]
[objective_seed: 15521]
[num_class: 1]
[is_unbalance: 0]
[scale_pos_weight: 1]
[sigmoid: 1]
[boost_from_average: 1]
[reg_sqrt: 0]
[alpha: 0.9]
[fair_c: 1]
[poisson_max_delta_step: 0.7]
[tweedie_variance_power: 1.5]
[lambdarank_truncation_level: 30]
[lambdarank_norm: 1]
[label_gain: ]
[lambdarank_position_bias_regularization: 0]
[eval_at: ]
[multi_error_top_k: 1]
[auc_mu_weights: ]
[num_machines: 1]
[local_listen_port: 12400]
[time_out: 120]
[machine_list_filename: ]
[machines: ]
[gpu_platform_id: -1]
[gpu_device_id: -1]
[gpu_device_id_list: ]
[gpu_use_dp: 0]
[num_gpu: 1]

end of parameters

pandas_categorical:null
