tree
version=v4
num_class=1
num_tree_per_iteration=1
label_index=0
max_feature_idx=84
objective=binary sigmoid:1
feature_names=atr_pct rv20 range20 hit3_20 hit3_60 atr_ratio bb_pctb bb_width bb_squeeze c_sma10 c_sma20 c_sma50 c_sma200 sma20_slope sma50_200 adx14 di_diff rsi2 rsi14 macd_hist macd_cross_up stoch_k stoch_d roc1 roc5 roc20 roc60 relvol relvol5 obv_slope updown_vol log_dollar_vol cdl_doji cdl_hammer cdl_inv_hammer cdl_shooting_star cdl_hanging_man cdl_bull_engulf cdl_bear_engulf cdl_piercing cdl_dark_cloud cdl_morning_star cdl_evening_star cdl_three_white cdl_three_black cdl_bull_harami cdl_bear_harami cdl_bull_marubozu cdl_bear_marubozu dist_hi20 dist_lo20 dist_hi60 dist_lo60 dist_hi252 dist_lo252 breakout20 support_test resist_room gap_last gap_up_count20 gap_dn_count20 gap_up_held gap_dn_filled close_loc rs5 rs20 rs60 rs_today spy_c_sma50 spy_c_sma200 spy_ret1 spy_ret5 spy_rv20 breadth50 univ_ret1 fib_retr fib_near fib_golden fib_room_up fib_ext_room ew_w3 ew_w4 ew_w5 ew_abc entry_weekday
feature_infos=[0.00090478640049695969:6.4624290466308594] [0.00039999806904233992:0.76968240737915039] [8.0472105764783919e-05:0.61968326568603516] [0:1] [0:0.86666667461395264] [0.031044622883200645:2.7999999523162842] [-0.56213229894638062:1.5621137619018555] [1.0844238573781695e-07:44.968101501464844] [0:1] [-0.87975442409515381:6.7349109649658203] [-0.89888179302215576:11.463006019592285] [-0.90650480985641479:19.1641845703125] [-0.99844801425933838:26.148187637329102] [-0.66394847631454468:5.0050592422485352] [-0.99848026037216187:2.9727230072021484] [5.0604095458984375:84.917266845703125] [-100:98.064491271972656] [0:99.999122619628906] [4.2632564145606011e-14:99.358726501464844] [-1.2547042369842529:0.4839501678943634] [0:1] [0:100] [0:100] [-0.84275931119918823:30.089654922485352] [-0.94444441795349121:34.638889312744141] [-0.92232847213745117:42.170665740966797] [-0.95441293716430664:2249.763427734375] [0:20] [0:4] [-2:2] [-18.052900314331055:17.972127914428711] [16.811262130737305:24.700511932373047] [0:1] [0:1] [0:1] [0:1] [0:1] [0:1] [0:1] [0:1] [0:1] [0:1] [0:1] [0:1] [0:1] [0:1] [0:1] [0:1] [0:1] [-0.9751209020614624:0] [0:49.414894104003906] [-0.9751209020614624:0] [0:2249.763427734375] [-0.99992752075195312:0] [0:2269.988525390625] [0:1] [0:1] [0.00100020004902035:10.532625198364258] [-0.80947953462600708:12.00689697265625] [0:15] [0:17] [0:1] [0:1] [0:1] [-1.0033258199691772:34.627357482910156] [-0.96099007129669189:42.138553619384766] [-1.1228011846542358:2249.710205078125] [-0.83545511960983276:30.087198257446289] [-0.27945837378501892:0.13230858743190765] [-0.26594445109367371:0.17232657968997955] [-0.10782753676176071:0.10501933842897415] [-0.15625929832458496:0.17460031807422638] [0.0019243131391704082:0.055708035826683044] [0:0.9513055682182312] [-0.13294798135757446:0.10407586395740509] [-1.5830906629562378:81.63043212890625] [0:11.20426082611084] [0:1] [-0.9636269211769104:11.20426082611084] [-0.96037620306015015:23.328418731689453] [0:1] [0:1] [0:0] [0:1] [0:4]
tree_sizes=1759 1792 1788 1792 1798 1795 1810 1802 1819 1791 1809 1798 1802 1806 1809 1799 1806 1803 1808 1813 1817 1809 1812 1824 1816 1809 1802 1818 1824 1814 1816 1823 1818 1809 1823 1823 1812 1819 1825 1815 1817 1825 1831 1817 1817 1818 1823 1822 1830 1820 1821 1846 1828 1818 1813 1831 1829 1817 1819 1829 1825 1832 1826 1824 1833 1818 1831 1829 1821 1811 1837 1825 1821 1828 1825 1827 1831 1823 1838 1823 1834 1825 1821 1845 1835 1816 1831 1826 1837 1818 1831 1812 1835 1828 1832 1839 1829 1845 1822 1836 1829 1832 1842 1829 1839 1820 1835 1828 1828 1831 1826 1840 1834 1827 1835 1820 1823 1831 1823 1833 1835 1838 1824 1833 1826 1830 1837 1838 1823 1840 1817 1842 1840 1832 1832 1836 1819 1828 1820 1831 1838 1834 1833 1841 1840 1837 1839 1830 1826 1838 1826 1831 1820 1834 1825 1839 1827 1840 1846 1837 1839 1813 1822 1833 1839 1817 1821 1830 1840 1829 1828 1831 1826 1844 1836 1825 1827 1828 1840 1823 1813 1826 1844 1837 1829 1834 1817 1842 1826 1840 1822 1829 1822 1831 1831 1826 1832 1810 1830 1834 1805 1834 1828 1830 1828 1842 1820 1822 1825 1845 1823 1839 1829 1832 1835 1820 1813 1831 1822 1814 1844 1850 1826 1816 1826 1837 1834 1820 1828 1832 1816 1825 1844 1817 1831 1836 1811 1836 1833 1828 1833 1832 1823 1819 1838 1831 1819 1832 1821 1830

Tree=0
num_leaves=15
num_cat=0
split_feature=3 3 3 57 10 57 68 67 3 3 73 27 10 18
split_gain=36616.5 4195.66 3955.2 1490.99 1428.18 993.513 509.856 441.239 434.397 391.02 298.792 287.753 242.474 226.329
threshold=0.17500000447034839 0.075000001117587103 0.32500000298023229 0.060978936031460769 -0.041120050475001328 0.052285546436905868 -0.070425093173980699 0.035379858687520034 1.0000000180025095e-35 0.42499999701976782 0.31732429563999182 0.88666021823883068 -0.072297766804695116 56.762838363647468
decision_type=2 2 2 10 2 10 8 2 2 2 2 2 2 2
left_child=1 3 5 8 -3 7 -4 13 -1 -8 -5 -6 -7 -2
right_child=2 4 6 10 11 12 9 -9 -10 -11 -12 -13 -14 -15
leaf_value=-2.2277172375751939 -2.1491657855776451 -2.1494024080029352 -2.0459538984511454 -2.1582155107569836 -2.2007767109747296 -2.1002142520402542 -2.1097656916942253 -2.1132133693650084 -2.2141207251230401 -2.0840168102027365 -2.1946275524339227 -2.1833314503180845 -2.1300869058566105 -2.1707730631768909
leaf_weight=17003.213849440217 2464.7888483852148 2378.7454427033663 595.39126172661781 767.47807309031487 5065.5553833395243 1089.5496370643377 2902.4641846865416 561.91983118653297 9155.6186673790216 3502.6760600507259 2036.2090095132589 4422.7765800058842 2122.3433701694012 2413.5811978578568
leaf_count=186941 27099 26153 6546 8438 55693 11979 31911 6178 100661 38510 22387 48626 23334 26536
internal_value=-2.18408 -2.209 -2.11908 -2.21926 -2.18396 -2.14177 -2.09114 -2.15487 -2.22297 -2.09555 -2.1846 -2.19265 -2.11972 -2.15981
internal_weight=56482.3 40829.6 15652.7 28962.5 11867.1 8652.18 7000.53 5440.29 26158.8 6405.14 2803.69 9488.33 3211.89 4878.37
internal_count=620992 448899 172093 318427 130472 95126 76967 59813 287602 70421 30825 104319 35313 53635
is_linear=0
shrinkage=1


Tree=1
num_leaves=15
num_cat=0
split_feature=0 0 0 0 0 0 27 0 27 27 27 71 68 71
split_gain=40193 5181.23 3708.45 654.082 591.392 543.815 335.4 286.855 238.267 216.113 205.206 161.363 190.438 318.379
threshold=0.037178926169872291 0.026466794312000278 0.052463516592979438 0.032439103350043304 0.044381540268659599 0.021576850675046447 1.1188523769378664 0.06228147633373738 0.98808205127716076 1.3917857408523562 1.0820810794830324 0.047184959053993232 -0.025118615478277203 -0.0073139155283570281
decision_type=2 2 2 2 2 2 2 2 2 2 2 2 8 2
left_child=1 5 4 6 9 -1 -3 -4 -5 -2 -7 12 13 -9
right_child=2 3 7 8 -6 10 -8 11 -10 -11 -12 -13 -14 -15
leaf_value=-0.047818467289720251 0.026451509537303238 -0.01831550071257982 0.074219185312072472 0.001187321904491964 0.056287493459808415 -0.037336568630913149 0.0030184678100980272 0.096279730764104662 0.023037879079630379 0.054700369840503686 -0.021029319234578164 0.05986568623883598 0.090748047053052783 0.15340045692444243
leaf_weight=15455.245126575232 4626.6659669354558 6546.8007165119052 2840.6040019243956 3135.0149360373616 3933.0635552629828 6472.0473858192563 2558.6650082394481 893.26424775272608 2063.5742253735662 799.03436056524515 2817.3077875599265 366.46034177392721 3601.2364940717816 404.80696022510529
leaf_count=175353 49813 72804 29568 34388 41558 72805 28287 9067 22496 8572 31574 3713 36963 4104
internal_value=-1.00408e-05 -0.0282096 0.0630189 -0.00424986 0.0415046 -0.0420527 -0.0123239 0.0877753 0.00988845 0.0307047 -0.0324188 0.0949335 0.0974293 0.11513
internal_weight=56513.8 39048.7 17465.1 14304.1 9358.76 24744.6 9105.47 8106.37 5198.59 5425.7 9289.36 5265.77 4899.31 1298.07
internal_count=621065 437707 183358 157975 99943 279732 101091 83415 56884 58385 104379 53847 50134 13171
is_linear=0
shrinkage=0.05


Tree=2
num_leaves=15
num_cat=0
split_feature=0 0 0 0 0 27 0 0 27 0 27 69 27 27
split_gain=35992.7 4318.85 3351.07 639.977 510.57 471.672 313.374 238.943 218.49 171.464 142.592 142.48 124.902 111.302
threshold=0.036246968433260925 0.027101671323180202 0.047237979248166091 0.021907247602939609 0.059259282425045974 1.0324244499206545 0.040673948824405677 0.032268563285470016 1.1587572097778323 0.030624313279986385 0.73703739047050487 -0.11513442173600195 0.94061613082885753 1.1645659804344179
decision_type=2 2 2 2 2 2 2 2 2 2 2 10 2 2
left_child=1 3 6 -1 10 7 13 -3 -5 -7 -4 -6 -8 -2
right_child=2 5 4 8 11 9 12 -9 -10 -11 -12 -13 -14 -15
leaf_value=-0.046877768752058076 0.015578140688819384 -0.018321740249911369 0.047293125678813774 -0.034702950154030132 0.10205344533214447 -0.002136113190303907 0.032572769923283298 -0.00032489165213775689 -0.017057575188044276 0.017826262198940592 0.066748187971775064 0.079109624307269033 0.050223860476281905 0.0350706209089795
leaf_weight=15556.03371745348 2880.6175935640931 4959.0683890134096 1541.0884717106819 7152.5125594213605 934.5915924012661 1948.3771917372942 2400.3251044601202 2933.534020550549 2365.4798044189811 2386.3040050119162 3129.2232392504811 5486.249802544713 1864.5357869267464 990.99636913090944
leaf_count=183324 30695 55958 15361 82606 8710 21596 24889 32174 26863 25824 31164 52548 19189 10371
internal_value=-9.46937e-05 -0.0287378 0.0554586 -0.0406147 0.0733346 -0.00436898 0.031031 -0.0116415 -0.0303401 0.0088692 0.0604433 0.0826027 0.040389 0.020645
internal_weight=56528.9 37301.3 19227.6 25074 11091.2 12227.3 8136.47 7892.6 9517.99 4334.68 4670.31 6420.84 4264.86 3871.61
internal_count=621272 428345 192927 292793 107783 135552 85144 88132 109469 47420 46525 61258 44078 41066
is_linear=0
shrinkage=0.05


Tree=3
num_leaves=15
num_cat=0
split_feature=0 0 0 0 0 0 0 4 71 5 71 73 71 73
split_gain=31916 3754.22 2910.52 512.504 458.401 310.487 269.004 164.378 143.174 124.105 103.73 101.842 97.4734 124.075
threshold=0.033924126997590072 0.045173063874244697 0.024592141620814804 0.068477924913167967 0.028834600932896141 0.040673948824405677 0.020923699252307418 0.29166667163372045 -0.023672427050769326 1.1175076365470888 -0.037121023982763283 0.64850938320159923 0.047184959053993232 0.62079501152038585
decision_type=2 2 2 2 2 2 2 8 2 2 2 2 2 2
left_child=2 5 6 7 10 9 -1 11 -6 -2 -4 -3 13 -5
right_child=1 3 4 12 8 -7 -8 -9 -10 -11 -12 -13 -14 -15
leaf_value=-0.047306885250736508 0.01282271050451443 0.052261821837583801 0.006678964373229259 0.085042684096557103 0.01641616904435747 0.035100050229922124 -0.034865741467592547 0.062711658490072111 -0.0065794561126502511 0.031390943206644678 -0.023388392310008423 0.031477901496416751 0.047999168002232903 0.065032119104170269
leaf_weight=13122.525783926249 5399.5463987365365 3106.0638900622725 295.24671382457018 2986.9189115837216 752.13716100901365 3166.6215640455484 6754.7059942409396 4381.2808041647077 6065.4261426329613 1080.0893524438143 6861.1907764002681 799.89378395676613 329.3628751412034 1338.8748874291778
leaf_count=160866 57277 29712 3353 26467 8285 31939 80518 40850 67715 11245 79548 7739 2976 12035
internal_value=-9.84242e-05 0.0459182 -0.0308094 0.0635099 -0.0133101 0.022274 -0.0430988 0.0558896 -0.00402217 0.0159614 -0.0221403 0.0480968 0.0769268 0.0790135
internal_weight=56439.9 22588.7 33851.2 12942.4 13974 9646.26 19877.2 8287.24 6817.56 6479.64 7156.44 3905.96 4655.16 4325.79
internal_count=620525 220240 400285 119779 158901 100461 241384 78301 76000 68522 82901 37451 41478 38502
is_linear=0
shrinkage=0.05


Tree=4
num_leaves=15
num_cat=0
split_feature=0 0 0 27 0 0 0 0 27 27 27 0 72 73
split_gain=28079.7 3140.62 2999.92 468.036 379.916 314.217 292.867 288.045 216.937 168.927 137.487 135.918 129.866 102.735
threshold=0.034139124676585204 0.047695685178041465 0.02470492105931044 1.0869689583778384 0.040673948824405677 0.020923699252307418 0.061263145878911025 0.029121219180524353 1.3174747824668886 1.0676618814468386 0.83345961570739757 0.028834600932896141 0.022701648063957695 0.30817307531833654
decision_type=2 2 2 2 2 2 2 2 2 2 2 2 8 2
left_child=2 4 5 7 8 -1 12 -4 13 -7 -6 -5 -3 -2
right_child=1 6 3 11 10 9 -8 -9 -10 -11 -12 -13 -14 -15
leaf_value=-0.046948713553290548 0.027171933849524623 0.052940075216967565 -0.026232192700096298 -0.0073368213182494913 0.023780749679180171 -0.038903070289856921 0.067053570187448827 -0.0088327106735683475 0.034619247854169734 -0.021766299834987572 0.041067963903265482 0.010360078196808009 0.019359696576785625 0.0075157988966927658
leaf_weight=12661.862235091627 776.34682378172874 5064.7589672505856 5027.1152685284615 2088.8590909540653 2104.5326089709997 4586.8289594575763 6603.2705804035068 4535.4098590537906 1132.1722290068865 2164.3296188116074 2699.9777669459581 2236.49698536098 321.21025174856186 4411.1101791262627
leaf_count=161397 8115 46004 59725 24067 20579 56621 56022 51215 11449 26132 25984 24292 2910 46380
internal_value=-0.000199656 0.0421317 -0.0295847 -0.0118297 0.0229667 -0.0422738 0.0598799 -0.0179976 0.0148723 -0.0334496 0.0335607 0.00181644 0.050977 0.0105041
internal_weight=56414.3 23113.4 33300.9 13887.9 11124.1 19413 11989.2 9562.53 6319.63 6751.16 4804.51 4325.36 5385.97 5187.46
internal_count=620892 217443 403449 159299 112507 244150 104936 110940 65944 82753 46563 48359 48914 54495
is_linear=0
shrinkage=0.05


Tree=5
num_leaves=15
num_cat=0
split_feature=4 1 1 73 4 4 27 68 4 4 18 73 84 27
split_gain=21224 2705.78 2389.98 951.673 663.14 470.986 421.758 360.525 330.117 326.445 278.999 204.929 187.805 184.601
threshold=0.12500000372529033 0.028734850697219375 0.016779441386461261 0.30817307531833654 0.29166667163372045 0.22500000149011615 1.3174747824668886 -0.040576038882136338 0.058333335444331176 0.041666667908430106 44.084459304809577 0.063547253608703627 1.5000000000000002 0.8770054578781129
decision_type=8 10 10 2 8 10 2 10 10 10 2 2 2 2
left_child=2 5 9 11 7 10 8 12 -5 -1 -2 -4 -3 -9
right_child=1 4 3 6 -6 -7 -8 13 -10 -11 -12 -13 -14 -15
leaf_value=-0.042799059221882096 0.025192329498071792 0.035378607922243101 0.063641175314195067 -0.032571598819908114 0.056785944235506071 0.031276432512160585 0.0040067008537096162 0.020046962504217669 -0.013393556005800902 -0.027900188687426011 0.00094175001951445818 0.013114692476757828 0.077288938950623609 0.03971230680658687
leaf_weight=13128.595011770725 1541.0662942230701 484.9678789973259 212.81861747056246 3867.7767813950777 9043.7619723379612 2747.2497221529484 1972.9336849376559 2627.0065573379397 5386.2871511653066 5225.2421917840838 5043.2419288083911 2144.4243288338184 677.61986007541418 2244.2111978977919
leaf_count=171817 15511 4106 1880 47198 75616 26892 21624 24988 61034 65244 55550 22990 5722 20574
internal_value=1.15915e-05 0.0351052 -0.0268118 -0.0109017 0.0481964 0.0139239 -0.016965 0.0352494 -0.0214356 -0.0385749 0.00664723 0.0179259 0.0602571 0.0291697
internal_weight=56347.2 24409.1 31938.1 13584.2 15077.6 9331.56 11227 6033.81 9254.06 18353.8 6584.31 2357.24 1162.59 4871.22
internal_count=620746 228959 391787 154726 131006 97953 129856 55390 108232 237061 71061 24870 9828 45562
is_linear=0
shrinkage=0.05


Tree=6
num_leaves=15
num_cat=0
split_feature=4 1 1 57 3 4 4 4 51 68 57 4 68 27
split_gain=19074.9 2276.92 2094.54 765.705 577.037 402.14 342.691 316.622 253.99 212.426 200.687 188.318 171.775 159.063
threshold=0.12500000372529033 0.016779441386461261 0.028734850697219375 0.065432112663984313 0.37500000000000006 0.20833333581686023 0.058333335444331176 0.041666667908430106 -0.11025400832295416 -0.070425093173980699 0.10359140112996103 0.17500000447034839 -0.039554694667458527 1.2035143971443178
decision_type=8 10 10 10 2 10 10 10 8 10 10 8 10 2
left_child=1 7 5 6 10 8 -3 13 -2 -5 11 -4 -8 -1
right_child=2 3 4 9 -6 -7 12 -9 -10 -11 -12 -13 -14 -15
leaf_value=-0.045342244608733789 0.018928524646224149 -0.027239534079891426 0.012862119847290158 0.041871494366456971 0.054273414906409724 0.027272951548936959 0.016221940616408758 -0.027432367939587639 -0.0023004186526023669 0.0059481313319994893 0.048947281463316429 0.03459991919903356 -0.011887096810340269 -0.031665776815666034
leaf_weight=9809.846134647727 2263.7267855927348 4578.7512894496322 1241.1794046759605 490.54014986753464 6974.8365212529898 3421.7963320836425 594.37068961560726 5125.7753841802478 3699.7277601361275 2341.4014714509249 1960.3667212277651 5396.9041402190924 5492.885959893465 2860.9870684742928
leaf_count=133502 23020 56659 11891 4514 55026 33121 6210 65480 41325 24721 16121 47691 63061 38399
internal_value=-0.000282715 -0.0262809 0.0323129 -0.0107833 0.0435535 0.0136345 -0.0169169 -0.0380225 0.00577628 0.0122961 0.0348048 0.0305609 -0.00912038 -0.0422816
internal_weight=56253.1 31294.6 24958.5 13497.9 15573.3 9385.25 10666 17796.6 5963.45 2831.94 8598.45 6638.08 6087.26 12670.8
internal_count=620741 392546 228195 155165 130729 97466 125930 237381 64345 29235 75703 59582 69271 171901
is_linear=0
shrinkage=0.05


Tree=7
num_leaves=15
num_cat=0
split_feature=0 0 0 27 0 27 0 0 0 27 71 71 2 2
split_gain=20978 2315.63 2138.42 373.783 348.088 273.567 229.503 193.822 171.965 163.957 103.311 103.23 99.9562 96.8885
threshold=0.032439103350043304 0.044007450342178352 0.02402769681066275 1.1077316999435427 0.054474042728543288 1.5035094022750857 0.018901186995208267 0.027862430550158027 0.03602839075028897 1.1299487948417666 0.0016004109056666496 -0.02760831173509359 0.065997771918773665 0.023705548606812957
decision_type=2 2 2 2 2 2 2 2 2 2 2 2 2 2
left_child=2 5 6 7 -3 8 -1 -4 -2 -8 -10 -5 -6 -13
right_child=1 4 3 11 12 -7 9 -9 10 -11 -12 13 -14 -15
leaf_value=-0.04765628703951745 0.0024764584675812692 0.033920800547943983 -0.027420443804648309 0.021391927692646768 0.0441133770180753 0.035128869203759627 -0.039960424793104722 -0.012545631779255688 0.023530139155415495 -0.023908915101077254 0.010425332731186591 -0.017892208779622592 0.054625071717010247 0.0011973792811299814
leaf_weight=8184.8105435445905 3713.6930728554726 5993.3002297729254 4335.5840525701642 441.67125176638365 5028.6655317246914 1325.7039998099208 6111.8794548586011 4478.0328530371189 2658.1828922405839 2230.6498863324523 3516.7407753095031 908.97286987304688 4880.1157307326794 2398.1573854088783
leaf_count=116335 39779 51342 55195 4937 39523 12728 83651 52754 25905 29660 34436 11034 36369 27346
internal_value=-0.000344613 0.0312878 -0.0298318 -0.0142661 0.0435538 0.0138711 -0.0416475 -0.0198856 0.0109886 -0.0357023 0.0160956 -0.00103673 0.0493403 -0.00408756
internal_weight=56206.2 27116.4 29089.8 12562.4 15902.1 11214.3 16527.3 8813.62 9888.62 8342.53 6174.92 3748.8 9908.78 3307.13
internal_count=620994 240082 380912 151266 127234 112848 229646 107949 100120 113311 60341 43317 75892 38380
is_linear=0
shrinkage=0.05


Tree=8
num_leaves=15
num_cat=0
split_feature=4 4 4 57 57 57 67 67 71 51 51 4 71 27
split_gain=15584.7 1823.33 1539.52 636.322 567.421 473.866 307.391 272.117 262.947 219.797 195.584 176.076 173.552 158.933
threshold=0.12500000372529033 0.041666667908430106 0.25833334028720861 0.052941737696528442 0.059374615550041206 0.071661490947008147 0.024734907783567909 0.026311962865293029 -0.051636332646012299 -0.12213455885648726 -0.14291492849588391 0.37500000000000006 -0.051636332646012299 1.2178924679756167
decision_type=8 10 10 10 10 10 2 2 2 8 10 10 2 2
left_child=1 4 5 7 13 6 9 10 -6 -2 -3 -4 -5 -1
right_child=2 3 11 12 8 -7 -8 -9 -10 -11 -12 -13 -14 -15
leaf_value=-0.042446796805799228 0.017347198285063866 -0.006457573755652102 0.034461900620703027 0.038247504842238267 0.04511420417433952 0.032907677703583264 0.031780706963915682 0.012107426361191508 -0.015372009870405443 0.00096527545716544648 -0.023278267070103168 0.046391051124132165 0.0030116147272943455 -0.02895494964551882
leaf_weight=11186.494748733938 3308.605838239193 2199.6731205359101 6405.2178910672665 387.02629606425762 200.13021373003721 3208.5714819729328 1488.7673902735114 710.52573536336422 1235.6604731157422 5349.1941333711147 8218.8718874379992 6407.7389326393604 2936.4051808193326 2836.4481430798769
leaf_count=161221 30973 25161 52573 3485 2148 27173 13736 8044 15006 57219 105379 47510 31470 39622
internal_value=-9.42723e-05 -0.0247444 0.0280806 -0.0119648 -0.0366767 0.0161831 0.0108672 -0.0176944 -0.00668731 0.00723847 -0.0197365 0.0404592 0.0072174 -0.0397404
internal_weight=56079.3 29911.2 26168.1 14452.5 15458.7 13355.1 10146.6 11129.1 1435.79 8657.8 10418.5 12813 3323.43 14022.9
internal_count=620720 391536 229184 173539 217997 129101 101928 138584 17154 88192 130540 100083 34955 200843
is_linear=0
shrinkage=0.05


Tree=9
num_leaves=15
num_cat=0
split_feature=0 0 0 27 0 27 0 0 27 0 71 73 27 27
split_gain=17761.4 1895.06 1818.56 295.723 247.35 243.855 238.96 157.405 147.309 130.163 99.1678 120.524 87.7398 78.7441
threshold=0.031924970448017127 0.044381540268659599 0.024143381975591186 1.1838067770004275 0.054474042728543288 0.89932492375373851 0.020039841532707218 0.027355437166988853 1.0586036443710329 0.037178926169872291 0.047184959053993232 0.62079501152038585 1.7240964174270632 1.486679255962372
decision_type=2 2 2 2 2 2 2 2 2 2 2 2 2 2
left_child=2 5 6 7 13 9 -1 -4 -8 -2 11 -6 -7 -3
right_child=1 4 3 -5 10 12 8 -9 -10 -11 -12 -13 -14 -15
leaf_value=-0.045526847011451904 -0.0022228454017776248 0.027643726451072038 -0.026393894956315334 -0.00013321300737532051 0.048026328903647428 0.016656540840750651 -0.038173236789936497 -0.012741987578913178 -0.021845642362454259 0.012232905671112113 0.02300780204974881 0.035924515465671533 0.033208164571829429 0.04520893408003486
leaf_weight=9296.1698651015759 3016.4467229917645 5239.5277606323361 3784.0240348875523 2832.2662811353803 6571.8870607391 5181.8037329241633 4275.0773737058043 4847.7456402182579 2117.6555699557066 3203.1855313777924 630.66367971897125 3271.3587071374059 955.67023955285549 754.1123815253377
leaf_count=141554 32615 42817 50206 32986 47147 50670 61628 58465 29041 30440 4642 23794 8888 6103
internal_value=-0.000297198 0.0270338 -0.0293102 -0.014155 0.0381359 0.0122199 -0.0403682 -0.0187504 -0.0328071 0.00522973 0.0428013 0.0440449 0.0192836 0.0299254
internal_weight=55977.6 28824.7 27152.9 11464 16467.5 12357.1 15688.9 8631.77 6392.73 6219.63 10473.9 9843.25 6137.47 5993.64
internal_count=620996 247116 373880 141657 124503 122613 232223 108671 90669 63055 75583 70941 59558 48920
is_linear=0
shrinkage=0.05


Tree=10
num_leaves=15
num_cat=0
split_feature=2 2 2 27 27 2 27 27 68 2 2 2 2 5
split_gain=15195.3 1816.54 1699.33 474.107 335.718 238.815 193.744 167.366 138.677 115.633 113.783 100.931 98.5637 93.9109
threshold=0.029357252642512325 0.040958598256111152 0.021565425209701065 1.1077316999435427 0.86773279309272777 0.055702243000268943 1.2035143971443178 0.75512132048606884 -0.070425093173980699 0.033613007515668876 0.024848392233252529 0.016246253624558452 0.018543485552072528 1.2501809000968935
decision_type=2 2 2 2 2 2 2 2 8 2 2 2 2 2
left_child=2 4 6 8 9 7 12 -3 -4 -2 -10 -8 -1 -5
right_child=1 5 3 13 -6 -7 11 -9 10 -11 -12 -13 -14 -15
leaf_value=-0.04724830114180207 -0.0070090749728668206 0.019408325320556846 0.021023381256927244 -0.0029580896029631786 0.017395710574586651 0.040758105527018258 -0.040256965702190867 0.034064262140338634 -0.028857972877099444 0.0070883729684238497 -0.016984943897130924 -0.021832079657825292 -0.03673051684454872 0.021442765851931396
leaf_weight=6792.3643456511199 2502.5792689844966 3092.4991490468383 182.06324621289968 3431.1259910240769 6836.5013486519456 8488.9330836012959 1269.520453043282 5513.2997426018119 3652.5642772503197 3444.8676391616464 4661.0195925012231 1913.9646838381886 3695.9449109658599 435.35067965835333
leaf_count=107689 28155 25317 2160 40534 65707 58766 19706 43176 50926 33738 58433 27175 55279 4680
internal_value=-0.000213116 0.0241142 -0.0281316 -0.01468 0.00984671 0.0347718 -0.0402751 0.0288263 -0.0212792 0.00115461 -0.0222297 -0.0292827 -0.0435805 -0.000162418
internal_weight=55912.6 29878.7 26033.9 12362.1 12783.9 17094.7 13671.8 8605.8 8495.65 5947.45 8313.58 3183.49 10488.3 3866.48
internal_count=621441 254859 366582 156733 127600 127259 209849 68493 111519 61893 109359 46881 162968 45214
is_linear=0
shrinkage=0.05


Tree=11
num_leaves=15
num_cat=0
split_feature=0 0 0 2 0 0 0 69 73 73 67 69 67 1
split_gain=14610.8 1608.17 1575.93 234.381 229.518 130.683 125.186 94.4101 80.3559 79.44 78.0618 75.0696 74.8444 84.9765
threshold=0.031263912096619613 0.022669251076877121 0.043644284829497344 0.051274050027132041 0.027355437166988853 0.035809135064482696 0.017635113559663299 -0.16990498453378675 0.30817307531833654 0.30817307531833654 0.027165946550667289 -0.12024196237325667 0.029117726720869545 0.028051461093127731
decision_type=2 2 2 2 2 2 2 8 2 2 2 8 2 8
left_child=1 6 5 11 9 -2 -1 -5 -6 -3 -11 -4 13 -7
right_child=2 4 3 7 8 12 -8 -9 -10 10 -12 -13 -14 -15
leaf_value=-0.047297324375371756 0.0035157899330742581 -0.0061043270484125063 0.047637192767087472 0.063314208542699632 0.0069444604681855541 0.01669824727446486 -0.036912238944718401 0.036148484774587368 -0.010765620808331711 -0.024926328822336384 0.0034398299675862339 0.024088053965533401 0.028905252249962043 0.0051365009604854451
leaf_weight=5384.031586561352 5486.8140716403723 712.88458656519651 358.68250912427902 339.90563862025738 732.3913457095623 3924.1675994694233 7066.8102144598961 10313.746856123209 4778.5616802349687 6109.6426740884781 250.18005636334419 6882.0820488259196 726.05306881666183 2686.8358702510595
leaf_count=89226 58899 9494 2674 2159 8541 37100 110816 70749 58020 84768 3166 54180 6384 24852
internal_value=-0.000353809 -0.0287008 0.02275 0.032334 -0.0160759 0.00936175 -0.0414373 0.0370738 -0.00840368 -0.0220337 -0.0238068 0.0253187 0.0137227 0.0120142
internal_weight=55752.8 25034.5 30718.3 17894.4 12583.7 12823.9 12450.8 10653.7 5510.95 7072.71 6359.82 7240.76 7337.06 6611
internal_count=621028 364031 256997 129762 163989 127235 200042 72908 66561 97428 87934 56854 68336 61952
is_linear=0
shrinkage=0.05


Tree=12
num_leaves=15
num_cat=0
split_feature=4 1 1 73 4 27 73 4 69 27 27 68 27 68
split_gain=10884.8 1390.71 1146.48 803.876 442.875 323.783 295.848 222.924 220.695 207.952 196.265 187.173 155.519 126.096
threshold=0.10833333432674409 0.014553349465131761 0.024665349163115028 0.30817307531833654 0.29166667163372045 1.3799889683723452 0.30817307531833654 0.058333335444331176 0.03993549011647702 0.91940149664878856 1.1587572097778323 -0.073404144495725618 1.0368170142173769 0.0077630730811506518
decision_type=8 10 10 2 8 2 2 10 10 2 2 10 2 8
left_child=1 10 9 8 6 7 -4 -5 11 -2 -1 -3 -8 -6
right_child=2 3 4 5 13 -7 12 -9 -10 -11 -12 -13 -14 -15
leaf_value=-0.041497056638147754 -0.004207163868725986 0.027976745495746299 0.035137996153782582 -0.029952886540391327 0.040123878815680303 -0.00042200016674472486 0.0094936606898208559 -0.0150757028348504 0.062910560929990922 0.0122583883847368 -0.026052526034541609 -0.0022095862842199036 0.023982893591033953 0.02902434933938491
leaf_weight=8041.1763415299356 3975.3332690931857 744.33041460439563 2149.8537648245692 5253.7984691932797 3950.0452443510294 1923.967123799026 5582.2793839424849 4904.0206645801663 184.53675413876772 3687.7551411837339 2860.0420516729355 1604.5961036495864 2780.8553318157792 7961.254562176764
leaf_count=134512 44348 7000 15924 76748 26424 22672 49613 60893 2199 38075 45323 18324 22890 55948
internal_value=5.51932e-05 -0.0239619 0.0204247 -0.0138657 0.0261283 -0.0192333 0.018618 -0.0227923 0.0117063 0.0037223 -0.0374726 0.00743394 0.0143344 0.0327358
internal_weight=55603.8 25516.5 30087.4 14615.2 22424.3 12081.8 10513 10157.8 2533.46 7663.09 10901.2 2348.93 8363.13 11911.3
internal_count=620893 367671 253222 187836 170799 160313 88427 137641 27523 82423 179835 25324 72503 82372
is_linear=0
shrinkage=0.05


Tree=13
num_leaves=15
num_cat=0
split_feature=0 0 0 27 27 0 27 27 69 0 74 0 68 68
split_gain=12459.4 1367.51 1329.42 292.789 211.801 210.744 143.751 103.08 101.792 92.886 91.6114 84.1296 81.1813 80.0538
threshold=0.030624313279986385 0.040978522971272476 0.022449185140430931 0.92645755410194408 1.0038703083992007 0.054474042728543288 1.1188523769378664 1.4711087346076968 -0.11513442173600195 0.026466794312000278 -0.018727028742432591 0.017016752623021606 -0.070425093173980699 0.051486242562532432
decision_type=2 2 2 2 2 2 2 2 10 2 2 2 8 10
left_child=2 4 6 9 12 13 -1 -5 -7 -4 -10 -8 -2 -3
right_child=1 5 3 7 -6 8 11 -9 10 -11 -12 -13 -14 -15
leaf_value=-0.043901400781992811 0.029644774354672221 0.023407197704302534 -0.030176169129841002 -0.012049582689947089 0.014324191095074341 0.043898472782451473 -0.04181541159415663 0.0035047332492638538 0.012967894825025203 -0.017680724339102057 0.031437329895921934 -0.024584033504002869 -0.00049359887207762749 0.0079986607212423691
leaf_weight=8218.7846782207489 221.12591161578894 8349.494505263865 3042.0325215943158 4231.0389303155243 4617.259783372283 1597.5930523425341 1168.2130437195301 1417.2866943031549 745.00613823533058 3034.0406171381474 9213.832093283534 1985.2734282203019 6709.6006434038281 952.36564315855503
leaf_count=143323 2193 65958 45750 56003 44659 10033 20349 17354 4908 39540 60939 31899 70735 7436
internal_value=-0.000145435 0.0198518 -0.0281994 -0.0163639 0.00604055 0.0274917 -0.0403763 -0.00814737 0.032018 -0.023976 0.0300701 -0.0310794 0.000509297 0.0218399
internal_weight=55502.9 32406.3 23096.7 11724.4 11548 20858.3 11372.3 5648.33 11556.4 6076.07 9958.84 3153.49 6930.73 9301.86
internal_count=621079 266861 354218 158647 117587 149274 195571 73357 75880 85290 65847 52248 72928 73394
is_linear=0
shrinkage=0.05


Tree=14
num_leaves=15
num_cat=0
split_feature=0 0 0 71 2 71 72 68 0 0 0 70 54 72
split_gain=11207.5 1561.45 880.732 221.815 173.702 167.908 165.015 157.284 150.802 117.532 89.1369 79.2264 78.7922 72.5414
threshold=0.028834600932896141 0.040978522971272476 0.022337025031447414 -0.020949346944689747 0.065997771918773665 -0.051636332646012299 0.022701648063957695 -0.073404144495725618 0.034139124676585204 0.017391534522175792 0.025279863737523559 -0.010006214492022989 0.74640300869941723 0.032991603016853339
decision_type=2 2 2 2 2 2 8 8 2 2 2 2 10 10
left_child=2 3 9 12 6 -4 7 11 -5 -1 -7 -3 -2 -8
right_child=1 4 5 8 -6 10 13 -9 -10 -11 -12 -13 -14 -15
leaf_value=-0.046172371373681645 0.01467160053007999 0.066236830355256515 0.029994446740327238 -0.004604241990273014 0.032482591991011875 -0.025259385186883105 -0.011285854275849484 0.02244297455081784 0.006578484141405873 -0.035329874615210095 -0.015257984133326933 0.029309881181621762 0.042522930827652253 0.016970697148950491
leaf_weight=4546.6512424945831 1736.5383829548955 305.19889499247074 163.89331000298262 5947.6349628791213 5852.1343907117844 4136.7122098766267 493.71340591460466 13858.755201466382 6093.5369610637426 6237.96199099347 4991.0931080169976 322.86492813378572 293.42833204567432 403.76049908995628
leaf_count=84291 17432 2122 1992 68694 36432 62418 3604 102152 58541 108143 67221 2227 2916 2793
internal_value=-0.000398457 0.016561 -0.0302179 0.00363954 0.0251169 -0.0189034 0.0222957 0.0235838 0.00105563 -0.0399395 -0.0198133 0.0480109 0.0188862 0.00147329
internal_weight=55383.9 35307.6 20076.3 14071.1 21236.4 9291.7 15384.3 14486.8 12041.2 10784.6 9127.81 628.064 2029.97 897.474
internal_count=620978 296913 324065 147583 149330 131631 112898 106501 127235 192434 129639 4349 20348 6397
is_linear=0
shrinkage=0.05


Tree=15
num_leaves=15
num_cat=0
split_feature=2 2 2 27 27 27 2 69 2 27 5 2 27 69
split_gain=9734.02 1354.3 1026.36 410.995 263.704 199.894 150.406 139.448 113.317 109.583 99.2283 94.7957 88.0295 76.1331
threshold=0.029062210582196716 0.020634417422115806 0.039973914623260505 1.1077316999435427 0.8120238482952119 1.1772896051406863 0.048795027658343322 -0.12452897801995276 0.024733995087444786 0.86773279309272777 1.2003113031387331 0.016246253624558452 1.5770440101623537 -0.11513442173600195
decision_type=2 2 2 2 2 2 2 8 2 2 2 2 2 10
left_child=1 5 4 7 -2 -1 9 -3 -9 -4 -5 -7 -6 -8
right_child=2 3 6 10 12 11 13 8 -10 -11 -12 -13 -14 -15
leaf_value=-0.042854220590132615 -0.0027376333683078883 0.026092503549214198 0.011741951298763348 -0.004763619761948939 0.0095667510666963829 -0.037530570421364186 0.037983156225128642 -0.027320294770110772 -0.015584636560287454 0.024624890153044181 0.01572100360143297 -0.018193779247676945 0.023635440243050917 0.026194272576724999
leaf_weight=7638.7757605649531 4939.971469771117 149.64076674729586 3243.0814116373658 3362.8513470031321 6424.5596738122404 1142.4217177219689 1619.9754059836268 4091.8025344237685 4251.4062860198319 3425.8349165543914 706.8696220330894 1495.601122315973 1344.8434153720737 11301.957233205438
leaf_count=142912 51739 1780 25846 42181 61606 20967 9785 64664 56581 25421 7860 24193 11595 73025
internal_value=-0.000298803 -0.0252756 0.0173646 -0.0142458 0.00629189 -0.0387318 0.024541 -0.0205001 -0.021366 0.0183869 -0.00117583 -0.0266779 0.0120292 0.0277004
internal_weight=55139.6 22839.4 32300.2 12562.6 12709.4 10276.8 19590.8 8492.85 8343.21 6668.92 4069.72 2638.02 7769.4 12921.9
internal_count=620155 361138 259017 173066 124940 188072 134077 123025 121245 51267 50041 45160 73201 82810
is_linear=0
shrinkage=0.05


Tree=16
num_leaves=15
num_cat=0
split_feature=0 0 0 27 27 2 27 27 27 2 69 69 0 74
split_gain=9576.37 1121.32 1000.05 212.681 209.115 157.282 143.82 106.069 92.5348 79.4737 71.183 70.2673 66.7044 61.3728
threshold=0.029401167295873169 0.040673948824405677 0.022449185140430931 1.2400503158569338 1.3174747824668886 0.048795027658343322 1.1132087111473086 0.68436738848686229 1.0500429868698122 0.015513073187321426 -0.10883611440658568 -0.10883611440658568 0.024827441200613979 -0.00068714225199073542
decision_type=2 2 2 2 2 2 2 2 2 2 8 10 2 2
left_child=2 4 6 12 7 8 -1 13 10 -8 -3 -7 -4 -2
right_child=1 5 3 -5 -6 11 9 -9 -10 -11 -12 -13 -14 -15
leaf_value=-0.042494939464420942 0.0016318893140099624 0.037342446808041656 -0.026851305240990671 -0.0023800847539559135 0.017052902372918791 0.035283648478717365 -0.03993776202429674 0.0040144649134746541 0.023752298361868134 -0.022579800995859354 0.011906526181097579 0.024421706249466515 -0.016783674213749995 -0.012949180867499535
leaf_weight=7304.2566287145019 1202.8896783739328 283.14882090687752 2537.2234015241265 2152.7074464634061 2449.8033082187176 1778.2651314288378 1083.4536752961576 7561.7806501239538 3436.6632527709007 1841.6719276495278 5285.078527122736 11391.870809786022 4972.7150181345642 1786.3506655171514
leaf_count=142224 13019 2067 41320 27552 23027 10532 20920 79265 25351 31951 41355 72440 70170 19492
internal_value=-9.08015e-05 0.0155878 -0.0278098 -0.0162491 0.00392454 0.0224209 -0.0387034 0.000863049 0.0172891 -0.0291233 0.0132646 0.025914 -0.0202162 -0.00709579
internal_weight=55067.9 35175.9 19892 9662.65 13000.8 22175 10229.4 10551 9004.89 2925.13 5568.23 13170.1 7509.94 2989.24
internal_count=620685 286548 334137 139042 134803 151745 195095 111776 68773 52871 43422 82972 111490 32511
is_linear=0
shrinkage=0.05


Tree=17
num_leaves=15
num_cat=0
split_feature=2 2 2 27 27 27 69 2 71 71 27 71 71 69
split_gain=8120.19 1107.44 926.177 298.198 249.592 184.05 169.101 140.07 128.944 116.284 97.3964 77.8279 76.2987 75.6786
threshold=0.027078592218458656 0.039332348853349693 0.020333352498710159 0.95816230773925792 0.91940149664878856 1.298404395580292 -0.12024196237325667 0.049355955794453628 -0.026638220995664593 -0.00143447401933372 1.2807677388191225 0.0011586637701839211 -0.012753691989928482 -0.11513442173600195
decision_type=2 2 2 2 2 2 8 2 2 2 2 2 2 8
left_child=2 4 5 12 6 -1 -2 10 -5 -8 11 -3 -4 -9
right_child=1 7 3 8 -6 -7 9 13 -10 -11 -12 -13 -14 -15
leaf_value=-0.041361185798601784 0.042928942862169923 0.019695598830656271 -0.0098405635506622381 0.015343896946367279 0.010030524924842259 -0.023019109624240548 0.0047382403446924138 0.036287060079529358 -0.0097724116085224199 -0.008452260687716347 0.027323713676303658 0.0083809348597581306 -0.02665012832749776 0.023183863940124748
leaf_weight=7471.8399405069649 186.79902840405703 2634.4112404361367 815.16457499191165 575.03144930303097 7415.908326677978 1728.0561856590211 2506.8116898052394 1247.7726769000292 4072.7007270753384 4969.1276002377272 1512.6974726095796 3639.307663410902 4416.0988261327147 11806.255179591477
leaf_count=149947 1746 19685 12279 6816 70790 30915 26728 7068 56298 55508 10678 28434 70776 73698
internal_value=-0.000178668 0.0138227 -0.0265319 -0.015876 0.00349763 -0.0379446 -0.00282966 0.0212878 -0.00663867 -0.00402884 0.0159398 0.0131559 -0.0240545 0.0244632
internal_weight=54998 35919.1 19078.9 9879 15078.6 9199.9 7662.74 20840.4 4647.73 7475.94 7786.42 6273.72 5231.26 13054
internal_count=621366 294335 327031 146169 154772 180862 83982 139563 63114 82236 58797 48119 83055 80766
is_linear=0
shrinkage=0.05


Tree=18
num_leaves=15
num_cat=0
split_feature=0 0 0 27 27 27 71 4 27 73 73 0 71 72
split_gain=7957.25 971.787 834.186 219.674 198.758 147.842 131.743 116.301 100.981 116.327 93.2043 81.5894 79.5709 79.0707
threshold=0.028834600932896141 0.040673948824405677 0.022017705254256729 0.93329232931137096 1.456932604312897 1.1709756255149844 0.0013466962263919415 0.37500000000000006 0.76117640733718883 0.15441858023405078 0.31732429563999182 0.034326409921050079 -0.026638220995664593 0.02781627140939236
decision_type=2 2 2 2 2 2 2 8 2 2 2 2 2 10
left_child=2 4 5 -4 6 -1 10 8 9 -3 -2 -8 -5 -11
right_child=1 7 3 12 -6 -7 11 -9 -10 13 -12 -13 -14 -15
leaf_value=-0.041741554647897097 0.017724663012457554 0.036853765552656466 -0.024119775195040077 0.010639907804824869 0.017560026605831596 -0.026697401623341274 -0.0095177231349303833 0.024115959550922168 0.019712202816767267 0.010369865766603689 0.0023221534203243239 0.0013698519386222689 -0.010919075048777619 -0.014872794610556954
leaf_weight=6823.8540849797428 1323.3129662126303 385.34243704378605 4730.313845846802 471.69124338030815 1918.7126038745046 2247.5338136851788 3541.9434823542833 8477.4419069364667 9421.0452531725168 4179.2854923382401 3744.3179157972336 3333.3378458097577 3961.1940716840327 326.36609388887882
leaf_count=143433 13147 2366 75838 6141 17720 42713 41753 51467 65352 30597 39844 32287 56730 2225
internal_value=-0.000318907 0.013109 -0.0273011 -0.0166324 0.00266676 -0.0380477 0.000261366 0.0194565 0.0166817 0.0108161 0.0063712 -0.00424478 -0.00860626 0.00851253
internal_weight=54885.7 36651.1 18234.6 9163.2 13861.6 9071.39 11942.9 22789.5 14312 4890.99 5067.63 6875.28 4432.89 4505.65
internal_count=621613 296758 324855 138709 144751 186146 127031 152007 100540 35188 52991 74040 62871 32822
is_linear=0
shrinkage=0.05


Tree=19
num_leaves=15
num_cat=0
split_feature=2 2 2 27 27 2 27 27 27 5 53 2 54 68
split_gain=6920.02 1095.51 594.325 254.053 252.345 169.777 116.614 113.088 98.7948 94.7877 82.2565 78.1752 59.7814 56.6749
threshold=0.025318758562207225 0.036842636764049537 0.019174217246472839 1.0118593573570254 0.75215843319892894 0.048795027658343322 1.298404395580292 1.3371174931526186 0.73077571392059337 1.2735877037048342 -0.2934578657150268 0.029972200281918052 0.64038503170013439 -0.073404144495725618
decision_type=2 2 2 2 2 2 2 2 2 2 10 2 10 10
left_child=2 4 6 -4 11 8 -1 10 -3 -5 -6 -2 13 -12
right_child=1 5 3 9 7 -7 -8 -9 -10 -11 12 -13 -14 -15
leaf_value=-0.041900944190583538 -0.016855027358337844 0.0055293785687511926 -0.026587266463247439 -0.011479274692074201 0.0092654434261516868 0.021473389118525352 -0.025291685326754954 0.013402665634121905 0.016211659480211565 0.017767894385691187 0.021298838249598731 -0.0035512768071691968 0.0051705189192445674 -0.0072873143416281403
leaf_weight=5815.830723464489 1929.5765860117972 3148.8808592781425 4902.1277599297464 3287.0492210760713 2468.2192664183676 13658.154217615724 1363.1830964423716 2817.2720057144761 7014.9071770980954 293.57577553763986 173.68556359410286 2580.1714658513665 1966.5914985388517 3217.2464924715459
leaf_count=127251 26511 25886 86816 48765 25451 82584 26140 26435 52512 3516 1634 27989 21759 37370
internal_value=-0.000136497 0.0111437 -0.0281967 -0.0191992 0.00063175 0.0178271 -0.0387867 0.00483141 0.0129108 -0.00903849 0.00173259 -0.00926822 -0.0017486 -0.00576479
internal_weight=54636.5 38974.7 15661.8 8482.75 15152.8 23821.9 7179.01 10643 10163.8 3580.62 7825.74 4509.75 5357.52 3390.93
internal_count=620619 328131 292488 139097 167149 160982 153391 112649 78398 52281 86214 54500 60763 39004
is_linear=0
shrinkage=0.05


Tree=20
num_leaves=15
num_cat=0
split_feature=0 0 0 27 71 27 27 71 71 12 71 0 69 72
split_gain=6868.43 779.517 706.743 178.523 163.238 131.242 127.344 93.3813 77.8363 72.5208 71.1449 67.1176 65.924 107.663
threshold=0.028834600932896141 0.022017705254256729 0.041914708912372596 1.2035143971443178 0.0013466962263919415 1.1709756255149844 0.89932492375373851 0.0011586637701839211 -0.04483095929026603 -0.2928540557622909 -0.0086274417117238027 0.018325448036193851 -0.10883611440658568 0.018182073719799522
decision_type=2 2 2 2 2 2 2 2 2 10 2 2 8 10
left_child=1 5 4 10 8 11 -6 12 -2 -9 -3 -1 -4 -14
right_child=2 3 7 -5 6 -7 -8 9 -10 -11 -12 -13 13 -15
leaf_value=-0.045668454099489823 0.027051520988960971 -0.009966635756588996 0.031252214467420034 -0.0036923149796252394 -0.0070111863413577051 -0.026155344007649239 0.0051812520082089326 0.021306919787537792 0.0076974119289633302 0.012279228539381948 -0.022687192730792515 -0.034865517308122637 0.021147940822475134 0.0013819806154146195
leaf_weight=3419.2018981613219 561.51099109649658 1418.1920472495258 1393.9203384146094 2244.3648988045752 4396.6370073668659 2135.7985420115292 4156.7595691978931 2977.6872703060508 5994.2903725802898 9109.7417587116361 5264.7245015539229 2919.5894426293671 7832.5114465132356 756.85884791612625
leaf_count=80161 5060 22521 8071 30107 48262 42594 40542 18536 60590 59870 86351 62997 50700 4851
internal_value=-0.000335173 -0.0262521 0.0117989 -0.0159139 0.00346388 -0.0371111 -0.0010868 0.0175008 0.00939379 0.0145189 -0.0200067 -0.0407555 0.021093 0.0194099
internal_weight=54581.8 17401.9 37179.9 8927.28 15109.2 8474.59 8553.4 22070.7 6555.8 12087.4 6682.92 6338.79 9983.29 8589.37
internal_count=621213 324731 296482 138979 154454 185752 88804 142028 65650 78406 108872 143158 63622 55551
is_linear=0
shrinkage=0.05


Tree=21
num_leaves=15
num_cat=0
split_feature=2 2 2 27 27 27 2 72 27 53 68 2 27 2
split_gain=5846.37 977.823 563.124 224.953 213.427 155.317 121.599 126.027 100.449 95.4797 77.1432 75.5742 68.6873 61.2176
threshold=0.025318758562207225 0.036089852452278144 0.020019819959998134 1.0239046812057497 0.94774815440177929 1.1587572097778323 0.048795027658343322 0.02781627140939236 0.69710588455200206 -0.2934578657150268 0.044384431093931205 0.014990551862865688 1.5035094022750857 0.029972200281918052
decision_type=2 2 2 2 2 2 2 8 2 8 10 2 2 2
left_child=2 3 5 9 -4 -1 7 8 -3 -2 -10 -7 -6 -11
right_child=1 6 4 -5 12 11 -8 -9 10 13 -12 -13 -14 -15
leaf_value=-0.040966933664028121 0.0038174764434180533 0.004624749951297631 -0.025494333291862133 0.0069594133884390563 -0.012364009336705055 -0.038069073005021672 0.018715420175143143 -0.018103031255910885 0.017718902776364773 -0.013575574350143586 0.0044311579947011554 -0.018246655455137848 0.00337397466402056 -0.0039736869721205999
leaf_weight=5499.9452491216362 1969.1338724978268 2885.2994621358812 3626.2202875465155 5689.2943871207535 2642.9098582230508 738.38444666191936 14030.207964085042 335.476837053895 6650.4824570044875 3265.3896325677633 1316.1222696304321 1466.9964632801712 933.61545912176371 3389.6214782223105
leaf_count=129281 21386 23786 65949 56369 40757 16208 82964 2633 49659 45202 9838 27959 12272 36773
internal_value=-0.000375476 0.0096872 -0.0270468 -0.000750887 -0.0169589 -0.0364425 0.0156098 0.0117017 0.0126389 -0.00583949 0.015532 -0.0250253 -0.00825782 -0.00869831
internal_weight=54439.1 39531 14908.1 14313.4 7202.75 7705.33 25217.6 11187.4 10851.9 8624.14 7966.6 2205.38 3576.53 6655.01
internal_count=621036 328610 292426 159730 118978 173448 168880 85916 83283 103361 59497 44167 53029 81975
is_linear=0
shrinkage=0.05


Tree=22
num_leaves=15
num_cat=0
split_feature=0 0 0 73 69 70 69 74 0 67 73 69 0 24
split_gain=5649.18 738.982 609.196 135.202 131.544 118.093 159.923 172.933 114.628 110.812 100.825 100.537 86.1982 70.0999
threshold=0.028553304262459282 0.021576850675046447 0.040673948824405677 0.31732429563999182 0.031258267350494869 -0.044312106445431702 -0.12024196237325667 -0.016539857722818848 0.017268735915422443 0.02267497964203358 0.30817307531833654 0.021202730946242813 0.068477924913167967 -0.018749441951513287
decision_type=2 2 2 2 10 2 8 2 2 2 2 8 2 2
left_child=1 8 3 4 -2 -4 7 -7 -1 10 13 -5 -8 -3
right_child=2 9 5 11 -6 6 12 -9 -10 -11 -12 -13 -14 -15
leaf_value=-0.043297038994112136 0.0095176550857459935 0.014074619427027923 -0.013810598299162756 -0.0093619842441683161 0.04991446298491143 0.05756094703164958 0.012806036525000345 0.020068635882604647 -0.030536793628322973 0.0060980495008263278 -0.018234766840227217 0.0024474846826969625 0.01974315035291847 -0.013821022997234629
leaf_weight=3299.568551775068 2104.8169231638312 426.00473500788212 332.23163795471191 2196.8484281823039 214.09309179708362 447.50198672711849 15617.651363968849 999.13206876069307 4136.8202212452888 585.99029356241226 7336.2477394267917 9818.9469354823232 6356.4110952466726 455.8205060325563
leaf_count=81946 20677 6040 1939 23100 2078 2488 105910 5653 93490 8307 122102 103999 35989 7096
internal_value=3.38796e-05 -0.0246485 0.0105621 0.00241966 0.0134456 0.0154729 0.015894 0.0319821 -0.0362491 -0.01482 -0.0163171 0.000282369 0.0148208 -0.000338088
internal_weight=54328.1 16240.5 38087.6 14334.7 2318.91 23752.9 23420.7 1446.63 7436.39 8804.06 8218.07 12015.8 21974.1 881.825
internal_count=620814 318981 301833 149854 22755 151979 150040 8141 175436 143545 135238 127099 141899 13136
is_linear=0
shrinkage=0.05


Tree=23
num_leaves=15
num_cat=0
split_feature=3 79 3 73 27 71 71 27 3 70 73 12 27 71
split_gain=3495.27 619.636 583.604 236.335 209.691 173.701 134.896 128.621 116.923 108.395 98.4231 98.2506 78.6507 72.1268
threshold=0.075000001117587103 0.11710527911782266 0.17500000447034839 0.30817307531833654 1.0970677733421328 -0.0090665640309452993 0.0011586637701839211 1.5035094022750857 1.0000000180025095e-35 0.019053208641707901 0.28502207994461065 -0.17700536549091336 0.90588521957397472 0.048369815573096282
decision_type=2 10 2 2 2 2 2 2 2 2 2 8 2 2
left_child=1 4 5 10 8 -2 -4 11 -1 13 -3 -7 -5 -8
right_child=2 3 6 12 -6 7 9 -9 -10 -11 -12 -13 -14 -15
leaf_value=-0.036300009150671636 0.0094563078436710347 0.0058912314543409575 0.017074331432679498 -0.018330000318102019 -0.016141046141695991 0.0088703177572570843 0.0093629065239640898 0.012331613163551027 -0.022890136570935818 0.025601175595128058 0.043019043240610046 -0.0085935829743916115 -0.0060438483077648979 -0.0064978422205914758
leaf_weight=4378.3219135664403 3107.99038297683 1177.5954568646848 10690.246913272887 2376.3392984643579 3477.2998877204955 905.96073159575462 12759.700872365385 1016.4400726035237 2711.0950391590595 985.36128114163876 201.41534630581737 6756.7787160016596 2901.7493324056268 752.61630576848984
leaf_count=105065 30316 13824 70626 39805 64722 8137 90176 9610 51705 6243 2561 82387 40818 5010
internal_value=-0.000151544 -0.0187492 0.00851436 -0.00678683 -0.026272 -0.000668268 0.0128101 -0.00430056 -0.0312113 0.00965617 0.0115847 -0.00651997 -0.0115996 0.00847533
internal_weight=54198.9 17223.8 36975.1 6657.1 10566.7 11787.2 25187.9 8679.18 7089.42 14497.7 1379.01 7662.74 5278.09 13512.3
internal_count=621005 318500 302505 97008 221492 130450 172055 100134 156770 101429 16385 90524 80623 95186
is_linear=0
shrinkage=0.05


Tree=24
num_leaves=15
num_cat=0
split_feature=0 0 0 27 27 2 27 27 27 0 2 67 53 54
split_gain=4993.37 694.619 558.428 201.216 143.892 123.066 81.1461 75.7874 67.4971 54.5006 54.1829 50.6501 47.9255 58.6655
threshold=0.027227757498621944 0.038182748481631286 0.020039841532707218 1.0820810794830324 0.68436738848686229 0.048795027658343322 1.2400503158569338 1.0500429868698122 1.7240964174270632 0.024249901063740257 0.023821221664547924 0.027165946550667289 -0.2934578657150268 0.64038503170013439
decision_type=2 2 2 2 2 2 2 2 2 2 2 2 8 8
left_child=2 4 6 9 -2 7 -1 -3 10 -4 -6 -5 -12 -14
right_child=1 5 3 11 8 -7 -8 -9 -10 -11 12 -13 13 -15
leaf_value=-0.041595502124921885 -0.010289018278676735 0.0064626642029440608 -0.028113991448933631 -0.009392646719965269 -0.017120163918519525 0.016437302532994403 -0.026272960675556262 0.014616621528205351 0.013847827838444286 -0.017896509645554941 0.0085036041064715222 0.013633829347373753 -0.0042589771213590397 0.0048452191980221868
leaf_weight=4368.0533310249448 2966.963991895318 7479.9453769773245 3039.1396090611815 2694.5280248150229 394.43899406120181 14467.664286546409 1165.7234465517104 4625.8983689621091 1094.5897426605225 2439.7999435141683 1953.7299408651888 253.17840458080173 4069.2227638475597 3115.0244000256062
leaf_count=115298 35968 57547 65121 43043 5346 83301 26343 32598 10365 42205 20719 3547 46356 33727
internal_value=-0.000333021 0.00862047 -0.0260821 -0.0179433 -0.000572703 0.0133218 -0.0384209 0.00958796 0.00214713 -0.023605 0.000790453 -0.00737549 0.00158143 -0.000310232
internal_weight=54127.9 40167.5 13960.4 8426.65 13594 26573.5 5533.78 12105.8 10627 5478.94 9532.42 2947.71 9137.98 7184.25
internal_count=621484 325927 295557 153916 152481 173446 141641 90145 116513 107326 106148 46590 100802 80083
is_linear=0
shrinkage=0.05


Tree=25
num_leaves=15
num_cat=0
split_feature=0 0 0 71 71 73 73 73 71 0 2 72 66 72
split_gain=4525.37 638.136 508.693 159.521 135.601 114.88 112.875 98.0084 96.6252 83.895 81.7525 96.6042 76.2427 77.2456
threshold=0.028001716360449794 0.020923699252307418 0.040067527443170554 -0.051636332646012299 0.0013466962263919415 0.31732429563999182 0.61054381728172313 0.28502207994461065 0.047184959053993232 0.0168897919356823 0.078171107918024077 0.02781627140939236 0.35053922235965734 0.016764153726398948
decision_type=2 2 2 2 2 2 2 2 2 2 2 8 8 10
left_child=1 9 4 -3 5 7 8 -2 10 -1 11 -4 13 -8
right_child=2 3 6 -5 -6 -7 12 -9 -10 -11 -12 -13 -14 -15
leaf_value=-0.042790819757623361 0.011613921567266747 0.034247056997079833 0.016144771456967914 -0.015852663338767781 -0.0030240595539843167 0.0026221694129096224 0.0079582472506547746 0.041401122997913702 -0.001066180923613924 -0.030713536926578008 0.025204470467752822 -0.00071540366281049527 0.016682121635041312 -0.0082349622239925296
leaf_weight=2714.8535225167871 1360.5152639746666 152.91271818801761 11674.378015443683 8275.0248579010367 8137.7289696484804 4612.7332572378218 6111.7989203557372 341.41576763615012 822.15506728738546 3463.777381286025 2308.0995772182941 915.32041177153587 2208.3899403363466 828.95093942433596
leaf_count=74704 12942 2059 75180 146064 88849 49058 40197 3346 5054 86577 12257 5570 13201 5296
internal_value=-0.000125446 -0.0238805 0.00870257 -0.0149042 0.00124104 0.00673358 0.0130365 0.0177963 0.0156084 -0.0360808 0.0165287 0.0149194 0.00860534 0.00601519
internal_weight=53928.1 14606.6 39321.5 8427.94 14452.4 6314.66 24869.1 1701.93 15720 6178.63 14897.8 12589.7 9149.14 6940.75
internal_count=620354 309404 310950 148123 154195 65346 156755 16288 98061 161281 93007 80750 58694 45493
is_linear=0
shrinkage=0.05


Tree=26
num_leaves=15
num_cat=0
split_feature=0 0 0 27 27 2 27 27 53 27 69 27 73 73
split_gain=4228.2 689.204 405.287 188.89 177.163 137.261 117.84 78.0374 77.3633 69.9654 60.8352 57.2118 49.6308 49.1
threshold=0.025980716571211818 0.03452639468014241 0.019695967435836795 0.8770054578781129 0.94774815440177929 0.063216473907232298 0.59393644332885753 1.4711087346076968 -0.41385757923126215 1.2252915501594546 -0.16990498453378675 1.9639088511466982 0.31732429563999182 0.31232108175754553
decision_type=2 2 2 2 2 2 2 2 10 2 8 2 2 2
left_child=2 3 9 -2 -4 6 -3 8 -8 -1 -7 -5 -6 -10
right_child=1 5 4 11 12 10 7 -9 13 -11 -12 -13 -14 -15
leaf_value=-0.041091935733765239 -0.010979092079345632 0.00040923657462207838 -0.026602336523429495 0.00067178276785926402 0.0062431557974167128 0.036224272237988984 0.014001492904729502 0.017507169278490775 0.013658658055431733 -0.026081436574994149 0.015723337319771359 0.017295339289209996 -0.012754923677635574 0.0051751653319016769
leaf_weight=3773.6969352401793 4851.1660594418645 3376.8650414347649 3603.356239695102 5556.5360605828464 383.13778168335557 378.31989625096321 5456.9315393343568 3323.1623773276806 2089.4874008968472 1069.2353388741612 7234.1942057386041 560.85529009997845 2935.7149404659867 9263.0100845620036
leaf_count=107738 66119 25645 77379 65800 6254 1880 37199 22360 15014 25797 39417 5815 53299 71198
internal_value=-0.000254469 0.0071534 -0.0267402 -0.00362147 -0.0189322 0.0109508 0.00905425 0.0105034 0.00910915 -0.0378385 0.0167884 0.0022216 -0.0105496 0.00674724
internal_weight=53855.7 42090.5 11765.1 10968.6 6922.21 31122 23509.5 20132.6 16809.4 4842.93 7612.51 6117.39 3318.85 11352.5
internal_count=620914 350447 270467 137734 136932 212713 171416 145771 123411 133535 41297 71615 59553 86212
is_linear=0
shrinkage=0.05


Tree=27
num_leaves=15
num_cat=0
split_feature=1 3 1 27 73 73 53 54 53 54 53 68 72 27
split_gain=2613.8 515.872 396.79 201.325 187.67 150.781 149.514 145.46 103.446 111.523 102.519 89.8134 110.45 75.0342
threshold=0.017923532053828243 0.17500000447034839 0.011622271966189148 0.90935078263282787 0.30817307531833654 0.28502207994461065 -0.26965163648128504 0.6325669288635255 -0.43827524781227106 1.1845312714576723 -0.20026066899299619 -0.073404144495725618 0.018477559089660648 1.4711087346076968
decision_type=10 2 8 2 2 2 8 8 10 10 8 8 10 2
left_child=2 4 -1 10 5 11 -6 -8 -3 -10 -4 12 -2 -5
right_child=1 8 3 13 6 -7 7 -9 9 -11 -12 -13 -14 -15
leaf_value=-0.033161826584210324 0.044086743188860397 0.014576346398867655 -0.007422284474140943 -0.010620906237166439 0.0045377171610993918 0.04094135320702081 -0.013323395340277053 -0.00027523010250384954 0.0047504381191661345 0.013477772875237238 -0.026201613719136804 -0.00029275233448100644 0.0052822810247462604 0.0035117805464410625
leaf_weight=3777.7222242988646 288.86459194123745 9916.6798942387104 949.09050456434488 3748.4308202899992 3814.8692043013871 347.58247612789273 4652.5652035214007 3942.3444912321866 9752.4310572855175 5868.127246722579 3237.1673084534705 1698.5282663367689 482.86203358322382 1246.5257290489972
leaf_count=104689 2418 59377 17025 67905 37357 3313 63481 45836 71810 37455 70919 16557 3757 19060
internal_value=1.95067e-05 0.00623818 -0.0195323 -0.0138942 -0.00104568 0.0105802 -0.00369192 -0.00734569 0.0105802 0.00803553 -0.0219719 0.00616035 0.0201853 -0.00709403
internal_weight=53723.8 40764.9 12958.9 9181.21 15227.6 2817.84 12409.8 8594.91 25537.2 15620.6 4186.26 2470.25 771.727 4994.96
internal_count=620959 341361 279598 174909 172719 26045 146674 109317 168642 109265 87944 22732 6175 86965
is_linear=0
shrinkage=0.05


Tree=28
num_leaves=15
num_cat=0
split_feature=2 2 2 71 53 71 67 5 2 71 5 69 68 71
split_gain=3398.5 497.444 394.339 166.866 127.343 122.413 106.334 88.9752 82.7812 73.3737 95.6933 72.3425 92.1841 80.7826
threshold=0.024155567400157455 0.03585584647953511 0.018018113449215892 -0.0086274417117238027 -0.2934578657150268 -0.026638220995664593 0.022072900086641315 1.3228886127471926 0.063216473907232298 -0.0013038911274634299 0.96544301509857189 0.041969517245888717 -0.01956544071435928 -0.04483095929026603
decision_type=2 2 2 2 8 2 2 2 2 2 2 10 10 2
left_child=2 3 7 11 -5 -4 -6 -1 9 -3 -11 13 -13 -2
right_child=1 8 5 4 6 -7 -8 -9 -10 10 -12 12 -14 -15
leaf_value=-0.037130041826742691 0.018444474506707217 0.012526004704592692 0.0040435580376775955 0.0061872542913543136 -0.0086764118326705907 -0.019110672618510433 0.0086921523202272057 0.017810029575147764 0.014840153874862157 0.0014155836619977212 0.010549007099019285 0.047237547947785119 0.011344480583257684 -0.0022505949979351098
leaf_weight=4307.4444473236799 604.76085129007697 7519.691906798631 623.45886079594493 2417.9987862333655 7874.3985920660198 6369.346681650728 984.00972286239266 69.466251127421856 7714.5697112083435 5521.8789283894002 5964.711323723197 197.79578544944525 1386.624697573483 2016.9914524927735
leaf_count=124779 5136 49221 10066 25742 100865 131703 10542 1430 41236 39374 41040 2017 15542 21469
internal_value=-0.000200506 0.00633685 -0.0244509 -0.000794497 -0.00396455 -0.0170435 -0.00673945 -0.0362195 0.0104676 0.00868598 0.0061634 0.00769341 0.0160935 0.00257509
internal_weight=53573.1 42203.4 11369.7 15482.6 11276.4 6992.81 8858.41 4376.91 26720.9 19006.3 11486.6 4206.17 1584.42 2621.75
internal_count=620162 352184 267978 181313 137149 141769 111407 126209 170871 129635 80414 44164 17559 26605
is_linear=0
shrinkage=0.05


Tree=29
num_leaves=15
num_cat=0
split_feature=0 0 0 27 27 2 71 72 73 73 72 27 71 27
split_gain=3294.12 429.645 422.287 184.757 139.919 97.7242 93.6782 87.8072 89.5926 109.659 79.0379 69.6247 67.371 63.0342
threshold=0.026466794312000278 0.019014532677829269 0.034739574417471893 1.0918347239494326 0.86151036620140087 0.048795027658343322 -0.011068730149418114 0.02781627140939236 0.30817307531833654 0.28502207994461065 0.013088256586343052 1.2178924679756167 -0.037121023982763283 1.8273729681968691
decision_type=2 2 2 2 2 2 2 8 2 2 10 2 2 2
left_child=1 11 4 -3 6 7 -2 8 9 -4 -10 -1 -5 -6
right_child=2 3 5 12 13 -7 -8 -9 10 -11 -12 -13 -14 -15
leaf_value=-0.041014859689416719 0.0061742184580849046 -0.02254224256728149 0.011428026103718373 0.023207271191104134 0.00069859122952204995 0.012117382084382134 -0.012531298918627233 -0.01658616048710905 0.0072627807376637104 0.041380246099286998 -0.0025606206242890905 -0.024530321727274922 -0.0083962433513303774 0.016492692523464976
leaf_weight=2999.9747308399528 813.57493267208338 5069.0526980012655 2379.2165709212422 171.129115216434 5406.1658459827304 14969.494035877287 3632.1617373786867 391.93719160556793 10761.36167396605 343.84240461140871 2522.850856103003 888.03918911144137 2520.4212543927133 705.4653632491827
leaf_count=95435 10218 114341 17186 2526 63446 83213 49914 2978 84467 2482 19681 23531 44835 7092
internal_value=-0.000251097 -0.0237608 0.00628489 -0.0169274 -0.00236317 0.00919529 -0.00910199 0.00652218 0.00709799 0.0153477 0.00539666 -0.0373223 -0.00630842 0.00254567
internal_weight=53574.7 11648.6 41926.1 7760.6 10557.4 31368.7 4445.74 16399.2 16007.3 2723.06 13284.2 3888.01 2691.55 6111.63
internal_count=621345 280668 340677 161702 130670 210007 60132 126794 123816 19668 104148 118966 47361 70538
is_linear=0
shrinkage=0.05


Tree=30
num_leaves=15
num_cat=0
split_feature=2 2 2 71 71 72 71 4 68 84 72 73 69 73
split_gain=2872.92 441.508 383.657 153.265 130.076 99.8463 112.027 78.4044 79.3797 135.325 85.0336 78.1262 119.653 72.3956
threshold=0.024961375631392006 0.018018113449215892 0.036089852452278144 -0.04483095929026603 -0.02760831173509359 0.013610858935862781 -0.016600523144006726 0.15833333879709247 -0.070425093173980699 1.5000000000000002 0.02781627140939236 0.30817307531833654 -0.042247124016284936 0.35579861700534826
decision_type=2 2 2 2 2 8 2 8 8 2 10 2 10 2
left_child=1 -1 3 -2 13 6 -5 -4 9 -9 -11 12 -7 -3
right_child=2 4 7 5 -6 11 -8 8 -10 10 -12 -13 -14 -15
leaf_value=-0.035093542433324389 0.023034785081066142 0.015478159873488518 0.0021790665817938634 0.012924735566749411 -0.016877122030951434 -0.0083806560643277309 -0.0015537432929228533 0.0037716876758253737 0.009743238555419545 0.046188510482996742 0.01597266618230174 -0.017639176443880338 0.033383884263479893 -0.018943970413813151
leaf_weight=4109.5037210863084 650.62035372108221 509.30746725946665 3185.0626033693552 1533.2554455175996 7120.0456698685884 835.38777822256088 9940.0640141069889 669.95562163740396 21960.107675053179 536.5078052431345 432.92147571593523 1531.1461986154318 205.1352519467473 206.88933363929391
leaf_count=126399 5379 7449 24120 15771 147739 8385 116981 3542 136062 2889 2172 18234 2071 3559
internal_value=-0.000233054 -0.0218283 0.00598985 -0.00050211 -0.0148358 -0.00160805 0.000390682 0.00955059 0.0105441 0.0211482 0.0329958 -0.0104922 9.24741e-05 0.00541063
internal_weight=53425.9 11945.7 41480.2 14695.6 7836.24 14045 11473.3 26784.6 23599.5 1639.38 969.429 2571.67 1040.52 716.197
internal_count=620752 285146 335606 166821 158747 161442 132752 168785 144665 8603 5061 28690 10456 11008
is_linear=0
shrinkage=0.05


Tree=31
num_leaves=15
num_cat=0
split_feature=0 0 0 73 67 4 0 66 74 69 73 73 69 69
split_gain=2870.74 415.602 291.715 106.33 77.3502 77.0064 72.4868 72.2223 84.6951 68.1378 64.9275 92.0299 73.9366 57.9652
threshold=0.025279863737523559 0.032793810591101653 0.017268735915422443 0.61054381728172313 0.017628522589802745 0.25833334028720861 0.020923699252307418 0.30720788240432745 -0.0033630682155489917 -0.13153804093599317 0.30817307531833654 0.28502207994461065 0.021202730946242813 -0.024695406667888161
decision_type=2 2 2 2 2 10 2 8 2 8 2 2 8 8
left_child=2 4 -1 5 10 9 -4 -5 -9 -3 11 -2 -12 -11
right_child=1 3 6 7 -6 -7 -8 8 -10 13 12 -13 -14 -15
leaf_value=-0.0395032809613673 -0.00093535115565425344 0.020264634170372359 -0.025938846007046976 0.0023961683720212135 0.0073505490692846722 0.013617496349365463 -0.015562618109245306 0.025913680311067999 0.0063613165403748912 -7.1350276826393385e-06 -0.018428245413014091 0.036658838965513488 -0.0050149534966249208 0.0084682799041785935
leaf_weight=2439.5070601906627 986.73018016293645 959.20646737515926 2741.9834534488618 9890.8039934560657 1332.9614098295569 9341.2898115590215 4565.0574428476393 734.1535684466362 2207.8121590688825 2663.8692884147167 1245.2183138094842 184.84433435276151 5744.1291575655341 8302.2678124532104
leaf_count=82120 11919 5538 78997 72597 16326 52783 94730 4519 13849 19859 17714 2127 81665 66011
internal_value=-1.46887e-05 0.00547122 -0.0245319 0.00804673 -0.00377805 0.0102156 -0.0194864 0.00444732 0.0113118 0.00754165 -0.00560251 0.0052561 -0.00742757 0.00641132
internal_weight=53339.8 43593.3 9746.55 34099.4 9493.88 21266.6 7307.04 12832.8 2941.97 11925.3 8160.92 1171.57 6989.35 10966.1
internal_count=620754 364907 255847 235156 129751 144191 173727 90965 18368 91408 113425 14046 99379 85870
is_linear=0
shrinkage=0.05


Tree=32
num_leaves=15
num_cat=0
split_feature=0 0 0 27 27 0 71 27 27 71 27 71 27 27
split_gain=2637.58 466.01 257.489 173.403 164.686 87.9782 81.4266 72.1284 54.1034 49.7429 49.7114 48.8004 42.2666 41.8756
threshold=0.024592141620814804 0.03452639468014241 0.018325448036193851 0.89600870013237011 1.0586036443710329 0.05068918131291867 -0.0090665640309452993 0.76117640733718883 1.2252915501594546 -0.037121023982763283 1.3371174931526186 0.017263500019907955 2.0902012586593632 0.65093085169792186
decision_type=2 2 2 2 2 2 2 2 2 2 2 2 2 2
left_child=2 3 8 6 -4 7 -2 11 -1 -6 -5 -3 -9 -8
right_child=1 5 4 10 9 -7 13 12 -10 -11 -12 -13 -14 -15
leaf_value=-0.040653204416378985 0.0017547473043604709 0.0032698255097353413 -0.025451998890955271 -0.0011684617848558114 0.022466139801997617 0.010544663005930738 -0.018925650272802883 0.0068079082643216346 -0.023963889437260789 -0.0097530988712586503 0.0077999859208344388 -0.0079151194842319843 0.019319214060518997 -0.0089790696423765245
leaf_weight=2348.8704017661512 1190.6993651278317 3888.6968133077025 3580.5939783975482 4370.0953016243875 117.96896596625447 16432.962866581976 1767.8246930465102 9801.1487824395299 681.22793238982558 2023.1127055119723 2378.4236236996949 1290.5418151468039 719.26480252295732 2709.5884863883257
leaf_count=83787 16172 31791 93691 56694 2037 90727 26738 74667 20005 42125 26268 10817 5015 40871
internal_value=-0.000122442 0.00480876 -0.0252006 -0.00341583 -0.0189023 0.00798696 -0.0098552 0.00530479 -0.0369923 -0.0078817 0.00199921 0.000472924 0.00768082 -0.0129397
internal_weight=53301 44549.2 8751.77 12416.6 5721.68 32132.6 5668.11 15699.7 3030.1 2141.08 6748.52 5179.24 10520.4 4477.41
internal_count=621405 379760 241645 166743 137853 213017 83781 122290 103792 44162 82962 42608 79682 67609
is_linear=0
shrinkage=0.05


Tree=33
num_leaves=15
num_cat=0
split_feature=0 0 0 5 69 72 58 0 5 70 84 84 67 5
split_gain=2416.42 471.611 209.972 101.111 85.6321 111.799 86.3141 75.946 70.3617 63.7845 62.7002 57.0261 56.3759 46.5882
threshold=0.02402769681066275 0.032793810591101653 0.018212977796792987 1.1175076365470888 -0.12024196237325667 0.022701648063957695 0.0032204125309363012 0.045173063874244697 1.2003113031387331 0.019053208641707901 1.5000000000000002 3.5000000000000004 0.019405895844101909 1.0524600744247439
decision_type=2 2 2 2 8 8 2 2 2 2 2 2 2 2
left_child=2 3 -1 12 10 7 -7 13 -4 -9 -3 -12 -2 -6
right_child=1 4 8 -5 5 6 -8 9 -10 -11 11 -13 -14 -15
leaf_value=-0.036494820678924976 -0.0082488292810842974 0.0059171163402385015 -0.0208760735397297 0.0060376758277669905 0.0021764174129585276 -0.017126176166420079 0.0057264941019646983 0.0086661522028793955 0.0048796954408720176 0.024152097912551483 0.031240129381892041 0.0083177865920351663 0.0049288025099582418 0.008700387867753033
leaf_weight=2851.3803151343018 8193.4230063781142 795.69054971635342 4816.1435205489397 1786.6334145478904 8761.7784415073693 852.74157503992319 785.65184440463781 17291.704072490335 276.98167842626572 685.38531100749969 850.4937943816185 409.74437849968672 894.17102287337184 3976.0555659681559
leaf_count=101353 122644 4413 122572 22677 77260 5561 4807 99479 5745 3878 4740 2247 11442 32755
internal_value=-0.000201244 0.00426248 -0.0256177 -0.00481106 0.00713052 0.00649768 -0.00619947 0.00717676 -0.0194686 0.00926966 0.0170096 0.0239115 -0.00694823 0.00421807
internal_weight=53228 45283.5 7944.51 10874.2 34409.2 32353.3 1638.39 30714.9 5093.13 17977.1 2055.93 1260.24 9087.59 12737.8
internal_count=621573 391903 229670 156763 235140 223740 10368 213372 128317 103357 11400 6987 134086 110015
is_linear=0
shrinkage=0.05


Tree=34
num_leaves=15
num_cat=0
split_feature=0 0 0 71 73 72 4 67 71 84 73 74 72 23
split_gain=2234.12 443.979 205.59 107.962 102.203 92.747 82.8504 78.9955 72.5581 70.397 63.0189 62.0607 68.3437 61.8581
threshold=0.02402769681066275 0.033167831599712379 0.017391534522175792 -0.023672427050769326 0.68208155035972606 0.012374710291624071 0.15833333879709247 0.017220951616764072 -0.04176042973995208 1.0000000180025095e-35 0.78917726874351513 -0.00819569732993841 0.011661863420158626 0.02912759501487017
decision_type=2 2 2 2 2 10 8 2 2 2 2 2 10 2
left_child=2 3 -1 -2 6 10 -3 -5 -4 -7 11 -6 -13 -10
right_child=1 4 8 7 5 9 -8 -9 13 -11 -12 12 -14 -15
leaf_value=-0.037800914193149945 0.0085287676215265486 0.0033240413154921713 0.017097747272781835 -0.0083601924533449352 0.021259424668117567 0.012881837628489656 0.0099023247533508805 0.0041842132664101066 -0.021608833731963647 -0.012101643205575193 0.012094892743638216 -0.0025616074460631764 0.019981160769956655 0.010475490248364444
leaf_weight=2265.754769353196 1348.7674932293594 6360.9523960053921 122.90694151259959 8460.1116419658065 349.51128689199686 333.85502653568983 19493.554364725947 1466.9926290437579 5226.3141583520919 1586.1567784771323 2009.9910241737962 3566.6712085865438 361.11053312197328 149.07321660779417
leaf_count=84655 16109 52916 2494 126715 2373 2269 120226 18584 139750 10776 13845 25235 2508 3071
internal_value=-0.000348917 0.00389669 -0.025114 -0.00469996 0.00674308 0.0018791 0.00828579 -0.00650408 -0.0198268 -0.00771324 0.00481601 0.00137527 -0.000443602 -0.0207013
internal_weight=53101.7 45337.7 7764.05 11275.9 34061.8 8207.3 25854.5 9927.1 5498.29 1920.01 6287.28 4277.29 3927.78 5375.39
internal_count=621526 391556 229970 161408 230148 57006 173142 145299 145315 13045 43961 30116 27743 142821
is_linear=0
shrinkage=0.05


Tree=35
num_leaves=15
num_cat=0
split_feature=0 0 0 27 27 27 73 72 69 73 72 72 69 72
split_gain=2053.49 336.454 205.927 164.776 118.211 106.937 59.4487 85.2686 52.9801 50.7893 59.2388 54.6972 46.8315 46.6538
threshold=0.026466794312000278 0.020039841532707218 0.037178926169872291 0.94774815440177929 0.89600870013237011 1.1772896051406863 0.64086395502090465 0.015087386127561333 0.012199820950627329 0.30817307531833654 0.013159004505723717 0.017148304730653766 -0.015334761701524256 0.02781627140939236
decision_type=2 2 2 2 2 2 2 10 10 2 10 8 10 8
left_child=1 5 4 -3 9 -1 13 -8 12 11 -11 -2 -9 -4
right_child=2 3 6 -5 -6 -7 7 8 -10 10 -12 -13 -14 -15
leaf_value=-0.036403266572931831 0.014409986015208237 -0.020734217937150256 0.0095979461776424992 -0.004661721383396703 0.0040938306600297545 -0.017451373691403319 0.0058336036659106857 -0.010554928109046098 -0.022368115622822017 -0.0048326855074574022 -0.019343239856660158 -0.013914002234106774 0.013215016149429597 0.0017378113681170955
leaf_weight=2889.3093915432692 578.66845652461052 3233.66096961312 18023.388590671122 3151.4268628973514 7211.83360850811 1041.7374607883394 7911.7081745192409 493.67831824719906 421.51182621717453 4482.5606608837843 827.30546497553587 230.87571328505874 342.08106353878975 2114.1389671713114
leaf_count=109375 6523 78323 112297 60227 78073 31756 50902 3141 2677 59283 11089 2654 2159 11878
internal_value=6.73863e-05 -0.0199388 0.0049114 -0.0128212 -0.000240698 -0.031438 0.00725432 0.00391073 -0.00814004 -0.00534736 -0.00712562 0.00626099 -0.000784539 0.00877402
internal_weight=52953.9 10316.1 42637.8 6385.09 13331.2 3931.05 29306.5 9168.98 1257.27 6119.41 5309.87 809.544 835.759 20137.5
internal_count=620357 279681 340676 138550 157622 141131 183054 58879 7977 79549 70372 9177 5300 124175
is_linear=0
shrinkage=0.05


Tree=36
num_leaves=15
num_cat=0
split_feature=0 0 0 5 0 5 1 1 74 68 69 68 28 74
split_gain=1850.63 330.586 221.745 94.3341 90.536 79.1778 78.5063 65.564 60.0932 57.6011 56.7259 58.2111 51.192 46.7079
threshold=0.024249901063740257 0.031924970448017127 0.0168897919356823 1.1118561625480654 0.047237979248166091 1.2883816957473757 0.02117120195180178 0.03349986486136914 -0.015180052258074282 -0.073404144495725618 0.034416999667882926 -0.01956544071435928 1.0175667405128481 -0.0020624514436349268
decision_type=2 2 2 2 2 2 8 8 2 8 10 10 2 2
left_child=2 3 -1 6 7 12 -2 9 -5 -3 -11 -12 -4 -13
right_child=1 4 5 8 -6 -7 -8 -9 -10 10 11 13 -14 -15
leaf_value=-0.037985388580036819 -0.0037621124179614378 0.019824348982481574 -0.022934710271552583 0.028906622115969307 0.0081206265521030375 0.019968379746047552 -0.014787949644011139 -0.0037650159301805793 0.0021116561909164788 -0.00047474432073035534 0.028661534959860419 0.010824505147904867 -0.01317413439979314 0.0027487984051421583
leaf_weight=1853.7660304773599 5441.5022068023682 579.5224360153079 3346.2911378610879 235.88671755045652 19409.231908716261 126.00161507539451 2291.9495898336172 2880.7502230368555 1417.6575368493795 4810.4431452453136 273.22940541803837 2740.041243750602 2336.4847364984453 5160.461303435266
leaf_count=74409 85152 4271 96747 2668 107596 2533 32777 22344 18688 41481 2155 23633 60874 45573
internal_value=-0.000228435 0.00362163 -0.0229348 -0.00472787 0.00580836 -0.0180747 -0.0070447 0.00307594 0.00608489 0.00453057 0.00383323 0.00636607 -0.0189518 0.00555975
internal_weight=52903.2 45240.7 7662.54 9387 35853.7 5808.78 7733.45 16444.4 1653.54 13563.7 12984.2 8173.73 5682.78 7900.5
internal_count=620901 386338 234563 139285 247053 160154 117929 139457 21356 117113 112842 71361 157621 69206
is_linear=0
shrinkage=0.05


Tree=37
num_leaves=15
num_cat=0
split_feature=0 0 27 27 0 0 0 72 27 27 71 5 84 84
split_gain=1784.83 272.139 204.651 127.018 124.986 79.6573 66.5995 102.173 60.8928 54.5466 54.0488 51.6396 50.8094 47.1828
threshold=0.024249901063740257 0.033167831599712379 1.1132087111473086 0.845837563276291 0.017867164686322216 0.01595205627381802 0.051225278526544578 0.022701648063957695 0.44336850941181188 1.557493329048157 -0.011068730149418114 1.1326048374176028 1.0000000180025095e-35 1.0000000180025095e-35
decision_type=2 2 2 2 2 2 2 8 2 2 2 2 2 2
left_child=2 3 4 10 -1 -4 7 8 -3 -5 -2 -10 -11 -7
right_child=1 6 5 9 -6 13 -8 -9 11 12 -12 -13 -14 -15
leaf_value=-0.040085780313297854 0.0018662438614816615 -0.0099760351584434141 -0.030523601211960356 -0.0012043222948732533 -0.022995709333365304 -0.021060144453631458 0.0080783918413880277 -0.018928141456196351 0.0036875662169977273 -0.0057004518826423911 -0.012672933919216764 0.011223032125757827 0.016243474540334351 -0.0026847992445718605
leaf_weight=1598.4888469967991 779.53204640373588 707.91420864313841 416.13117011077702 5344.877876162529 3445.154627410695 437.72543659806252 16392.902604706585 476.91944634914398 14165.6476851888 359.24953768029809 3482.2695565223694 2703.8314133957028 940.32387752458453 1607.6099108830094
leaf_count=68810 11198 5872 15357 73187 101926 10406 88341 3787 112303 4048 57359 19931 10527 38331
internal_value=-0.000146588 0.00359233 -0.0227156 -0.00328878 -0.0284807 -0.0108353 0.00577126 0.00367313 0.00429678 0.0010343 -0.0100154 0.00490128 0.0101802 -0.00670067
internal_weight=52858.6 45353.5 7505.11 10906.3 5043.64 2461.47 34447.2 18054.3 17577.4 6644.45 4261.8 16869.5 1299.57 2045.34
internal_count=621383 386553 234830 156319 170736 64094 230234 141893 138106 87762 68557 132234 14575 48737
is_linear=0
shrinkage=0.05


Tree=38
num_leaves=15
num_cat=0
split_feature=1 3 73 69 27 53 54 27 68 69 72 69 27 70
split_gain=958.462 297.766 200.008 180.816 167.099 133.889 140.588 132.438 82.5952 111.536 144.276 132.644 73.5919 59.913
threshold=0.0139556503854692 0.17500000447034839 0.30817307531833654 0.042567923665046699 1.619238078594208 -0.29958370327949518 0.83870717883110057 1.0368170142173769 -0.040576038882136338 -0.052111282944679253 0.012653355952352287 -0.13153804093599317 0.70642861723899852 -0.0034845159389078613
decision_type=10 2 2 10 2 8 10 2 8 10 10 10 2 2
left_child=7 2 3 8 5 -4 12 -1 9 11 -11 -2 -7 -8
right_child=1 -3 4 -5 -6 6 13 -9 -10 10 -12 -13 -14 -15
leaf_value=-0.027279728687506517 0.024910845476716823 0.0054887867800564195 0.0024267609351168195 0.04475187196603609 0.009123993715108825 -0.019121155913048887 0.016355320866246071 -0.01096699836905805 -0.0068224479300939972 0.0021301890613012538 0.043501254793468509 -0.0081156286286709189 -0.0090918570091668757 -0.0024869086266158321
leaf_weight=3045.4057813361287 420.34168619476259 26998.017986765131 3247.4473131038249 298.61463199928403 1907.2691953741014 2507.712633440271 535.22318591922522 2134.6221437249333 1052.2929841075093 392.66229881905019 447.56580885499716 1025.9907687921077 6865.4560276195407 1856.7505986113101
leaf_count=110052 3531 171630 33716 3056 20214 46703 6133 60795 12224 4031 4326 9644 111006 23736
internal_value=-0.000189023 0.00203721 -0.00249622 0.00812578 -0.00478322 -0.00655495 -0.00903406 -0.0205915 0.00472623 0.0100476 0.0244198 0.00158786 -0.0117926 0.00177973
internal_weight=52735.4 47555.3 20557.3 3637.47 16919.9 15012.6 11765.1 5180.03 3338.85 2286.56 840.228 1446.33 9373.17 2391.97
internal_count=620797 449950 278320 36812 241508 221294 187578 170847 33756 21532 8357 13175 157709 29869
is_linear=0
shrinkage=0.05


Tree=39
num_leaves=15
num_cat=0
split_feature=0 4 0 73 69 69 73 84 69 69 69 28 23 12
split_gain=1502.65 243.275 206.016 141.972 234.863 123.843 83.0537 80.8756 95.851 67.2864 109.904 63.3506 61.5615 61.1125
threshold=0.02402769681066275 0.15833333879709247 0.0168897919356823 0.31732429563999182 0.042567923665046699 0.029081266373395923 0.6620658040046693 1.5000000000000002 -0.13153804093599317 -0.072085354477167116 0.008495337329804899 0.91228973865509044 0.058129135519266135 0.36382952332496649
decision_type=2 8 2 2 10 10 2 2 8 10 10 2 2 8
left_child=2 3 -1 4 7 -5 -3 -2 -9 -10 -11 -4 -7 -8
right_child=1 6 11 5 -6 12 13 8 9 10 -12 -13 -14 -15
leaf_value=-0.036925168029872855 -0.0058853187340134061 0.007722072472705746 -0.023709063426098922 -0.013093988107030833 0.04861395931763577 -0.0020612086023175792 -0.00084570202340224741 0.029713487062157151 -0.010566993044446875 0.019276769297906428 -0.015873048702365507 -0.012446122804124233 0.027124565946417125 0.0077958049755395692
leaf_weight=1698.7629645802081 1483.724795460701 19415.547365188599 2076.8602887112647 2998.3288125731051 297.20327280461788 9890.1353558935225 6269.6129159778357 442.56076887622476 545.21454806998372 880.63854773342609 287.98355800285935 3240.5218982454389 174.06570616737008 3025.7771475575864
leaf_count=74500 13426 121307 65225 39175 2799 128006 45471 3138 5240 8285 3007 90186 1491 19990
internal_value=-0.000252412 0.00305591 -0.0217801 -0.00168387 0.00662784 -0.00419235 0.00586196 0.00307603 0.00924066 0.0038123 0.0105536 -0.0168814 -0.00153 0.00197258
internal_weight=52726.9 45710.8 7016.15 16999.9 3937.33 13062.5 28710.9 3640.12 2156.4 1713.84 1168.62 5317.38 10064.2 9295.39
internal_count=621246 391335 229911 204567 35895 168672 186768 33096 19670 16532 11292 155411 129497 65461
is_linear=0
shrinkage=0.05


Tree=40
num_leaves=15
num_cat=0
split_feature=0 4 0 73 73 72 68 74 74 74 74 68 68 28
split_gain=1432.08 254.397 205.164 163.855 152.319 121.012 107.201 76.069 72.5761 72.4579 67.8581 61.4844 66.8717 59.1962
threshold=0.024143381975591186 0.15833333879709247 0.017016752623021606 0.30817307531833654 0.28502207994461065 0.013159004505723717 0.044384431093931205 -0.011729830410331486 -0.016539857722818848 0.015985499136149887 0.019590636715292934 -0.015703483484685418 -0.045510644093155854 0.98675039410591137
decision_type=2 8 2 2 2 10 8 2 2 2 2 10 10 2
left_child=2 3 -1 4 -2 -5 9 -6 -8 -3 -11 12 -12 -4
right_child=1 6 13 5 7 -7 8 -9 -10 10 11 -13 -14 -15
leaf_value=-0.036233174557091422 0.0035109135969151003 0.0066491678417349501 -0.021326786427696021 -0.0023161667140186143 0.012152026337259612 -0.015605855720408077 -0.022577090562000877 0.051787832919531401 0.0013880615185739736 0.029557374168480467 0.013370778507799958 0.024460441049504622 -0.013216907734349987 -0.010666043462564469
leaf_weight=1701.2256746422499 3226.8671916350722 20692.630043823272 2747.5550505034626 11105.533247422427 239.3008119687438 2016.4959129169583 324.36509114131331 252.66444325447083 5715.9724641256034 660.55862469598651 584.83569329231977 489.37654199823737 382.88200241699815 2541.587600113824
leaf_count=77118 28667 131693 86155 143626 2151 25289 2271 2422 40772 4034 3033 2999 2209 69205
internal_value=-8.63944e-05 0.00313942 -0.0211458 -0.00174317 0.00750817 -0.00436876 0.00598913 0.0331344 6.59486e-05 0.00755691 0.016354 0.0102077 0.00282365 -0.0162338
internal_weight=52681.9 45691.5 6990.37 16840.9 3718.83 13122 28850.6 491.965 6040.34 22810.3 2117.65 1457.09 967.718 5289.14
internal_count=621644 389166 232478 202155 33240 168915 187011 4573 43043 143968 12275 8241 5242 155360
is_linear=0
shrinkage=0.05


Tree=41
num_leaves=15
num_cat=0
split_feature=0 2 0 28 67 68 72 70 70 68 72 68 84 70
split_gain=1366.51 206.088 200.281 74.8326 70.6737 61.2617 62.2036 144.916 58.1228 119.417 85.0582 95.9769 252.911 173.08
threshold=0.024592141620814804 0.015251881908625366 0.032439103350043304 1.0046846866607668 0.017220951616764072 0.043877916410565383 0.016764153726398948 0.0096559580415487307 -0.044312106445431702 -0.16844028234481809 0.02781627140939236 -0.073404144495725618 1.5000000000000002 -0.0063434543553739777
decision_type=2 2 2 2 2 8 8 2 2 10 10 10 2 2
left_child=1 -1 4 -3 -2 8 -7 -8 -4 -10 11 12 -11 -14
right_child=2 3 5 -5 -6 6 7 -9 9 10 -12 -13 13 -15
leaf_value=-0.036685023448675011 -0.0050251147681494726 -0.020817656821362024 -0.012797277072276606 -0.0093504072338528223 0.0070250568513057585 0.0024531189008415973 -0.027766144615467676 0.013482500328850629 0.034797613956241931 -0.0078082608340588281 -0.0052577876645357301 0.0057853550590878959 0.059733965939005679 0.012163548082077558
leaf_weight=1483.2022899184376 8119.2790172025561 3259.3512429799885 401.80201701074839 2568.6979674138129 1421.9501941539347 5376.312718808651 538.52886103093624 340.20598832890391 349.48310168087482 500.06582710891962 1638.0617620721459 25837.818057328463 405.17968545854092 366.24511398375034
leaf_count=67325 121447 104703 2235 69735 17877 37189 3654 2197 1635 2960 9754 176244 2312 2124
internal_value=-2.90781e-05 -0.0200717 0.00320981 -0.0157882 -0.00322378 0.0049271 0.000431663 -0.0118245 0.00587987 0.00614209 0.00578174 0.00645049 0.019816 0.0375939
internal_weight=52606.2 7311.25 45294.9 5828.05 9541.23 35753.7 6255.05 878.735 29498.7 29096.9 28747.4 27109.3 1271.49 771.425
internal_count=621391 241763 379628 174438 139324 240304 43040 5851 197264 195029 193394 183640 7396 4436
is_linear=0
shrinkage=0.05


Tree=42
num_leaves=15
num_cat=0
split_feature=0 0 2 71 71 53 67 71 71 68 58 71 68 74
split_gain=1223.35 243.89 161.576 95.0706 82.9963 84.7655 74.2083 68.4155 67.9219 62.986 57.0258 73.0818 188.92 100.14
threshold=0.023438377305865291 0.031263912096619613 0.015877411700785164 -0.051636332646012299 0.0011586637701839211 -0.41385757923126215 0.019889178685843948 0.019326150417327884 -0.040404157713055604 0.05794795788824559 0.02006667293608189 -0.0031737261451780792 -0.034949358552694314 -0.04474180564284324
decision_type=2 2 2 2 2 10 2 2 2 10 2 2 8 2
left_child=2 3 -1 -2 10 -6 7 9 -4 -5 11 13 -13 -3
right_child=1 4 8 6 5 -7 -8 -9 -10 -11 -12 12 -14 -15
leaf_value=-0.034265537643456127 0.026273822674591607 -0.021404914509702055 0.022154770090687136 -0.0041552162519310548 0.0065275971378363417 -0.00016001048216081849 0.0072023375872718445 -0.017205051328791941 -0.01705454827055115 -0.034280725934254068 0.016115768610443403 0.046192558474762974 0.0082593759260976441 0.0051839331364045525
leaf_weight=1706.603389473632 231.90810963511467 355.12571444362402 105.15431305207312 6373.1332620643079 7449.9304634481668 12985.905666228384 1010.3521505966783 1382.4731778632849 4252.7069250624627 168.64310744404793 1557.1479061767459 368.41055554151535 2535.7230845093727 12047.261007785797
leaf_count=79240 2450 2035 2423 104722 46118 98727 13343 23581 135478 2930 8997 2205 18107 81018
internal_value=-0.000129456 0.00262858 -0.0212311 -0.00467499 0.00442424 0.00227997 -0.00550678 -0.00713425 -0.0160599 -0.00498297 0.00701982 0.00608457 0.0132135 0.00440597
internal_weight=52530.5 46466 6064.46 9166.51 37299.5 20435.8 8934.6 7924.25 4357.86 6541.78 16863.7 15306.5 2904.13 12402.4
internal_count=621374 404233 217141 147026 257207 144845 144576 131233 137901 107652 112362 103365 20312 83053
is_linear=0
shrinkage=0.05


Tree=43
num_leaves=15
num_cat=0
split_feature=0 0 27 27 73 0 72 60 72 70 70 70 84 27
split_gain=1086.6 240.251 158.858 128.149 94.3235 78.4579 67.0275 114.806 64.342 165.197 66.2007 59.1605 52.9855 45.0954
threshold=0.022337025031447414 0.030624313279986385 1.1645659804344179 0.7852059304714204 0.62079501152038585 0.018901186995208267 0.02781627140939236 5.5000000000000009 0.016764153726398948 0.01159746013581753 -0.007784228539094328 -0.0094763874076306803 1.0000000180025095e-35 1.6409808993339541
decision_type=2 2 2 2 2 2 8 10 10 2 2 2 2 2
left_child=2 3 5 -2 6 -1 -3 -8 10 -10 11 -6 -4 -5
right_child=1 4 12 13 8 -7 7 -9 9 -11 -12 -13 -14 -15
leaf_value=-0.035422225177173562 -0.013740730322075546 0.0065808221931198552 -0.026003705567184968 -0.002827523257442505 0.0032120921087213194 -0.020230156010084457 -0.014587823328390554 0.0079843282706576514 -0.023294220486779118 0.016259320879742464 0.00071038076469540513 0.0316943394548269 -0.0031699087852246838 0.0090416342690479174
leaf_weight=1814.9222885984927 2908.5963811129332 22288.394537243992 319.72284099273384 5461.9277343656868 406.06663337722421 1704.7792079206556 1038.7115362808108 1207.6673158928752 803.62592520564795 382.30156575515866 11719.730953291059 324.66833802685142 1123.0184998866171 927.4637641236186
leaf_count=89452 57763 154822 10032 91557 2853 58415 6849 6063 5669 2533 85699 2294 35033 11968
internal_value=-0.000185551 0.00214343 -0.0224233 -0.00506011 0.00389898 -0.0281421 0.00575135 -0.00247129 0.00056439 -0.0105142 0.00162724 0.0161239 -0.00837422 -0.0010932
internal_weight=52431.6 47469.2 4962.44 9297.99 38171.2 3519.7 24534.8 2246.38 13636.4 1185.93 12450.5 730.735 1442.74 6389.39
internal_count=621002 428070 192932 161288 266782 147867 167734 12912 99048 8202 90846 5147 45065 103525
is_linear=0
shrinkage=0.05


Tree=44
num_leaves=15
num_cat=0
split_feature=0 0 4 5 69 5 69 74 84 69 74 74 70 74
split_gain=1071.29 175.122 170.152 96.864 124.086 65.2413 54.9077 95.5432 68.0923 46.8627 67.6305 50.2961 48.041 44.9862
threshold=0.02402769681066275 0.017391534522175792 0.15833333879709247 1.1175076365470888 -0.13803395628929135 1.1326048374176028 0.029081266373395923 -0.010541939642280338 1.5000000000000002 -0.12024196237325667 -0.018727028742432591 -0.017136160284280774 -0.02360916510224342 -0.011729830410331486
decision_type=2 2 8 2 8 2 10 2 2 8 2 2 2 2
left_child=1 -1 3 4 -2 -3 8 -8 -6 11 12 -4 -11 -7
right_child=2 5 9 -5 6 13 7 -9 -10 10 -12 -13 -14 -15
leaf_value=-0.033297999838844378 0.030726808676017871 -0.016543195330710084 0.026523569914157049 0.0050730449851621399 -0.01654931229184688 0.031648164711210798 0.016400648052364564 -0.0035507312305183914 -0.0038428573292257451 0.0036788063035519528 0.0049003118533821818 0.0068660927855732426 -0.014000417850276359 -0.0048819789137876683
leaf_weight=1672.1083128303289 246.69664463400841 4155.2018453851342 482.03038215637207 4168.4498304203153 1740.5863913036883 93.335965365171432 642.49601646885276 7471.6553970947862 2672.1120552644134 705.10333697870374 26027.515189372003 992.42436341196299 825.72673103585839 447.75262271985412
leaf_count=84666 1919 131230 2313 39736 20993 2127 7712 101597 32759 4119 169886 5019 5071 11499
internal_value=-0.000219331 -0.0194219 0.00244425 -0.00153711 -0.00369651 -0.0144211 -0.00439839 -0.0019527 -0.008881 0.00476728 0.00429921 0.0134279 -0.00588631 0.00187929
internal_weight=52343.2 6368.4 45974.8 16942 12773.5 4696.29 12526.8 8114.15 4412.7 29032.8 27558.3 1474.45 1530.83 541.089
internal_count=620646 229522 391124 204716 164980 144856 163061 109309 53752 186408 179076 7332 9190 13626
is_linear=0
shrinkage=0.05


Tree=45
num_leaves=15
num_cat=0
split_feature=0 0 0 71 5 71 73 73 70 71 71 70 71 70
split_gain=985.074 221.678 113.777 81.0724 66.6292 66.0518 76.9879 105.233 131.727 72.8199 244.729 153.449 122.741 79.9663
threshold=0.022449185140430931 0.032439103350043304 0.017391534522175792 -0.023672427050769326 1.2501809000968935 0.048369815573096282 0.30817307531833654 0.28017678856849676 -0.0084869600832462293 -0.0073139155283570281 -0.0021606994559988375 0.0059777463320642718 -0.019577780738472935 -0.034306820482015603
decision_type=2 2 2 2 2 2 2 2 2 2 2 2 2 2
left_child=2 3 -1 -2 -4 6 7 9 -9 12 -11 -12 13 -3
right_child=1 5 4 -5 -6 -7 -8 8 -10 10 11 -13 -14 -15
leaf_value=-0.032545406531888137 0.007194356067837449 -0.012128726866662652 -0.017527331335685247 -0.0056994959110249349 0.021906675420523186 -0.007110960322163077 0.0030989753426001621 0.0067782891907273157 0.045202083304515001 0.052927585008016864 -0.0065639730206160487 0.023638946888152785 -0.020655172119962349 0.0092039512731239038
leaf_weight=1617.4411197770387 1378.2508308775723 509.89319813251495 3131.275794185698 10066.820269390941 102.70667670853436 1317.0780863910913 27955.742598365992 478.0091412961483 415.20573377609253 330.52885402739048 971.23692277818918 727.33334019035101 487.6577422618866 2856.1951803937554
leaf_count=84510 17741 2920 108274 168318 2529 8496 190459 2917 2607 1882 6194 4562 3120 16881
internal_value=-0.000275729 0.00191813 -0.0217128 -0.00414185 -0.0162113 0.00384272 0.00426003 0.00903851 0.0249421 0.00658558 0.014228 0.00643168 0.00253523 0.00594614
internal_weight=52345.4 47494 4851.42 11445.1 3233.98 36048.9 34731.8 6776.06 893.215 5882.85 2029.1 1698.57 3853.75 3366.09
internal_count=621410 426097 195313 186059 110803 240038 231542 41083 5524 35559 12638 10756 22921 19801
is_linear=0
shrinkage=0.05


Tree=46
num_leaves=15
num_cat=0
split_feature=0 2 2 71 71 74 71 74 74 70 71 73 71 74
split_gain=848.117 170.578 124.176 93.4924 65.7401 59.3099 57.8539 77.0022 100.502 80.0337 58.6558 58.5048 57.763 57.0772
threshold=0.022449185140430931 0.03150922246277333 0.01457283226773143 -0.04483095929026603 0.017263500019907955 0.010544189717620613 0.047184959053993232 0.015985499136149887 0.019590636715292934 0.015606944449245931 0.011107402853667738 0.6620658040046693 -0.02760831173509359 0.021271942183375362
decision_type=2 2 2 2 2 2 2 2 2 2 2 2 2 2
left_child=2 3 -1 -2 5 -5 7 9 10 11 -9 -3 -4 -10
right_child=1 6 12 4 -6 -7 -8 8 13 -11 -12 -13 -14 -15
leaf_value=-0.035577697145426239 0.015031389432822471 0.0052273556489702425 0.010518172125794423 -0.0034293747691910605 -0.011044949116825171 0.0081455171669156581 -0.0059426521022997942 0.033791988804769593 -0.011212802471845695 -0.017317480630780528 0.0088269660781138039 0.00027680736812653962 -0.017322176485484245 0.0095429613958147638
leaf_weight=1024.7149666771293 686.19933126494288 20766.960013210773 190.26458816789091 9029.385640412569 2498.3986154869199 1251.5023388173431 1442.1910848841071 634.98560258373618 407.47107082977891 445.73461780697107 384.70068935677409 8374.6296025328338 3534.6111567113549 1608.7153334096074
leaf_count=54864 6536 134447 5834 138126 40301 18380 9306 3883 2728 2937 2544 57396 134365 9570
internal_value=-6.91859e-05 0.00194546 -0.0201922 -0.00281727 -0.00378668 -0.00201381 0.00382837 0.00426201 0.0118343 0.0034813 0.0245505 0.00380526 -0.0158758 0.00531359
internal_weight=52280.5 47530.9 4749.59 13465.5 12779.3 10280.9 34065.4 32623.2 3035.87 29587.3 1019.69 29141.6 3724.88 2016.19
internal_count=621217 426154 195063 203343 196807 156506 222811 213505 18725 194780 6427 191843 140199 12298
is_linear=0
shrinkage=0.05


Tree=47
num_leaves=15
num_cat=0
split_feature=0 0 27 27 4 27 67 72 72 73 69 71 71 71
split_gain=780.146 208.37 176.613 130.622 68.961 97.8764 69.9283 54.2475 69.3262 60.4338 112.897 61.4686 74.8486 73.0207
threshold=0.021469322033226493 0.030322811566293243 1.0970677733421328 0.80902239680290233 0.34166666865348821 0.58960551023483287 0.070968497544527068 0.022701648063957695 0.049865879118442542 0.30817307531833654 0.042567923665046699 -0.0073139155283570281 0.014107159338891508 -0.019577780738472935
decision_type=2 2 2 2 8 2 2 10 10 2 10 2 2 2
left_child=2 3 -1 -2 5 -3 7 9 -9 10 11 13 -13 -7
right_child=1 4 -4 -5 -6 6 -8 8 -10 -11 -12 12 -14 -15
leaf_value=-0.029182257639171053 -0.013203044907983597 -0.0058111083553048243 -0.0068120442415268746 -0.00078930269626154557 0.0063817307261086467 0.0059758722982109352 0.021729145088086946 -0.012487590944270271 0.010197821091841912 0.0020641041488861436 0.038398260506410348 0.026914687419799795 0.00089131385468884348 -0.01679424542696336
leaf_weight=2567.1343539915979 3190.6121633686125 3593.0020554028451 1353.0577578041703 6275.3681340347975 12289.856367219239 1946.0582163855433 480.67323742806911 1179.1885927952826 461.2293019592762 17095.744301114231 291.89119757711887 651.65861976146698 475.64594060182571 419.48124601691961
leaf_count=124493 68515 29482 49351 107609 65981 12887 2793 7582 2235 137868 1904 4606 3601 3051
internal_value=-7.49563e-05 0.0016661 -0.0214981 -0.00498301 0.00328561 0.00185297 0.00305216 0.00264406 -0.00608609 0.00333251 0.00904138 0.00648546 0.016039 0.00188435
internal_weight=52270.6 48350.4 3920.19 9465.98 38884.4 26594.6 23001.6 22520.9 1640.42 20880.5 3784.74 3492.84 1127.3 2365.54
internal_count=621958 448114 173844 176124 271990 206009 176527 173734 9817 163917 26049 24145 8207 15938
is_linear=0
shrinkage=0.05


Tree=48
num_leaves=15
num_cat=0
split_feature=0 0 27 27 27 68 4 71 74 71 68 74 72 72
split_gain=742.797 171.214 148.001 125.778 68.0759 83.9272 55.519 52.0456 49.8064 47.2536 46.6194 56.6838 65.4368 48.7445
threshold=0.021030318923294548 0.030624313279986385 1.1132087111473086 0.90252313017845165 0.75215843319892894 -0.073404144495725618 0.34166666865348821 0.017263500019907955 -0.04474180564284324 -0.0069335100706666699 0.069078601896762862 0.015985499136149887 0.019590036943554882 0.017786945216357711
decision_type=2 2 2 2 2 8 8 2 2 2 10 2 10 10
left_child=2 3 -1 9 5 -3 7 -7 -6 -2 11 -10 13 -13
right_child=1 4 -4 -5 8 6 -8 -9 10 -11 -12 12 -14 -15
leaf_value=-0.029620789652285456 -0.0013565291604983314 0.017173805716886332 -0.0078814357796731082 0.00056733029152408537 -0.013428615163703148 -0.0011601926848841609 0.0032565822068068503 -0.01056818741233443 0.004208420271447676 -0.013491177027493967 -0.0079792855872269555 0.013303156218900103 -0.00014863082443797526 0.035010087004597609
leaf_weight=2340.3930166326463 1049.7903266809881 662.3566068559885 1187.7986474223435 5630.3565403334796 376.29123492538929 5658.3743622899055 4783.5074068680406 1977.453673671931 21827.798287656158 3425.927018918097 698.65647003054619 1503.2981594130397 774.44800542294979 311.05889778211713
leaf_count=119124 20712 3612 44514 93491 2121 47041 25784 16679 150602 76391 4635 10271 4343 2004
internal_value=-0.000225212 0.00138225 -0.022345 -0.00440807 0.00290005 -3.22966e-05 -0.000963023 -0.00360722 0.00440428 -0.0106543 0.0046767 0.00504196 0.0120268 0.0171962
internal_weight=52207.5 48679.3 3528.19 10106.1 38573.2 13081.7 12419.3 7635.83 25491.6 4475.72 25115.3 24416.6 2588.81 1814.36
internal_count=621324 457686 163638 190594 267092 93116 89504 63720 173976 97103 171855 167220 16618 12275
is_linear=0
shrinkage=0.05


Tree=49
num_leaves=15
num_cat=0
split_feature=2 27 2 27 69 2 27 27 2 72 2 68 27 68
split_gain=684.281 169.69 152.36 117.794 159.179 67.5991 60.9254 56.315 62.1067 49.3003 45.3848 43.5586 43.1457 42.9666
threshold=0.020634417422115806 1.0324244499206545 0.035146376118063934 1.1024004220962527 -0.13803395628929135 0.014990551862865688 0.65093085169792186 0.58960551023483287 0.081101823598146452 0.013610858935862781 0.015513073187321426 -0.073404144495725618 1.619238078594208 -0.02329353895038366
decision_type=2 2 2 2 8 2 2 2 2 8 2 8 2 8
left_child=1 10 3 4 -2 -3 -6 8 -4 13 -1 -11 -7 -8
right_child=2 5 7 -5 6 12 9 -9 -10 11 -12 -13 -14 -15
leaf_value=-0.038157988393254849 0.045659918221797671 -0.024171868812255651 -0.0037642801706566941 0.0033316634926412315 -0.01216154901536594 -0.0076553459110430266 0.011277440360789289 0.0048513685308242648 0.0092819405525566851 0.010597081001458479 -0.022909483420907387 -0.015021900597480471 0.011434655217067269 -0.0030302393346533416
leaf_weight=731.08108782954514 142.84940020926297 475.83496917877346 4083.4946903884411 6601.2763522751629 2767.9471955671906 1133.9298078790307 560.8107003569603 24311.868416391313 1163.9005260914564 182.47328404337168 1738.7747666873038 1313.8343859948218 389.66711478866637 6515.9725992958993
leaf_count=45427 1207 23204 26923 74147 47823 35313 7338 146079 5776 1809 74441 18700 9545 103299
internal_value=-0.000129583 -0.0188138 0.00162667 -0.00198746 -0.00504528 -0.00792794 -0.00572361 0.00383781 -0.000858407 -0.00363329 -0.0275587 -0.0118481 -0.00273026 -0.00188209
internal_weight=52113.7 4469.29 47644.4 18085.2 11483.9 1999.43 11341 29559.3 5247.4 8573.09 2469.86 1496.31 1523.6 7076.78
internal_count=621031 187930 433101 254323 180176 68062 178969 178778 32699 131146 119868 20509 44858 110637
is_linear=0
shrinkage=0.05


Tree=50
num_leaves=15
num_cat=0
split_feature=4 73 69 27 4 53 5 68 72 69 70 22 69 69
split_gain=530.71 205.131 181.517 145.795 97.4755 88.1379 88.2954 64.7644 60.1176 50.937 59.6462 49.1212 38.6728 76.154
threshold=0.058333335444331176 0.31732429563999182 0.042567923665046699 1.2807677388191225 0.025000001303851608 -0.43827524781227106 0.94081306457519542 -0.073404144495725618 0.018644327297806743 -0.042247124016284936 0.010471008252352478 86.676235198974624 0.13573386520147326 0.14567654579877856
decision_type=8 2 10 2 10 8 2 10 10 10 2 8 10 10
left_child=1 2 7 4 -3 -2 11 8 -1 -9 -11 -7 -8 -14
right_child=5 3 -4 -5 -6 6 12 9 -10 10 -12 -13 13 -15
leaf_value=0.033922309594751142 0.006599095701326373 -0.025461571287130787 0.05306353977015002 -0.0025746993720282339 -0.012192480933048012 -0.0012579393218825321 0.0022992184448709023 -0.023842339622993192 -0.0019662093438507612 -0.0073201828757268788 0.025563635414361283 -0.010829667902800457 0.02720666450474556 0.0026720002705367856
leaf_weight=208.75856543984264 9008.5613471511751 2710.1277165822685 162.39286679029465 1889.7772652376443 2890.7508438760415 9698.7812902098522 21112.081205841154 320.48057889472693 247.88422796223313 666.19142271578312 163.2298852102831 1546.0519892098382 463.31553625501692 960.94837607257068
leaf_count=2202 51944 119085 2957 42375 77363 94086 179000 5148 2222 12241 2496 18663 3879 7680
internal_value=-0.000141589 -0.0109883 0.00430629 -0.014601 -0.018647 0.00220762 0.00103493 -0.000919955 0.0148159 -0.00724276 -0.000621213 -0.00258241 0.00284019 0.0107872
internal_weight=52049.3 9259.59 1768.94 7490.66 5600.88 42789.7 33781.2 1606.54 456.643 1149.9 829.421 11244.8 22536.3 1424.26
internal_count=621341 266089 27266 238823 196448 355252 303308 24309 4424 19885 14737 112749 190559 11559
is_linear=0
shrinkage=0.05


Tree=51
num_leaves=15
num_cat=0
split_feature=53 14 68 64 53 74 53 12 74 52 72 74 74 68
split_gain=228.352 185.799 127.704 93.3658 73.7393 72.2541 57.3018 57.1643 52.8095 52.7883 48.9981 47.8923 40.5179 39.3517
threshold=-0.2457296550273895 0.15217228978872302 -0.073404144495725618 0.058836800977587707 -0.077835358679294572 -0.0029628600459545846 -0.53187173604965199 0.087640658020973219 0.010675096418708565 0.24440121650695804 0.014115828089416029 -0.0034131088759750123 0.012349969707429411 -0.017931400798261162
decision_type=10 10 10 2 10 2 8 10 2 10 10 2 2 8
left_child=6 2 11 4 7 -3 -1 -4 10 -6 -7 -2 -10 -8
right_child=1 5 3 -5 9 8 13 -9 12 -11 -12 -13 -14 -15
leaf_value=0.0076431603316707442 0.025751402048701251 0.0089654780246743431 -0.0085963147275854822 0.0029731392034797089 -0.018665928162965976 -0.0047639236712491142 0.0055188334649930379 0.00079663830763673511 0.025903890264697711 -0.0063923410087101153 0.018207808586436794 -0.0017879250391556094 0.0035485247311217321 0.00063352829292997364
leaf_weight=5324.3529590638354 389.16431204695255 2806.4037641277537 7910.3009153809398 1837.8201048523188 2721.3978983424604 4074.7871294161305 5498.221799175255 2034.2137960251421 248.52052522916347 1310.985289523378 236.37155311368406 259.12628745753318 958.69494495168328 16393.795848255977
leaf_count=29180 3231 25952 148195 18147 98581 42831 38336 23499 2344 22103 1857 2100 8040 156826
internal_value=-0.000165727 -0.00363672 -0.00671362 -0.0076078 -0.00900022 0.00244887 0.00299572 -0.00667606 -0.000875412 -0.0147013 -0.00346521 0.0148838 0.00832566 0.00186244
internal_weight=52004.2 24787.8 16463 15814.7 13976.9 8324.78 27216.4 9944.51 5518.37 4032.38 4311.16 648.291 1207.22 21892
internal_count=621222 396880 315856 310525 292378 81024 224342 171694 55072 120684 44688 5331 10384 195162
is_linear=0
shrinkage=0.05


Tree=52
num_leaves=15
num_cat=0
split_feature=0 0 27 27 71 69 53 69 74 71 74 5 71 84
split_gain=553.495 143.14 119.911 100.972 71.9712 49.9034 51.9913 49.2896 73.595 76.1926 55.2334 54.4034 47.6994 98.5299
threshold=0.020698713138699535 0.032793810591101653 0.90252313017845165 0.97289738059043895 0.0023981669219210748 0.020066133700311187 -0.17671797424554822 0.029081266373395923 -0.010541939642280338 -0.020085464231669899 0.017736335285007957 1.2735877037048342 0.032854339107871063 2.5000000000000004
decision_type=2 2 2 2 2 10 10 10 2 2 2 2 2 2
left_child=3 2 4 -1 -2 -6 -7 11 9 -9 -10 -4 -3 -14
right_child=1 12 7 -5 5 6 -8 8 10 -11 -12 -13 13 -15
leaf_value=-0.029151225522516346 -0.0022607196824687308 0.003415203286467652 -0.0070228930935008343 -0.010944122651541627 -0.025327645446924042 -0.00084512571070861583 -0.015697798656267043 0.044656329337037101 0.00068853878761414267 0.0047087318562239354 0.03053420509937825 0.022601816610602204 -0.0097276463252267686 0.0075597103791942791
leaf_weight=1625.4011357938871 2456.7648935299367 32537.962105546147 2196.9682944193482 1460.3195721665397 705.02325464785099 930.45311294496059 1602.1034470777959 203.62172072380781 4241.1191164795309 276.59911141358316 150.92171012237668 157.00063955038786 2043.124705132097 1367.7886545583606
leaf_count=91981 48063 212432 33004 63731 14509 18761 36024 2609 68942 4411 2251 1714 13510 8900
internal_value=-9.51909e-05 0.00120334 -0.00330866 -0.0205979 -0.00872805 -0.0136136 -0.0102658 0.000968042 0.00383629 0.0222126 0.00178115 -0.00495979 0.00282549 -0.00279352
internal_weight=51955.2 48869.5 12920.6 3085.72 5694.34 3237.58 2532.56 7226.23 4872.26 480.221 4392.04 2353.97 35948.9 3410.91
internal_count=620842 465130 230288 155712 117357 69294 54785 112931 78213 7020 71193 34718 234842 22410
is_linear=0
shrinkage=0.05


Tree=53
num_leaves=15
num_cat=0
split_feature=0 4 27 27 71 53 84 69 0 69 68 68 71 71
split_gain=536.601 137.06 127.206 119.098 88.9601 74.2866 61.2879 67.8339 60.034 56.2178 67.7203 53.5759 65.1751 60.8099
threshold=0.020923699252307418 0.15833333879709247 1.486679255962372 1.298404395580292 0.0022187278373166923 -0.24339206516742704 1.5000000000000002 -0.13153804093599317 0.0168897919356823 0.12645928561687472 0.024986617267131809 0.044384431093931205 0.035511596128344543 0.016262301243841652
decision_type=2 8 2 2 2 10 2 8 2 10 10 8 2 2
left_child=3 2 4 8 6 -6 -2 -8 -1 10 -9 -3 13 -13
right_child=1 11 -4 -5 5 -7 7 9 -10 -11 -12 12 -14 -15
leaf_value=-0.035033121653166216 -0.0056243671108396872 0.0044801299563624842 0.0071680736159397329 -0.0014106534507888481 -0.0013532978560279504 -0.011276940424886805 0.023982671890781206 0.0032257326445869604 -0.018750460716991168 0.031401359836990821 -0.01400526081079227 -0.0034189787872721707 -0.015075018995768028 0.0073073449129991922
leaf_weight=937.18374910950661 3094.7061010394245 23410.048749621958 3134.925077598542 682.61833552643657 3025.867104716599 5008.8367032632232 358.18394964374602 3799.0428521223366 1551.526265963912 143.7417920306325 660.62393708340824 3139.1096493378282 695.29738212935627 2266.8523288909346
leaf_count=63298 42439 144202 32436 25241 39667 90756 2486 51027 72611 2276 11035 22652 4919 16264
internal_value=-4.52202e-05 0.00125323 -0.0020312 -0.0199411 -0.00382679 -0.00754603 -0.000112763 0.0033294 -0.0249978 0.0016739 0.00064763 0.00339292 -0.000779114 0.00108402
internal_weight=51908.6 48737.2 19225.9 3171.33 16091 8034.7 8056.3 4961.59 2488.71 4603.41 4459.67 29511.3 6101.26 5405.96
internal_count=621309 460159 272122 161150 239686 130423 109263 66824 135909 64338 62062 188037 43835 38916
is_linear=0
shrinkage=0.05


Tree=54
num_leaves=15
num_cat=0
split_feature=2 27 4 73 73 71 27 73 2 0 27 71 27 58
split_gain=515.837 127.601 88.7432 87.1193 103.937 97.2358 93.1426 57.8432 46.6024 44.6282 44.1629 42.3584 40.1035 38.1768
threshold=0.020333352498710159 1.0324244499206545 0.10833333432674409 0.30817307531833654 0.28502207994461065 -0.022128229029476639 0.90252313017845165 0.68208155035972606 0.014990551862865688 0.0168897919356823 2.0235964059829716 0.012342062778770925 1.3371174931526186 -0.0061495052650570861
decision_type=2 2 8 2 2 2 2 2 2 2 2 2 2 2
left_child=1 9 3 4 11 -6 -5 -4 -3 -1 -8 13 -9 -2
right_child=2 8 7 6 5 -7 10 12 -10 -11 -12 -13 -14 -15
leaf_value=-0.036581839141998633 -0.0051867785833572344 -0.021711936493170488 0.0037510700840400744 -0.010300087096090061 0.053052883028884792 0.0041107835135106296 -0.0018942207808081122 -0.002250989627522227 -0.0031681669217815487 -0.020630144731707867 0.01268200969876581 -0.015894157411649935 0.0063619812073884069 0.0088953479851341718
leaf_weight=673.57215401157737 738.89620388112962 441.23971269652247 26214.766073951498 4145.4911275431514 194.24116420932114 205.34064114093781 4647.6792884431779 7951.8207857497036 1378.265977662988 1440.6034260457382 574.90522341057658 300.57996325194836 1617.9404382519424 1342.8373558726162
leaf_count=48951 6415 23037 175985 84460 1808 2460 70407 63471 42619 66043 6254 3661 11087 13990
internal_value=-0.0001464 -0.0175288 0.00128342 -0.00240731 0.00534905 0.0286165 -0.00471385 0.00253687 -0.00775923 -0.0258606 -0.00026849 0.00134313 -0.000789691 0.0038961
internal_weight=51868.2 3933.68 47934.5 12150 2781.9 399.582 9368.08 35784.5 1819.51 2114.18 5222.58 2382.31 9569.76 2081.73
internal_count=620648 180650 439998 189455 28334 4268 161121 250543 65656 114994 76661 24066 74558 20405
is_linear=0
shrinkage=0.05


Tree=55
num_leaves=15
num_cat=0
split_feature=2 27 53 54 73 72 71 73 69 72 2 69 68 69
split_gain=465.256 126.286 100.454 128.903 114.447 91.9743 89.7031 88.6648 105.282 95.2268 82.799 66.7589 51.7795 84.5989
threshold=0.020333352498710159 1.4294737577438357 -0.30600479245185846 0.6183985471725465 0.063547253608703627 0.022701648063957695 -0.016101948916912075 0.31732429563999182 0.042567923665046699 0.013088256586343052 0.01457283226773143 0.087376426905393614 -0.039554694667458527 -0.052111282944679253
decision_type=2 2 10 10 2 10 2 2 10 10 2 10 10 10
left_child=1 10 -2 4 -4 7 11 8 12 -9 -1 -5 13 -6
right_child=2 -3 3 6 5 -7 -8 9 -10 -11 -12 -13 -14 -15
leaf_value=-0.036039163866437858 0.0038479245392279426 0.0023014999764541934 0.027965760890661474 0.0074738751828396848 -0.0052370318277008242 -0.02288869500113868 0.0010519485704638335 -0.0036457156286182342 0.035973060365637487 -0.01614455905096588 -0.016480432320097573 0.029526024871293844 -0.011871008355569042 0.016794335387745159
leaf_weight=702.57573482766747 21939.000844754279 714.75115609914064 259.60506210103631 1435.4021768327802 897.65940780565143 668.0019913893193 11162.171931743622 7570.7295430116355 228.59692997485399 1901.143642405048 2450.1031687315553 445.87124727480114 569.84758954308927 830.25381170026958
leaf_count=48514 153863 21866 1484 10162 8518 5304 99809 114823 2260 25147 110532 3495 6784 8109
internal_value=9.74036e-06 -0.0166492 0.00135774 -0.000746653 -0.00428367 -0.00496619 0.00275907 -0.00395012 0.0043597 -0.0061688 -0.0209393 0.0128288 0.00107233 0.00538466
internal_weight=51775.7 3867.43 47908.3 25969.3 12925.8 12666.2 13043.4 11998.2 2526.36 9471.87 3152.68 1881.27 2297.76 1727.91
internal_count=620670 180912 439758 285895 172429 170945 113466 165641 25671 139970 159046 13657 23411 16627
is_linear=0
shrinkage=0.05


Tree=56
num_leaves=15
num_cat=0
split_feature=3 68 53 69 70 53 12 68 69 69 69 84 69 69
split_gain=182.55 139.922 83.5957 71.9547 154.79 65.5296 63.5914 64.724 52.137 51.4828 51.0881 48.6401 46.7399 111.375
threshold=0.075000001117587103 -0.017931400798261162 -0.17866473644971845 0.029081266373395923 -0.011087638791650532 -0.43827524781227106 0.37523874640464788 -0.073404144495725618 0.013319937512278559 0.021202730946242813 0.046791307628154762 1.5000000000000002 0.13689920306205752 0.14863986521959308
decision_type=2 8 8 10 2 10 10 10 8 10 10 2 10 10
left_child=1 3 9 8 -5 -2 7 11 -1 -3 -9 -7 -4 -14
right_child=5 2 12 4 -6 6 -8 10 -10 -11 -12 -13 13 -15
leaf_value=0.0048177368505772861 0.0043434023383434111 -0.015380473685174575 -0.012312966003842078 0.065744822283099788 -0.00042103929704841885 -0.0023474311266540662 0.0052135093077802924 -0.004693313027009505 -0.017634024165415926 0.0013489238749619841 0.00035359881374080466 0.015883367207154508 0.041761357675038316 -0.016572070941092341
leaf_weight=1764.0623281579465 12921.178682308644 545.82893559336662 6351.8401544038206 135.25625257007778 225.47399970889091 596.98500717245042 4792.6997188348323 9012.7853455571458 292.75781664252281 2656.8029398145154 11283.775669975206 925.72312016040087 126.98221368994564 194.09890713449568
leaf_count=26227 78720 9443 213336 2240 4298 3586 30603 75805 5627 49227 108458 5218 3625 5121
internal_value=-0.000231482 -0.00555044 -0.00818836 0.00521465 0.0254921 0.00142347 4.62805e-06 -0.00114139 0.0015522 -0.00154129 -0.00188871 0.00876721 -0.0113715 0.00706238
internal_weight=51826.3 12293.1 9875.55 2417.55 360.73 39533.1 26612 21819.3 2056.82 3202.63 20296.6 1522.71 6672.92 321.081
internal_count=621534 319144 280752 38392 6538 302390 223670 193067 31854 58670 184263 8804 222082 8746
is_linear=0
shrinkage=0.05


Tree=57
num_leaves=15
num_cat=0
split_feature=2 2 2 73 73 67 73 84 68 73 74 74 73 68
split_gain=394.275 124.922 59.0336 56.4006 109.585 60.3572 41.0878 40.3044 40.7697 49.7069 41.6359 56.0479 39.2709 63.4634
threshold=0.018018113449215892 0.031319400295615203 0.01457283226773143 0.30817307531833654 0.28502207994461065 0.021487889811396602 0.26681958138942724 1.5000000000000002 -0.085946701467037187 0.14566432684659961 -0.00072875357000157226 -0.015180052258074282 0.64086395502090465 0.03548827953636647
decision_type=2 2 2 2 2 2 2 2 8 2 2 2 2 10
left_child=2 3 -1 4 6 -5 7 -2 -9 -10 11 -11 13 -3
right_child=1 12 -4 5 -6 -7 -8 8 9 10 -12 -13 -14 -15
leaf_value=-0.031348883516291941 -0.0068320990571051057 0.0029693260847360962 -0.014292028815071488 -0.0054958493604164663 0.028218595718511541 0.0062422464497515172 -0.018892160230038833 0.030143914721512913 -0.014788348730784627 0.023726395603198201 0.030940292369050722 -0.014194166278646232 1.032136756646158e-05 0.013985716719742573
leaf_weight=811.39525961689651 713.00761889014393 22316.626883860677 1420.6170239690691 11237.818713176996 382.34697554912418 1204.9700276870281 259.13931517675519 171.43264160864055 240.58725723065436 161.67458374425769 181.60218881629407 215.5383143555373 11077.588196825236 1379.8548716567457
leaf_count=54971 9092 141257 71205 223950 4758 16488 3616 1422 3130 1891 2670 2962 75094 8916
internal_value=-9.59789e-05 0.000831972 -0.0206048 -0.00301943 0.00411532 -0.00435502 -0.000748008 0.00213938 0.00873076 0.003823 0.0119549 0.00225171 0.00246801 0.00361644
internal_weight=51774.2 49542.2 2232.01 14768.1 2325.33 12442.8 1942.98 1683.84 970.835 799.402 558.815 377.213 34774.1 23696.5
internal_count=621422 495246 126176 269979 29541 240438 24783 21167 12075 10653 7523 4853 225267 150173
is_linear=0
shrinkage=0.05


Tree=58
num_leaves=15
num_cat=0
split_feature=0 27 4 27 68 68 74 74 68 68 70 68 12 67
split_gain=363.385 115.56 90.9118 101.294 89.8489 59.1911 68.7735 102.694 68.3367 74.8494 52.7027 54.7011 52.5627 49.6075
threshold=0.021030318923294548 1.2178924679756167 0.15833333879709247 0.75512132048606884 -0.073404144495725618 0.051486242562532432 0.015985499136149887 0.019590636715292934 -0.015703483484685418 -0.04421288147568702 0.015606944449245931 -0.070425093173980699 0.063873201608657851 0.061839707195758827
decision_type=2 2 8 2 10 8 2 2 10 10 2 10 8 2
left_child=1 -1 3 4 -2 6 10 12 9 -9 11 -4 -8 -5
right_child=2 -3 5 13 -6 -7 7 8 -10 -11 -12 -13 -14 -15
leaf_value=-0.022947406472878601 0.024102219642015532 -0.0010610091039596893 0.012705348957893707 7.560594203592124e-05 -0.0092306611520849118 -0.0030181122848630076 0.038824277787394806 0.0071612631817154736 0.018158416187278377 -0.020668682779615991 -0.016881013876764283 0.0024522096214313611 0.012334837689394524 0.022551988988295826
leaf_weight=2168.9064424699172 201.71824556589127 835.32830047886819 1374.6131040155888 13831.597195427865 4757.6190271042287 3878.4427799228579 405.28095042705536 625.09158331900835 561.6126610673964 380.35019172355533 326.11199804209173 21736.341136913747 365.56699957698584 239.92737656086683
leaf_count=130980 1627 32572 6750 184335 81844 28348 2312 3132 3332 2165 1905 137506 2172 1799
internal_value=-3.8601e-05 -0.0168856 0.00100426 -0.00169228 -0.00782909 0.00273482 0.00360132 0.0117616 0.00434964 -0.00346644 0.00278264 0.00306729 0.0265808 0.000474584
internal_weight=51688.5 3004.23 48684.3 19030.9 4959.34 29653.4 25775 2337.9 1567.05 1005.44 23437.1 23111 770.848 14071.5
internal_count=620779 163552 457227 269605 83471 187622 159274 13113 8629 5297 146161 144256 4484 186134
is_linear=0
shrinkage=0.05


Tree=59
num_leaves=15
num_cat=0
split_feature=2 2 67 54 5 22 12 5 8 73 73 4 1 84
split_gain=345.962 89.0788 82.0424 72.9449 62.1 56.6746 44.0008 46.4205 39.1333 42.1378 116.861 39.2728 36.6323 34.6047
threshold=0.020333352498710159 0.015118838287889959 0.019405895844101909 0.94017139077186596 1.2071600556373598 90.234363555908217 -0.20102003216743466 0.86070704460144054 1.0000000180025095e-35 0.31232108175754553 0.29215690493583685 0.058333335444331176 0.015343665610998871 2.5000000000000004
decision_type=2 2 2 10 2 8 10 2 2 2 2 10 8 2
left_child=1 -1 3 5 12 6 -2 -8 9 10 13 -11 -3 -9
right_child=2 4 -4 -5 -6 -7 7 8 -10 11 -12 -13 -14 -15
leaf_value=-0.027994994951068126 0.0023693223300394533 -0.0091706902228215811 0.0052595872250358012 0.0041692004927581976 0.014384301636553685 -0.010105390685472327 -0.0087120317955316513 -0.0046223687530806612 0.006549947620760649 -0.0088607342541586927 0.026746903804622177 -0.0017236481334497906 -0.023929967170772944 0.0060214042767155682
leaf_weight=932.04216498043388 8966.2263780105859 1990.3763344837353 9813.2904572747648 8664.1495455112308 228.8401150656864 1620.7919614836574 2187.8417013306171 1928.1984079889953 1553.7881606575102 2429.9564399877563 441.73081872425973 9213.253611875698 533.54901554808021 1250.142132429406
leaf_count=64905 62089 92526 69060 63752 5172 22375 26598 16606 20399 50956 4063 94087 18280 10480
internal_value=5.05836e-05 -0.0146933 0.00118361 0.000136957 -0.0101045 -0.00104464 -0.000516193 -0.00187806 -0.00098434 -0.00175511 0.00295067 -0.00321949 -0.0123729 -0.00043008
internal_weight=51754.2 3684.81 48069.4 38256.1 2752.77 29591.9 27971.1 19004.9 16817.1 15263.3 3620.07 11643.2 2523.93 3178.34
internal_count=621348 180883 440465 371405 115978 307653 285278 223189 196591 176192 31149 145043 110806 27086
is_linear=0
shrinkage=0.05


Tree=60
num_leaves=15
num_cat=0
split_feature=0 71 69 69 0 0 71 73 71 69 69 74 71 74
split_gain=336.645 84.5248 103.817 167.448 85.7443 72.0549 68.7202 76.5923 98.7176 175.976 109.819 82.4338 103.86 176.634
threshold=0.021138353273272518 0.0011586637701839211 0.13689920306205752 0.14567654579877856 0.028834600932896141 0.015668896958231929 0.00033866609737742698 0.45168524980545049 -0.0059466136153787366 -0.026947265490889546 0.09343582391738893 -0.04474180564284324 -0.051636332646012299 -0.017136160284280774
decision_type=2 2 10 10 2 2 2 2 2 8 10 2 2 2
left_child=5 2 6 -4 -3 -1 7 8 10 -10 11 -2 13 -13
right_child=1 4 3 -5 -6 -7 -8 -9 9 -11 -12 12 -14 -15
leaf_value=-0.030594876699355983 -0.021238549210598496 -0.0076789171586279905 0.050738006782778747 -0.0027879218452489924 9.5570590938285726e-05 -0.012153425443168483 0.016812284548122638 -0.0012842196352092353 0.038266357781035487 4.9498077187631591e-05 0.030763495624075599 0.035443660995103751 0.00056033289448892442 0.0011232637525474872
leaf_weight=691.5752012655139 353.89763353019953 4202.3671924285591 280.7780971750617 291.70940078422427 22434.716812752187 2291.5142886415124 795.82727854326367 9770.8227880802006 566.51811205781996 630.85329136438668 336.59574082680047 611.31275952607393 7394.1492552403361 946.9714773260057
leaf_count=52721 2067 93836 2304 2633 167716 113213 8013 93801 3784 6290 2814 3802 61538 6029
internal_value=-0.000241538 0.000760289 0.00305472 0.0238844 -0.00113338 -0.0165167 0.00248678 0.00192576 0.00481758 0.0182984 0.00312643 0.00209489 0.00303995 0.0147273
internal_weight=51599.6 48616.5 21979.4 572.487 26637.1 2983.09 21406.9 20611.1 10840.3 1197.37 9642.93 9306.33 8952.43 1558.28
internal_count=620561 454627 193075 4937 261552 165934 188138 180125 86324 10074 76250 73436 71369 9831
is_linear=0
shrinkage=0.05


Tree=61
num_leaves=15
num_cat=0
split_feature=53 27 1 14 69 69 84 72 74 70 70 69 27 27
split_gain=117.078 154.046 120.829 75.5558 69.8897 50.54 49.3391 57.1108 45.2372 43.166 39.7611 64.6529 43.4685 39.6929
threshold=-0.24339206516742704 1.298404395580292 0.0139556503854692 0.16551543772220614 -0.13803395628929135 0.046791307628154762 1.0000000180025095e-35 0.015333235263824465 -0.0074204320553690186 -0.01332777366042137 -0.044312106445431702 -0.13803395628929135 0.91265061497688305 0.59393644332885753
decision_type=10 2 10 10 10 10 2 10 2 2 2 8 2 2
left_child=10 2 -2 4 -4 -6 7 -3 -5 -7 -1 12 -12 -13
right_child=1 6 3 8 5 9 -8 -9 -10 -11 11 13 -14 -15
leaf_value=-0.014786051210153165 -0.015476487418016575 -0.0082458789533314033 0.025578418004605082 0.010581018058160498 -0.010139684778302674 0.017798181863595424 0.0075336510835311401 0.021997060678122751 -0.0007490076037165224 -0.0040148313311849527 0.025278475510343193 -0.0024050318997407248 0.0046347988493154512 0.0027895811735398927
leaf_weight=330.99272326380014 2282.0579502796754 1057.9915283452719 165.53578028827906 1068.289284308441 4648.0390948485583 226.70622576121241 4103.9703161604702 173.04592651128769 4809.097121133469 5531.1544148465618 489.64151234086603 4414.9804995777085 532.11600407958031 21806.165798155591
leaf_count=1805 119911 14541 1117 8307 61605 3003 51599 1448 42065 91053 2416 35510 2718 183870
internal_value=-3.71421e-05 -0.00258495 -0.00471953 -0.00321865 -0.00574355 -0.00626589 0.00490423 -0.00385166 0.00132484 -0.00312661 0.00218666 0.00239822 0.0146767 0.00191436
internal_weight=51639.8 24065.9 18730.9 16448.8 10571.4 10405.9 5335.01 1231.04 5877.39 5757.86 27573.9 27242.9 1021.76 26221.1
internal_count=620968 394649 327061 207150 156778 155661 67588 15989 50372 94056 226319 224514 5134 219380
is_linear=0
shrinkage=0.05


Tree=62
num_leaves=15
num_cat=0
split_feature=0 4 73 73 67 71 68 73 74 71 71 71 66 0
split_gain=280.207 83.5234 76.1328 94.5746 65.2444 62.431 50.0962 67.2197 65.1545 67.0193 46.9235 82.3348 68.8999 43.1769
threshold=0.019247997552156452 0.10833333432674409 0.30817307531833654 0.28502207994461065 0.021487889811396602 -0.016600523144006726 0.044384431093931205 0.80592963099479686 -0.017136160284280774 -0.0090665640309452993 0.016262301243841652 0.030089153908193115 -0.27147933840751642 0.015668896958231929
decision_type=2 8 2 2 2 2 8 2 2 2 2 2 10 2
left_child=13 2 3 -2 -4 -5 7 -3 -8 -10 -11 12 -12 -1
right_child=1 6 4 5 -6 -7 8 -9 9 10 11 -13 -14 -15
leaf_value=-0.029025570344355451 0.00059178479905915786 0.0025226424299654038 -0.0058953288296552681 0.03985122589897263 0.0074992854820969002 0.0022323518985190756 -0.023319143749032538 0.019563819935236329 0.018937755542934948 -0.0066142151829111807 0.027646063376932675 -0.0083470513407530172 0.0038349469639454565 -0.013094725535948383
leaf_weight=664.67471433896571 2552.7696119211614 28543.844127448276 9591.7075824849308 272.33033103309572 995.66173687390983 183.03347669914365 326.757478851825 580.94416020996869 395.01395193859935 2942.3269232269377 362.02294358611107 1183.8564106374979 1682.2928548678756 1247.6056415969506
leaf_count=52755 27646 193249 197732 2865 13890 2311 2458 4583 2681 23955 2751 8957 13413 71312
internal_value=-2.37475e-05 0.000701838 -0.00263605 0.00437315 -0.00462978 0.0251032 0.00196218 0.00286916 -0.00186903 -0.00076764 -0.00205771 0.00210293 0.00816565 -0.0187542
internal_weight=51524.8 49612.6 13595.5 3008.13 10587.4 455.364 36017.1 29124.8 6892.27 6565.51 6170.5 3228.17 2044.32 1912.28
internal_count=620558 496491 244444 32822 211622 5176 252047 197832 54215 51757 49076 25121 16164 124067
is_linear=0
shrinkage=0.05


Tree=63
num_leaves=15
num_cat=0
split_feature=2 27 27 69 2 71 27 2 84 72 72 5 2 72
split_gain=276.18 136.873 76.7461 111.432 64.5592 60.4582 51.8294 44.9128 43.6574 41.611 41.2863 41.3855 37.3521 35.7238
threshold=0.022514981217682365 0.90252313017845165 0.74908876419067394 -0.13803395628929135 0.065997771918773665 0.017263500019907955 1.7240964174270632 0.01457283226773143 1.0000000180025095e-35 0.018644327297806743 0.022701648063957695 1.2309579849243166 0.015638624317944053 0.032991603016853339
decision_type=2 2 2 8 2 2 2 2 2 8 8 2 2 10
left_child=1 7 3 -2 5 -5 12 -1 -8 -7 11 -4 -3 -12
right_child=2 6 10 4 -6 9 8 -9 -10 -11 13 -13 -14 -15
leaf_value=-0.038700819256472535 0.025679200830294031 -0.019336783525357448 0.0022761426877329067 -0.002249534926503859 0.0038862007494292771 -0.0083568725341069943 -0.01117369758465179 -0.017570860735512294 0.018361014544924937 -0.026922482833869971 -0.014405136722562739 0.0086141596020642298 -0.0044729220017939051 0.00040318249819996796
leaf_weight=293.32843504846096 347.27515748888254 512.10784698463976 26562.015286391601 8755.7149988915771 3040.2775194495916 2439.6433435622603 173.90087569318712 1858.3969519492239 391.02329041436315 338.53448448702693 631.29025612026453 2844.6170314941555 2276.1832977700979 1114.6433173064142
leaf_count=26361 1728 34740 226954 88226 15025 25347 4627 86375 9379 3199 4212 19136 69857 5884
internal_value=-0.000229497 -0.0108037 0.00103599 -0.00191174 -0.00258634 -0.00429435 -0.00446402 -0.0206171 0.00923312 -0.0107076 0.00244805 0.00289196 -0.00726222 -0.00500272
internal_weight=51579 5504.94 46074 14921.4 14574.2 11533.9 3353.22 2151.73 564.924 2778.18 31152.6 29406.6 2788.29 1745.93
internal_count=621050 231339 389711 133525 131797 116772 118603 112736 14006 28546 256186 246090 104597 10096
is_linear=0
shrinkage=0.05


Tree=64
num_leaves=15
num_cat=0
split_feature=4 5 67 57 69 70 68 74 71 71 71 69 68 4
split_gain=215.723 101.28 63.041 70.3535 65.2392 50.4261 60.3007 57.2718 86.5056 70.4502 69.7559 55.8956 50.4257 43.8839
threshold=0.025000001303851608 1.2225165963172915 0.014799155294895174 0.024006880819797519 0.060647334903478629 -0.044312106445431702 -0.13279618322849271 -0.018727028742432591 -0.058888100087642663 -0.017199751920998093 -0.04483095929026603 0.040598414838314063 -0.020752980373799797 0.12500000372529033
decision_type=8 2 2 10 10 2 8 2 2 2 2 8 8 10
left_child=1 -1 3 4 13 -5 -7 9 -9 11 -10 -8 -11 -2
right_child=2 -3 -4 5 -6 6 7 8 10 12 -12 -13 -14 -15
leaf_value=-0.014387430986445494 -0.013554915471421151 0.011278347270883645 0.0039344773877627859 -0.019348284737749761 0.00041487056448569838 0.018977604963612636 -0.0060835351064080683 -0.025200915972925134 0.018834011979034837 -0.0035456924912579445 0.0014887782988330146 0.016528443480751519 -0.02857345505250853 -0.0034261300955735225
leaf_weight=3392.2423600349575 2158.5096933646128 425.87725818343461 12189.52771178633 291.65678262338042 3849.9130857465789 459.22408454865217 967.79690465237945 287.75982094276696 584.38848962821066 346.59990140981972 23555.196815305389 369.32579643558711 480.66571297496557 2127.6315906243399
leaf_count=151720 49180 7619 92752 1665 67968 2103 6647 1839 4156 2487 207143 2821 3785 19002
internal_value=-8.29561e-05 -0.0115027 0.000833958 -0.000232106 -0.00431085 0.000982694 0.00120897 0.000895094 0.00158668 -0.00688157 0.00191631 0.000238436 -0.0182551 -0.00854669
internal_weight=51486.3 3818.12 47668.2 35478.7 8136.05 27342.6 27051 26591.7 24427.3 2164.39 24139.6 1337.12 827.266 4286.14
internal_count=620887 159339 461548 368796 136150 232646 230981 228878 213138 15740 211299 9468 6272 68182
is_linear=0
shrinkage=0.05


Tree=65
num_leaves=15
num_cat=0
split_feature=0 27 0 69 0 72 27 4 84 27 0 68 69 69
split_gain=239.244 97.9604 146.675 61.4778 46.6381 46.1872 43.4077 59.6178 58.2856 42.7763 37.7679 37.4751 65.8507 67.67
threshold=0.0168897919356823 0.73703739047050487 0.028834600932896141 -0.13803395628929135 0.071648769080638899 0.02781627140939236 1.5035094022750857 0.058333335444331176 1.5000000000000002 0.45255534350872045 0.060251858085393913 0.044384431093931205 0.13689920306205752 0.15038476139307025
decision_type=2 2 2 8 2 8 2 8 2 2 2 8 10 10
left_child=-1 2 -2 -4 5 9 7 -3 -8 -5 -10 12 -9 -14
right_child=1 6 3 4 -6 -7 8 11 10 -11 -12 -13 13 -15
leaf_value=-0.02506797443192952 -0.01475803496541154 -0.0041247668831365372 0.019991346683648294 -0.010200378613909395 0.0043694321076705863 -0.020603548980820379 0.00013712341234349004 0.0025056104612441264 0.012140412261642647 -0.00090823505465075557 0.00056838665636052923 -0.0021843564348340782 0.036676030697052019 0.001392650676851824
leaf_weight=921.79765305388719 2203.3791406992823 4606.3953773640096 335.1047341004014 1452.7369248643517 2735.6445107460022 349.09393486008048 2913.3734995089471 19241.232623167336 3030.2497698757797 8097.6265368908644 919.30721413344145 4236.4665369084105 279.73921403568238 257.46926890872419
leaf_count=74672 71626 119898 1610 11690 13467 2660 25378 156103 29445 67227 4549 39107 2223 2129
internal_value=3.77318e-05 0.000499426 -0.00286176 -0.000831011 -0.00139863 -0.00299539 0.00193712 0.00107986 0.00550551 -0.00233088 0.00945512 0.00207948 0.00299342 0.0201002
internal_weight=51579.6 50657.8 15173.6 12970.2 12635.1 9899.46 35484.2 28621.3 6862.93 9550.36 3949.56 24014.9 19778.4 537.208
internal_count=621784 547112 168280 96654 95044 81577 378832 319460 59372 78917 33994 199562 160455 4352
is_linear=0
shrinkage=0.05


Tree=66
num_leaves=15
num_cat=0
split_feature=0 0 71 67 70 2 60 73 74 70 74 74 71 74
split_gain=219.258 58.7744 83.9135 50.0121 44.9349 44.2623 43.401 43.2305 126.445 52.457 49.2843 50.8263 48.1048 59.009
threshold=0.019461452029645446 0.030942079611122612 -0.051636332646012299 0.020901293493807319 -0.044312106445431702 0.013484102208167316 1.0000000180025095e-35 0.063547253608703627 -0.018727028742432591 0.0032309357775375251 -0.021305794827640053 -0.023058580234646794 -0.058888100087642663 -0.014844747260212897
decision_type=2 2 2 2 2 2 8 2 2 2 2 2 2 2
left_child=5 2 -2 6 -3 -1 -4 8 -6 -10 11 -9 -12 -14
right_child=1 4 3 -5 7 -7 -8 10 9 -11 12 -13 13 -15
leaf_value=-0.03043673284804331 0.02327792580476325 -0.014865404324703145 -0.0022869849519450026 0.0068643659438727455 0.034979000825685835 -0.012335742924573206 -0.009579518427547699 -0.0021240946316656776 -0.014048553776594501 0.010222705488255284 -0.017478381778410434 -0.022054931525996645 0.010893830772649738 0.0014630268451681478
leaf_weight=443.13373722229153 292.64816322177649 406.04197609424591 6505.3888632850721 1052.6103675570339 367.80236938595772 1456.8898523505777 2968.764473574236 1406.7017505839467 360.15294281020761 548.55740501731634 312.11874627321959 405.02221329510212 1736.4367137700319 33164.156565029174
leaf_count=37658 3290 2290 149799 15805 1774 91071 60983 8812 2273 2959 1771 2620 10903 228309
internal_value=-7.14633e-05 0.000569506 -0.00268681 -0.00343005 0.00148017 -0.0166946 -0.00457982 0.00165729 0.0106684 0.000554967 0.00134382 -0.00667637 0.00175824 0.00193523
internal_weight=51426.4 49526.4 10819.4 10526.8 38707 1900.02 9474.15 38300.9 1276.51 908.71 37024.4 1811.72 35212.7 34900.6
internal_count=620317 491588 229877 226587 261711 128729 210782 259421 7006 5232 252415 11432 240983 239212
is_linear=0
shrinkage=0.05


Tree=67
num_leaves=15
num_cat=0
split_feature=4 71 27 27 69 2 69 71 2 71 72 68 69 69
split_gain=204.695 86.0584 80.8758 67.1182 66.2589 73.9712 47.832 74.2777 47.6719 44.5834 58.1691 50.903 87.4627 77.4526
threshold=0.025000001303851608 -0.054346878081560128 0.74908876419067394 1.1299487948417666 -0.13803395628929135 0.030303426086902622 0.065669275820255293 -0.017199751920998093 0.036338591948151595 0.041819194331765182 0.0097058657556772249 0.049854528158903129 0.096504896879196181 0.13689920306205752
decision_type=8 2 2 2 8 2 10 2 2 2 10 10 10 10
left_child=1 -1 4 -3 -2 -6 8 -8 -4 10 11 13 -13 -9
right_child=2 3 6 -5 5 -7 7 9 -10 -11 -12 12 -14 -15
leaf_value=0.02489042861955116 0.018937196713914903 -0.018419127807745937 -0.0021526659574348885 -0.0043763259359449148 -0.010090256521875365 -0.00096138175627514741 0.017108205481817945 0.0017109754294836268 0.0028697600992567572 0.021211180636362081 -0.0050902759419612911 0.041625072524260662 0.0070964305237010764 0.017583172284978969
leaf_weight=148.63646089378744 355.36105287820101 2144.9713109880686 8259.5576901584864 1419.0454292651266 2701.0076602548361 12243.582371730357 1083.8046091450378 7962.8262243252248 11013.087075814605 335.2075958205387 1872.2196985995397 227.06605310831219 836.88360682222992 841.11517478618771
leaf_count=1803 1718 113739 113795 43667 67498 85719 9087 83486 61895 2855 16030 2572 9071 7802
internal_value=1.08116e-05 -0.0112818 0.000891347 -0.0128557 -0.00210427 -0.00261693 0.00230477 0.00462739 0.00071733 0.00349396 0.00297047 0.00450343 0.0147844 0.00324561
internal_weight=51444.4 3712.65 47731.7 3564.02 15300 14944.6 32431.8 13159.1 19272.6 12075.3 11740.1 9867.89 1063.95 8803.94
internal_count=620737 159209 461528 157406 154935 153217 306593 130903 175690 121816 118961 102931 11643 91288
is_linear=0
shrinkage=0.05


Tree=68
num_leaves=15
num_cat=0
split_feature=0 27 0 27 68 69 73 69 71 69 71 71 69 71
split_gain=185.578 72.0014 106.981 69.5821 44.5702 42.1612 77.6579 92.0761 147.316 77.839 77.6429 91.6098 152.126 108.448
threshold=0.018212977796792987 0.68106099963188182 0.030783025547862056 1.298404395580292 -0.073404144495725618 0.065669275820255293 0.3586434274911881 0.034416999667882926 -0.02844300307333469 0.049500988796353347 0.047184959053993232 -0.0073139155283570281 -0.017013531178236004 -0.0021606994559988375
decision_type=2 2 2 2 8 10 2 10 2 10 2 2 8 2
left_child=3 2 -2 -1 -4 6 7 10 -9 -10 11 -3 13 -13
right_child=1 5 4 -5 -6 -7 -8 8 9 -11 -12 12 -14 -15
leaf_value=-0.024695106481740583 -0.013526209446405738 -0.00077956116361493335 0.01377830282312454 0.0025022817033965011 -0.0015853829671780132 0.0035257256439795389 -0.0022715386775082574 0.045072945762316269 0.024813579767433286 -0.012299497142107105 -0.018182030414919136 0.04766405033423695 -0.0030140446373177077 0.014142546758353337
leaf_weight=1015.4769032485783 1979.2876235274598 5143.2336568497121 487.20170440524817 302.90571386087686 9334.998370859772 15481.765616595745 13513.806063220836 326.13960147090256 231.75104346685112 330.36490513663739 439.64846209064126 291.4955878444016 1193.9404338626191 1297.8194303279743
leaf_count=85799 55551 39877 2522 15643 66399 169153 152188 2477 2338 3280 2774 1935 11611 9266
internal_value=-2.93046e-05 0.000460147 -0.00295241 -0.0184746 -0.000810074 0.00151354 0.000144359 0.00367084 0.0188846 0.00316787 0.00203493 0.00317778 0.0104672 0.0205503
internal_weight=51369.8 50051.5 11801.5 1318.38 9822.2 38250 22768.2 9254.39 888.256 562.116 8366.14 7926.49 2783.26 1589.32
internal_count=620813 519371 124472 101442 68921 394899 225746 73558 8095 5618 65463 62689 22812 11201
is_linear=0
shrinkage=0.05


Tree=69
num_leaves=15
num_cat=0
split_feature=2 27 2 27 2 72 59 74 74 72 74 72 73 74
split_gain=189.454 118.71 59.3361 44.5968 51.8855 42.3705 93.2138 44.0047 146.602 65.9398 79.6612 59.1506 42.0878 45.7535
threshold=0.023278936743736271 0.94774815440177929 0.015877411700785164 0.58960551023483287 0.093328639864921584 0.022701648063957695 1.5000000000000002 0.017736335285007957 0.019111653789877895 0.014031353872269394 0.028287758119404319 0.020282002165913585 0.37298187613487249 0.020718611776828769
decision_type=2 2 2 2 2 8 10 2 2 10 2 10 2 2
left_child=1 2 -1 4 -2 7 -7 11 -9 12 -11 -5 -10 -14
right_child=3 -3 -4 5 -6 6 -8 8 9 10 -12 -13 13 -15
leaf_value=-0.032698044909883671 -0.0040521773216356449 -0.0019956184872181632 -0.01259875476945984 0.001693323155983301 0.0090678166446833668 -0.026252548774672535 7.9262147609677344e-05 0.037328373099418936 -0.0049841603544685201 -0.016572860557808228 0.012367903346474012 0.021084931358174255 0.0011418480664641955 0.025815575152565502
leaf_weight=440.83465196937323 5976.2565141841769 3465.755116709508 2170.4630602532998 33470.862744210288 852.52021686732769 398.9775096103549 1885.5647874511778 371.76766100339592 271.42778134532273 620.65369130298495 372.6713022980839 388.02698358520865 284.62779890932143 548.31797867082059
leaf_count=42368 53722 113496 93136 280429 4123 3277 10222 2765 2121 4710 2627 2503 2225 4223
internal_value=0.00020947 -0.00807432 -0.0161037 0.00131882 -0.00240338 0.00197755 -0.00461375 0.00239321 0.00882404 0.00361918 -0.00569994 0.00192171 0.0119772 0.0174978
internal_weight=51518.7 6077.05 2611.3 45441.7 6828.78 38612.9 2284.54 36328.4 2469.47 2097.7 993.325 33858.9 1104.37 832.946
internal_count=621947 249000 135504 372947 57845 315102 13499 301603 18671 15906 7337 282932 8569 6448
is_linear=0
shrinkage=0.05


Tree=70
num_leaves=15
num_cat=0
split_feature=0 0 27 84 27 27 74 53 73 54 74 71 74 69
split_gain=165.827 69.4633 92.7838 49.6879 45.8544 43.0319 38.9822 38.0437 64.1951 79.0637 57.5262 57.1855 53.1493 51.4062
threshold=0.017016752623021606 0.026466794312000278 0.90252313017845165 1.0000000180025095e-35 1.0544887185096743 1.619238078594208 -0.011414214968681334 -0.35502713918685908 0.063547253608703627 0.55916383862495433 -0.0020624514436349268 0.017263500019907955 0.017736335285007957 0.061163321137428291
decision_type=2 2 2 2 2 2 2 10 2 10 2 2 2 10
left_child=4 2 -2 6 -1 -5 -4 -3 -9 11 -11 -10 -12 -13
right_child=1 7 3 5 -6 -7 -8 8 9 10 12 13 -14 -15
leaf_value=-0.031068812538712201 -0.011724559692633372 0.0027041019719826996 0.017039726602905422 0.00055772501073373011 -0.0076709467933717525 0.016212106837769854 -0.015677565734220342 0.01900106429140748 -0.0017471800154272991 0.0060853681592902623 -0.0017749324906159705 -0.014700444499599891 0.011488466334792802 0.00059285725228041479
leaf_weight=512.46687018778175 2657.6830019420013 18423.751195730641 97.629711402580142 2485.7301746057346 363.46825245581567 523.35653324052691 632.46677041519433 414.95813540369272 8617.9615915510803 5179.2379991766065 8080.5867532808334 1843.5480031240731 823.10900640115142 779.94034884124994
leaf_count=52354 103271 116850 2157 70061 24558 10350 17224 2152 86731 38463 63609 18812 5607 8897
internal_value=-0.000111142 0.000264574 -0.00460084 0.000480219 -0.0215561 0.0033251 -0.0111314 0.000970194 -0.000271474 -0.000594644 0.0019009 -0.0037199 -0.000537274 -0.0101689
internal_weight=51435.9 50560 6396.87 3739.18 875.935 3009.09 730.096 44163.1 25739.3 25324.4 14082.9 11241.4 8903.7 2623.49
internal_count=621096 544184 203063 99792 76912 80411 19381 341121 224271 222119 107679 114440 69216 27709
is_linear=0
shrinkage=0.05


Tree=71
num_leaves=15
num_cat=0
split_feature=67 57 27 69 72 74 5 74 73 72 74 54 12 73
split_gain=77.8745 95.723 80.7806 49.2789 44.6461 66.8574 62.6725 53.2163 115.236 51.1031 46.2905 44.7685 43.1042 43.4876
threshold=0.017220951616764072 0.022974221035838131 0.87382143735885631 0.061163321137428291 0.022701648063957695 0.013805983588099481 1.3450925350189211 0.019590636715292934 0.47195710241794592 0.049865879118442542 0.017489690333604816 0.880527824163437 -0.16009701043367383 0.30817307531833654
decision_type=2 10 2 10 8 2 2 2 2 10 2 10 10 2
left_child=1 2 -1 -4 5 6 11 8 -7 -6 -10 12 -3 -14
right_child=-2 4 3 -5 9 7 -8 -9 10 -11 -12 -13 13 -15
leaf_value=-0.0094052239841988568 0.003656536009227055 0.001402068727965202 -0.0054566235997837616 0.0051246538312668573 -0.01321069597398873 0.036998130980777762 0.014330584886689644 -0.00011936689374806142 -0.0041380878573060364 0.0069211955491296391 0.022288206018160103 0.0033141539604314599 0.0029626266003710349 -0.0048546977675835868
leaf_weight=5431.4642839217559 11260.626064538024 7801.5470323571935 2240.6284010782838 2142.9090215051547 1158.7886000834405 421.89470781944692 745.64551587309688 823.12438329122961 505.55220728740096 424.44074598699808 234.81321793328971 6498.2029923656955 2180.8747505731881 9508.0772823002189
leaf_count=130874 88458 57888 48600 54396 7111 3490 5438 6738 4512 1945 1899 45086 21992 142996
internal_value=-1.57956e-05 -0.00104723 -0.00533599 -0.000284035 0.000343185 0.000794877 0.000135868 0.00962366 0.0164659 -0.00780406 0.00442857 -0.00027675 -0.00147506 -0.00339489
internal_weight=51378.6 40118 9815 4383.54 30303 28719.7 26734.3 1985.38 1162.26 1583.23 740.365 25988.7 19490.5 11689
internal_count=621423 532965 233870 102996 299095 290039 273400 16639 9901 9056 6411 267962 222876 164988
is_linear=0
shrinkage=0.05


Tree=72
num_leaves=15
num_cat=0
split_feature=0 27 71 70 72 68 70 69 69 69 2 70 70 70
split_gain=169.551 60.1971 54.988 121.673 121.186 132.719 112.107 86.6984 155.364 76.2653 81.0999 71.741 112.525 125.434
threshold=0.019581069238483909 1.3697058558464053 0.0011586637701839211 0.019053208641707901 0.016991127282381061 0.012962502893060448 0.015137062873691322 0.13689920306205752 0.14567654579877856 0.026432047598063949 0.048206409439444549 0.018314933404326442 0.011830081231892111 0.012492935638874771
decision_type=2 2 2 2 10 8 2 10 10 10 2 2 2 2
left_child=1 -1 7 6 5 -5 9 11 -9 10 -4 12 -2 -14
right_child=2 -3 3 4 -6 -7 -8 8 -10 -11 -12 -13 13 -15
leaf_value=-0.019521370238991607 0.0014008874830889345 0.0030420258389995181 -0.010170529045385285 0.051929496314738616 0.0011581002011723204 0.004683528193577583 -0.0175153274609978 0.046123139685591737 -0.0041220742063586826 0.00054884727559077653 0.0010740971763298116 -0.010761289454807029 0.047659656436362066 0.0090081717139045576
leaf_weight=1460.8035924620926 19245.725130162202 366.86615632753819 4031.499116897583 313.54918430931866 902.03330077789724 278.97771065495908 1084.9826245950535 295.2308101458475 307.18441974092275 17800.487535127439 2655.2364916354418 1074.7052591145039 244.27947469428182 1248.055311431177
leaf_count=114287 180466 16712 50786 2730 6026 2536 10090 2367 2826 197050 13982 7618 2106 10979
internal_value=-8.71945e-05 -0.0150003 0.000466558 -0.00105012 0.0127688 0.0301317 -0.00186244 0.00229763 0.0208531 -0.00116202 -0.00571046 0.00177585 0.00243043 0.0156101
internal_weight=51309.6 1827.67 49481.9 27066.8 1494.56 592.527 25572.2 22415.2 602.415 24487.2 6686.74 21812.8 20738.1 1492.33
internal_count=620561 130999 489562 283200 11292 5266 271908 206362 5193 261818 64768 201169 193551 13085
is_linear=0
shrinkage=0.05


Tree=73
num_leaves=15
num_cat=0
split_feature=2 22 2 71 1 64 73 69 69 69 73 74 74 74
split_gain=153.35 55.8231 46.0407 46.8123 39.9548 33.7889 30.9075 63.763 48.8122 48.2665 67.9038 105.772 80.4379 50.3643
threshold=0.014712740667164327 92.328727722167983 0.023278936743736271 -0.054346878081560128 0.017062164843082431 0.074525527656078353 0.68208155035972606 0.13689920306205752 -0.029338740743696686 0.008495337329804899 0.78917726874351513 -0.0085098468698561174 0.017736335285007957 0.012551479041576387
decision_type=2 8 2 2 10 2 2 10 8 8 2 2 2 2
left_child=-1 2 3 -2 -5 -3 7 -4 -8 -10 11 -11 13 -12
right_child=1 5 6 4 -6 -7 8 -9 9 10 12 -13 -14 -15
leaf_value=-0.024366048584673082 0.023670829812466945 -0.012983531106853824 0.0014491696187942636 -0.0023589300695859797 -0.012837204242981237 -0.00066678335286003698 0.018786111439537213 0.024869504145430148 -0.011767940604148486 0.019126540133380519 0.0051894305151140999 -0.0059765410958629358 0.03000886209294476 -0.015181952479627872
leaf_weight=642.01321292296052 137.18627622816712 1271.512443035841 33017.343455182388 3663.8380531957373 1203.1749836597592 986.68955247290432 278.19373480603099 283.24905481003225 1129.7238487619907 445.98215048573911 2336.016444047913 5292.0909814424813 286.89834446832538 338.67921246029437
leaf_count=57607 1787 24644 263694 147149 29331 7721 2279 2200 9212 3640 19489 47377 2050 2667
internal_value=-0.000272113 3.79128e-05 0.000397018 -0.00413946 -0.00497028 -0.00762857 0.000920828 0.00165579 -0.00149982 -0.00209246 -0.000823954 -0.00399557 0.00531379 0.00256299
internal_weight=51312.6 50670.6 48412.4 5004.2 4867.01 2258.2 43408.2 33300.6 10107.6 9829.39 8699.67 5738.07 2961.59 2674.7
internal_count=620847 563240 530875 178267 176480 32365 352608 265894 86714 84435 75223 51017 24206 22156
is_linear=0
shrinkage=0.05


Tree=74
num_leaves=15
num_cat=0
split_feature=2 2 5 74 69 71 68 70 74 14 68 74 71 74
split_gain=136.12 55.9185 59.673 65.9538 45.8333 88.8938 75.4735 58.6261 70.7877 61.8828 92.5958 63.8689 122.534 52.349
threshold=0.014990551862865688 0.03150922246277333 1.2003113031387331 -0.014844747260212897 0.061163321137428291 0.016089321114122871 0.051486242562532432 -0.013790848664939402 -0.017927798442542549 -0.046531064435839646 0.050506703555583961 0.011013411451131107 -0.0015747672296129165 0.013805983588099481
decision_type=2 2 2 2 10 2 10 2 2 10 10 2 2 2
left_child=-1 2 4 -4 5 6 13 8 -6 10 -9 -11 -13 -2
right_child=1 -3 3 -5 7 -7 -8 9 -10 11 -12 12 -14 -15
leaf_value=-0.021832141412596585 -0.0032444070592141925 0.001453259712663706 0.027577305752047643 0.001931856645379898 -0.0059832249948906478 -0.017366678386517398 -0.027672738433278055 0.0031685213919645226 0.0419792466990941 -0.005613098088055009 0.041695798618295379 0.046427753334598275 -0.0038053897591194714 0.015791168118847662
leaf_weight=692.02466050162911 5293.9412229554728 34860.1185933128 306.3835481358692 1216.2187302401289 133.10295480769128 1363.5144436340779 290.44348740577698 1211.8464689748362 165.37869161460549 4651.5292595131323 169.35645931214094 168.77222397830337 374.12011651322246 377.68595202919096
leaf_count=62607 111444 222442 2954 16103 2119 30640 6078 23188 2791 118579 3202 3289 8674 6741
internal_value=3.3489e-05 0.000336892 -0.00213772 0.00723859 -0.0031475 -0.00589641 -0.00324849 -0.000213746 0.0210906 -0.00121135 0.0081583 -0.00371364 0.0123682 -0.00195122
internal_weight=51274.4 50582.4 15722.3 1522.6 14199.7 7325.59 5962.07 6874.11 298.482 6575.62 1381.2 5194.42 542.892 5671.63
internal_count=620851 558244 335802 19057 316745 154903 124263 161842 4910 156932 26390 130542 11963 118185
is_linear=0
shrinkage=0.05


Tree=75
num_leaves=15
num_cat=0
split_feature=0 27 0 69 74 0 70 8 27 84 4 57 69 27
split_gain=121.298 62.6298 85.9639 60.5294 33.5803 34.6876 39.4796 33.0356 33.8412 53.5022 44.8764 32.3355 30.5885 29.9938
threshold=0.0168897919356823 0.69710588455200206 0.025167141109704975 -0.13803395628929135 -0.021305794827640053 0.068477924913167967 -0.00085366502753458906 1.0000000180025095e-35 1.52044153213501 1.5000000000000002 0.14166667312383655 0.046876288950443275 0.071688499301671996 1.0544887185096743
decision_type=2 2 2 8 2 2 2 2 2 2 8 8 8 2
left_child=13 2 -2 -4 -5 6 12 8 10 -10 -3 -11 -6 -1
right_child=1 7 3 4 5 -7 -8 -9 9 11 -12 -13 -14 -15
leaf_value=-0.027635585715835409 -0.017401242749621439 -0.0023123261705630112 0.020793757310903452 -0.017551704231764421 -0.0027325909354219773 0.0034735578224007061 -0.005661420838556943 0.0060205617559240046 -0.0011594556526861178 0.013825626159079433 0.0017784556427486672 0.0041645917844246542 0.0074076914179958047 -0.0076341562523626928
leaf_weight=450.25198354478925 908.66809996869415 10986.579859483056 286.40219628810883 330.96295030042529 1811.99469550699 2565.7108139395714 5526.4957486987114 3485.9664292568341 2621.1048543136567 1494.4778416287154 17165.325711488724 2071.9682295266539 1247.1849812865257 333.37825942225754
leaf_count=50633 41237 198858 1362 2287 16996 12584 54112 44698 22300 15118 110368 14647 11753 23927
internal_value=6.57834e-05 0.000370504 -0.00266962 -0.00151838 -0.00209252 -0.00161839 -0.00314232 0.00138986 0.000918155 0.00426301 0.00018173 0.00824027 0.00141213 -0.0193298
internal_weight=51286.5 50502.8 12677.4 11768.8 11482.3 11151.4 8585.68 37825.4 34339.5 6187.55 28151.9 3566.45 3059.18 783.63
internal_count=620880 546320 140331 99094 97732 95445 82861 405989 361291 52065 309226 29765 28749 74560
is_linear=0
shrinkage=0.05


Tree=76
num_leaves=15
num_cat=0
split_feature=2 27 71 71 73 2 4 71 71 27 27 73 9 63
split_gain=126.79 60.9754 81.5942 74.3658 98.871 71.7213 49.1319 44.9281 50.4388 43.7583 40.1914 34.2148 30.3245 29.7747
threshold=0.015513073187321426 1.0324244499206545 -0.0013038911274634299 -0.0031737261451780792 0.21545944362878802 0.063216473907232298 0.058333335444331176 -0.0090665640309452993 -0.0096941473893821222 1.3586016893386843 0.44336850941181188 0.61054381728172313 0.017862708307802681 0.21053750813007358
decision_type=2 2 2 2 2 2 10 2 2 2 2 2 2 8
left_child=9 2 3 7 -5 6 -4 8 -2 -1 -8 12 13 -9
right_child=1 -3 5 4 -6 -7 10 11 -10 -11 -12 -13 -14 -15
leaf_value=-0.026070460109319096 0.0020054373311155808 0.0025265971083177005 -0.010844922362828703 0.047286381460869664 0.0078158865474788949 0.0031594996678934745 -0.013820289988118576 0.0072252258843374939 0.025731532877208599 0.00091330763875070188 -0.0025448824935592074 -0.012504994582597073 0.010940177849353997 -0.0092005749680880971
leaf_weight=608.64113901741803 7538.6761146280915 19505.653523695655 2575.8389629814774 174.40725655481219 1185.6654818905517 3736.9981431812048 836.72569513320923 382.54714248795062 220.99109290074557 197.56163364835083 12050.621594455093 926.91971355676651 417.66885339654982 926.3890839451924
leaf_count=61831 72303 189053 86145 969 14789 18505 8667 4570 2510 10721 123164 12231 3977 11803
internal_value=2.14614e-05 0.00033749 -0.00104148 0.00223459 0.0131855 -0.00305044 -0.00455227 0.000793008 0.00271339 -0.0195279 -0.0032871 -0.00481185 -0.000633594 -0.00438162
internal_weight=51285.3 50479.1 30973.4 11773.3 1360.07 19200.2 15463.2 10413.2 7759.67 806.203 12887.3 2653.52 1726.61 1308.94
internal_count=621238 548686 359633 123152 15758 236481 217976 107394 74813 72552 131831 32581 20350 16373
is_linear=0
shrinkage=0.05


Tree=77
num_leaves=15
num_cat=0
split_feature=0 68 71 71 71 68 73 68 71 14 14 71 14 71
split_gain=129.849 40.3091 61.2635 66.9406 72.7034 56.9724 56.1083 58.537 52.449 64.0037 50.7386 48.6145 54.6324 54.063
threshold=0.018091415055096153 0.044384431093931205 -0.0090665640309452993 0.016262301243841652 0.017263500019907955 0.042728703469038017 0.79234716296195995 0.034527590498328216 0.035511596128344543 -0.017049449495971199 -0.1347958445549011 0.02350313309580088 0.095658272504806532 0.030089153908193115
decision_type=2 8 2 2 2 10 2 10 2 10 8 2 10 2
left_child=-1 5 -3 -4 -5 6 10 -8 11 -10 -2 -6 13 -13
right_child=1 2 3 4 8 -7 7 -9 9 -11 -12 12 -14 -15
leaf_value=-0.016881702472610491 0.0041468330008304867 0.013896143613581985 -0.0089610216835229236 0.02406525960641127 -0.0042599950851121568 0.014905968858234572 0.031281534810798289 0.0041984511108898075 -0.021374578380223511 0.0079852565500187281 -0.00053335552013464012 0.026085745198917338 -0.0079429953085687292 0.0017513474747879948
leaf_weight=1130.9130410701036 6996.9194784620777 490.91375296842307 3707.929960982874 290.06460308749229 1499.0217341938987 693.87378172948956 281.09348858240992 646.51962462533265 588.2248366875574 262.81227914243937 33361.958454845473 506.73166605271399 339.61691248230636 411.57088675815612
leaf_count=98844 46340 3652 41076 3132 15803 7733 3152 6817 5125 2673 373916 5503 3098 4015
internal_value=-0.000202656 0.000177308 -0.00305057 -0.00416118 0.000415815 0.000800458 0.000559845 0.0126515 -0.00154675 -0.0123204 0.000278864 0.00181146 0.00902316 0.0153157
internal_weight=51208.2 50077.3 8096.89 7605.97 3898.04 41980.4 41286.5 927.613 3607.98 851.037 40358.9 2756.94 1257.92 918.303
internal_count=620879 522035 84077 80425 39349 437958 430225 9969 36217 7798 420256 28419 12616 9518
is_linear=0
shrinkage=0.05


Tree=78
num_leaves=15
num_cat=0
split_feature=4 71 72 74 74 10 4 71 74 68 71 68 71 74
split_gain=105.661 51.9046 35.8377 86.9614 98.9836 77.9797 63.1924 70.6158 59.9782 66.6935 56.4939 54.5125 50.718 67.0104
threshold=0.025000001303851608 -0.054346878081560128 0.0090500498190522211 0.011013411451131107 -0.00033412370248697693 -0.020015382207930085 0.14166667312383655 0.0019063210929743948 0.011784493923187258 0.021298673003911976 0.023918393999338153 -0.017931400798261162 -0.0099878339096903784 -0.0030321809463202949
decision_type=8 2 8 2 2 2 8 2 2 10 2 10 2 2
left_child=1 -1 3 4 5 -2 7 -4 -5 -10 12 -6 13 -7
right_child=2 -3 6 8 11 10 -8 -9 9 -11 -12 -13 -14 -15
leaf_value=0.019084530246888519 -0.00048410733527130833 -0.0096965058475534417 -0.00029357804092242269 0.036976748519763347 0.020828956407874012 0.010408222853409341 0.00095186048669009676 -0.010127645065099803 0.025909886105521168 0.0022171596116071033 0.031902829891077115 -0.0026808446357436456 0.0051510684985567757 0.041050367062957463
leaf_weight=155.26523374952376 4227.7579460870475 3339.143313032575 4229.4671961017884 218.35836203210056 242.53757046628743 811.9974090824835 17699.145949331112 3202.475227850955 412.31703310552984 1008.4901924375445 235.63045159447938 10571.772389496211 4745.8157949289307 223.0851966412738
leaf_count=1833 36693 157445 48354 2237 2300 8793 109533 50623 3949 10539 2666 124662 59554 2654
internal_value=1.36092e-05 -0.00836688 0.000627515 0.00206724 0.00120075 0.00472057 -0.000673113 -0.00453906 0.0131244 0.0092258 0.00837258 -0.00213482 0.00736005 0.0173419
internal_weight=51323.3 3494.41 47828.9 22697.8 21058.6 10244.3 25131.1 7431.94 1639.17 1420.81 6016.53 10814.3 5780.9 1035.08
internal_count=621835 159278 462557 254047 237322 110360 208510 98977 16725 14488 73667 126962 71001 11447
is_linear=0
shrinkage=0.05


Tree=79
num_leaves=15
num_cat=0
split_feature=4 71 84 71 74 68 71 74 74 71 71 74 68 72
split_gain=84.2235 67.6913 62.3491 78.7335 67.0376 87.6853 73.1415 83.0384 95.4099 135.91 68.331 64.4754 92.515 67.2368
threshold=0.025000001303851608 -0.051636332646012299 3.5000000000000004 0.032854339107871063 -0.017551141791045662 -0.055479455739259713 0.038312071934342391 -8.7083477410487817e-05 -0.0017844653339125214 -0.0011099837720394132 0.045195298269391067 0.010788062121719124 0.051224941387772567 0.0081565170548856276
decision_type=8 2 2 2 2 10 2 2 2 2 2 2 10 10
left_child=1 -1 3 11 5 -4 7 8 -6 -10 -8 -2 13 -13
right_child=2 -3 4 -5 6 -7 10 -9 9 -11 -12 12 -14 -15
leaf_value=0.020597255398748134 0.0013210078389268621 -0.0091554629932015397 0.0037746060926971319 -0.0059341268336988596 -0.0011213483177268007 -0.031681293680809734 0.034123535969483205 -0.0075739062721728052 0.053122438308404088 0.0043748594425348742 -0.0026299162945517488 0.02230447728237854 -0.012099807748593655 0.0067551769318438138
leaf_weight=193.71376293059438 29746.997097285464 3267.4634710899554 286.59885809384286 3221.1321941888891 3274.9497882327996 427.77110967040062 256.28796231932938 4433.6090458887629 198.27320076804608 462.67695841612294 238.30203112075105 842.92679673712701 540.75119035923854 3863.6676394655369
leaf_count=2325 298393 156750 1722 27495 31182 3422 2255 45185 2039 4852 1979 8711 4684 30734
internal_value=8.444e-05 -0.00743573 0.000630483 0.00153465 -0.00297473 -0.017601 -0.00177748 -0.00288885 0.00239446 0.0195721 0.0167139 0.00222363 0.0073283 0.00958136
internal_weight=51255.1 3461.18 47793.9 38215.5 9578.47 714.37 8864.1 8369.51 3935.9 660.95 494.59 34994.3 5247.35 4706.59
internal_count=621728 159075 462653 370017 92636 5144 87492 83258 38073 6891 4234 342522 44129 39445
is_linear=0
shrinkage=0.05


Tree=80
num_leaves=15
num_cat=0
split_feature=4 27 68 74 4 27 74 71 68 72 71 84 71 71
split_gain=89.637 58.0839 68.3071 115.166 72.0274 43.5563 42.842 46.9883 35.0825 61.8733 34.1999 33.7331 37.3838 72.5373
threshold=1.0000000180025095e-35 0.86445564031600963 -0.073404144495725618 -0.0026571019552648063 0.091666668653488173 1.2400503158569338 -0.04474180564284324 -0.099525623023509965 -0.017931400798261162 0.012924190610647203 -0.077233579009771333 3.5000000000000004 -0.022128229029476639 -0.0090665640309452993
decision_type=8 2 8 2 8 2 2 2 10 10 2 2 2 2
left_child=5 2 3 -2 8 -1 -3 -8 9 -4 -9 -6 -13 -14
right_child=1 6 4 -5 11 -7 7 10 -10 -11 -12 12 13 -15
leaf_value=-0.018153533894954919 0.025005512242433543 -0.015082536596587521 0.018618368797529799 -0.0071997002830910834 0.00040935302369951858 -0.00015510414718436692 0.023664163933187432 -0.016262793425825772 -0.010666619579966853 -0.010700677080103672 0.002215833050795377 -0.020444708877228712 0.015667995144067512 -0.0063453722287503391
leaf_weight=967.54427915904671 610.61287236679345 351.58099433220923 299.44812522921711 495.7997389882803 13907.446229204535 512.56823075376451 243.76647690404207 242.89271887671202 3036.6765774497762 420.15294074174017 26654.895277381875 346.19709357619286 424.08840546105057 2715.4656498683617
leaf_count=67196 3440 2081 5787 2747 108965 17558 1250 1405 99561 7131 276177 2278 3104 22071
internal_value=0.000120158 0.000481997 -0.00141652 0.0106387 -0.00205191 -0.0119635 0.00201882 0.00224582 -0.00832101 0.00158784 0.00204299 -0.00069401 -0.00508479 -0.00333152
internal_weight=51229.1 49749 22255.9 1106.41 21149.5 1480.11 27493.1 27141.6 3756.28 719.601 26897.8 17393.2 3485.75 3139.55
internal_count=620751 535997 255084 6187 248897 84754 280913 278832 112479 12918 277582 136418 27453 25175
is_linear=0
shrinkage=0.05


Tree=81
num_leaves=15
num_cat=0
split_feature=2 27 0 2 1 74 27 59 8 73 5 74 21 28
split_gain=100.707 49.9045 69.3372 49.0594 44.7972 38.0227 32.617 31.0325 28.045 27.2945 22.5857 43.4578 29.9519 27.3015
threshold=0.015251881908625366 1.0281833410263064 0.025167141109704975 0.063216473907232298 0.039925035089254386 -0.04474180564284324 1.7240964174270632 5.5000000000000009 1.0000000180025095e-35 0.68564194440841686 1.2225165963172915 -0.01344077894464135 11.867997646331789 1.6487020254135134
decision_type=2 2 2 2 8 2 2 8 2 2 2 2 10 2
left_child=6 2 -2 4 8 -3 -1 10 9 -4 12 -12 -7 -14
right_child=1 5 3 -5 -6 7 -8 -9 -10 -11 11 -13 13 -15
leaf_value=-0.022573832417118234 -0.0086797398670333589 -0.015558796383598226 0.0001168090773606693 0.0037494479082269198 -0.006152609099000915 -0.0023142245306669142 0.010912646022906404 -0.0066743259030444708 0.0051018493014012376 -0.0047533751784546024 0.019563110716444256 0.0040326568562331659 0.0037603651355812024 -0.0068010339474980364
leaf_weight=618.42769698472694 2686.6246782038361 287.03264745697379 12279.216032139957 5929.7291128188372 3996.867308633402 3043.4010005835444 76.229358186013997 876.2182048484683 2104.7057094182819 3746.9726678784937 540.06228410080075 2536.7940261270851 11786.621584272943 636.41135597508401
leaf_count=63586 123416 1733 122543 28797 24761 26905 4050 4564 21166 40389 3712 19785 130467 5292
internal_value=-2.49228e-05 0.000237216 -0.00102171 -0.000285593 -0.0013681 0.00220079 -0.0187964 0.00247116 -0.000310563 -0.00102411 0.00290667 0.00681317 0.00212562 0.00321429
internal_weight=51145.3 50450.7 30744.1 28057.5 22127.8 19706.5 694.657 19419.5 18130.9 16026.2 18543.3 3076.86 15466.4 12423
internal_count=621166 553530 361072 237656 208859 192458 67636 190725 184098 162932 186161 23497 162664 135759
is_linear=0
shrinkage=0.05


Tree=82
num_leaves=15
num_cat=0
split_feature=2 22 4 70 68 68 67 64 64 64 68 73 68 73
split_gain=91.7727 45.9707 38.3537 44.668 44.8775 43.953 26.8959 27.477 25.843 24.755 23.5043 35.0884 89.0119 51.7073
threshold=0.014430388342589142 92.328727722167983 0.058333335444331176 -0.044312106445431702 -0.16844028234481809 -0.073404144495725618 -0.059670416638255112 0.020413272082805637 -0.0080823609605431539 0.071665063500404372 0.063508495688438429 0.77486974000930797 0.034527590498328216 0.68564194440841686
decision_type=2 8 8 2 8 10 2 2 2 2 8 2 10 2
left_child=-1 2 5 -4 -5 8 -7 -8 -2 -3 11 13 -13 -6
right_child=1 9 3 4 10 6 7 -9 -10 -11 -12 12 -14 -15
leaf_value=-0.02091233556318409 -0.00071221812888342252 -0.011543138093445206 -0.016305636394996919 0.018803339308099104 0.0018289095929057105 0.023821089210004913 -0.0057777019509781128 0.0023988940068989106 0.022236475213032528 -0.00097830973677237435 -0.0041252913371862812 0.03085503674167242 0.0036011598338758126 -0.0034766757058183415
leaf_weight=505.48649899987504 226.85495544224977 1204.3171171294525 351.31780818477273 355.19887366890907 30152.273251110688 76.984412586316466 5293.2893766029738 1268.3958158176392 255.60633798316121 1024.092883666046 1965.1460598474368 326.40214912500232 2776.9736514016986 5407.5110914390534
leaf_count=52665 1671 24436 1983 1528 234355 736 161010 34988 2626 8142 16885 3021 25865 50803
internal_value=7.81111e-05 0.000291537 0.00061503 0.001199 0.001353 -0.00277159 -0.00383566 -0.00419589 0.0116506 -0.006714 0.00119585 0.0014673 0.00655752 0.00102135
internal_weight=51189.9 50684.4 48456 41334.8 40983.5 7121.13 6638.67 6561.69 482.461 2228.41 40628.3 38663.2 3103.38 35559.8
internal_count=620714 568049 535471 334440 332457 201031 196734 195998 4297 32578 330929 314044 28886 285158
is_linear=0
shrinkage=0.05


Tree=83
num_leaves=15
num_cat=0
split_feature=2 27 0 27 2 72 69 69 69 74 74 69 69 69
split_gain=95.5399 51.2491 76.5341 51.3076 41.119 91.7064 56.3246 39.2448 62.7663 55.339 53.4495 48.903 74.0554 45.7818
threshold=0.01457283226773143 1.2807677388191225 0.025279863737523559 0.70007881522178661 0.065997771918773665 0.02781627140939236 -0.13803395628929135 0.046791307628154762 0.049500988796353347 -0.0078776418231427652 -0.018727028742432591 0.098958186805248274 0.093903917819261565 -0.017013531178236004
decision_type=2 2 2 2 2 8 8 10 10 2 2 10 10 10
left_child=-1 2 3 -2 5 6 -4 13 -9 10 -10 12 -11 -8
right_child=1 -3 4 -5 -6 -7 7 8 9 11 -12 -13 -14 -15
leaf_value=-0.021004678269060304 -0.017272518843114062 0.0032829593990945077 0.017982380305977607 -0.0039128339791193439 0.0038489744223944079 -0.017526937400692885 0.00059747893329450139 0.02151517611665163 -0.0092962788802244973 0.00057126051748463455 0.011979389929034507 -0.0038265369473732208 0.017038047052474026 -0.0053751827929003834
leaf_weight=522.36198127595708 949.83271651109681 11129.475703889504 411.74391905963421 2897.3748581088148 6242.6062883883715 770.43499422818422 6252.1193823553622 363.89002062380314 348.41512915492058 6326.9219462256879 1714.3311235867441 5838.8355646617711 755.48315975815058 6576.7451665420085
leaf_count=55139 47909 101955 2420 119941 30056 5847 52269 3547 2814 61500 14806 54148 7053 61062
internal_value=6.63645e-05 0.000288091 -0.000557454 -0.00724742 0.000167316 -0.000616562 -0.000154872 -0.000426196 0.0012795 0.00077405 0.00835824 -0.000442217 0.00234933 -0.00246622
internal_weight=51100.6 50578.2 39448.7 3847.21 35601.5 29358.9 28588.5 28176.7 15347.9 14984 2062.75 12921.2 7082.41 12828.9
internal_count=620466 565327 463372 167850 295522 265466 259619 257199 143868 140321 17620 122701 68553 113331
is_linear=0
shrinkage=0.05


Tree=84
num_leaves=15
num_cat=0
split_feature=2 84 71 74 74 74 84 74 71 14 74 69 69 72
split_gain=71.4401 53.1546 74.6977 72.1768 69.9328 70.7779 68.0109 76.8937 123.402 112.446 100.152 161.632 73.5707 70.3833
threshold=0.012930274009704592 3.5000000000000004 0.032854339107871063 0.010788062121719124 0.022791717201471332 0.0092928931117057818 1.0000000180025095e-35 -0.0034131088759750123 0.028925438411533836 -0.030425189994275566 -0.0051370235159993163 -0.019502871669828888 0.076374165713787093 0.018020819872617725
decision_type=2 2 2 2 2 2 2 2 2 8 2 8 10 10
left_child=-1 2 3 6 5 -4 13 10 -9 -10 -8 -12 -13 -2
right_child=1 -3 4 -5 -6 -7 7 8 9 -11 11 12 -14 -15
leaf_value=-0.024765068092954517 -0.0020143496580224064 -0.0030745671496989696 -0.0031900807785673656 0.006893876839346863 0.013350513485657909 -0.019548388318411436 0.0031139362934419711 -0.0012307621918081285 0.049200326358067967 0.0027359992687025947 0.057415275802145664 -0.002358141508685714 0.020320291795782864 -0.019618769645776961
leaf_weight=279.09437633585185 6883.6587184420787 10146.868877414148 1900.5665862942114 5494.313763522543 392.44970915326849 1008.1530501688831 8181.8897540736943 14015.370338911191 224.53410770418122 295.55612875334918 202.11199623998255 626.33980952668935 817.72202781075612 609.18017207458615
leaf_count=31181 85985 118377 19187 52436 2707 9229 83237 186882 1993 3965 1763 9457 10099 4226
internal_value=1.99534e-05 0.000160973 0.000969134 0.00160682 -0.00622898 -0.00890737 0.00069308 0.00197426 -0.000335963 0.0233454 0.0053879 0.016603 0.0105353 -0.00346986
internal_weight=51077.8 50798.7 40651.8 37350.7 3301.17 2908.72 31856.4 24363.5 14535.5 520.09 9828.06 1646.17 1444.06 7492.84
internal_count=620724 589543 471166 440043 31123 28416 387607 297396 192840 5958 104556 21319 19556 90211
is_linear=0
shrinkage=0.05


Tree=85
num_leaves=15
num_cat=0
split_feature=0 27 0 0 84 5 27 9 69 11 69 69 69 58
split_gain=63.1715 55.2864 64.0221 35.145 39.414 37.7183 33.9249 32.6752 32.5397 33.8438 32.4942 77.4084 30.6069 31.8062
threshold=0.015373909380286934 1.3269469141960146 0.026590641587972644 0.06228147633373738 1.5000000000000002 1.2883816957473757 0.70319247245788585 -0.036966508254408829 -0.13803395628929135 -0.21958191692829129 0.13689920306205752 0.14863986521959308 0.12180290371179582 -0.012219019699841736
decision_type=2 2 2 2 2 2 2 2 8 8 10 10 10 2
left_child=-1 2 6 4 5 12 -2 -6 9 -4 -8 -12 13 -3
right_child=1 3 8 -5 7 -7 10 -9 -10 -11 11 -13 -14 -15
leaf_value=-0.019562496854869934 -0.013283755330828354 0.0090405520852194273 -0.002978687421085327 -0.0025546352090374323 0.0011765259988136224 0.013652631910897507 -0.0046950202274759377 0.010337394633564119 -0.00034947388757603154 0.014609422268053797 0.054775716934229272 -0.013150354887666258 0.014221573859287732 -0.0056348831867929806
leaf_weight=405.87628790689632 1225.8970928392373 434.38602566625923 429.07414343953133 2039.5326378643513 1369.338384270668 467.33863195870072 3691.5609264662489 3380.286349311471 34317.917796835303 730.48114635422826 66.864279938861728 85.646576680243015 269.61422920972109 2188.8164264280349
leaf_count=47965 56271 3602 1921 9949 10864 3810 138115 37752 274446 3805 2211 2842 2720 24592
internal_value=-0.000154781 4.42405e-06 -0.000821805 0.00330285 0.00477728 0.000629319 -0.00607164 0.0077043 -7.00691e-05 0.00813141 -0.00374316 0.0181681 -0.0015144 -0.00317962
internal_weight=51102.6 50696.8 40547.4 10149.3 8109.78 3360.16 5069.97 4749.62 35477.5 1159.56 3844.07 152.511 2892.82 2623.2
internal_count=620865 572900 479611 93289 83340 34724 199439 48616 280172 5726 143168 5053 30914 28194
is_linear=0
shrinkage=0.05


Tree=86
num_leaves=15
num_cat=0
split_feature=2 27 4 71 8 2 2 71 1 27 5 2 2 27
split_gain=76.3847 50.9577 42.0342 43.0065 36.4336 32.9593 32.1316 67.0121 55.3764 36.7814 32.4957 49.5682 31.0216 31.7872
threshold=0.01457283226773143 0.5853354036808015 0.34166666865348821 -0.0099878339096903784 1.0000000180025095e-35 0.040291009470820434 0.039973914623260505 -0.099525623023509965 0.028959906660020355 1.792612671852112 1.3450925350189211 0.031319400295615203 0.020634417422115806 0.81511446833610546
decision_type=2 2 8 2 2 2 2 2 8 2 2 2 2 2
left_child=-1 2 3 -2 6 -6 7 -3 9 12 11 -10 13 -9
right_child=1 4 -4 -5 5 -7 -8 8 10 -11 -12 -13 -14 -15
leaf_value=-0.019276831374333829 0.0031309515472682523 0.02992790259085347 0.0012660723514632002 -0.0092308051286228016 0.0086616048104714294 -0.00074891118049736141 0.0018620014048672841 -0.018126750136330274 -0.021907783097292868 0.0070858705436049572 0.0073584487022785444 -0.0056260429403030702 -2.782470789650761e-05 -0.0031345736757143541
leaf_weight=499.79171578492969 873.84866222552955 163.80656849965453 2582.4417695384473 3512.6955686155707 2608.9239134239033 1440.8568286076188 18560.298523742706 458.6089468379505 572.11676777619869 1598.3733614059165 340.19272077269852 2439.8880945295095 13995.716023376212 1464.5090747126378
leaf_count=55430 9279 1056 13848 52608 46604 7809 100744 30606 7246 18700 2436 18866 191387 64882
internal_value=-1.92941e-05 0.000174643 -0.0037925 -0.00676668 0.000808842 0.00531987 0.000346209 -0.000991617 -0.00124853 -0.000120344 -0.00712605 -0.00878095 -0.000847898 -0.00678506
internal_weight=51112.1 50612.3 6968.99 4386.54 43643.3 4049.78 39593.5 21033.2 20869.4 17517.2 3352.2 3012 15918.8 1923.12
internal_count=621501 566071 75735 61887 490336 54413 435923 335179 334123 305575 28548 26112 286875 95488
is_linear=0
shrinkage=0.05


Tree=87
num_leaves=15
num_cat=0
split_feature=2 71 68 71 71 68 68 68 58 23 73 68 58 71
split_gain=61.0849 33.049 40.6436 98.783 77.206 93.6789 47.9423 69.2524 92.7409 77.7657 43.1846 42.4902 39.4748 44.2346
threshold=0.013309699017554523 0.048369815573096282 -0.070425093173980699 -0.0073139155283570281 -0.0302647091448307 -0.080667227506637559 -0.052199009805917733 -0.040576038882136338 -0.0069478314835578195 -0.0055625007953494779 0.28502207994461065 -0.045510644093155854 -0.03161524981260299 -0.051636332646012299
decision_type=2 2 8 2 2 10 10 10 2 2 2 10 2 2
left_child=-1 2 3 4 5 12 -4 8 10 -10 -8 -11 -2 -14
right_child=1 -3 6 -5 -6 -7 7 -9 9 11 -12 -13 13 -15
leaf_value=-0.021891224556394001 -0.014089856569722331 -0.0071760922549040894 -0.007366522288532339 0.022335142324516291 -0.018798394167854018 0.028011064209531006 -0.01960760728588316 1.8204492344582819e-06 0.00057427274215521708 0.016215901296661672 0.0073101641800629993 0.040504880034721316 0.0095090907864632691 -0.010360889557142585
leaf_weight=304.43311068695039 369.19902007654309 1458.7808516309597 2067.7416169857606 699.80760625191033 395.35532714705914 356.47337593650445 287.20079697435722 42299.062145292293 408.97833031555638 415.32150674797595 290.89431031374261 342.61322221672162 1014.173381280154 376.33330545108765
leaf_count=35860 2016 11941 17154 4133 2593 2526 2191 521677 3651 3483 2074 3406 5738 2266
internal_value=7.89187e-05 0.000214912 0.000434918 0.00586472 0.00120507 0.00501305 5.55836e-05 0.000405623 0.010138 0.0182003 -0.00616875 0.0275799 0.000222264 0.0040958
internal_weight=51086.4 50781.9 49323.2 3211.34 2511.53 2116.18 46111.8 44044.1 1745.01 1166.91 578.095 757.935 1759.71 1390.51
internal_count=620709 584849 572908 19272 15139 12546 553636 536482 14805 10540 4265 6889 10020 8004
is_linear=0
shrinkage=0.05


Tree=88
num_leaves=15
num_cat=0
split_feature=2 72 71 60 69 69 68 68 68 71 68 69 74 68
split_gain=63.4731 40.6103 77.7511 63.9187 55.7018 58.2587 44.5929 89.9208 51.6176 106.174 59.5189 76.7881 73.5351 90.0481
threshold=0.016246253624558452 0.02781627140939236 -0.099525623023509965 4.5000000000000009 -0.13803395628929135 -0.13153804093599317 -0.093524657189846025 -0.073404144495725618 -0.059850327670574181 -0.0059466136153787366 -0.017931400798261162 0.06216005980968476 0.017736335285007957 -0.0024913050001487132
decision_type=2 8 2 10 8 8 8 8 8 2 8 8 2 8
left_child=-1 2 -2 -3 -4 -6 -7 -8 9 -9 11 -10 -12 -14
right_child=1 3 4 -5 5 6 7 8 10 -11 12 -13 13 -15
leaf_value=-0.013050015421161909 0.029126280503059383 -0.018137680950328052 0.015374193373812709 -0.0005062178501978198 -0.023453629370500786 -0.021469531909940595 0.017789575919773089 -0.024480471179080889 0.0036084923914509329 0.013202141254391887 -0.00094164699477893542 0.032232343439378433 0.031480268433318546 0.0038913550480294762
leaf_weight=913.54627987695858 225.91245826147497 752.64963746536523 599.08459333237261 1578.6746342927217 249.84685606136918 224.33881144784391 721.43450785987079 558.5624352125451 6650.8540484160185 270.77973702549934 36109.120129456744 233.12530547939241 352.19056231249124 1634.0465705636889
leaf_count=87173 1279 5996 3506 7906 1815 1349 4763 4282 61008 2021 420137 2202 3259 14048
internal_value=-6.10568e-05 0.000178058 0.000492695 -0.00625155 0.000350719 0.000156011 0.000287164 0.000396652 0.00011891 -0.0121664 0.000348085 0.00462318 -0.000425453 0.00891649
internal_weight=51074.2 50160.6 47829.3 2331.32 47603.4 47004.3 46754.5 46530.1 45808.7 829.342 44979.3 6883.98 38095.4 1986.24
internal_count=620744 533571 519669 13902 518390 514884 513069 511720 506957 6303 500654 63210 437444 17307
is_linear=0
shrinkage=0.05


Tree=89
num_leaves=15
num_cat=0
split_feature=2 84 71 71 71 1 58 68 71 68 68 58 2 84
split_gain=54.3665 41.9175 71.8621 63.2996 44.754 72.7596 51.0823 39.0956 47.3355 51.3936 97.2049 86.8548 67.9071 52.9486
threshold=0.01457283226773143 3.5000000000000004 0.038312071934342391 0.047184959053993232 -0.051636332646012299 0.020690243691205982 -0.02039026282727718 -0.16844028234481809 0.035511596128344543 -0.052199009805917733 -0.040576038882136338 -0.0084977871738374216 0.061910465359687812 1.5000000000000002
decision_type=2 2 2 2 2 10 2 8 2 8 8 2 2 2
left_child=-1 4 -3 -4 5 -2 -7 -6 9 12 11 -11 -9 -13
right_child=1 2 3 -5 7 6 -8 8 -10 10 -12 13 -14 -15
leaf_value=-0.016717311980385376 0.029626314340497034 -0.0037936487293200915 0.028236515904227873 -0.0059279964745175343 0.022039489267495872 -0.011765137952220612 0.009789959152438521 -0.011636727069526173 -0.0057865581885662015 -0.0060914452277408644 0.00081062604683882508 0.011253953420625367 0.0083127899259578166 0.035459857255749683
leaf_weight=474.86588296154514 326.84778125490993 9545.5819869455881 328.81772740324959 221.08006012812257 199.16714918613434 378.10015505552292 935.15301286801696 1643.6677433042787 2884.2918364661746 354.49939931556582 32347.121379924007 491.00219472777098 566.78165622055531 431.63584837689996
leaf_count=55108 3274 108477 3061 1973 834 2111 4970 13093 26872 2527 387779 4348 2574 3893
internal_value=-5.41927e-05 0.000105289 -0.00277605 0.0146405 0.000822999 0.00888825 0.003542 0.000480915 0.000364357 0.000860913 0.00134707 0.0148222 -0.00650707 0.0228369
internal_weight=51128.6 50653.7 10095.5 549.898 40558.3 1640.1 1313.25 38918.2 38719 35834.7 33624.3 1277.14 2210.45 922.638
internal_count=620894 565786 113511 5034 452275 10355 7081 441920 441086 414214 398547 10768 15667 8241
is_linear=0
shrinkage=0.05


Tree=90
num_leaves=15
num_cat=0
split_feature=2 27 2 69 69 69 71 74 74 74 69 69 14 73
split_gain=52.0822 43.5821 56.3926 35.1254 66.8522 71.8496 88.9479 107.077 86.1333 56.2047 78.2272 53.0249 74.9464 56.6195
threshold=0.012930274009704592 0.63635143637657177 0.029972200281918052 0.061163321137428291 0.10023048147559167 0.09343582391738893 0.012652209028601648 -0.0091480384580790979 0.0016843355260789397 -0.0028125171083956953 0.15252932161092761 0.06252025812864305 0.024699841625988487 0.35579861700534826
decision_type=2 2 2 10 10 10 2 2 2 2 10 10 8 2
left_child=-1 2 -2 -3 5 11 7 -7 -8 10 -6 12 -5 -13
right_child=1 3 -4 4 9 6 8 -9 -10 -11 -12 13 -14 -15
leaf_value=-0.022137823860677724 -0.011332504980671636 -0.00029142578308738367 -0.00099977360961263123 0.039879381203395618 0.0029246128555397606 0.036370240915284645 0.058948989545619501 -0.00018186831878672381 0.016525404911045705 -0.0032028367070567154 0.034310525075992207 -0.013822982683946484 0.0012375279027828324 0.0035472663863776442
leaf_weight=249.36040914757177 1580.9138040374964 22907.790203936398 7782.7723326887935 223.72733679180965 2649.4730114750564 239.95627669338137 177.72789114713669 1009.3046341780573 363.9044711352326 6083.2225653366186 204.87769181793556 493.44957219110802 272.36871873075143 6912.4130235919729
leaf_count=31116 53812 247706 54383 3088 30132 2405 2377 12470 4302 72733 1944 4841 3961 96120
internal_value=0.000211332 0.000325144 -0.00275452 0.00101987 0.00263152 0.00550536 0.0145211 0.00707208 0.0312623 -0.000487853 0.00528933 0.00344628 0.0191077 0.00237281
internal_weight=51151.3 50901.9 9363.69 41538.2 18630.4 9692.85 1790.89 1249.26 541.632 8937.57 2854.35 7901.96 496.096 7405.86
internal_count=621390 590274 108195 482079 234373 129564 21554 14875 6679 104809 32076 108010 7049 100961
is_linear=0
shrinkage=0.05


Tree=91
num_leaves=15
num_cat=0
split_feature=2 27 2 68 72 71 72 68 71 71 68 71 74 74
split_gain=49.243 45.6418 44.7906 36.1068 33.8347 69.7834 56.5556 57.9956 51.8893 36.3162 41.1306 85.5621 89.5506 94.2611
threshold=0.01379971904680133 0.5853354036808015 0.030303426086902622 -0.018493258394300934 0.02781627140939236 -0.099525623023509965 0.032991603016853339 -0.04421288147568702 -0.024152942001819607 -0.077233579009771333 -0.070425093173980699 -0.0073139155283570281 -0.0026571019552648063 -0.017551141791045662
decision_type=2 2 2 8 8 2 10 10 2 2 8 2 2 2
left_child=-1 2 3 -2 5 -3 -6 8 -8 -7 11 12 13 -11
right_child=1 4 -4 -5 6 9 7 -9 -10 10 -12 -13 -14 -15
leaf_value=-0.018374434165068232 0.010663756164063702 0.028643861755321093 -0.0017585251675360639 -0.016009699016824818 -0.01992657437800768 -0.015096172510063195 -0.0062504704421478333 -0.016934141468131748 0.015321109743376492 -0.0064481194493890004 0.00081357179198788979 0.02867353483436369 -0.015970066611185423 0.031447644450545327
leaf_weight=347.97757224971429 138.42432220559567 219.26676687970757 5771.2275038585067 981.69684054236859 498.33886113483459 338.32673493213952 515.42216035909951 390.02924557123333 586.55029215849936 308.13728252332658 39826.965967370663 401.64888588571921 418.72846817970276 334.22605332359672
leaf_count=42916 2957 1233 39888 33890 3709 2065 2463 2695 2892 2118 476558 2598 2772 2330
internal_value=0.000104982 0.000235339 -0.0035443 -0.0126482 0.000830177 0.0011336 -0.00552302 -0.000611501 0.00526603 0.000981846 0.00111721 0.00932297 0.001799 0.0134491
internal_weight=51077 50729 6891.35 1120.12 43837.6 41847.3 1990.34 1492 1101.97 41628 41289.7 1462.74 1061.09 642.363
internal_count=621084 578168 76735 36847 501433 489674 11759 8050 5355 488441 486376 9818 7220 4448
is_linear=0
shrinkage=0.05


Tree=92
num_leaves=15
num_cat=0
split_feature=0 27 53 54 73 72 73 72 73 14 70 84 59 63
split_gain=48.2622 40.7533 42.8705 68.8527 59.4236 54.1207 59.3011 63.8176 41.5978 43.2965 34.1405 31.7266 30.8776 30.623
threshold=0.015668896958231929 1.7240964174270632 -0.31652121245861048 0.56514844298362743 0.063547253608703627 0.022701648063957695 0.31732429563999182 0.013159004505723717 0.29215690493583685 0.040420176461339004 -0.0034379301359876986 1.5000000000000002 1.5000000000000002 0.45836411416530615
decision_type=2 2 8 8 2 10 2 10 2 10 2 2 10 10
left_child=-1 2 -2 4 -4 6 8 -8 -6 -10 -5 -3 -13 -12
right_child=1 11 3 10 5 -7 7 -9 9 -11 13 12 -14 -15
leaf_value=-0.016996400454105661 0.0017411951380949986 -0.0001989720982193426 0.018050186955524853 0.0042170919168886874 -0.0003932978670719981 -0.01914135504882233 -0.003962777144140432 -0.014792448960370207 0.0029354555588494021 0.033143955100967855 -0.0038395500467947258 0.012086417512594228 0.00069264627129564859 0.0011192491354187085
leaf_weight=408.75980769377202 15461.674413457047 2021.1287455139682 281.21025507897139 4613.5762596884742 2047.8907126411796 616.63778474600986 7664.4239346380346 1647.8026113309897 281.26313981646672 197.88769285660237 5030.1614584857598 1704.9145210795105 912.20309642702341 8135.9330430617556
leaf_count=52477 102540 17477 1533 41484 24319 5235 181263 26417 3577 2440 52746 16274 5264 86951
internal_value=-9.19053e-05 4.79387e-05 -0.000403032 -0.00148964 -0.0042941 -0.00481263 -0.00405081 -0.0058929 0.00273383 0.015834 0.000520719 0.00450961 0.00813284 -0.000776757
internal_weight=51025.5 50616.7 45978.5 30516.8 12737.1 12455.9 11839.3 9312.23 2527.04 479.151 17779.7 4638.25 2617.12 13166.1
internal_count=619997 567520 528505 425965 244784 243251 238016 207680 30336 6017 181181 39015 21538 139697
is_linear=0
shrinkage=0.05


Tree=93
num_leaves=15
num_cat=0
split_feature=4 5 72 74 73 72 74 74 71 73 72 73 70 72
split_gain=46.1081 54.9994 38.5814 34.58 33.9773 66.7923 68.6797 64.3978 60.6497 45.1256 36.1796 64.1555 36.0978 40.5651
threshold=0.058333335444331176 1.2309579849243166 0.054642656818032272 -0.011729830410331486 0.68208155035972606 0.0071250530891120442 0.011013411451131107 0.0022944487864151601 0.021135608665645126 0.69210568070411693 0.0064342559780925521 0.74991038441658031 -0.0094763874076306803 0.0080920867621898668
decision_type=8 2 8 2 2 10 2 2 2 2 10 2 2 8
left_child=1 -1 4 -3 -2 6 7 8 -6 -7 -9 -12 -11 -14
right_child=2 3 -4 -5 5 9 -8 10 -10 12 11 -13 13 -15
leaf_value=-0.0053061641426043341 0.0014002870001134874 0.021336960839082771 -0.015956475709690238 0.00092678935102306112 0.0038784356911430382 -0.020218621754279274 0.023947886418079226 -0.010072038456267319 0.031933975663354743 -0.020407982527796735 0.025238416256824825 -0.0095091455282185124 -0.012863757200018361 -0.0011690342820348681
leaf_weight=6821.2990545374341 31958.487375845667 297.34077824931592 345.84912477806211 641.98604019870982 2275.7996821184643 454.28829214442521 340.68105082493275 1399.218961761333 200.95541098946705 307.26924273977056 219.87819104362279 305.93103118101135 873.76991542801261 4622.5679857260548
leaf_count=252414 250065 2848 1739 9786 23616 4045 3163 15242 2176 2670 2225 2994 8515 39122
internal_value=-0.000196602 -0.00374307 0.000439677 0.00754426 0.000575361 -0.00182033 0.00265207 0.000953309 0.00627403 -0.0052085 -0.00588941 0.00522113 -0.0040008 -0.00304817
internal_weight=51065.3 7760.63 43304.7 939.327 42958.8 11000.4 4742.46 4401.78 2476.76 6257.9 1925.03 525.809 5803.61 5496.34
internal_count=620620 265048 355572 12634 353833 103768 49416 46253 25792 54352 20461 5219 50307 47637
is_linear=0
shrinkage=0.05


Tree=94
num_leaves=15
num_cat=0
split_feature=2 68 72 68 74 58 2 63 68 2 72 58 68 74
split_gain=53.4525 39.1828 36.0553 51.9883 84.6383 100.937 51.1127 38.5534 38.3686 35.9621 62.2084 34.2158 31.5227 258.424
threshold=0.018543485552072528 0.059755168855190284 0.02781627140939236 -0.073404144495725618 -0.0026571019552648063 1.0000000180025095e-35 0.069301851093769087 0.3292775452136994 -0.052199009805917733 0.041292054578661926 0.0064169270917773255 0.014118242077529432 -0.040576038882136338 0.0021634352160617713
decision_type=2 8 10 10 2 2 2 10 10 2 8 2 10 2
left_child=-1 2 3 4 5 -2 11 8 -5 10 -3 -4 13 -9
right_child=1 9 6 7 -6 -7 -8 12 -10 -11 -12 -13 -14 -15
leaf_value=-0.0084144690201400484 0.007218047159308078 0.0082580434319205007 -0.018727759520050437 -0.012227372445010031 -0.0062780748903240868 0.03858336987980987 0.0014899864873826035 -0.0097861419141753204 -0.00091141478819461476 -9.2213635765330429e-05 -0.017921572907673513 0.0016580791924796494 0.0011647066542900268 0.026284739079188005
leaf_weight=1849.9107559788972 873.26285734213889 289.83880839496851 790.50878286920488 780.16253842692822 596.60887268930674 356.988087547943 1203.0458118915558 1016.4858062136918 14465.870130736381 1358.8658074885607 958.18806432932615 275.00309091433883 25243.443018189631 953.50930424407125
leaf_count=138848 5245 4274 6174 5911 3731 2164 5717 8241 143964 7676 12443 1693 267678 7268
internal_value=-9.40543e-05 0.000220683 0.000555203 0.000870607 0.00910616 0.0165572 -0.00557886 0.000514204 -0.0014981 -0.0057326 -0.0118244 -0.0134998 0.00164171 0.00771732
internal_weight=51011.7 49161.8 46554.9 44286.3 1826.86 1230.25 2268.56 42459.5 15246 2606.89 1248.03 1065.51 27213.4 1970
internal_count=621027 482179 457786 444202 11140 7409 13584 433062 149875 24393 16717 7867 283187 15509
is_linear=0
shrinkage=0.05


Tree=95
num_leaves=15
num_cat=0
split_feature=27 69 19 53 12 49 66 69 71 73 73 53 59 71
split_gain=36.08 37.8954 36.0654 31.7785 41.4755 31.3843 32.7613 30.4788 39.7785 24.6696 24.5765 26.2178 23.9548 25.303
threshold=0.69710588455200206 -0.13803395628929135 -0.0073120663873851291 -0.17490471154451367 0.14792279899120334 -0.025344554334878918 0.3886458575725556 0.065069861710071578 -0.040404157713055604 0.45168524980545049 0.68208155035972606 -0.23603487759828565 5.5000000000000009 0.0128715499304235
decision_type=2 8 8 10 10 2 8 10 2 2 2 8 8 2
left_child=1 -1 -2 12 7 6 10 8 -5 -10 11 -3 13 -4
right_child=2 5 3 4 -6 -7 -8 -9 9 -11 -12 -13 -14 -15
leaf_value=0.01481318337163157 -0.0021941077262127456 0.00083693345754646479 0.0018192605400434042 0.011787901407397189 0.0019785477923054046 -0.0096107701529403542 0.0043025450948816456 0.00031950076779410603 -0.0036025915833236945 -0.01339632186876609 -0.0080222419726122679 -0.0053520444251218373 -0.0042184301218975932 0.0060605592966700532
leaf_weight=293.90975672565401 9683.1011289558373 3942.3229926680215 10895.420944478828 237.79951011063531 6413.6355105508119 1585.3090483075939 1680.6966157765128 2243.5112733147107 1133.6635933993384 1505.6466806586832 2090.7840546797961 3010.5211930223741 1161.6279441881925 5192.4493522602133
leaf_count=1387 72551 29628 112409 3381 80298 42128 9948 68996 22851 48210 25201 48191 6204 49541
internal_value=-0.000316784 -0.00263741 0.000444051 0.001332 -0.000699373 -0.00306576 -0.00209019 -0.00405082 -0.007448 -0.0092191 -0.00328168 -0.00184668 0.00268995 0.00319108
internal_weight=51070.4 12603.5 38466.9 28783.8 11534.3 12309.6 10724.3 5120.62 2877.11 2639.31 9043.63 6952.84 17249.5 16087.9
internal_count=620924 156483 464441 391890 223736 155096 112968 143438 74442 71061 103020 77819 168154 161950
is_linear=0
shrinkage=0.05


Tree=96
num_leaves=15
num_cat=0
split_feature=0 27 4 71 71 73 69 69 73 71 68 72 74 69
split_gain=52.1156 33.9608 53.2364 47.5879 82.0857 73.4569 69.3279 131.907 93.805 62.0308 67.8486 49.4268 41.9338 62.4633
threshold=0.015814046375453476 1.486679255962372 0.34166666865348821 0.017263500019907955 0.016585333272814754 0.6620658040046693 0.060647334903478629 0.06419487297534944 0.15441858023405078 0.041819194331765182 0.025928060524165634 0.0071250530891120442 0.0098617724142968672 0.10394268110394479
decision_type=2 2 10 2 2 2 8 8 2 2 10 10 2 8
left_child=-1 2 3 4 5 -2 8 -8 -5 -9 -11 12 -7 -14
right_child=1 -3 -4 6 -6 11 7 9 -10 10 -12 -13 13 -15
leaf_value=-0.017337280168555898 0.00074339101320407708 0.0032866556309242866 0.0027466315665759769 0.014181231262656316 0.022706906927094674 -0.0034550842699199351 0.043779956077760696 -0.0045909327321563128 -0.012755649650545223 0.040121005818205088 -0.0019290777594161254 -0.010838274077527041 -0.0030725047569328395 0.040507323150532681
leaf_weight=420.72187091130763 19687.144285487477 7278.0905041107908 10238.639045049436 351.83768031653017 369.12609078269452 3088.4188256873749 153.40670108888298 3037.8764872192405 3141.9736798079684 161.60457372898236 215.55900520179421 2550.3624930977821 194.21126664057374 130.97064868547022
leaf_count=55204 253131 63370 52433 1903 5239 57267 2174 44375 40231 2013 2715 35577 3382 1886
internal_value=-1.85912e-05 0.000128807 -0.000402358 -0.00137747 -0.000388811 -0.000729884 -0.00501438 -0.000108659 -0.0100103 -0.00220224 0.0166592 -0.00558629 -0.00164225 0.0151646
internal_weight=51019.9 50599.2 43321.1 33082.5 26020.2 25651.1 7062.26 3568.45 3493.81 3415.04 377.164 5963.96 3413.6 325.182
internal_count=620900 565696 502326 449893 356482 351243 93411 51277 42134 49103 4728 98112 62535 5268
is_linear=0
shrinkage=0.05


Tree=97
num_leaves=15
num_cat=0
split_feature=2 84 74 70 84 69 70 74 74 69 70 70 69 69
split_gain=40.4922 39.2619 61.6853 60.6795 47.8015 74.5877 100.433 58.9975 91.7591 141.533 79.8078 108.491 103.501 178.542
threshold=0.012281622737646105 3.5000000000000004 -0.017551141791045662 -0.014729592483490704 1.0000000180025095e-35 -0.060337606817483895 0.017875641584396366 -0.0034131088759750123 -0.0051370235159993163 -0.019502871669828888 0.0025896272854879503 0.0028448036173358564 -0.063476167619228349 0.026432047598063949
decision_type=2 2 2 2 2 10 2 2 2 8 2 2 8 8
left_child=-1 4 -3 -4 5 -2 -7 8 -6 -10 -9 -12 -13 -14
right_child=1 2 3 -5 7 6 -8 10 9 -11 11 12 13 -15
leaf_value=-0.02329367651781547 -0.012705620980728008 -0.016171344263737449 0.017185412743559718 -0.0023446764084385893 0.0028193003119357505 -0.0014803480700379575 0.027011267031248551 -0.0033918792044742457 0.052752821087139606 0.0098481463352680654 0.028788703915015319 0.015250285218826862 -0.010571901439331469 0.00427571378303693
leaf_weight=174.22925684275106 1428.8233719528653 763.58293540449813 406.35315688326955 8903.8430668991059 8780.0922728101723 7806.3754978114739 312.04537722049281 8622.3775270762853 212.32297244202346 1483.3148050149903 381.65631160652265 1305.0966439340264 2739.2020736518316 7673.5017870259471
leaf_count=23835 13071 6098 3475 110021 89063 96216 2472 117728 1785 20304 4223 9118 26995 96884
internal_value=0.000105016 0.000189805 -0.00260366 -0.00147474 0.000880933 -0.00221332 -0.000353341 0.00182826 0.0048844 0.0154983 0.000281647 0.00290013 0.0020331 0.000363453
internal_weight=50992.8 50818.6 10073.8 9310.2 40744.8 9547.24 8118.42 31197.6 10475.7 1695.64 20721.8 12099.5 11717.8 10412.7
internal_count=621288 597453 119594 113496 477859 111759 98688 366100 111152 22089 254948 137220 132997 123879
is_linear=0
shrinkage=0.05


Tree=98
num_leaves=15
num_cat=0
split_feature=22 84 71 74 71 69 68 4 69 71 74 71 69 68
split_gain=45.6947 38.8525 55.8563 55.314 50.7216 64.5971 64.3408 48.5929 47.7592 47.112 44.88 72.887 156.293 63.4278
threshold=93.734519958496108 3.5000000000000004 0.038312071934342391 0.020043097436428074 0.032854339107871063 0.093903917819261565 -0.052199009805917733 0.30833333730697637 -0.0020994962542317803 0.047184959053993232 -0.017551141791045662 -0.0086274417117238027 0.03993549011647702 -0.055479455739259713
decision_type=10 2 2 2 2 10 8 10 10 2 2 2 10 10
left_child=1 4 3 10 -1 6 -6 -8 -4 -7 13 12 -12 -3
right_child=-2 2 8 -5 5 9 7 -9 -10 -11 11 -13 -14 -15
leaf_value=0.0013873652501602985 -0.0087490955308819184 0.002288313413765185 -0.0014748060761183245 -0.030862595259761018 0.0079933493256684231 -0.0030792043721841662 -0.018026453315562484 -0.0025730480405211104 0.028837396728461501 0.027663417981870542 -0.0049072932849115085 -0.0047250283201798748 0.022054038037076857 -0.027524494870399631
leaf_weight=36561.121490423568 1469.9438148592599 307.53552425047383 264.3377367798239 171.52704063151032 483.89397012768313 263.1520823747851 1310.6111388900317 833.5868759509176 243.84743707301095 223.71416086656973 1349.1752717108466 6233.832516909577 880.42233556229621 410.24328668555245
leaf_count=446932 24855 2033 2090 1292 3153 2910 16357 4707 2559 2309 13507 84497 10128 3859
internal_value=-9.16732e-05 0.000166938 -0.00264026 -0.00352221 0.000865117 -0.00524948 -0.00835022 -0.0120586 0.013346 0.0113194 -0.0029784 -0.00195136 0.00579012 -0.0148951
internal_weight=51006.9 49537 9860.92 9352.74 39676.1 3114.96 2628.09 2144.2 508.185 486.866 9181.21 8463.43 2229.6 717.779
internal_count=621188 596333 119965 115316 476368 29436 24217 21064 4649 5219 114024 108132 23635 5892
is_linear=0
shrinkage=0.05


Tree=99
num_leaves=15
num_cat=0
split_feature=0 69 69 68 70 71 71 68 74 69 6 74 73 71
split_gain=32.6969 31.8776 60.6633 73.0087 73.3196 80.265 67.4793 108.26 66.444 78.7079 53.3487 52.7751 52.3999 79.3757
threshold=0.015814046375453476 0.065669275820255293 0.074017386883497252 -0.0095438482239842398 -0.0063434543553739777 -0.011602019425481556 0.03930273465812207 0.021073282696306709 -0.0030321809463202949 0.15252932161092761 0.35152082145214086 0.020718611776828769 0.45168524980545049 0.014587047509849073
decision_type=2 10 10 10 2 2 2 8 2 10 2 2 2 2
left_child=-1 12 3 -3 -5 -6 8 -8 9 10 -4 -10 13 -2
right_child=1 2 6 4 5 -7 7 -9 11 -11 -12 -13 -14 -15
leaf_value=-0.014083347477261483 0.002691622042091927 0.037993272618759608 -0.0029971265512989376 -0.019168965650326331 0.034538339120717902 0.0054370675693572804 0.046361242852296092 0.0015893988513015684 -0.0027001362371848396 0.030449825541979975 0.0069417642692301655 0.020167746050689554 -0.0033462799992625761 -0.0061030785284213055
leaf_weight=408.42389865266159 12405.893507536501 186.65889665996656 2240.5718467226252 244.81344894599169 263.54297638637945 1818.7976637841202 195.57195447385311 395.59921347582713 11882.688618983608 263.60141172260046 3370.3655704883859 247.86630263738334 13867.320245042909 3223.956753176637
leaf_count=55045 111082 1867 22894 2576 2914 25592 2125 3919 142537 2419 38791 2333 178101 28453
internal_value=-0.000163735 -4.86371e-05 0.00143436 0.00870834 0.00620691 0.00926762 0.000446919 0.0169257 -0.000103232 0.00425718 0.00297467 -0.00221664 -0.00111009 0.000874804
internal_weight=51015.7 50607.2 21110.1 2513.81 2327.15 2082.34 18596.3 591.171 18005.1 5874.54 5610.94 12130.6 29497.2 15629.9
internal_count=620648 565603 247967 32949 31082 28506 215018 6044 208974 64104 61685 144870 317636 139535
is_linear=0
shrinkage=0.05


Tree=100
num_leaves=15
num_cat=0
split_feature=2 73 73 69 69 70 72 2 69 73 69 70 74 73
split_gain=35.5008 30.7436 78.6088 80.8654 80.5303 66.2537 58.2936 57.9576 55.4254 44.2922 73.7131 52.6571 45.4698 49.8572
threshold=0.012281622737646105 0.61054381728172313 0.57559841871261608 0.11529998108744623 -0.052111282944679253 -0.0037803346058353777 0.0072610399220138797 0.022197795100510124 0.077910721302032485 0.55354344844818126 0.096504896879196181 0.011830081231892111 0.0022944487864151601 0.53344285488128673
decision_type=2 2 2 10 10 2 10 2 10 2 10 2 2 2
left_child=-1 2 3 9 -4 8 -3 -8 -6 10 -2 12 13 -12
right_child=1 6 4 -5 5 -7 7 -9 -10 -11 11 -13 -14 -15
leaf_value=-0.022472960029792901 0.00050732411869954907 0.001171301224946945 -0.019226579559119772 -0.011103821591669828 0.041161650846014579 0.0061080835598012403 -0.01933582081531075 -0.0033092619335485826 0.012580286184041485 -0.0065056019608798789 0.0066639974817977628 0.035185550643592335 -0.0074594271230601543 0.030491403060768529
leaf_weight=167.16127111343667 22452.538148879074 9646.8617071737535 244.10406483197585 1530.607531466987 262.4315800992772 2521.6349092228338 590.88856454286724 9402.1597622893751 487.31005318369716 1970.1928017172031 876.56526710977778 193.40482289344072 357.61640836531296 286.83450144575909
leaf_count=23715 227406 153694 2946 19668 2737 33251 27035 81834 5383 25291 9443 1744 3848 3170
internal_value=-0.000129564 -5.16686e-05 0.000924188 2.81989e-05 0.00795577 0.0100365 -0.00160076 -0.00427529 0.0229947 0.000684094 0.00127268 0.0112349 0.00797951 0.0127484
internal_weight=50990.3 50823.2 31183.2 27667.8 3515.48 3271.38 19639.9 9993.05 749.742 26137.2 24167 1714.42 1521.02 1163.4
internal_count=621165 597450 334887 290570 44317 41371 262563 108869 8120 270902 245611 18205 16461 12613
is_linear=0
shrinkage=0.05


Tree=101
num_leaves=15
num_cat=0
split_feature=27 0 69 68 68 68 7 68 69 12 68 69 69 69
split_gain=33.2219 63.6059 34.3995 73.2854 56.2248 58.1038 39.7815 57.5164 128.092 64.143 38.9098 60.4618 89.2108 43.8715
threshold=0.69710588455200206 0.025515716522932056 0.061163321137428291 -0.013760946225374935 0.052534691989421851 0.049854528158903129 0.18479075282812121 0.050506703555583961 0.096504896879196181 0.0049104942008852967 0.04354368336498738 0.13689920306205752 0.15038476139307025 0.11677930876612665
decision_type=2 2 10 10 10 10 2 10 10 8 10 10 10 10
left_child=1 -1 4 -4 5 -2 7 10 9 -9 11 13 -13 -5
right_child=2 -3 3 6 -6 -7 -8 8 -10 -11 -12 12 -14 -15
leaf_value=-0.014367416819992849 -0.00010566894539522276 -0.0011406428953092092 0.027032681947491779 0.0048070957913833642 -0.0092794486006953694 0.025365463464460614 -0.00064712439753500872 0.069005255999215975 0.0031940815866022543 0.018670559247729375 -0.0068723956807846907 0.045291747093278864 -0.002906073477725717 -0.0057543628730038843
leaf_weight=976.92200450832024 19173.913690225221 11535.297521580011 287.65570481400937 5996.686968809925 1694.7038121665828 216.54146571923047 7725.3681592154317 128.27382437419146 578.3169923867099 135.60910551249981 891.4657167987898 201.01298331283033 174.06594705348834 1166.9548369599506
leaf_count=59153 217270 97061 2930 115410 17797 2194 53138 1659 10075 2478 16406 2360 2328 20053
internal_value=5.22871e-05 -0.002184 0.000781896 0.0024347 -0.000573569 0.000191706 0.00200278 0.00420888 0.0165916 0.0447645 0.00295362 0.00412313 0.0234296 0.00308101
internal_weight=50882.8 12512.2 38370.6 17285.4 21085.2 19390.5 16997.8 9272.39 842.2 263.883 8430.19 7538.72 375.079 7163.64
internal_count=620312 156214 464098 226837 237261 219464 223907 170769 14212 4137 156557 140151 4688 135463
is_linear=0
shrinkage=0.05


Tree=102
num_leaves=15
num_cat=0
split_feature=53 54 71 27 69 71 71 69 1 69 68 69 68 72
split_gain=36.0887 61.3823 60.9616 51.8117 56.1182 39.8308 59.3944 36.0054 34.5775 34.3739 75.0359 65.7199 46.1832 51.0737
threshold=-0.2934578657150268 0.37513412535190588 -0.0069335100706666699 1.3697058558464053 -0.13803395628929135 -0.0029069539159536357 -0.0019462553318589924 0.095871966332197203 0.025514588691294197 0.047564163804054267 0.050506703555583961 0.094333473592996611 -0.017931400798261162 0.012924190610647203
decision_type=10 10 2 2 10 2 2 10 10 10 10 10 10 10
left_child=-1 3 8 4 -2 -4 7 -7 -3 12 -11 -12 13 -6
right_child=1 2 5 -5 9 6 -8 -9 -10 10 11 -13 -14 -15
leaf_value=0.0014368475694154644 0.015936916836718603 0.0099353034026823869 -0.010103991710551621 0.0026339363104068872 0.0063671802072352629 0.0054811488136396469 -0.0011217332835664205 0.035063928303310669 0.0014508362322691298 -0.005548623838134671 0.058810496894375487 0.00095194620890626496 -0.016643890089627664 -0.010687527415401481
leaf_weight=23661.441275093704 256.87248127069324 2153.8479704195634 1163.1873217197135 1930.1273104976863 621.70885948324576 255.61028298083693 11962.95915551018 167.41246103402227 2707.4119925717823 2814.8824291778728 77.013463860843331 113.34998703142628 1728.9938301318325 1440.2301869844086
leaf_count=185844 1648 31976 15128 30006 11266 3483 154953 1802 16719 97349 2279 4051 46564 18361
internal_value=6.82591e-06 -0.00122844 0.00042525 -0.00461427 -0.00659873 -0.00129858 -0.00046417 0.017728 0.00522267 -0.00747266 -0.00346223 0.0261262 -0.0106344 -0.00553934
internal_weight=51055 27393.6 18410.4 8983.18 7053.05 13549.2 12386 423.023 4861.26 6796.18 3005.25 190.363 3790.93 2061.94
internal_count=621429 435585 224061 211524 181518 175366 160238 5285 48695 179870 103679 6330 76191 29627
is_linear=0
shrinkage=0.05


Tree=103
num_leaves=15
num_cat=0
split_feature=22 63 68 84 1 71 67 68 71 68 58 68 68 71
split_gain=34.1287 27.5183 52.1648 113.726 62.8584 39.1267 29.5941 35.2721 48.7563 40.6153 35.1778 31.2227 109.303 59.1407
threshold=94.384857177734389 0.3292775452136994 -0.073404144495725618 1.5000000000000002 0.037006752565503127 0.048369815573096282 -0.054105697199702256 -0.052199009805917733 -0.017199751920998093 -0.04421288147568702 0.010485999751836063 -0.033042609691619866 -0.02329353895038366 -0.0302647091448307
decision_type=10 10 8 2 10 2 2 8 2 8 2 10 10 2
left_child=1 2 3 -1 -5 -3 -4 -8 10 -10 11 -9 -13 -14
right_child=-2 5 6 4 -6 -7 7 8 9 -11 -12 12 13 -15
leaf_value=-0.010520188830105612 -0.0085756910970087082 0.00129020871341396 0.0041762441523634326 0.033278805041360091 0.0052270447202398427 -0.0087181680336017777 -0.013589646073398805 -0.0086495064776060081 0.020292161362852345 -0.0041256544788766383 0.015392539964598068 0.036422997984197812 -0.016805950870773367 0.0057967956554754235
leaf_weight=495.6552952080965 1152.6178191634826 30852.378074453678 1624.3809371190146 406.64899720810354 391.9981704344973 998.53914498770609 725.7775042662397 608.87005222821608 163.10263719270006 11503.052392040379 507.25830392166972 220.73557725735009 396.87163318274543 992.52822563704103
leaf_count=3008 19910 384802 8795 2636 1805 8436 6109 5928 1318 157023 3643 2299 4298 11503
internal_value=-0.000107142 9.01961e-05 -0.00146982 0.00816318 0.0197451 0.000973804 -0.00221894 -0.00290838 -0.00236069 -0.00376719 0.00364975 0.000908364 0.00455374 -0.000733467
internal_weight=51040.4 49887.8 18036.9 1294.3 798.647 31850.9 16742.6 15118.2 14392.4 11666.2 2726.26 2219.01 1610.14 1389.4
internal_count=621513 601603 208365 7449 4441 393238 200916 192121 186012 158341 27671 24028 18100 15801
is_linear=0
shrinkage=0.05


Tree=104
num_leaves=15
num_cat=0
split_feature=72 72 72 67 5 4 70 84 84 72 53 72 72 70
split_gain=36.2621 40.4022 37.6113 57.9585 39.0629 52.6106 36.4373 35.8477 24.4296 39.9972 60.948 41.3832 136.017 43.778
threshold=0.054642656818032272 0.049865879118442542 0.02781627140939236 0.018056363798677925 1.2309579849243166 0.025000001303851608 -0.0084869600832462293 1.0000000180025095e-35 3.5000000000000004 0.018020819872617725 -0.33130638301372523 0.0080920867621898668 0.0076802673283964404 -0.003935739863663911
decision_type=8 10 10 2 2 8 2 2 2 10 8 10 10 2
left_child=1 2 4 -4 5 7 -6 -1 -7 11 -11 12 13 -10
right_child=-2 -3 3 -5 6 8 -8 -9 9 10 -12 -13 -14 -15
leaf_value=-0.018497267000855282 -0.016047548354090224 0.015530264790674143 -0.01358265156238537 0.0083195384672896545 0.014535171660889891 0.00074333634035099981 0.0024231631099349143 -0.0041446991504911143 0.011213715162735959 0.026138076046865084 -0.0057614972847033529 -0.0063382755408443962 0.040423919838257619 -0.0043094232784017241
leaf_weight=528.76182591728866 345.02572871278971 404.71211385540664 1132.6867424296215 402.92722654249519 788.24144199956208 33896.290341255721 2821.9105146741495 2313.0851097577251 541.73755055805668 289.52662443183362 293.51254915585741 4491.2713313065469 195.52888337057084 2562.2020435505547
leaf_count=28136 1748 1845 8055 2246 5680 341315 22941 123852 5957 1603 2546 41510 1987 31840
internal_value=-0.000123624 -1.20316e-05 -0.000140254 -0.00781913 0.000103322 -0.000297631 0.00510055 -0.00687067 0.0001458 -0.00227097 0.0102529 -0.00322017 0.00103056 -0.00157282
internal_weight=51007.4 50662.4 50257.7 1535.61 48722.1 45111.9 3610.15 2841.85 42270.1 8373.78 583.039 7790.74 3299.47 3103.94
internal_count=621261 619513 617668 10301 607367 578746 28621 151988 426758 85443 4149 81294 39784 37797
is_linear=0
shrinkage=0.05


Tree=105
num_leaves=15
num_cat=0
split_feature=0 67 84 68 69 74 70 65 54 27 71 69 84 71
split_gain=35.309 29.7212 49.3115 52.865 52.4942 44.2777 40.4123 37.5035 35.0785 45.9919 36.4649 62.3368 35.6682 33.401
threshold=0.015668896958231929 0.0096808201633393782 1.5000000000000002 -0.039554694667458527 0.13573386520147326 0.02202530670911074 0.015401393640786411 -0.11674190685153006 0.83870717883110057 1.792612671852112 -0.017199751920998093 0.085069805383682265 3.5000000000000004 -0.0073139155283570281
decision_type=2 2 2 10 10 2 2 8 10 2 2 10 2 2
left_child=-1 8 4 13 -3 6 7 -5 9 12 11 -10 -2 -4
right_child=1 2 3 5 -6 -7 -8 -9 10 -11 -12 -13 -14 -15
leaf_value=-0.015173172501398102 -0.0013152540490227987 -0.002747084669780572 0.0064822161767901405 -0.0066020482710293579 0.016529523075441806 0.019219073723875529 -0.014645201782947198 0.0037788501280340381 0.0028566524750909985 0.0058751130073565567 0.00066970250100466147 0.02792513905276027 -0.0061448941015669958 0.021549805684223156
leaf_weight=373.31725604645908 19224.427022777963 5993.2804213096388 945.32635567057878 991.71872225822881 365.33029283909127 365.68468791712075 353.38175912108272 6640.6063671796583 874.87061769282445 1855.2233758494258 7227.6507132928818 337.6061466964893 4764.6324416967109 606.2515690876171
leaf_count=52576 268404 54935 6348 6299 3073 2644 2550 68830 5228 17605 58651 2175 67488 3823
internal_value=-5.52081e-05 5.94277e-05 0.00181925 0.00402397 -0.00161534 0.00244179 0.00165044 0.00242312 -0.000775566 -0.00168944 0.00202148 0.0100081 -0.00227666 0.0124699
internal_weight=50919.3 50546 16261.6 9902.97 6358.61 8351.39 7985.71 7632.33 34284.4 25844.3 8440.13 1212.48 23989.1 1551.58
internal_count=620629 568053 148502 90494 58008 80323 77679 75129 419551 353497 66054 7403 335892 10171
is_linear=0
shrinkage=0.05


Tree=106
num_leaves=15
num_cat=0
split_feature=53 27 2 69 70 73 69 84 73 27 84 1 73 70
split_gain=35.269 54.0754 46.9005 40.5638 55.2156 42.1445 37.6295 36.2542 36.111 33.5707 32.8319 55.949 34.9527 27.3086
threshold=-0.30600479245185846 1.2807677388191225 0.020530615001916889 0.065669275820255293 -0.014729592483490704 0.063547253608703627 0.074017386883497252 3.5000000000000004 0.40570393204689031 0.82125270366668712 1.0000000180025095e-35 0.015879279933869842 0.29759806394577032 -0.003935739863663911
decision_type=10 2 2 10 2 2 10 2 2 2 2 10 2 2
left_child=-1 2 9 5 -5 -4 -6 8 -8 -2 12 -12 -3 -9
right_child=1 10 3 4 6 -7 7 13 -10 -11 11 -13 -14 -15
leaf_value=0.0015301804816061568 -0.01876803462946959 0.012648581757014299 0.017260067579350922 0.022729832580914724 0.0092184106434676071 -0.0043509658463389373 -0.018507904806723301 0.0048115750642422584 0.0012557189648136164 -0.0046339874484613288 0.015742458853149396 0.002246163703757242 -0.0071883419676012743 -0.010993395119703394
leaf_weight=22665.012259983458 678.00244858767837 260.34867146704346 221.22132965922356 265.73351454921067 986.21267815493047 9831.6911258855835 229.58302090503275 339.26253055222332 6543.0589283341542 1103.0246748910286 926.71838903892785 4287.8091088505462 1244.1392947165295 1298.3706759493798
leaf_count=176857 59555 2256 1119 2369 12944 116648 2451 3729 76288 72946 26119 35287 16199 16013
internal_value=6.17691e-05 -0.00111792 -0.00234154 -0.00163687 0.000676428 -0.00385872 2.92548e-05 -0.00105796 0.000559461 -0.0100893 0.00279449 0.00467025 -0.00369475 -0.00770981
internal_weight=50880.2 28215.2 21496.2 19715.1 9662.22 10052.9 9396.49 8410.28 6772.64 1781.03 6719.02 5214.53 1504.49 1637.63
internal_count=620780 443923 364062 231561 113794 117767 111425 98481 78739 132501 79861 61406 18455 19742
is_linear=0
shrinkage=0.05


Tree=107
num_leaves=15
num_cat=0
split_feature=14 70 74 69 68 2 27 57 72 59 68 74 74 72
split_gain=30.8237 58.7866 41.9483 41.1191 40.056 29.7522 27.6271 36.578 28.0602 51.1589 35.9709 34.0501 39.1842 37.6454
threshold=-0.18617093563079831 -0.0081937285140156729 0.019590636715292934 -0.039398560300469392 -0.037996767088770859 0.012281622737646105 0.52029541134834301 0.037443077191710479 0.022701648063957695 1.5000000000000002 -0.05065734684467315 0.028287758119404319 0.024043136276304725 0.020282002165913585
decision_type=8 2 2 10 10 2 2 8 8 10 10 2 2 10
left_child=1 -1 3 4 -3 -2 7 -7 11 -10 -11 12 13 -8
right_child=5 2 -4 -5 -6 6 8 -9 9 10 -12 -13 -14 -15
leaf_value=-0.0067050711036394 -0.021368930165873261 0.004517992124357377 -0.0072225805744737309 0.0047507779186683474 0.024947611042717338 -0.0097904738771601284 0.00019211422490134983 7.5847342178733503e-05 -0.022026770418035482 0.0035237041653687733 -0.011892559349546623 0.014932652625170184 -0.015896260401585861 0.015902948535351732
leaf_weight=1161.714778997004 158.76136964885518 421.7191154435277 545.41155156586319 3400.0116495783441 563.25378534663469 1716.028404052835 37749.462439812254 2060.8898700498976 377.49636425869539 1082.84800539352 569.10584139637649 385.84061830211431 364.75459524337202 375.18330038059503
leaf_count=6462 23661 2088 3008 22067 3216 29124 494571 14628 3507 5314 3944 3375 3390 2686
internal_value=3.92254e-05 0.00337327 0.00575673 0.00738388 0.0163339 -0.000414397 -0.000335177 -0.00442089 4.30643e-05 -0.00567382 -0.00182687 0.000342892 0.000192795 0.000350854
internal_weight=50932.5 6092.11 4930.4 4384.98 984.973 44840.4 44681.6 3776.92 40904.7 2029.45 1651.95 38875.2 38489.4 38124.6
internal_count=621041 36841 30379 27371 5304 584200 560539 43752 516787 12765 9258 504022 500647 497257
is_linear=0
shrinkage=0.05


Tree=108
num_leaves=15
num_cat=0
split_feature=72 59 5 74 4 84 1 1 76 73 70 2 1 74
split_gain=33.9862 49.4441 41.465 52.1793 40.2296 48.8032 38.4933 32.8117 30.0063 26.8255 39.6264 25.3106 41.1918 24.5008
threshold=0.02781627140939236 1.5000000000000002 1.2309579849243166 -0.01280885189771652 0.041666667908430106 1.0000000180025095e-35 0.032195594161748893 0.02045384515076876 0.0103860916569829 0.24134188890457156 -0.0063434543553739777 0.045677958056330688 0.033167490735650069 0.011614826507866384
decision_type=8 10 2 2 8 2 10 10 10 2 2 2 10 2
left_child=2 -2 4 6 5 -1 -4 9 -6 10 -7 12 -10 -3
right_child=1 13 3 -5 8 7 -8 -9 11 -11 -12 -13 -14 -15
leaf_value=-0.015303361168749825 -0.022893365673769307 -0.0077831825251547769 0.028339472462852972 0.0024430338205510809 0.0020976999942552642 -0.0064243258544428227 0.0038604206597986968 -0.011797815514692335 -0.0010201889378182042 -0.0014154603244496864 0.031277941694067578 0.00099720022623019577 -0.008431598962698867 0.003578325458094161
leaf_weight=864.55568328360096 357.71558953914791 1081.5701168719679 371.0589354140684 2974.8471857924014 14150.411333033815 119.22806790424511 283.79672657698393 712.6628814204596 12453.056383739691 2839.866588504985 148.52802246809006 11481.437251500785 2197.8764071357436 831.37835982069373
leaf_count=38458 3403 6099 3137 23987 148157 2302 1503 13812 146227 149898 3201 59337 16732 4390
internal_value=-0.000130908 -0.00609621 0.000149012 0.0052821 -0.000266403 -0.00464662 0.0179485 -0.00220127 0.000244038 3.02647e-05 0.0148628 -0.00076012 -0.00213701 -0.00285248
internal_weight=50868 2270.66 48597.3 3629.7 44967.6 4684.84 654.856 3820.29 40282.8 3107.62 267.756 26132.4 14650.9 1912.95
internal_count=620643 13892 606751 28627 578124 207671 4640 169213 370453 155401 5503 222296 162959 10489
is_linear=0
shrinkage=0.05


Tree=109
num_leaves=15
num_cat=0
split_feature=22 22 73 69 74 72 68 74 70 71 69 74 69 72
split_gain=48.5054 27.5899 52.7337 64.0312 63.8825 80.2103 117.113 64.9246 41.3825 75.8412 38.9475 56.1618 66.4434 66.7892
threshold=94.04962539672853 27.540633201599125 0.30817307531833654 0.042567923665046699 0.00079519324935972701 0.018182073719799522 -0.040576038882136338 -0.016539857722818848 -0.034306820482015603 -0.051636332646012299 0.067736379802227034 -0.0027384485583752389 0.154151126742363 0.012761422898620369
decision_type=10 8 2 10 2 10 10 2 2 2 10 2 10 10
left_child=1 2 3 4 7 6 -6 8 -1 -10 -3 12 13 -12
right_child=-2 10 -4 -5 5 -7 -8 -9 9 -11 11 -13 -14 -15
leaf_value=-0.0089466015449466314 -0.0096864020536113395 -0.00057298998966385064 -0.0035215339643919156 0.021868026469542848 0.034356632477564424 -0.0024393661637841253 -0.0067500864634578057 -0.010779028977399305 0.025053653515328084 -0.00378601328685114 0.0046529727330053934 0.00073562684077271324 0.034913831832921301 0.032794449367148336
leaf_weight=384.07084231730551 1288.5698815640062 19351.972011325881 10986.809884154703 393.59162276238203 503.78671914758161 742.19207087857649 257.09744998905808 1443.8653554357588 440.11373371398076 457.28295592358336 4235.1944985310547 10045.135193687398 199.69425568729639 212.37222567526624
leaf_count=2343 22436 246969 123187 3353 3765 4390 2667 11597 2622 3371 53410 136958 1805 2195
internal_value=-0.000146884 0.000102581 -0.00163743 0.00283915 0.00102047 0.00926204 0.0205596 -0.00354216 0.00463214 0.0104782 0.000900595 0.00284059 0.00737914 0.00606729
internal_weight=50941.7 49653.2 15608.8 4622 4228.41 1503.08 760.884 2725.33 1281.47 897.397 34044.4 14692.4 4647.26 4447.57
internal_count=621068 598632 157295 34108 30755 10822 6432 19933 8336 5993 441337 194368 57410 55605
is_linear=0
shrinkage=0.05


Tree=110
num_leaves=15
num_cat=0
split_feature=84 71 72 71 69 72 69 71 69 69 72 69 71 12
split_gain=31.301 46.6323 47.9823 139.43 70.5846 50.0432 46.4601 41.4275 45.1778 39.5412 53.1569 39.0662 67.1715 49.8055
threshold=3.5000000000000004 0.038312071934342391 0.0080920867621898668 -0.0090665640309452993 0.07267846912145616 0.0076802673283964404 -0.032653030008077615 0.032854339107871063 0.093903917819261565 0.068202320486307158 0.0070155195426195869 -0.023666814900934693 0.047184959053993232 0.19084573537111285
decision_type=2 2 10 2 10 10 10 2 10 10 10 8 2 10
left_child=7 2 3 4 5 -2 -3 -1 11 10 -5 12 -9 -13
right_child=1 6 -4 9 -6 -7 -8 8 -10 -11 -12 13 -14 -15
leaf_value=0.0011435118692977918 0.0022759994474508181 -0.0060716299219146395 -0.006224135618450647 -0.00029726817524786391 0.050525211021299893 0.03668655343924343 0.023387449587197493 0.01044509078944756 0.0085392376726643893 -0.0070183681910288469 0.029873329543827751 -0.017194218794633839 -0.011873561550069632 0.0087494577096923661
leaf_weight=37579.196407733485 366.44462415575981 217.17853092029691 5592.0589279201813 865.81617171363905 152.99114496214315 139.31088386289775 325.0688035916537 636.86138702603057 527.57830553175882 2223.0231438679621 165.55606017960235 1173.7600967623293 694.17956207180396 212.86448637396097
leaf_count=464610 6066 1788 56282 18119 1954 1631 3226 5429 5707 32642 2614 13617 5107 1840
internal_value=5.96749e-05 -0.00243892 -0.00325652 0.000989402 0.0217865 0.012282 0.0116923 0.000675061 -0.00473635 -0.00327414 0.00478608 -0.00733539 -0.00119653 -0.0131774
internal_weight=50871.9 10047.4 9505.2 3913.14 658.747 505.756 542.247 40824.4 3245.24 3254.4 1031.37 2717.67 1331.04 1386.62
internal_count=620632 124322 119308 63026 9651 7697 5014 496310 31700 53375 20733 25993 10536 15457
is_linear=0
shrinkage=0.05


Tree=111
num_leaves=15
num_cat=0
split_feature=72 72 74 71 58 74 74 74 71 71 71 4 19 84
split_gain=31.2901 35.7563 37.2946 45.1432 115.082 134.625 47.743 48.8054 143.012 66.6948 62.814 48.7211 47.4443 46.5111
threshold=0.054642656818032272 0.049865879118442542 -0.04474180564284324 -0.04483095929026603 0.018317575566470626 -0.015921218320727345 -0.018727028742432591 -0.014844747260212897 -0.024152942001819607 -0.0073139155283570281 0.014107159338891508 0.041666667908430106 -0.0074746536556631318 1.0000000180025095e-35
decision_type=8 10 2 2 2 2 2 2 2 2 2 8 8 2
left_child=1 2 -1 4 5 -4 -5 8 -8 -10 -11 13 -13 -9
right_child=-2 -3 3 6 -6 -7 7 11 9 10 -12 12 -14 -15
leaf_value=-0.015515411903644883 -0.014768685813913763 0.014886335122249706 0.016699328600844467 -0.0071997370892258649 0.034427408308413059 -0.009213016932553315 0.037222972879719339 -0.015689104886066754 -0.015149544886981704 0.018257464578124567 -0.011901432184523594 -0.0027846320482919477 0.0013867210162765852 -0.0026192851851411696
leaf_weight=372.17678500292823 343.24352177791297 399.10306215984747 901.0701525118202 2288.3767220773734 317.69807666633278 1104.763725602068 336.19163465825841 822.93997382419184 418.88036485435441 562.57327729603276 239.08353973506019 8784.8706615399569 30297.841132373549 3758.4071153802797
leaf_count=2366 1753 1817 6380 20084 1581 7883 3045 37393 4837 5394 2044 60911 299597 166166
internal_value=6.08183e-05 0.000164304 4.43301e-05 0.000163628 0.00695329 0.00245254 -0.000169827 0.000187431 0.00885809 0.000806106 0.00922716 -0.000123656 0.000448627 -0.00499605
internal_weight=50947.2 50604 50204.9 49832.7 2323.53 2005.83 47509.2 45220.8 1556.73 1220.54 801.657 43664.1 39082.7 4581.35
internal_count=621251 619498 617681 615315 15844 14263 599471 579387 15320 12275 7438 564067 360508 203559
is_linear=0
shrinkage=0.05


Tree=112
num_leaves=15
num_cat=0
split_feature=4 27 70 27 2 6 69 74 84 60 67 7 69 84
split_gain=28.9483 46.2265 30.1348 26.0689 31.9396 34.3069 24.7177 23.6196 31.7713 28.9697 23.2238 23.1131 35.9471 27.5966
threshold=0.025000001303851608 1.2252915501594546 -0.044312106445431702 0.58960551023483287 0.060717262327671058 0.12044014036655427 -0.045916000381112092 -0.011064539663493632 1.0000000180025095e-35 1.0000000180025095e-35 0.010331510100513698 0.11136291921138765 0.022617668844759468 3.5000000000000004
decision_type=8 2 2 2 2 2 10 2 2 10 2 2 8 2
left_child=1 -1 -2 4 5 -4 -3 -8 -9 -10 -7 12 -5 -14
right_child=2 6 3 11 -6 10 7 8 9 -11 -12 -13 13 -15
leaf_value=-0.0091588815419703443 -0.013393954322594995 -0.015334887004305499 0.013698781045121936 -0.0031285581385363651 0.0024283733964619533 -0.0076812329993121752 0.020886777502714851 -0.016626342132880848 0.013965502071193051 -0.0081944513248474234 0.0012989187856156852 0.00037136524854390916 0.007278825968406219 -0.0017956649407943311
leaf_weight=2024.7823080578819 387.61549244821072 146.55257194163278 228.13119109394029 1550.8007038594224 2265.507909655571 3451.9064882392995 202.19524142052978 168.46379717439413 461.57470810506493 206.74397620698437 905.67533429013565 33635.563175352756 4274.3794933869503 1037.1707255872898
leaf_count=125039 2324 3345 2218 24653 11157 45508 3649 6101 16852 4269 8861 266366 80776 19971
internal_value=4.20067e-06 -0.00458418 0.000313666 0.000428686 -0.0024215 -0.00481758 0.00324027 0.00598159 0.00217586 0.00709059 -0.00581611 0.000911343 0.00355364 0.00550683
internal_weight=50947.1 3210.31 47736.8 47349.1 6851.22 4585.71 1185.53 1038.98 836.782 668.319 4357.58 40497.9 6862.35 5311.55
internal_count=621089 159255 461834 459510 67744 56587 34216 30871 27222 21121 54369 391766 125400 100747
is_linear=0
shrinkage=0.05


Tree=113
num_leaves=15
num_cat=0
split_feature=53 27 2 74 73 73 74 74 73 68 68 74 74 2
split_gain=37.0229 34.5429 46.732 29.1416 27.2968 47.2303 60.7073 40.3023 35.3962 35.0915 45.1899 40.6639 29.8645 27.0184
threshold=-0.2934578657150268 1.4294737577438357 0.018654253333806995 -0.031177265569567677 0.83436530828475963 0.78917726874351513 0.0098617724142968672 0.00068778425338678073 0.68208155035972606 0.03548827953636647 0.038317514583468444 -0.0051370235159993163 -0.0087135042995214445 0.051927475258708007
decision_type=10 2 2 2 2 2 2 2 2 10 10 2 2 2
left_child=3 2 -2 -1 5 8 7 -7 9 -4 -11 -12 -10 -6
right_child=1 -3 4 -5 13 6 -8 -9 12 10 11 -13 -14 -15
leaf_value=-0.0084079971991587055 -0.011507611229146964 0.0027279385603248035 -0.0013915174824652358 0.0018610781708076115 -0.014644246085648819 0.013115258876275078 0.029817938825972442 -0.0085207523611263002 0.0080297670405283534 0.022613121574698691 -0.011345051120935741 0.0082234532398324268 -0.0076103797214744778 0.0073894244261513784
leaf_weight=702.57515099970624 1205.173429033719 4727.4378794822842 14263.204427459743 22910.897286930587 672.40604512114078 422.72738245036453 255.83841021545231 418.71351673919708 328.98754691705108 331.09319077990949 380.84651197679341 818.6587745193392 3216.3643488059752 168.1195911616087
leaf_count=3972 107942 53655 180107 181703 9419 4673 2837 5292 3955 4428 4757 10932 46106 898
internal_value=0.000103832 -0.00115315 -0.00197009 0.00155211 -0.00142471 -0.0010589 0.0089852 0.00237523 -0.00163314 -0.000618077 0.00655164 0.00196796 -0.00614056 -0.0102021
internal_weight=50823 27209.6 22482.1 23613.5 21277 20436.4 1097.28 841.441 19339.2 15793.8 1530.6 1199.51 3545.35 840.526
internal_count=620676 435001 381346 185675 273404 263087 12802 9965 250285 200224 20117 15689 50061 10317
is_linear=0
shrinkage=0.05


Tree=114
num_leaves=15
num_cat=0
split_feature=2 69 70 68 74 69 70 68 71 71 68 74 69 69
split_gain=24.2229 24.1222 65.1275 75.9264 54.7222 52.5862 41.4853 92.5202 47.551 45.0452 72.1934 41.7043 55.8177 44.0351
threshold=0.015638624317944053 0.065669275820255293 -0.014729592483490704 0.0073693019803613433 -0.015921218320727345 0.074017386883497252 -0.007784228539094328 0.016002992168068889 -0.00093168902094475914 0.03930273465812207 0.022555001080036167 0.020718611776828769 0.076374165713787093 0.080389901995658888
decision_type=2 10 2 10 2 10 2 10 2 2 8 2 10 10
left_child=-1 -2 3 -3 -4 -6 7 -7 -9 11 -11 12 -8 -14
right_child=1 2 4 -5 5 6 9 8 -10 10 -12 -13 13 -15
leaf_value=-0.0095074874631803034 -0.00066647949908726217 0.029547260959979262 -0.019828231456556645 -0.0046142420866523782 0.0083908539437761286 -0.0082812188924895527 -0.020841066069673401 0.0074155511144963536 0.032540069029200341 0.035542186967744728 -0.00024160347796754468 0.019077208597709425 0.010175018504389488 -0.0012732836952151472
leaf_weight=632.23364886268973 29172.9915106548 420.24702459014952 299.36366418935359 257.6486108074896 2340.5387033252046 460.18791293771937 338.70916706090793 388.74615377187729 369.84982376778498 215.91742524132133 374.41209350898862 251.41194870416075 881.64498694241047 14488.272546837106
leaf_count=74752 306596 3635 2870 2277 29779 4456 4422 3969 3584 2305 3652 2256 10933 165451
internal_value=0.000141497 0.000264741 0.00155276 0.0166851 0.0010422 0.00136259 0.000432635 0.00929662 0.0199289 -0.000225336 0.0132206 -0.000730641 -0.0010596 -0.000610401
internal_weight=50892.2 50259.9 21087 677.896 20409.1 20109.7 17769.2 1218.78 758.596 16550.4 590.33 15960 15708.6 15369.9
internal_count=620937 546185 239589 5912 233677 230807 201028 12009 7553 189019 5957 183062 180806 176384
is_linear=0
shrinkage=0.05


Tree=115
num_leaves=15
num_cat=0
split_feature=73 69 69 73 69 69 73 70 73 73 73 69 73 73
split_gain=31.4039 56.0191 55.3527 49.6253 48.0715 114.937 60.2971 46.6585 45.7358 41.6712 41.5171 39.5025 39.8703 51.4159
threshold=0.68564194440841686 0.13689920306205752 0.11677930876612665 0.69512599706649791 0.09343582391738893 0.098958186805248274 0.59990653395652782 0.0035841215867549185 0.61054381728172313 0.69692751765251171 0.46046721935272222 -0.039398560300469392 0.78917726874351513 0.83436530828475963
decision_type=2 10 8 2 10 10 2 2 2 2 2 8 2 2
left_child=1 2 4 -2 -1 6 10 -8 -7 -5 -6 -11 -13 -14
right_child=3 -3 -4 9 5 8 7 -9 -10 11 -12 12 13 -15
leaf_value=0.0003771075558098722 -0.012931431354578207 0.018993755949358447 -0.0047614139683564462 0.022413199940490649 0.024938417216884088 0.0049163933911682946 0.043129662408514256 0.0098118481546004971 -0.0066539129059132191 0.017623582061845621 0.0011311074258042919 -0.0047213964913500953 0.0067621256856566355 -0.0041341986197568409
leaf_weight=28830.855420689564 984.68165609845892 403.84823203692213 4416.5711312256753 172.78318223217502 278.61127712996677 2798.0593802155927 321.91025470243767 164.31152785383165 1217.7310252259485 249.15445457259193 503.79739954415709 6154.1039546662942 2248.2133602532558 2070.3647283501923
leaf_count=332770 14615 4790 58640 2548 2589 31586 4003 2048 15410 2660 5595 91860 26508 24714
internal_value=9.21207e-06 0.00069585 0.000499194 -0.00224001 0.00118143 0.00556066 0.0186169 0.032295 0.00140005 -0.00126272 0.00981649 -0.00166479 -0.00214005 0.00154085
internal_weight=50815 38935.7 38531.8 11879.3 34115.3 5284.42 1268.63 486.222 4015.79 10894.6 782.409 10721.8 10472.7 4318.58
internal_count=620336 457431 452641 162905 394001 61231 14235 6051 46996 148290 8184 145742 143082 51222
is_linear=0
shrinkage=0.05


Tree=116
num_leaves=15
num_cat=0
split_feature=2 31 7 69 74 4 53 5 69 69 53 1 12 1
split_gain=28.6992 22.5237 25.1411 38.3949 36.6673 32.661 29.3217 23.1836 27.9743 35.0927 29.7043 26.4061 23.025 18.2764
threshold=0.01457283226773143 19.61158657073975 0.12294648215174676 0.021202730946242813 -0.024548042565584179 0.091666668653488173 -0.13646320253610608 1.1260403990745547 -0.13803395628929135 -0.09301410615444182 -0.2172594144940376 0.021417703479528431 0.41944488883018499 0.026424530893564228
decision_type=2 2 2 8 2 8 10 2 8 8 8 10 10 10
left_child=-1 2 3 -2 -5 7 -6 8 -4 -10 13 -9 -8 -11
right_child=1 -3 5 4 6 -7 12 11 9 10 -12 -13 -14 -15
leaf_value=-0.013046989146301792 -0.0030141455381762525 -0.0026307567911477339 0.016989870336802892 0.030692708394738522 0.006664776663554803 0.00058197178523913058 -0.00043287262770958846 0.011261328409268457 -0.026613365769405612 0.0041933468084550517 -0.0096824884147713869 -0.0031180519746087858 0.016624563034788247 -0.0087442334324240364
leaf_weight=401.39386068657041 2242.5996832917444 6109.7750770486891 117.23025598935783 120.37959462311119 4391.9087004540488 29168.369379719719 3372.7356671905145 456.50969431828707 203.34028153866529 890.18180948123336 1812.1878078617156 1002.5954885352403 200.14043723698705 381.7903437865898
leaf_count=55153 37851 74234 835 1510 79565 194363 96567 6573 2291 13639 43808 8761 1915 4117
internal_value=0.000105708 0.000212877 0.000605041 0.00276452 0.00436911 -5.09174e-05 0.00393326 -0.00383975 -0.00609434 -0.00696653 -0.00558938 0.00142685 0.00056636 0.000272134
internal_weight=50871.1 50469.7 44360 10327.8 8085.16 34032.2 7964.78 4863.84 3404.73 3287.5 3084.16 1459.11 3572.88 1271.97
internal_count=621182 566029 491795 217408 179557 274387 178047 80024 64690 63855 61564 15334 98482 17756
is_linear=0
shrinkage=0.05


Tree=117
num_leaves=15
num_cat=0
split_feature=67 27 57 54 53 71 71 72 72 71 70 70 73 68
split_gain=30.0987 39.4755 50.5972 40.6685 40.7327 35.3936 40.4344 32.8457 37.8906 37.6835 35.337 57.2976 139.303 46.6054
threshold=0.011490368749946358 0.46199081838130956 0.035435106605291374 0.92484682798385631 -0.077835358679294572 -0.018425626680254933 -0.025046838447451588 0.02781627140939236 0.049865879118442542 -0.099525623023509965 0.0090874917805194872 0.01275134924799204 0.38685362040996557 0.027434749528765682
decision_type=2 2 10 10 10 2 2 8 10 2 2 2 2 10
left_child=1 2 -1 4 7 6 -5 9 -9 -3 -11 12 -12 -14
right_child=-2 3 -4 5 -6 -7 -8 8 -10 10 11 -13 13 -15
leaf_value=-0.017229292580764364 0.001797023029961465 0.023331801320659193 -0.0015112634842076266 0.0032433147119961905 -0.0070288297103288239 0.0014706888766647531 0.023681734293357067 -0.014228269974973246 0.0042378680492775869 -0.0012826004753072886 0.036482173373690155 -0.0013024767745746073 -0.0074519663461291982 0.012596268859440539
leaf_weight=806.48293599765748 15030.165879005101 158.47320037707686 1378.7777402265929 600.060698882211 2810.2548620556481 6181.0386862875894 399.87935510417446 874.40904094930738 399.43479759991169 18649.610259908251 397.67481232900172 2081.5148751358502 581.1195758478716 559.39215453295037
leaf_count=15590 135082 880 9514 3482 110859 48986 2490 6240 1852 243528 4127 22964 8303 7619
internal_value=-8.06396e-05 -0.000867517 -0.00736415 -0.000444096 -0.00134823 0.00289117 0.0115703 -0.000672016 -0.00845 -0.000226676 -0.000404721 0.00410941 0.011394 0.0024052
internal_weight=50908.3 35878.1 2185.26 33692.9 26511.9 7180.98 999.94 23701.6 1273.84 22427.8 22269.3 3619.7 1538.19 1140.51
internal_count=621516 486434 25104 461330 406372 54958 5972 295513 8092 287421 286541 43013 20049 15922
is_linear=0
shrinkage=0.05


Tree=118
num_leaves=15
num_cat=0
split_feature=22 31 7 2 27 6 2 64 27 57 9 73 2 27
split_gain=28.3901 25.2909 29.163 30.8577 28.5248 21.4697 19.5637 17.7155 24.4892 20.1804 16.6175 25.144 19.9817 20.3772
threshold=93.734519958496108 18.928677558898929 0.11136291921138765 0.023278936743736271 0.61424577236175548 0.86861151456832897 0.030962523072957996 -0.011948410421609877 0.76750594377517711 0.023498083464801315 0.0013368658837862315 0.46280069649219518 0.02654975559562445 1.7240964174270632
decision_type=10 2 2 2 2 2 2 2 2 8 2 2 2 2
left_child=1 2 4 -4 -1 -2 7 -3 9 -9 11 -6 13 -13
right_child=5 6 3 -5 10 -7 -8 8 -10 -11 -12 12 -14 -15
leaf_value=-0.0052688641169405855 -0.020220531310098062 -0.008676576802389634 -0.0081985428869098369 0.00034297832903873118 0.0081809109467522075 -0.0041764668037000199 -0.00043889509089338111 -0.017021348211550904 0.00074883958770885712 0.0019915615329058355 0.0075088243078961572 -0.0075918767626535991 0.0044899257594740996 0.010906156987803423
leaf_weight=796.45502862380818 245.49883639300242 1661.3744630753063 1086.8919408824295 29348.775844798423 1185.4137639501132 1183.0994096342474 7712.3217980805784 405.15566735621542 1924.6281040278263 207.33617893606424 2889.792454472743 1062.782578965649 976.24016601964831 163.86789386160672
leaf_count=25952 5045 39318 34651 215017 22576 19850 49148 18238 51529 5273 76957 44007 9607 3703
internal_value=-0.000131034 7.05005e-05 0.00070791 3.53583e-05 0.00359719 -0.00705497 -0.00193578 -0.00467786 -0.00203561 -0.0106566 0.00472854 0.0023422 -0.00082248 -0.00505252
internal_weight=50849.6 49421 37510.2 30435.7 7074.55 1428.6 11910.8 4198.49 2537.12 612.492 6278.1 3388.3 2202.89 1226.65
internal_count=620871 595976 432470 249668 182802 24895 163506 114358 75040 23511 156850 79893 57317 47710
is_linear=0
shrinkage=0.05


Tree=119
num_leaves=15
num_cat=0
split_feature=31 84 74 68 71 68 74 74 71 73 71 70 70 70
split_gain=31.338 28.6986 59.4244 64.6759 56.5742 59.7756 58.0528 125.989 57.3454 37.4976 45.4602 42.0656 33.6214 93.0374
threshold=19.780187606811527 3.5000000000000004 -0.017551141791045662 -0.055479455739259713 0.035511596128344543 0.011507555376738312 -0.00068714225199073542 -0.0010964346001856027 -0.035554688423871987 0.29759806394577032 -0.022128229029476639 -0.0074610828887671224 0.0026811801362782721 0.0031185877742245798
decision_type=2 2 2 10 2 8 2 2 2 2 2 2 2 2
left_child=1 12 3 -3 6 -6 7 9 -8 -4 -11 -12 -1 -14
right_child=-2 2 4 -5 5 -7 8 -9 -10 10 11 -13 13 -15
leaf_value=5.8354752842116234e-05 -0.0034678037759644474 0.0027498782199781528 0.01314714300137111 -0.029226111187369938 0.029174281272377523 -0.0024018228071373965 0.020948689535526768 0.038112198257980234 -0.0069681993266965548 -0.021428132321868746 0.010551462113746253 -0.0038051709706093126 0.021016275718887714 0.0022550470130297848
leaf_weight=22168.216924223118 5088.6743171666749 262.27942075394094 478.3075907966122 382.25952678546309 303.1741043953225 284.74997834442183 182.9800714245066 227.27470454806462 4123.9253265159205 258.57755025895312 698.52995507791638 1813.0291405613534 684.10264885751531 13889.280608279165
leaf_count=272254 68405 1753 4043 3592 2627 2956 1126 2665 56985 2330 8279 24500 8492 160758
internal_value=0.000250529 0.000664718 -0.00186184 -0.016371 -0.000726415 0.0140966 -0.00186285 0.00293968 -0.00573636 0.000369447 -0.00187618 0.000213792 0.00128498 0.00314954
internal_weight=50845.4 45756.7 9015.09 644.539 8370.55 587.924 7782.62 3475.72 4306.91 3248.44 2770.14 2511.56 36741.6 14573.4
internal_count=620765 552360 110856 5345 105511 5583 99928 41817 58111 39152 35109 32779 441504 169250
is_linear=0
shrinkage=0.05


Tree=120
num_leaves=15
num_cat=0
split_feature=5 72 74 4 84 27 72 69 69 71 1 4 72 68
split_gain=28.6572 44.9181 36.6922 31.4062 49.8667 46.6622 36.7972 101.535 27.1121 26.2419 24.6565 40.2441 39.2591 38.0705
threshold=1.2309579849243166 0.022701648063957695 -0.022126416675746437 0.058333335444331176 1.0000000180025095e-35 1.4429678916931155 0.019183725118637088 -0.13803395628929135 0.1427184194326401 0.031290347687900073 0.022164719179272655 0.24166666716337207 0.0085784606635570543 -0.025118615478277203
decision_type=2 8 2 8 2 2 10 8 10 2 8 8 10 8
left_child=3 2 -2 4 -1 6 7 -6 -9 -4 12 -12 -5 -14
right_child=1 -3 9 10 5 -7 -8 8 -10 -11 11 -13 13 -15
leaf_value=-0.012760390560680316 0.020401628048693703 -0.0082583946553341486 0.002901899103658824 0.0054372792034954954 0.055051535027722566 0.0093980923296830936 -0.027256389561398361 -0.0042246394698134846 0.022034071022609524 0.019242332601438913 -0.002706076627192822 0.00094204920920715456 0.0079865365670773528 -0.0041142497851691931
leaf_weight=1200.5077434955165 387.69070579623803 636.63344576954842 2955.5728821386583 4895.9473763522692 65.000511472579092 818.38817423395813 147.48636238183826 4274.8166530854069 90.80861534178257 258.7075385521166 12577.771703530103 18916.700360164512 829.95377834280953 2866.4120414941572
leaf_count=46693 2657 3678 23622 75585 524 18436 2462 180891 3662 2039 104888 104022 8544 43287
internal_value=-3.61319e-05 0.00389533 0.00606037 -0.000393843 -0.00358793 -0.00152759 -0.00349691 -0.0026464 -0.00362933 0.00427269 0.000132566 -0.000515279 0.00250503 -0.00138301
internal_weight=50922.4 4238.6 3601.97 46683.8 6597.01 5396.5 4578.11 4430.63 4365.63 3214.28 40086.8 31494.5 8592.31 3696.37
internal_count=620990 31996 28318 588994 252668 205975 187539 185077 184553 25661 336326 208910 127416 51831
is_linear=0
shrinkage=0.05


Tree=121
num_leaves=15
num_cat=0
split_feature=60 2 27 79 70 72 74 68 72 70 74 22 5 2
split_gain=26.9188 52.2758 32.4214 37.5236 31.6782 34.1984 50.5009 29.4114 32.0386 35.022 28.3081 27.5844 27.2011 25.6602
threshold=1.0000000180025095e-35 0.023821221664547924 1.0038703083992007 0.031515574082732208 0.0094097098335623758 0.012924190610647203 -0.026745973154902455 -0.073404144495725618 0.013610858935862781 -0.0017364567611366508 -0.017927798442542549 73.674365997314467 1.3450925350189211 0.01694497745484114
decision_type=8 2 2 10 2 10 2 8 10 2 2 10 2 2
left_child=2 12 3 13 5 6 -4 -5 -9 -10 -8 -6 -2 -1
right_child=1 -3 4 7 11 -7 10 8 9 -11 -12 -13 -14 -15
leaf_value=-0.024958351368573023 -0.011777527149764789 -0.00060685656068201462 0.033838165560609326 0.019625882947298542 0.016413101047120651 -0.0070962647523946619 -0.014350343537982022 0.0017207684945920326 -0.022462070249200834 -0.00062358665620562649 0.0036075325924469874 -0.00051730138884339397 0.012733798415374626 -0.0046026280403087573
leaf_weight=157.26081017544493 1458.5872085699812 30800.784051650204 125.46664668945596 198.8978894399479 792.61763629643247 831.62071470031515 217.86132664000615 6656.1620295299217 288.1097312932834 479.41252343170345 6144.102723218035 342.71717742830515 114.55248396052048 2241.6656412235461
leaf_count=23617 48665 214846 1390 1722 11040 9615 3016 136338 4586 7957 105571 5266 1405 45978
internal_value=-0.000193532 -0.0010625 0.00132885 -0.000595001 0.00360733 0.0023936 0.00361915 0.00112274 0.000601259 -0.0090047 0.00297102 0.0113425 -0.00992351 -0.00603511
internal_weight=50849.8 32373.9 18475.9 10021.5 8454.39 7319.05 6487.43 7622.58 7423.68 767.522 6361.96 1135.33 1573.14 2398.93
internal_count=621012 264916 356096 220198 135898 119592 109977 150603 148881 12543 108587 16306 50070 69595
is_linear=0
shrinkage=0.05


Tree=122
num_leaves=15
num_cat=0
split_feature=22 19 74 70 70 69 84 72 84 70 7 72 71 69
split_gain=31.0156 28.9323 30.6204 26.4357 70.0737 52.1184 43.8936 73.3515 143.701 92.9253 84.4048 75.9003 56.4055 74.8249
threshold=94.04962539672853 -0.0078187305480241758 -0.014844747260212897 0.0026811801362782721 0.0028448036173358564 0.1560144051909447 1.5000000000000002 0.0063818860799074182 2.5000000000000004 0.0090874917805194872 0.12451383844017984 0.0050701841246336707 -0.024152942001819607 -0.063476167619228349
decision_type=10 8 2 2 2 10 2 10 2 2 2 10 2 8
left_child=1 2 -1 5 -5 -3 -6 8 10 -10 11 -8 -9 -14
right_child=-2 3 -4 4 6 -7 7 12 9 -11 -12 -13 13 -15
leaf_value=0.0033093584721382626 -0.0080167072553296668 -0.00077839349215850227 -0.0034349435967253521 0.023587861270774148 -0.0016403411776388566 0.022858590983889107 0.02363974808104069 -0.015304797927477265 -0.0029789895774452219 0.037108917239657105 0.017360338782533683 0.08708463938833072 0.01735263467869665 0.00098546034037709073
leaf_weight=2023.8494427599944 1264.8588910147082 22272.959521652199 9783.6487981621176 362.45668755844235 6073.3845315440558 225.68144936673343 95.378661821130663 444.58838229719549 913.50349843781441 161.48381962999701 286.73404187709093 107.83415323030204 780.3053732784465 6010.8733296338469
leaf_count=12719 22374 311742 73135 4237 80469 2239 3226 4102 17591 2832 3001 3201 5798 74656
internal_value=-0.00031632 -0.000118146 -0.00227712 0.000557831 0.00216528 -0.000531243 0.00162775 0.00388237 0.0136619 0.00332951 0.035812 0.0598119 0.00175134 0.0028888
internal_weight=50807.5 49542.7 11807.5 37735.2 15236.5 22498.6 14874.1 8800.7 1564.93 1074.99 489.947 203.213 7235.77 6791.18
internal_count=621322 598948 85854 513094 199113 313981 194876 114407 29851 20423 9428 6427 84556 80454
is_linear=0
shrinkage=0.05


Tree=123
num_leaves=15
num_cat=0
split_feature=68 72 2 14 70 54 84 84 73 69 68 72 73 68
split_gain=25.8321 38.8732 42.3851 35.0092 45.3486 38.9579 36.6418 43.6821 28.9508 73.9852 97.5786 68.6296 49.166 41.7093
threshold=0.063508495688438429 0.0053262235596776017 0.036591641604900367 -0.10676242038607596 -0.0084869600832462293 0.37513412535190588 2.5000000000000004 3.5000000000000004 0.30817307531833654 -0.052111282944679253 -0.070425093173980699 0.013088256586343052 0.29215690493583685 -0.13279618322849271
decision_type=10 10 2 8 2 8 2 2 2 10 10 10 2 10
left_child=3 -2 -3 4 6 8 -1 -8 9 13 -11 -10 -12 -5
right_child=1 2 -4 5 -6 -7 7 -9 11 10 12 -13 -14 -15
leaf_value=-0.0093542816174362591 0.014130457879616623 -0.022136935028924012 -0.0033122722820245645 0.0050479171133574969 0.0042173484454819717 0.00048035093525776885 0.016343370225603716 -0.0068280231282040931 -0.0023910452176818357 0.041299980035348086 -0.00048320216403608502 -0.0138815149407554 0.021604399351366384 -0.0096865844439866407
leaf_weight=1251.5871811741963 191.95086734415963 433.66470364574343 930.92164130881429 677.09660677658394 8588.0881830612198 26201.828720078105 380.37775244610384 416.12802227260545 6877.9669132074341 189.5902691129595 1217.5601773946546 1594.07309269486 307.54686350887641 1600.0188747136854
leaf_count=8044 2406 8166 5671 3420 64033 295282 2367 2744 170796 1372 14915 24648 3347 13965
internal_value=-0.000116306 -0.00643732 -0.00941226 8.4523e-05 0.00262351 -0.000614401 -0.00404781 0.0043031 -0.00291436 0.000595517 0.00841326 -0.00456687 0.00408261 -0.00530239
internal_weight=50858.4 1556.54 1364.59 49301.9 10636.2 38665.7 2048.09 796.506 12463.9 3991.81 1714.7 8472.04 1525.11 2277.12
internal_count=621176 16243 13837 604933 77188 527745 13155 5111 232463 37019 19634 195444 18262 17385
is_linear=0
shrinkage=0.05


Tree=124
num_leaves=15
num_cat=0
split_feature=4 27 71 1 2 68 72 71 2 68 68 58 71 12
split_gain=21.812 33.326 27.0004 25.3064 67.3425 26.1462 35.064 68.787 30.1519 28.7531 74.9015 47.7208 27.2194 26.3907
threshold=0.025000001303851608 1.2252915501594546 -0.054346878081560128 0.026424530893564228 0.038179969415068633 0.040054608136415489 0.0072610399220138797 0.024664591997861866 0.02073717582970858 0.034357191994786269 0.034875836223363883 -0.0049358028918504706 0.012129576411098244 0.062387693673372276
decision_type=8 2 2 8 2 8 10 2 2 10 10 2 2 8
left_child=1 2 -1 5 -5 9 7 -7 -8 -2 -11 -12 -13 -9
right_child=3 -3 -4 4 -6 6 8 13 -10 10 11 12 -14 -15
leaf_value=0.022768220902207877 0.0021579159796014601 0.0027491350579161699 -0.0089094289300941307 -0.0059472803934039198 0.00058591980214466684 -0.00070757705367651043 -0.029233109965847406 0.042261511748400954 -0.004871939395432864 0.042343603776454936 0.024733975201438812 -0.006215527058510811 0.011472947685098829 0.009200910344116962
leaf_weight=60.370981018058956 13373.918569236528 1190.5221133758314 1903.1310161561705 4696.1484957518987 24359.592940341681 1767.0060800253414 127.89088268112391 125.39686659956351 1730.293160090223 146.96132579352707 242.4044817648828 590.45575782097876 331.00519812945276 121.72434520721436
leaf_count=811 195437 34334 124244 44535 134297 30876 6147 1981 24010 2395 3423 10230 6057 2118
internal_value=0.000182475 -0.00383761 -0.00782502 0.000449528 -0.000471695 0.00189141 -0.00176001 0.00280451 -0.00669612 0.00285482 0.00989491 0.0054718 0.000193444 0.0269681
internal_weight=50766.8 3154.02 1963.5 47612.8 29055.7 18557.1 3872.31 2014.13 1858.18 14684.7 1310.83 1163.87 921.461 247.121
internal_count=620895 159389 125055 461506 178832 282674 65132 34975 30157 217542 22105 19710 16287 4099
is_linear=0
shrinkage=0.05


Tree=125
num_leaves=15
num_cat=0
split_feature=19 68 68 52 73 69 14 74 69 69 74 74 73 73
split_gain=22.2721 34.9877 39.2806 29.7142 28.787 40.3482 28.0819 27.2405 23.9366 31.7504 26.257 29.0953 23.1505 63.9952
threshold=-0.0074746536556631318 -0.014353075530380009 -0.028108102269470688 0.21984276920557025 0.33735232055187231 0.023771532811224464 -0.15897654742002484 -0.011064539663493632 0.015642936341464523 -0.0089837135747075064 -0.020029677078127858 0.00079519324935972701 0.61054381728172313 0.57428941130638134
decision_type=8 8 10 8 2 10 8 2 10 10 2 2 2 2
left_child=1 2 6 -3 -4 -6 -1 -5 9 10 -8 -12 13 -2
right_child=12 3 4 7 5 -7 8 -9 -10 -11 11 -13 -14 -15
leaf_value=0.010552261409284874 0.00056401295495692855 -0.0066381730409663655 0.021688629937070356 0.011874369265883667 -0.010533759359819865 0.01573901952040066 0.0048670572123354176 -0.0020165898057155143 -0.014393296117174277 0.013551784912327842 -0.013395584311676324 0.00022964899027487777 -0.00087460836970328917 0.0084988054682468128
leaf_weight=463.16964058950543 19369.635096113663 4343.361986881122 358.12793676229194 386.69360131584108 262.0105071994476 306.67949710413814 723.8713131705299 3190.2448512716219 363.82664783671498 323.7751365089789 775.56569215096533 781.02119685010985 16276.121979191434 2915.0737855946645
leaf_count=2295 238133 38367 2695 2345 2073 2423 4148 21541 2762 2509 5123 4681 249351 42578
internal_value=-3.19833e-05 -0.00188572 0.00170995 -0.00386385 0.0107845 0.0036616 -0.000765424 -0.000485956 -0.00256107 -0.0008593 -0.00295559 -0.00660126 0.000558609 0.00160531
internal_weight=50839.2 12278.3 4358.05 7920.3 926.818 568.69 3431.23 3576.94 2968.06 2604.23 2280.46 1556.59 38560.8 22284.7
internal_count=621024 90962 28709 62253 7191 4496 21518 23886 19223 16461 13952 9804 530062 280711
is_linear=0
shrinkage=0.05


Tree=126
num_leaves=15
num_cat=0
split_feature=27 0 2 12 74 71 65 69 69 73 69 74 58 71
split_gain=24.7386 33.6313 28.5782 21.767 36.8103 44.8431 28.4115 29.0217 45.4521 43.3603 56.9883 70.8025 40.3469 27.9614
threshold=0.56316700577735912 0.022777138277888302 0.10836273804306985 -0.20674134045839307 -0.0069408321287482968 1.0000000180025095e-35 -0.090120829641818986 0.021202730946242813 0.016753543168306354 0.31732429563999182 0.042567923665046699 -0.0054159965366125098 0.037317616865038879 -0.014150705654174088
decision_type=2 2 2 8 2 2 10 10 10 2 10 2 2 2
left_child=1 -1 -3 4 5 -2 -5 8 12 10 -9 -12 -8 -6
right_child=3 2 -4 6 13 -7 7 9 -10 -11 11 -13 -14 -15
leaf_value=-0.022372748522489203 0.0019092892580209909 -0.0033497421565189707 0.008207797990715849 -0.002978001477933887 -0.0014913752482313262 -0.013880578020944945 -0.0013436931236322646 -0.0068457092892433933 -0.016600594742471001 0.0013427846212861741 0.043359748431123571 0.0045365834812530837 0.016020233685614577 0.0073816693815643587
leaf_weight=203.49519689125009 1730.1786417718977 5138.2857653396204 587.30601732432842 6372.0724890236743 1140.0149958599359 596.67228286620229 9659.1003229403868 217.53677186928689 463.38058207323775 19989.703240262344 224.44067109702155 240.55986172100529 336.55391741078347 3957.3025602889247
leaf_count=17757 9713 48439 2784 55123 6335 3532 115201 2967 7301 320582 2033 2604 1968 24786
internal_value=0.000150342 -0.00288249 -0.00215198 0.000551137 0.00302277 -0.00218176 6.11774e-05 0.000684005 -0.00146134 0.00176962 0.0140705 0.0237936 -0.000743622 0.00539818
internal_weight=50856.6 5929.09 5725.59 44927.5 7424.17 2326.85 37503.3 31131.3 10459 20672.2 682.537 465.001 9995.65 5097.32
internal_count=621125 68980 51223 552145 44366 13245 507779 452656 124470 328186 7604 4637 117169 31121
is_linear=0
shrinkage=0.05


Tree=127
num_leaves=15
num_cat=0
split_feature=53 71 70 27 54 71 53 84 68 70 70 70 68 70
split_gain=18.6552 42.1389 33.8051 30.4997 39.4916 53.0839 50.4711 34.7407 32.3881 48.2646 61.6914 52.8144 39.1924 35.8881
threshold=-0.43827524781227106 0.0128715499304235 -0.0070962086319923392 1.52044153213501 0.37513412535190588 -0.0090665640309452993 -0.18454929441213605 1.5000000000000002 0.011202433612197639 0.010094636119902136 0.0030348811997100715 -0.0041863950900733462 0.0085343564860522764 0.0052522099576890477
decision_type=10 2 2 2 10 2 10 2 10 2 2 2 10 2
left_child=1 -1 -3 4 6 8 -2 -5 12 10 11 -10 13 -6
right_child=3 2 -4 7 5 -7 -8 -9 9 -11 -12 -13 -14 -15
leaf_value=-0.0003793149663553169 -0.0014970297625059893 -0.0093658315237328815 0.0068156042684063946 -0.0019923547545591595 0.0064227109023869758 -0.0013858663734472513 -0.0085628231481886651 0.0063500615201899594 0.0023474128045792163 0.0286909955692949 -0.015540830111925436 0.028530221627644139 -0.017094289821272476 -0.0072304061319028298
leaf_weight=10230.320795505773 8749.7266643657349 342.6509716603905 3966.2826774083078 2152.6057619396597 2352.8187361457385 14416.478192002047 3547.1431004465558 2947.0428654709831 486.16948620183393 298.93914553616196 242.91762442374602 311.14706750866026 236.79836906166747 595.56186856003478
leaf_count=81978 105772 2111 29052 22007 21415 178616 130758 28943 4834 2463 2202 3384 2336 5105
internal_value=-0.000144338 0.0013687 0.00551013 -0.000749944 -0.00133537 9.73869e-05 -0.00354052 0.00283165 0.00481629 0.0113109 0.00609061 0.0127919 0.00205885 0.00364971
internal_weight=50876.6 14539.3 4308.93 36337.3 31237.7 18940.8 12296.9 5099.65 4524.35 1339.17 1040.23 797.317 3185.18 2948.38
internal_count=620976 113141 31163 507835 456885 220355 236530 50950 41739 12883 10420 8218 28856 26520
is_linear=0
shrinkage=0.05


Tree=128
num_leaves=15
num_cat=0
split_feature=2 1 2 68 69 1 2 1 69 74 73 68 73 74
split_gain=19.3412 17.155 32.7696 28.387 27.6674 18.2432 43.357 33.299 25.9052 37.074 33.8407 32.5389 23.0549 22.7629
threshold=0.013484102208167316 0.01239829044789076 0.020634417422115806 -0.025118615478277203 0.1427184194326401 0.021417703479528431 0.03150922246277333 0.028734850697219375 0.021202730946242813 -0.011064539663493632 0.3586434274911881 -0.025118615478277203 0.34448403120040899 0.011013411451131107
decision_type=2 8 2 8 10 8 2 8 10 2 2 10 2 2
left_child=-1 4 3 -3 -2 8 7 -7 11 10 -10 -4 -13 -11
right_child=1 2 5 -5 -6 6 -8 -9 9 13 -12 12 -14 -15
leaf_value=-0.013734822164039567 0.0038221861142822711 0.010582180119249107 0.0029944976018583865 -0.0097831968280278833 0.040771218503635971 -0.0030322275746319078 8.7469876780639261e-05 -0.014105672527484814 0.034119441199723315 0.0013539364464388917 0.0077073192096278262 -0.026997394855342166 -0.0052778336766149845 0.01058782123117087
leaf_weight=250.30403336137533 1505.4627379472367 186.68871999718249 1580.5537480041385 1385.512311572209 42.618973445147276 3258.7354509970173 32990.08534700796 850.58353687636554 162.15906375925988 5932.3478946946561 440.48919090349227 125.47808412555605 1361.1621754169464 742.71845807693899
leaf_count=38328 90011 4676 19772 62359 2070 42726 204699 10631 1447 100732 6068 1840 23957 11498
internal_value=-0.000140541 -7.05447e-05 -0.000234679 -0.00731334 0.00509455 1.38422e-06 -0.000516423 -0.00535299 0.00185707 0.00348 0.0152551 -0.00199253 -0.00727918 0.00239567
internal_weight=50814.9 50564.6 49016.5 1572.2 1548.08 47444.3 37099.4 4109.32 10344.9 7277.71 602.648 3067.19 1486.64 6675.07
internal_count=620814 582486 490405 67035 92081 423370 258056 53357 165314 119745 7515 45569 25797 112230
is_linear=0
shrinkage=0.05


Tree=129
num_leaves=15
num_cat=0
split_feature=4 27 72 68 73 73 72 71 71 71 69 51 58 71
split_gain=21.5861 25.2887 23.4329 49.2961 60.5223 103.365 96.9228 57.0314 89.1144 97.933 72.5095 61.0434 41.3466 72.0233
threshold=1.0000000180025095e-35 1.0918347239494326 0.0090500498190522211 -0.045510644093155854 0.29759806394577032 0.33264468610286718 0.0084154931828379648 -0.0099878339096903784 -0.0026847341796383257 -0.0019462553318589924 0.095871966332197203 -0.1148238107562065 -0.00083537827595137049 0.012990417890250685
decision_type=8 2 8 10 2 2 10 2 2 2 10 10 2 2
left_child=1 -1 3 -2 6 -6 -5 11 -9 10 -10 -7 13 -11
right_child=2 -3 -4 4 5 7 -8 8 9 12 -12 -13 -14 -15
leaf_value=-0.013115510038176618 -0.025435208091726322 0.00075906775433581103 -0.00073010363763283733 0.0032125248760582845 -0.026065108730301285 0.0018013787096519422 0.041950037367652626 -0.0072125137322544821 0.010337944944248497 0.00067207939569856464 0.048641713642053774 0.016120342576458595 -0.00067563867646375101 0.012271696932060368
leaf_weight=646.94609657395631 159.39019888220355 654.65835857950151 25786.478280960815 505.76250155037269 332.94272667309269 1734.5430429298431 228.50609771162271 3065.1585200813133 427.46191192930564 3968.6566805553157 168.42757157003507 1297.5903831096366 9912.3647529727314 2009.9836645957548
leaf_count=58404 1295 26807 229132 5102 3478 13797 1936 39486 6031 51653 1750 20573 137242 25022
internal_value=0.000146754 -0.00618453 0.000314122 0.00144482 0.00163665 0.0011804 0.0156694 0.00159341 0.000602213 0.00205858 0.0217886 0.00796197 0.00130549 0.00458578
internal_weight=50898.9 1301.6 49597.3 23810.8 23651.4 22917.1 734.269 22584.2 19552.1 16486.9 595.889 3032.13 15891 5978.64
internal_count=621708 85211 536497 307365 306070 299032 7038 295554 261184 221698 7781 34370 213917 76675
is_linear=0
shrinkage=0.05


Tree=130
num_leaves=15
num_cat=0
split_feature=53 5 79 69 69 63 50 70 70 72 70 73 73 70
split_gain=28.2025 26.905 25.38 25.2632 30.847 35.302 25.9625 25.064 57.5426 57.0511 29.5247 79.9483 30.9549 26.8935
threshold=-0.30600479245185846 0.84897011518478405 0.13168033212423327 0.013319937512278559 0.037526547908782966 0.57856714725494396 0.51940453052520763 0.019053208641707901 0.015137062873691322 0.016991127282381061 0.0090874917805194872 0.48456500470638281 0.65883645415306102 0.010931293014436962
decision_type=10 2 8 10 10 10 2 2 2 10 2 2 2 2
left_child=2 -2 3 -1 5 -5 -6 8 10 -9 -4 13 -13 -12
right_child=1 -3 7 4 6 -7 -8 9 -10 -11 11 12 -14 -15
leaf_value=0.00026793780908236902 -0.0071983795610522806 -0.00089325413846416994 -0.00048780291181390993 0.004381220716121177 0.0067014149151019943 0.033023999295429152 -0.010994730098575534 0.022501105161581221 -0.014749588384937007 -0.00095390084532813555 0.028762473187897125 -0.012036137167338619 0.0054747066039264923 0.009251561204029108
leaf_weight=2319.6360371909104 1798.6389799800236 26314.478662156267 14007.510832975153 208.53046957263723 2199.6326901726425 220.21764104114845 219.71094164997339 391.37558158673346 654.38563599903136 730.04800957022235 350.37172418041155 466.40163818839937 527.83844488766044 374.08021995658055
leaf_count=32388 37355 406795 93588 2734 23290 2533 1100 2307 4074 3732 2134 3038 3436 2385
internal_value=-0.000241177 -0.00129906 0.00107072 0.00414591 0.00729235 0.0195104 0.00505571 0.000160876 -0.000336059 0.0073584 0.000272697 0.00643781 -0.00277775 0.0189509
internal_weight=50782.9 28113.1 22669.7 5167.73 2848.09 428.748 2419.34 17502 16380.6 1121.42 15726.2 1718.69 994.24 724.452
internal_count=620889 444150 176739 62045 29657 5267 24390 114694 108655 6039 104581 10993 6474 4519
is_linear=0
shrinkage=0.05


Tree=131
num_leaves=15
num_cat=0
split_feature=60 69 69 71 74 69 69 74 71 69 58 4 74 69
split_gain=23.7072 35.2864 40.3032 47.0923 71.4223 36.0154 57.7876 41.1478 53.4273 33.4536 38.0334 30.8031 33.8988 63.5729
threshold=1.0000000180025095e-35 -0.13803395628929135 -0.024695406667888161 -0.016600523144006726 -0.015180052258074282 -0.017013531178236004 -0.0020994962542317803 0.011013411451131107 0.0095811337232589739 -0.022989927791059014 0.010485999751836063 0.15833333879709247 -0.01280885189771652 -0.052111282944679253
decision_type=10 8 8 2 2 8 8 2 2 10 2 8 2 10
left_child=1 -1 -3 9 -5 -6 -7 -8 -9 -4 -11 12 13 -2
right_child=11 2 3 4 5 6 7 8 -10 10 -12 -13 -14 -15
leaf_value=0.02686788060950265 -0.0087569998960449393 -0.0065617758803986279 0.030362424240163471 -0.019585919041265939 0.026655907577547357 -0.018742842727471825 0.00063629372170321587 0.019349022318536101 0.00047482001045685867 0.0041162367586967665 0.024378870045081932 -3.6252554843944076e-05 -0.004811093691848769 0.011399258145584614
leaf_weight=123.1852199928835 652.59188740188256 1584.6119349733926 154.05170721234754 410.210319689475 129.02422544499859 348.40300920442678 12258.646653633099 701.29346138332039 794.00276659382507 1774.5585201375652 257.59925049822778 22993.246264863294 7731.2137770496774 946.53053806070238
leaf_count=970 4970 21788 2567 6904 1945 6222 262263 11470 12743 27209 2413 134401 115860 9834
internal_value=-0.000202513 0.00122264 0.00103657 0.00175555 0.000730923 0.00132988 0.00107945 0.00159482 0.00939655 0.00858317 0.00679156 -0.00101987 -0.00344123 0.00317031
internal_weight=50859.2 18535.6 18412.4 16827.8 14641.6 14231.4 14102.3 13753.9 1495.3 2186.21 2032.16 32323.6 9330.34 1599.12
internal_count=621559 356494 355524 333736 301547 294643 292698 286476 24213 32189 29622 265065 130664 14804
is_linear=0
shrinkage=0.05


Tree=132
num_leaves=15
num_cat=0
split_feature=72 68 19 68 69 69 68 72 63 69 49 72 72 73
split_gain=32.9039 33.8501 47.2888 29.047 43.9792 57.4379 40.909 116.464 28.3871 48.4928 35.5881 28.1196 45.5419 42.2196
threshold=0.054642656818032272 -0.13279618322849271 -0.01889063976705074 -0.09988760948181151 -0.13803395628929135 -0.13153804093599317 -0.073404144495725618 0.021391967311501506 0.3829935491085053 -0.10883611440658568 -0.015186419244855641 0.0074519470799714336 0.0067101612221449622 0.49694271385669714
decision_type=8 8 10 8 8 8 8 10 10 8 2 10 10 2
left_child=1 2 -1 -3 -5 -6 7 -7 10 -10 -8 12 -11 -13
right_child=-2 3 -4 4 5 6 8 -9 9 11 -12 13 -14 -15
leaf_value=-0.0023418955456291687 -0.015122966709513986 -0.013384404773003967 0.021054222795578725 0.016427548627454224 -0.023592088364342421 0.021892670519416249 -0.0014045602578737909 -0.010848631805532055 -0.017317802707899531 0.00128730654405563 -0.018443885886319029 0.0023760694113141721 0.0090856580138735325 -0.0025252773075915866
leaf_weight=408.89661770313978 346.84418598469347 395.51187692163512 443.52170298807323 396.64927714690566 248.46086455602199 699.05970294307917 18594.064715768211 432.38983668154106 354.13132143672556 8125.2593459985219 301.66887765284628 8422.839567533927 2424.4437422268093 9162.8421599210706
leaf_count=2035 1777 2314 2145 2313 1887 4540 214823 2830 2901 143969 16155 86893 32305 103634
internal_value=6.48518e-06 0.000113562 0.00993431 -5.73314e-05 5.25865e-05 -8.3946e-05 4.12794e-05 0.00939497 -0.000184 0.000812582 -0.0016862 0.00104686 0.00308636 -0.000177712
internal_weight=50756.6 50409.7 852.418 49557.3 49161.8 48765.2 48516.7 1131.45 47385.2 28489.5 18895.7 28135.4 10549.7 17585.7
internal_count=620521 618744 4180 614564 612250 609937 608050 7370 600680 369702 230978 366801 176274 190527
is_linear=0
shrinkage=0.05


Tree=133
num_leaves=15
num_cat=0
split_feature=72 2 69 71 5 71 69 72 19 74 71 11 72 71
split_gain=23.8383 20.3124 18.9647 71.6322 36.8202 30.0785 59.2062 47.0006 22.815 34.4382 36.5873 27.0462 24.4194 52.2795
threshold=0.054642656818032272 0.012930274009704592 -0.13803395628929135 -0.077233579009771333 1.0185807347297671 -0.099525623023509965 -0.12452897801995276 0.017317797988653186 -0.0090203443542122824 -0.01280885189771652 -0.010321858804672955 0.19652161747217181 0.0074519470799714336 0.014394023455679418
decision_type=8 2 8 2 2 2 8 10 8 2 2 10 10 2
left_child=1 -1 3 -3 -5 -4 7 -7 9 10 -8 -11 13 -10
right_child=-2 2 5 4 -6 6 8 -9 12 11 -12 -13 -14 -15
leaf_value=-0.015725855293555257 -0.013169278902279631 -0.0090553966815926732 0.017860678826690526 0.025785202881338433 0.0045013419021496014 -0.0014645316156879375 0.00063700079679622208 -0.030245491655793919 0.00070044072127720732 -0.0041352777705495666 0.019258515122354228 0.0090286555953198646 -0.00031703404589565962 0.0080465535992672015
leaf_weight=191.95327528845519 330.77448145672679 481.37820622418076 224.71828286536038 397.54151838179678 415.52801911905408 280.4122655261308 1200.2094307132065 279.30307594547048 11276.026267604437 7425.826339521911 328.34843611111864 402.56105278618634 24523.150939182844 3075.185063034296
leaf_count=30991 1711 2520 1264 2097 2075 1990 7690 2122 189176 53967 2067 2078 273615 47884
internal_value=1.06727e-05 9.95876e-05 0.000163081 0.00611321 0.0150947 4.73034e-06 -8.11524e-05 -0.0161053 0.000108105 -0.00210713 0.00473625 -0.00344769 0.000641709 0.00227908
internal_weight=50832.9 50502.1 50310.2 1294.45 813.07 49015.7 48791 559.715 48231.3 9356.95 1528.56 7828.39 38874.4 14351.2
internal_count=621247 619536 588545 6692 4172 581853 580589 4112 576477 65802 9757 56045 510675 237060
is_linear=0
shrinkage=0.05


Tree=134
num_leaves=15
num_cat=0
split_feature=84 84 69 69 69 69 70 72 4 84 68 69 70 70
split_gain=25.6334 39.5359 94.647 86.0341 67.6493 66.6246 59.391 71.1928 58.6373 56.295 62.2227 92.0467 55.4428 51.8465
threshold=3.5000000000000004 1.5000000000000002 -0.017013531178236004 0.021202730946242813 -0.022989927791059014 -0.026947265490889546 0.00098738080123439453 0.016991127282381061 0.25833334028720861 2.5000000000000004 0.040054608136415489 0.12645928561687472 0.001493342802859843 0.010931293014436962
decision_type=2 2 8 8 10 8 2 10 10 2 10 10 2 2
left_child=1 5 4 -4 -3 8 -5 9 -1 10 11 -8 -7 -12
right_child=-2 2 3 6 -6 12 7 -9 -10 -11 13 -13 -14 -15
leaf_value=-0.013275277409950263 -0.0024923279988174288 0.0063268514719339811 -0.0094665385825511081 -0.0017188036330463557 0.028145159457087201 0.0029543007072319674 0.011893586214029837 -0.024210634481551918 -0.00014533331513709487 0.001302580478604899 0.0055172874799441366 0.051349789308768545 -0.0028699877528977034 -0.023420067564699484
leaf_weight=1947.0370496709365 9987.7693734436762 4199.0738411468919 2057.6581686553545 7265.0154039929621 379.70297557162121 8232.8932661865838 2189.002610513242 196.57256702659652 1504.0758370133117 3596.6060713068582 672.75136953545734 150.04177855839953 8092.3595483356621 190.19341295724735
leaf_count=19358 124776 31642 24140 98626 3496 109562 31482 1568 7845 48920 8858 1332 106379 1931
internal_value=-0.000224033 0.000333451 0.00184954 6.54884e-05 0.00819356 -0.00126865 0.00144657 0.00473182 -0.00756989 0.00560298 0.0104143 0.0146324 6.72357e-05 -0.00105575
internal_weight=50660.8 40673 20896.6 16317.8 4578.78 19776.4 14260.2 6995.17 3451.11 6798.6 3201.99 2339.04 16325.3 862.945
internal_count=619915 495139 251995 216857 35138 243144 192717 94091 27203 92523 43603 32814 215941 10789
is_linear=0
shrinkage=0.05


Tree=135
num_leaves=15
num_cat=0
split_feature=84 74 68 68 68 69 68 68 68 69 27 74 84 69
split_gain=23.0636 42.1782 48.904 42.0753 58.3289 50.0197 49.4344 41.5468 92.7931 50.4166 35.5568 37.3349 31.9904 94.9615
threshold=3.5000000000000004 -0.017551141791045662 -0.055479455739259713 0.018411267548799518 0.017079550772905353 -0.029338740743696686 -0.093524657189846025 0.0064536212012171754 0.0034634255571290855 0.04846692085266114 1.1469619274139407 -0.010152600705623625 1.5000000000000002 -0.017013531178236004
decision_type=2 2 10 8 10 8 10 10 10 10 2 2 2 8
left_child=12 2 -2 4 6 -5 -3 8 -8 -9 11 -7 -1 -14
right_child=1 3 -4 5 -6 10 7 9 -10 -11 -12 -13 13 -15
leaf_value=-0.00093977572950139441 0.0015151642902805661 -0.022359866667655253 -0.024537090813499592 0.020828211357952164 0.025908830746728059 0.0087489867329720843 0.0025902436407581044 0.013193387401143109 0.036087284197203272 -0.012287582692760266 0.001289285600174799 -0.010059155794209631 0.0082216783008342755 7.6715570473293509e-05
leaf_weight=19822.462346431101 307.31390947848558 208.05409077182412 421.51830132422037 177.10768585000187 235.35850553284399 282.06329224840738 2770.9455306192394 244.48328444198705 213.62347102025524 819.57439056783915 1335.3398421066813 2950.8722190419212 4574.5222638773266 16309.793649706291
leaf_count=243970 2033 1057 4102 1450 3517 3133 30039 4062 2846 10937 15446 46318 34984 216966
internal_value=-2.91892e-05 -0.00218376 -0.0136803 -0.00126288 0.00220314 -0.00454158 0.000834762 0.00207886 0.00510033 -0.00636462 -0.00556849 -0.00839629 0.000498723 0.00186388
internal_weight=50673 9966.25 728.832 9237.42 4492.04 4745.38 4256.68 4048.63 2984.57 1064.06 4568.28 3232.94 40706.8 20884.3
internal_count=620860 124940 6135 118805 52458 66347 48941 47884 32885 14999 64897 49451 495920 251950
is_linear=0
shrinkage=0.05


Tree=136
num_leaves=15
num_cat=0
split_feature=22 24 2 27 6 52 59 0 22 73 71 74 70 71
split_gain=26.394 29.5486 21.4958 18.3715 29.5628 32.366 23.0072 20.4388 19.8349 34.9734 33.482 79.2586 63.7007 61.577
threshold=94.384857177734389 0.040840933099389083 0.012930274009704592 0.56316700577735912 0.087429597973823561 0.69043308496475231 8.5000000000000018 0.029701839201152328 28.761260986328129 0.46468535065650945 -0.014150705654174088 0.014398397877812387 0.00048081930435728287 0.011612716130912306
decision_type=10 2 2 2 2 8 8 2 10 2 2 2 2 2
left_child=2 -2 -1 4 -4 7 8 -6 9 10 12 -12 -5 -13
right_child=1 -3 3 6 5 -7 -8 -9 -10 -11 11 13 -14 -15
leaf_value=-0.016540348249704288 -0.026026620564769801 -0.0039213610822832019 0.016992850948162826 0.0026848882665930583 -0.013201132578639418 0.0045486201570867869 -0.011411256118359959 -0.0035337282708116802 0.0014976971745130727 -0.0034013107572845504 0.0016945062828956138 0.038472380251914746 -0.010013958831053313 0.0054102410324428397
leaf_weight=180.57834886573255 171.7086036587134 932.43310329806991 180.949129069224 3324.4162370976992 630.80606376333162 1120.4344134512357 382.88342107087374 3837.7974865566939 28941.476918678265 6728.0595907121897 2388.9388571409509 282.5676152901724 1393.2347269752063 278.87475508544594
leaf_count=29545 7274 12472 1673 25812 26589 6422 2038 29671 362404 77344 24706 2220 11393 1928
internal_value=4.91566e-05 -0.00756177 0.000219829 0.000284311 -0.00236501 -0.00302097 0.000634416 -0.00492485 0.000743446 -0.000772865 0.0015348 0.00570321 -0.00107863 0.0224321
internal_weight=50775.2 1104.14 49671 49490.4 5769.99 5589.04 43720.5 4468.6 43337.6 14396.1 7668.03 2950.38 4717.65 561.442
internal_count=621491 19746 601745 572200 64355 62682 507845 56260 505807 143403 66059 28854 37205 4148
is_linear=0
shrinkage=0.05


Tree=137
num_leaves=15
num_cat=0
split_feature=72 68 10 72 68 69 71 68 70 26 74 74 71 69
split_gain=24.6112 29.51 44.2357 30.718 113.214 67.9027 66.1218 65.4277 65.2728 74.4981 64.4301 108.4 94.4566 85.4573
threshold=0.054642656818032272 -0.13279618322849271 -0.15431766211986539 0.016991127282381061 -0.073404144495725618 -0.10883611440658568 -0.054346878081560128 0.052534691989421851 0.019053208641707901 -0.055454954504966729 0.0015047373017296197 0.019111653789877895 -0.0079321078956127149 -0.072085354477167116
decision_type=8 8 2 10 8 8 2 10 2 10 2 2 2 10
left_child=1 2 -1 4 -3 -6 -5 10 -7 -10 -8 12 -12 -14
right_child=-2 3 -4 6 5 8 7 -9 9 -11 11 -13 13 -15
leaf_value=-0.0018925162042417053 -0.013327025854783032 0.019972486115241574 0.020559084438992709 -0.025207290137818136 -0.027324486268284529 -1.2113183935459172e-05 -0.0060112163196979831 -0.019354576650263588 0.028484509271780874 -0.00049604643876641533 0.034910766315121002 -0.0073857137763411454 0.024953988787280251 -0.0046094020814057531
leaf_weight=438.62725650519133 329.96278073824942 720.84277486614883 425.87066812999547 319.11141214380041 214.09060523938388 42119.385556199355 2456.9857309064828 488.68657669750974 424.39566844841465 452.32398735592142 388.7819306619931 967.40581499156542 374.8003465635702 663.45561870327219
leaf_count=2171 1731 4518 2053 1806 1790 557130 19414 3900 3283 4822 2772 7370 2572 5888
internal_value=8.09614e-05 0.00017127 0.00927626 1.07064e-05 0.000457601 0.000127504 -0.00345311 -0.00210845 0.000270517 0.0136957 -0.000334997 0.00549026 0.0142097 0.00619894
internal_weight=50784.7 50454.8 864.498 49590.3 43931 43210.2 5659.23 5340.12 42996.1 876.72 4851.43 2394.44 1427.04 1038.26
internal_count=621220 619489 4224 615265 571543 567025 43722 41916 565235 8105 38016 18602 11232 8460
is_linear=0
shrinkage=0.05


Tree=138
num_leaves=15
num_cat=0
split_feature=72 29 68 68 71 71 84 74 70 68 71 71 71 71
split_gain=25.9047 27.5296 21.97 242.367 63.195 150.185 99.7233 85.3992 94.2309 132.665 63.0249 119.056 74.6794 97.9091
threshold=0.0032017922494560484 0.070968441665172591 -0.025118615478277203 -0.026530045084655281 -0.010321858804672955 0.011509427335113289 1.5000000000000002 0.010544189717620613 -0.0061440926510840646 -0.048009684309363358 -0.047380616888403886 -0.037121023982763283 -0.0302647091448307 -0.02760831173509359
decision_type=8 2 8 10 2 2 2 2 2 10 2 2 2 2
left_child=1 -1 3 4 -2 7 -7 8 -6 -10 -4 -12 -13 -14
right_child=2 -3 10 -5 5 6 -8 -9 9 -11 11 12 13 -15
leaf_value=0.023235769512931492 -0.0025562519983530502 -0.00292905659181892 -0.031174370478161514 0.045904134665168961 0.025981935886541227 -0.018614246699421588 0.0050540235600570194 0.039696838054123898 -0.027990677714876139 0.01748444864259811 0.027343647495405129 -0.016767197832000171 0.02204122768453165 -0.00085091057626267633
leaf_weight=231.394499697024 6099.8844682110939 168.81765332305804 159.33103321958333 293.26787484856322 556.28006450762041 681.28178580151871 1241.0170086978469 331.31617816071957 270.771469341591 364.13519217306748 367.46301121078432 715.31969146896154 462.77029934665188 38833.052375976928
leaf_count=5071 47587 5020 1454 2681 4120 5411 9406 2394 1983 3733 3371 7030 4012 517973
internal_value=-0.000117411 0.0123966 -0.000219269 0.00189914 0.000500421 0.00590476 -0.00338717 0.0175822 0.011152 -0.00204283 -0.000733716 -0.000605911 -0.000869368 -0.000575781
internal_weight=50776.1 400.212 50375.9 9837.95 9544.69 3444.8 1922.3 1522.5 1191.19 634.907 40537.9 40378.6 40011.1 39295.8
internal_count=621246 10091 611155 77315 74634 27047 14817 12230 9836 5716 533840 532386 529015 521985
is_linear=0
shrinkage=0.05


Tree=139
num_leaves=15
num_cat=0
split_feature=60 66 73 73 73 84 69 72 70 70 69 70 69 73
split_gain=19.5958 28.0135 33.2525 43.5053 41.8873 35.0386 89.8006 50.7267 60.6108 42.7544 46.295 34.2569 33.8766 33.8487
threshold=1.0000000180025095e-35 0.4725023359060288 0.61054381728172313 0.58995962142944347 0.59719106554985057 1.0000000180025095e-35 0.015642936341464523 0.016764153726398948 0.01159746013581753 0.0088735059835016745 0.095412075519561781 -0.007784228539094328 0.11529998108744623 0.72783133387565624
decision_type=8 8 2 2 2 2 8 10 2 2 10 2 10 2
left_child=-1 2 3 12 -5 6 -4 11 -9 10 -8 -7 -2 -13
right_child=1 -3 5 4 -6 7 9 8 -10 -11 -12 13 -14 -15
leaf_value=0.0012331491043159125 -0.00019863640301915638 0.0033028998239535362 0.026667638483874264 0.022419563282410952 0.0020294871404576398 0.009468023904724579 -0.0084985567405556229 -0.026720244752551511 0.0014748676891060161 -0.020712168619474884 0.011378178744648812 -0.0076455772184969815 -0.0096184355476199267 -0.00021609558285515964
leaf_weight=18447.553760103649 17090.38260439923 3660.1617921576835 308.223856494762 390.8883434291929 683.69773792056367 446.11230775341392 576.18388888891786 533.61141772312112 291.98479036334902 258.02579339453951 575.8003285122104 3889.7363866930827 1000.945634980686 2527.1662939367816
leaf_count=356034 134153 20860 2416 3396 6302 3770 6445 4219 2040 2378 5178 39844 8926 24516
internal_value=-6.60646e-05 -0.000809783 -0.00133759 -0.000142099 0.00958485 -0.00377059 0.00267239 -0.00521205 -0.0168503 -0.00272376 0.00144892 -0.00378953 -0.000724835 -0.00472452
internal_weight=50680.5 32232.9 28572.8 19165.9 1074.59 9406.85 1718.23 7688.61 825.596 1410.01 1151.98 6863.01 18091.3 6416.9
internal_count=620477 264443 243583 152777 9698 90806 16417 74389 6259 14001 11623 68130 143079 64360
is_linear=0
shrinkage=0.05


Tree=140
num_leaves=15
num_cat=0
split_feature=53 54 74 73 72 1 73 73 72 72 74 70 69 72
split_gain=24.388 34.2716 39.719 32.2635 43.1268 31.9326 31.6147 67.3826 49.8043 39.4169 31.2619 40.9703 28.8371 29.4561
threshold=-0.2934578657150268 0.55916383862495433 -0.0020624514436349268 0.063547253608703627 0.022701648063957695 0.016143312677741054 0.31232108175754553 0.29215690493583685 0.010521886404603721 0.010209162253886463 0.017736335285007957 0.017875641584396366 0.043166475370526321 0.014959203545004131
decision_type=8 8 2 2 10 10 2 2 10 10 2 2 8 8
left_child=5 3 -3 -2 6 -1 7 -5 9 -8 -10 -12 -4 -14
right_child=1 2 12 4 -6 -7 8 -9 10 -11 11 -13 13 -15
leaf_value=0.014742061465981405 0.014311211632604258 0.0034680798183351078 0.003636093547691325 -0.0011832629915514274 -0.017278447781037085 0.0011066016957593796 -0.0021422831672463249 0.021264440166964133 -0.011336055153713248 0.022022893835024801 0.024676367222951287 -0.0088959326944244837 -0.0028121078236631042 0.017083987088352029
leaf_weight=429.83776673139073 258.34981526713818 7063.2672382791061 2430.6860166168772 2054.3289383621886 513.02189003978856 18233.496877712198 6496.9570289039984 389.07709011225961 2527.9173903979827 163.28405245137401 138.79253174318001 224.49669558973983 9700.3330598520115 179.81714064558037
leaf_count=8692 1421 69494 21266 25128 4837 117649 197023 4897 47739 3671 1990 3751 112783 1630
internal_value=-8.79779e-06 -0.00084352 0.000481918 -0.00285382 -0.00321951 0.00142837 -0.00260431 0.00246331 -0.00390191 -0.00151772 -0.00937003 0.00424762 -0.0012328 -0.00243309
internal_weight=50803.7 32140.3 19374.1 12766.2 12507.9 18663.3 11994.9 2443.41 9551.45 6660.24 2891.21 363.289 12310.8 9880.15
internal_count=621971 495630 205173 290457 289036 126341 284199 30025 254174 200694 53480 5741 135679 114413
is_linear=0
shrinkage=0.05


Tree=141
num_leaves=15
num_cat=0
split_feature=31 69 71 69 69 70 71 71 69 70 68 68 70 71
split_gain=22.1712 23.4806 38.5667 44.1747 73.0659 52.0707 96.9318 50.9503 47.8217 72.2693 48.512 43.7732 43.5089 43.1758
threshold=19.938201904296879 0.065669275820255293 0.051627470180392272 0.098958186805248274 0.09343582391738893 -0.005119301611557602 -0.0023378240875899787 -0.016101948916912075 0.085069805383682265 -0.0053247569594532243 0.050506703555583961 0.029120756313204769 -0.003935739863663911 0.012652209028601648
decision_type=2 10 2 10 10 2 2 2 10 2 10 10 2 2
left_child=1 -1 3 4 8 6 7 -5 9 -3 12 -10 -11 -6
right_child=-2 2 -4 5 13 -7 -8 -9 11 10 -12 -13 -14 -15
leaf_value=-0.00054905024285503332 -0.0033909951102498743 -0.0077637435796237058 0.023875264541275028 0.012026332659555314 0.007790958059229987 -0.0021418058347560422 0.022141680222206417 -0.011504764949131378 0.0013224205652879681 0.024856633401430319 0.029732863140778255 -0.013519434818399734 0.0046303322386640868 0.025227237348149925
leaf_weight=27101.848417665344 4189.921273524873 942.99771714909002 184.6374629533384 360.64193619904108 1052.978236314375 9006.2412977777421 661.31301326071844 597.25682983850129 1292.0080059519969 278.67382598156109 223.08968516113237 795.54817381338216 3512.8524074929301 537.25338298245333
leaf_count=318451 56314 10782 1580 2883 12771 109782 7212 6385 16671 3548 2763 12419 53304 6273
internal_value=8.83004e-05 0.000402147 0.00172747 0.00150287 0.00415684 -0.000655912 0.00757122 -0.00261276 0.00196314 0.00463382 0.00755795 -0.00437116 0.00617842 0.0138026
internal_weight=50737.3 46547.3 19445.5 19260.9 8635.4 10625.5 1619.21 957.899 7045.17 4957.61 4014.62 2087.56 3791.53 1590.23
internal_count=621138 564824 246373 244793 118531 126262 16480 9268 99487 70397 59615 29090 56852 19044
is_linear=0
shrinkage=0.05


Tree=142
num_leaves=15
num_cat=0
split_feature=15 21 53 1 73 14 15 5 53 51 30 53 5 69
split_gain=19.2214 30.2726 22.9386 30.8398 24.3856 22.376 22.2203 21.8034 20.8679 18.5365 18.408 17.5722 24.4706 19.9856
threshold=20.568810462951664 15.972350120544435 -0.094174973666667924 0.018118170090019706 0.72160628437995922 0.058617524802684791 33.780370712280281 0.92063921689987194 -0.14259890466928479 -0.14937432855367658 0.14507332444190982 -0.30600479245185846 1.3450925350189211 -0.024695406667888161
decision_type=10 10 10 8 2 10 10 2 8 10 2 8 2 8
left_child=1 -1 3 4 8 -4 11 -8 9 -3 -10 -2 13 -13
right_child=6 2 5 -5 -6 -7 7 -9 10 -11 -12 12 -14 -15
leaf_value=-0.0030291900485423309 0.00023754155314096179 0.0030483377162517857 -0.0096222867792960607 0.0019403298584350533 -0.0024618508272036218 0.00045429394940510546 -0.0031364492732650837 0.0024751891149817451 0.011408725484022081 0.020356740639208174 -0.005959771645640319 -0.0082539528521555286 0.0074037455715639626 -0.0024921142898846754
leaf_weight=3608.5880643152632 7146.2455468894914 203.58109363773838 704.46012614225037 11663.152592005208 379.73005892429501 2403.4317107461393 2264.5351220695302 7240.0395591559354 369.39742460637353 690.3289548275061 246.97255859617144 1723.7498237402178 553.11925877630711 11581.044020182686
leaf_count=38007 47403 3480 28203 91879 12171 48588 28508 73470 13185 19318 9503 17513 4325 185917
internal_value=-7.60239e-05 0.00111713 0.00201645 0.00290454 0.00881309 -0.00185328 -0.000868848 0.00113628 0.0116455 0.0164922 0.00446532 -0.0017763 -0.00281422 -0.00324425
internal_weight=50778.4 20269.6 16661.1 13553.2 1890.01 3107.89 30508.7 9504.57 1510.28 893.91 616.37 21004.2 13857.9 13304.8
internal_count=621470 264334 226327 149536 57657 76791 357136 101978 45486 22798 22688 255158 207755 203430
is_linear=0
shrinkage=0.05


Tree=143
num_leaves=15
num_cat=0
split_feature=70 8 4 73 68 5 73 84 69 70 74 72 74 69
split_gain=20.6648 18.9738 19.5167 33.4273 36.7709 39.5374 28.3122 54.8285 94.656 76.1772 56.3923 51.5514 44.0696 52.4729
threshold=-0.044312106445431702 1.0000000180025095e-35 0.29166667163372045 0.063547253608703627 -0.09988760948181151 1.4546009898185732 0.61054381728172313 1.0000000180025095e-35 -0.026947265490889546 0.017046771012246612 0.0092928931117057818 0.006632129894569517 0.017736335285007957 0.11428355053067209
decision_type=2 2 8 2 10 2 2 2 8 2 2 10 2 10
left_child=-1 2 3 -2 -5 6 7 8 -6 10 -10 -8 13 -13
right_child=1 -3 -4 4 5 -7 11 -9 9 -11 -12 12 -14 -15
leaf_value=-0.010746547646409848 0.010245184841460107 0.0032752908499765012 0.0014203253966269323 -0.017329819072598233 -0.022174541274311593 0.015400443065570433 0.00063452208554107606 0.0014584303548599454 -0.00039120041095302619 0.032919950083487602 -0.020950987688762454 -0.010764115631199542 0.011301794171996327 -2.459853776667777e-05
leaf_weight=419.3100985372439 662.97709495900199 4745.6277457815595 15171.80710554868 331.80252711335197 674.19072530721314 360.34474374912679 4929.5394852419849 14962.771754190791 2292.2811182097066 142.73468062561005 380.39040524302982 3679.1848593864124 324.0588018016424 1644.3935199324042
leaf_count=2588 3195 73774 83638 1984 6906 2728 109260 207028 34875 1385 5359 61909 3879 22280
internal_value=0.000176854 0.000270028 -4.3681e-05 -0.000774922 -0.0010241 -0.000834183 -0.00104094 0.000141554 -0.00549301 -0.00143402 -0.00338458 -0.00310204 -0.00635885 -0.00745307
internal_weight=50721.4 50302.1 45556.5 30384.7 29721.7 29389.9 29029.5 18452.4 3489.6 2815.41 2672.67 10577.2 5647.64 5323.58
internal_count=620788 618200 544426 460788 457593 455609 452881 255553 48525 41619 40234 197328 88068 84189
is_linear=0
shrinkage=0.05


Tree=144
num_leaves=15
num_cat=0
split_feature=63 57 72 72 4 72 73 72 68 68 72 68 73 70
split_gain=24.2266 45.3074 28.441 37.4477 39.8342 35.7617 53.4055 45.971 63.1482 35.7458 44.4466 35.4618 51.3484 47.9266
threshold=0.51548850536346447 0.013627562671899797 0.010001332033425571 0.012143131811171772 0.39166666567325598 0.010794556699693205 0.36513555049896246 0.010209162253886463 -0.0047970125451683989 -0.040576038882136338 0.014843269716948273 -0.02227353677153587 0.36165527999401098 0.012050689663738014
decision_type=10 10 8 10 8 8 2 10 8 10 10 10 2 2
left_child=1 -1 -2 5 9 7 -7 -4 -9 10 -5 -11 -13 -14
right_child=2 -3 3 4 -6 6 -8 8 -10 11 -12 12 13 -15
leaf_value=-0.011754058405887164 0.0028047133957576635 -0.00052571840804796293 -0.014664385534019329 0.017951718623068758 0.0073528170085086332 -0.024857368001675748 -0.0047082042924641142 0.032334877872497364 -2.6599938146401644e-06 -0.012558503019766409 0.00062161618611286846 0.020099453571800333 -0.0081377823734997464 0.0057774606674456429
leaf_weight=921.47021275176667 13441.391877560178 25361.734428781085 334.42243883013725 448.74381447630003 1935.7913465900347 448.27680218615569 1188.0702413436957 181.04697533301078 719.63645929121412 883.59650681423955 1916.1246749125421 248.8489753534086 1736.6692215767689 949.52587605221197
leaf_count=40819 204959 272446 3611 4032 10796 4648 12947 1761 8188 9021 13279 2124 22380 10386
internal_value=0.000129768 -0.000923697 0.00126296 -0.000623396 0.00111322 -0.00552066 -0.0103455 0.000903374 0.00678121 -0.000848849 0.00397182 -0.00383685 -0.00117746 -0.00321579
internal_weight=50715.3 26283.2 24432.1 10990.8 8119.3 2871.45 1636.35 1235.11 900.683 6183.51 2364.87 3818.64 2935.04 2686.2
internal_count=621397 313265 308132 103173 72018 31155 17595 13560 9949 61222 17311 43911 34890 32766
is_linear=0
shrinkage=0.05


Tree=145
num_leaves=15
num_cat=0
split_feature=63 60 26 53 5 68 68 17 31 65 63 68 54 27
split_gain=16.9017 26.8273 27.8188 24.5005 21.133 19.8858 23.3484 19.4382 19.1023 16.7714 16.4553 16.2501 14.6369 14.8242
threshold=0.50649815797805797 1.0000000180025095e-35 -0.37579256296157831 -0.14102220535278318 1.0920435190200808 -0.059850327670574181 -0.036575015634298318 91.670425415039077 18.207713127136234 -0.09379826113581656 0.9736938774585725 -0.048009684309363358 1.1845312714576723 0.96557658910751354
decision_type=10 8 10 8 2 10 10 2 2 10 10 10 8 2
left_child=3 5 -3 7 -5 -2 11 -1 10 -4 -8 -7 13 -10
right_child=1 2 9 4 -6 6 8 -9 12 -11 -12 -13 -14 -15
leaf_value=0.00074508654338471445 -0.0095007412561447808 0.0065639001451897484 -0.0039939427976551185 -0.0043136337263886019 0.0010682702888861902 0.002305467273871722 0.0042635699440204079 -0.0088502433689352355 -0.0055244499477117041 0.00013893240099154672 0.015762880660456162 0.021650782265223489 0.0065078379544168691 0.0020777367505909485
leaf_weight=16386.076082982821 283.91059972974472 1414.4280558386818 3127.6862981407903 6443.0450669205748 2537.9853492465336 174.80493581737392 4736.1853409595788 535.38739732652903 1243.4987192174885 11274.87158923503 325.11352324788459 288.1818843993824 692.80180251179263 1304.8677777037956
leaf_count=144279 3302 8099 22618 128113 30767 2147 81091 5003 42550 101969 5952 4100 10974 30142
internal_value=0.00020973 0.00114061 -0.000101984 -0.000684012 -0.00279324 0.00331021 0.00373551 0.000436447 0.00311566 -0.000760719 0.00503186 0.0145499 0.00011712 -0.00163891
internal_weight=50768.8 24866.4 15817 25902.5 8981.03 9049.36 8765.45 16921.5 8302.47 14402.6 5061.3 462.987 3241.17 2548.37
internal_count=621106 312944 132686 308162 158880 180258 176956 149282 170709 124587 87043 6247 83666 72692
is_linear=0
shrinkage=0.05


Tree=146
num_leaves=15
num_cat=0
split_feature=84 68 72 68 12 72 72 68 68 72 68 68 68 68
split_gain=24.865 30.9639 50.5249 87.5007 35.1934 29.6837 133.192 29.0015 59.7728 82.5449 51.4797 67.5621 38.8779 25.7943
threshold=3.5000000000000004 -0.093524657189846025 0.018020819872617725 -0.059850327670574181 0.41944488883018499 0.0080920867621898668 0.0078111961483955392 0.018121868371963504 -0.033042609691619866 0.014959203545004131 -0.02329353895038366 0.016002992168068889 0.048281200230121619 0.0088436868973076361
decision_type=2 10 10 10 8 10 10 10 10 10 10 10 10 10
left_child=-1 -2 4 -4 5 6 -3 8 -7 10 -10 13 -9 -12
right_child=1 2 3 -5 -6 7 -8 12 9 -11 11 -13 -14 -15
leaf_value=0.0005542936123828832 -0.01488495927884277 -0.0029560900219571563 0.032872525541898553 -0.0022894387772365498 0.0042261327092320772 -0.015486282239204723 0.041778316611982114 -0.018325638749077593 0.01753492981375299 0.030547030751981286 -0.005983350600496427 0.02272829700029827 -0.0012190324333651434 -0.022179371571293516
leaf_weight=40799.502532789251 451.28124805865809 2929.4360855452251 271.57216415368021 472.90236008516513 1515.3824897026643 763.82068594079465 166.37831126339734 967.91566209960729 257.7117846373003 200.30427901353687 955.89683555928059 166.97031438117847 505.23427393985912 326.96036365767941
leaf_count=496523 2937 53009 1807 3906 13477 6979 1866 12521 2412 2288 11966 2211 5432 3798
internal_value=7.60321e-06 -0.00223198 -0.00161594 0.0108028 -0.00268295 -0.00413278 -0.000425154 -0.00689436 -0.00376474 0.000984358 -0.00264118 -0.0063231 -0.0125065 -0.0102508
internal_weight=50751.3 9951.77 9500.49 744.475 8756.01 7240.63 3095.81 4144.81 2671.66 1907.84 1707.54 1449.83 1473.15 1282.86
internal_count=621132 124609 121672 5713 115959 102482 54875 47607 29654 22675 20387 17975 17953 15764
is_linear=0
shrinkage=0.05


Tree=147
num_leaves=15
num_cat=0
split_feature=15 27 22 71 16 72 71 57 69 72 71 69 70 72
split_gain=20.8074 26.5952 26.6438 20.8726 19.7712 21.3998 38.487 31.5796 22.1671 38.1214 21.2999 18.1777 16.7088 18.2902
threshold=20.394405364990238 0.57250520586967479 26.741101264953617 -0.054346878081560128 -4.8442854881286612 0.0073852834757417449 0.024664591997861866 0.057127708569169051 0.081008844077587142 0.0067380368709564218 0.00052272941684350382 -0.083581287413835512 -0.007784228539094328 0.0055872322991490373
decision_type=10 2 8 2 2 8 2 8 8 10 2 8 2 10
left_child=1 -1 3 -3 -4 6 7 8 9 10 -6 -5 -10 -14
right_child=-2 2 4 11 5 -7 -8 -9 12 -11 -12 -13 13 -15
leaf_value=-0.0040019306331606514 -0.0008317660042098632 -0.014835698917407323 0.0072782121498934918 0.011977459902398627 -0.0026217410298322811 0.00053902322467997538 0.026208308098157981 -0.0064766709375455632 0.020252869998541277 0.030966159078756047 0.012260361132076176 -0.0013966054661453499 0.0075719079203160613 -0.003376907914915986
leaf_weight=2146.42122982 30842.481056670193 262.28485857928172 2250.5241122622974 261.08835450187325 359.89906777418219 7184.0604338073172 196.39999691932462 593.45048113563098 110.79009620915167 193.76771542942151 696.26212877919897 4041.1923798734788 620.17979043233208 956.84499378362671
leaf_count=28270 361898 1739 28179 1740 9336 83652 2900 4566 1816 3410 18047 46483 13309 15615
internal_value=-1.89016e-05 0.00124242 0.00187932 -0.00141008 0.00302027 0.00213622 0.00520475 0.00396586 0.00609015 0.0111111 0.00721209 -0.000559093 0.00232832 0.000949397
internal_weight=50715.6 19873.2 17726.7 4564.57 13162.2 10911.7 3727.59 3531.19 2937.74 1249.93 1056.16 4302.28 1687.81 1577.02
internal_count=620960 259062 230792 49962 180830 152651 68999 66099 61533 30793 27383 48223 30740 28924
is_linear=0
shrinkage=0.05


Tree=148
num_leaves=15
num_cat=0
split_feature=7 69 57 71 73 74 71 27 74 69 71 2 69 27
split_gain=21.5487 27.5807 40.5834 39.6521 33.8615 30.4182 29.3786 28.8177 27.7659 32.0378 30.7929 26.1162 25.5566 25.5489
threshold=0.10782882943749429 0.061163321137428291 0.030451419763267044 0.0147480177693069 0.45168524980545049 0.011013411451131107 0.0062761127483099708 0.74314174056053173 -0.0098676206544041616 0.091786976903677001 0.0222374526783824 0.022409826517105106 0.10023048147559167 0.90588521957397472
decision_type=2 10 8 2 2 2 2 2 2 10 2 2 10 2
left_child=1 3 7 4 6 8 -1 -3 9 -4 -10 13 -9 -2
right_child=11 2 5 -5 -6 -7 -8 12 10 -11 -12 -13 -14 -15
leaf_value=0.0045898671919809416 -0.016162989867080518 -0.00028523227566166728 -0.0058397075926011309 -0.010538113976322412 -0.0031403766496526314 0.020580889018941187 0.027314272595935291 0.017099137801827216 -0.0071528931835360028 0.026908416616590658 0.018584745688434427 -0.0002748924904301153 0.0055509057708279085 -0.0023041525182325995
leaf_weight=1527.3532367269509 494.96241617435589 632.24866338912398 134.80583765171468 814.14429112640209 1773.9743299032561 146.94892580457963 147.79196369159035 1081.7827340054791 1401.7549242817331 149.60152992559597 117.0929954838939 40481.94555710163 878.2928172966931 986.13017607922666
leaf_count=31488 27843 29217 2197 22857 61463 2417 3796 40092 28168 2421 1990 311764 27210 28153
internal_value=-4.23353e-05 0.00220492 0.00491138 -0.000683566 0.00166628 -0.000539225 0.00674495 0.00899818 -0.00236433 0.0117151 -0.00506011 -0.000514327 0.0119789 -0.00701294
internal_weight=50768.8 8805.79 4542.53 4263.26 3449.12 1950.2 1675.15 2592.32 1803.26 284.407 1518.85 41963 1960.08 1481.09
internal_count=621076 253316 133712 119604 96747 37193 35284 96519 34776 4618 30158 367760 67302 55996
is_linear=0
shrinkage=0.05


Tree=149
num_leaves=15
num_cat=0
split_feature=84 74 68 68 68 68 68 74 74 74 26 68 68 53
split_gain=19.3154 38.7449 51.008 41.2588 74.1755 42.7689 36.614 46.4757 56.7784 80.0407 33.5635 31.4382 69.4802 36.0455
threshold=3.5000000000000004 -0.017551141791045662 -0.055479455739259713 0.018411267548799518 0.017079550772905353 -0.093524657189846025 0.032267456874251373 -0.0088748140260577184 -0.0040199304930865756 -0.00025381952582392836 -0.24484080821275708 0.0064536212012171754 0.0027379508828744297 -0.01631413213908672
decision_type=2 2 10 8 10 10 10 2 2 2 10 10 8 8
left_child=-1 2 -2 4 5 -3 -5 -8 -9 -10 -11 12 -7 -13
right_child=1 3 -4 6 -6 11 7 8 9 10 -12 13 -14 -15
leaf_value=0.00053651361304785105 0.0023895045159482526 -0.021156915154590998 -0.024297451983141743 -0.0095785367766807999 0.029435179530704549 0.0024067447920379987 0.022160241306494098 -0.018671340760629315 0.017903166862518787 0.015977287410221735 -0.0069489984830010502 -0.0093560329129151812 0.030934028826288196 0.015321079214177361
leaf_weight=40787.801897699945 308.03098861500621 199.80876502720639 412.21795508638024 1929.4798770488705 229.93885241495445 2780.0375702672172 197.21861319895834 436.59842785913497 515.54641952319071 169.39135349867865 1472.1020844613668 895.8388023879379 221.42816604813561 167.54302738932893
leaf_count=496464 2045 1035 4104 28451 3417 29900 1952 5518 7217 1112 21902 12100 2863 2891
internal_value=5.48851e-05 -0.00192094 -0.0130077 -0.00104122 0.00238484 0.000860912 -0.00430159 -0.000632153 -0.00244373 0.000911846 -0.00450074 0.00199247 0.00460703 -0.00536147
internal_weight=50723 9935.18 720.249 9214.93 4494.6 4264.66 4720.34 2790.86 2593.64 2157.04 1641.49 4064.85 3001.47 1063.38
internal_count=620971 124507 6149 118358 52206 48789 66152 37701 35749 30231 23014 47754 32763 14991
is_linear=0
shrinkage=0.05


Tree=150
num_leaves=15
num_cat=0
split_feature=22 1 4 53 74 74 74 67 6 27 72 70 0 27
split_gain=23.765 20.3742 34.0705 28.9156 35.6691 33.3129 32.2779 27.6882 25.8231 22.0785 21.9847 21.221 20.9047 21.089
threshold=87.439140319824233 0.01687115523964167 0.058333335444331176 -0.2172594144940376 -0.026745973154902455 0.011013411451131107 0.01214238489046693 0.02809835318475962 0.0090421549975872057 0.70642861723899852 0.0032017922494560484 -0.044312106445431702 0.020039841532707218 0.83662936091423046
decision_type=10 10 8 8 2 2 2 2 2 2 8 2 2 2
left_child=1 3 -3 8 -5 7 -7 10 -1 -10 -6 -4 13 -12
right_child=-2 2 11 4 5 6 -8 -9 9 -11 12 -13 -14 -15
leaf_value=-0.0087253338995680729 -0.0032157438243699274 -0.0048073648663337406 -0.012271475782346487 0.030429406087497009 0.022714568495110596 0.042213584012330052 0.0070443202306754195 0.022830683450315317 -0.0030524846891116166 0.016347422202479808 -0.018581968105642208 0.00049872565892904934 0.00013533395894422913 -0.003296678240118318
leaf_weight=150.64700902160257 5259.599686233094 3450.3054899652489 318.28135665878654 92.718334954231977 80.680366344051436 70.414429800352082 379.39787446986884 109.42791567603126 173.94706165650859 836.60089990589768 323.70869906083681 36156.492170776706 2676.6869923486374 714.80522336694412
leaf_count=2487 83884 60027 1879 1919 5109 2397 12998 2113 5285 18077 38639 261947 69440 55255
internal_value=-3.68589e-05 0.000330956 -6.5764e-05 0.0031499 0.00130621 0.000617897 0.0133481 -0.000878712 0.0101405 0.0130109 -0.0016204 0.000383959 -0.00220842 -0.00819294
internal_weight=50793.7 45534.1 39925.1 5609.03 4447.84 4355.12 449.812 3905.31 1161.19 1010.55 3795.88 36474.8 3715.2 1038.51
internal_count=621456 537572 323853 213719 187870 185951 15395 170556 25849 23362 168443 263826 163334 93894
is_linear=0
shrinkage=0.05


Tree=151
num_leaves=15
num_cat=0
split_feature=27 49 69 65 1 4 71 4 27 27 71 1 71 71
split_gain=14.9882 35.7613 17.6857 18.4251 16.0248 37.4578 32.1401 30.0381 23.7827 23.6006 48.2393 30.0975 22.7249 22.1258
threshold=0.47032985091209417 -0.098436079919338212 -0.017013531178236004 0.03932666406035424 0.026816634461283687 0.15833333879709247 -0.099525623023509965 0.025000001303851608 2.1670936346054082 1.1587572097778323 -0.054346878081560128 0.015518727712333204 -0.058888100087642663 -0.051636332646012299
decision_type=2 2 10 8 8 8 2 8 2 2 2 10 2 2
left_child=1 2 -1 -4 6 8 -2 9 -6 10 -8 -11 -9 -14
right_child=4 -3 3 -5 5 -7 7 12 -10 11 -12 -13 13 -15
leaf_value=0.011372219140017382 0.027411142557425019 -0.0099152879129271246 -0.005715928327920488 0.0060599596899587743 -0.0057983467583655988 0.00023300719706070453 0.039993612039500678 -0.012655468914223512 0.0076762025151690082 0.0081287429917714909 -0.0092118622094002397 -0.007569884270932227 0.016052729165312325 0.0017982649712424796
leaf_weight=332.50961549114436 106.45166891952977 1236.4830676019192 874.20057194447145 522.35905381292105 4191.9436872873921 21827.760265664198 41.698481923434883 257.99083988089114 346.61001041438431 710.80344580300152 1562.2178063283209 519.93785486184061 266.61887179687619 17983.739564436488
leaf_count=1970 648 21038 6320 2701 38281 121638 610 1934 2308 31579 110338 8531 2146 271266
internal_value=-1.57492e-05 -0.00345889 0.00118865 -0.00129959 0.000198474 -0.000627023 0.00121302 0.00106958 -0.00475468 -0.00371496 -0.00769274 0.00148916 0.00180396 0.00201518
internal_weight=50781.3 2965.55 1729.07 1396.56 47815.8 26366.3 21449.5 21343 4538.55 2834.66 1603.92 1230.74 18508.3 18250.4
internal_count=621308 32029 10991 9021 589279 162227 427052 426404 40589 151058 110948 40110 275346 273412
is_linear=0
shrinkage=0.05


Tree=152
num_leaves=15
num_cat=0
split_feature=27 2 68 9 28 27 84 2 69 69 14 84 70 70
split_gain=17.7536 35.5331 31.4628 21.6095 20.4618 20.4096 36.5498 26.9645 28.7448 57.0071 54.203 42.9946 53.0889 79.6575
threshold=0.47835375368595129 0.093328639864921584 -0.0095438482239842398 0.0026740023167803888 2.1783313751220708 1.7574757337570193 1.5000000000000002 0.064551439136266722 0.061163321137428291 0.06252025812864305 0.030446350574493412 3.5000000000000004 -0.003935739863663911 -0.0059575117193162433
decision_type=2 2 8 2 2 2 2 2 10 10 8 2 2 2
left_child=1 2 3 -1 5 7 -7 8 -2 10 -10 -11 13 -13
right_child=4 -3 -4 -5 -6 6 -8 -9 9 11 -12 12 -14 -15
leaf_value=0.011814173113210064 -0.001711823538030809 0.0072762176761111035 -0.0091368186964831677 -0.007864619899484622 -0.0082169579497872181 -0.0016633446907107924 0.0078184331852509305 0.003147573747748831 0.034383856831552484 0.0018537589656364561 0.0010797492768751689 -0.0018687499603689192 -0.0079784928288817499 0.037806921765795365
leaf_weight=346.58118743007071 19747.371777221793 600.43887941539288 1972.683974331012 220.34547587879933 685.3751966021955 1768.7889585262164 2369.8080559652299 6191.1423408985138 237.22524028504267 13189.20222558151 242.84856605855748 521.76770496508107 2499.6283895983361 156.64075686526485
leaf_count=3091 261463 2841 26290 2156 4552 16513 20326 29705 3769 196393 4348 6579 41106 2252
internal_value=5.681e-05 -0.00357855 -0.00616341 0.00416194 0.000297277 0.00042336 0.00377179 9.86664e-05 -0.000417871 0.00109893 0.0179025 0.000595431 -0.0046162 0.00770826
internal_weight=50749.8 3140.05 2539.61 566.927 47609.8 46924.4 4138.6 42785.8 36594.7 16847.3 480.074 16367.2 3178.04 678.408
internal_count=621384 34378 31537 5247 587006 582454 36839 545615 515910 254447 8117 246330 49937 8831
is_linear=0
shrinkage=0.05


Tree=153
num_leaves=15
num_cat=0
split_feature=73 74 73 73 73 72 72 72 72 73 58 74 73 74
split_gain=17.7925 37.5238 29.7062 40.2579 29.114 55.7069 42.2263 35.2135 61.0888 33.1661 28.2619 32.974 49.6407 45.6701
threshold=0.68208155035972606 -0.016539857722818848 0.67916125059127819 0.68066644668579113 0.69512599706649791 0.0054441427346318969 0.0048451218754053125 0.018020819872617725 0.016764153726398948 0.69692751765251171 -0.0033139467705041166 0.0022944487864151601 0.73714429140090953 0.0069722316693514594
decision_type=2 2 2 2 2 10 10 10 10 2 2 2 2 2
left_child=2 -2 -1 -4 5 6 -3 8 9 -6 -11 -12 -13 -14
right_child=1 4 3 -5 7 -7 -8 -9 -10 10 11 12 13 -15
leaf_value=0.00047993487822786554 -0.021996622587489675 -0.0058392937729181025 -0.0025203863403699504 0.03402273822754226 0.021058183728182051 -0.015282322023182868 0.026225372925942847 0.016267902547672904 -0.018314444739842471 0.0039360763242255554 0.0020936276492612969 -0.013238882002857656 -0.0090433381255274458 0.003622682185128942
leaf_weight=38242.720027449308 211.1694774411153 255.38857455691323 144.42043937765993 144.74513127049431 173.4964804041665 884.27777960919775 158.63120370614342 299.66099787596613 467.3150302702561 2706.3037397984881 2837.9326762356795 1238.1550378147513 1160.891100715613 1805.4408364081755
leaf_count=448194 2290 5560 2010 2353 2514 11158 2920 2551 4221 31581 44703 19671 19713 21325
internal_value=7.59426e-05 -0.00158749 0.000602837 0.0162975 -0.00120993 -0.00825035 0.006775 -0.000347896 -0.000842321 -1.81069e-06 -0.000397807 -0.00206648 -0.00487276 -0.00134797
internal_weight=50730.5 12198.7 38531.9 289.166 11987.5 1298.3 414.02 10689.2 10389.5 9922.22 9748.72 7042.42 4204.49 2966.33
internal_count=620764 168207 452557 4363 165917 19638 8480 146279 143728 139507 136993 105412 60709 41038
is_linear=0
shrinkage=0.05


Tree=154
num_leaves=15
num_cat=0
split_feature=27 2 22 58 58 53 54 71 72 68 68 68 58 69
split_gain=20.1208 25.407 19.8395 18.8621 19.3628 18.0321 56.5623 34.8787 52.0515 32.6786 38.9657 45.8893 66.6997 34.4012
threshold=2.0902012586593632 0.059653209522366531 96.378196716308608 -0.018467559479176995 0.0025019623572006826 -0.18454929441213605 0.33536417782306677 -0.0086274417117238027 0.0090500498190522211 0.012962502893060448 0.0077630730811506518 0.001090721052605659 0.0057145578321069488 0.084395691752433791
decision_type=2 2 8 2 2 10 10 2 10 10 10 10 2 10
left_child=2 3 5 -2 -5 -1 -7 8 9 10 11 12 -8 -11
right_child=1 -3 -4 4 -6 6 7 -9 -10 13 -12 -13 -14 -15
leaf_value=0.00056078588684863517 0.015352093689085286 -0.0057928546530061579 -0.011580341002011191 -0.0018202546276209529 0.0089480810590314031 -0.0072973084212292656 -0.0062264293362446722 -0.0014569219195829876 -0.00098519161248481683 0.0391776250221312 -0.016191310247590462 0.033410733591173157 0.0303812092139914 0.010985479341812859
leaf_weight=30852.67125429539 469.98573660943657 503.72566366195679 373.10998440301046 760.14315199479461 908.34842212963849 3331.4603914027102 431.0451631329488 10218.324611532502 1843.057399301324 179.33447506139055 151.49582252674736 164.86219969764352 163.57759321248159 279.68912383611314
leaf_count=272638 3452 2402 7132 8287 7872 120908 6162 160661 18342 2800 2173 2392 1730 3715
internal_value=-1.33696e-05 0.00422609 -0.000247622 0.00660206 0.00406055 -0.000156407 -0.00147597 -2.77227e-05 0.0045079 0.0118513 0.00624856 0.0108769 0.00418006 0.0226002
internal_weight=50630.8 2642.2 47988.6 2138.48 1668.49 47615.5 16762.8 13431.4 3213.06 1370 910.981 759.485 594.623 459.024
internal_count=620666 22013 598653 19611 16159 591521 318883 197975 37314 18972 12457 10284 7892 6515
is_linear=0
shrinkage=0.05


Tree=155
num_leaves=15
num_cat=0
split_feature=5 53 71 71 74 71 72 2 68 70 70 74 71 69
split_gain=16.6211 17.1699 35.8189 62.2979 37.4908 35.416 33.8254 37.057 32.6734 44.5848 46.647 71.0864 31.4871 84.5816
threshold=0.75614571571350109 -0.2172594144940376 -0.0069335100706666699 -0.0031737261451780792 -0.0035135790240019556 -0.0073139155283570281 0.0074920165352523336 0.043936230242252357 0.012962502893060448 0.011830081231892111 0.0030348811997100715 -0.0040199304930865756 -0.020085464231669899 0.088672451674938216
decision_type=2 10 2 2 2 2 10 2 10 2 2 2 2 10
left_child=-1 -2 5 -4 6 8 -5 -8 12 10 11 -10 13 -3
right_child=1 2 3 4 -6 -7 7 -9 9 -11 -12 -13 -14 -15
leaf_value=-0.0064540217165021301 0.00088588354432195021 -0.00014620870769867892 -0.013473880625918273 0.0093037440258700033 -0.0028340281422481683 0.024038912094925348 -0.0057535278788432001 0.0096025821745032089 -0.0027909768823634294 0.027230267355828175 -0.013220011639818932 0.025666533653242219 -0.0062442448856725712 0.029467429550830315
leaf_weight=977.29577061673626 28893.156629401958 2661.0634998027235 1145.5314966298174 1358.1261854504701 10396.038731931476 170.78857652144507 1279.1719873391557 555.17470908910036 496.3231033727061 242.797608330613 286.0537585678976 380.92442625109106 1558.1570269025397 255.13386649894528
leaf_count=9691 244025 31924 22758 27500 205277 2841 23249 3081 7648 2659 4046 6688 26646 2383
internal_value=-3.00482e-05 9.76004e-05 -0.000998073 -0.00232785 -0.00137901 0.00223828 0.0033532 -0.00107905 0.00156538 0.00818478 0.00401151 0.00971605 -0.000528432 0.00253649
internal_weight=50655.7 49678.4 20785.3 14734 13588.5 6051.24 3192.47 1834.35 5880.45 1406.1 1163.3 877.248 4474.35 2916.2
internal_count=620416 610725 366700 281865 259107 84835 53830 26330 81994 21041 18382 14336 60953 34307
is_linear=0
shrinkage=0.05


Tree=156
num_leaves=15
num_cat=0
split_feature=31 76 1 68 69 14 21 58 2 27 1 2 58 70
split_gain=17.596 18.2354 18.4897 18.0242 41.6728 25.4119 18.2517 18.6132 17.8957 18.8 18.5882 26.6063 18.8878 17.1988
threshold=20.490328788757328 0.0103860916569829 0.01822362840175629 -0.02329353895038366 0.017730028368532661 -0.033205462619662278 48.124750137329109 -0.0074895054567605248 0.016474926844239238 1.3799889683723452 0.01239829044789076 0.022514981217682365 -0.02039026282727718 -0.044312106445431702
decision_type=2 10 8 8 8 8 10 2 2 2 8 2 2 2
left_child=1 2 3 -1 -5 -6 -7 -8 9 -3 -10 12 -12 -13
right_child=-2 8 -4 4 5 6 7 -9 10 -11 11 13 -14 -15
leaf_value=0.013835400323577449 -0.0044056373605580569 -0.017889838152055523 0.0006638448140173826 -0.013846587996625685 0.013527974082899295 -0.001789992451311805 0.025570974833960092 0.0048145515840145947 0.0087708436493387897 0.0056325689653125496 0.016907047114926611 -0.011550666383135821 -0.0087125525387553217 -4.6855422200109933e-05
leaf_weight=453.69393860106356 2108.5148133309558 274.99010670301504 13278.517928871093 311.75882126833312 681.68959824414924 1189.8771227044053 110.0120063663926 1185.1862715936732 540.94259764719754 115.36751376604661 67.083705144934356 318.60975004732609 1284.8833897840232 28818.750062850304
leaf_count=9975 27426 36443 117873 9932 20426 45783 3154 51610 23328 6372 904 1905 41426 224868
internal_value=5.50888e-05 0.000249359 0.00155708 0.00456409 0.00331866 0.0050468 0.00267541 0.00675998 -0.000467219 -0.0109709 -0.000331592 -0.00049591 -0.00732652 -0.000176566
internal_weight=50739.9 48631.4 17210.7 3932.22 3478.52 3166.76 2485.08 1295.2 31420.6 390.358 31030.3 30489.3 1351.97 29137.4
internal_count=621425 593999 258753 140880 130905 120973 100547 54764 335246 42815 292431 269103 42330 226773
is_linear=0
shrinkage=0.05


Tree=157
num_leaves=15
num_cat=0
split_feature=72 68 10 68 5 70 58 74 70 70 68 70 70 69
split_gain=22.5336 16.6573 31.7396 27.8409 21.4303 62.4681 40.1933 31.7509 82.1105 38.4365 35.8205 36.3366 34.9036 34.7368
threshold=0.054642656818032272 -0.13279618322849271 -0.15431766211986539 -0.09988760948181151 1.1940882802009585 0.032420674338936813 -0.012219019699841736 -0.018727028742432591 -0.020596803165972229 -0.018073579296469685 0.036055887117981918 -0.034306820482015603 -0.016835764981806275 0.088672451674938216
decision_type=8 8 2 8 2 2 2 2 2 2 10 2 2 8
left_child=1 2 -1 -3 5 7 -6 10 -9 -10 11 -5 -11 -13
right_child=-2 3 -4 4 6 -7 -8 8 9 12 -12 13 -14 -15
leaf_value=-0.0026874078580688878 -0.013036226384393529 -0.013101796422627918 0.016387636134622831 0.013885115571063773 0.010773832001070878 0.028231854709269991 0.0004207242560349577 0.03206169397473102 -0.018401078867028426 0.018220571100426075 -0.023788937286594331 -0.0092500382227039251 -0.0003239192761567202 0.01046014791018471
leaf_weight=432.30834207683802 324.62318504787982 400.74892467213795 425.16039411630481 240.89818028267473 1258.0791652179323 179.99821255146526 3598.9553875955753 186.48187490180135 282.41866108519025 245.31449223938398 248.08768155123107 1544.8446110216901 41046.91731296014 252.51869062939659
leaf_count=2167 1726 2365 2051 1794 8721 1335 31624 1525 2546 2364 2379 13966 543986 2372
internal_value=-0.000104138 -1.8176e-05 0.00685049 -0.000138555 -3.00695e-05 -0.000376529 0.00311903 -0.000499817 -0.000185018 -0.000337335 -0.00622391 -0.00398027 -0.000209363 -0.00643832
internal_weight=50667.4 50342.7 857.469 49485.3 49084.5 44227.5 4857.03 44047.5 41761.1 41574.7 2286.35 2038.26 41292.2 1797.36
internal_count=620921 619195 4218 614977 612612 572267 40345 570932 550421 548896 20511 18132 546350 16338
is_linear=0
shrinkage=0.05


Tree=158
num_leaves=15
num_cat=0
split_feature=76 49 66 67 72 70 68 71 71 58 58 74 12 84
split_gain=19.9292 20.8619 26.9395 21.0675 23.0981 16.9891 24.6449 25.2276 25.7679 64.0553 24.4302 30.9437 36.1667 29.6814
threshold=0.010043982416391374 -0.06270351260900496 -0.065957717597484575 0.0033943161834031348 0.010690249036997558 -0.044312106445431702 -0.13279618322849271 -0.058888100087642663 -0.04483095929026603 -0.0035142758861184116 0.018317575566470626 -0.018727028742432591 -0.31908792257308954 2.5000000000000004
decision_type=8 2 10 2 8 2 8 2 2 2 2 2 8 2
left_child=1 -1 3 4 -3 -2 -7 -8 9 -9 11 -10 -13 -12
right_child=5 2 -4 -5 -6 6 7 8 10 -11 13 12 -14 -15
leaf_value=0.00010348369070465693 -0.011193762530925187 0.016523096282041645 0.0015227680993466419 0.003049052799463887 0.00040070007629026136 0.0095898477773514543 -0.010542878537627597 -0.0040440610509367174 -0.0070020690204829752 0.023284963406652131 -0.0082890641087948452 0.0065002014561238962 -0.00027114480730344471 0.0013431788902404985
leaf_weight=9786.1482874671929 357.41721521597356 911.79601600789465 4808.0054772137664 1100.9725534380414 293.361641661264 598.25876234844327 611.81803186610341 476.1918646725826 1534.8913013939746 376.38476177840494 2087.966460209107 2135.9409890016541 24315.595782594988 1288.5023694029078
leaf_count=93110 2191 25793 117359 19333 4638 2673 3793 3272 12588 2768 13098 11582 300617 8209
internal_value=0.000200727 0.001602 0.00366032 0.00809104 0.0126341 -0.000500544 -0.000382888 -0.000567501 -0.000374841 0.00815089 -0.000609131 -0.000123735 0.000277886 -0.00462017
internal_weight=50683.3 16900.3 7114.14 2306.13 1205.16 33783 33425.6 32827.3 32215.5 852.577 31362.9 27986.4 26451.5 3376.47
internal_count=621024 260233 167123 49764 30431 360791 358600 355927 352134 6040 346094 324787 312199 21307
is_linear=0
shrinkage=0.05


Tree=159
num_leaves=15
num_cat=0
split_feature=73 69 73 69 69 70 70 70 72 69 70 72 69 72
split_gain=16.9011 98.8751 46.1919 44.7915 41.9793 61.244 59.8468 37.2456 35.2705 46.1231 36.9919 34.1292 33.0724 44.5734
threshold=0.68208155035972606 0.13836335390806201 0.67916125059127819 0.11677930876612665 0.091144241392612471 0.014323218259960415 -0.014729592483490704 0.010633063502609732 0.006975320866331459 0.12061389535665513 0.0035841215867549185 0.0038598002865910534 -0.029338740743696686 0.0071250530891120442
decision_type=2 10 2 10 10 2 2 2 10 10 2 8 8 10
left_child=1 2 3 4 11 6 -6 8 -5 -10 -11 -1 -2 -14
right_child=12 -3 -4 7 5 -7 -8 -9 9 10 -12 -13 13 -15
leaf_value=0.0095291299566467782 0.013653560672316621 0.030796501918699926 0.020467659439924235 -0.0095953623132030447 0.024316511587350677 0.026314370746824873 0.002066807043106435 -0.021861829327132449 -0.0099845150497665375 0.00098757844834162839 0.022222672452584157 -0.00034492908372947491 0.0012050814928915676 -0.0049309329329944515
leaf_weight=892.85519162472337 337.34499744512141 258.81488593528047 273.67544378084131 1301.337002144428 311.68688282207586 298.88176219258457 5050.5278877632227 307.06628613732755 511.24211565917358 561.83044880442321 313.88779183034785 28492.611887919717 5658.4873113699723 6188.0865369255189
leaf_count=19963 3789 2878 4127 18629 2591 2679 59778 3224 5465 6523 3946 323178 96501 68531
internal_value=6.54149e-05 0.000578209 0.000366108 0.000216156 0.000718311 0.00465685 0.00340296 -0.00564204 -0.0037152 0.00183114 0.00876394 -4.17736e-05 -0.00155724 -0.00200154
internal_weight=50758.3 38574.4 38315.6 38041.9 35046.6 5661.1 5362.21 2995.36 2688.3 1386.96 875.718 29385.5 12183.9 11846.6
internal_count=621802 452981 450103 445976 408189 65048 62369 37787 34563 15934 10469 343141 168821 165032
is_linear=0
shrinkage=0.05


Tree=160
num_leaves=15
num_cat=0
split_feature=72 59 76 11 23 72 66 52 13 64 74 23 74 72
split_gain=22.6112 41.0896 19.6918 22.5051 19.0478 15.6797 14.8849 14.8443 14.6314 14.0348 13.7061 15.9472 14.7505 25.8863
threshold=0.02781627140939236 1.5000000000000002 0.010043982416391374 -0.0079668536782264692 0.016800635494291786 0.049865879118442542 -0.091001469641923891 0.18182107806205752 -0.0018026689649559555 -0.031445832923054688 -0.0010091746808029709 -0.00070484582101926197 0.010788062121719124 0.0091536296531558054
decision_type=8 10 8 8 2 10 8 10 10 2 2 2 2 10
left_child=2 -2 3 -1 5 -3 7 8 -5 -10 11 -8 -12 -14
right_child=1 4 -4 6 -6 -7 10 -9 9 -11 12 -13 13 -15
leaf_value=-0.000510098851002942 -0.020754814098669552 -0.010435230055737495 -0.00050290856060740787 0.0011486314264942403 0.0039369991573801107 0.0022018541382982193 0.0023519926203073773 0.0019507570735942869 -0.00044055539138558412 0.020323504098165957 -0.0010072710994805856 0.0096894317910978505 0.016168017664958678 0.00054340384363470477
leaf_weight=7014.0220905563328 336.96508778166026 727.79809009516612 32176.800080650719 206.40398323978297 779.02180096134543 363.3043262436986 2160.168510756921 571.35862722620368 97.854238706408069 461.42589297983795 3449.9323288716841 1124.2988266733009 372.42190020764247 866.39403683249839
leaf_count=97604 3413 4693 351607 3745 4049 1686 34578 4360 1451 10112 68739 18768 6062 10349
internal_value=-1.09756e-05 -0.00494881 0.000214699 0.00162862 -0.00200559 -0.00624568 0.00323867 0.0081038 0.0126109 0.0167466 0.0024137 0.00488544 0.000675531 0.00533244
internal_weight=50708.2 2207.09 48501.1 16324.3 1870.12 1091.1 9310.26 1337.04 765.684 559.28 7973.22 3284.47 4688.75 1238.82
internal_count=621216 13841 607375 255768 10428 6379 158164 19668 15308 11563 138496 53346 85150 16411
is_linear=0
shrinkage=0.05


Tree=161
num_leaves=15
num_cat=0
split_feature=84 71 68 70 71 71 70 69 73 68 73 69 71 70
split_gain=18.8626 63.1725 60.7219 45.4508 33.1429 47.2248 38.7759 41.1304 86.1677 79.4622 48.595 45.3753 43.8272 40.5779
threshold=3.5000000000000004 0.035511596128344543 0.011507555376738312 0.014710957184433939 0.016262301243841652 0.014394023455679418 0.01159746013581753 1.0000000180025095e-35 0.3586434274911881 -0.05891915783286094 0.41117982566356664 0.013319937512278559 -0.0302647091448307 0.0099135292693972605
decision_type=2 2 8 2 2 2 2 10 2 8 2 10 2 2
left_child=-1 3 -3 4 5 6 7 9 12 -2 -11 -10 -9 -13
right_child=1 2 -4 -5 -6 -7 -8 8 11 10 -12 13 -14 -15
leaf_value=0.00055472544368998335 0.0048090478560337 0.02643022898525706 -0.0028634959713978157 -0.017867610579998881 -0.00867601300518577 0.020074313743177294 0.017400574784772315 -0.00095866533961404309 0.021102266619380958 -0.02769422871275571 -0.0064026610361902284 -0.0024655524377359544 0.027812851918696244 -0.028800224431295696
leaf_weight=40783.948740932392 659.98496270831674 362.12146495725028 333.83395789284259 476.10140630719252 1581.118679643143 253.67717472068034 251.50693871313706 199.42206346569583 187.39895910792984 534.63001910294406 543.0240507889539 3968.8275850133505 379.82818251475692 142.04307945421897
leaf_count=496595 4406 3075 3472 4397 21221 4017 2419 2015 2288 5272 7861 58133 4056 1604
internal_value=7.99292e-05 -0.00187986 0.0125372 -0.00298559 -0.00215175 -0.000692854 -0.00148814 -0.00223146 0.000126475 -0.008813 -0.017123 -0.00232653 0.0180593 -0.00344318
internal_weight=50657.5 9873.52 695.955 9177.56 8701.46 7120.34 6866.67 6615.16 4877.52 1737.64 1077.65 4298.27 579.25 4110.87
internal_count=620831 124236 6547 117689 113292 92071 88054 85635 68096 17539 13133 62025 6071 59737
is_linear=0
shrinkage=0.05


Tree=162
num_leaves=15
num_cat=0
split_feature=4 1 84 84 1 69 68 69 5 69 58 68 68 58
split_gain=22.2041 42.5237 35.45 29.546 25.8893 33.9123 28.0108 30.2739 24.1989 24.156 46.463 34.7141 38.5727 28.858
threshold=0.15833333879709247 0.025870773941278461 1.0000000180025095e-35 3.5000000000000004 0.013523500412702562 0.1427184194326401 -0.073404144495725618 0.026432047598063949 1.2883816957473757 0.050430154427886016 -0.0045810791198164216 -0.0011730445548892019 0.0048870842438191184 0.0047179148532450208
decision_type=8 10 2 2 10 10 10 10 2 10 2 10 10 2
left_child=1 2 8 4 5 -4 -6 -8 -1 10 -9 13 -13 -11
right_child=-2 -3 3 -5 6 -7 7 9 -10 11 -12 12 -14 -15
leaf_value=-0.0059333713881482685 0.0008440485286299172 -0.0050969164490919372 0.0070059908292501973 -0.0030933165290352167 0.014285563927653394 0.04665576037037672 -0.0043040556142735168 0.02580176221703865 0.017273817991331524 -0.019268471578074223 0.0027676512964205837 0.02478677814559814 0.0015004660177284281 0.007795295513645252
leaf_weight=2705.1207153666764 30082.559960803948 5391.829946099082 1505.2753235013224 2994.5535593519453 391.87069225078449 46.407532584154978 2121.3301060886588 299.57466579321772 107.67705265153199 335.79655319312587 757.61957316333428 177.20008792588487 3597.5598452372942 131.30948405247182
leaf_count=69712 188855 50621 93345 76944 3042 2113 36355 4658 1383 5315 14752 2695 68827 1886
internal_value=-2.14217e-05 -0.00128735 6.90301e-05 0.00122287 0.002605 0.00848299 0.00142815 0.000730836 -0.00498693 0.00275072 0.00947538 0.0010564 0.00265621 -0.0116566
internal_weight=50645.7 20563.1 15171.3 12358.5 9363.94 1551.68 7812.26 7420.39 2812.8 5299.06 1057.19 4241.87 3774.76 467.106
internal_count=620503 431648 381027 309932 232988 95458 137530 134488 71095 98133 19410 78723 71522 7201
is_linear=0
shrinkage=0.05


Tree=163
num_leaves=15
num_cat=0
split_feature=59 58 2 58 54 53 27 74 69 69 74 69 73 69
split_gain=15.2363 20.7836 16.9511 23.3062 19.8666 31.928 27.2945 24.7389 34.8439 28.1961 24.6613 70.0991 35.7883 48.2631
threshold=5.5000000000000009 0.017536786384880546 0.078171107918024077 0.037317616865038879 0.46686486899852758 -0.18454929441213605 1.2400503158569338 -0.00055568764219060529 0.154151126742363 0.15038476139307025 0.0051510839257389316 0.1427184194326401 0.60186919569969188 0.11376065760850908
decision_type=10 2 2 2 10 10 2 2 10 10 2 10 2 10
left_child=2 -2 3 4 5 -1 -7 8 -6 10 12 -12 13 -9
right_child=1 -3 -4 -5 7 6 -8 9 -10 -11 11 -13 -14 -15
leaf_value=-7.8714986809377247e-05 -4.268627978083611e-05 -0.0089187075437005374 0.00390139498766124 0.0079336697296641199 0.0026451240745971388 -0.006676757100251781 0.00095263086010052378 0.0059361130232582337 0.02209744188757308 -0.011009638276384091 0.0012523315409665812 0.030172031315277827 -0.0067110969624163148 -0.016882576074551674
leaf_weight=20384.584874481196 1689.152167330496 1072.0549700018018 3056.0840745121241 910.33634210098535 7867.1418536184356 3847.8266245576087 1680.7573367394507 1561.4330912441947 227.43044502800331 589.73979559889995 5007.7941019511782 208.74956039548852 2374.707168321358 261.98214203724638
leaf_count=213832 9019 5548 14404 5755 79054 145244 35288 16901 2108 6811 51092 1975 31140 3086
internal_value=9.62435e-05 -0.0035086 0.000304393 5.88748e-05 -0.000105771 -0.000993415 -0.0043598 0.00116496 0.00321826 -0.000497924 0.000171519 0.00246512 -0.00267757 0.0025834
internal_weight=50739.8 2761.21 47978.6 44922.5 44012.1 25913.2 5528.58 18099 8094.57 10004.4 9414.67 5216.54 4198.12 1823.42
internal_count=621257 14567 606690 592286 586531 394364 180532 192167 81162 111005 104194 53067 51127 19987
is_linear=0
shrinkage=0.05


Tree=164
num_leaves=15
num_cat=0
split_feature=64 14 74 73 18 73 73 73 73 69 74 74 74 69
split_gain=16.3189 35.0954 24.9742 27.6261 24.6147 20.8893 32.5875 27.8126 52.873 26.1485 34.802 26.1504 26.7593 28.1141
threshold=-0.0016217444790527222 -0.093593414872884736 -0.0060731421690434209 0.64551544189453136 30.933264732360843 0.26264543831348425 0.18154882639646533 0.51922470331192028 0.51597249507904064 0.12311211973428728 -0.0026571019552648063 -0.018727028742432591 -0.0084131751209497434 -0.060337606817483895
decision_type=2 8 2 2 2 2 2 2 2 10 2 2 2 8
left_child=1 2 3 -1 -2 6 -6 8 -7 11 -11 -9 -13 -14
right_child=4 -3 -4 -5 5 7 -8 9 -10 10 -12 12 13 -15
leaf_value=0.00041708773519373701 0.014187890008163848 -0.0019629555747653306 0.0043441933960772453 -0.014844095229389429 0.00089814761729054026 0.003067063930859832 -0.009600488382430418 -0.016003245431047305 0.028536705782897923 0.015084575032436615 0.0012337576138488236 0.00762740586853784 -0.021267927399386346 -0.00095269053869824298
leaf_weight=1587.1656436356716 333.43221349664964 19353.861526843393 4489.2136739450507 354.53136797016487 1933.2881591338664 6882.371162540745 1185.1194134932011 271.66732087079436 200.2110935789533 600.28088267124258 1773.6880413945764 904.77553587639704 163.1002123223152 10679.386822961038
leaf_count=10025 2866 257099 34591 2843 14312 84748 11530 2908 2501 5838 19356 11308 1632 159241
internal_value=-1.80703e-05 -0.000899792 0.00229789 -0.00243121 0.000893976 0.00070805 -0.00310969 0.0012636 0.00382626 7.69224e-07 0.00478465 -0.000947332 -0.000585833 -0.0012776
internal_weight=50712.1 25784.8 6430.91 1941.7 24927.3 24593.9 3118.41 21475.5 7082.58 14392.9 2373.97 12018.9 11747.3 10842.5
internal_count=620798 304558 47459 12868 316240 313374 25842 287532 87249 200283 25194 175089 172181 160873
is_linear=0
shrinkage=0.05


Tree=165
num_leaves=15
num_cat=0
split_feature=59 76 73 73 1 4 49 53 52 73 73 2 49 66
split_gain=21.4893 17.8494 16.0753 22.724 15.4252 21.1756 15.644 16.4359 18.8557 15.318 17.1414 15.1915 14.2488 17.6785
threshold=9.5000000000000018 0.0103860916569829 0.68564194440841686 0.69512599706649791 0.01822362840175629 0.075000002980232253 -0.012148738373070954 -0.17490471154451367 0.12346998229622842 0.30817307531833654 0.28502207994461065 0.016246253624558452 -0.032390262931585305 0.3886458575725556
decision_type=8 10 2 2 10 10 2 10 10 2 2 2 2 8
left_child=1 2 4 -4 5 9 7 -6 -9 10 -1 -3 13 -5
right_child=-2 11 3 12 6 -7 -8 8 -10 -11 -12 -13 -14 -15
leaf_value=0.0053724715817589945 -0.01414935173974865 -0.010555822148799854 -0.013327619531311584 -0.0032764309100462938 0.0029053268500651673 0.011690380854230705 -0.0106954133401544 -0.0069407662812596485 0.0011361985764772758 0.00075505412464009188 0.029907001377242871 -0.00052204455766440624 0.0057788758585176764 0.009040891681556305
leaf_weight=289.53139935643412 257.64362065680325 371.74392054718919 356.81128418422304 2552.3886666211765 7034.1587202821393 889.96108793700114 258.59899304178543 1029.4368254821748 2363.2954439306632 1894.5125123474281 87.226491912500933 32229.1111012334 759.08688055165112 318.96979965828359
leaf_count=7323 1424 42948 6423 34897 53719 14027 3006 14913 22180 87687 2021 306717 21668 2020
internal_value=-1.89676e-05 5.60074e-05 0.00132735 -0.0014674 0.00213259 0.00519542 0.00122246 0.00152801 -0.00132774 0.00261038 0.0116791 -0.00063966 -0.000268333 -0.00188151
internal_weight=50692.5 50434.8 17834 3987.26 13846.7 3161.23 10685.5 10426.9 3392.73 2271.27 376.758 32600.9 3630.45 2871.36
internal_count=620973 619549 269884 65008 204876 111058 93818 90812 37093 97031 9344 349665 58585 36917
is_linear=0
shrinkage=0.05


Tree=166
num_leaves=15
num_cat=0
split_feature=8 57 19 5 2 58 58 2 68 71 71 73 1 1
split_gain=18.3053 31.0139 17.7489 17.202 28.995 29.1939 28.1405 22.3673 32.1311 29.776 63.8649 26.8388 26.1369 19.6272
threshold=1.0000000180025095e-35 0.13682287186384204 0.0066768014803528794 1.2309579849243166 0.051274050027132041 0.011267842259258034 -0.0022547643166035409 0.048795027658343322 0.059755168855190284 0.0222374526783824 0.031290347687900073 0.78125637769699108 0.055043572559952743 0.026614408940076831
decision_type=2 8 10 2 2 2 2 2 8 2 2 2 10 10
left_child=3 2 -2 7 5 6 -5 8 12 -10 -11 -12 13 -1
right_child=1 -3 -4 4 -6 -7 -8 -9 9 10 11 -13 -14 -15
leaf_value=0.00029612208086307829 0.0049794370036400463 -0.01753437051924419 -0.0047816504790433971 0.0077881005394151411 -0.0025173472185032117 0.014842533063278825 -0.004436402199146307 0.0011784886743583804 -0.014642034853352854 0.021350391401339815 -0.026647553461781201 0.00010107850411613533 -0.015770938883088795 -0.0025422458082613557
leaf_weight=16804.296910630306 4064.20049658278 165.96299150399864 517.81261822488159 1165.4487949307077 1558.4835037142038 688.4189017910976 776.83723641186953 13656.0171100609 828.93474690709263 212.26015165494755 166.66485935612582 199.71757384692319 282.16289049992338 9541.4726059865206
leaf_count=349100 68914 1041 3690 9999 7501 5378 8409 69469 12410 2825 2345 2439 2290 75174
internal_value=0.000132888 0.00308493 0.00386833 -0.00017321 0.00287715 0.00607038 0.00290111 -0.000480328 -0.00128846 -0.00862377 9.99807e-05 -0.0124514 -0.000897622 -0.000732405
internal_weight=50628.7 4747.98 4582.01 45880.7 4189.19 2630.7 1942.29 41691.5 28035.5 1407.58 578.643 366.382 26627.9 26345.8
internal_count=620984 73645 72604 547339 31287 23786 18408 516052 446583 20019 7609 4784 426564 424274
is_linear=0
shrinkage=0.05


Tree=167
num_leaves=15
num_cat=0
split_feature=73 14 73 68 73 68 70 69 70 69 69 68 73 2
split_gain=17.8605 39.0101 38.8431 52.3841 30.2343 32.8085 29.1515 49.1314 57.1559 36.2873 59.1065 88.1953 44.8955 29.8357
threshold=0.83436530828475963 0.33343039453029638 0.78917726874351513 0.034527590498328216 0.71488821506500255 0.053917597979307182 -0.00099640031112357952 0.13454668223857882 -0.0017364567611366508 0.071688499301671996 0.061163321137428291 0.048281200230121619 0.72783133387565624 0.030138365924358371
decision_type=2 8 2 10 2 10 2 10 2 8 10 10 2 2
left_child=2 -2 4 -4 5 -1 7 8 -6 10 12 -12 -8 -14
right_child=1 -3 3 -5 6 -7 9 -9 -10 -11 11 -13 13 -15
leaf_value=0.00023866868527896114 -0.0083126578627489341 0.0079499307046646799 0.025570880047424967 0.0035580532760258322 -0.0069444438811694584 0.016334146657655833 -0.029184839269928726 0.023930375103324179 0.020769827737571731 -0.011588960679821958 -0.0079402171847364738 0.033337818237711141 -0.015939795365413772 0.0024650909730436258
leaf_weight=41256.060521004954 1567.2797396234237 472.58453598152846 304.91316468804143 1942.2537041213363 982.42802771669813 309.05835979734547 184.97442330000922 209.93327568401583 219.01378651894629 1660.8312148528639 249.44107279041782 252.11261757533066 302.85425782692619 736.48639751784503
leaf_count=495169 19283 5386 3804 22747 13615 3339 2754 1823 3191 26212 5346 3008 9774 5397
internal_value=4.71829e-05 -0.00452463 0.000239924 0.00664498 -7.18877e-05 0.000362247 -0.00382567 0.00220055 -0.0017626 -0.00633613 -0.0012436 0.0130548 -0.00715941 -0.00299872
internal_weight=50650.2 2039.86 48610.4 2247.17 46363.2 41565.1 4798.08 1411.38 1201.44 3386.7 1725.87 501.554 1224.32 1039.34
internal_count=620848 24669 596179 26551 569628 498508 71120 18629 16806 52491 26279 8354 17925 15171
is_linear=0
shrinkage=0.05


Tree=168
num_leaves=15
num_cat=0
split_feature=53 54 27 1 2 69 73 6 72 69 74 74 70 69
split_gain=16.6839 38.9966 39.6445 28.8836 23.9933 23.5794 23.238 26.0223 22.3146 29.908 24.8595 33.1419 50.192 28.1992
threshold=-0.17866473644971845 0.41600660979747778 1.0368170142173769 0.018118170090019706 0.02404618822038174 -0.13153804093599317 0.72160628437995922 0.068550426512956633 0.015333235263824465 -0.026947265490889546 -0.00055568764219060529 0.010788062121719124 0.0068016366567462691 0.11677930876612665
decision_type=10 10 2 8 2 10 2 2 10 10 2 2 2 10
left_child=3 2 5 6 -5 -2 7 -1 10 -10 -3 -12 -13 -14
right_child=1 8 -4 4 -6 -7 -8 -9 9 -11 11 12 13 -15
leaf_value=-0.0032278904977171927 0.019192110964040082 0.0019685657738978996 -0.00049334977931647856 -0.010346231516495628 0.00019522583768028138 -0.010621957234271078 -0.0043652340724599703 0.0093353803764957295 -0.0016143156317477069 0.015394565507722176 -0.004634082485471507 0.023406439345470331 0.004322535320114897 -0.011142555379838773
leaf_weight=504.67683467222378 59.386576742399484 5187.2981953544077 2176.5998656437732 539.83953307662159 29535.310103788041 2338.3899231764954 542.15095103532076 2138.4009495151695 505.33816059189849 515.34370325924829 5070.8198028169572 256.17695205286145 977.8298453183379 410.13117431337014
leaf_count=8907 568 66925 54891 11810 200606 102081 15915 55921 3907 4886 77204 2774 11223 4409
internal_value=-0.000174661 -0.00142403 -0.00538603 0.000482826 2.63388e-06 -0.0098069 0.00500263 0.00693339 -1.85067e-05 0.00703953 -0.000629173 -0.00263587 0.00351775 -0.00029429
internal_weight=50757.7 17497.3 4574.38 33260.4 30075.1 2397.78 3185.23 2643.08 12922.9 1020.68 11902.3 6714.96 1644.14 1387.96
internal_count=622027 328868 157540 293159 212416 102649 80743 64828 171328 8793 162535 95610 18406 15632
is_linear=0
shrinkage=0.05


Tree=169
num_leaves=15
num_cat=0
split_feature=72 68 73 4 71 72 68 72 70 74 70 74 71 73
split_gain=23.5169 20.5896 33.5581 18.6878 20.1604 14.9054 20.4687 79.1634 57.5261 74.7575 54.7 34.5196 48.9599 58.4063
threshold=0.0032017922494560484 0.020360354334115986 0.69089853763580333 1.0000000180025095e-35 -0.02760831173509359 0.054642656818032272 -0.073404144495725618 0.017148304730653766 -0.0061440926510840646 -0.023058580234646794 0.019053208641707901 -0.018727028742432591 -0.017199751920998093 0.30366551876068121
decision_type=8 10 2 8 2 8 8 10 2 2 2 2 2 2
left_child=1 -1 -3 4 -2 6 7 -5 9 -9 -10 12 13 -8
right_child=3 2 -4 5 -6 -7 11 8 10 -11 -12 -13 -14 -15
leaf_value=-0.0050573715165392677 0.0084677024579669323 0.034303730980971218 0.00023863359915899247 0.018959130558970413 -0.0088195979243779702 -0.010347623887506027 -0.012279725452378784 -0.003240772653672605 -0.020421896181122366 0.022581402806419286 0.0038136523989223607 0.00025164646031211726 -0.01562219158847198 0.0079565922736746682
leaf_weight=120.87487199157476 192.51911718887277 152.25770470150746 130.65162548352964 685.85913315834478 1043.9617218007334 327.89304905571043 600.46947302785702 710.73049303051084 516.16286537819542 450.55546288797632 412.76258450048044 43715.705289479112 833.23145128996111 847.319086949341
leaf_count=2730 4581 3264 4071 4048 77392 1742 4467 4086 3176 2577 2037 492487 7829 7269
internal_value=6.18727e-05 0.0119331 0.0191172 -3.57046e-05 -0.00608164 0.000117755 0.000190219 0.00435171 -0.000508858 0.00688497 -0.00972705 -6.18336e-05 -0.00604455 -0.000463071
internal_weight=50741 403.784 282.909 50337.2 1236.48 49100.7 48772.8 2776.07 2090.21 1161.29 928.925 45996.7 2281.02 1447.79
internal_count=621756 10065 7335 611691 81973 529718 527976 15924 11876 6663 5213 512052 19565 11736
is_linear=0
shrinkage=0.05


Tree=170
num_leaves=15
num_cat=0
split_feature=72 38 2 58 72 72 72 23 27 24 74 10 73 73
split_gain=15.3426 15.1833 15.1165 54.1852 28.7142 25.5963 31.7388 40.0346 24.4975 23.0553 20.2519 17.6269 43.533 48.1242
threshold=0.054642656818032272 1.0000000180025095e-35 0.078171107918024077 0.032879764214158065 0.012272980064153673 0.02781627140939236 0.032991603016853339 0.012264059390872719 0.46199081838130956 -0.017756216228008267 -0.04474180564284324 -0.021836939267814156 0.31232108175754553 0.28502207994461065
decision_type=8 2 2 2 10 10 10 2 2 2 2 2 2 2
left_child=1 2 5 4 -4 8 -7 -8 9 -1 -10 12 13 -12
right_child=-2 -3 3 -5 -6 6 7 -9 10 -11 11 -13 -14 -15
leaf_value=0.0024497093961094924 -0.010523131541404773 -0.0038092492068061731 0.0018069473655641462 -0.010481749906976737 0.010949881989652957 -0.017437384540800006 -0.010404418469321245 0.01324876593040057 -0.016297317585776728 -0.0094452708384452095 0.0011725473072974574 0.0014176711160768475 -0.0023800628034958407 0.015320098492615637
leaf_weight=611.74874370940961 328.27335709240288 2288.189781812951 2075.6533067375422 604.784414306283 1460.667774155736 450.50646968372166 421.564921438694 295.57297464925796 168.03502964088693 1188.9180761263706 3643.2882972250227 25262.723784245318 11142.234111386351 710.34914857568219
leaf_count=5562 1747 27987 9871 2840 6904 3863 3080 1794 1223 18495 27882 390183 114400 5396
internal_value=8.97082e-05 0.000161014 0.000350891 0.00323487 0.00560364 7.81376e-05 -0.00719381 -0.000607474 0.000278501 -0.00541292 0.00053017 0.000603525 -0.000723825 0.00351071
internal_weight=50652.5 50324.2 48036 4141.11 3536.32 43894.9 1167.64 717.138 42727.3 1800.67 40926.6 40758.6 15495.9 4353.64
internal_count=621227 619480 591493 19615 16775 571878 8737 4874 563141 24057 539084 537861 147678 33278
is_linear=0
shrinkage=0.05


Tree=171
num_leaves=15
num_cat=0
split_feature=68 68 70 70 68 22 73 69 73 69 70 69 73 73
split_gain=18.9316 188.868 36.3309 57.287 118.66 32.5508 34.1928 89.9906 45.2603 27.961 50.6705 61.8497 43.4721 39.1674
threshold=-0.025118615478277203 -0.026530045084655281 -0.027607571333646771 -0.020596803165972229 0.0077630730811506518 27.133580207824711 0.30366551876068121 0.047564163804054267 0.33264468610286718 0.061163321137428291 0.010471008252352478 -0.057505531236529343 0.32853887975215917 0.90521198511123668
decision_type=8 10 2 2 10 8 2 10 2 10 2 8 2 2
left_child=1 -1 -2 4 -4 6 7 -5 -8 10 13 -12 -13 -7
right_child=2 -3 3 5 -6 9 8 -9 -10 -11 11 12 -14 -15
leaf_value=0.00049614109708419254 -0.021825153051868842 0.039154995839396294 0.041772729354251005 -0.0083105272474913918 -0.0053013407560341692 -0.0037327080806509438 -0.02369154072579489 0.030929611173011157 -0.0032981347006133424 0.0013840138388511349 0.02611727186574965 -0.018255038270403281 0.0044017457882170275 0.01620738364344226
leaf_weight=9477.055122384103 191.7922490357887 316.84296886692755 230.57917358260602 334.65736291091889 297.38598251063377 9968.0701989822555 270.45014519290999 245.02773882541806 9517.6729356441647 17107.264296182198 289.73351334780455 229.47938061133027 1820.8433135475498 242.77913608774543
leaf_count=74422 1972 2819 2150 2991 2528 152977 3019 1884 110829 236916 2452 2188 20315 2285
internal_value=-0.000187266 0.00178546 -0.000661763 -0.000556319 0.0156517 -0.000773969 -0.00318412 0.00851916 -0.00388522 6.93544e-05 -0.00172224 0.00490006 0.00178962 -0.00324321
internal_weight=50539.6 9793.9 40745.7 40553.9 527.965 40026 10367.8 579.685 9788.12 29658.2 12550.9 2340.06 2050.32 10210.8
internal_count=619747 77241 542506 540534 4678 535856 118723 4875 113848 417133 180217 24955 22503 155262
is_linear=0
shrinkage=0.05


Tree=172
num_leaves=15
num_cat=0
split_feature=31 74 70 72 71 72 72 74 72 72 70 70 84 70
split_gain=17.6864 26.3622 13.7376 80.7997 82.9394 48.9593 76.7238 65.3498 32.9622 86.3353 138.952 97.273 75.0854 64.8935
threshold=19.8100700378418 -0.017136160284280774 0.0094097098335623758 0.006975320866331459 0.017589283175766472 0.0078111961483955392 0.0082401977851986902 0.0066616924013942489 0.016764153726398948 0.014959203545004131 -0.0033038113033398982 0.0044927133712917575 2.5000000000000004 -0.017555826343595978
decision_type=2 2 2 8 2 10 10 2 8 10 2 2 2 2
left_child=2 -2 8 4 -4 -5 -7 -8 9 -1 13 -12 -10 -11
right_child=1 -3 3 5 -6 6 7 -9 12 10 11 -13 -14 -15
leaf_value=-8.641084057885894e-05 0.0080776415969143252 -0.0040294127884986245 0.0081043328854471467 -0.014236701338681304 0.047579729261746348 0.028131999627686689 0.021174379933639857 -0.0003982422608252403 -0.010186861295023043 0.019158180641437803 0.049602382479022385 0.0101175420732743 0.0037268341406334984 -0.0087504072467146747
leaf_weight=32028.346739284927 491.69897454255261 4371.0922786812298 517.77226767316461 500.55214310879819 171.79916316457093 256.15059346193448 361.12006962439045 6488.2169227951672 2294.4867509771138 290.48802469391376 307.05946622230113 319.74963597627357 1666.8833196708001 668.84121470409445
leaf_count=430472 4267 62156 7430 6545 2209 3174 3886 58276 17207 2029 2814 2878 12759 5468
internal_value=7.29344e-05 -0.00279115 0.000377095 0.00221734 0.0184787 0.000720735 0.00179295 0.00076835 -2.96562e-05 0.000479156 0.0118284 0.0299354 -0.00433755 -0.000189134
internal_weight=50734.3 4862.79 45871.5 8295.61 689.571 7606.04 7105.49 6849.34 37575.9 33614.5 1586.14 626.809 3961.37 959.329
internal_count=621570 66423 555147 81520 9639 71881 65336 62162 473627 443661 13189 5692 29966 7497
is_linear=0
shrinkage=0.05


Tree=173
num_leaves=15
num_cat=0
split_feature=68 68 71 71 70 84 71 71 71 71 71 68 71 69
split_gain=18.3925 208.008 65.2981 109.981 63.32 84.5032 57.6963 49.7443 108.645 51.5733 80.1061 88.7308 66.9909 58.4368
threshold=-0.025118615478277203 -0.026530045084655281 -0.010321858804672955 -0.0021606994559988375 0.019053208641707901 1.0000000180025095e-35 -0.013642623089253901 -0.047380616888403886 -0.037121023982763283 -0.0302647091448307 -0.02760831173509359 -0.02227353677153587 -0.025046838447451588 -0.063476167619228349
decision_type=8 10 2 2 2 2 2 2 2 2 2 8 2 8
left_child=1 2 6 -4 5 -5 -1 -2 -9 -10 -11 -12 -13 -14
right_child=7 -3 3 4 -6 -7 -8 8 9 10 11 12 13 -15
leaf_value=-0.0015281215233534651 -0.028039704362276076 0.041288281815531076 0.024253632832337862 -0.022142507478762299 0.013611756924268789 0.0024042317822068784 -0.024172368417508003 0.025876769485296769 -0.014056003604409893 0.019618549265601436 -0.022184858678899775 -0.018062300862624992 0.014879643305359078 -0.00046952359731536862
leaf_weight=5741.1619566269219 154.17557133128867 313.1471240115352 655.04438589909114 442.16335532534868 778.10868568089791 1554.2857500186656 285.91855820827186 377.8230083072558 701.58780390163884 479.90830138814636 465.87706963252276 523.21967839403078 620.48869178979658 37605.750559319509
leaf_count=44418 1439 2737 5197 3740 5037 13072 2778 3397 7005 3993 4812 5149 5420 512818
internal_value=-0.00010689 0.00184122 0.000492742 0.00599086 0.00160759 -0.00311552 -0.0026406 -0.000572246 -0.000461538 -0.000714217 -0.000474929 -0.000725768 -0.000462112 -0.000216549
internal_weight=50698.7 9769.83 9456.68 3429.6 2774.56 1996.45 6027.08 40928.8 40774.7 40396.8 39695.2 39215.3 38749.5 38226.2
internal_count=621012 76979 74242 27046 21849 16812 47196 544033 542594 539197 532192 528199 523387 518238
is_linear=0
shrinkage=0.05


Tree=174
num_leaves=15
num_cat=0
split_feature=27 4 4 60 79 70 72 71 74 71 74 72 27 24
split_gain=16.5378 21.4235 18.8468 22.0897 17.137 17.0732 16.5355 25.2639 23.7302 43.381 19.6182 18.7381 16.7246 21.3591
threshold=1.7574757337570193 0.32500000298023229 0.058333335444331176 1.0000000180025095e-35 -0.054561138153076165 0.008647046051919462 0.019183725118637088 -0.054346878081560128 0.010788062121719124 0.011720916256308557 0.0095987762324512022 0.0082401977851986902 0.74005803465843212 -0.027959026396274563
decision_type=2 10 8 10 10 2 10 2 2 2 2 10 2 2
left_child=2 5 3 4 -1 -2 7 -6 10 11 12 -10 -9 -14
right_child=1 -3 -4 -5 6 -7 -8 8 9 -11 -12 -13 13 -15
leaf_value=-0.014499793241714191 0.0031697533658748751 -0.0036289661049349153 0.00017079436619692735 -0.006737565449890748 0.023178605666662133 0.012494057840135856 -0.019530659283198436 -0.0075689793620745908 0.040533000318929951 -0.0093427164349420208 -0.022281437230876344 0.012476196493206528 -0.0064836553636058811 0.003717780699853482
leaf_weight=201.38446374214254 2941.7701526973397 967.19961968250573 39611.935230337316 2241.198579253396 110.30903019150719 582.58579655457288 94.536546623101458 709.18368257489055 87.673400496365502 164.31729507702403 99.961263927863911 190.51741587370634 686.74143614456989 1938.1769034455065
leaf_count=14098 29369 4751 332049 56487 1318 4891 1753 44713 3830 6061 4295 5244 17364 94309
internal_value=4.2645e-05 0.00293542 -0.000239556 -0.00272754 -0.000618274 0.00474208 0.000100431 0.000613621 -8.64579e-05 0.0106785 -0.00150059 0.0224181 -0.000812781 0.00103436
internal_weight=50627.5 4491.56 46135.9 6524 4282.8 3524.36 4081.42 3986.88 3876.57 442.508 3434.06 278.191 3334.1 2624.92
internal_count=620532 39011 581521 249472 192985 34260 178887 177134 175816 15135 160681 9074 156386 111673
is_linear=0
shrinkage=0.05


Tree=175
num_leaves=15
num_cat=0
split_feature=60 2 70 50 74 74 71 73 74 71 71 71 73 71
split_gain=13.4986 25.928 18.7991 30.5098 25.6787 95.625 77.1549 23.6236 31.7811 22.7762 50.8249 61.2685 37.9028 35.775
threshold=1.0000000180025095e-35 0.02404618822038174 0.0090874917805194872 0.052625905722379691 0.0056265767198055991 0.0051510839257389316 0.011509427335113289 0.47195710241794592 0.016845984384417537 -0.017199751920998093 -0.0302647091448307 -0.02760831173509359 0.42794576287269598 -0.037121023982763283
decision_type=10 2 2 2 2 2 2 2 2 2 2 2 2 2
left_child=2 -2 4 7 5 9 -7 8 -4 10 13 -12 -11 -1
right_child=1 -3 3 -5 -6 6 -8 -9 -10 12 11 -13 -14 -15
leaf_value=0.0032734831014398615 -0.00677861406497048 -0.00025442165741433121 0.031013769004678188 0.0015646705461381052 -0.0041982186233831317 0.04848279946290588 -0.0034894120328850873 0.0039247268110030684 0.0010135505975867314 -0.007758835745682648 0.03349296486744302 0.006302412607285094 0.00087829465016886249 -0.015500738191667647
leaf_weight=827.13598858867772 1592.7798379568849 30555.599217885174 271.65092165884562 1878.8865222367458 2481.5419214330614 180.57697683130391 112.17377618560567 360.96927098603919 129.59071063390002 1463.6328619488049 252.37370183318853 1019.4099682343658 9191.7975550442934 354.45358260325156
leaf_count=9043 51479 212937 5440 27362 48112 3778 2255 9202 2229 26743 3173 16130 197504 5028
internal_value=3.97545e-05 -0.000579668 0.00111448 0.00501226 0.000463601 0.00132931 0.029111 0.0133804 0.0215847 0.000687159 0.00502014 0.0119173 -0.000314266 -0.00244123
internal_weight=50672.6 32148.4 18524.2 2641.1 15883.1 13401.6 292.751 762.211 401.242 13108.8 2453.37 1271.78 10655.4 1181.59
internal_count=620415 264416 355999 44233 311766 263654 6033 16871 7669 257621 33374 19303 224247 14071
is_linear=0
shrinkage=0.05


Tree=176
num_leaves=15
num_cat=0
split_feature=60 0 67 84 0 69 69 69 69 22 1 31 69 69
split_gain=17.8513 26.066 25.6931 19.7776 38.0249 27.8497 22.233 17.8261 127.297 19.6255 14.933 14.0505 15.0706 28.0368
threshold=1.0000000180025095e-35 0.028834600932896141 0.047311479225754745 1.0000000180025095e-35 0.024827441200613979 -0.044166443869471543 -0.13803395628929135 0.14863986521959308 0.1427184194326401 93.734519958496108 0.019560911692678932 20.62563514709473 0.10132142156362535 0.091144241392612471
decision_type=8 2 2 2 2 8 8 10 10 8 8 2 8 10
left_child=2 10 3 4 -1 -6 -5 8 9 11 -2 12 13 -8
right_child=1 -3 -4 6 5 -7 7 -9 -10 -11 -12 -13 -14 -15
leaf_value=-0.012692871360842378 -0.0029008667340581825 -0.00026779195634680342 0.01090670476835278 0.022447800273649569 -0.01688294642567055 0.001776889001586906 0.0019852339508761234 -0.0074639934331781239 0.044443634777280881 -0.0085656596452719242 -0.011482517558574204 -0.0092775973901881043 -0.0010496349567929348 0.010645528886359428
leaf_weight=712.57225680840202 1511.0424964772537 29927.046301756054 659.16536114946939 118.35696561727673 207.78798996657133 2433.1389941480011 8749.952565607382 519.86194625427015 163.50046449457295 472.41756144864485 760.64376263087615 275.35074564674869 3171.2787686337251 1037.5758575920481
leaf_count=38331 48508 198620 4369 839 2246 25481 173274 7297 2372 13057 18090 7787 63373 17841
internal_value=5.07434e-05 -0.000660634 0.00128716 0.000926263 -0.00252928 0.000250585 0.00172618 0.00154028 0.0018829 0.00134318 -0.00581205 0.00170309 0.00194338 0.00291324
internal_weight=50719.7 32198.7 18521 17861.8 3353.5 2640.93 14508.3 14389.9 13870.1 13706.6 2271.69 13234.2 12958.8 9787.53
internal_count=621485 265218 356267 351898 66058 27727 285840 285001 277704 275332 66598 262275 254488 191115
is_linear=0
shrinkage=0.05


Tree=177
num_leaves=15
num_cat=0
split_feature=72 71 67 21 84 68 72 68 71 73 72 68 73 72
split_gain=16.812 27.9198 16.158 25.001 24.6895 36.2997 25.0204 45.2017 24.0466 54.6595 20.6639 23.3242 30.1171 23.1092
threshold=0.003391561447642744 -0.0011099837720394132 0.0075257665012031802 97.166416168212905 1.5000000000000002 0.043877916410565383 0.019302437081933025 -0.093524657189846025 0.017263500019907955 0.72783133387565624 0.0064618547912687072 0.053917597979307182 0.76788634061813366 0.010953076183795931
decision_type=8 2 2 8 2 10 10 10 2 2 10 8 2 10
left_child=1 -1 3 -2 8 6 -6 -8 10 -10 -4 12 13 -12
right_child=2 -3 4 -5 5 -7 7 -9 9 -11 11 -13 -14 -15
leaf_value=0.027899960475511472 -0.00066285699065322858 0.0024614451552449224 -0.0050350715686582476 -0.017063675943394401 0.0029561626367851116 -0.0041621361765016669 -0.0020982903766813914 0.020978708924306894 -0.013337203419093339 0.0072409737352847076 0.0055009337954401612 -0.013074161956582054 0.019354858805868375 -0.0024253432236755116
leaf_weight=128.95363413565792 31917.000910583884 492.63264246378094 1359.9278387604281 224.0891658954788 8368.5900807012804 1682.5225483407266 349.65258133970201 523.24827341036871 1013.2048906760756 463.71256940625608 1953.0730095554609 230.76010665181093 251.7008856900502 1721.745166053297
leaf_count=2781 420760 12347 17948 6827 87225 16223 1704 3342 9237 4159 20292 2009 2166 14008
internal_value=-9.57598e-06 0.00809708 -0.000111834 -0.000782476 0.00109091 0.0025751 0.00380487 0.0118158 -0.00122758 -0.00687096 0.00029281 0.00204356 0.00296298 0.00179077
internal_weight=50680.8 621.586 50059.2 32141.1 17918.1 10924 9241.49 872.901 6994.12 1476.92 5517.21 4157.28 3926.52 3674.82
internal_count=621028 15128 605900 427587 178313 108494 92271 5046 69819 13396 56423 38475 36466 34300
is_linear=0
shrinkage=0.05


Tree=178
num_leaves=15
num_cat=0
split_feature=71 23 73 69 68 68 71 71 71 71 71 71 68 69
split_gain=16.8667 49.0376 32.2158 43.7486 20.6968 189.74 62.1252 95.6315 66.0741 57.6482 79.7185 61.3832 52.4405 42.3607
threshold=0.048369815573096282 -0.008462732192128895 0.19408389180898669 -0.039398560300469392 -0.025118615478277203 -0.026530045084655281 -0.047380616888403886 -0.037121023982763283 -0.0302647091448307 -0.010321858804672955 -0.0021606994559988375 -0.014428274706006048 -0.036575015634298318 -0.052111282944679253
decision_type=2 2 2 10 8 10 2 2 2 2 2 2 10 8
left_child=4 -2 -3 -4 5 9 -6 -8 -9 11 -11 13 -12 -1
right_child=1 2 3 -5 6 -7 7 8 -10 10 12 -13 -14 -15
leaf_value=-0.0048820598744640795 0.010319023370796323 0.0053459643547725437 -0.032186552418397435 -0.0072505430347861929 -0.03101969412913046 0.04082017761727956 0.024164981459760305 -0.015732328711851509 -0.0002518996923864645 0.021705889157906472 0.0061551004100330571 -0.021034340964205145 -0.012143695289432335 0.0037502671605268885
leaf_weight=2837.1988850149792 352.71928801294416 225.91170831257477 261.36684372089803 523.60787275456823 155.07081799115986 297.68950457847677 386.04745743935928 691.80964526697062 38683.358317338629 665.97509540105239 1760.9058845532127 381.99377853656188 492.8792804593686 2827.6876194477081
leaf_count=18413 2518 1446 2376 5530 1474 2518 3445 7012 523500 5192 13592 3735 4666 25255
internal_value=-6.75454e-05 -0.00553232 -0.0111101 -0.0158537 8.50674e-05 0.00221282 -0.000409202 -0.00028205 -0.000527812 0.000887024 0.00664421 -0.00189924 0.00211738 -0.000574128
internal_weight=50544.2 1363.61 1010.89 784.975 49180.6 9264.33 39916.3 39761.2 39375.2 8966.64 2919.76 6046.88 2253.79 5664.89
internal_count=620672 11870 9352 7906 608802 73371 535431 533957 530512 70853 23450 47403 18258 43668
is_linear=0
shrinkage=0.05


Tree=179
num_leaves=15
num_cat=0
split_feature=28 58 0 84 74 71 74 71 2 72 72 71 71 69
split_gain=15.5291 20.3785 19.7415 16.664 45.9811 44.5838 43.1778 42.5974 38.2018 36.7868 109.321 46.2254 61.2426 87.5686
threshold=1.374329209327698 -0.01495761191472411 0.054474042728543288 3.5000000000000004 -0.017551141791045662 0.038312071934342391 0.019590636715292934 0.0147480177693069 0.044349681586027152 0.019302437081933025 0.018020819872617725 -0.04176042973995208 -0.0086274417117238027 0.03993549011647702
decision_type=2 2 2 2 2 2 2 2 2 10 10 2 2 10
left_child=3 2 -2 -1 -5 6 7 9 -9 10 11 -6 13 -13
right_child=1 -3 -4 4 5 -7 -8 8 -10 -11 -12 12 -14 -15
leaf_value=0.0006965631340464458 0.010521194723660157 -0.0035998566427753995 -0.002249237366033224 -0.015408138569299382 -0.02591250516124189 0.014137063421779356 -0.026794961350797782 -0.014344794705138709 0.00062828266220245365 -0.020161332408316135 0.038873927535325946 -0.0012487239330316465 -0.0026229452062873308 0.021491313455927384
leaf_weight=35343.108889346709 542.71008671983145 5647.7071422194131 662.57786938548088 565.69533765641972 151.99002317548729 461.74210676085204 157.71515543363057 990.94900717004202 740.20745249092579 188.88246477721259 181.18794835032895 942.16542473458685 3440.1155351665802 757.29797770339064
leaf_count=447204 4316 53675 3305 5132 1246 4423 1401 20202 4177 1201 1174 10667 54633 8730
internal_value=-0.000128869 -0.00234075 0.00354022 0.000216704 -0.00175893 -0.000777242 -0.0017068 -0.00113611 -0.00797577 0.000965631 0.00173023 0.000387474 0.00121404 0.00895091
internal_weight=50774.1 6853 1205.29 43921.1 8577.95 8012.25 7550.51 7392.8 1731.16 5661.64 5472.76 5291.57 5139.58 1699.46
internal_count=621486 61296 7621 560190 112986 107854 103431 102030 24379 77651 76450 75276 74030 19397
is_linear=0
shrinkage=0.05


Tree=180
num_leaves=15
num_cat=0
split_feature=1 2 53 5 27 84 0 57 27 17 24 53 54 27
split_gain=15.4156 42.1754 28.65 25.5868 22.1891 26.2361 19.3655 17.9428 20.776 17.5922 15.8053 12.9695 26.0454 25.3009
threshold=0.013523500412702562 0.018757751211524013 -0.1677330285310745 1.3450925350189211 0.90935078263282787 1.5000000000000002 0.017983903177082542 0.018915683031082157 1.3697058558464053 4.5580050945281991 0.024951997213065628 -0.24339206516742704 0.65520545840263378 0.40825599431991583
decision_type=8 2 8 2 2 2 2 8 2 2 2 10 10 2
left_child=2 3 -1 -2 6 9 -4 8 -7 -6 -10 -3 -13 -14
right_child=1 11 4 -5 5 7 -8 -9 10 -11 -12 12 13 -15
leaf_value=0.013676586436131523 -0.01839416852092619 0.00059964971488307055 -0.016811513599983566 0.016731066804738091 0.023929937777031677 0.0088830740396863735 1.5777111569335223e-05 0.0028328467403205132 0.046235516769307372 -0.0072054115638992087 0.010412150016246293 -0.0030127078023890756 -0.012467671299711949 0.00099564932230662099
leaf_weight=551.94666636595502 449.07439558953047 27086.180950242095 255.41873710462824 50.603002311196178 40.525630401447415 263.60682674893178 480.46658438630402 410.32577715464868 79.445267564151436 452.37820727098733 58.086048295721412 9346.5697861416265 350.5883252909407 10825.327891783789
leaf_count=20979 25236 196794 41728 929 1693 18954 26334 18036 3610 24963 1981 143921 3130 92931
internal_value=-6.90975e-05 -0.000271793 0.0036793 -0.0145785 0.000921231 0.00482598 -0.0059719 0.0103056 0.0176946 -0.00422059 0.0328369 -0.000118607 -0.00106641 0.000562537
internal_weight=50700.5 48108.3 2592.2 499.677 2040.25 1304.37 735.885 811.464 401.138 492.904 137.531 47608.7 20522.5 11175.9
internal_count=621219 462941 158278 26165 137299 69237 68062 42581 24545 26656 5591 436776 239982 96061
is_linear=0
shrinkage=0.05


Tree=181
num_leaves=15
num_cat=0
split_feature=15 17 21 71 73 70 68 13 71 84 72 70 72 68
split_gain=20.0965 21.0774 17.7061 18.502 16.4157 16.3853 17.029 33.3048 47.0274 54.2865 34.7675 34.2977 72.8285 26.2044
threshold=21.19000339508057 1.5283554792404177 13.087051391601564 0.011882777791470291 0.61605250835418712 -0.044312106445431702 -0.039554694667458527 -0.016307333484292027 -0.0073139155283570281 2.5000000000000004 0.019590036943554882 -0.012761840131133793 0.015333235263824465 -0.031379032880067818
decision_type=10 2 10 2 2 2 8 10 2 2 10 2 10 8
left_child=2 -2 3 -1 -5 -3 7 8 11 10 -10 -7 -13 -8
right_child=1 5 -4 4 -6 6 13 -9 9 -11 -12 12 -14 -15
leaf_value=-0.0038297787224349715 0.0066048945139658005 -0.012775210186023421 0.001685319922782666 0.016321873182270918 -0.0023644416394896194 0.0087054124992300488 -0.010035303372168285 -0.0055653316787023163 0.015064942622426143 0.024244064712743197 -0.0067240051464320522 0.009480278262479009 -0.015237222022677483 -0.0012372574503929064
leaf_weight=2803.5546024858486 890.05635127518326 290.90596877364442 18417.615653423592 223.04767625965178 232.66388552309945 651.85224504861981 869.37514347676188 1099.5308535704389 322.09435579879209 517.01511356700212 398.99552627746016 487.17170021682978 736.89494598563761 22740.344718146604
leaf_count=29060 7929 1836 247770 2174 2587 4124 8355 10139 2299 3002 2374 3376 4434 292092
internal_value=-6.73027e-05 -0.000927917 0.00108412 -0.00230794 0.00693564 -0.00116866 -0.00104276 0.00188216 0.00452119 0.0120422 0.00308156 -0.00048018 -0.00540269 -0.00156534
internal_weight=50681.1 29004.2 21676.9 3259.27 455.712 28114.2 27823.3 4213.55 3114.02 1238.1 721.09 1875.92 1224.07 23609.7
internal_count=621551 339960 281591 33821 4761 332031 330195 29748 19609 7675 4673 11934 7810 300447
is_linear=0
shrinkage=0.05


Tree=182
num_leaves=15
num_cat=0
split_feature=22 12 65 70 58 69 70 67 5 74 70 74 74 69
split_gain=13.0349 12.3676 22.8611 22.6364 34.1103 20.4001 38.9838 16.4624 16.2872 19.5105 83.404 34.0168 19.8512 33.3391
threshold=96.934448242187514 -0.2928540557622909 -0.090120829641818986 -0.0081937285140156729 0.027379138395190242 0.0023779070470482115 0.015401393640786411 -0.00092941979528404761 0.93632754683494579 0.017736335285007957 0.015137062873691322 0.020043097436428074 -0.0078776418231427652 0.091786976903677001
decision_type=10 8 10 2 2 10 2 2 2 2 2 2 2 10
left_child=1 3 5 -1 -5 -3 7 -7 -4 12 11 -11 13 -10
right_child=-2 2 8 4 -6 6 -8 -9 9 10 -12 -13 -14 -15
leaf_value=-0.0033190811749327226 -0.010976561702780869 0.0019241241361807591 -0.0013151815177378434 0.0062833156616930383 -0.0095472015956073342 -0.00089523609146105942 -0.021772358673168735 -0.0060578237223935134 0.0013439290232152849 0.036587002749896951 0.00017803217467033335 0.0099992853156524748 -0.00014327611894062882 0.010741150246262543
leaf_weight=1210.0462589496747 255.57277647475712 2070.3544612166006 9842.8200403882656 3147.2909458447248 372.43452140875161 3913.1544831460342 277.29535173345357 2545.2973125877324 4961.5706496513449 240.61260831309482 1639.3442057815846 251.38588776532561 18724.680384574691 1156.6992352381349
leaf_count=6322 4946 14546 169286 17402 1808 34632 1972 22680 51601 2423 14611 2187 263821 12745
internal_value=7.16291e-05 0.000129874 -0.000122648 0.00256081 0.00458593 -0.00240967 -0.00374262 -0.00293605 0.000424881 0.00106007 0.00563967 0.0234719 0.000665068 0.00313516
internal_weight=50608.6 50353 45623.2 4729.77 3519.73 8806.1 6735.75 6458.45 36817.1 26974.3 2131.34 491.998 24843 6118.27
internal_count=620982 616036 590504 25532 19210 73830 59284 57312 516674 347388 19221 4610 328167 64346
is_linear=0
shrinkage=0.05


Tree=183
num_leaves=15
num_cat=0
split_feature=63 57 71 59 71 71 71 74 71 74 74 74 12 71
split_gain=14.1487 25.0354 20.3204 21.4145 21.0697 44.3322 40.8183 51.2385 39.744 47.2113 29.689 68.5061 28.2988 25.71
threshold=0.3292775452136994 0.014626534655690195 0.048369815573096282 1.5000000000000002 -0.0031737261451780792 -0.0086274417117238027 -0.0019462553318589924 0.0096960435621440428 -0.0025994244497269388 -0.0016844199853949247 0.019590636715292934 0.017489690333604816 0.67636412382125866 -0.021549537777900692
decision_type=10 10 2 10 2 2 2 2 2 2 2 2 8 2
left_child=1 -1 4 -4 5 10 7 8 9 -6 11 13 -7 -2
right_child=2 -3 3 -5 6 12 -8 -9 -10 -11 -12 -13 -14 -15
leaf_value=-0.014024608526906512 -0.0021856320183611866 -0.0011138437687617394 -0.017655570327771916 -0.0018119679932482977 0.014434763747221014 -0.0094966854644634637 0.0010265185528725654 0.037347265315381011 0.018250027602839912 -0.018134227717090397 -0.0088129053678387293 0.024970305957997013 0.0053691389080696489 0.0036969588752730378
leaf_weight=373.79628511588089 4072.6490953753237 17576.363412849372 296.30019563739188 711.2226195554249 188.48571498715319 2031.4205252726097 19823.450946774799 151.17144606402144 364.08610712876543 243.96788383158855 768.58381001185626 287.20597380097024 372.94212619867176 3397.9728456425946
leaf_count=21072 34600 189217 4068 4857 2359 29067 273725 1599 5181 3427 5575 2293 3862 40689
internal_value=-0.000262788 -0.00139036 0.000356231 -0.0065991 0.000579291 -0.00119689 0.00151413 0.0115964 0.00630678 -0.00393356 0.000496193 0.00142862 -0.00717815 0.000491399
internal_weight=50659.6 17950.2 32709.5 1007.52 31701.9 10930.8 20771.2 947.711 796.54 432.454 8526.41 7757.83 2404.36 7470.62
internal_count=621591 210289 411302 8925 402377 116086 286291 12566 10967 5786 83157 77582 32929 75289
is_linear=0
shrinkage=0.05


Tree=184
num_leaves=15
num_cat=0
split_feature=65 51 22 28 4 58 69 69 71 27 73 73 74 74
split_gain=15.3242 25.7642 18.3168 23.6298 25.7463 17.2288 19.3875 21.3701 16.0767 15.726 14.4888 40.0277 40.1716 62.9845
threshold=-0.13663597404956815 -0.26511678099632258 87.439140319824233 0.93578621745109569 0.4916666597127915 0.01458327751606703 0.004932673182338477 -0.069107543677091585 0.0026872437447309498 0.21379976719617846 0.68929871916770946 0.78917726874351513 0.0087608080357313173 0.011784493923187258
decision_type=10 10 8 2 8 2 8 10 2 2 2 2 2 2
left_child=1 5 9 4 8 6 7 -1 -4 -2 -11 -12 -13 -14
right_child=2 -3 3 -5 -6 -7 -8 -9 -10 10 11 12 13 -15
leaf_value=-0.00062520995032992808 0.012140338444932895 -0.0071042588552750656 -0.00016432373027467934 0.00036051440803463829 0.0087860004415908233 -0.0067075887609401395 -0.0012870467360855111 0.012071638318225907 -0.011016150028781218 0.0011371984757294333 -0.0039005968349317931 -0.00056340539444840222 0.034782118301198477 0.0046471564739949149
leaf_weight=632.10740231722593 288.58052534144372 1919.582399104489 447.1305332405027 3055.3316679578274 236.33513974584639 861.89740721136332 2875.0862671257928 684.46501396968961 1436.0797779131681 29765.65505994414 5223.6289124635514 2188.8248170299921 215.91366132628173 763.63600317947567
leaf_count=3141 2022 16761 8588 44686 1840 4345 16559 3667 28222 373351 79903 27567 2510 7265
internal_value=-1.45905e-05 -0.00218927 0.000333469 -0.00245637 -0.00649953 -0.000311973 0.00101594 0.00601692 -0.00845408 0.000709522 0.000619915 -0.00121401 0.00321363 0.0115739
internal_weight=50594.3 6973.14 43621.1 5174.88 2119.55 5053.56 4191.66 1316.57 1883.21 38446.2 38157.7 8392 3168.37 979.55
internal_count=620427 44473 575954 83336 38650 27712 23367 6808 36810 492618 490596 117245 37342 9775
is_linear=0
shrinkage=0.05


Tree=185
num_leaves=15
num_cat=0
split_feature=15 71 30 71 66 68 68 71 71 71 72 71 72 72
split_gain=12.5899 13.8416 16.1017 13.7223 13.0318 16.6265 141.015 35.5479 28.7735 92.0568 51.7347 41.6195 55.4002 37.6989
threshold=11.30499315261841 0.004398992285132409 0.12932731956243518 -0.0013038911274634299 0.4725023359060288 -0.025118615478277203 -0.026530045084655281 0.059811353683471687 -0.010321858804672955 0.011612716130912306 0.019183725118637088 -0.019577780738472935 0.014284735545516016 0.018477559089660648
decision_type=10 2 2 2 10 8 10 2 2 2 10 2 10 10
left_child=1 3 -3 -1 5 6 8 -7 11 10 -10 -2 -13 -11
right_child=4 2 -4 -5 -6 7 -8 -9 9 13 -12 12 -14 -15
leaf_value=0.0032275371010295965 -6.6517636840053091e-05 0.013574130339867152 -0.00040877996210265564 -0.011184753118166663 0.002970160450430687 -0.00084085844960141696 0.034170758243496142 0.019450457907581629 0.019370940418475077 -0.013293341874096349 -0.00065122626668367479 -0.0026926601471660011 -0.032264390759521498 0.0018534437234355135
leaf_weight=702.72259343205951 5069.377263489645 572.44611049536616 317.56094790017232 204.97505204309709 3407.8888002689928 35848.380491051124 311.78890504664741 207.16058083600365 1045.7895168687683 622.76949363271706 463.68289874424227 454.74071603175253 234.7209053998813 1165.2900879869703
leaf_count=8121 38943 7558 4956 3255 19037 502197 2636 1903 9230 5984 2912 4532 2068 7910
internal_value=0.000144404 0.00424195 0.00863582 -0.000113441 -7.2818e-06 -0.000231267 0.00164431 -0.000718912 0.00048805 0.00420551 0.0132567 -0.00164418 -0.0130774 -0.00346667
internal_weight=50629.3 1797.7 890.007 907.698 48831.6 45423.7 9368.16 36055.5 9056.37 3297.53 1509.47 5758.84 689.462 1788.06
internal_count=621242 23890 12514 11376 597352 578315 74215 504100 71579 26036 12142 45543 6600 13894
is_linear=0
shrinkage=0.05


Tree=186
num_leaves=15
num_cat=0
split_feature=73 12 73 74 74 26 69 69 73 69 69 74 69 74
split_gain=19.2045 43.6812 41.2122 85.8275 64.918 32.5728 28.3554 28.8701 53.5192 26.974 60.6275 38.6561 61.3769 46.0663
threshold=0.83436530828475963 0.32291530072689062 0.80592963099479686 0.011013411451131107 1.0000000180025095e-35 0.26144415140151983 0.15170435607433322 0.13689920306205752 0.68208155035972606 0.10132142156362535 0.09343582391738893 0.0075542449485510596 0.095412075519561781 0.011614826507866384
decision_type=2 8 2 2 2 8 10 10 2 8 10 2 10 2
left_child=2 -2 6 4 5 -4 7 9 -9 10 -1 12 -12 -13
right_child=1 -3 3 -5 -6 -7 -8 8 -10 -11 11 13 -14 -15
leaf_value=0.00011282095367403623 -0.0098051981946609204 0.0055980448938815503 0.0036860081685296964 0.03082703967416317 -0.0090700082708039722 0.030868549030563727 -0.012428904498749857 0.025552755187491328 0.0011148427554645037 -0.0022776485312508399 0.028457861336187853 -0.016223742586431146 0.0068326568091852617 0.010311144349902301
leaf_weight=33292.169896172592 1343.814527498791 689.37440812517889 246.87713517132215 327.09507030667737 588.55620876024477 193.74221432185732 435.92788606951945 307.92231517075561 761.99226109543815 9782.016900816001 413.56453498522751 307.06107409577817 1504.316071948735 328.2498105939012
leaf_count=405077 17543 7082 3255 2924 7694 1426 4539 3596 7493 129132 4687 3953 17943 3571
internal_value=0.000167819 -0.00458073 0.000367831 0.00892855 0.00173904 0.0160581 0.000119653 0.000239432 0.00831958 4.81793e-05 0.000683344 0.00809318 0.0116193 -0.00256648
internal_weight=50522.7 2033.19 48489.5 1356.27 1029.18 440.619 47133.2 46697.3 1069.91 45627.4 35845.4 2553.19 1917.88 635.311
internal_count=619915 24625 595290 15299 12375 4681 579991 575452 11089 564363 435231 30154 22630 7524
is_linear=0
shrinkage=0.05


Tree=187
num_leaves=15
num_cat=0
split_feature=59 51 68 54 68 69 69 71 58 17 74 71 69 57
split_gain=13.9024 16.4551 20.7302 19.3661 32.0013 91.6438 57.937 24.3025 22.7766 31.4738 31.0776 61.4215 33.0282 28.7586
threshold=7.5000000000000009 -0.32541131973266596 -0.13279618322849271 0.23875878751277926 0.049854528158903129 0.061813157051801688 0.097782924771308913 0.045195298269391067 -0.00076974887633696188 72.591751098632827 -0.0028125171083956953 -0.04176042973995208 0.021202730946242813 0.10359140112996103
decision_type=10 10 10 8 10 10 10 2 2 2 2 2 10 8
left_child=1 -1 -3 4 7 -6 -7 -4 9 -5 12 -12 -10 -14
right_child=-2 2 3 8 5 6 -8 -9 10 -11 11 -13 13 -15
leaf_value=0.0020423083516558911 -0.0062713892007035298 0.010178801893183204 -0.0025913791590890601 0.00032480689887408667 -0.0081671096946328847 0.061774567654126082 0.010506814556493518 -0.016975893857385554 -0.0051029975567110919 0.0062670256190754531 0.028387407812561816 -0.0026169706485620631 0.0068047358364934311 -0.0064245589970124174
leaf_weight=7723.1169383549131 912.69853334315121 442.34834618447348 10041.032371876528 9650.1817180111539 309.40726363868453 90.971857854863629 132.5727283549495 292.93254663003609 1063.8174714946654 2887.948173774872 151.70004050014541 13538.910452628275 2921.8022419516928 469.64063282473944
leaf_count=44521 4673 2316 163187 115063 5842 1866 3091 4079 11262 36804 1099 186113 38733 2687
internal_value=-0.000190154 -7.72758e-05 -0.000467489 -0.00058325 -0.00239606 0.00944254 0.0331221 -0.00301515 5.93382e-05 0.0016974 -0.00107281 -0.00225295 0.00255057 0.00495927
internal_weight=50629.1 49716.4 41993.3 41550.9 10866.9 532.952 223.545 10334 30684 12538.1 18145.9 13690.6 4455.26 3391.44
internal_count=621336 616663 572142 569826 178065 10799 4957 167266 391761 151867 239894 187212 52682 41420
is_linear=0
shrinkage=0.05


Tree=188
num_leaves=15
num_cat=0
split_feature=76 84 74 71 3 71 71 71 74 58 72 27 71 74
split_gain=15.6039 19.1374 29.1698 20.7437 25.1155 21.5432 28.2441 20.2437 28.4917 19.7314 24.7511 18.5047 17.0274 56.3885
threshold=0.017646951600909237 3.5000000000000004 -0.017551141791045662 -0.04483095929026603 0.12500000372529033 0.066725566983222975 0.055846257135272033 0.035511596128344543 0.0036138375289738183 0.01458327751606703 0.019183725118637088 0.97289738059043895 -0.0082825054414570314 -0.0016844199853949247
decision_type=8 2 2 2 2 2 2 2 2 2 10 2 2 2
left_child=1 3 -3 4 -1 6 9 8 12 -5 -11 -10 13 -4
right_child=-2 2 7 5 -6 -7 -8 -9 11 10 -12 -13 -14 -15
leaf_value=0.020641748039014411 -0.00074541616754781985 -0.017991756700557488 -0.00071858397887537189 0.0019831139233804497 0.0022462941682540923 0.017154578010196223 -0.018604117492129382 0.010527551244642589 -0.011961162766034742 -0.0052802413632422242 0.01091007642720866 -0.00069018351784742155 -0.0012348493400343721 0.030784095175520179
leaf_weight=303.84402682143264 27015.093003335409 254.84719775337726 518.25585958128795 15809.141167564085 460.79600960016251 203.74572214996442 168.58213116810657 346.28461785707623 878.38490248308517 1811.7914524171501 261.71322288177907 619.3294730046764 1783.1395412920974 185.45574500923976
leaf_count=3397 288190 2673 6395 241160 2487 1595 1660 3612 13813 14357 1573 8238 29478 2785
internal_value=7.50471e-05 0.00101394 -0.00188256 0.00171292 0.00972818 0.00137205 0.00118451 -0.000895352 -0.00191195 0.00138135 -0.00319418 -0.00733592 0.00137096 0.00789861
internal_weight=50620.4 23605.3 4585.7 19019.6 764.64 18255 18051.2 4330.85 3984.57 17882.6 2073.5 1497.71 2486.85 703.712
internal_count=621413 333223 66994 266229 5884 260345 258750 64321 60709 257090 15930 22051 38658 9180
is_linear=0
shrinkage=0.05


Tree=189
num_leaves=15
num_cat=0
split_feature=1 12 27 4 5 1 12 69 69 69 26 71 22 27
split_gain=14.0305 27.4029 29.4439 20.5061 24.1972 24.0483 19.5449 18.5381 20.0218 23.9653 17.0814 17.9067 18.6725 22.5336
threshold=0.012836290057748558 -0.027206055819988247 1.2035143971443178 0.075000002980232253 1.1940882802009585 0.028498057276010517 0.012903402559459211 -0.042247124016284936 -0.0020994962542317803 0.031258267350494869 -0.12624281644821164 0.019326150417327884 26.741101264953617 0.62159812450408947
decision_type=8 8 2 8 2 10 10 10 10 10 8 2 10 2
left_child=1 -1 -3 4 5 10 -4 -6 -9 -10 -2 12 -12 -14
right_child=3 2 6 -5 7 -7 -8 8 9 -11 11 -13 13 -15
leaf_value=0.015016279170791924 0.0022436272227904551 -0.0040711110239058605 -0.0060656774370976925 0.00025255800515187611 -0.0077290444231424924 -0.013863839689178096 0.014852803471130487 0.019408591988184894 -0.013063319078600907 0.0067091849331551868 -0.0079904947786495571 -0.01157489665480224 -0.012916177268166943 0.0010138374302767663
leaf_weight=433.54476317367516 1264.6729191215709 1038.3654974822421 141.43426460260525 40535.481984665152 296.73668905766681 537.43567871279083 448.42658975627273 217.87643067631871 180.77885332284495 774.46609844407067 1258.4425930087455 706.14593432331458 319.68716529081576 2422.4583296624478
leaf_count=21734 19144 92106 5930 307069 2713 7900 19351 1784 2039 10609 27514 21575 13846 67514
internal_value=-3.16474e-05 0.00399791 0.000990313 -0.000203685 -0.00251903 -0.00382685 0.00981956 0.00325903 0.00608026 0.00287069 -0.00290184 -0.00428622 -0.00297404 -0.000651194
internal_weight=50576 2061.77 1628.23 48514.2 7978.7 6508.84 589.861 1469.86 1173.12 955.245 5971.41 4706.73 4000.59 2742.15
internal_count=620828 139121 117387 481707 174638 157493 25281 17145 14432 12648 149593 130449 108874 81360
is_linear=0
shrinkage=0.05


Tree=190
num_leaves=15
num_cat=0
split_feature=22 5 72 12 71 72 84 72 71 70 70 66 14 31
split_gain=14.4477 24.2 17.0782 22.4689 22.7784 19.1253 15.4352 18.9935 29.6136 20.8184 24.3567 14.6742 13.7408 13.4423
threshold=85.333309173583999 0.84680011868476879 0.003391561447642744 -0.2463818937540054 -0.00061398436082527031 0.0036565227201208477 2.5000000000000004 0.0074519470799714336 0.011253559496253731 0.0059126350097358235 0.0026811801362782721 0.3886458575725556 -0.1419773995876312 18.147238731384281
decision_type=10 2 8 10 2 10 2 8 2 2 2 10 8 2
left_child=2 12 3 -1 -5 -4 7 8 -3 10 -10 -8 -2 -7
right_child=1 6 5 4 -6 13 11 -9 9 -11 -12 -13 -14 -15
leaf_value=-0.0077327033191016406 0.0033107822675050736 -0.0046478152755135855 -0.010792018949254108 0.036895871106420203 0.0081731991611657569 0.00092129003011991173 -0.00011658806081870041 -0.0064576185918187425 0.0059435993137990605 -0.0071815231055889885 0.030977298351777045 0.010235805838312654 -0.016022814232525644 -0.00085279981558676143
leaf_weight=140.50728003168479 110.97144749946892 891.32637580600567 394.99494998366572 83.0177068838384 303.40458774659783 23758.646292429417 1961.6060067981016 2157.8248401731253 267.98893976258114 127.93102605710737 148.27053057122976 404.6098970179446 450.96893599140458 19375.999705942115
leaf_count=2728 997 17209 8473 1855 7592 247962 33630 27606 5034 2528 2697 2674 10552 249419
internal_value=-0.000193145 -0.00238769 0.000132172 0.00899496 0.0151189 2.28465e-05 -0.00144227 -0.00350333 0.000951421 0.0100408 0.0153781 0.00168924 -0.0122137 0.000124359
internal_weight=50578.1 6521.5 44056.6 526.93 386.422 43529.6 5959.56 3593.34 1435.52 544.19 416.259 2366.22 561.94 43134.6
internal_count=620956 102927 518029 12175 9447 505854 91378 55074 27468 10259 7731 36304 11549 497381
is_linear=0
shrinkage=0.05


Tree=191
num_leaves=15
num_cat=0
split_feature=5 15 3 72 70 72 12 70 1 72 68 72 68 68
split_gain=16.4596 15.739 14.7268 12.9411 138.381 75.072 34.5868 48.6524 44.8372 24.7913 35.8926 27.6747 52.5716 71.9325
threshold=0.74160388112068187 11.30499315261841 0.22500000149011615 0.0054030916653573522 0.0090874917805194872 0.0052032878156751403 0.16216194629669192 -0.0014931086916476486 0.021908623166382316 0.0062149441801011571 -0.0020917954389005895 0.0063818860799074182 0.02715934440493584 0.040317663922905929
decision_type=2 8 2 8 2 10 10 2 10 10 8 10 10 10
left_child=2 -2 -1 4 5 -3 7 -7 -9 10 -5 12 -11 -14
right_child=1 3 -4 9 -6 6 -8 8 -10 11 -12 -13 13 -15
leaf_value=-0.017680680736287001 0.0053899348313553395 -0.00086418653105964349 -0.0024204780833608467 0.015065286975627682 0.045334909526956249 -0.00017050290249755168 -0.00048731875229190329 0.054935954721449132 0.016964926092613734 -0.0037828676496135336 -0.0055036898762632807 4.5950675175413285e-05 0.042382181937793723 -0.0039624475446821909
leaf_weight=219.53274595295079 1486.7278824425302 5709.0127238088753 520.87217709608376 217.28138847555965 171.20051828911528 147.11246567056514 208.30409673275426 140.04051091661677 189.54897644883022 335.56256173108704 3257.651290516369 37666.859229114372 198.81416216376238 137.12343544512987
leaf_count=4537 21388 110864 2735 3739 2988 2754 2814 5001 1496 5017 51207 401420 2827 2189
internal_value=0.000229617 0.000340158 -0.0071205 0.000183891 0.00224589 0.00102318 0.0165391 0.0238363 0.0342412 -0.000140328 -0.00417801 0.000226635 0.0102125 0.0238975
internal_weight=50605.6 49865.2 740.405 48378.5 6565.22 6394.02 685.006 476.702 329.589 41813.3 3474.93 38338.4 671.5 335.938
internal_count=620976 613704 7272 592316 125917 122929 12065 9251 6497 466399 54946 411453 10033 5016
is_linear=0
shrinkage=0.05


Tree=192
num_leaves=15
num_cat=0
split_feature=28 84 68 0 72 68 68 68 70 70 73 68 54 84
split_gain=14.9554 13.2198 28.7116 49.5751 34.7097 93.379 56.9216 64.7163 67.4087 58.4778 74.6339 52.4063 55.2175 50.1358
threshold=2.1783313751220708 3.5000000000000004 -0.13279618322849271 0.085452515631914153 0.016991127282381061 -0.073404144495725618 -0.05891915783286094 -0.040576038882136338 0.010471008252352478 -0.020596803165972229 0.46742995083332067 0.050506703555583961 0.27868114411830908 1.0000000180025095e-35
decision_type=2 2 8 2 8 8 8 8 2 2 2 8 8 2
left_child=1 2 3 -1 5 -4 -7 8 -8 10 -9 12 13 -6
right_child=-2 -3 4 -5 11 6 7 9 -10 -11 -12 -13 -14 -15
leaf_value=0.021754554040089122 -0.0070032661738071685 -0.0015137972561494366 0.020212867695694747 -0.0020892217889479617 -0.023093853375096535 -0.015564712876499135 0.00565419341285869 0.0019044163607687124 0.032359112480983457 -8.210455929189445e-06 0.035062443543341065 -0.019809774976333613 0.0038360555337185482 -0.0037752873563864095
leaf_weight=414.44719875231385 733.63756353245117 9720.1019682451151 603.69932591123506 444.91738928854465 411.57006378099322 530.38732648082078 1220.5215644559357 454.73428132478148 285.00509827071801 31394.744565119036 261.93196836393327 446.92157038929872 2061.7999322735704 1680.2067866898142
leaf_count=2191 4937 123706 3619 2025 3910 4169 10952 4408 2134 425268 2290 3870 13907 14368
internal_value=3.52136e-05 0.000140012 0.000540061 0.00952792 0.000341412 0.000881998 0.000534425 0.000792981 0.0108898 0.000316356 0.014339 -0.0037351 -0.00196205 -0.00766813
internal_weight=50664.6 49931 40210.9 859.365 39351.5 34751 34147.3 33616.9 1505.53 32111.4 716.666 4600.5 4153.58 2091.78
internal_count=621754 616817 493111 4216 488895 452840 449221 445052 13086 431966 6698 36055 32185 18278
is_linear=0
shrinkage=0.05


Tree=193
num_leaves=15
num_cat=0
split_feature=15 21 2 53 54 3 15 19 73 2 73 74 73 53
split_gain=10.3827 19.3446 18.6603 15.7446 24.9829 21.7653 14.0849 15.3891 15.4515 15.9628 14.4983 14.5109 13.7039 16.517
threshold=21.100247383117679 11.867997646331789 0.026414202526211742 -0.091567121446132646 0.34806554019451147 0.075000001117587103 33.780370712280281 0.030379441566765312 0.30817307531833654 0.029513749293982986 0.42794576287269598 0.0030654987785965209 0.72783133387565624 -0.16252120584249494
decision_type=10 10 2 8 8 2 10 10 2 2 2 2 2 10
left_child=1 2 -1 5 -5 12 -2 8 9 -8 -10 -12 13 -3
right_child=6 3 -4 4 -6 -7 7 -9 10 -11 11 -13 -14 -15
leaf_value=-0.010975731054348159 -0.0014571679373482135 0.012009526181235963 -0.0010151231256513523 -0.011080210295959188 0.0001978359107688477 0.0013046618671269967 0.014591160332532403 -0.0074397182987517435 -0.005213741606676381 0.0030976409984618427 0.0031295901602167047 -0.0020646758102204235 -0.0016880907816968279 0.0027092320366971742
leaf_weight=579.1722462286707 19639.80831680214 1180.8362913173623 2341.2885182965547 540.60131765599363 4536.155166296754 11102.844667641446 352.08262647897936 514.48192547960207 1043.5368785818573 1883.2750330530107 3551.2386334293988 2151.4654409533832 414.88187690102495 808.95902173570357
leaf_count=14807 239781 24601 15468 29917 74743 83662 4969 2583 10690 10607 46720 26474 11241 25110
internal_value=-7.80047e-05 0.000755137 -0.00302118 0.00134988 -0.00102253 0.00224164 -0.000692981 0.000887381 0.00137212 0.00496486 0.000176078 0.00116976 0.00654451 0.00826091
internal_weight=50640.6 21504.7 2920.46 18584.3 5076.76 13507.5 29135.9 9496.08 8981.6 2235.36 6746.24 5702.7 2404.68 1989.8
internal_count=621373 279549 30275 249274 104660 144614 341824 102043 99460 15576 83884 73194 60952 49711
is_linear=0
shrinkage=0.05


Tree=194
num_leaves=15
num_cat=0
split_feature=2 72 69 27 71 68 68 68 69 69 71 71 70 69
split_gain=20.5434 18.9085 19.4028 51.0467 40.367 24.9169 58.7819 31.3238 74.7503 38.6541 55.1858 24.7131 21.1409 52.2244
threshold=0.012930274009704592 0.054642656818032272 -0.13803395628929135 0.82125270366668712 -0.077233579009771333 -0.13279618322849271 -0.093524657189846025 -0.073404144495725618 -0.069107543677091585 -0.10883611440658568 -0.0059466136153787366 -0.0302647091448307 -0.0094763874076306803 0.088672451674938216
decision_type=2 8 8 2 2 8 8 8 10 8 2 2 2 8
left_child=-1 2 3 -2 -5 -4 -7 8 11 10 -9 -8 13 -11
right_child=1 -3 5 4 -6 6 7 9 -10 12 -12 -13 -14 -15
leaf_value=-0.01617320313921956 0.021248225521945066 -0.011407680492536886 0.015661862978276719 -0.012599476747868085 0.0085548441948869909 -0.019445738826782546 0.0096467731767222731 -0.028755554318955531 0.027729035858510893 -0.0047342691060219023 -0.00014721886264739865 -0.0090422460325312228 0.0006349597881083603 0.0069553695379450699
leaf_weight=181.39279297459871 388.6227348819375 336.10686981398612 247.79157768934965 374.91657637897879 534.54968832340091 372.57512749731541 311.13355213496834 271.14937057346106 337.72992571862414 4996.3016118614469 421.24013706902042 383.85644504288211 40271.212753171101 1171.5175518821925
leaf_count=31205 1845 1799 1416 2073 2786 2349 2037 2280 2040 48563 3415 2694 505806 11174
internal_value=0.00017699 0.000239009 0.000319432 0.00632894 -0.000207957 0.000158263 7.59039e-05 0.000230919 0.00880272 4.12709e-05 -0.0116005 -0.000657377 0.000217306 -0.00250627
internal_weight=50600.1 50418.7 50082.6 1298.09 909.466 48784.5 48536.7 48164.1 1032.72 47131.4 692.39 694.99 46439 6167.82
internal_count=621482 590277 588478 6704 4859 581774 580358 578009 6771 571238 5695 4731 565543 59737
is_linear=0
shrinkage=0.05


Tree=195
num_leaves=15
num_cat=0
split_feature=72 53 13 53 71 70 72 68 68 69 71 72 71 70
split_gain=12.5262 23.3256 16.7983 13.7355 27.5395 78.9119 40.6459 44.0048 36.5437 35.1052 32.7632 31.6926 39.0818 28.3455
threshold=0.003391561447642744 -0.47630254924297327 -0.005517467623576521 -0.23841241747140882 0.0128715499304235 -0.012761840131133793 0.0074519470799714336 0.040054608136415489 0.05085712485015393 0.11628611013293268 0.014917264692485334 0.0087032155133783835 0.014107159338891508 0.0029215076938271527
decision_type=8 10 10 10 2 2 8 10 10 8 2 10 2 2
left_child=1 -1 -3 4 -2 -6 7 9 -9 10 -7 -8 -13 -14
right_child=3 2 -4 -5 5 6 11 8 -10 -11 -12 12 13 -15
leaf_value=-0.0076906082806016121 -0.00022407673973235361 0.026788930754176168 0.0061673820163228223 -0.00085902656595690692 -0.022069967143641466 0.038657941020665443 -0.0097530606693720795 -0.0056131576716138771 0.012352518532504211 0.00024828582541419587 0.015432763525895864 0.019790059083616463 -0.0027763054996300046 0.0048802833096006602
leaf_weight=182.08205295191146 19434.310827548616 142.25664455746301 305.89640870690346 22201.107627385994 288.05706808250397 234.17372198379599 508.76994842058048 549.77884441590868 564.12451338581741 208.53975991019979 471.43898366927169 322.79397241142578 1887.1696891498286 3327.2354271719232
leaf_count=3478 158785 2540 9309 379125 1773 2113 4395 5612 4516 1961 4893 2689 14823 24596
internal_value=0.000157075 0.00710648 0.0131551 6.80717e-05 0.000808592 0.00320602 0.00413397 0.0102417 0.00351432 0.0183124 0.0235731 0.00207167 0.00317377 0.00210924
internal_weight=50627.7 630.235 448.153 49997.5 27796.4 8362.08 8074.02 2028.06 1113.9 914.152 705.613 6045.97 5537.2 5214.41
internal_count=620608 15327 11849 605281 226156 67371 65598 19095 10128 8967 7006 46503 42108 39419
is_linear=0
shrinkage=0.05


Tree=196
num_leaves=15
num_cat=0
split_feature=4 1 5 12 2 5 25 76 5 1 2 70 70 12
split_gain=15.4209 19.3751 18.6857 18.3308 17.4271 16.8231 14.7479 13.5551 13.3902 13.0037 28.9982 14.7044 51.0506 21.9255
threshold=1.0000000180025095e-35 0.012836290057748558 1.3726384639739992 -0.058809686452150338 0.023278936743736271 1.0109649896621706 0.077172115445137038 0.0029260200681164865 1.3450925350189211 0.022981930524110798 0.03585584647953511 0.019053208641707901 0.015137062873691322 -0.041650671511888497
decision_type=8 8 2 8 2 2 10 8 2 8 2 2 2 8
left_child=2 3 -1 -2 7 6 -5 -3 -9 -6 -11 12 -12 -14
right_child=1 4 -4 5 9 -7 -8 8 -10 10 11 -13 13 -15
leaf_value=-0.0068492093501713678 0.019112843492190387 0.0033324203840933266 0.022642342038998391 0.0019248484684977357 0.0015919002438770161 0.010876771185356463 -0.01605007586975497 -0.0063832400991228923 0.0098372079911779025 -0.0035260806692041301 0.00044648052696215238 0.0046147877929255095 -0.017976282910553077 -0.0039876784766634862
leaf_weight=1207.682480260497 205.21674288064241 524.05240636435337 46.577587553765625 709.86028108978644 10754.857551456429 460.21786745032296 125.64849418215454 2270.2496356582269 126.03362697781995 6088.0957299554721 25114.853601709008 1817.319158449769 507.79419402778149 626.62044363468885
leaf_count=84487 7135 17232 668 45017 138747 20642 7088 71841 1576 64519 145489 9603 3001 3691
internal_value=-0.000130888 8.85279e-06 -0.00558359 0.00558347 -0.000167214 0.00331073 -0.000936178 -0.00390314 -0.00549278 7.65368e-05 -0.000400957 0.000277947 -2.39494e-05 -0.0103517
internal_weight=50585.1 49330.8 1254.26 1500.94 47829.9 1295.73 835.509 2920.34 2396.28 44909.5 34154.7 28066.6 26249.3 1134.41
internal_count=620736 535581 85155 79882 455699 72747 52105 90649 73417 365050 226303 161784 152181 6692
is_linear=0
shrinkage=0.05


Tree=197
num_leaves=15
num_cat=0
split_feature=2 1 69 2 5 50 69 72 59 2 72 72 22 5
split_gain=13.9154 21.3875 23.5709 18.8026 28.6705 15.338 13.7088 14.5466 13.1409 18.041 28.4106 31.9712 22.524 15.5507
threshold=0.012930274009704592 0.01239829044789076 0.1427184194326401 0.019069001078605655 1.3450925350189211 0.12540543079376223 0.10023048147559167 0.0033026935998350386 6.5000000000000009 0.078171107918024077 0.02781627140939236 0.032991603016853339 61.984724044799812 1.4066295027732851
decision_type=2 8 10 2 2 2 8 10 10 2 8 10 10 2
left_child=-1 2 5 4 -3 6 7 -2 9 10 13 -12 -13 -5
right_child=1 3 -4 8 -6 -7 -8 -9 -10 -11 11 12 -14 -15
leaf_value=-0.013544981583023178 0.033498671675787697 -0.010521752523908856 0.037724617331849584 1.8213700282436253e-05 0.023716620823727261 -0.016369082447460877 -0.0024169923446051783 0.0071303947523572433 -0.0043753328261801712 0.0036190055551826809 -0.018219198389490845 0.005484457266515582 -0.011839041618338203 0.0079301910490062449
leaf_weight=177.27519685099833 46.129267849959433 721.66614654124714 45.898320177802816 41061.642932233866 57.319257816299796 73.359546680469066 380.36957009090111 1062.695845019538 1612.3848113268614 3557.2986411228776 438.7407070947811 464.34471433982253 300.60601796302944 620.5774684548378
leaf_count=31110 3216 39985 2102 412256 985 3408 24887 64963 8374 16773 3911 2636 2507 4007
internal_value=5.92542e-05 0.00010974 0.00576458 -7.76546e-05 -0.00773376 0.00459187 0.00572673 0.00851697 4.80347e-05 0.000202511 -8.16578e-05 -0.00762257 -0.00138816 0.000137883
internal_weight=50620.3 50443 1608.45 48834.6 778.985 1562.55 1489.19 1108.83 48055.6 46443.2 42885.9 1203.69 764.951 41682.2
internal_count=621120 590010 98576 491434 40970 96474 93066 68179 450464 442090 425317 9054 5143 416263
is_linear=0
shrinkage=0.05


Tree=198
num_leaves=15
num_cat=0
split_feature=60 72 68 69 69 69 69 74 69 74 71 74 72 72
split_gain=13.6227 21.182 22.0387 20.9206 27.6484 20.8 29.2072 58.045 30.3855 24.255 42.5349 39.7374 40.1065 37.2152
threshold=1.0000000180025095e-35 0.018644327297806743 -0.073404144495725618 -0.088456358760595308 -0.07537007704377173 -0.024695406667888161 -0.017013531178236004 -0.0043070653919130555 -0.0073923738673329345 0.011013411451131107 0.0095811337232589739 0.014791854657232763 0.0085784606635570543 0.010690249036997558
decision_type=10 8 8 8 8 8 8 2 8 2 2 2 10 10
left_child=1 2 -1 -4 -5 -6 7 -7 -8 -10 11 12 -11 -13
right_child=-2 -3 3 4 5 6 8 -9 9 10 -12 13 -14 -15
leaf_value=0.016059838811955267 -0.00082115884409531535 -0.0094693803482642485 -0.017516574496978989 0.025564110176696797 -0.0070170536057884139 -0.0067724206254173832 -0.013298530381300414 0.032268105790451564 0.0006517944815318074 0.037048144847138059 -0.0013659907141072435 -0.010765430299190495 0.0087329580640767551 0.019574228528594837
leaf_weight=234.73686467530206 32067.988017795142 471.58647782565095 142.07860708818771 104.84555547893979 773.20578915043734 166.25754204834811 353.33341277367435 203.99235739232972 14377.618557229172 255.99864160292782 812.90088670630939 225.74721213569865 251.22763494518586 167.10354034858756
leaf_count=1901 264898 5712 2308 1543 12005 2393 5815 2699 295141 4482 13047 3426 3648 2205
internal_value=-0.00019749 0.000881073 0.0011563 0.000951248 0.00110937 0.000949137 0.00131942 0.0150202 0.00100199 0.00132408 0.00693028 0.0143557 0.0234637 0.00230543
internal_weight=50608.6 18540.6 18069 17834.3 17692.2 17587.4 16814.2 370.25 16443.9 16090.6 1712.98 900.077 507.226 392.851
internal_count=621223 356325 350613 348712 346404 344861 332856 5092 327764 321949 26808 13761 8130 5631
is_linear=0
shrinkage=0.05


Tree=199
num_leaves=15
num_cat=0
split_feature=19 74 84 1 72 72 27 1 0 53 54 72 74 74
split_gain=14.2029 18.401 20.0361 24.8053 33.6162 40.6819 16.9799 28.5788 21.8319 20.5422 35.4865 23.6047 21.895 43.9268
threshold=-0.0078187305480241758 -0.01280885189771652 3.5000000000000004 0.053583892062306411 0.0085474285297095793 0.012272980064153673 0.5853354036808015 0.11462388560175897 0.022777138277888302 -0.17671797424554822 0.36159755289554601 0.0037240467499941592 0.011013411451131107 0.012349969707429411
decision_type=8 2 2 10 10 10 2 8 2 10 10 10 2 2
left_child=1 2 3 4 -1 -6 8 9 -2 -8 11 -11 -12 -14
right_child=6 -3 -4 -5 5 -7 7 -9 -10 10 12 -13 13 -15
leaf_value=-0.006276984536392239 -0.017381921606638526 -0.0023887240811766644 -0.0060537888080621364 -0.0064086632698861293 0.026196449500545838 0.0055327270162842061 0.0021233425738426382 -0.013231698691976738 -0.0014100254050908216 0.016131963869538583 -5.9198105356366234e-06 -0.0062496656975420239 0.02538006080446964 0.0026636651674099322
leaf_weight=308.78134065493941 213.8747356433887 9431.2947334151249 507.85174559568986 361.88206821260974 344.74180649314076 748.11111511755735 20277.705625132658 340.25338211655617 4907.7361858608201 113.64259413140826 8715.8290741899982 2762.5942851053551 246.04649642109871 1279.044840328861
leaf_count=2415 20832 71479 3443 1775 2278 4647 199087 1785 48730 7795 134247 104098 3199 14558
internal_value=0.000110354 -0.00141594 0.00261605 0.00513282 0.00813696 0.0122296 0.000570282 0.000977638 -0.00210957 0.00112633 -0.000415382 -0.00531252 0.000963855 0.00647001
internal_weight=50559.4 11702.7 2271.37 1763.52 1401.63 1092.85 38856.7 33735.1 5121.61 33394.9 13117.2 2876.24 10240.9 1525.09
internal_count=620368 86037 14558 11115 9340 6925 534331 464769 69562 462984 263897 111893 152004 17757
is_linear=0
shrinkage=0.05


Tree=200
num_leaves=15
num_cat=0
split_feature=27 1 68 1 73 68 69 69 72 71 68 69 73 4
split_gain=14.5793 26.636 19.6878 16.4098 15.2573 45.9676 41.0008 44.2921 62.3214 50.9183 41.6842 33.4552 25.0606 28.7877
threshold=0.45255534350872045 0.15813334286212924 -0.017931400798261162 0.097032032907009139 0.78917726874351513 0.034527590498328216 0.008495337329804899 0.013319937512278559 0.016991127282381061 0.023918393999338153 0.069078601896762862 0.067333016544580473 0.80171430110931408 0.19166667014360431
decision_type=2 8 8 8 2 10 8 8 10 2 10 8 2 8
left_child=1 2 -1 4 -2 -6 -7 -8 9 11 -11 -9 -13 -14
right_child=3 -3 -4 -5 5 6 7 8 -10 10 -12 12 13 -15
leaf_value=0.0044084106422743142 4.9406299315617797e-05 0.01136268719265331 -0.0076442374882067267 -0.0060759904464590293 0.020988258391996001 -0.010340607398851048 0.026381966914334337 -0.01754529591333652 -0.023879664901473252 0.032008439227886383 0.004653177735936518 0.019764302467093656 -0.0072267712220227837 0.00601911332672498
leaf_weight=407.55102275288664 43147.152313068509 253.39179258979857 1845.8833394567482 1013.5497201473918 325.69071067823097 587.84475957113318 195.80106595670804 211.85768242925406 200.13778643263504 258.78594710770994 297.3366746623069 188.97165970900096 649.6882815756835 1074.9717481760308
leaf_count=3252 541234 1222 22704 5117 3910 7179 2063 3270 1632 3156 2399 3014 13889 7706
internal_value=-6.48407e-06 -0.00371628 -0.00545458 0.000187383 0.000323316 0.003277 0.00165043 0.00396692 0.00235796 0.0043976 0.0177232 0.000844363 0.0029609 0.00101642
internal_weight=50658.6 2506.83 2253.43 48151.8 47138.2 3991.09 3665.4 3077.55 2881.75 2681.61 556.123 2125.49 1913.63 1724.66
internal_count=621747 27178 25956 594569 589452 48218 44308 37129 35066 33434 5555 27879 24609 21595
is_linear=0
shrinkage=0.05


Tree=201
num_leaves=15
num_cat=0
split_feature=19 64 74 71 27 71 17 73 27 19 28 63 53 71
split_gain=13.7623 17.8115 22.1049 18.9181 16.5382 15.5509 33.7603 25.4442 17.2837 19.1924 15.9574 14.7892 20.8908 38.591
threshold=-0.0056564670521765939 -0.056224342435598366 -0.0014396875631064174 0.0071034396532922992 2.7262541055679326 0.048369815573096282 89.80008697509767 0.51806363463401806 0.47032985091209417 0.019988371990621093 2.1783313751220708 0.54689905047416698 -0.17490471154451367 -0.016101948916912075
decision_type=8 2 2 2 2 2 2 2 2 8 2 10 8 2
left_child=4 2 -2 -4 -1 8 7 -7 9 -3 11 12 -10 -14
right_child=1 5 3 -5 -6 6 -8 -9 10 -11 -12 -13 13 -15
leaf_value=-0.0016174225905470699 -0.00064963871606619897 -0.0066616940155471904 0.0016149169042987774 0.0128448485826802 0.0082760533045154409 -0.0070740070169403139 -0.017244600598271854 0.012829715200411047 0.0014639939778225732 0.008392320802393367 -0.0093367948657180795 0.0018826241211197946 0.0060147149865102606 -0.0038801609138401252
leaf_weight=14330.207975201076 1246.1658079954796 1468.236409885576 636.48805900779553 914.36726351990364 425.41649452550337 375.03524227859452 390.29820638895035 265.54137847968377 7717.7040104251355 238.33810479333624 385.9847075745929 14878.149995485786 1167.2698355480097 6055.4729566415772
leaf_count=120062 8142 22145 4056 7041 2805 3012 3565 2705 75678 1319 2656 218697 17647 131136
internal_value=-4.26405e-05 0.000487764 0.00431109 0.00827584 -0.00132677 0.000161925 -0.00585239 0.00124716 0.000357988 -0.00452263 0.00063515 0.000767318 -0.000343853 -0.00227494
internal_weight=50494.7 35739.1 2797.02 1550.86 14755.6 32942 1030.87 640.577 31911.2 1706.57 30204.6 29818.6 14940.4 7222.74
internal_count=620666 497799 19239 11097 122867 478560 9282 5717 469278 23464 445814 443158 224461 148783
is_linear=0
shrinkage=0.05


Tree=202
num_leaves=15
num_cat=0
split_feature=31 84 58 68 18 71 2 72 72 58 72 72 71 68
split_gain=14.9775 17.5952 25.431 22.4372 22.185 15.8767 14.6044 26.6399 17.4305 13.1505 12.7893 80.5186 77.3135 35.3863
threshold=19.61158657073975 1.5000000000000002 0.0096214525401592272 -0.036575015634298318 62.872583389282234 0.0013466962263919415 0.045221636071801193 0.01253439672291279 0.0098104388453066366 -0.0057046625297516576 0.0054030916653573522 0.0052032878156751403 0.011612716130912306 0.02396285999566317
decision_type=2 2 2 8 2 2 2 8 10 2 8 10 2 10
left_child=10 2 6 -3 5 -5 7 8 -2 -6 11 -1 13 -13
right_child=1 3 -4 4 9 -7 -8 -9 -10 -11 -12 12 -14 -15
leaf_value=0.00052101234994410739 -0.0051788132246896011 0.0077000175693570988 -0.014790007121401664 0.00053000208804356052 0.020566411058563369 -0.0077813438548499274 0.0035911992295844923 -0.017766500755075802 0.010998290149491982 0.0026037117583112921 9.2281599385357244e-05 0.024039264930988357 0.040965986858196163 -0.00435918162667784
leaf_weight=5611.343169270549 671.24345149565488 737.19178991671652 558.30127628636546 1006.9791354679037 121.11207151901908 1324.4259044860955 613.39248498529196 327.79200699552894 210.48140897671692 474.62710317387246 38197.119622041937 163.12876714044251 237.80099811032414 292.77509289467707
leaf_count=106384 17139 5534 4647 14178 1329 20291 3215 4646 3439 8920 419028 3378 3435 4691
internal_value=0.000119551 -0.00221348 -0.00554989 -3.61703e-05 -0.00200409 -0.00420458 -0.00265467 -0.00582566 -0.00123706 0.00653472 0.000436915 0.00252132 0.0184643 0.00610005
internal_weight=50547.7 6045.55 2381.21 3664.34 2927.14 2331.41 1822.91 1209.52 881.725 595.739 44502.2 6305.05 693.705 455.904
internal_count=620254 83338 33086 50252 44718 34469 28439 25224 20578 10249 536916 117888 11504 8069
is_linear=0
shrinkage=0.05


Tree=203
num_leaves=15
num_cat=0
split_feature=69 69 71 68 68 70 71 69 74 69 69 69 69 23
split_gain=11.4888 42.3225 46.6365 51.8651 39.4819 56.6898 48.2145 38.2838 47.5986 63.444 57.8311 40.5431 93.5283 40.0624
threshold=0.065669275820255293 0.074017386883497252 0.03930273465812207 0.022326213307678703 -0.0095438482239842398 -0.0063434543553739777 -0.011602019425481556 0.076374165713787093 -0.0032575782388448711 0.077910721302032485 0.154151126742363 0.091786976903677001 0.095412075519561781 0.0074195461347699174
decision_type=10 10 2 10 10 2 2 10 2 10 10 10 10 2
left_child=-1 4 7 -4 -2 -6 -7 13 9 -9 11 -11 -13 -3
right_child=1 2 3 -5 5 6 -8 8 -10 10 -12 12 -14 -15
leaf_value=-0.00072433680012114188 0.027600195721079537 -0.024860369943688475 0.033370928860461599 0.0027339951551414504 -0.017579304973695524 0.026427613700163628 0.0045461658306193533 0.029000625559688676 -0.0018967405948794758 -0.0068193923639278042 0.027072632834324203 0.028279812415551532 0.001470141726286255 0.0048765428662122896
leaf_weight=29271.026422980241 199.66123934253119 306.53339435392991 204.5921039741952 393.41003739880398 241.59929354395717 282.09597345651127 1875.876281892648 226.63773784902878 11962.240014094394 1143.3732721453998 220.35253059817478 346.12243317137472 3776.8284739740193 171.92366832820699
leaf_count=347852 1961 4778 2142 4035 2819 3086 29937 2922 156888 14573 1875 3551 42413 2084
internal_value=-8.1114e-05 0.000800625 -2.95446e-05 0.0135922 0.00676699 0.00492617 0.00751527 -0.000485486 -0.000103836 0.00364681 0.00254867 0.00147317 0.0037838 -0.0142939
internal_weight=50622.3 21351.2 18752 598.002 2599.23 2399.57 2157.97 18154 17675.6 5713.31 5486.68 5266.32 4122.95 478.457
internal_count=620916 273064 235261 6177 37803 35842 33023 229084 222222 65334 62412 60537 45964 6862
is_linear=0
shrinkage=0.05


Tree=204
num_leaves=15
num_cat=0
split_feature=22 64 22 31 15 76 16 6 76 73 70 14 15 70
split_gain=18.8444 24.7485 19.2771 20.4102 18.832 18.0284 17.0277 15.9195 17.9943 17.1953 14.1274 25.3483 17.9939 13.587
threshold=85.333309173583999 0.036736341193318374 27.133580207824711 18.928677558898929 21.100247383117679 0.0024763378314673905 -4.8442854881286612 0.6168426275253297 0.0083638373762369173 0.8240303397178651 0.0026811801362782721 0.56040865182876598 17.059956550598148 0.027393514290452007
decision_type=10 2 8 2 10 10 2 2 8 2 2 8 10 2
left_child=2 -2 3 13 6 -5 10 -8 9 -9 11 -4 -12 -1
right_child=1 -3 4 5 -6 -7 7 8 -10 -11 12 -13 -14 -15
leaf_value=0.00022388094948953439 -0.0065680168934782084 -0.00017528510571701924 0.0055956320168114833 0.0087181149024639533 -8.1696572128956704e-05 -0.0052350043154880503 -0.0003581183373124688 0.0077429624920370092 0.0010614846510094997 -0.011254478241146233 0.018305946251235855 -0.013171805799684105 0.0038585539160325105 -0.011460849308577624
leaf_weight=11284.469150931807 2373.2495876864996 4152.2733847193886 1579.1283257286996 239.24701536516659 15177.111388447927 3439.7630404406227 5315.3331874494907 2254.6858881264925 3318.0454153695609 117.13218942750245 437.46940617030486 193.32775770383887 428.80136875482276 244.3896228261292
leaf_count=111525 61142 41936 20143 4230 181726 37662 69467 39157 37716 1623 5442 2098 5200 1555
internal_value=-1.3526e-06 -0.00250673 0.000370455 -0.00106937 0.00113031 -0.00430646 0.00247757 0.00160961 0.00344521 0.00676146 0.00607782 0.00348619 0.0112802 -3.35306e-05
internal_weight=50554.4 6525.52 44028.9 15207.9 28821 3679.01 13643.9 11005.2 5689.86 2371.82 2638.73 1772.46 866.271 11528.9
internal_count=620622 103078 517544 154972 362572 41892 180846 147963 78496 40780 32883 22241 10642 113080
is_linear=0
shrinkage=0.05


Tree=205
num_leaves=15
num_cat=0
split_feature=4 73 73 13 72 72 70 70 1 2 68 72 74 68
split_gain=13.3135 16.1719 33.2414 33.5995 23.9802 31.2616 32.5293 35.4023 15.1088 30.4387 21.1318 41.5407 86.9207 77.2507
threshold=0.50833332538604747 0.83436530828475963 0.8203302025794984 0.021565548144280914 0.015333235263824465 0.0061639528721570977 0.010094636119902136 0.0046738653909415015 0.025678799487650398 0.031683837994933135 -0.017931400798261162 0.0085784606635570543 0.011013411451131107 0.016803750768303875
decision_type=10 2 2 10 10 10 2 2 10 2 8 8 2 10
left_child=1 2 8 -4 5 -3 7 -7 10 -10 -1 12 -12 -14
right_child=-2 4 3 -5 -6 6 -8 -9 9 -11 11 -13 13 -15
leaf_value=0.004031721377708168 0.0030158835878223624 -0.013543365045168143 -0.00066706587726475975 0.023725247274322844 -0.022694143434802552 -0.00082837756770391614 -0.014164421628595792 0.020751640162287924 -0.0077714814636039957 -0.00060026384278568203 0.00070412911116748142 -0.0034858606134576565 0.05202814927510218 0.010001415097360491
leaf_weight=4016.3911302397028 3280.5618967488408 478.74805256002583 271.78663089848123 282.5881268857047 162.78615904273465 575.35895434767008 241.64148335764185 273.25909553025849 1567.1034729350358 24009.832399651408 9297.9803324246313 5568.9032018650323 135.57434600754641 468.20445722178556
leaf_count=53895 15766 7860 3656 2410 1468 7886 2754 3215 21166 145680 235306 108419 2698 9124
internal_value=-5.94766e-05 -0.000273139 -9.25783e-05 0.0119668 -0.00500156 -0.00303384 0.00166219 0.00628125 -0.000243554 -0.00104251 0.000805081 -3.46609e-05 0.00190791 0.0201321
internal_weight=50630.7 47350.2 45618.4 554.375 1731.79 1569.01 1090.26 848.618 45064 25576.9 19487.1 15470.7 9901.76 603.779
internal_count=621303 605537 582354 6066 23183 21715 13855 11101 576288 166846 409442 355547 247128 11822
is_linear=0
shrinkage=0.05


Tree=206
num_leaves=15
num_cat=0
split_feature=70 70 72 70 73 70 72 73 69 69 69 68 73 69
split_gain=18.1064 70.5385 62.2502 54.4718 45.1983 92.1635 102.778 103.746 49.147 57.9654 70.2939 54.9206 52.455 59.6798
threshold=0.0079030259512364882 0.0075928450096398601 0.0054030916653573522 0.0096559580415487307 0.49507139623165136 0.01275134924799204 0.015333235263824465 0.38685362040996557 0.076921008527278914 1.0000000180025095e-35 -0.039398560300469392 -0.012796490453183649 0.36644345521926885 0.032402824610471732
decision_type=2 2 10 2 2 2 10 2 10 10 10 8 2 10
left_child=1 -1 3 -2 5 6 7 -4 9 10 11 -7 -11 -14
right_child=2 -3 4 -5 -6 8 -8 -9 -10 12 -12 -13 13 -15
leaf_value=-0.00048845919650205942 0.0066542182857460223 -0.017949481040070034 0.020907199819381043 0.043229555465365638 -0.0024844048973486407 -0.0055310667497077493 0.034773628571958246 -0.0069736603042284857 0.020294189003043431 -0.027251246249424044 0.022042269937524867 0.01569187629255947 0.020187565211894416 -0.014484450358624768
leaf_weight=38849.831072764006 293.54480822803453 577.15617651329376 633.78301748191006 149.66974706831388 5331.3000047984533 1695.9325615698472 417.20020401338115 684.94844173640013 251.54129393305629 366.80351702333428 355.52297676447779 361.25665106857195 177.37680403050035 358.16074496787041
leaf_count=496410 5641 7336 6685 2402 60653 11418 3506 8492 2353 3648 2836 2936 1983 4312
internal_value=-0.000246725 -0.000748551 0.00153851 0.0196867 0.000764315 0.00402919 0.0134419 0.0064824 -0.00057694 -0.00221688 0.00183556 -0.00174629 -0.0129538 -0.0028411
internal_weight=50504 39427 11077 443.215 10633.8 5302.53 1735.93 1318.73 3566.59 3315.05 2412.71 2057.19 902.341 535.538
internal_count=620611 503746 116865 8043 108822 48169 18683 15177 29486 27133 17190 14354 9943 6295
is_linear=0
shrinkage=0.05


Tree=207
num_leaves=15
num_cat=0
split_feature=59 4 84 27 70 70 68 68 70 73 73 73 72 72
split_gain=11.4727 12.8811 26.7472 43.1198 42.6726 51.8152 44.2147 47.2464 46.5486 32.3812 34.3755 29.2804 36.8605 49.79
threshold=7.5000000000000009 0.24166666716337207 1.0000000180025095e-35 2.1670936346054082 0.020593618042767051 0.0060671456158161172 0.025417380034923557 0.034148620441555984 0.0031185877742245798 0.6364845633506776 0.70150190591812145 0.60186919569969188 0.010873377323150637 0.0088714086450636404
decision_type=10 8 2 2 2 2 10 10 2 2 2 2 10 10
left_child=1 2 4 -4 5 6 11 8 9 -8 -11 12 13 -1
right_child=-2 -3 3 -5 -6 -7 7 -9 -10 10 -12 -13 -14 -15
leaf_value=-0.0038658883388930435 -0.0054692272700360839 0.0011631555746211459 -0.00020769951521835666 0.010158396318392838 0.017443838296692663 -0.013498691057822374 0.0089956704150107644 -0.0018669813357908996 -0.01129213427800816 0.055307049296137369 0.014464341235991208 -0.017481478011284517 -0.010252215501900969 0.017792329230461177
leaf_weight=894.09630791237578 900.53651554882526 20287.713724771049 22883.452278359793 1039.177743778564 220.57435058872215 1226.2116090487689 187.95210080477409 812.49655181984417 106.2116336284671 116.46393016329966 102.88924214057624 417.26786162680946 1011.2746334373951 365.87241857033223
leaf_count=17472 4653 116345 396726 9718 2054 22406 3298 16265 2465 2298 2229 9381 10871 4898
internal_value=9.25288e-05 0.000194443 -0.000474559 0.000246651 -0.00362841 -0.00454684 -0.00178581 0.00565867 0.0173741 0.0249408 0.0376154 -0.0054649 -0.00319029 0.00251385
internal_weight=50572.2 49671.7 29383.9 23922.6 5461.31 5240.74 4014.52 1326.01 513.517 407.305 219.353 2688.51 2271.24 1259.97
internal_count=621079 616426 500081 406444 93637 91583 69177 26555 10290 7825 4527 42622 33241 22370
is_linear=0
shrinkage=0.05


Tree=208
num_leaves=15
num_cat=0
split_feature=15 69 70 69 69 71 70 71 69 71 68 68 72 71
split_gain=13.4652 16.622 16.0928 13.3951 79.0437 47.999 37.3266 74.0466 41.0116 34.9082 32.819 30.0391 34.4251 77.8479
threshold=11.649129867553713 0.068987738341093077 -0.002555654500611126 0.098958186805248274 0.09343582391738893 0.047184959053993232 -0.0055534169077873221 0.0074551070574671039 0.13689920306205752 -0.020085464231669899 0.016232633963227276 0.037586141377687461 0.0089251454919576662 0.011509427335113289
decision_type=8 10 2 8 10 2 2 2 10 2 10 10 10 2
left_child=1 -1 -3 4 -2 6 7 8 -5 -8 -6 12 13 -12
right_child=3 2 -4 5 10 -7 9 -9 -10 -11 11 -13 -14 -15
leaf_value=1.836056511760841e-05 -0.00040503771832575784 -0.0026510666144847336 0.013725389163276161 -0.0029459832739730353 0.00085957039661131241 0.01760676363732807 0.015864017637019539 0.027647147002188666 0.019608788643618702 -0.0037005944960842767 0.013972112271155884 0.0043901059364758049 0.0064246072570732921 0.056453808768147852
leaf_weight=1123.0328930439427 33459.288590079406 198.35756453033537 570.88822585856542 1452.8472315883264 587.45196069846861 303.89122192864306 223.13701464259066 277.02879182179458 223.74956465070136 10943.887485304382 316.10306522529572 410.65252311294898 261.48363992548548 161.69054266461171
leaf_count=15727 405011 2600 8302 16221 5656 3071 2022 2886 1804 142595 3916 5676 3060 2070
internal_value=-0.000215006 0.00391181 0.00952273 -0.000376388 0.000136254 -0.00171954 -0.00218023 0.00418081 0.000162471 -0.00329582 0.0105034 0.0153801 0.0213447 0.029211
internal_weight=50513.5 1892.28 769.246 48621.2 35196.7 13424.5 13120.7 1953.63 1676.6 11167 1737.38 1149.93 739.277 477.794
internal_count=620617 26629 10902 593988 425389 168599 165528 20911 18025 144617 20378 14722 9046 5986
is_linear=0
shrinkage=0.05


Tree=209
num_leaves=15
num_cat=0
split_feature=70 71 25 69 72 59 70 71 65 70 69 70 71 71
split_gain=14.919 22.3424 16.093 26.9873 23.7663 30.272 49.1499 25.8153 19.2602 18.6454 46.2158 31.8275 61.9975 32.4398
threshold=-0.044312106445431702 -0.099525623023509965 -0.19125623255968091 0.004932673182338477 0.019590036943554882 1.5000000000000002 -0.0061440926510840646 0.059811353683471687 -0.14988812059164044 -0.027607571333646771 -0.057505531236529343 -0.02360916510224342 -0.058888100087642663 -0.051636332646012299
decision_type=2 2 10 10 10 10 2 2 10 2 10 2 2 2
left_child=-1 -2 3 -3 7 6 -6 8 -4 10 -10 -11 -13 -14
right_child=1 2 4 -5 5 -7 -8 -9 9 11 -12 12 13 -15
leaf_value=-0.0094339127648580962 0.015474244803119539 0.0072938678305358873 -0.0046421528655946473 -0.00067841693853739227 0.0061340172670163694 -0.0015868091339939321 -0.023820318481154748 0.018706538854571002 -0.023195492159974983 0.013520941069957965 0.0029161020774082468 -0.025070841974734449 0.013179345606514396 0.00019918746615938166
leaf_weight=400.17208066256717 226.45015137363225 1962.2626748951152 2137.5211939886212 2295.4907452594489 194.36352441227064 1622.0476569607854 427.06312112067826 174.70078690419905 278.90657307882793 443.85584940342233 405.19922379078344 231.14226656756364 477.33255042904057 39227.557595547521
leaf_count=2587 1085 10102 15701 13085 1663 10007 4824 1626 2347 3907 3454 1797 3624 544360
internal_value=6.31158e-05 0.000140834 6.81309e-05 0.00300424 -0.000206499 -0.00521291 -0.0145027 5.35814e-05 -2.61601e-05 0.00021519 -0.00791027 0.000354774 0.000205095 0.000358514
internal_weight=50504.1 50103.9 49877.4 4257.75 45619.7 2243.47 621.427 43376.2 43201.5 41064 684.106 40379.9 39936 39704.9
internal_count=620169 617582 616497 23187 593310 16494 6487 576816 575190 559489 5801 553688 549781 547984
is_linear=0
shrinkage=0.05


Tree=210
num_leaves=15
num_cat=0
split_feature=1 53 74 74 74 71 72 71 70 74 68 69 72 72
split_gain=14.1265 29.8453 24.1934 31.3941 22.6883 22.6643 18.9328 21.4395 21.2719 25.3648 32.9708 22.5829 21.2774 19.87
threshold=0.014636622276157142 -0.2457296550273895 0.011013411451131107 0.01214238489046693 -0.010541939642280338 -0.017199751920998093 0.0090500498190522211 0.0083840866573154944 0.002384708728641272 0.006031926255673171 0.047029634937644012 0.098958186805248274 0.0041028575506061324 0.0044782704208046207
decision_type=10 8 2 2 2 2 8 2 2 2 10 10 10 10
left_child=1 -1 4 -4 5 -3 7 -6 12 10 11 13 -9 -10
right_child=-2 2 3 -5 6 -7 -8 8 9 -11 -12 -13 -14 -15
leaf_value=0.015418720944534024 -0.0002179799249418293 0.021952426723919196 0.046305787439137186 0.0063860165516582846 -0.0035106551150908502 -0.0026410899945999043 -0.010281084805091711 0.02322033557054666 -0.0087098057979400224 -0.0016424793713069709 0.052267094826686955 -0.012541037807724016 -0.0064996009096516599 0.034582608872544128
leaf_weight=417.52171163377352 46950.386702476768 207.15765879466198 52.676924463361502 251.0201781638898 1300.3309817940462 161.3351650678087 505.67128535499796 63.144182422896847 31.378448045579717 143.43628137488849 66.411879852646962 56.952649175189435 331.50004227110185 89.891310057369992
leaf_count=10766 430629 6196 2121 10941 80309 7742 23633 4497 2441 8744 3437 3546 20599 5624
internal_value=1.60455e-05 0.00299557 0.00136265 0.0145656 -3.77717e-05 0.0113995 -0.00170342 0.000418031 0.00690674 0.0150633 0.0245382 0.0119776 -0.001288 0.0235706
internal_weight=50628.8 3678.43 3260.91 303.697 2957.21 368.493 2588.72 2083.05 782.715 388.071 244.634 178.222 394.644 121.27
internal_count=621225 190596 179830 13062 166768 13938 152830 129197 48888 23792 15048 11611 25096 8065
is_linear=0
shrinkage=0.05


Tree=211
num_leaves=15
num_cat=0
split_feature=28 5 2 1 72 84 68 27 23 72 68 68 71 68
split_gain=11.8426 13.3134 13.2692 40.5141 34.2848 38.5011 34.0674 28.1922 29.2482 21.3899 35.6702 21.0035 26.3572 19.7945
threshold=2.5111519098281865 1.4546009898185732 0.024272149428725246 0.020690243691205982 0.0090500498190522211 1.0000000180025095e-35 -0.025118615478277203 0.97289738059043895 -0.011747109703719614 0.012653355952352287 -0.037996767088770859 -0.0077524520456790915 -0.011068730149418114 0.047029634937644012
decision_type=2 2 2 8 10 2 8 2 2 10 10 10 2 10
left_child=1 2 3 4 5 -1 9 13 11 10 -6 -9 -13 -7
right_child=-2 -3 -4 -5 6 7 -8 8 -10 -11 -12 12 -14 -15
leaf_value=-0.0088361146263127629 -0.0089783720945329683 0.007218205038417279 0.00014308421480762313 -0.014648943264411249 -0.0033525451547118828 -0.0037423091068665652 -0.011787458178666232 -0.024787123227115918 0.011527907983238644 -0.0041319476190546916 0.038090716645956452 0.026852153286102787 -0.0044100473808617712 0.01412365774143922
leaf_weight=721.30377461342141 366.45348683535121 607.71816723560914 43327.862615004182 592.25218827230856 107.90747311944142 1225.5704947591294 1148.7953525735065 78.893094401806593 1382.7156541454606 345.47298471699469 87.503563216654584 75.001506971661001 317.02016250276938 167.3728928361088
leaf_count=36585 2376 3952 345017 14792 2578 82311 47406 1674 52613 7732 2125 1846 9442 9756
internal_value=-0.000143201 -7.69106e-05 -0.000167771 -0.00231961 -0.00100537 0.00153634 -0.00694799 0.00386089 0.00788353 0.00335805 0.0161563 -0.0028344 0.00209018 -0.00151021
internal_weight=50551.8 50185.4 49577.7 6249.81 5657.56 3967.88 1689.68 3246.57 1853.63 540.884 195.411 470.915 392.022 1392.94
internal_count=620205 617829 613877 268860 254068 194227 59841 157642 65575 12435 4703 12962 11288 92067
is_linear=0
shrinkage=0.05


Tree=212
num_leaves=15
num_cat=0
split_feature=29 63 28 0 27 58 54 72 72 69 70 70 74 12
split_gain=13.681 12.9309 12.6849 12.2296 12.1195 32.9689 23.9832 13.9955 61.2862 46.0446 41.7556 41.1061 60.7851 62.8881
threshold=0.3678563684225083 0.52004122734069835 0.7969932258129121 0.11948078498244287 2.5310311317443852 -0.051089333370327943 0.29571776092052465 0.012143131811171772 0.012846973724663259 -0.045916000381112092 -0.025032086297869679 0.0031185877742245798 -0.0063744492363184682 0.037690063938498504
decision_type=2 10 2 2 2 2 8 10 10 8 2 2 2 8
left_child=4 3 -3 -2 5 -1 -6 9 11 -7 -11 12 -9 -14
right_child=1 2 -4 -5 6 7 -8 8 -10 10 -12 -13 13 -15
leaf_value=-0.012306764070619298 -0.0050248537318018181 -0.0061681209185367285 0.00098615811603376506 0.0081043026901960174 0.014356953333807218 0.02398109338436297 -0.00059467661358725775 0.004537828098877649 0.00046693904311862996 -0.023271748521060259 -0.00020506721338798395 0.0017753024505484162 0.043206271635576096 0.0063917410778013221
leaf_weight=502.75944775156677 3037.2417966809589 726.04323101858608 3905.8285946007818 179.51960527896881 447.80559604102746 185.48212650697678 645.7830050024204 489.73865529196337 11867.851467182394 187.62552300374955 27113.037088698009 772.22246217145585 302.76526606525294 190.70047398703173
leaf_count=2815 40013 10950 51920 849 3809 1799 4980 4280 100209 1756 384072 8107 2755 2650
internal_value=7.79903e-05 -0.0018393 -0.000146143 -0.0042693 0.000430706 0.000293479 0.00560237 0.000450532 0.00176032 -0.000199056 -0.000372058 0.0104522 0.0171807 0.0293888
internal_weight=50554.4 7848.63 4631.87 3216.76 42705.8 41612.2 1093.59 41109.4 13623.3 27486.1 27300.7 1755.43 983.204 493.466
internal_count=620964 103732 62870 40862 517232 508443 8789 505628 118001 387627 385828 17792 9685 5405
is_linear=0
shrinkage=0.05


Tree=213
num_leaves=15
num_cat=0
split_feature=72 53 72 29 74 15 9 53 54 27 68 72 23 70
split_gain=13.046 21.8365 19.8993 18.8179 12.1901 11.1963 17.4944 23.3248 31.1732 20.2959 19.6852 30.9524 24.7942 23.6091
threshold=0.003391561447642744 -0.47630254924297327 0.0036565227201208477 0.10890915617346765 -0.0010964346001856027 20.482853889465336 -0.013030281290411947 -0.095453754067420946 0.40417149662971502 0.56316700577735912 0.018535553477704528 0.016764153726398948 0.013529128860682251 0.0038945175474509601
decision_type=8 10 10 2 2 10 2 10 10 2 8 10 2 2
left_child=1 -1 4 -3 -2 6 -4 9 -9 -8 -11 12 13 -12
right_child=2 3 5 -5 -6 -7 7 8 -10 10 11 -13 -14 -15
leaf_value=-0.0074394255550301047 0.0047637198149245363 0.020833898911356161 -0.0010261598705831865 0.00036151608016802688 -0.014531886671709458 -0.0006772342533732799 -0.003232438722586781 -0.012032768869467622 0.00082916233024799349 0.0067489614858507246 0.00306165276427681 -0.01197591624503839 -0.0013657151256817163 0.0137021713561798
leaf_weight=181.36876107985154 99.517884754110128 272.3746816823259 7564.9462800752372 186.90075268130749 363.40118320519105 29754.854225329589 1076.3478196316864 597.9349680673331 2088.0303631336428 3712.5764967307914 1717.2751947799698 362.19850096991286 1818.4453560556285 743.88476663501933
leaf_count=3455 2310 6289 72983 5518 8216 343922 13245 31318 36089 41245 25771 2991 16624 11168
internal_value=-7.13127e-05 0.00696306 -0.000163002 0.012688 -0.0103707 -6.53398e-05 0.000859601 0.00203683 -0.0020681 0.00320691 0.00403941 0.00186242 0.0030588 0.00632018
internal_weight=50540.1 640.644 49899.4 459.275 462.919 49436.5 19681.6 12116.7 2685.97 9430.73 8354.38 4641.8 4279.61 2461.16
internal_count=621144 15262 605882 11807 10526 595356 251434 178451 67407 111044 97799 56554 53563 36939
is_linear=0
shrinkage=0.05


Tree=214
num_leaves=15
num_cat=0
split_feature=22 54 27 58 14 73 60 53 58 29 58 84 74 84
split_gain=13.0767 12.9347 26.7151 33.698 27.8511 27.7537 38.9197 20.5278 18.7677 18.1726 16.1217 26.3441 23.0457 30.4661
threshold=96.934448242187514 0.30146756768226629 2.2665156126022343 -0.012219019699841736 -0.093593414872884736 0.3586434274911881 1.0000000180025095e-35 -0.15240600705146787 0.027379138395190242 0.0099570322781801241 -0.00076974887633696188 3.5000000000000004 0.0013201588881202044 1.5000000000000002
decision_type=10 8 2 2 10 2 10 10 2 2 2 2 2 2
left_child=1 2 4 -4 -1 8 7 9 -6 -7 11 12 -3 -14
right_child=-2 10 3 -5 5 6 -8 -9 -10 -11 -12 -13 13 -15
leaf_value=0.00086792066255783574 -0.011110949906517344 0.0015885290277672687 0.021413696390655622 -0.00051985368284385245 -0.00086319851421073576 -0.002593738097063863 -0.010283744141620185 -0.0073786542486368387 0.014272413418884522 0.00759462399509616 -0.00019370114472781259 -0.0023058264831788632 0.001784622961412449 0.011180477128247924
leaf_weight=7576.1444359100424 248.7637776627671 7496.7964931568131 286.22772321943194 427.19160154787824 3585.2194792481605 1054.9416676007677 2395.487192979781 974.44249892956577 207.18231717869639 733.762046382064 19307.433623833582 2766.077767211711 1716.502286529867 1733.8180726494174
leaf_count=63442 4872 79303 1995 4433 39276 21318 38242 59774 1123 16785 224142 29881 17925 18296
internal_value=0.000100282 0.00015797 -0.000951753 0.00845437 -0.00136265 -0.00324946 -0.00563299 -0.00157851 -9.65783e-07 0.00160472 0.000737487 0.00204774 0.00314888 0.00652479
internal_weight=50510 50261.2 17240.6 713.419 16527.2 8951.04 5158.63 2763.15 3792.4 1788.7 33020.6 13713.2 10947.1 3450.32
internal_count=620807 615935 246388 6428 239960 176518 136119 97877 40399 38103 369547 145405 115524 36221
is_linear=0
shrinkage=0.05


Tree=215
num_leaves=15
num_cat=0
split_feature=22 22 68 71 71 70 72 68 68 74 74 70 58 74
split_gain=12.8678 15.4345 24.8629 83.071 43.0881 34.4364 48.3283 92.348 49.9818 35.5893 33.8218 36.3562 28.3985 26.1884
threshold=94.04962539672853 27.133580207824711 -0.017931400798261162 0.0047360789030790338 0.017589283175766472 0.0044040146749466666 0.0086596910841763037 -0.033042609691619866 -0.02329353895038366 0.009196817874908449 0.0004105381813133136 -0.011412478052079676 -0.00049656542250886549 -0.031177265569567677
decision_type=10 8 10 2 2 2 10 10 10 2 2 2 2 2
left_child=1 2 3 5 -5 6 -1 10 -9 -7 11 13 -13 -8
right_child=-2 -3 -4 4 -6 9 7 8 -10 -11 -12 12 -14 -15
leaf_value=-0.012991665461490371 -0.0050277495706509707 0.0007464941969765116 -0.0026983118459369942 0.029863572513040261 0.0045110874983022705 -0.023411095537221517 -0.0076408093361708274 0.035452692048328883 0.0047025692534660209 -0.0032746878955900761 0.015197887806489438 -0.01867679294193092 0.0010016468907513691 0.0066359997390209695
leaf_weight=476.6347637581639 1215.811992699746 34198.181538592791 9644.1390714445151 346.76612275955267 323.93501318688504 278.06151570379734 450.55259715253487 307.61392223555595 232.2477835030295 939.40828654565848 309.94836317864247 459.9688097788021 299.00961972167715 1054.5603121919557
leaf_count=5126 22440 444023 112678 2815 2262 2580 2857 2416 2273 6811 2122 3182 2293 7274
internal_value=3.26105e-05 0.000158347 -0.00117128 0.00151677 0.017865 -0.0007961 0.00167121 0.00395001 0.0225501 -0.00802696 -2.32291e-05 -0.00216463 -0.011012 0.00234004
internal_weight=50536.8 49321 15122.8 5478.71 670.701 4808.01 3590.54 3113.9 539.862 1217.47 2574.04 2264.09 758.978 1505.11
internal_count=621152 598712 154689 42011 5077 36934 27543 22417 4689 9391 17728 15606 5475 10131
is_linear=0
shrinkage=0.05


Tree=216
num_leaves=15
num_cat=0
split_feature=1 2 5 73 74 72 68 71 68 73 72 69 69 68
split_gain=13.9894 34.5344 27.5191 22.6184 22.1349 68.1802 59.4876 40.0483 30.4678 30.2032 40.921 26.4272 28.3425 55.1214
threshold=0.020567901432514194 0.026288941502571109 1.3450925350189211 0.86026260256767284 0.011013411451131107 0.0082401977851986902 0.016803750768303875 0.019326150417327884 -0.036575015634298318 0.78917726874351513 0.0069948702584952125 -0.13803395628929135 -0.088456358760595308 -0.070425093173980699
decision_type=8 2 2 2 2 10 10 2 8 2 10 8 8 8
left_child=3 2 -2 4 11 6 -6 8 -7 10 -8 -1 -13 -14
right_child=1 -3 -4 -5 5 7 9 -9 -10 -11 -12 12 13 -15
leaf_value=0.023363602580195125 -0.011115063440452891 -0.0001397906108041677 0.0094367889624674441 -0.01365071250125568 0.058415287450664211 0.025441423947960635 -0.010610371086735008 -0.016815289500635995 0.00060040477332709606 0.036584026742536808 0.031562578469841458 -0.01544816653021611 0.037123837943560431 0.00081464240263158191
leaf_weight=121.1267167092301 1158.18036230281 37127.790292727761 181.45277417264879 230.90258583938703 89.572290276177227 151.54285374120809 161.15091873053461 243.11424616980366 525.43084217538126 90.673662047367543 76.806892215041444 252.51621125428937 95.631181923439726 10085.346342245582
leaf_count=978 24855 254286 1798 7348 1994 2248 4342 6183 11823 1586 2014 3857 960 297282
internal_value=4.13954e-05 -0.000425424 -0.00828203 0.00152169 0.00182748 0.00786079 0.0243423 0.000188333 0.00645055 0.0136045 0.00372593 0.00105576 0.000774658 0.00119179
internal_weight=50591.2 38467.4 1339.63 12123.8 11892.9 1338.29 418.204 920.088 676.974 328.631 237.958 10554.6 10433.5 10181
internal_count=621554 280939 26653 340615 333267 30190 9936 20254 14071 7942 6356 303077 302099 298242
is_linear=0
shrinkage=0.05


Tree=217
num_leaves=15
num_cat=0
split_feature=4 67 69 69 71 71 70 58 74 12 71 69 70 52
split_gain=12.5092 25.2941 24.8989 111.023 45.782 21.8087 25.3608 23.6979 24.713 36.0627 21.8468 31.1398 20.9782 19.3927
threshold=0.29166667163372045 0.070968497544527068 0.14863986521959308 0.1427184194326401 -0.016101948916912075 0.012652209028601648 -0.02360916510224342 0.019148309715092186 -0.0069408321287482968 -0.036290641874074929 0.034285780042409904 -0.0089837135747075064 0.0060671456158161172 0.23654662817716601
decision_type=8 2 8 10 2 2 2 2 2 8 2 10 2 10
left_child=1 2 3 -1 -4 6 -2 8 9 -7 11 -10 -13 -12
right_child=5 -3 4 -5 -6 7 -8 -9 10 -11 13 12 -14 -15
leaf_value=-0.00073140301633715455 0.010246374038795407 0.010790023603905075 0.024828160104414018 0.032393749603701887 -0.0083738165068942463 -0.014128198873498591 -0.0008431040218350828 -0.0034886265431292628 0.017632901298309203 0.0073837686442482734 -0.0089695832156820744 0.0090731822881650413 -0.00063382400559205433 0.0053928293597613136
leaf_weight=31258.461136137368 532.60929353442043 467.95221719983965 100.79694565921091 245.01741044456139 1739.8727703329641 377.2440481595695 10335.996328014648 1004.1696380078793 707.10718202125281 383.03709987271577 371.02720175031573 1610.5556833059527 845.87645353749394 603.39245493570343
leaf_count=486122 2738 2735 1925 3238 34719 2099 55586 5312 4998 2287 2429 8880 4724 3436
internal_value=-7.76375e-05 -0.000631362 -0.000794837 -0.000463576 -0.00643131 0.00103844 -0.000290752 0.00348234 0.00491563 -0.0033351 0.00643595 0.00844666 0.00574154 -0.000111471
internal_weight=50583.1 33812.1 33344.1 31503.5 1840.67 16771 10868.6 5902.41 4898.24 760.281 4137.96 3163.54 2456.43 974.42
internal_count=621228 528739 526004 489360 36644 92489 58324 34165 28853 4386 24467 18602 13604 5865
is_linear=0
shrinkage=0.05


Tree=218
num_leaves=15
num_cat=0
split_feature=61 84 69 52 73 72 72 69 69 69 73 72 73 69
split_gain=11.4265 12.8459 22.6314 11.4877 18.0776 43.8985 51.5202 71.329 61.9588 89.6402 41.9816 43.8391 132.824 42.7253
threshold=1.0000000180025095e-35 2.5000000000000004 0.059162527322769172 0.58203512430191051 0.61054381728172313 0.0054900697432458409 0.0051274676807224759 0.13109635561704638 0.07906664535403253 0.107115026563406 0.58995962142944347 0.006671890616416932 0.59505420923233043 0.11677930876612665
decision_type=2 2 8 10 2 10 10 10 8 10 2 10 2 10
left_child=3 -2 -3 4 10 6 7 -6 -8 -10 13 -12 -13 -1
right_child=1 2 -4 -5 5 -7 8 -9 9 -11 11 12 -14 -15
leaf_value=0.00040819446569888106 -0.006598647888071448 0.0096331858804255335 -0.0070229124852227154 0.0021620211282012258 -0.0014817372027199939 -0.0031893515691881406 -0.0011188142700018116 0.036975953913723859 0.056802378339188581 0.0083930279899833114 -0.002025968835307348 0.045962853490073237 0.0045004881707412523 -0.0090617890908604743
leaf_weight=24640.67787820287 1392.6272739786655 398.87322878558189 397.14960862300359 5295.9959315746091 2871.4992794478312 11635.356542700436 331.07901108777151 115.83559767506085 152.43929896107875 242.79970969376154 680.15966919600032 242.00604864605702 838.63553052814677 1241.509872311959
leaf_count=282648 8535 2408 2694 30623 66715 168755 7628 1687 2280 3464 12745 2583 10113 17874
internal_value=-0.000193514 -0.00371868 0.00133914 -3.29994e-05 -0.000303834 -0.0016792 0.00304818 0.000127869 0.0148945 0.0280049 0.000460178 0.00790826 0.0141221 -4.93836e-05
internal_weight=50476.6 2188.65 796.023 48288 42992 15349 3713.65 2987.33 726.318 395.239 27643 1760.8 1080.64 25882.2
internal_count=620752 13637 5102 607115 576492 250529 81774 68402 13372 5744 325963 25441 12696 300522
is_linear=0
shrinkage=0.05


Tree=219
num_leaves=15
num_cat=0
split_feature=72 1 84 27 57 0 27 72 72 73 74 84 69 72
split_gain=15.6463 15.2353 27.1103 33.3084 18.7173 18.4397 16.1501 14.7143 14.2535 13.4308 16.0988 17.2264 14.3123 13.7254
threshold=0.054642656818032272 0.01239829044789076 1.5000000000000002 1.1587572097778323 0.031130496412515644 0.020923699252307418 0.94426664710044872 0.0062759965658187875 0.0042108644265681514 0.48642890155315405 0.010788062121719124 3.5000000000000004 0.030437043868005279 0.0057197287678718576
decision_type=8 10 2 2 8 2 2 10 10 2 2 2 8 10
left_child=1 2 -1 9 7 6 -3 -5 -8 12 11 13 -4 -11
right_child=-2 5 3 4 -6 -7 8 -9 -10 10 -12 -13 -14 -15
leaf_value=-0.0030213431618934254 -0.010695402291300692 -0.015360153050454331 0.030423606645949525 0.037333002742365777 0.0046102717298882384 0.00024328053295890695 0.022015094452744858 0.01411918853712988 -0.004349916108395439 0.012632483159372099 0.024967247537812362 -0.018565024441055716 0.0016614849952688252 -0.0079965712733022099
leaf_weight=679.13850023434497 316.55745310382918 345.39693447086029 66.578146807383746 155.89563178271055 143.01735420618206 47680.415988337249 48.752780012320727 148.97096688346937 393.03088674531318 145.42372547578998 40.312924511963502 142.49014229304157 102.23078844859265 157.94430512585677
leaf_count=49759 1719 29810 4140 8019 4797 443106 2296 6186 17894 14873 2778 14432 8295 13260
internal_value=0.000213815 0.000284654 0.00481199 0.00961953 0.0199688 0.00011724 -0.00742448 0.0267984 -0.00101753 0.00234872 -0.00192353 -0.00484926 0.0140723 0.00197981
internal_weight=50566.2 50249.6 1782 1102.86 447.884 48467.6 787.181 304.867 441.784 654.98 486.171 445.858 168.809 303.368
internal_count=621364 619645 126539 76780 19002 493106 50000 14205 20190 57778 45343 42565 12435 28133
is_linear=0
shrinkage=0.05


Tree=220
num_leaves=15
num_cat=0
split_feature=69 69 71 68 69 72 70 68 68 69 54 69 74 71
split_gain=14.3046 38.9751 35.8087 74.7839 33.9099 40.557 33.5607 34.5017 55.0937 54.354 37.3698 35.9301 36.5589 83.6177
threshold=0.065669275820255293 0.074017386883497252 0.0035348433302715425 0.032090535387396819 0.063883814960718169 0.0080492333509027975 -0.020596803165972229 -0.0011730445548892019 0.0048870842438191184 0.079658724367618575 0.80227571725845348 0.075613044202327742 -0.001379391993395984 0.012990417890250685
decision_type=8 8 2 10 10 10 2 8 8 10 8 8 2 2
left_child=4 2 3 -2 -1 -6 -3 10 9 -9 -8 -10 13 -13
right_child=1 6 -4 -5 5 -7 7 8 11 -11 -12 12 -14 -15
leaf_value=-0.00047972006808244609 0.0074628740627061783 0.016986668624839392 0.00053814933946152782 0.04140230786843805 -0.0019510764172801485 -0.024283463020018922 -0.021423614259150795 -0.0062783924223655408 -0.020316995531701746 0.024357300289577263 -0.0018788229032316009 -0.00021658481072000686 -0.0015442168117162239 0.012396851908439421
leaf_weight=26224.711752611678 1182.2301511201076 282.216250826139 1263.8926881491207 179.60951831820421 530.91435923590325 321.42520158202387 369.45951411640272 207.95316261984408 207.12522140122019 441.75414308789186 694.13180923904292 5077.6472818229813 11805.792494756635 1762.4674939478282
leaf_count=299785 14693 2565 20698 2373 10535 3461 5281 3438 3391 4037 8987 63472 157500 21352
internal_value=-1.77084e-05 0.000885421 0.00661421 0.0122082 -0.000800709 -0.0105568 0.000161094 -7.79335e-05 0.000402237 0.0146051 -0.00880441 -9.4702e-05 0.000140704 0.00304683
internal_weight=50551.3 23474.3 2625.73 1361.84 27077.1 852.34 20848.5 20566.3 19502.7 649.707 1063.59 18853 18645.9 6840.11
internal_count=621568 307787 37764 17066 313781 13996 270023 267458 253190 7475 14268 245715 242324 84824
is_linear=0
shrinkage=0.05


Tree=221
num_leaves=15
num_cat=0
split_feature=18 14 60 79 68 71 71 71 68 68 69 68 53 69
split_gain=15.5492 18.3867 14.3367 20.4107 20.9976 27.4426 36.3977 53.7642 29.3966 24.3735 26.2699 19.3051 18.1683 17.7812
threshold=26.499937057495121 -0.22311284393072126 1.0000000180025095e-35 0.0034604612737894063 0.011834083124995233 -0.011068730149418114 -0.0026847341796383257 -0.0019462553318589924 0.018411267548799518 0.0094426106661558169 0.087376426905393614 -0.017931400798261162 -0.21957442164421079 0.089014280587434783
decision_type=2 10 8 10 10 2 2 2 10 10 10 8 10 8
left_child=1 -1 3 -2 9 8 -7 -8 -6 10 11 -5 -13 -10
right_child=2 -3 -4 4 5 6 7 -9 13 -11 -12 12 -14 -15
leaf_value=-0.006829879649979176 -0.002488004741906445 0.007297941056606117 -0.00085439807401915639 0.0025879541407741219 0.028586045947841945 -0.0061021761162814306 0.027405581847017593 0.0030241864011526483 0.013624103793712018 -0.012012313900399335 0.012890701489128241 0.00042773301870044204 -0.0078111369131121655 -0.0085531571676825281
leaf_weight=271.00372382462956 3538.6277672590222 1302.955416942481 30733.984883857658 2445.0819784670603 203.63709317077883 1050.8165361045394 223.99771876074374 6919.1954080557916 220.12898319493979 421.1005121213384 377.22769205435179 1384.1249813900795 1283.6060739129316 140.18441863451153
leaf_count=1664 79094 10476 256037 33252 3106 20678 3787 139183 3887 8684 4802 19976 34059 1915
internal_value=-3.80577e-05 0.00483766 -0.000195816 0.000915705 0.00173792 0.00329068 0.00254689 0.00382599 0.0138649 -0.000564327 0.000334008 -0.000615791 -0.00355085 0.00499779
internal_weight=50515.7 1573.96 48941.7 18207.7 14669.1 8757.96 8194.01 7143.19 563.95 5911.14 5490.04 5112.81 2667.73 360.313
internal_count=620600 12140 608460 352423 273329 172556 163648 142970 8908 100773 92089 87287 54035 5802
is_linear=0
shrinkage=0.05


Tree=222
num_leaves=15
num_cat=0
split_feature=15 5 17 19 4 15 13 21 10 67 5 73 72 72
split_gain=11.8184 14.5182 16.3266 17.0922 14.3759 16.0613 15.6047 14.7186 14.6789 24.4534 13.3042 12.5487 36.817 26.5301
threshold=33.780370712280281 0.91246086359024059 9.819465637207033 -0.015420897863805292 1.0000000180025095e-35 23.250882148742679 0.035032274201512344 98.580249786376967 0.051538469269871719 0.031212764792144302 1.1357765197753908 0.68208155035972606 0.016764153726398948 0.018020819872617725
decision_type=8 2 2 8 8 10 10 8 2 2 2 2 10 10
left_child=4 -2 3 -3 -1 7 8 11 -7 -10 -5 -6 -13 -14
right_child=1 2 -4 10 5 6 -8 -9 9 -11 -12 12 13 -15
leaf_value=-0.0059026389207383727 -0.0018010613653751163 0.00030548648076241495 0.0019281755175443499 0.0085453615745004052 0.0016152689804187761 -0.0012800766445329062 0.0021623057008483769 -0.0089062335501204608 -0.0092699124815516769 0.0040814194300704725 0.024219217392378475 0.00028151436055531067 -0.021287633336880829 0.00027339579790016549
leaf_weight=1030.0138715850189 2135.3188335418236 388.84183975402266 6581.1865399798844 459.25225290376693 18617.716290224576 10083.381756056799 2704.25369719835 373.05563843250275 1426.120838818606 444.1227164119482 195.07741932873614 5493.4637789672706 351.89643524168059 235.11083108512685
leaf_count=73412 26750 2290 68453 5217 202473 117645 19835 4943 17592 2985 1719 72095 3377 2098
internal_value=0.000274773 0.00183667 0.0028565 0.00863922 -9.95789e-05 5.23183e-05 -0.00126198 0.000820916 -0.00203781 -0.00609456 0.0135125 0.000971385 -0.000999529 -0.012792
internal_weight=50518.8 9759.68 7624.36 1043.17 40759.1 39729.1 14657.9 25071.2 11953.6 1870.24 654.33 24698.2 6080.47 587.007
internal_count=620884 104429 77679 9226 516455 443043 158057 284986 138222 20577 6936 280043 77570 5475
is_linear=0
shrinkage=0.05


Tree=223
num_leaves=15
num_cat=0
split_feature=68 74 84 73 23 14 70 73 68 74 84 69 69 73
split_gain=12.4564 62.6779 88.976 67.3114 41.1057 29.5176 24.3946 88.0162 46.3846 85.1686 83.8561 44.2242 64.8542 20.1579
threshold=-0.073404144495725618 -0.0026571019552648063 1.5000000000000002 0.11478942260146142 0.028325167484581474 -0.046531064435839646 -0.015920021571218964 0.30366551876068121 0.0069403417874127635 -0.024548042565584179 2.5000000000000004 -0.072085354477167116 -0.001070204365532845 0.30366551876068121
decision_type=8 2 2 2 2 10 2 2 10 2 2 10 10 2
left_child=1 2 5 -4 -3 -1 7 11 9 -9 -11 -2 -13 -8
right_child=6 4 3 -5 -6 -7 13 8 -10 10 -12 12 -14 -15
leaf_value=-0.013573426479593077 -0.030498165449431864 -0.013302326038519425 0.0090710210812989019 0.035739649308657591 0.0048754062535549328 0.0049011384718607304 0.0032389640355789426 0.025783836220918045 -0.0089462020509651421 -0.014675532725611687 0.01563945801064524 0.0026551038915809599 -0.028037206230548097 -0.00011871988182386424
leaf_weight=362.92908806353807 340.47503343783319 709.36839436460286 667.79778083739802 365.18447052128613 540.6394383199513 505.85101980436593 5031.9192644201685 413.69942583749071 649.01232233457267 508.8219331947621 397.18766958871856 463.23423746065237 262.44520134758204 39398.995446468703
leaf_count=2125 2813 4383 3674 2114 2710 3276 44814 3672 6300 5071 4015 3988 2470 530062
internal_value=0.000167954 0.00320673 0.00890467 0.0187513 -0.005464 -0.00288317 -3.44566e-05 -0.00436399 0.00191191 0.00727889 -0.00136002 -0.0158629 -0.00867513 0.00026219
internal_weight=50617.6 3151.77 1901.76 1032.98 1250.01 868.78 47465.8 3034.88 1968.72 1319.71 906.01 1066.15 725.679 44430.9
internal_count=621487 18282 11189 5788 7093 5401 603205 28329 19058 12758 9086 9271 6458 574876
is_linear=0
shrinkage=0.05


Tree=224
num_leaves=15
num_cat=0
split_feature=59 2 58 58 69 70 70 70 69 27 73 73 69 69
split_gain=13.9832 11.4642 21.6134 20.0656 19.8626 24.5187 22.6805 64.2924 100.156 34.9252 28.381 43.039 42.3315 54.0594
threshold=9.5000000000000018 0.065997771918773665 0.032879764214158065 0.043254317715764053 -0.088456358760595308 0.027393514290452007 0.011830081231892111 0.01275134924799204 0.023771532811224464 1.3697058558464053 0.16806954890489581 0.11478942260146142 0.021202730946242813 0.015642936341464523
decision_type=10 2 2 2 8 2 2 2 8 2 2 2 8 10
left_child=1 3 -3 4 -1 6 10 8 -8 -9 11 -6 13 -12
right_child=-2 2 -4 -5 5 -7 7 9 -10 -11 12 -13 -14 -15
leaf_value=-0.0046746165104151575 -0.012288634075473405 0.0026226511184195911 -0.006088848124740657 0.0080293212903795961 -0.001202092613905764 -0.015571431935192379 0.038286066810449493 -0.0018384770666666156 0.00039436273582533045 0.011424886949388048 -0.0028248123083909394 0.020141104713286763 6.5131326999259847e-05 -0.017461126900544879
leaf_weight=2770.7063726063352 227.9755110219121 6571.4796144291759 788.83335283398628 676.18553319107741 555.58761424804106 251.17582298745401 300.65498491516337 2845.974116314901 398.06921298219822 590.74773258762434 6595.276101293508 399.53765720012598 26844.410140703898 688.52075822488405
leaf_count=20847 1146 31538 3743 4279 5442 2410 3091 33055 5181 5286 73296 3681 417970 10244
internal_value=-0.000197047 -0.000139786 0.00168201 -0.000452547 -0.000590192 -0.000302363 -0.000200628 0.003297 0.017009 0.000467932 -0.000613732 0.00784214 -0.00085261 -0.00423039
internal_weight=50505.1 50277.2 7360.31 42916.8 42240.7 39470 39218.8 4135.45 698.724 3436.72 35083.3 955.125 34128.2 7283.8
internal_count=621209 620063 35281 584782 580503 559656 557246 46613 8272 38341 510633 9123 501510 83540
is_linear=0
shrinkage=0.05


Tree=225
num_leaves=15
num_cat=0
split_feature=75 51 71 70 74 17 70 74 72 70 11 66 78 1
split_gain=12.9513 14.2362 17.4469 26.0474 25.7117 25.2847 23.7579 27.192 23.4519 16.8649 15.9002 20.7736 17.8502 14.966
threshold=0.95715010166168224 -0.1148238107562065 -0.017199751920998093 0.0057833136525005111 -0.016539857722818848 56.881326675415046 -0.0043931566178798667 -0.0076506023760884992 0.012272980064153673 -0.0020056237699463959 -0.0087641370482742769 -0.068859219551086412 0.0058041634038090715 0.017634079791605476
decision_type=8 8 2 2 2 2 2 2 10 2 8 10 10 10
left_child=1 -1 3 6 -4 -5 7 8 13 -8 12 -12 -6 -3
right_child=-2 2 4 5 10 -7 9 -9 -10 -11 11 -13 -14 -15
leaf_value=-0.00036816056667472312 -0.0011490624484062175 0.026560297377339816 -0.014271939738371667 0.0091216852629551464 -0.012289129669767748 -0.015947862700599103 0.033235960669979539 -0.010532569132409401 -0.0013794517912011171 0.011712903164636124 0.0080117763380207364 0.0011742018036796364 0.00012024064956160141 0.0087442470358106081
leaf_weight=18771.514288674342 19768.847728238907 189.17921970319003 258.02183393295854 168.96533777564764 399.85757410596125 221.78806468541734 134.25696926307864 212.83129056193866 326.33727112552151 301.44456521654502 1306.9517410511617 7131.3520015783142 988.56171705853194 328.75890208687633
leaf_count=146671 245333 4660 3969 2257 13764 2718 2029 3058 3644 4974 24948 132989 27225 2819
internal_value=-0.000150979 0.000491055 0.00183786 0.00624214 0.00100989 -0.00515045 0.00923867 0.00509931 0.00911707 0.0189419 0.00142525 0.00224146 -0.00351592 0.0156315
internal_weight=50508.7 30739.8 11968.3 1883.56 10084.7 390.753 1492.81 1057.11 844.275 435.702 9826.72 8438.3 1388.42 517.938
internal_count=621058 375725 229054 26159 202895 4975 21184 14181 11123 7003 198926 157937 40989 7479
is_linear=0
shrinkage=0.05


Tree=226
num_leaves=15
num_cat=0
split_feature=15 22 74 27 74 73 12 12 69 69 62 14 73 72
split_gain=12.2903 18.7927 21.4078 14.7505 15.1453 21.5375 20.2372 17.2621 16.5396 34.0534 31.3109 25.1302 24.2775 38.0827
threshold=23.250882148742679 9.0414247512817401 -0.017136160284280774 0.45255534350872045 -0.018727028742432591 0.15441858023405078 0.16471745818853381 -0.21875676512718198 0.061163321137428291 0.06252025812864305 1.0000000180025095e-35 0.044911898672580726 0.68208155035972606 0.012761422898620369
decision_type=10 8 2 2 2 2 8 8 10 10 2 8 2 10
left_child=1 2 -1 -3 5 -5 -7 -6 10 11 -9 -10 13 -11
right_child=-2 3 -4 4 7 6 -8 8 9 12 -12 -13 -14 -15
leaf_value=0.0095109651395428527 -0.00076333981667645089 -0.0050706632056989756 -0.0074561387330972367 0.0071854050783001708 0.0056378115165318966 -0.010436134364706952 0.0062598227248356316 0.00021606058641308971 0.034759145665258992 0.0027888042840069904 -0.017147134904650859 0.0034038342464676945 -0.0015905386867633418 0.017602209356087382
leaf_weight=211.39665853092447 24534.374653646024 917.3074565299321 1181.8304245625623 342.83923551533371 2442.5548877865076 870.66832343814895 221.40187832782976 9692.3458159705624 131.26217600447126 6169.667446929263 256.7842119121924 121.06596069852822 2982.4113141039852 457.40447615343146
leaf_count=1488 285596 11878 11859 2213 14115 8853 1681 138705 2279 88209 1661 1925 45691 4935
internal_value=3.91992e-05 0.000796532 -0.00483226 0.00111708 0.00135873 -0.00360365 -0.00702518 0.00168018 0.00118963 0.00263963 -0.000248846 0.0204182 0.00215206 0.00383621
internal_weight=50533.3 25998.9 1393.23 24605.7 23688.4 1434.91 1092.07 22253.5 19810.9 9861.81 9949.13 252.328 9609.48 6627.07
internal_count=621088 335492 13347 322145 310267 12747 10534 297520 283405 143039 140366 4204 138835 93144
is_linear=0
shrinkage=0.05


Tree=227
num_leaves=15
num_cat=0
split_feature=51 27 4 13 12 1 69 69 22 73 73 4 17 21
split_gain=15.3803 20.1402 22.5151 24.8203 19.7628 21.5609 18.3669 23.7047 16.9256 15.8908 15.7304 21.0682 13.7537 21.1196
threshold=-0.11373649910092352 1.0544887185096743 0.075000002980232253 0.012266575358808042 -0.19570922851562497 0.015256035141646864 0.13573386520147326 0.14863986521959308 84.782310485839858 0.26681958138942724 0.27296082675457006 0.4916666597127915 93.725112915039077 81.75748443603517
decision_type=8 2 8 8 8 10 10 10 8 2 2 8 2 10
left_child=4 2 6 -4 12 9 8 -8 -2 -6 -5 -12 13 -1
right_child=1 -3 3 10 5 -7 7 -9 -10 -11 11 -13 -14 -15
leaf_value=0.0008823020186375331 -0.0033393399670239251 0.0026913327877128696 0.004018255300734826 -0.01054257971679211 0.021166449938028672 -0.002140442815610529 0.031883076824574592 -0.0078139366956910643 -0.013511164285750841 0.0028701228098515614 -0.0015689680364015047 0.0074079347432915764 -0.0085531264109646905 0.012130901732117255
leaf_weight=7923.2962319767103 2214.5703783121426 8775.7600413747132 3612.0503239941318 406.06457787565887 132.23015849222429 19084.449721046956 68.063030170276761 66.445914833806455 495.05911074532196 744.87299744761549 5466.6808501658961 732.21704912791029 346.54123617568985 430.64084597676992
leaf_count=48105 117192 127225 43089 3658 2663 150726 2852 2936 33199 22718 57463 4427 2123 2691
internal_value=-0.000159184 0.000840297 -0.000404517 0.000691647 -0.000920692 -0.00178722 -0.0043309 0.0130895 -0.00524062 0.00583595 -0.0011309 -0.000498388 0.00106715 0.00147597
internal_weight=50498.9 21836.9 13061.2 10217 28662 19961.6 2844.14 134.509 2709.63 877.103 6604.96 6198.9 8700.48 8353.94
internal_count=621067 392041 264816 108637 229026 176107 156179 5788 150391 25381 65548 61890 52919 50796
is_linear=0
shrinkage=0.05


Tree=228
num_leaves=15
num_cat=0
split_feature=5 12 84 70 70 68 68 70 68 68 74 74 70 49
split_gain=13.0142 13.6284 12.7456 25.9742 57.5576 35.5478 53.9201 58.6085 44.7846 45.2548 42.5898 38.4666 45.809 39.3123
threshold=0.74160388112068187 -0.2928540557622909 3.5000000000000004 0.014710957184433939 0.012492935638874771 0.018411267548799518 0.017079550772905353 -0.0015539685264229772 -0.037996767088770859 -0.0087447613477706892 -0.0057044045533984891 -0.011729830410331486 -0.015920021571218964 -0.179128922522068
decision_type=2 8 2 2 2 8 10 2 10 10 2 2 2 2
left_child=1 -1 -2 4 5 6 7 10 -9 -10 11 12 13 -4
right_child=2 -3 3 -5 -6 -7 -8 8 9 -11 -12 -13 -14 -15
leaf_value=0.0039974875988576632 0.00042363594979342198 -0.010955972281319426 0.01664501464492887 -0.010748300579447661 0.022552339938442051 -0.0047571533686066366 0.024969933266144946 0.030887103707106529 -0.0091927144954191218 0.0098735883162149943 -0.016149480395814791 0.0080770043456090141 -0.020407505147401712 -0.0074050092245611559
leaf_weight=208.19604829046875 40130.490856402554 517.2939873074647 245.90863927453756 708.19681519456208 245.00014264904894 4324.7472783711273 224.23131349915639 171.87384898075834 422.29994372255169 1108.5804520735983 595.85243141744286 721.77935037389398 383.77463701600209 495.74033120158128
leaf_count=1193 491120 5981 1354 6433 2603 62767 3345 1234 4657 16143 7531 7857 4090 4896
internal_value=-6.62732e-05 -0.00666873 3.12735e-05 -0.00159949 -0.00086354 -0.0015485 0.00163051 0.000311122 0.00740792 0.00458854 -0.00464522 -0.000867316 -0.00662428 0.000684616
internal_weight=50504 725.49 49778.5 9647.99 8939.79 8694.79 4370.04 4145.81 1702.75 1530.88 2443.06 1847.2 1125.42 741.649
internal_count=621204 7174 614030 122910 116477 113874 51107 47762 22034 20800 25728 18197 10340 6250
is_linear=0
shrinkage=0.05


Tree=229
num_leaves=15
num_cat=0
split_feature=15 30 13 1 14 69 74 84 28 2 69 5 69 73
split_gain=12.8363 18.411 15.6303 13.7761 15.72 14.4293 21.0887 20.7002 20.0189 17.5265 19.9551 18.9667 13.8151 13.6495
threshold=20.482853889465336 -0.28938527405261988 0.035032274201512344 0.021296633407473568 -0.091473057866096483 0.026432047598063949 -0.014473744202405213 1.5000000000000002 1.0691829323768618 0.029972200281918052 0.087376426905393614 1.0185807347297671 0.13019574433565143 0.78125637769699108
decision_type=10 2 8 10 8 10 2 2 2 2 10 2 10 2
left_child=-1 -2 3 5 -5 7 -7 -3 -9 10 13 -12 -13 -8
right_child=1 2 -4 4 -6 6 9 8 -10 -11 11 12 -14 -15
leaf_value=0.00089848494007663629 0.0010601869222208963 -0.013343791652594892 0.00042253672262013338 -0.00028416822253940309 -0.0048529633165858453 0.017246501925323392 0.0014792529854033918 -0.0065518186725019153 0.010126751945873759 0.0082387159316261206 -0.012095553891799629 -0.0030946855391578033 0.017562970382735073 0.025605490040208095
leaf_weight=20151.822766047204 9759.1679110405967 446.38460405217484 6641.8419491227251 2592.1265946361236 6882.177012875909 188.1467696914915 1417.2040900522843 431.69971987861209 293.56445533619262 575.91518681123853 620.94936976791359 404.01278474065475 90.63339863717556 51.250557458493859
leaf_count=262027 97237 12267 50039 17167 55915 3691 57065 13185 6208 5613 25122 12325 2014 1681
internal_value=-7.98146e-05 -0.000728506 -0.00157452 -0.00252199 -0.00360458 -0.000249713 0.00142299 -0.00500125 0.000245062 0.000429416 -0.00133612 -0.0063482 0.000963412 0.00248878
internal_weight=50546.9 30395.1 20635.9 13994.1 9474.3 4519.76 3348.11 1171.65 725.264 3159.97 2584.05 1115.6 494.646 1468.45
internal_count=621556 359529 262292 212253 73082 139171 107511 31660 19393 103820 98207 39461 14339 58746
is_linear=0
shrinkage=0.05


Tree=230
num_leaves=15
num_cat=0
split_feature=68 68 69 69 68 68 69 54 0 69 69 12 24 68
split_gain=16.0761 50.2585 47.4247 48.8259 36.6082 46.4269 66.4847 32.9914 40.0003 27.4939 23.8634 23.4343 21.6421 18.7149
threshold=0.049854528158903129 0.05085712485015393 -0.039398560300469392 0.026432047598063949 0.044384431093931205 0.042728703469038017 0.067736379802227034 0.18574657291173938 0.033167831599712379 0.068202320486307158 0.11628611013293268 0.17283628135919574 0.041675943881273277 0.04221737943589688
decision_type=10 10 8 8 10 10 10 8 2 8 10 8 2 10
left_child=4 9 -3 11 5 13 -7 8 -5 -2 -8 -4 -6 -1
right_child=1 2 3 7 12 6 10 -9 -10 -11 -12 -13 -14 -15
leaf_value=-0.00021777119981253331 0.035797500116951347 0.022237140217987703 -0.012237522973726116 0.041581403036773573 -0.0094738915032482121 0.037173958652161096 -0.0088150775575202654 0.0016692989665972519 0.00035834924240560041 0.0077060242756126583 0.012209678569700018 0.0059059322507201131 0.00044177252328325592 -0.011455540388689938
leaf_weight=42098.982126352843 152.64114236505702 241.10963380057365 938.83724944177084 108.77276099612936 1706.2460956093855 187.68379047792405 229.08253879006952 2847.3403125663754 116.9817184265703 203.09097365452908 301.04879306675866 212.65810063271783 808.75137417670339 363.77864807960577
leaf_count=518039 1750 1904 11462 3312 24869 2450 3458 32323 853 3056 3334 1796 7459 4865
internal_value=-0.000154473 0.00258842 0.00112643 -0.000128092 -0.000444384 -0.000102175 0.0124193 0.0031637 0.0211417 0.020409 0.00312938 -0.00886479 -0.00629618 -0.00031672
internal_weight=50517 4821.43 4465.7 4224.59 45695.6 43180.6 717.815 3073.09 225.754 355.732 530.131 1151.5 2515 42462.8
internal_count=620930 56456 51650 49746 564474 532146 9242 36488 4165 4806 6792 13258 32328 522904
is_linear=0
shrinkage=0.05


Tree=231
num_leaves=15
num_cat=0
split_feature=68 72 72 72 15 68 72 72 72 84 72 74 54 68
split_gain=11.2041 26.4367 48.4684 36.299 25.9561 25.3043 69.0512 76.1096 66.2306 76.6423 56.1264 48.252 41.1381 31.9358
threshold=0.063508495688438429 0.011750854086130859 0.012374710291624071 0.0052032878156751403 35.963378906250007 0.049854528158903129 0.0073182890191674241 0.006823271745815874 0.007961741182953121 1.0000000180025095e-35 0.010087666101753713 0.0056265767198055991 0.20319227874279025 0.044384431093931205
decision_type=8 10 10 8 8 10 10 10 10 2 10 2 8 10
left_child=5 3 -3 -2 -4 13 7 12 -8 -10 -11 -9 -7 -1
right_child=1 2 4 -5 -6 6 8 11 9 10 -12 -13 -14 -15
leaf_value=4.9779717891973521e-05 0.0076301343759630092 0.017370089910732637 -0.0098017334191175514 -0.017582822123872893 0.00711226326347714 0.029499993223411361 -0.024130632715696803 0.048738632935948684 0.023154876062359914 0.019253539164085964 -0.0090587390598443635 0.011944913589051982 0.0019520661032451918 -0.0057596478730983372
leaf_weight=42527.560406546807 184.85534408828244 314.20855688792653 739.1889125041198 552.40731430705637 316.89503213204443 146.65028362441808 284.06462415982969 187.29988614888862 319.24313227040693 202.84800619096495 982.28367783338763 178.08656851691194 1018.0564502796624 2494.9887749813497
leaf_count=526273 2167 3120 6519 7661 2433 2900 3862 2353 3050 2405 9497 2164 14013 32410
internal_value=-0.000118344 -0.0036782 0.000444214 -0.0112436 -0.00470731 3.75862e-05 0.00424442 0.0120063 -0.00242607 0.00180459 -0.00409224 0.0316016 0.00564227 -0.000273366
internal_weight=50448.6 2107.56 1370.29 737.263 1056.08 48341.1 3318.53 1530.09 1788.44 1504.37 1185.13 365.386 1164.71 45022.5
internal_count=620827 21900 12072 9828 8952 598927 40244 21430 18814 14952 11902 4517 16913 558683
is_linear=0
shrinkage=0.05


Tree=232
num_leaves=15
num_cat=0
split_feature=68 68 69 84 68 69 69 69 72 58 72 68 72 72
split_gain=14.3223 50.0777 42.4805 30.535 47.1213 39.1863 62.0175 76.846 48.9768 35.359 34.8739 33.2689 30.0714 31.2898
threshold=0.011834083124995233 0.0094426106661558169 -0.001070204365532845 1.0000000180025095e-35 0.0060603518504649409 0.084395691752433791 0.051645699888467796 0.047564163804054267 0.0097058657556772249 0.0039290245622396478 0.010521886404603721 -0.0083535425364971144 0.009503328241407873 0.0083025419153273123
decision_type=10 10 10 2 10 10 10 10 10 2 10 10 10 10
left_child=1 3 -3 4 -1 6 7 -5 -9 -8 12 -11 13 -7
right_child=-2 2 -4 5 -6 10 9 8 -10 11 -12 -13 -14 -15
leaf_value=-0.006011950888013793 0.00065934538337944818 -0.029999324139501651 -0.006263819557284004 0.00056704961159613693 0.012258642222948875 0.00026234035958235501 -0.011363578244000491 0.0057498240622001371 0.040353708614347651 0.011029007452201645 0.026984803954040678 -0.0070429973710134167 -0.0097571411510540343 0.024057159122785898
leaf_weight=3779.1916156844236 27604.199433300178 224.51862552645616 1006.7148942612112 13356.084299207432 379.81961021479219 299.64663458941504 1716.2397209769115 218.81684028264135 188.63165363529697 419.72637787624262 222.86416071071289 615.13748328690417 236.76150706433691 246.71282728062943
leaf_count=38911 380616 3088 14351 130944 4468 3127 23783 3001 1956 3854 1677 7183 2083 2281
internal_value=-0.000107561 -0.00103145 -0.0107989 -0.000472018 -0.004318 0.000442876 -0.000143376 0.00122775 0.0223529 -0.00698259 0.00997369 0.00032216 0.00485339 0.0112464
internal_weight=50515.1 22910.9 1231.23 21679.6 4159.01 17520.6 16514.6 13763.5 407.448 2751.1 1005.99 1034.86 783.121 546.359
internal_count=621323 240707 17439 223268 43379 179889 170721 135901 4957 34820 9168 11037 7491 5408
is_linear=0
shrinkage=0.05


Tree=233
num_leaves=15
num_cat=0
split_feature=1 2 73 69 73 69 74 73 68 74 69 74 84 74
split_gain=16.7654 28.0002 23.9319 23.6744 33.996 18.4452 25.3184 54.915 24.2667 46.4141 37.2177 20.4237 40.3741 43.4021
threshold=0.021417703479528431 0.03150922246277333 0.88675770163536083 0.1560144051909447 0.79466253519058239 0.021202730946242813 -0.011064539663493632 0.31732429563999182 -0.037996767088770859 -0.0043070653919130555 -0.039398560300469392 0.010788062121719124 3.5000000000000004 0.011784493923187258
decision_type=8 2 2 8 2 10 2 2 8 2 10 2 2 2
left_child=2 -2 5 -3 -5 8 7 -7 9 -1 -11 -8 13 -13
right_child=1 3 -4 4 -6 6 11 -9 -10 10 -12 12 -14 -15
leaf_value=-0.0039899283536106904 -0.0042693040953960338 -0.00022890892900128131 -0.018811000587784638 0.0002513860335247891 0.014789253832983469 0.03614372351000214 0.001373663693023032 0.0045028078582392177 -0.0041979808060027615 0.0027506948925698138 0.028390654543065205 0.036937229813443793 -0.011176987748129395 0.0079319654034707438
leaf_weight=731.40088821272366 4149.9703289773315 31105.39476614818 131.49527660105377 1048.9211030490696 642.50175800174475 166.5859360487666 7969.3680986696854 630.66668061492965 2345.5594938157592 300.26879943907261 261.81994977965951 152.72239033551887 194.61450173216872 666.80350537085906
leaf_count=9849 58476 193742 3950 6810 3939 1830 237015 12993 62789 3938 3815 3193 4893 14127
internal_value=0.000146824 -0.000404975 0.00165046 8.51537e-05 0.00582819 0.00186481 0.00299468 0.01148 -0.00117185 0.00430572 0.0149812 0.00222971 0.00887761 0.0137173
internal_weight=50498.1 36946.8 13551.3 32796.8 1691.42 13419.8 9780.76 797.253 3639.05 1293.49 562.089 8983.51 1014.14 819.526
internal_count=621359 262967 358392 204491 10749 354442 274051 14823 80391 17602 7753 259228 22213 17320
is_linear=0
shrinkage=0.05


Tree=234
num_leaves=15
num_cat=0
split_feature=1 2 2 53 71 69 69 71 84 84 70 2 70 70
split_gain=14.4145 21.9079 20.9306 19.427 27.4722 23.061 84.5729 24.398 26.0349 23.3639 23.695 21.8504 19.2186 23.1588
threshold=0.021417703479528431 0.011751020327210428 0.029357252642512325 -0.12300523743033408 0.019326150417327884 0.13836335390806201 0.14863986521959308 -0.037121023982763283 1.5000000000000002 3.5000000000000004 0.0011542647262103858 0.033202059566974647 -0.015920021571218964 -0.014153198804706333
decision_type=8 2 2 10 2 10 10 2 2 2 2 2 2 2
left_child=1 -1 -2 12 5 7 -7 -5 11 -10 -11 -9 -3 -14
right_child=2 3 -4 4 -6 6 -8 8 9 10 -12 -13 13 -15
leaf_value=-0.020853491378531794 -0.0049302396884880586 -0.0051890807268923913 -0.00023351728319542374 0.013617908745551556 -0.0094030842464667592 0.04745890049275657 -0.0056111241529003394 -0.0079485848787978867 0.0051054104853357173 0.0019812677907735713 -0.015435490284313253 0.014005896535711122 0.020985862177841638 0.0033524430825270846
leaf_weight=100.28078387118876 2537.7900826062541 635.80221060384065 34416.631030473858 285.38018006226048 778.52467587264255 107.31699753506109 203.47574743605219 1461.7242565671913 1743.1519126188941 469.91342537454329 321.77372871921398 113.74394159018993 181.63364665163681 7194.9131443353835
leaf_count=18748 40753 8238 222343 4346 25453 1983 4580 55208 58158 16007 12388 967 2350 149909
internal_value=-4.51427e-05 0.00134615 -0.000557304 0.0015264 -0.000765583 0.000680101 0.0136222 -0.000263798 -0.00125832 0.00187843 -0.00520185 -0.0062852 0.00309442 0.00381446
internal_weight=50552.1 13597.6 36954.4 13497.4 5485 4706.48 310.793 4395.69 4110.31 2534.84 791.687 1575.47 8012.35 7376.55
internal_count=621431 358335 263096 339587 179090 153637 6563 147074 142728 86553 28395 56175 160497 152259
is_linear=0
shrinkage=0.05


Tree=235
num_leaves=15
num_cat=0
split_feature=29 26 67 27 74 70 70 72 68 68 68 68 68 72
split_gain=12.6778 12.0819 26.2687 16.0386 13.5925 13.4362 56.1261 69.2349 75.1356 46.4011 44.872 34.1067 65.8185 35.999
threshold=1.0997939705848696 0.50668641924858104 0.019889178685843948 0.49421449005603796 -0.00047921040095388884 0.0025896272854879503 0.0028448036173358564 0.012761422898620369 0.040317663922905929 0.044384431093931205 0.042908757925033576 0.011507555376738312 0.01019862061366439 0.012761422898620369
decision_type=2 10 2 2 2 2 2 10 10 8 10 10 10 10
left_child=1 5 3 -3 -4 9 7 8 -7 10 11 12 -1 -13
right_child=-2 2 4 -5 -6 6 -8 -9 -10 -11 -12 13 -14 -15
leaf_value=-0.0012302795617111055 -0.0090097796053115586 -0.0029654636567700478 0.0042147779386324698 0.0078028859134044509 -0.0070327030629070437 -0.014656922280749697 0.00048160638149606346 0.037055496185179559 0.026549284823335025 -0.0064830636948946287 0.023484884975165196 0.0011323001726976688 -0.020745682758250374 0.01293216659169062
leaf_weight=13057.862034512451 367.39451021747664 412.13492614915594 402.81661858782172 1998.9491746579297 765.39007015153766 245.61042437260039 18150.580441854196 225.61019226000644 185.22852783487178 3097.661407853011 191.73088543512858 10311.77729518828 436.92073809052818 679.83011851040646
leaf_count=139174 2480 2428 2089 12060 4120 3246 226796 1976 2242 40611 2940 167133 7353 6769
internal_value=0.000120183 0.000188835 0.00298405 0.00595757 -0.00315153 -2.65357e-05 0.00100513 0.015256 0.00325905 -0.000725191 -1.1441e-07 -0.000193516 -0.00187702 0.00187321
internal_weight=50529.5 50162.1 3579.29 2411.08 1168.21 46582.8 18807 656.449 430.839 27775.8 24678.1 24486.4 13494.8 10991.6
internal_count=621417 618937 20697 14488 6209 598240 234260 7464 5488 363980 323369 320429 146527 173902
is_linear=0
shrinkage=0.05


Tree=236
num_leaves=15
num_cat=0
split_feature=53 71 69 73 72 73 68 69 71 69 84 18 68 72
split_gain=16.4742 17.7372 55.3207 34.5396 92.3988 39.812 52.141 48.3278 46.6357 57.7346 35.419 31.517 31.0976 21.2394
threshold=-0.2934578657150268 0.0128715499304235 -0.10883611440658568 0.61408361792564403 0.007172338431701065 0.45168524980545049 0.0060603518504649409 0.013319937512278559 0.032854339107871063 -0.0042636860162019721 2.5000000000000004 48.511779785156257 -0.036575015634298318 0.014031353872269394
decision_type=10 2 8 2 8 2 10 10 2 10 2 2 10 10
left_child=1 -1 -3 4 -4 8 -7 -8 9 11 13 -6 -10 -5
right_child=-2 2 3 10 5 6 7 -9 12 -11 -12 -13 -14 -15
leaf_value=-1.2974254940754786e-05 -0.00092495664667880729 -0.014470892981944256 0.02967503554465703 0.007021109850497512 0.02523001690436822 0.028280482225083142 -0.012260602635239093 0.012229638126872503 0.0010742787893481462 -0.0091953332037763708 -0.0056151274112673649 0.0031441201331091338 -0.019731047485871376 -0.0083414102601060778
leaf_weight=16545.073351971107 26893.435948362341 417.57338608778082 406.32991932658479 1605.7322029855568 351.35825627204031 321.33809857699089 273.93393045989797 688.68677114904858 330.50546156615019 370.55930135329254 1392.3615294343326 297.93196794576943 380.82874695118517 252.75050762854517
leaf_count=131943 436044 2382 3359 13510 2143 2312 2294 4751 2428 2733 11032 2502 2547 1716
internal_value=-7.87495e-05 0.000884105 0.00297461 0.00408643 0.00758529 0.00452015 0.0111548 0.00520602 -0.00043636 0.00639499 0.000391949 0.0152971 -0.0101834 0.00489837
internal_weight=50528.4 23635 7089.89 6672.32 3421.47 3015.14 1283.96 962.621 1731.18 1019.85 3250.84 649.29 711.334 1858.48
internal_count=621696 185652 53709 51327 25069 21710 9357 7045 12353 7378 26258 4645 4975 15226
is_linear=0
shrinkage=0.05


Tree=237
num_leaves=15
num_cat=0
split_feature=17 70 68 22 73 73 68 71 71 70 74 71 70 22
split_gain=17.0212 21.3263 12.2798 12.0556 23.9092 31.2806 25.5762 17.7088 45.9345 34.1309 35.3402 27.3713 35.2127 16.6021
threshold=2.413740992546082 -0.044312106445431702 -0.16844028234481809 29.54532623291016 0.077547188848257079 0.11478942260146142 -0.070425093173980699 -0.0302647091448307 -0.02844300307333469 -0.0052023623138666144 -0.00025381952582392836 -0.037121023982763283 -0.016454952768981453 88.188991546630874
decision_type=2 2 8 8 2 2 10 2 2 2 2 2 2 10
left_child=-1 -2 -3 4 -4 -6 -7 9 -9 11 -11 12 -8 -5
right_child=1 2 3 13 5 6 7 8 -10 10 -12 -13 -14 -15
leaf_value=0.0045680199603725258 -0.012342581041285411 0.009065503388023418 0.0094198902790935436 0.00090986840675461196 -0.016159717230356998 0.0093101450559525262 -0.0053932758573751833 0.020895747275428988 -0.0015051133379239284 -0.030529565898449108 -0.0064800837527272271 -0.012453128510844182 0.019399640882645435 -0.0023019638667582604
leaf_weight=2049.8231934562791 341.57622909499332 362.04537970200181 494.07951809465885 28883.868381007574 352.6642428971827 537.55185898696072 296.73405268322676 223.7104264437221 11042.719107497716 231.48698073159903 436.02619850868359 283.93951931362972 260.91510910890065 4664.5996095428709
leaf_count=19370 2225 1546 2919 370788 2427 3370 2497 1844 126529 2180 3743 2656 2127 76583
internal_value=0.000116566 -7.28192e-05 1.69157e-05 -5.3637e-05 -0.00127654 -0.00166987 -0.00127419 -0.00172648 -0.00104218 -0.00679473 -0.0151477 -6.9414e-05 0.00634433 0.00046274
internal_weight=50461.7 48411.9 48070.3 47708.3 14159.8 13665.7 13313.1 12775.5 11266.4 1509.1 667.513 841.589 557.649 33548.5
internal_count=620804 601434 599209 597663 150292 147373 144946 141576 128373 13203 5923 7280 4624 447371
is_linear=0
shrinkage=0.05


Tree=238
num_leaves=15
num_cat=0
split_feature=17 22 70 28 30 68 69 69 70 69 70 9 4 84
split_gain=11.4494 24.4621 15.9808 12.7591 13.5907 20.1993 16.6735 54.8582 24.5158 32.7 20.9525 20.6047 14.207 21.9232
threshold=2.413740992546082 7.4770801067352304 -0.044312106445431702 2.1783313751220708 0.99811357259750377 0.026240789331495765 0.14863986521959308 0.1427184194326401 0.0072364876978099355 0.1560144051909447 0.0010610894532874229 0.017510243691504005 0.058333335444331176 1.0000000180025095e-35
decision_type=2 8 2 2 2 10 10 10 2 10 2 2 8 2
left_child=-1 -2 -3 4 6 -6 7 12 9 10 -8 -11 13 -4
right_child=1 2 3 -5 5 -7 8 -9 -10 11 -12 -13 -14 -15
leaf_value=0.0036906285899992995 -0.0057990378273499992 -0.011138868754452092 -0.0085180460331879797 -0.0068512083868383618 -0.0011648304207673543 0.008634403710519897 -0.014312222825500948 0.019118470135481333 -0.016708605104441034 -0.0015593939510251495 0.0044769513380877686 0.019916960407460941 0.00049334765318137367 -0.00071580464386624527
leaf_weight=2064.1332513850648 1804.2678945257794 303.13513663923368 1086.6696198941208 623.74873662833124 956.92745496705174 1151.7778421079274 456.93098723236471 373.08558548218571 339.42652914230712 223.5831203085836 211.72563188895583 210.50079352525063 35652.815429557581 5041.9448721860535
leaf_count=19497 16450 2005 43225 4283 12359 15481 4622 3732 3639 2537 2290 1800 299423 189661
internal_value=5.28252e-05 -0.00010293 0.000118656 0.000194703 0.000292337 0.00420302 0.000102263 0.000283662 -0.00516548 -0.00149425 -0.00838445 0.00906914 0.000110943 -0.00211085
internal_weight=50500.7 48436.5 46632.3 46329.1 45705.4 2108.71 43596.7 42154.5 1442.17 1102.74 668.657 434.084 41781.4 6128.61
internal_count=621004 601507 585057 583052 578769 27840 550929 536041 14888 11249 6912 4337 532309 232886
is_linear=0
shrinkage=0.05


Tree=239
num_leaves=15
num_cat=0
split_feature=1 27 1 21 18 29 22 29 68 68 68 68 71 69
split_gain=12.9163 22.1572 12.9612 13.0796 12.0183 10.334 16.0773 25.6555 23.4997 43.6698 41.6881 73.6529 83.6266 34.7348
threshold=0.0091994707472622412 0.93681088089942943 0.0065139571670442828 14.740196228027346 70.805976867675795 0.27080823481082922 47.48138618469239 -0.33446232974529261 -0.017931400798261162 -0.010961610358208416 -0.028108102269470688 -0.025118615478277203 -0.011335607152432202 0.029081266373395923
decision_type=8 2 10 10 2 2 8 2 10 10 10 10 2 10
left_child=1 -1 -3 -4 -5 6 8 -8 10 -10 -2 -12 -13 -14
right_child=5 2 3 4 -6 -7 7 -9 9 -11 11 12 13 -15
leaf_value=-0.0063170245652229631 5.3037943702587978e-05 -0.0084391817986543428 -0.0083275473102597374 0.032895645343402856 -0.0040245830086089373 -0.0013598342918071718 0.01056593756074777 0.0011565803883430851 -0.012287265847013874 -0.00091869179982134372 0.029482997357346909 -0.010030402672245678 0.0035879358798062036 0.029390631092763353
leaf_weight=137.35675988276489 6396.200257656863 32.94030901719816 24.213127486407757 148.08613060764037 23.24732627090998 11200.973149645841 752.78970252769068 14517.830434761941 885.5599180648569 14926.868955559097 338.56469696154818 573.8635710477829 248.02925717667677 272.66006318060681
leaf_count=23835 47267 4554 2087 13171 2062 138375 8983 185483 10506 171306 2782 5646 2489 2752
internal_value=4.69927e-05 0.00928149 0.0185304 0.023263 0.0279405 -2.22605e-05 0.000363012 0.00162704 -0.000453789 -0.00156274 0.00178504 0.00946125 0.00305731 0.0173988
internal_weight=50479.2 365.844 228.487 195.547 171.333 50113.3 38912.4 15270.6 23641.7 15812.4 7829.32 1433.12 1094.55 520.689
internal_count=621298 45709 21874 17320 15233 575589 437214 194466 242748 181812 60936 13669 10887 5241
is_linear=0
shrinkage=0.05


Tree=240
num_leaves=15
num_cat=0
split_feature=1 54 74 7 27 15 53 54 58 53 8 78 74 74
split_gain=15.2891 19.257 27.3874 15.4998 14.8502 21.1767 19.6356 21.2001 20.5942 25.8302 15.8542 21.3311 14.5844 15.3868
threshold=0.028959906660020355 1.8859596848487856 -0.0024345718557015057 0.22207198292016986 1.6409808993339541 37.125347137451179 -0.061801813542842858 0.19825755059719088 -0.012633191887289284 -0.20660015940666196 1.0000000180025095e-35 0.011049524415284397 0.011013411451131107 -0.0078776418231427652
decision_type=8 10 2 2 2 8 10 8 2 10 2 10 2 2
left_child=1 4 -3 -2 6 -6 7 8 -1 10 -10 -12 13 -8
right_child=3 2 -4 -5 5 -7 12 -9 9 -11 11 -13 -14 -15
leaf_value=-0.010258285971111213 -0.0026502659198715407 0.018300239276349856 0.0012140921066005547 6.235184834095891e-07 0.0025810667292146187 0.017108101017613096 0.0035998399633550096 0.0020618460244631728 0.00026278705301617994 -0.006771270581627401 0.023547911594384924 0.0010949127872853734 0.0048666577740210347 -0.006171080836447111
leaf_weight=604.18901386414655 8063.5974449359346 368.64506156160496 620.29946683300659 17394.616609992692 2521.3024986567907 269.41467781504616 473.90180158033036 11814.395027412102 3708.2158410209231 1281.0804843758233 169.7865375559777 259.49056445085444 463.73034837725572 2478.531119113788
leaf_count=6630 53388 2748 5270 99248 30657 3236 13224 194906 49708 49203 2888 3389 11140 95275
internal_value=2.28809e-05 0.000900126 0.00770267 -0.000839726 0.000617248 0.00403958 0.000166182 0.000831677 -0.00158087 -0.000596195 0.00132749 0.0103094 -0.00330092 -0.00459587
internal_weight=50491.2 25033 988.945 25458.2 24044 2790.72 21253.3 17837.2 6022.76 5418.57 4137.49 429.277 3416.16 2952.43
internal_count=620910 468274 8018 152636 460256 33893 426363 306724 111818 105188 55985 6277 119639 108499
is_linear=0
shrinkage=0.05


Tree=241
num_leaves=15
num_cat=0
split_feature=28 71 69 71 71 47 57 27 57 49 68 18 22 70
split_gain=15.0941 12.0882 13.1859 11.9374 15.8954 11.035 11.4683 10.0329 28.3864 12.5724 10.8488 10.5194 12.0309 17.5497
threshold=1.4461345672607424 0.028925438411533836 1.0000000180025095e-35 -0.0093897413462400419 -0.04483095929026603 1.0000000180025095e-35 0.025373919866979126 0.45255534350872045 0.035435106605291374 -0.086829204112291322 0.028604311868548397 22.476935386657718 7.4770801067352304 -0.016835764981806275
decision_type=2 2 10 2 2 2 10 2 10 2 8 2 10 2
left_child=5 2 3 4 -2 7 -7 8 10 -10 -1 -9 13 -13
right_child=1 -3 -4 -5 -6 6 -8 11 9 -11 -12 12 -14 -15
leaf_value=-0.0053458915204346339 0.005940657509990138 0.0050802937536171006 -0.0047802923706500439 0.0071888182378100872 -0.0087599987627074282 0.0096701203518780639 -0.002606438107448573 0.0084640643405642559 0.0035581948170133708 -0.0076784937588449554 -0.016763916501483407 0.0079618985996209868 0.00037255059946235657 -0.00557715808821156
leaf_weight=509.92933511990122 301.09598855022341 460.66485769837163 3752.7626870819367 486.24724198877811 441.82321230066009 585.57504761288874 274.25286351144314 377.16876599006355 1153.7865802808665 306.83890589652583 359.30706467083655 270.24343301262707 39570.2466764946 1664.8957426978741
leaf_count=9039 1743 3562 34116 3907 3252 7777 2771 2873 6732 3064 6865 1893 516874 16561
internal_value=-0.000108256 -0.00259297 -0.00331125 0.00117625 -0.00280223 0.000192288 0.00576941 8.25462e-05 -0.00310377 0.0011615 -0.0102026 0.000260494 0.000183926 -0.00365521
internal_weight=50514.8 5442.59 4981.93 1229.17 742.919 45072.2 859.828 44212.4 2329.86 1460.63 869.236 41882.6 41505.4 1935.14
internal_count=621029 46580 43018 8902 4995 574449 10548 563901 25700 9796 15904 538201 535328 18454
is_linear=0
shrinkage=0.05


Tree=242
num_leaves=15
num_cat=0
split_feature=30 23 27 6 15 70 13 11 22 53 17 73 73 26
split_gain=12.1439 13.6357 13.2933 15.1022 13.5131 20.485 27.5693 12.7812 10.4949 11.1808 14.4623 13.719 20.7988 12.9197
threshold=0.99811357259750377 0.079375751316547408 0.45255534350872045 0.17270759493112567 10.133474349975588 0.0046738653909415015 0.012497183866798879 0.0059155947528779515 7.4770801067352304 -0.046430926769971841 47.388544082641609 0.73000267148017894 0.71488821506500255 0.21632406115531924
decision_type=2 2 2 2 10 2 8 8 8 10 2 2 2 10
left_child=2 -2 3 -1 5 6 7 -4 -6 -10 -11 12 13 -12
right_child=1 -3 4 -5 8 -7 -8 -9 9 10 11 -13 -14 -15
leaf_value=0.0091811425382984698 0.0047334604850270395 -0.0080355847340915932 -6.2947676344683918e-06 -0.005457412749704558 -0.0031785251945368152 0.01785114680289555 -0.016015837676822839 0.016706068442550005 0.00036949765302567156 -0.0090533508600800696 -0.0055183248500437314 0.005034203091645869 -0.023257391067353361 0.0019054947170247067
leaf_weight=185.65209565288387 2166.9915896537714 222.211889853701 255.11435020249337 1842.6015767408535 2554.4605366473552 253.65709451562725 160.89899410377257 197.40531199099496 38769.871071613627 673.83745817118324 1147.430035616504 711.89919732650742 108.43085564719513 1179.4663065611385
leaf_count=1678 28335 1132 3458 21898 23181 3047 1423 3006 436471 26345 39632 14580 2824 13612
internal_value=4.56678e-05 0.00351731 -0.000127683 -0.00407903 4.73429e-05 0.00619416 0.00116482 0.00748781 -7.20603e-05 0.000114957 -0.00246192 -0.00102646 -0.00281146 -0.00176326
internal_weight=50429.9 2389.2 48040.7 2028.25 46012.5 867.076 613.419 452.52 45145.4 42590.9 3821.06 3147.23 2435.33 2326.9
internal_count=620622 29467 591155 23576 567579 10934 7887 6464 556645 533464 96993 70648 56068 53244
is_linear=0
shrinkage=0.05


Tree=243
num_leaves=15
num_cat=0
split_feature=69 69 84 69 69 69 74 7 69 69 74 54 67 69
split_gain=11.4353 51.8473 48.8223 44.6156 42.3211 42.4853 35.7225 39.7717 34.9626 39.5573 29.2078 25.1647 26.9059 18.1038
threshold=0.10023048147559167 0.09343582391738893 2.5000000000000004 0.095412075519561781 0.098958186805248274 0.097782924771308913 0.0089177465997636336 0.13577386736869815 0.10394268110394479 0.1047647036612034 0.0043474850244820127 0.77861917018890392 1.0000000180025095e-35 0.087711099535226836
decision_type=8 10 2 10 10 10 2 2 8 8 2 8 2 10
left_child=1 13 4 -4 5 6 7 -3 11 -10 -5 -2 -13 -1
right_child=8 2 3 10 -6 -7 -8 -9 9 -11 -12 12 -14 -15
leaf_value=0.00031975551496732423 -0.016864493378618683 0.025682188127787966 0.033258229977221547 0.016102879455410314 -0.016002489586332751 0.024988711104770554 -0.01463859352607963 -0.0011859242588296364 0.022774760766875721 -0.00071060055386788399 -0.0053084979299223012 0.0083878788311018485 -0.013298827114935017 -0.0052926160330019918
leaf_weight=33209.417546053417 566.72910556779243 190.87643523374572 266.82575144898146 497.69286050018854 265.13504972285591 220.9924518764019 252.76372076245025 435.5635329762008 171.99038519547321 12113.487940473715 226.17370745493099 292.4790470385924 261.57270960765891 1491.8289657128043
leaf_count=402957 9729 3810 3192 5843 3748 2533 2838 3306 2062 153542 2812 2169 2099 20403
internal_value=0.000112621 0.000565329 0.00772678 0.0161172 0.00156574 0.00590549 0.000881745 0.00727569 -0.00113823 -0.000363562 0.00943167 -0.00955153 -0.00190486 7.70208e-05
internal_weight=50463.5 37057.3 2356.02 990.692 1365.33 1100.2 879.204 626.44 13406.3 12285.5 723.867 1120.78 554.052 34701.2
internal_count=621043 451442 28082 11847 16235 12487 9954 7116 169601 155604 8655 13997 4268 423360
is_linear=0
shrinkage=0.05


Tree=244
num_leaves=15
num_cat=0
split_feature=59 58 2 29 72 72 71 71 74 74 69 71 71 69
split_gain=13.4004 16.7236 12.9699 17.8581 15.3203 33.8667 21.4842 25.2221 112.061 38.1101 34.2777 25.7536 81.5679 26.4765
threshold=6.5000000000000009 0.023694694973528389 0.078171107918024077 0.37918044626712805 0.02781627140939236 0.032991603016853339 -0.099525623023509965 -0.058888100087642663 -0.020029677078127858 -0.034833572804927819 -0.13803395628929135 -0.054346878081560128 -0.051636332646012299 -0.088456358760595308
decision_type=10 2 2 2 8 10 2 2 2 2 8 2 2 8
left_child=2 -2 4 -4 6 -6 -1 8 -8 -9 -11 -12 -13 -14
right_child=1 -3 3 -5 5 -7 7 9 -10 10 11 12 13 -15
leaf_value=0.014678474516484463 -0.00076117334824881994 -0.011365445914869562 0.0046273526918965925 -0.0046279003059890899 -0.016711561191144125 0.00066087559656253484 0.012524076763914213 -0.021465454913138449 -0.027957777979241788 0.014822651342033694 -0.016456528527847566 0.030573651382600583 -0.0063154252714586441 0.00022486462402884996
leaf_weight=238.1588680408895 1049.3062623883598 567.17832523956895 2926.3556016087532 625.20429544895887 432.44882716657594 764.6462540877983 305.51494003320113 194.35422053118236 365.77111182315275 385.89530659955926 225.22698820359074 208.93609965546057 1598.7534922021441 40575.552410980221
leaf_count=1278 5574 2927 13799 2969 3999 5207 1967 1700 2650 2223 1951 1502 13443 559897
internal_value=-6.42194e-05 -0.00452891 8.44271e-05 0.00298967 -0.00014398 -0.00570135 8.13936e-06 -7.4848e-05 -0.00962032 7.57108e-05 0.000178056 4.19759e-05 0.000133511 -2.45046e-05
internal_weight=50463.3 1616.48 48846.8 3551.56 45295.3 1197.1 44098.2 43860 671.286 43188.7 42994.4 42608.5 42383.2 42174.3
internal_count=621086 8501 612585 16768 595817 9206 586611 585333 4617 580716 579016 576793 574842 573340
is_linear=0
shrinkage=0.05


Tree=245
num_leaves=15
num_cat=0
split_feature=22 73 69 73 69 71 71 69 69 69 71 68 68 71
split_gain=10.9589 10.1332 51.3337 28.6613 35.4425 37.0819 41.5128 36.8939 44.6407 27.86 36.0444 25.3156 67.1183 68.6032
threshold=96.934448242187514 0.68208155035972606 0.14100640267133716 0.78917726874351513 -0.039398560300469392 0.0030550045194104318 -0.012410324532538651 -0.022989927791059014 0.024818482808768753 0.008495337329804899 -0.014745866414159535 0.03548827953636647 0.038317514583468444 -0.0090665640309452993
decision_type=10 2 10 2 8 2 2 10 10 8 2 10 10 2
left_child=1 2 11 4 -3 6 -6 -8 -9 -5 -11 -1 -13 -14
right_child=-2 3 -4 9 5 -7 7 8 -10 10 -12 12 13 -15
leaf_value=-0.00028731546711094434 -0.010450709743275312 0.015194476795300803 0.022737284878651665 -0.0077670911032485862 -0.019122961844770449 -0.0060622447835863326 -0.014881319639911015 0.031507346080451214 0.0039654143705797366 0.024263480799980947 0.0023646417452763335 0.017156466514992221 0.022038901039553693 -0.0030351895073153622
leaf_weight=34903.314498699037 249.35835142014548 242.60779103147797 242.11314340354875 626.82695499830879 203.45471353200264 5348.3681896026246 215.56175736384466 153.58736253948882 1511.6852239805739 189.11429805983789 3413.4319963562302 766.1717944026459 303.63730642502196 2084.8044257971924
leaf_count=409959 4922 2578 2522 7733 2473 81987 3803 1922 22712 1556 41164 9164 2367 26517
internal_value=-0.000199239 -0.000146251 0.000249848 -0.00141973 -0.00323941 -0.00386071 0.00179048 0.00414191 0.0066785 0.00188238 0.0035782 0.000100855 0.00438299 0.000231022
internal_weight=50454 50204.7 38300 11904.6 7675.27 7432.66 2084.29 1880.83 1665.27 4229.37 3602.55 38057.9 3154.61 2388.44
internal_count=621379 616457 450529 165928 115475 112897 30910 28437 24634 50453 42720 448007 38048 28884
is_linear=0
shrinkage=0.05


Tree=246
num_leaves=15
num_cat=0
split_feature=72 71 72 74 72 2 74 73 69 68 73 73 71 72
split_gain=13.9296 22.1697 18.9495 56.019 42.3001 46.4341 61.6973 24.3121 29.4763 27.2475 25.9401 21.2695 21.0465 19.9724
threshold=0.003391561447642744 -0.0011099837720394132 0.0045620200689882049 0.0087608080357313173 0.0046515460126101979 0.029669057577848438 -0.00085763400420546521 0.53473004698753368 0.056371828541159637 0.022326213307678703 0.57175529003143322 0.76477584242820751 -0.0052776862867176524 0.0042985687032341966
decision_type=8 2 10 2 10 2 2 2 8 10 2 2 2 10
left_child=1 -1 3 7 5 6 -4 12 9 -9 -10 -12 -2 -5
right_child=2 -3 4 13 -6 -7 -8 8 10 -11 11 -13 -14 -15
leaf_value=0.024510004932150303 -0.000779093234515604 0.00216605648987341 0.0029864565691179526 0.030785285427853262 -0.00010234956697771556 0.0014107510609628262 0.07601944784945816 0.00089622519341700881 0.011452846907608616 0.032487069560242506 -0.008937321229570137 0.01048162048157523 -0.02200887181719902 0.0042538820784912452
leaf_weight=133.05845110537484 170.18610018189065 506.21350074885413 53.733379148878157 129.44209551392123 46210.805228611222 153.29374328441918 54.840302143013105 232.87357853422873 189.26521728956141 86.90906997746788 1871.1530317794532 144.17300883866847 367.07246783562005 152.03430681559257
leaf_count=2746 3425 12525 1975 2466 534649 1055 2073 5851 3676 1706 36094 3500 6894 2466
internal_value=-0.000153809 0.00712261 -0.000248596 -0.00387868 1.332e-05 0.0196781 0.0431754 -0.00585607 -0.00376755 0.0102066 -0.00583147 -0.00750323 -0.0154211 0.0170924
internal_weight=50455.1 639.272 49815.8 3343.11 46472.7 261.867 108.574 3061.63 2524.37 319.783 2204.59 2015.33 537.259 281.476
internal_count=621101 15271 605830 66078 539752 5103 4048 61146 50827 7557 43270 39594 10319 4932
is_linear=0
shrinkage=0.05


Tree=247
num_leaves=15
num_cat=0
split_feature=5 14 15 70 79 27 29 5 0 4 1 2 1 2
split_gain=11.7128 15.6259 10.4042 22.5562 16.7389 11.6626 11.8146 14.3162 15.0378 11.4201 11.4867 12.1127 11.1149 13.3106
threshold=0.7671182155609132 -0.14586484432220456 11.30499315261841 -0.013790848664939402 0.063673365861177458 0.21379976719617846 1.0997939705848696 1.3228886127471926 0.064558140933513655 1.0000000180025095e-35 0.018319601193070415 0.011088045313954355 0.012572051025927069 0.021565425209701065
decision_type=2 8 10 2 10 2 2 2 2 8 10 2 10 2
left_child=1 -1 3 -2 -5 -4 7 9 -9 10 11 -7 -11 -14
right_child=2 -3 5 4 -6 6 -8 8 -10 12 -12 -13 13 -15
leaf_value=0.0043524552117880861 -0.013564696112049995 -0.0086123289693386847 0.0098813214117069378 0.01377501485551094 0.002313378529816076 -0.024625084286667938 -0.01011068303825838 0.0071655741901573977 -0.0021444159930021156 0.0043436525092567088 -0.016174763506001385 -0.0014587629968379782 -0.0050622659354827015 -0.0002382566434212734
leaf_weight=311.1662819928024 161.16019830759615 851.71367569314316 274.10650261165574 436.26382684707642 1132.2382823268417 50.448290776461363 293.64249131199904 1264.758001813665 651.66176595538855 1258.5003741241526 192.25554364640266 875.85254239547066 1471.4619330763817 41178.823145781644
leaf_count=2025 1540 10065 2011 8938 12582 10012 2114 10208 3248 68861 5481 63963 57882 361877
internal_value=-0.000197526 -0.00513565 -7.98879e-05 0.00371795 0.00556839 -0.000218902 -0.00027959 -0.000215954 0.0040051 -0.000396457 -0.00536281 -0.00296998 -0.000268749 -0.000405836
internal_weight=50404.1 1162.88 49241.2 1729.66 1568.5 47511.5 47237.4 46943.8 1916.42 45027.3 1118.56 926.301 43908.8 42650.3
internal_count=620807 12090 608717 23060 21520 585657 583646 581532 13456 568076 79456 73975 488620 419759
is_linear=0
shrinkage=0.05


Tree=248
num_leaves=15
num_cat=0
split_feature=69 69 72 4 84 72 72 84 71 68 74 71 74 69
split_gain=15.6575 66.2394 36.8755 32.8544 28.4148 60.2329 75.7574 138.686 41.3529 93.6433 120.134 70.0943 103.952 51.7838
threshold=-0.017013531178236004 -0.022989927791059014 0.012323932256549599 0.17500000447034839 1.5000000000000002 0.011578698642551901 0.012846973724663259 2.5000000000000004 -0.010321858804672955 -0.073404144495725618 -0.0034131088759750123 -0.0013038911274634299 -0.0091480384580790979 -0.088456358760595308
decision_type=8 10 10 10 2 10 10 2 2 10 2 2 2 10
left_child=1 4 -3 -4 -1 -6 7 -7 9 10 -8 -10 -13 -11
right_child=-2 2 3 -5 5 6 8 -9 11 13 -12 12 -14 -15
leaf_value=-0.0029700733427166538 -0.0005456615449610829 0.0013271683573556764 0.03578713332394496 0.0099994772130975046 -0.019075014239135723 0.051552329279685116 0.020237298598876033 0.0017368866008307116 0.020040140463365136 -0.029442040489625815 -0.0097244426516441065 -0.020791152971807864 0.0068206813409645642 -0.0061865487864586908
leaf_weight=3714.4865771583281 39869.940735231386 300.71955873444676 254.41746585024521 251.9480553586036 295.75835924758576 215.08403652370907 688.38589772186242 370.3030074625276 657.33118230639957 347.98035206645727 633.62709692073986 412.34925752296112 1757.6006566500291 745.21412597689778
leaf_count=30586 536631 2672 3001 1426 2896 1929 3971 3690 4295 2991 3591 3463 13897 6149
internal_value=-9.07562e-05 0.00161193 0.0152915 0.0233983 0.000475321 0.00256667 0.00369576 0.0205986 0.00177272 -0.00302544 0.00591175 0.00586777 0.00150238 -0.0137889
internal_weight=50515.1 10645.2 807.085 506.366 9838.12 6123.63 5827.88 585.387 5242.49 2415.21 1322.01 2827.28 2169.95 1093.19
internal_count=621188 84557 7099 4427 77458 46872 43976 5619 38357 16702 7562 21655 17360 9140
is_linear=0
shrinkage=0.05


Tree=249
num_leaves=15
num_cat=0
split_feature=3 69 69 64 53 69 68 69 69 71 74 74 74 74
split_gain=15.9337 11.8642 101.227 29.515 22.5959 11.4458 11.0657 55.6167 25.5179 22.1241 46.6465 38.1064 19.1692 39.0505
threshold=0.67499998211860668 0.14567654579877856 0.1427184194326401 0.035875581204891212 -0.2641304731369018 0.154151126742363 -0.073404144495725618 -0.069107543677091585 -0.10883611440658568 -0.0073139155283570281 -0.0034131088759750123 -0.023058580234646794 -0.018727028742432591 -0.023058580234646794
decision_type=2 10 10 2 8 10 8 10 10 2 2 2 2 2
left_child=1 2 6 4 -3 -5 7 8 9 10 11 -1 13 -8
right_child=-2 3 -4 5 -6 -7 12 -9 -10 -11 -12 -13 -14 -15
leaf_value=-0.005619835800248228 0.0057606846165815613 0.0030580933774337344 0.031682830073961339 -0.001893412600385509 -0.012674821804835139 0.011981496036190593 -0.00010080248630797622 0.020198722029579917 -0.012207166814031313 0.0096835645822459914 -0.011775623409715755 0.013893470109105974 -0.00023963178907086195 -0.013868358902231702
leaf_weight=431.73144820332527 1112.6060443669558 300.59395486209542 239.00638175965287 298.24785518855788 895.56273038405925 281.72823760006577 1455.3835054563824 382.66397251538001 357.2144157809671 653.8711244338192 623.68405006895773 571.23911085864529 42043.588694052305 787.2939289486967
leaf_count=2537 5315 2112 2175 2227 11884 2080 12907 2338 2660 3414 3500 3257 556538 8107
internal_value=-0.000129531 -0.000263544 -0.000113231 -0.00426414 -0.00872857 0.00493529 -0.000280535 0.00264263 2.90574e-05 0.00199063 -0.001142 0.00552135 -0.000480452 -0.00497402
internal_weight=50434.4 49321.8 47545.7 1776.13 1196.16 579.976 47306.7 3020.4 2637.74 2280.53 1626.65 1002.97 44286.3 2242.68
internal_count=621051 615736 597433 18303 13996 4307 595258 17706 15368 12708 9294 5794 577552 21014
is_linear=0
shrinkage=0.05


end of trees

feature_importances:
spy_c_sma200=383
spy_ret5=352
spy_c_sma50=297
univ_ret1=258
spy_rv20=253
relvol=241
breadth50=232
spy_ret1=192
atr_pct=190
range20=168
entry_weekday=101
hit3_60=84
rv20=71
dist_hi252=65
atr_ratio=60
gap_last=50
stoch_d=37
rs_today=36
dist_lo252=35
c_sma200=32
sma50_200=25
resist_room=23
adx14=20
gap_up_count20=17
hit3_20=16
relvol5=15
gap_dn_count20=14
macd_hist=12
roc1=12
close_loc=12
rsi2=11
log_dollar_vol=11
rs5=11
rs60=11
stoch_k=9
obv_slope=9
dist_hi60=9
fib_near=9
bb_pctb=8
bb_width=8
sma20_slope=8
rsi14=8
dist_hi20=8
bb_squeeze=7
c_sma20=7
roc60=7
dist_lo60=7
rs20=7
c_sma10=6
roc5=6
fib_ext_room=6
c_sma50=5
updown_vol=5
dist_lo20=3
di_diff=2
roc20=2
fib_room_up=2
cdl_bear_engulf=1
cdl_bull_marubozu=1
gap_up_held=1
gap_dn_filled=1
fib_retr=1

parameters:
[boosting: gbdt]
[objective: binary]
[metric: binary_logloss]
[tree_learner: serial]
[device_type: cpu]
[data_sample_strategy: bagging]
[data: ]
[valid: ]
[num_iterations: 250]
[learning_rate: 0.05]
[num_leaves: 15]
[num_threads: 4]
[seed: 7]
[deterministic: 0]
[force_col_wise: 0]
[force_row_wise: 0]
[histogram_pool_size: -1]
[max_depth: -1]
[min_data_in_leaf: 2000]
[min_sum_hessian_in_leaf: 0.001]
[bagging_fraction: 0.7]
[pos_bagging_fraction: 1]
[neg_bagging_fraction: 1]
[bagging_freq: 1]
[bagging_seed: 17422]
[bagging_by_query: 0]
[feature_fraction: 0.6]
[feature_fraction_bynode: 1]
[feature_fraction_seed: 7040]
[extra_trees: 0]
[extra_seed: 6516]
[early_stopping_round: 0]
[early_stopping_min_delta: 0]
[first_metric_only: 0]
[max_delta_step: 0]
[lambda_l1: 0]
[lambda_l2: 10]
[linear_lambda: 0]
[min_gain_to_split: 0]
[drop_rate: 0.1]
[max_drop: 50]
[skip_drop: 0.5]
[xgboost_dart_mode: 0]
[uniform_drop: 0]
[drop_seed: 15215]
[top_rate: 0.2]
[other_rate: 0.1]
[min_data_per_group: 100]
[max_cat_threshold: 32]
[cat_l2: 10]
[cat_smooth: 10]
[max_cat_to_onehot: 4]
[top_k: 20]
[monotone_constraints: ]
[monotone_constraints_method: basic]
[monotone_penalty: 0]
[feature_contri: ]
[forcedsplits_filename: ]
[refit_decay_rate: 0.9]
[cegb_tradeoff: 1]
[cegb_penalty_split: 0]
[cegb_penalty_feature_lazy: ]
[cegb_penalty_feature_coupled: ]
[path_smooth: 0]
[interaction_constraints: ]
[verbosity: -1]
[saved_feature_importance_type: 0]
[use_quantized_grad: 0]
[num_grad_quant_bins: 4]
[quant_train_renew_leaf: 0]
[stochastic_rounding: 1]
[linear_tree: 0]
[max_bin: 255]
[max_bin_by_feature: ]
[min_data_in_bin: 3]
[bin_construct_sample_cnt: 200000]
[data_random_seed: 61]
[is_enable_sparse: 1]
[enable_bundle: 1]
[use_missing: 1]
[zero_as_missing: 0]
[feature_pre_filter: 1]
[pre_partition: 0]
[two_round: 0]
[header: 0]
[label_column: ]
[weight_column: ]
[group_column: ]
[ignore_column: ]
[categorical_feature: ]
[forcedbins_filename: ]
[precise_float_parser: 0]
[parser_config_file: ]
[objective_seed: 15521]
[num_class: 1]
[is_unbalance: 0]
[scale_pos_weight: 1]
[sigmoid: 1]
[boost_from_average: 1]
[reg_sqrt: 0]
[alpha: 0.9]
[fair_c: 1]
[poisson_max_delta_step: 0.7]
[tweedie_variance_power: 1.5]
[lambdarank_truncation_level: 30]
[lambdarank_norm: 1]
[label_gain: ]
[lambdarank_position_bias_regularization: 0]
[eval_at: ]
[multi_error_top_k: 1]
[auc_mu_weights: ]
[num_machines: 1]
[local_listen_port: 12400]
[time_out: 120]
[machine_list_filename: ]
[machines: ]
[gpu_platform_id: -1]
[gpu_device_id: -1]
[gpu_device_id_list: ]
[gpu_use_dp: 0]
[num_gpu: 1]

end of parameters

pandas_categorical:null
