tree
version=v4
num_class=1
num_tree_per_iteration=1
label_index=0
max_feature_idx=84
objective=binary sigmoid:1
feature_names=atr_pct rv20 range20 hit3_20 hit3_60 atr_ratio bb_pctb bb_width bb_squeeze c_sma10 c_sma20 c_sma50 c_sma200 sma20_slope sma50_200 adx14 di_diff rsi2 rsi14 macd_hist macd_cross_up stoch_k stoch_d roc1 roc5 roc20 roc60 relvol relvol5 obv_slope updown_vol log_dollar_vol cdl_doji cdl_hammer cdl_inv_hammer cdl_shooting_star cdl_hanging_man cdl_bull_engulf cdl_bear_engulf cdl_piercing cdl_dark_cloud cdl_morning_star cdl_evening_star cdl_three_white cdl_three_black cdl_bull_harami cdl_bear_harami cdl_bull_marubozu cdl_bear_marubozu dist_hi20 dist_lo20 dist_hi60 dist_lo60 dist_hi252 dist_lo252 breakout20 support_test resist_room gap_last gap_up_count20 gap_dn_count20 gap_up_held gap_dn_filled close_loc rs5 rs20 rs60 rs_today spy_c_sma50 spy_c_sma200 spy_ret1 spy_ret5 spy_rv20 breadth50 univ_ret1 fib_retr fib_near fib_golden fib_room_up fib_ext_room ew_w3 ew_w4 ew_w5 ew_abc entry_weekday
feature_infos=[0.00084742775652557611:3.3942763805389404] [0.0001065555406967178:1.3654611110687256] [9.5283467089757323e-05:0.65629518032073975] [0:1] [0:0.86666667461395264] [0.01710350438952446:2.7999999523162842] [-0.56213229894638062:1.5621322393417358] [0:46.237895965576172] [0:1] [-0.88096392154693604:8.8033981323242188] [-0.90605330467224121:18.187648773193359] [-0.91932153701782227:44.078125] [-0.9985547661781311:137.55917358398438] [-0.64780217409133911:22.388889312744141] [-0.99561536312103271:2.9648945331573486] [5.5665273666381836:85.847030639648438] [-100:100] [0:99.999740600585938] [0:100] [-1.5036938190460205:0.42668205499649048] [0:1] [0:100] [0:100] [-0.82511210441589355:447.77777099609375] [-0.92793148756027222:447.77777099609375] [-0.93071073293685913:2207.6513671875] [-0.95143914222717285:2207.6513671875] [0:20] [0:4] [-2:2] [-18.74339485168457:17.058595657348633] [16.811246871948242:24.717254638671875] [0:1] [0:1] [0:1] [0:1] [0:1] [0:1] [0:1] [0:1] [0:1] [0:1] [0:1] [0:1] [0:1] [0:1] [0:1] [0:1] [0:1] [-0.9751209020614624:0] [0:486.11111450195312] [-0.99338233470916748:0] [0:2207.6513671875] [-0.99984055757522583:0] [0:2227.498046875] [0:1] [0:1] [0.00100020004902035:21.298254013061523] [-0.8275267481803894:454.5555419921875] [0:15] [0:15] [0:1] [0:1] [0:1] [-0.96095865964889526:447.80355834960938] [-1.0128580331802368:2207.657958984375] [-1.0223566293716431:2207.611572265625] [-0.83038818836212158:447.78298950195312] [-0.27945837378501892:0.13230858743190765] [-0.26594445109367371:0.17232657968997955] [-0.10782753676176071:0.10501933842897415] [-0.15625929832458496:0.17460031807422638] [0.0019243131391704082:0.055708035826683044] [0:0.9513055682182312] [-0.13294798135757446:0.10407586395740509] [-0.26315790414810181:797.26776123046875] [0:9.9625205993652344] [0:1] [-0.99715101718902588:9.9625205993652344] [-0.99681037664413452:26.686052322387695] [0:1] [0:1] [0:0] [0:1] [0:4]
tree_sizes=1795 1817 1809 1834 1816 1826 1842 1821 1832 1823 1832 1816 1820 1817 1836 1821 1825 1826 1836 1831 1826 1832 1826 1833 1820 1826 1824 1823 1819 1828 1824 1831 1811 1838 1826 1840 1827 1839 1833 1825 1834 1830 1830 1815 1830 1810 1815 1834 1841 1840 1839 1847 1818 1835 1821 1835 1832 1835 1833 1809 1819 1835 1832 1826 1820 1838 1828 1830 1825 1826 1820 1825 1837 1829 1824 1823 1827 1842 1839 1837 1822 1828 1819 1841 1809 1824 1842 1840 1823 1820 1821 1814 1825 1821 1831 1821 1822 1840 1828 1818 1838 1845 1833 1811 1842 1833 1817 1833 1837 1838 1828 1829 1821 1819 1837 1842 1832 1824 1851 1818 1840 1832 1835 1822 1822 1821 1825 1835 1821 1823 1833 1818 1814 1829 1825 1843 1826 1847 1831 1819 1832 1826 1828 1813 1834 1819 1845 1834 1837 1839 1838 1835 1809 1837 1823 1836 1836 1836 1826 1825 1831 1815 1843 1852 1824 1845 1821 1832 1828 1812 1821 1823 1827 1835 1832 1831 1835 1845 1829 1822 1840 1825 1840 1815 1819 1834 1829 1829 1822 1825 1822 1842 1827 1841 1814 1825 1830 1847 1828 1841 1850 1837 1836 1825 1831 1831 1840 1833 1834 1830 1819 1819 1851 1826 1828 1823 1822 1811 1841 1812 1830 1819 1819 1825 1829 1825 1825 1830 1830 1814 1829 1841 1840 1844 1821 1827 1820 1844 1843 1835 1836 1829 1828 1816 1842 1836 1818 1824 1825 1843

Tree=0
num_leaves=15
num_cat=0
split_feature=3 57 73 7 3 73 69 73 3 73 78 69 73 74
split_gain=4062.19 1060.37 716.943 440.361 367.735 291.647 270.863 261.635 259.781 220.062 177.919 172.478 195.339 158.336
threshold=1.0000000180025095e-35 0.025822773575782779 0.64153727889060985 0.041283393278718002 0.075000001117587103 0.46266341209411627 -0.012004304677247999 0.47465904057025915 0.075000001117587103 0.31674617528915411 -1.0000000180025095e-35 0.11499396711587907 0.57541298866271984 0.00033635373983997857
decision_type=2 10 2 2 2 2 8 2 2 2 10 10 2 2
left_child=1 3 4 -1 9 -5 -4 -3 -8 -2 -7 -6 -13 -10
right_child=2 7 6 5 11 10 8 -9 13 -11 -12 12 -14 -15
leaf_value=-0.95117903945522919 -0.90042141730454539 -0.90924218962093617 -0.89934687759265242 -0.9205211691507913 -0.90294820311995105 -0.94159619890298407 -0.92484835102930352 -0.92327778834015872 -0.90881376466209374 -0.91601959061373717 -0.93146757036035499 -0.92585167280476832 -0.90222601033065331 -0.9178618983830128
leaf_weight=3591.9548749923706 2758.2539849728346 5326.9098972827196 2234.7673796117306 4257.4869685918093 35820.361814171076 6683.2810392826796 8272.1088064312935 8778.0438141077757 7900.6680182218552 12346.120352715254 12580.413772970438 1828.0193076878786 1659.8505112677813 12428.980220854282
leaf_count=17600 13515 26101 10950 20861 175514 32747 40532 43011 38712 60494 61642 8957 8133 60900
internal_value=-0.916211 -0.929097 -0.90998 -0.934879 -0.906529 -0.932376 -0.916072 -0.917976 -0.917384 -0.913163 -0.934993 -0.903981 -0.914601 -0.914344
internal_weight=126467 41218.1 85249.1 27113.1 54412.6 23521.2 30836.5 14105 28601.8 15104.4 19263.7 39308.2 3487.87 20329.6
internal_count=619669 201962 417707 132850 266613 115250 151094 69112 140144 74009 94389 192604 17090 99612
is_linear=0
shrinkage=1


Tree=1
num_leaves=15
num_cat=0
split_feature=0 0 0 73 71 73 71 73 70 72 74 72 68 74
split_gain=7775.38 1126.92 877.558 343.995 284.096 248.433 222.192 227.517 282.312 222.426 215.999 198.181 176.792 209.048
threshold=0.020160989835858349 0.015114951413124801 0.025862025097012523 0.64153727889060985 -0.0083502870984375459 0.67833209037780773 0.055280340835452087 0.31674617528915411 -0.044312106445431702 0.018204551190137867 0.00033635373983997857 0.017434634268283847 -0.026530045084655281 0.0079256761819124239
decision_type=2 2 2 2 2 2 2 2 2 10 2 10 10 2
left_child=1 -1 5 6 -3 -2 7 8 -4 -9 11 -5 -10 -14
right_child=2 4 3 10 -6 -7 -8 9 12 -11 -12 -13 13 -15
leaf_value=-0.037615603374078821 0.0019107587564316691 -0.0034872062830559286 -0.019891051703406604 0.012162099155331575 -0.018955887168337255 -0.0089967688393802897 -0.01011737042672352 0.0095865319053476325 0.017361735183252749 0.02833175753266769 0.00087327217585989622 -0.020613763510831187 0.044695262093179609 0.0048807068140402279
leaf_weight=8822.848691791296 18078.254971817136 3618.085393756628 453.57099871337414 9153.9892664402723 16647.200452521443 7328.3719136863947 1099.1693143695593 32969.916205570102 9840.161489367485 1655.7202450335026 14582.50689676404 476.78792788088322 1302.2628627717495 443.85413609445095
leaf_count=43622 88624 17763 2210 44760 82013 36034 5357 160961 47951 8071 71505 2325 6346 2163
internal_value=-2.49691e-05 -0.0227044 0.00675088 0.00957046 -0.0161973 -0.00123775 0.0120314 0.0125552 0.0184784 0.0104908 0.00471291 0.0105198 0.0199963 0.03466
internal_weight=126473 29088.1 97384.6 71977.9 20265.3 25406.6 47764.7 46665.5 12039.8 34625.6 24213.3 9630.78 11586.3 1746.12
internal_count=619705 143398 476307 351649 99776 124658 233059 227702 58670 169032 118590 47085 56460 8509
is_linear=0
shrinkage=0.05


Tree=2
num_leaves=15
num_cat=0
split_feature=0 0 0 73 73 71 71 69 69 84 74 84 69 73
split_gain=7076.71 913.247 893.384 342.747 236.118 228.488 227.98 220.714 201.25 172.989 165.774 175.272 162.746 223.388
threshold=0.019612070173025135 0.014764609280973675 0.025862025097012523 0.62452375888824474 0.68766510486602794 -0.0083502870984375459 0.0011586637701839211 0.015508298296481373 -0.1383535638451576 2.5000000000000004 -0.021459922194480893 3.5000000000000004 0.11499396711587907 0.57541298866271984
decision_type=2 2 2 2 2 2 2 8 10 2 2 2 10 2
left_child=1 -1 4 8 -2 -3 7 9 -4 -5 11 -10 -12 -14
right_child=2 5 3 6 -6 -7 -8 -9 10 -11 12 -13 13 -15
leaf_value=-0.037574701877212978 0.0011956680654502728 -0.00508906479001106 0.023557328536417458 0.048353099011640505 -0.0092298430814304992 -0.019640913630888532 0.0018856002667896844 0.0083850952371714183 0.0054706805375908012 0.0081403795128939145 0.012488378356463818 -0.025047508549309989 -0.0081342159874939271 0.019126311273157195
leaf_weight=7689.9486527442932 20512.380990773439 3280.9095927923918 3271.426897123456 680.89714753627777 7375.7498318701982 15384.70292378962 20356.982692018151 5351.8730246275663 2130.9963827878237 444.06665483117104 36079.315835267305 593.00238406658173 2239.2375818043947 1118.6046042889357
leaf_count=38671 100577 16149 15868 3313 36431 76484 99484 26121 10334 2169 175068 2881 10962 5434
internal_value=-2.92703e-05 -0.023077 0.0060374 0.00897063 -0.00156395 -0.0170872 0.0044877 0.0126507 0.0116168 0.0326912 0.0106849 -0.00124031 0.0115087 0.000976963
internal_weight=126510 26355.6 100155 72266.4 27888.1 18665.6 26833.8 6476.84 45432.6 1124.96 42161.2 2724 39437.2 3357.84
internal_count=619946 131304 488642 351634 137008 92633 131087 31603 220547 5482 204679 13215 191464 16396
is_linear=0
shrinkage=0.05


Tree=3
num_leaves=15
num_cat=0
split_feature=0 0 0 68 71 71 71 71 0 0 73 71 68 74
split_gain=6472.71 948.331 764.872 297.08 422.016 252.044 197.06 188.67 157.723 154.083 145.626 254.639 166.39 135.124
threshold=0.019167229533195499 0.025862025097012523 0.014589797705411913 0.01949337869882584 -0.0091286255046725256 -0.0083502870984375459 -0.0083502870984375459 0.055280340835452087 0.011147324927151205 0.022137449122965339 0.31674617528915411 -0.03858648054301738 -0.022642364725470539 -0.0034150431165471669
decision_type=2 2 2 10 2 2 2 2 2 2 2 2 10 2
left_child=2 5 8 7 -5 -2 -4 10 -1 -7 11 -3 -12 -6
right_child=1 3 6 4 13 9 -8 -9 -10 -11 12 -13 -14 -15
leaf_value=-0.052204471503207832 0.0068357230300567819 0.0051859326357111589 -0.0057691523391406787 0.02477599699897854 0.0094216102824811257 -0.0088783862247842748 -0.020034081721920033 -0.0088288011845276647 -0.033294289507354136 -0.00073826029954683408 -0.0015354213341943067 0.021240736983503341 0.011433150017865911 0.0017678619063562443
leaf_weight=1418.9879130274057 6276.3929600566626 3460.2930419743061 2935.8576362133026 2530.3879219144583 7565.9652708768845 10649.639000371099 14071.304708987474 1093.4632523655891 5656.9300282299519 12791.475873619318 2780.3867533951998 8687.2939420491457 22225.914855614305 24174.694085508585
leaf_count=7283 30722 16684 14497 12246 36739 52644 70623 5322 28926 62872 13437 41742 107487 117889
internal_value=-2.76192e-05 0.00546612 -0.0233419 0.00854847 0.00516535 -0.00205598 -0.0175764 0.0115777 -0.0371548 -0.00443865 0.0121805 0.0166755 0.00999117 0.00359467
internal_weight=126319 102236 24083.1 72518.4 34271 29717.5 17007.2 38247.4 7075.92 23441.1 37153.9 12147.6 25006.3 31740.7
internal_count=619113 497784 121329 351546 166874 146238 85120 184672 36209 115516 179350 58426 120924 154628
is_linear=0
shrinkage=0.05


Tree=4
num_leaves=15
num_cat=0
split_feature=0 0 0 73 71 73 70 69 70 71 71 0 72 69
split_gain=5824.02 831.564 750.664 253.279 238.928 223.17 207.858 283.079 178.666 214.304 161.711 160.527 157.186 151.489
threshold=0.019724390469491485 0.014764609280973675 0.026715530082583431 0.64153727889060985 -0.0069472836330533019 0.46036471426486975 -0.044312106445431702 -0.1383535638451576 -0.0071474877186119548 -0.010008481796830891 0.055280340835452087 0.011147324927151205 0.016601774841547016 -0.02913612965494394
decision_type=2 2 2 2 2 2 2 8 2 2 2 2 10 10
left_child=1 11 5 6 -3 -2 -4 -8 12 -10 -9 -1 -5 -11
right_child=2 4 3 8 -6 -7 7 10 9 13 -12 -13 -14 -15
leaf_value=-0.050603644318270004 0.006322995837449167 -0.0040504543956658527 -0.023323616917309858 0.026255051921312091 -0.018143327837005684 -0.0035005927645735363 0.034298784547470908 0.010618808592439763 0.023072657289793224 0.016277906136472339 -0.0099923034383169775 -0.03148073593201111 -0.0063385556968054424 0.00020512945483463899
leaf_weight=1380.4844620525837 7712.893736332655 3757.0320214033127 440.77798540890217 1511.218191370368 15202.948675125837 22989.532854422927 1241.7555259764194 43495.211412623525 1210.6092493385077 1583.3006208389997 965.47729514539242 6052.7709779888391 484.27136737108231 18354.072993576527
leaf_count=7265 37586 18601 2154 7279 76876 113181 5930 209199 5824 7704 4719 31421 2350 89498
internal_value=-3.84341e-05 -0.0209253 0.00547643 0.00835997 -0.0153543 -0.00103151 0.0105008 0.0108321 0.00408889 0.00273492 0.0101691 -0.0350954 0.018353 0.00148905
internal_weight=126382 26393.2 99989.1 69286.7 18960 30702.4 46143.2 45702.4 23143.5 21148 44460.7 7433.26 1995.49 19937.4
internal_count=619587 134163 485424 334657 95477 150767 222002 219848 112655 103026 213918 38686 9629 97202
is_linear=0
shrinkage=0.05


Tree=5
num_leaves=15
num_cat=0
split_feature=1 4 1 73 73 73 73 4 68 1 68 68 68 68
split_gain=4015.37 644.956 493.854 450.788 259.688 204.39 171.654 169.879 160.818 141.725 109.886 192.069 93.2892 99.1291
threshold=0.012383240740746261 0.058333335444331176 0.0077757202088832864 0.62452375888824474 0.62452375888824474 0.46266341209411627 0.31674617528915411 0.025000001303851608 -0.028108102269470688 0.0045766350813210019 0.023331013508141044 0.03685965575277806 0.041905201971530921 0.023331013508141044
decision_type=10 8 8 2 2 2 2 8 10 10 10 10 10 10
left_child=2 3 9 6 10 -4 8 -7 -2 -1 -3 -12 13 -8
right_child=1 4 5 -5 -6 7 12 -9 -10 -11 11 -13 -14 -15
leaf_value=-0.059977190421832173 0.0065065466579619551 0.010839777744238182 -0.0045427926862778674 -0.0099259424774387206 0.0035383315073105382 -0.021026914146560542 0.0016534176238398438 -0.010366785791454693 0.029622817095541133 -0.030348990087680074 -0.00088705685469114511 0.018121354268879186 0.02173831649731844 -0.0085146693496404701
leaf_weight=459.84785430133343 3529.7079610526562 34711.38454157114 3922.5931311398745 10474.123013556004 29199.358793869615 10608.719071388245 12564.143647015095 5819.5739236325026 949.43035008013248 3665.7686118483543 5210.8571090847254 1773.504008218646 486.21367938816547 2951.5283846110106
leaf_count=2482 16988 166274 19586 52156 142173 54448 61565 29261 4575 19290 25156 8559 2403 14560
internal_value=0.000157098 0.00452739 -0.0180227 -0.00149367 0.00715622 -0.0148116 0.00282138 -0.0172593 0.0114615 -0.0337884 0.00968836 0.00395866 0.00039725 -0.000285084
internal_weight=126327 101850 24476.5 30955.1 70895.1 20350.9 20481 16428.3 4479.14 4125.62 41695.7 6984.36 16001.9 15515.7
internal_count=619476 494409 125067 152247 342162 103295 100091 83709 21563 21772 199989 33715 78528 76125
is_linear=0
shrinkage=0.05


Tree=6
num_leaves=15
num_cat=0
split_feature=1 1 72 4 68 51 68 72 69 68 69 1 51 4
split_gain=3565.83 605.464 556.059 264.654 219.419 191.089 180.873 189.246 180.403 207.386 173.055 172.086 167.088 152.498
threshold=0.012978980317711832 0.0085891541093587893 0.0063372445292770871 0.058333335444331176 -0.016756311990320679 -0.057833999395370476 0.051407679915428169 0.017434634268283847 -0.010585022158920763 -0.010761311277747153 -0.026822932995855805 0.0045766350813210019 -0.036462103947997086 0.025000001303851608
decision_type=10 10 10 8 10 10 10 10 10 10 10 8 10 8
left_child=1 11 5 12 -3 -2 8 -8 9 -5 -11 -1 -4 -6
right_child=2 4 3 6 13 -7 7 -9 -10 10 -12 -13 -14 -15
leaf_value=-0.059422561558816193 0.0013405698618272231 0.004733887913461605 0.0040053261790932247 0.0098707772956929188 -0.016880024169337118 -0.0077514786202876555 0.0028852099173321457 -0.028419181795119708 0.0072711478001775401 0.016630983657356151 0.03795117669442663 -0.027004455156987614 -0.0072947526904852834 -0.0077748686748550528
leaf_weight=438.73023416101933 15373.560087010264 1830.3319780528545 15617.115309417248 10790.591923981905 11891.456215277314 9247.5276026129723 5159.6143324971199 522.51969194412231 32773.015890330076 3696.4611311554909 1290.3392107635736 5993.6354866921902 4127.767954364419 7541.6779397875071
leaf_count=2443 74726 9042 76096 51355 61102 45487 25125 2530 157565 17709 6162 31703 20529 37862
internal_value=-2.10872e-05 -0.0158699 0.00443191 0.00659789 -0.011794 -0.00207611 0.00840214 -3.83602e-05 0.00938979 0.0137833 0.0222125 -0.0293044 0.00164049 -0.0133523
internal_weight=126294 27695.8 98598.5 73977.4 21263.5 24621.1 54232.5 5682.13 48550.4 15777.4 4986.8 6432.37 19744.9 19433.1
internal_count=619436 142152 477284 357071 108006 120213 260446 27655 232791 75226 23871 34146 96625 98964
is_linear=0
shrinkage=0.05


Tree=7
num_leaves=15
num_cat=0
split_feature=0 0 0 71 68 70 71 74 71 74 70 68 71 68
split_gain=4682.92 717.891 638.417 245.131 263.965 236.698 183.624 205.103 171.477 181.752 320.873 165.173 152.713 152.418
threshold=0.019055491313338283 0.022569926455616954 0.014589797705411913 0.0019321331055834892 0.018064832314848903 -0.044312106445431702 0.055280340835452087 -0.013496683910489081 0.0044199428521096715 0.0092724086716771143 0.0075623253360390672 0.051407679915428169 -0.0083502870984375459 -0.074038576334714876
decision_type=2 2 2 2 10 2 2 2 2 2 2 10 2 8
left_child=2 -2 -1 5 6 -3 7 -5 -9 10 -10 13 -4 -7
right_child=1 3 12 4 -6 11 -8 8 9 -11 -12 -13 -14 -15
leaf_value=-0.033486378369316443 -0.0052907128037789214 -0.02392086721336311 -0.0044876097355197883 -0.010757024978860497 0.0012409933182589497 0.021758923081538505 -0.01010317220557598 -0.0039921898144441867 0.014183006251367439 0.0050734379783838072 0.042866465102705441 -0.013294419995956147 -0.017333044429422878 0.009289293260167017
leaf_weight=6687.08798648417 15753.71459966898 521.52875772118568 2812.2066080421209 1060.4407845288515 31758.960961773992 2631.4251925647259 1165.7177986949682 1510.6639654189348 7897.8433018922806 4131.8558872938156 1107.1159069389105 757.48886100947857 13269.740469917655 35225.154672369361
leaf_count=36345 78346 2550 14070 5037 154446 12412 5664 7232 37692 19662 5290 3652 68654 168563
internal_value=1.88344e-05 0.00453467 -0.0205059 0.00629866 0.00392698 0.00924411 0.00897871 0.0104003 0.0119384 0.0137719 0.0177531 0.00969812 -0.015091 0.0101616
internal_weight=126291 103522 22769 87768.2 48632.6 39135.6 16873.6 15707.9 14647.5 13136.8 9004.96 38614.1 16081.9 37856.6
internal_count=619615 500546 119069 422200 235023 187177 80577 74913 69876 62644 42982 184627 82724 180975
is_linear=0
shrinkage=0.05


Tree=8
num_leaves=15
num_cat=0
split_feature=4 51 51 71 70 69 69 4 71 69 69 74 71 71
split_gain=2415.77 896.103 334.672 236.792 198.647 236.789 184.543 179.173 168.101 144.532 138.349 157.452 150.161 118.758
threshold=0.041666667908430106 -0.039605116471648209 -0.040904043242335313 -0.010008481796830891 -0.044312106445431702 -0.1383535638451576 0.049500988796353347 1.0000000180025095e-35 -0.0302647091448307 0.12688654661178592 0.1011449657380581 -0.0039054667577147479 0.041986452415585525 0.028214596211910251
decision_type=8 10 10 2 2 8 8 10 2 10 10 2 2 2
left_child=1 3 4 -1 -2 8 -5 -3 -6 13 12 -12 -7 -8
right_child=2 7 -4 6 5 10 9 -9 -10 -11 11 -13 -14 -15
leaf_value=0.0041578922091290646 -0.026557803103463298 -0.024808994243305807 -0.0010463260430453164 0.001004603215672927 0.011481199034114533 0.0082189090910406871 -0.012414255646665475 -0.014260889551621265 0.049640243548207369 0.0076985036766413998 0.010594649356340075 -0.0015663612458451616 -0.0047037979624920314 0.0088906046435646147
leaf_weight=6728.2111108005047 438.7769029289484 7082.0534694045782 18277.575979530811 5530.8490381389856 637.87817950546741 48089.566223189235 12140.40988150239 9473.4011401385069 529.48038563132286 1082.4676831811666 3693.4233311861753 9454.6479848623276 2352.0073623210192 684.44552528858185
leaf_count=32859 2166 37959 89298 27475 2960 229849 61715 48831 2465 5469 17735 45814 11348 3422
internal_value=-1.63796e-05 -0.00968503 0.00493262 -0.00392227 0.00660872 0.00683751 -0.00671978 -0.0187854 0.0290637 -0.00979024 0.00642499 0.00185524 0.00761553 -0.0112712
internal_weight=126195 42721.8 83473.4 26166.4 65195.8 64757 19438.2 16555.5 1167.36 13907.3 63589.6 13148.1 50441.6 12824.9
internal_count=619365 217730 401635 130940 312337 310171 98081 86790 5425 70606 304746 63549 241197 65137
is_linear=0
shrinkage=0.05


Tree=9
num_leaves=15
num_cat=0
split_feature=0 0 0 69 73 69 0 71 71 71 71 69 58 69
split_gain=3974.73 606.257 529.359 197.304 234.321 398.627 192.162 185.51 174.844 169.53 270.67 162.889 153.607 149.179
threshold=0.018936314620077613 0.024124168790876869 0.015726108103990558 -0.012004304677247999 0.31674617528915411 0.042114155367016799 0.011147324927151205 0.047184959053993232 -0.0083502870984375459 -0.011068730149418114 -0.0014267357764765618 0.013193483930081131 -0.035312902182340615 0.0083855912089347857
decision_type=2 2 2 10 2 10 2 2 2 2 2 10 2 10
left_child=2 8 6 7 5 11 -1 9 -2 12 -11 -5 -3 -6
right_child=1 3 -4 4 13 -7 -8 -9 -10 10 -12 -13 -14 -15
leaf_value=-0.046426435120170535 0.0054288889411335649 -0.018834790650607492 -0.012333245762457846 0.016690198042015481 -0.0073600151221098449 0.045402997186199015 -0.025264959304873998 -0.0072770349454878329 -0.0052202702504849947 0.031314758483090364 0.01177943999108454 -0.0078487961329197897 0.0081139455262516369 0.0045349500660231768
leaf_weight=1241.7787616848946 4873.3963038921356 559.16582553088665 12133.512496322393 1810.8386781364679 2761.5647899657488 911.98627978563309 8442.4851668030024 1371.1637153029442 18300.216479420662 2227.0739157348871 8693.571359410882 1068.2546235024929 7549.769533842802 54285.775498747826
leaf_count=7171 23799 2705 62980 8514 13220 4249 45907 6642 91385 10488 41155 5028 35502 260925
internal_value=9.70699e-05 0.00415322 -0.0193073 0.00618792 0.00475966 0.0167816 -0.0280235 0.0104428 -0.00297938 0.0117227 0.0157883 0.00758963 0.00623474 0.00395795
internal_weight=126231 104413 21817.8 81239.2 60838.4 3791.08 9684.26 20400.7 23173.6 19029.6 10920.6 2879.09 8108.94 57047.3
internal_count=619670 503612 116058 388428 291936 17791 53078 96492 115184 89850 51643 13542 38207 274145
is_linear=0
shrinkage=0.05


Tree=10
num_leaves=15
num_cat=0
split_feature=2 2 72 68 69 70 69 2 68 72 72 69 2 72
split_gain=3065.84 575.445 361.269 272.534 165.347 161.514 257.117 144.437 141.637 164.748 140.61 130.878 124.486 124.37
threshold=0.018979019485414032 0.012745866086333992 0.0062103387899696836 -0.014754017814993857 0.056114079430699355 -0.044312106445431702 -0.1383535638451576 0.0088789681904017943 0.051407679915428169 0.017434634268283847 0.012272980064153673 0.13316312432289126 0.022335322573781017 0.0063372445292770871
decision_type=2 2 10 10 8 2 8 2 10 10 8 10 2 10
left_child=1 7 4 10 -2 -4 -7 -1 12 -10 -3 13 -8 -5
right_child=2 3 5 11 -6 6 8 -9 9 -11 -12 -13 -14 -15
leaf_value=-0.049193055776302577 0.0070482922275969528 0.015056817887648635 -0.022351231900120849 -0.017306998691240992 -0.0034615856636260097 0.027442543146879734 0.0010105893074759508 -0.026026915349684605 0.00095980573881420588 -0.027515152535482913 -0.013027844231533491 0.0071881754348037362 0.0071624654222039695 -0.0093975012250442965
leaf_weight=811.32654552161694 4683.7846402078867 1397.7199793756008 496.06496088206768 10952.749046102166 18455.456310123205 1363.3827684521675 9606.4067399352789 4280.5556972920895 5819.8415518254042 546.48337297141552 643.1703093200922 772.53763146698475 57254.248674347997 9182.8522576093674
leaf_count=4780 22687 6987 2483 57736 89895 6266 47360 23875 28315 2673 3200 4028 272149 47683
internal_value=-3.31624e-05 -0.0146122 0.00412983 -0.0112292 -0.00133208 0.00581297 0.00600325 -0.0298073 0.00560038 -0.00152379 0.00618579 -0.0129312 0.00627886 -0.0137063
internal_weight=126267 28040.9 98225.7 22949 23139.2 75086.4 74590.4 5091.88 73227 6366.32 2040.89 20908.1 66860.7 20135.6
internal_count=620117 148289 471828 119634 112582 359246 356763 28655 350497 30988 10187 109447 319509 105419
is_linear=0
shrinkage=0.05


Tree=11
num_leaves=15
num_cat=0
split_feature=0 0 0 73 73 74 74 0 73 69 73 69 69 73
split_gain=3303.38 550.937 474.111 196.011 163.612 156.054 170.965 144.29 143.711 135.254 213.693 134.007 150.509 141.302
threshold=0.018714291974902156 0.023672539740800861 0.014589797705411913 0.64153727889060985 0.68766510486602794 0.00033635373983997857 -0.018208967521786686 0.010398942977190019 0.46266341209411627 0.016610891558229927 0.72783133387565624 0.11499396711587907 0.13316312432289126 0.57541298866271984
decision_type=2 2 2 2 2 2 2 2 2 8 2 10 10 2
left_child=2 4 7 11 -2 6 -5 -1 -4 10 -8 -3 13 -13
right_child=1 3 8 5 -6 -7 9 -9 -10 -11 -12 12 -14 -15
leaf_value=-0.049780386687714062 -0.00082895576045642128 0.0079311908420094546 -0.0026100567146311003 -0.023539108499425813 -0.010567334827096028 -0.00098089205039338578 0.04901490198784212 -0.026754926676943448 -0.015602006347444415 0.0056419581754644094 0.0084696059593780924 -0.011777607427838385 0.027404168540029018 0.0064365515350695611
leaf_weight=787.5389146655798 16114.506298154593 50712.248051315546 2608.9460505396128 441.73081488907337 5880.28935970366 16894.663108885288 478.42656932771206 5519.745577454567 11658.950103566051 9334.6802566349506 987.54043509066105 2386.8999103754759 417.82317759096622 1907.2904790341854
leaf_count=4818 80148 239384 13391 2128 29819 82087 2249 31436 61985 44875 4713 11576 2006 9089
internal_value=3.06299e-05 0.00360351 -0.018292 0.00545665 -0.00343612 0.00205692 0.00661886 -0.0297042 -0.0132299 0.00787291 0.0219442 0.00718189 -0.000882011 -0.00369152
internal_weight=126131 105556 20575.2 83561.3 21994.8 28137 11242.4 6307.28 14267.9 10800.6 1465.97 55424.3 4712.01 4294.19
internal_count=619704 508074 111630 398107 109967 136052 53965 36254 75376 51837 6962 262055 22671 20665
is_linear=0
shrinkage=0.05


Tree=12
num_leaves=15
num_cat=0
split_feature=1 4 73 1 73 69 71 68 73 73 69 68 69 69
split_gain=2246.14 446.345 380.211 267.201 178.46 192.42 159.5 180.449 126.802 124.181 433.78 127.952 127.014 116.154
threshold=0.011301142163574697 0.058333335444331176 0.62452375888824474 0.0075906242709606895 0.68766510486602794 -0.02913612965494394 0.0017398853669874372 0.053079243749380119 0.46266341209411627 0.31674617528915411 0.039528355002403266 0.041905201971530921 0.10693511739373208 0.11196451634168626
decision_type=10 8 2 10 2 8 2 10 2 2 10 10 10 10
left_child=3 2 9 -1 13 -6 7 -7 -5 10 -2 12 -11 -3
right_child=1 4 -4 8 5 6 -8 -9 -10 11 -12 -13 -14 -15
leaf_value=-0.029365662948152856 0.003784667566343452 0.0072456953151619416 -0.0090595997831893725 -0.0036062515702118638 0.027933026135152264 0.012219930527582908 -0.0025013269799445521 -0.020195684268050469 -0.01588658662254323 0.00076687459745949471 0.052535214904912864 0.02315933792819699 -0.011835780573794726 0.00018463549801043784
leaf_weight=3354.5754602998495 4415.5241986066103 46337.118856057525 12377.483372941613 2574.844924017787 622.6016811132431 3725.0979471504688 15027.182502567768 475.95816825330257 11608.34724445641 15526.391210451722 499.16390997171402 562.4851281195879 2284.5795499682426 6661.8797464966774
leaf_count=19634 20992 218314 63121 13302 2934 17809 73097 2305 62786 76661 2351 2797 11484 32039
internal_value=-8.31196e-05 0.00260052 -0.0019821 -0.0166802 0.00484403 0.000799863 -9.27596e-05 0.00850817 -0.0136613 0.00178181 0.00883268 -0.000107994 -0.000855379 0.00635833
internal_weight=126053 108515 35665.6 17537.8 72849.8 19850.8 19228.2 4201.06 14183.2 23288.1 4914.69 18373.5 17811 52999
internal_count=619626 523904 177406 95722 346498 96145 93211 20114 76088 114285 23343 90942 88145 250353
is_linear=0
shrinkage=0.05


Tree=13
num_leaves=15
num_cat=0
split_feature=0 0 0 73 69 69 69 73 69 69 73 69 74 84
split_gain=2886.98 533.85 322.345 185.207 169.69 136.225 201.717 127.851 122.86 138.684 116.819 114.77 172.559 174.665
threshold=0.018043015152215961 0.022569926455616954 0.013575550634413959 0.68606859445571911 -0.02913612965494394 0.1354017108678818 0.11499396711587907 0.68766510486602794 0.12865743041038516 0.10693511739373208 0.46266341209411627 -0.1383535638451576 -0.021459922194480893 3.5000000000000004
decision_type=2 2 2 2 8 10 10 2 10 10 2 10 2 2
left_child=2 7 -1 5 -5 6 11 8 9 -2 -4 -3 13 -13
right_child=1 3 10 4 -6 -7 -8 -9 -10 -11 -12 12 -14 -15
leaf_value=-0.031259828938178143 -0.00074851418636800212 0.014597765053901982 -0.0048393521131475867 0.02477242741131503 -9.3823160212480529e-05 0.026572907184138374 -0.0029297935051539048 -0.011004887405933892 0.024613662871338149 -0.015247251629969311 -0.017203413545356174 0.0011354978072094554 0.0067479616645088518 -0.026447683245603506
leaf_weight=4004.0671688169241 12143.618736028671 4225.3533508181572 2315.8429564386606 699.24519330263138 21004.86989967525 788.35322463512421 6031.7591594308615 5282.5960804522038 413.59749016165733 1898.7695384472609 11169.710249885917 2559.5645710229874 52758.309428647161 729.53844770789146
leaf_count=23962 61084 19618 12086 3279 101920 3783 29135 27310 2091 9684 61097 12082 249077 3498
internal_value=4.19946e-05 0.00308033 -0.0188041 0.00473358 0.000718337 0.00603219 0.00578399 -0.00435569 -0.00191998 -0.00271845 -0.0150853 0.00665636 0.00605517 -0.0050442
internal_weight=126025 108536 17489.6 88797 21704.1 67092.9 66304.5 19738.6 14456 14042.4 13485.6 60272.8 56047.4 3289.1
internal_count=619706 522561 97145 422392 105199 317193 313410 100169 72859 70768 73183 284275 264657 15580
is_linear=0
shrinkage=0.05


Tree=14
num_leaves=15
num_cat=0
split_feature=0 0 0 72 71 70 71 68 70 72 70 71 70 72
split_gain=2574.22 547.255 277.971 216.541 166.417 146.591 131.579 109.59 115.1 104.557 92.6857 120.667 170.194 169.786
threshold=0.017570177093148235 0.023672539740800861 0.012092667631804945 0.0062103387899696836 -0.0083502870984375459 -0.044312106445431702 0.048369815573096282 -0.13279618322849271 0.028627929277718071 0.010434513911604883 0.021026453934609893 0.0013466962263919415 -0.0094763874076306803 0.013415495399385692
decision_type=2 2 2 10 2 2 2 8 2 10 2 2 2 10
left_child=2 4 -1 -3 9 -5 7 -7 10 -2 11 -9 13 -13
right_child=1 3 -4 5 -6 6 -8 8 -10 -11 -12 12 -14 -15
leaf_value=-0.036917351902343867 0.0084863253025528589 -0.00024775314015462063 -0.016561813834368177 -0.020852758164110044 -0.0056375542468158329 0.028133062695236796 -0.0056446259306976781 0.0087152008702879504 -0.014648484550135499 -0.0067620326805225952 0.019400311101201082 0.0061565673433467581 0.0051866400747982849 -0.022297940240276724
leaf_weight=1914.6149106919765 3924.4429603070021 17897.475866898894 13585.931001931429 496.67107267677784 20995.464168906212 575.34927272796631 2272.1258575767279 27991.771703585982 634.97632537782192 1565.3797959834337 1374.6071134060621 947.93430164456367 30624.613678172231 1153.397899672389
leaf_count=11981 19338 85998 75487 2497 107291 2599 10965 130880 2983 7642 6408 4448 145680 5451
internal_value=-2.39951e-05 0.00265428 -0.0190983 0.00463075 -0.00361133 0.00595208 0.00615826 0.00658272 0.0063806 0.00413399 0.00659798 0.006305 0.00424142 -0.00949343
internal_weight=125955 110454 15500.5 83968.9 26485.3 66071.4 65574.8 63302.7 62727.3 5489.82 62092.3 60717.7 32725.9 2101.33
internal_count=619648 532180 87468 397909 134271 311911 309414 298449 295850 26980 292867 286459 155579 9899
is_linear=0
shrinkage=0.05


Tree=15
num_leaves=15
num_cat=0
split_feature=2 2 2 70 69 72 69 69 72 69 51 72 74 84
split_gain=1924.9 399.713 258.592 158.554 198.221 131.497 151.683 142.659 138.374 195.139 123.092 122.836 129.902 228.396
threshold=0.016623208299279216 0.022433473728597168 0.010789110790938141 -0.044312106445431702 -0.1383535638451576 0.0063372445292770871 0.13169145584106448 0.080673165619373335 0.0075098148081451663 0.099168736487627043 -0.036462103947997086 0.0062103387899696836 -0.021459922194480893 3.5000000000000004
decision_type=2 2 2 2 8 8 10 8 10 8 10 10 2 2
left_child=2 5 -1 -3 -5 6 7 -2 9 -7 -4 -6 13 -13
right_child=1 3 10 4 11 8 -8 -9 -10 -11 -12 12 -14 -15
leaf_value=-0.032889514240571675 -0.0033434734516923203 -0.024566364811601488 -0.0087789991567727519 0.023442889460431791 0.00034943169162313158 0.015795425002290659 0.02170652641205547 -0.015500917260695139 -0.0029608782539084499 -0.0050178608422009538 -0.017915082785594404 0.0019611594985183998 0.0055845775864382967 -0.031999527769474116
leaf_weight=1934.899594143033 5653.87838126719 466.62921422719955 7238.7274576127529 1329.30188575387 17585.931020617485 2727.7158111929893 423.23146420717239 4209.0194495022297 11686.305994302034 1906.6308953911066 7583.3207956105471 2395.1055868119001 59975.177711114287 613.7553558498621
leaf_count=12150 28971 2369 39286 5957 84560 13747 2136 21660 58300 9729 43093 11216 282732 2940
internal_value=4.77972e-05 0.00247423 -0.0157237 0.00419522 0.00436208 -0.00285298 -0.00727766 -0.00854214 -6.15616e-05 0.0072402 -0.0134622 0.0040444 0.00507586 -0.00504928
internal_weight=125730 108973 16756.9 82365.9 81899.3 26606.8 10286.1 9862.9 16320.7 4634.35 14822 80570 62984 3008.86
internal_count=618846 524317 94529 389774 387405 134543 52767 50631 81776 23476 82379 381448 296888 14156
is_linear=0
shrinkage=0.05


Tree=16
num_leaves=15
num_cat=0
split_feature=0 0 0 73 69 74 69 74 69 69 74 74 70 70
split_gain=2174.56 462.518 258.854 158.539 438.124 174.937 192.844 191.094 208.182 160.295 136.897 239.475 147.642 134.71
threshold=0.017570177093148235 0.022569926455616954 0.012092667631804945 0.31674617528915411 0.042114155367016799 -0.019179445691406723 -0.010585022158920763 -0.0099405101500451547 0.082692679017782225 -0.0042636860162019721 0.0016291338251903655 0.024143439717590812 -0.0061899872962385407 -0.044312106445431702
decision_type=2 2 2 2 10 2 10 2 10 10 2 2 2 2
left_child=2 -2 -1 4 10 -5 -7 8 -8 -9 12 -12 13 -3
right_child=1 3 -4 5 -6 6 7 9 -10 -11 11 -13 -14 -15
leaf_value=-0.035420676499460041 -0.0042473048309347649 -0.019258832542383104 -0.015371239032225953 -0.010495306873201269 0.039866031276884366 0.0095756183645817183 0.0035046968163182021 -0.02013324355796111 0.025895554404938778 0.0018831304981709613 0.018924433056119978 -0.0056557793498450172 -0.0069476754733521747 0.0091483157898466626
leaf_weight=1829.6025587618351 21444.670894578099 443.01134826242924 13404.31922750175 2321.8488281965256 1034.7181402742863 10805.277476966381 2604.511849090457 829.19643457233906 1720.23399284482 55918.842358276248 3883.3530612438917 1323.9698661565781 2824.7164896428585 5387.3075962662697
leaf_count=11910 109901 2271 75699 11024 4669 50573 12273 3966 8113 267002 17898 6123 13052 24869
internal_value=-9.74274e-05 0.0023437 -0.0178008 0.00393038 0.00863622 0.00298455 0.00342139 0.00233116 0.0124502 0.00155794 0.00627809 0.012676 0.00241858 0.00696055
internal_weight=125776 110542 15233.9 89097 14897.1 74199.9 71878.1 61072.8 4324.75 56748 13862.4 5207.32 8655.04 5830.32
internal_count=619343 531734 87609 421833 68882 352951 341927 291354 20386 270968 64213 24021 40192 27140
is_linear=0
shrinkage=0.05


Tree=17
num_leaves=15
num_cat=0
split_feature=2 2 2 51 71 69 70 69 71 71 69 70 71 68
split_gain=1572.71 424.956 182.531 179.18 132.178 138.347 120.481 202.884 135.555 107.034 95.1811 169.457 111.856 103.874
threshold=0.019504823721945289 0.014603424817323686 0.0088789681904017943 -0.040904043242335313 -0.0069472836330533019 0.1354017108678818 -0.044312106445431702 -0.1383535638451576 -0.0302647091448307 -0.011068730149418114 0.1011449657380581 -0.0054978525731712571 0.041986452415585525 0.015907374210655693
decision_type=2 2 2 10 2 10 2 8 2 2 10 2 2 10
left_child=1 2 -1 6 -3 -6 -2 8 -8 -4 12 -12 -9 -13
right_child=3 4 9 -5 5 -7 7 10 -10 -11 11 13 -14 -15
leaf_value=-0.043501353342827259 -0.020823933971404696 0.0014500825360394941 -0.0025373393724644408 -0.0012925747115414108 -0.0092889200744977352 0.014397896011586817 0.0088538262355362021 0.0052260983120667945 0.040230678191015383 -0.019148864879196679 0.014180223165832256 0.015133383940688581 -0.005227078933163997 -0.0028923561195097766
leaf_weight=699.05059368908405 473.32841774821281 4477.1221768409014 1116.5684535354376 19528.763386458158 14783.942586556077 634.58739973604679 771.04717741906643 57517.672700971365 622.83013759553432 7533.5904936641455 1911.2233847677708 844.98607860505581 2670.6015741378069 12262.040363073349
leaf_count=4784 2450 22614 6251 94781 79268 3336 3442 270759 2753 44634 9012 3981 12777 59191
internal_value=-9.06717e-05 -0.0102474 -0.0190352 0.00298486 -0.00611044 -0.00830533 0.0040687 0.00422521 0.0230607 -0.01701 0.00387309 0.000311886 0.00476149 -0.00171962
internal_weight=125847 29244.9 9349.21 96602.5 19895.7 15418.5 77073.7 76600.4 1393.88 8650.16 75206.5 15018.2 60188.3 13107
internal_count=620033 160887 55669 459146 105218 82604 364365 361915 6195 50885 355720 72184 283536 63172
is_linear=0
shrinkage=0.05


Tree=18
num_leaves=15
num_cat=0
split_feature=0 0 0 73 68 73 71 72 70 71 70 72 68 70
split_gain=1800.12 365.439 260.369 180.812 140.774 119.485 116.593 114.263 98.0776 110.318 133.991 183.62 142.629 134.757
threshold=0.018043015152215961 0.026348319835960868 0.013575550634413959 0.68766510486602794 0.041905201971530921 0.46266341209411627 -0.0083502870984375459 0.0064558612648397693 -0.044312106445431702 0.0013466962263919415 -0.0094763874076306803 0.013415495399385692 0.01949337869882584 -0.0015222362126223741
decision_type=2 2 2 2 10 2 2 10 2 2 2 10 8 2
left_child=2 3 -1 4 6 -4 -2 -3 -9 -10 11 -11 -12 -14
right_child=1 7 5 -5 -6 -7 -8 8 9 10 12 -13 13 -15
leaf_value=-0.026975519562814017 0.0047193275331402504 0.00065556650687764544 -0.0015761956929927446 -0.0077773333651592301 0.015952320599575444 -0.014172056406041854 -0.0027400033037722551 -0.017243313765755944 0.008047379339097268 0.0088666694528754496 0.0085268637236461265 -0.021696433278561803 0.010826220981140182 -0.00073104201469163744
leaf_weight=3720.8214805871248 7373.3668914735317 16543.344549611211 2283.7145188748837 9451.2364313006401 1347.5226826071739 10786.259950339794 18024.154005154967 465.52552630007267 24944.586569681764 838.59515485167503 12280.862725779414 1162.4035445302725 3089.6418515592813 13533.816200718284
leaf_count=24035 35636 78922 12213 48302 6700 61224 90088 2436 115115 3890 56976 5483 14594 64662
internal_value=-7.73965e-05 0.00226948 -0.0153125 -0.00183661 0.000264867 -0.0119741 -0.000573417 0.00430935 0.00538239 0.00557404 0.00357577 -0.0089074 0.00444274 0.00142221
internal_weight=125846 109055 16790.8 36196.3 26745 13070 25397.5 72858.8 56315.4 55849.9 30905.3 2001 28904.3 16623.5
internal_count=620276 522804 97472 180726 132424 73437 125724 342078 263156 260720 145605 9373 136232 79256
is_linear=0
shrinkage=0.05


Tree=19
num_leaves=15
num_cat=0
split_feature=2 2 2 53 68 69 68 69 74 69 69 69 69 13
split_gain=1328.12 353.051 175.332 128.482 120.911 100.401 96.1864 128.001 114.659 203.079 113.265 233.058 114.207 106.211
threshold=0.019393607974052433 0.014603424817323686 0.0088789681904017943 -0.034690922126173966 -0.014754017814993857 0.13316312432289126 0.01949337869882584 -0.039398560300469392 -0.0028299484401941295 0.13316312432289126 0.098293159157037749 0.093126293271780028 0.11618308350443841 0.1124531999230385
decision_type=2 2 2 10 10 10 10 8 2 10 10 10 10 8
left_child=1 2 -1 6 -3 -6 13 -8 9 -9 11 -10 -12 -2
right_child=3 4 -4 -5 5 -7 7 8 10 -11 12 -13 -14 -15
leaf_value=-0.041942371019877273 0.0051912785751424516 0.0063056896955107399 -0.015535014135993331 -0.0029360141335905746 -0.0076930514922772574 0.011649538676211602 0.018217682463022588 0.0031493078753148281 0.000616021890724479 0.025089888509694132 -0.010933397050528952 0.025343572642253238 -0.00055359401843553795 -0.017476452150228697
leaf_weight=673.83573721349239 47019.951043233275 1914.3662485182285 8498.3669823408127 8748.744804635644 16583.902747437358 690.53765246272087 1121.7167532294989 9700.6898503750563 16524.680335775018 1173.9524064511061 4172.887937694788 1001.2354920059443 7234.6576166599989 512.9941458106041
leaf_count=4821 219244 9525 50971 42642 89091 3618 5201 46292 79756 5535 20255 4838 35134 2368
internal_value=6.40437e-05 -0.00945407 -0.0175186 0.0028416 -0.00559214 -0.00691355 0.00341326 0.00163593 0.00116423 0.00553874 -0.000481274 0.00204233 -0.00435678 0.00494302
internal_weight=125573 28361 9172.2 97211.5 19188.8 17274.4 88462.8 40929.8 39808.1 10874.6 28933.5 17525.9 11407.5 47532.9
internal_count=619291 158026 55792 461265 102234 92709 418623 197011 191810 51827 139983 84594 55389 221612
is_linear=0
shrinkage=0.05


Tree=20
num_leaves=15
num_cat=0
split_feature=0 0 0 72 69 13 72 69 69 71 68 68 68 69
split_gain=1624.49 354.619 209.758 171.298 122.755 158.5 110.406 183.905 290.193 136.916 188.366 108.248 162.229 151.612
threshold=0.017570177093148235 0.022464861162006858 0.011147324927151205 0.0062103387899696836 -0.13227118551731107 0.039781827479600913 0.0074866386130452165 0.099168736487627043 0.093126293271780028 0.00073144299676641833 0.029120756313204769 0.026547504588961605 0.024959823116660122 -0.039398560300469392
decision_type=2 2 2 10 10 8 10 10 10 2 10 10 10 10
left_child=2 -2 -1 -3 5 -5 7 8 -6 10 -9 12 -8 -13
right_child=1 3 -4 4 6 -7 11 9 -10 -11 -12 13 -14 -15
leaf_value=-0.037803772687835718 -0.0039064835574930132 -0.00078980519648169938 -0.014066358729464027 0.014713634273203781 0.010213132369102469 -0.016149952775944679 0.0038071703838757141 -0.002909208654923218 0.046612395039115351 -0.0044729066983995227 0.033156947847370173 0.017864627138555165 0.02640394234491494 -0.0022222848035301029
leaf_weight=993.25169971585274 20812.427216902375 19682.794190019369 13739.529677093029 4635.547366514802 6783.5634257048368 448.7050813883543 37818.498167932034 783.11199009418488 587.1244677901268 3581.481029972434 660.94055201113224 1000.6630358695984 801.69313681125641 13314.685021623969
leaf_count=7236 107429 94698 80464 21275 31971 2058 175695 3688 2771 17282 3110 4598 3788 63787
internal_value=-9.78617e-05 0.0019747 -0.0156912 0.00333351 0.00448601 0.0119634 0.00390236 0.00814846 0.0131718 0.000769462 0.0137127 0.00290667 0.00428296 -0.000806691
internal_weight=125644 110911 14732.8 90098.8 70416 5084.25 65331.8 12396.2 7370.69 5025.53 1444.05 52935.5 38620.2 14315.3
internal_count=619850 532150 87700 424721 330023 23333 306690 58822 34742 24080 6798 247868 179483 68385
is_linear=0
shrinkage=0.05


Tree=21
num_leaves=15
num_cat=0
split_feature=2 2 72 79 68 2 68 72 68 4 74 84 74 72
split_gain=1098.24 357.741 158.889 140.942 121.325 114.472 95.3803 95.7376 94.8084 107.484 98.0199 196.817 88.3467 170.16
threshold=0.020342029631137851 0.012745866086333992 0.0062103387899696836 0.025983417406678203 -0.0020691087702289219 0.0088789681904017943 -0.014754017814993857 0.012323932256549599 0.063508495688438429 0.19166667014360431 -0.021459922194480893 3.5000000000000004 -0.014051598962396382 0.016391023062169555
decision_type=2 2 10 8 8 2 8 10 10 10 2 2 2 10
left_child=1 5 4 -3 -2 -1 7 -5 10 -10 11 -4 13 -12
right_child=2 3 8 6 -6 -7 -8 -9 9 -11 12 -13 -14 -15
leaf_value=-0.040909249388745524 0.018245709525595427 -0.011346513230003808 0.0023579246070749614 0.012858499836854512 -0.0019097831992500179 -0.017860682841569716 -0.0049097346145835948 -0.007913801321534469 -0.023722490714561735 0.0007018476549778027 0.0070907803440760564 -0.024103363290097227 0.0040994324104443747 0.034249362041321112
leaf_weight=630.06288866698742 765.43309459090233 8381.8611908555031 3253.300137668848 1586.638271138072 20110.996321424842 3761.028707742691 17306.238752409816 841.72759008407593 629.90456837415695 1519.5058767199516 3482.7969115823507 885.82751214504242 61725.445004671812 683.43593910336494
leaf_count=4744 3601 46628 15219 7868 97258 23927 92987 4176 3093 7326 16018 4334 289395 3147
internal_value=-8.49728e-05 -0.00799519 0.00267887 -0.00591779 -0.0011624 -0.0212533 -0.00360747 0.00565541 0.00378988 -0.00653264 0.00410759 -0.00334958 0.00457646 0.0116173
internal_weight=125564 32507.6 93056.6 28116.5 20876.4 4391.09 19734.6 2428.37 72180.2 2149.41 70030.8 4139.13 65891.7 4166.23
internal_count=619721 180330 439391 151659 100859 28671 105031 12044 338532 10419 328113 19553 308560 19165
is_linear=0
shrinkage=0.05


Tree=22
num_leaves=15
num_cat=0
split_feature=0 0 73 69 0 69 69 70 69 69 69 74 73 73
split_gain=1294.04 301.66 197.363 325.947 177.662 155.309 111.221 102.159 121.918 88.0834 81.5079 157.928 149.241 87.1908
threshold=0.017069246619939808 0.026715530082583431 0.68766510486602794 0.1354017108678818 0.012092667631804945 0.10693511739373208 -0.012004304677247999 -0.044312106445431702 -0.1383535638451576 -0.037439091131091111 0.1011449657380581 -0.0032618859549984332 0.7626253366470338 0.63599199056625377
decision_type=2 2 2 10 2 10 8 2 8 10 10 2 2 2
left_child=4 2 3 5 -1 -2 -4 -3 -9 -6 -10 12 -12 -13
right_child=1 7 6 -5 9 -7 -8 8 10 -11 11 13 -14 -15
leaf_value=-0.030555863636444261 0.0010377589578351109 -0.019919222726095177 0.013313507179333071 0.04172121267048709 -0.025961646754530034 -0.0092412876753432856 -0.0088998336145001827 0.018441792274821237 0.0042848061034357812 -0.011409006085744827 0.0041037140109172771 0.0022828150694626029 0.029193505599221056 -0.0068061277254858237
leaf_weight=1648.8035477399826 25622.833412408829 452.06467908620834 587.92021700739861 455.64138729870319 1161.8271454274654 4279.7760648727417 10153.913499802351 1360.9938163757324 54612.00174729526 9883.3604699969292 3663.4543991833925 4473.0429211109877 698.23663549125195 6410.4143205136061
leaf_count=11948 127431 2380 2934 2237 6875 21869 52705 5947 253799 58726 17178 21296 3248 30923
internal_value=-0.000140932 0.00156321 -0.00185142 0.000210245 -0.0152694 -0.000436015 -0.00767281 0.00352135 0.00367291 -0.0129619 0.00338258 0.000149885 0.00817778 -0.00307195
internal_weight=125464 112770 41100.1 30358.3 12694 29902.6 10741.8 71670.2 71218.1 11045.2 69857.2 15245.1 4361.69 10883.5
internal_count=619496 541947 207176 151537 77549 149300 55639 334771 332391 65601 326444 72645 20426 52219
is_linear=0
shrinkage=0.05


Tree=23
num_leaves=15
num_cat=0
split_feature=79 3 71 69 73 79 69 74 69 70 71 69 73 70
split_gain=416.343 320.342 162.615 129.707 132.57 120.467 107.309 130.738 155.695 120.99 156.184 127.237 149.884 106.663
threshold=0.096173897385597243 0.075000001117587103 -0.010008481796830891 0.12688654661178592 0.69351711869239818 0.027420518919825557 0.013193483930081131 -0.0024345718557015057 0.0083855912089347857 0.018314933404326442 -0.017622965388000008 0.031009006313979629 0.30328534543514257 -0.0028726212913170453
decision_type=10 2 2 10 2 10 10 2 10 2 2 10 2 2
left_child=1 2 -1 5 -5 -4 7 13 -9 10 11 -8 -13 -2
right_child=6 -3 3 4 -6 -7 9 8 -10 -11 -12 12 -14 -15
leaf_value=0.0019932830515624082 0.0034322733734433643 0.0014116660740118086 -0.012268219773634353 0.017723734158826009 -0.0065461383680581204 -0.0055697719383014897 -0.0068748136279786964 0.007787745957389184 0.031407232547745273 -0.01853790947441188 0.00061794171605993086 0.033361189830753223 0.0090392565949694026 -0.01232668206440009
leaf_weight=5316.4089454337955 8798.2897700145841 24313.69878692925 11779.825619824231 981.64765458554029 1292.0854737982154 15660.718369945884 933.57634557783604 10645.076443575323 738.38570907711983 739.93735226243734 38700.28593569994 765.13882035762072 3547.7015794068575 1212.9180583357811
leaf_count=27334 40871 115220 66502 5179 6842 84457 4381 49389 3451 3503 186879 3450 16567 5635
internal_value=4.20557e-05 -0.00299753 -0.00605734 -0.00749793 0.00396372 -0.00844874 0.0027718 0.00568295 0.00934604 0.00137706 0.00171651 0.00980356 0.0134214 0.00151259
internal_weight=125426 59344.4 35030.7 29714.3 2273.73 27440.5 66081.3 21394.7 11383.5 44686.6 43946.7 5246.42 4312.84 10011.2
internal_count=619660 305534 190314 162980 12021 150959 314126 99346 52840 214780 211277 24398 20017 46506
is_linear=0
shrinkage=0.05


Tree=24
num_leaves=15
num_cat=0
split_feature=0 0 0 73 73 74 14 74 28 74 73 73 84 73
split_gain=1211.76 286.917 179.712 122.048 104.127 87.42 83.9009 75.9966 73.5062 76.9366 73.502 130.523 88.8775 117.516
threshold=0.017069246619939808 0.022137449122965339 0.011147324927151205 0.68606859445571911 0.68957170844078075 0.00033635373983997857 0.27405935525894171 0.0069592213258147248 0.99167716503143322 0.031341142952442176 0.78917726874351513 0.73000267148017894 1.0000000180025095e-35 0.83464953303337108
decision_type=2 2 2 2 2 2 8 2 2 2 2 2 2 2
left_child=2 4 -1 8 -2 10 -4 -7 -3 -10 11 -5 -12 -14
right_child=1 3 6 5 -6 7 -8 -9 9 -11 12 -13 13 -15
leaf_value=-0.035863650388153312 -0.0015243195297842138 0.0053715474780559932 -0.011561303625084091 0.007179346720565776 -0.0095261978920859018 -0.006209764351671327 -0.025574908296158241 0.0012194193890709441 0.0024561850287586405 -0.015272370103783179 0.028550385573647433 -0.0079845456228618307 0.017144358236071099 -0.0054284342710143284
leaf_weight=924.5546610429883 15480.683222725987 37844.448945984244 10423.986032664776 3143.5100841075182 5505.9942328035831 7515.2801686674356 1190.6043127775192 6339.4100763946772 31148.246278211474 614.37161636352539 526.34546798467636 2570.1420585662127 1145.6184457242489 1143.457363769412
leaf_count=7237 80251 176358 63057 14962 29778 36615 7271 30758 145415 2814 2502 12261 5408 5467
internal_value=9.83997e-06 0.00164697 -0.0147303 0.00285048 -0.0036272 -0.000361038 -0.0130186 -0.00281201 0.00388312 0.00210857 0.00361897 0.00035622 0.0102157 0.00589405
internal_weight=125517 112978 12539.1 91990.8 20986.7 22383.8 11614.6 13854.7 69607.1 31762.6 8529.07 5713.65 2815.42 2289.08
internal_count=620154 542589 77565 432560 110029 107973 70328 67373 324587 148229 40600 27223 13377 10875
is_linear=0
shrinkage=0.05


Tree=25
num_leaves=15
num_cat=0
split_feature=0 72 73 73 69 0 0 68 72 72 69 69 73 69
split_gain=1068.53 244.336 233.601 227.508 193.715 178.184 129.022 128.196 177.972 108.643 230.09 288.826 154.368 402.458
threshold=0.017323902808129791 0.0062103387899696836 0.47465904057025915 0.38685362040996557 0.080673165619373335 0.011147324927151205 0.031245037913322452 0.064782563596963896 0.011850398499518635 0.0075098148081451663 0.099168736487627043 0.093126293271780028 0.31674617528915411 0.042114155367016799
decision_type=2 10 2 2 8 2 2 10 10 10 8 10 2 10
left_child=5 2 3 -2 -4 -1 -6 9 -9 10 11 -3 13 -11
right_child=1 7 4 -5 6 -7 -8 8 -10 12 -12 -13 -14 -15
leaf_value=-0.034756169501764668 -0.016865985296150601 0.0090807231790483098 0.00028344852386789904 0.018810170277105166 -0.012573889600909237 -0.011879709841248497 -0.0021947056692528232 -0.029053906196478282 0.0010808616308217625 0.0043553081384838524 0.00012026694309134137 0.039970976480723466 0.00079901118710041228 0.03619505011251907
leaf_weight=907.81133963167667 555.38871540129185 9219.1954627931118 12950.576520875096 2145.2693740576506 7513.9282676279545 12411.193778514862 4981.6239776313305 728.57183948159218 1453.5067426711321 15050.098308727145 7649.145038485527 815.9843218177557 47784.875473216176 1052.9712702184916
leaf_count=7285 2649 44228 64407 10382 38375 75321 23824 3629 7062 69137 37251 3879 226897 4694
internal_value=-8.16026e-05 0.00151228 -0.00251738 0.0114382 -0.00400244 -0.0134639 -0.00844107 0.00286664 -0.00906744 0.00318695 0.00665435 0.0116298 0.00222627 0.00645846
internal_weight=125220 111901 28146.8 2700.66 25446.1 13319 12495.6 83754.3 2182.08 81572.3 17684.3 10035.2 63887.9 16103.1
internal_count=619020 536414 139637 13031 126606 82606 62199 396777 10691 386086 85358 48107 300728 73831
is_linear=0
shrinkage=0.05


Tree=26
num_leaves=15
num_cat=0
split_feature=0 0 0 73 69 69 69 70 69 27 68 70 53 54
split_gain=1027.54 184.581 173.367 97.4328 229.921 102.492 101.462 95.5747 103.259 88.1585 78.5319 89.1181 71.4432 61.1305
threshold=0.018043015152215961 0.026715530082583431 0.011147324927151205 0.68766510486602794 0.13316312432289126 0.10693511739373208 -0.012004304677247999 -0.044312106445431702 -0.1383535638451576 0.9365563988685609 0.040790459141135223 -0.0040125038940459481 -0.021684229373931881 0.5635250210762025
decision_type=2 2 2 2 10 10 8 2 8 2 10 2 8 8
left_child=2 3 -1 4 5 13 -5 -3 -9 12 11 -7 -4 -2
right_child=1 7 9 6 -6 10 -8 8 -10 -11 -12 -13 -14 -15
leaf_value=-0.033360110107575565 -0.00043054762288562051 -0.019292223834594918 -0.010534930973400235 0.014975980186227186 0.034432799559288442 0.0089594589618098575 -0.0066981649310931734 0.01687894395805245 0.0030838817580806799 -0.0063937542264485741 0.0086287523152638514 -0.0143938858822431 -0.020294968102192276 0.0055207511322600249
leaf_weight=881.22561407834291 17748.45484931767 459.27796746790409 5167.3299766629934 564.43753941357136 477.20613478124142 473.05509875714779 9161.9189105331898 1373.8443454355001 70192.364185199142 6776.8402428030968 602.99579171836376 2731.8305793255568 2981.3111888468266 5690.4046454876661
leaf_count=7250 87323 2431 30727 2789 2278 2381 47563 5954 326831 40717 3012 13985 18280 28020
internal_value=2.74577e-06 0.0017237 -0.0119099 -0.00112332 0.000387692 -0.000220996 -0.00542629 0.00320398 0.00335102 -0.010622 -0.00781803 -0.0109297 -0.0141263 0.00101603
internal_weight=125282 109476 15806.7 37450.3 27723.9 27246.7 9726.36 72025.5 71566.2 14925.5 3807.88 3204.89 8148.64 23438.9
internal_count=619541 522567 96974 187351 136999 134721 50352 335216 332785 89724 19378 16366 49007 115343
is_linear=0
shrinkage=0.05


Tree=27
num_leaves=15
num_cat=0
split_feature=1 72 73 69 1 73 72 68 53 70 68 73 69 68
split_gain=644.79 212.942 205.317 167.606 156.323 146.244 142.56 125.081 118.927 102.346 102.315 156.54 127.596 100.071
threshold=0.011211141943931581 0.0062103387899696836 0.47465904057025915 0.0543004758656025 0.0045766350813210019 0.38685362040996557 0.0056408173404634008 0.033376039937138564 -0.026115454733371731 -0.0016400194726884363 0.049752205610275275 0.86850854754447948 0.12592115253210071 0.066228810697793974
decision_type=10 10 2 8 10 2 10 10 8 2 10 2 10 10
left_child=4 2 5 6 -1 -2 7 -4 -6 -7 -5 12 -12 -3
right_child=1 13 3 10 8 9 -8 -9 -10 -11 11 -13 -14 -15
leaf_value=-0.042305706589186073 -0.013560328416856754 0.0029037973064645626 0.018007694049388841 -0.0068203111189417374 -0.0053803148522048186 0.0036836861752496323 -0.0059441667451080168 -0.011883480562799389 -0.014604896264372974 0.025947136627521239 0.028239173713233808 -0.018567360977066887 -0.0035071848418589367 -0.0085137492580503356
leaf_weight=346.47390171140432 489.71095556020737 80673.957702957094 2043.1736775264144 18704.741452328861 9548.301379211247 898.18426586687565 1672.5825896635652 414.61182001233101 5519.6427605301142 1215.9741146638989 737.55632293224335 472.49898295104504 545.46242375671864 1956.4488312751055
leaf_count=2821 2350 381506 10060 93609 55789 4296 8274 2067 34483 5890 3742 2408 2770 9576
internal_value=2.5142e-05 0.00136948 -0.00246766 -0.00388248 -0.00954768 0.0108574 0.00529555 0.0129375 -0.00876688 0.0165505 -0.00573695 0.00577934 0.0148198 0.00263247
internal_weight=125239 109825 27194.5 24590.6 15414.4 2603.87 4130.37 2457.79 15067.9 2114.16 20460.3 1755.52 1283.02 82630.4
internal_count=619641 526548 135466 122930 93093 12536 20401 12127 90272 10186 102529 8920 6512 391082
is_linear=0
shrinkage=0.05


Tree=28
num_leaves=15
num_cat=0
split_feature=2 2 2 71 71 84 69 71 71 74 71 69 71 74
split_gain=619.261 155.538 154.46 123.193 95.7235 116.23 95.533 172.342 236.135 242.623 116.388 119.968 159.375 128.831
threshold=0.016278672032058242 0.023734664544463161 0.0088789681904017943 -0.0069472836330533019 0.048369815573096282 2.5000000000000004 -0.012004304677247999 -0.011068730149418114 -0.0014267357764765618 -0.0077663431875407687 0.0057072029449045667 -0.10851569846272467 0.01762101519852877 0.010403165593743326
decision_type=2 2 2 2 2 2 10 2 2 2 2 10 2 2
left_child=2 -2 -1 -4 6 -6 7 -3 -9 -10 -11 -12 -13 -14
right_child=1 4 3 -5 5 -7 -8 8 9 10 11 12 13 -15
leaf_value=-0.035430864418476399 -0.0016796536273322637 0.00010935080072136076 0.00085842698306311683 -0.011236529117260353 -0.015794686376795392 0.0088849048600770624 0.0016731070491780714 0.02468920380700106 -0.0126056873620728 -0.0011416296755025466 0.0033747310115584319 0.034950397268052054 0.022658382223975659 -0.00018279268501825456
leaf_weight=563.16008382290602 33606.766350880265 7738.2925100773573 2609.3631818145514 10859.445520870388 1482.1363192796707 693.5097181648016 56687.389488890767 2147.0772027373314 1425.4469946324825 1793.3528824746609 1899.9263317137957 1075.9138514995575 1297.3851575404406 1169.3341459333897
leaf_count=4839 170927 35218 14862 67541 7057 3298 265880 9635 6592 8190 8708 4905 5878 5337
internal_value=-9.08238e-05 0.0011604 -0.00998392 -0.00889443 0.00239345 -0.00792315 0.0026928 0.00580687 0.00988213 0.00618735 0.00990179 0.0135361 0.0189608 0.0118736
internal_weight=125048 111017 14032 13468.8 77409.8 2175.65 75234.1 18546.7 10808.4 8661.36 7235.91 5442.56 3542.63 2466.72
internal_count=618867 531625 87242 82403 360698 10355 350343 84463 49245 39610 33018 24828 16120 11215
is_linear=0
shrinkage=0.05


Tree=29
num_leaves=15
num_cat=0
split_feature=0 0 71 0 69 72 74 69 84 71 73 74 71 69
split_gain=844.816 236.495 127.943 113.889 110.582 87.1928 90.6578 206.974 140.04 131.714 115.581 159.913 126.369 124.306
threshold=0.016149625182151798 0.023672539740800861 -0.0083502870984375459 0.010398942977190019 -0.037439091131091111 0.0047534215264022359 -0.021459922194480893 -0.13227118551731107 3.5000000000000004 -0.054346878081560128 0.64153727889060985 0.00033635373983997857 0.055280340835452087 0.016610891558229927
decision_type=2 2 2 2 8 10 2 10 2 2 2 2 2 8
left_child=3 2 4 -1 -2 -3 7 -7 -9 -8 12 13 -11 -12
right_child=1 5 -4 -5 -6 6 9 8 -10 10 11 -13 -14 -15
leaf_value=-0.036635642188938861 -0.017237843864732479 -0.0023845972136930663 -0.0041436508867592941 -0.013022437255280512 0.0058796041123640556 0.018459471020725673 -0.012941272728710674 -0.0038397318725211468 -0.027932965198976645 0.0056361300135163621 0.018920941240730474 -0.0022778378147019539 -0.011629234190709549 0.0035130522966456863
leaf_weight=536.70196357369423 558.26704806089401 7859.4117264896631 24263.251748725772 8686.7592940330505 5792.4406216293573 808.30236820876598 1182.4026266783476 2522.133834451437 784.42571365833282 46741.702055290341 1549.6843910217285 14682.23999209702 1075.3618585318327 8193.632836446166
leaf_count=4836 2739 37687 129174 55950 28819 3722 5312 11744 3873 214581 7135 70684 5127 38638
internal_value=0.000121319 0.00127971 -0.00249019 -0.0144346 0.00382353 0.00263128 0.00313993 -0.00407479 -0.00962244 0.00354476 0.00381634 0.00101753 0.0052455 0.00598058
internal_weight=125237 116013 30614 9223.46 6350.71 85399.3 77539.9 4114.86 3306.56 73425 72242.6 24425.6 47817.1 9743.32
internal_count=620021 559235 160732 60786 31558 398503 360816 19339 15617 341477 336165 116457 219708 45773
is_linear=0
shrinkage=0.05


Tree=30
num_leaves=15
num_cat=0
split_feature=2 72 73 69 71 71 68 72 68 68 71 73 4 69
split_gain=507.119 193.249 184.3 161.959 169.581 130.524 201.364 267.674 183.761 210.625 122.957 260.637 119.2 188.381
threshold=0.014603424817323686 0.0063372445292770871 0.47465904057025915 0.080673165619373335 0.013157180976122619 0.0013466962263919415 0.029120756313204769 0.0075484933331608781 0.051407679915428169 0.044730186462402351 -0.016997806727886196 0.38685362040996557 0.15833333879709247 0.13316312432289126
decision_type=2 10 2 8 2 2 8 10 10 10 2 2 8 10
left_child=-1 2 10 -4 12 6 -3 -8 9 -9 -2 -12 13 -5
right_child=1 5 3 4 -6 -7 7 8 -10 -11 11 -13 -14 -15
leaf_value=-0.011882639468235348 0.031194425678468682 0.0027338438889726565 -7.1442678921897947e-05 -0.016240463122001236 0.0019407327467781468 0.00036101553868188302 0.02772123214891474 0.003488847575672012 -0.019891621525361409 0.035058648859548611 -0.026554578488776927 0.012163915211164063 -0.0027308665559980503 0.019101755974362412
leaf_weight=8351.7836227267981 507.20060788094997 31732.476867079735 14745.64938120544 6864.1997099071741 3499.0259577482939 47167.584025740623 1981.0585372149944 2632.1235623657703 607.33249300718307 651.90114721655846 530.88012343645096 2206.6665930300951 3207.6804203391075 390.75534231960773
leaf_count=55455 2385 147656 74932 35708 17969 227028 9456 12381 2915 3042 2607 10674 15295 1942
internal_value=1.20477e-05 0.000864072 -0.00244921 -0.00372654 -0.00758407 0.00211304 0.00430992 0.0128074 0.00516322 0.00984307 0.00882842 0.00458609 -0.0107683 -0.0143132
internal_weight=125076 116725 31952.1 28707.3 13961.7 84772.5 37604.9 5872.42 3891.36 3284.02 3244.75 2737.55 10462.6 7254.96
internal_count=619445 563990 161512 145846 70914 402478 175450 27794 18338 15423 15666 13281 52945 37650
is_linear=0
shrinkage=0.05


Tree=31
num_leaves=15
num_cat=0
split_feature=0 0 73 69 0 69 68 13 69 74 84 74 68 68
split_gain=679.424 230.924 112.624 248.521 108.476 89.9064 118.281 71.3653 82.0455 148.5 128.697 96.2007 108.384 144.93
threshold=0.01586711406707764 0.024813382886350158 0.68766510486602794 0.1354017108678818 0.010398942977190019 0.10693511739373208 0.040790459141135223 0.15902742743492129 -0.13227118551731107 -0.021459922194480893 3.5000000000000004 -0.014051598962396382 -0.052663978189229958 -0.040576038882136338
decision_type=2 2 2 10 2 10 10 8 10 2 2 2 10 10
left_child=4 2 3 5 -1 -2 -7 8 -3 10 -10 -11 -13 -14
right_child=1 7 -4 -5 -6 6 -8 -9 9 11 -12 12 13 -15
leaf_value=-0.035976405989855548 -0.00015253299413517816 0.0084804836777319179 -0.0070253321766417026 0.035996554980483368 -0.01243613418297617 -0.012408056502950595 0.010782542322527636 -0.012473899539826267 -0.0028980912275449323 0.010252530715542364 -0.026720099254895109 -0.0072417578629923561 0.015618897435252674 0.0021467831832325114
leaf_weight=516.55311068892479 22622.841788932681 5434.9778789430857 9628.1355338692665 442.9829239398241 7701.2893861681223 3179.1715075075626 656.29903835058212 787.97008901834488 2437.1602840423584 3866.8476986289024 730.04752370715141 2927.6592233181 2053.0527146756649 62049.800444379449
leaf_count=4827 115771 24641 52214 2146 50750 16991 3377 3686 11348 17538 3652 13277 9296 289900
internal_value=-7.04183e-05 0.000907639 -0.00238768 -0.000725846 -0.0139577 -0.00135404 -0.00842212 0.00240706 0.00255611 0.00212028 -0.00845593 0.00259388 0.00215061 0.00258063
internal_weight=125035 116817 36529.4 26901.3 8217.84 26458.3 3835.47 80287.5 79499.5 74064.6 3167.21 70897.4 67030.5 64102.9
internal_count=619414 563837 190499 138285 55577 136139 20368 373338 369652 345011 15000 330011 312473 299196
is_linear=0
shrinkage=0.05


Tree=32
num_leaves=15
num_cat=0
split_feature=0 0 0 27 18 70 69 71 69 70 69 69 69 71
split_gain=678.266 190.001 106.746 84.3673 78.1443 73.2198 111.326 121.099 70.6329 67.9952 149.977 66.8641 116.074 153.306
threshold=0.016149625182151798 0.022137449122965339 0.010398942977190019 0.73899269104003917 64.783233642578139 -0.044312106445431702 -0.1383535638451576 -0.0302647091448307 -0.032438075169920914 0.028627929277718071 -0.060190718621015542 0.1011449657380581 0.093763429671525969 0.012571706436574461
decision_type=2 2 2 2 2 2 8 2 10 2 10 10 10 2
left_child=2 3 -1 -2 5 -3 7 -7 -4 11 -11 12 -8 -14
right_child=1 4 8 -5 -6 6 9 -9 -10 10 -12 -13 13 -15
leaf_value=-0.03525180501271024 -0.0076583202730431225 -0.016673897625333434 -0.025007472868652011 -0.001032219519070187 -0.0017038579077761956 0.003549214078282173 0.0028983838858567196 0.032507246652762993 -0.010190911501330181 0.009093385644813743 -0.029620608227392854 -0.00018739249131845587 0.005104796240355103 0.02708669304980213
leaf_weight=507.16741202771664 6670.5348625183105 476.37563744187355 897.18577220290899 17115.917608574033 11676.787911638618 815.62796007096767 58098.452268153429 641.75340688228607 7610.4997802451253 489.24463072419167 494.34140664339066 15941.212885320187 2519.98907135427 1151.783813342452
leaf_count=4873 35751 2541 5977 91688 55588 3539 269443 2736 49984 2281 2320 76209 11763 5418
internal_value=6.46936e-05 0.00109104 -0.013139 -0.00289284 0.00211785 0.00267146 0.00278851 0.0164354 -0.0117809 0.00253372 -0.0104662 0.00269958 0.00344454 0.0120551
internal_weight=125107 116092 9014.85 23786.5 92305.6 80628.8 80152.4 1457.38 8507.69 78695 983.586 77711.4 61770.2 3671.77
internal_count=620111 559277 60834 127439 431838 376250 373709 6275 55961 367434 4601 362833 286624 17181
is_linear=0
shrinkage=0.05


Tree=33
num_leaves=15
num_cat=0
split_feature=0 0 0 18 72 70 69 13 72 72 69 72 69 69
split_gain=594.426 197.361 92.3036 80.8541 80.9637 77.1418 92.7939 118.902 77.8274 74.9837 81.1455 73.8941 89.5931 240.256
threshold=0.015726108103990558 0.022137449122965339 0.010398942977190019 64.985385894775405 0.0047534215264022359 -0.044312106445431702 -0.1383535638451576 0.0013095781905576589 0.0054202263709157714 0.0062103387899696836 0.12341973930597307 0.0074866386130452165 0.099168736487627043 0.093126293271780028
decision_type=2 2 2 2 10 2 10 8 10 10 10 10 10 10
left_child=2 -2 -1 4 -3 -6 7 -7 -8 10 -10 12 13 -11
right_child=1 3 -4 -5 5 6 8 -9 9 11 -12 -13 -14 -15
leaf_value=-0.03445343913639573 -0.0031173084736864165 -0.0025447095885284079 -0.012040713587818337 -0.0020472158600907124 -0.017012151685531676 0.016311219734189128 0.0095505877461329533 -0.00012882144468366621 -0.00082563975064941023 0.007224295609461303 -0.017874539746554129 0.0018822063288629828 0.00077322567906673372 0.041937878175656633
leaf_weight=484.63611338287592 24941.413391128182 7372.3789470046759 7228.1773936897516 11401.401532307267 471.1213112026453 2823.586432620883 3811.708141759038 1797.2591032683849 4340.5136751830578 5979.1734927892685 821.90998753905296 48886.806396022439 4206.2705835402012 534.70370721817017
leaf_count=4781 134642 35511 48619 54316 2533 12532 18285 8212 20813 27679 4014 225901 20004 2410
internal_value=-5.49847e-05 0.000828935 -0.0134918 0.00189382 0.00244843 0.00294836 0.00307913 0.00993046 0.00261613 0.00220662 -0.00356931 0.00270737 0.00646509 0.0101337
internal_weight=125101 117388 7712.81 92446.8 81045.4 73673.1 73201.9 4620.85 68581.1 64769.4 5162.42 59607 10720.1 6513.88
internal_count=620252 566852 53400 432210 377894 342383 339850 20744 319106 300821 24827 275994 50093 30089
is_linear=0
shrinkage=0.05


Tree=34
num_leaves=15
num_cat=0
split_feature=0 0 0 71 69 69 73 69 68 72 68 72 69 68
split_gain=548.291 165.712 97.3468 78.5942 79.6199 76.2358 148.183 104.113 109.985 96.1658 82.1608 70.8516 74.9044 91.8213
threshold=0.016011931002140049 0.022679515182971958 0.010398942977190019 -0.0083502870984375459 -0.037439091131091111 0.1354017108678818 0.6952575445175172 0.1011449657380581 0.041201777756214149 0.0060242856852710256 0.063508495688438429 0.0047534215264022359 0.12592115253210071 0.034133028239011771
decision_type=2 2 2 2 8 10 2 8 8 10 10 10 10 8
left_child=2 3 -1 4 -2 7 -7 10 9 -9 -5 12 13 -3
right_child=1 11 -4 5 -6 6 -8 8 -10 -11 -12 -13 -14 -15
leaf_value=-0.034148697689238221 -0.017550737360064846 -0.0003042384275550386 -0.010978872279346658 -0.0017652737097717597 0.0045571718432482009 0.033320370819862423 -0.0064771163805618925 -0.02509055749403882 0.00064407246000961762 -0.0090071243026791925 -0.025151919197749995 0.0023293609732627347 0.017315173753439436 -0.012276398771856217
leaf_weight=473.71629110723734 433.72537329792976 5868.0609058886766 7995.0871270298958 14022.564209416509 4967.9622107595205 384.20066593587399 568.78486301004887 1442.7605634182692 1620.6023166775703 2635.5169993340969 375.98870387673378 81609.511112809181 443.47299686074257 2192.994641199708
leaf_count=4802 2169 28149 53589 75854 24940 1904 3074 8136 8889 14416 2104 379291 2108 10748
internal_value=-3.75046e-05 0.000855367 -0.0123137 -0.00262355 0.00275288 -0.00400384 0.00974683 -0.00466039 -0.0103749 -0.0147444 -0.002393 0.00187675 -0.00246417 -0.00357242
internal_weight=125035 116566 8468.8 26452.1 5401.69 21050.4 952.986 20097.4 5698.88 4078.28 14398.6 90114 8504.53 8061.06
internal_count=620173 561782 58391 141486 27109 114377 4978 109399 31441 22552 77958 420296 41005 38897
is_linear=0
shrinkage=0.05


Tree=35
num_leaves=15
num_cat=0
split_feature=0 72 73 69 72 72 69 69 73 69 69 69 72 72
split_gain=505.97 159.567 166.835 155.226 144.318 133.459 221.538 197.971 138.125 388.669 200.978 162.817 250.397 211.425
threshold=0.015577479731291534 0.0063372445292770871 0.47813309729099279 0.056114079430699355 0.0056408173404634008 0.0075098148081451663 0.099168736487627043 0.093126293271780028 0.31674617528915411 0.039528355002403266 0.049500988796353347 -0.012004304677247999 0.012653355952352287 0.016111821867525581
decision_type=2 10 2 8 10 10 8 10 2 10 10 10 10 10
left_child=-1 2 -2 4 -4 6 7 -3 9 -7 -11 12 -10 -14
right_child=1 5 3 -5 -6 8 -8 -9 11 10 -12 -13 13 -15
leaf_value=-0.012931177340169546 0.0081862361332991542 0.0085326874635089246 0.010260542755053479 -0.0053202154730794399 -0.0060074819344600513 0.0027383273607625384 -0.00065886376318501246 0.034030128330169794 0.014896614382921001 0.052967334136476578 0.011148494689439438 -0.0018554119562710436 -0.011431526132257702 0.0064300917901251838
leaf_weight=7165.4785555005074 3410.3191940933466 9107.0136907696724 3467.7646220326424 23072.409051015973 2233.8367946594954 15208.914832293987 7606.7708720117807 822.73451715707779 4032.4634581953287 587.71404914557934 566.18504412472248 40642.155381903052 2770.5928349047899 4089.1544349044561
leaf_count=50794 16427 43844 17400 118161 11273 69469 37339 3838 19051 2592 2500 194662 12907 18755
internal_value=-4.12977e-05 0.000745007 -0.00225505 -0.00349498 0.00388752 0.00187531 0.00576253 0.0106774 0.00087062 0.00487132 0.0327201 -0.000400353 0.00502564 -0.000790201
internal_weight=124784 117618 32184.3 28774 5701.6 85433.7 17536.5 9929.75 67897.2 16362.8 1153.9 51534.4 10892.2 6859.75
internal_count=619012 568218 163261 146834 28673 404957 85021 47682 319936 74561 5092 245375 50713 31662
is_linear=0
shrinkage=0.05


Tree=36
num_leaves=15
num_cat=0
split_feature=0 0 68 68 69 70 68 69 69 0 70 68 84 69
split_gain=452.921 143.342 107.129 100.9 110.025 146.185 115.837 106.69 105.15 95.8733 91.4872 90.6864 87.952 68.2801
threshold=0.016011931002140049 0.026715530082583431 0.055717740207910545 0.044730186462402351 0.1011449657380581 -0.0056036449968814841 0.038458131253719337 0.090698454529047026 0.086486265063285842 0.011147324927151205 0.0098977647721767443 0.02971944306045771 2.5000000000000004 0.042707266286015517
decision_type=2 2 10 10 8 2 10 10 10 2 2 10 2 10
left_child=9 2 3 4 6 -6 7 8 -2 -1 -5 12 -9 -4
right_child=1 -3 13 10 5 -7 -8 11 -10 -11 -12 -13 -14 -15
leaf_value=-0.028397453163576947 0.00045026449147805153 0.0021641036820525344 -0.022748326409829354 0.009643932330690436 0.009492109578503832 -0.0089523465340165878 -0.012346058190445966 -0.007593155296692875 -0.014455036950384898 -0.0095638648108583926 -0.015729408071721861 0.024288043377274537 0.017905765068623406 -0.0041561461906262174
leaf_weight=735.77821668237448 24021.142570406199 72373.839589163661 912.71460674703121 3319.9298671334982 1234.2791315764189 7918.0305397510529 1823.565283626318 785.65261997282505 1234.5010394454002 7610.0228622928262 388.62450812757015 816.77830997109413 578.6559776365757 1074.3759312182665
leaf_count=7228 121428 334562 4887 17280 6249 41781 9642 3958 6423 51199 2027 4251 2922 5755
internal_value=-1.16368e-05 0.000794924 -0.00145164 -0.000914922 -0.00167584 -0.00645728 -0.000178563 0.000634346 -0.000283743 -0.0112563 0.00694988 0.011218 0.00327352 -0.0127671
internal_weight=124828 116482 44108.3 42121.2 38412.6 9152.31 29260.3 27436.7 25255.6 8345.8 3708.55 2181.09 1364.31 1987.09
internal_count=619592 561165 226603 215961 196654 48030 148624 138982 127851 58427 19307 11131 6880 10642
is_linear=0
shrinkage=0.05


Tree=37
num_leaves=15
num_cat=0
split_feature=0 0 72 72 71 71 71 69 69 69 72 70 72 70
split_gain=409.14 137.927 100.415 95.697 144.694 109.582 94.2405 98.8375 110.489 91.7589 90.4645 90.8299 83.4172 161.215
threshold=0.019834659993648533 0.013575550634413959 0.0062103387899696836 0.0055949101224541673 -0.0097199608571827394 -0.013234633486717938 -0.0083502870984375459 0.12688654661178592 0.10312557965517045 0.1354017108678818 0.0052247354760766038 0.0077822650782763967 0.0075098148081451663 -0.00058230204740539182
decision_type=2 2 10 8 2 2 2 10 8 10 10 2 10 2
left_child=1 -1 3 4 5 -2 -3 8 -8 10 11 -6 13 -4
right_child=2 6 12 -5 9 -7 7 -9 -10 -11 -12 -13 -14 -15
leaf_value=-0.016179564726141897 0.0033825575913996259 0.0026512122786847316 0.011444469326496903 -0.006961866583009655 -0.0046178664676229334 0.031139800396676156 -0.0048618018430242049 0.0087309255873187219 -0.014873035116662168 0.017284223148353272 0.0066357610581144269 0.01270558111937446 0.0012830087489732549 0.0012277423027359619
leaf_weight=3005.5644715726376 826.86380283534527 3571.1838786303997 6431.2263122648001 6151.3636009246111 12219.028639391065 617.54000872373581 10953.924160018563 1008.7865956798196 3681.1793326884508 643.17089918255806 2609.6166982203722 797.04029789566994 62736.836785361171 9646.5748166292906
leaf_count=23968 3846 19225 29804 30073 60087 2884 64980 5752 22328 3046 12762 3938 291458 45906
internal_value=-8.48243e-05 -0.00623484 0.00124657 -0.00159449 0.000272343 0.0153824 -0.00467171 -0.00634402 -0.00738837 -0.0010778 -0.00184418 -0.00354812 0.00210692 0.00531907
internal_weight=124900 22220.6 102679 23864.6 17713.3 1444.4 19215.1 15643.9 14635.1 16268.9 15625.7 13016.1 78814.6 16077.8
internal_count=620057 136253 483804 116636 86563 6730 112285 93060 87308 79833 76787 64025 367168 75710
is_linear=0
shrinkage=0.05


Tree=38
num_leaves=15
num_cat=0
split_feature=1 53 54 1 73 69 72 69 69 69 69 73 73 53
split_gain=246.31 124.587 100.078 90.3622 83.9577 138.171 124.925 125.526 134.108 119.769 94.2252 148.564 89.4916 103.536
threshold=0.010935505852103235 -0.099457152187824235 0.36706303060054785 0.0056360953021794566 0.68606859445571911 -0.02913612965494394 0.017434634268283847 -0.012004304677247999 -0.0020994962542317803 0.13652693480253222 0.11499396711587907 0.57541298866271984 0.78917726874351513 -0.8175927698612212
decision_type=10 10 10 10 2 8 10 8 8 10 10 2 2 10
left_child=3 4 -3 -1 9 -6 7 -7 -9 10 -2 -12 13 -10
right_child=1 2 -4 -5 5 6 -8 8 12 -11 11 -13 -14 -15
leaf_value=-0.025834837813286656 0.0031858155768279581 -0.006813033888201224 -0.00021347536911222819 -0.0054422564975632054 0.020518375265484643 0.01802770693958548 -0.021937241958019871 -0.026403735993056711 -0.014614419918919692 0.02755209828080727 -0.013671366069998168 0.004115040157495589 0.0043409330705089068 -0.0015012591560784126
leaf_weight=558.32748987525702 56084.901051104069 7523.9876660257578 24187.220913492143 12800.928335122764 704.69293627142906 812.71259959042072 735.5878559499979 533.77902856469154 1807.5048412308097 475.50189566612244 2188.5603938549757 2511.9006341025233 5031.9382759705186 8780.3698906302452
leaf_count=5148 260870 39215 118689 80598 3186 3758 3557 2635 9197 2185 10704 12044 24583 43126
internal_value=9.95408e-05 0.000869213 -0.00178098 -0.00631322 0.0019242 -0.00103655 -0.00190573 -0.00102483 -0.00199396 0.00281382 0.0026158 -0.00417785 -0.00114344 -0.00375154
internal_weight=124738 111379 31711.2 13359.3 79667.4 18406.6 17701.9 16966.3 16153.6 61260.9 60785.4 4700.46 15619.8 10587.9
internal_count=619495 533749 157904 85746 375845 90042 86856 83299 79541 285803 283618 22748 76906 52323
is_linear=0
shrinkage=0.05


Tree=39
num_leaves=15
num_cat=0
split_feature=0 0 18 73 69 69 69 69 69 73 73 73 69 73
split_gain=355.263 97.7512 84.2087 69.4456 85.0787 65.2925 118.24 117.557 90.3094 200.058 99.2832 163.039 136.031 160.095
threshold=0.018043015152215961 0.012092667631804945 64.985385894775405 0.46266341209411627 -0.039398560300469392 0.1011449657380581 0.091497793793678298 0.085317432880401625 0.1354017108678818 0.66104114055633556 0.63696172833442699 0.75795969367027294 0.11499396711587907 0.57541298866271984
decision_type=2 2 2 2 10 10 10 10 10 2 2 2 10 2
left_child=1 -1 5 -3 -5 6 7 -2 10 -10 12 -12 -7 -14
right_child=2 3 -4 4 -6 8 -8 -9 9 -11 11 -13 13 -15
leaf_value=-0.020226604037363954 0.0020734750044812686 0.0018548765047180845 -0.0025973423549561208 -0.021163623069642968 -0.0062101398729623586 0.0070521133377194085 0.0092374947326978232 -0.0073307791479601623 0.03310440678447029 0.0010676819998707465 -0.011750688536261624 0.011629384475340808 -0.013014658279709322 0.005226405932596101
leaf_weight=1315.2969765588641 67660.562999278307 2334.8642374426126 14365.714185208082 1042.0634663552046 10201.810369662941 4062.1727861464024 5465.3717127591372 3485.0088820457458 550.97415508329868 3716.3157085478306 4815.2392805218697 873.64442417025566 2832.9463738799095 2077.5999868065119
leaf_count=11985 317588 13515 70140 6883 65029 19539 25858 16814 2468 17938 23795 4383 14024 9979
internal_value=-1.16436e-05 -0.00725569 0.000970616 -0.00598531 -0.00761358 0.00150732 0.00215699 0.00161185 -0.00112184 0.00527185 -0.00298506 -0.00814609 0.000292572 -0.00530212
internal_weight=124800 14894 109906 13578.7 11243.9 95539.8 76610.9 71145.6 18928.9 4267.29 14661.6 5688.88 8972.72 4910.55
internal_count=619938 97412 522526 85427 71912 452386 360260 334402 92126 20406 71720 28178 43542 24003
is_linear=0
shrinkage=0.05


Tree=40
num_leaves=15
num_cat=0
split_feature=0 72 73 72 68 68 72 74 74 72 68 74 74 73
split_gain=346.955 138.448 129.118 107.878 145.997 137.924 128.955 146.068 176.76 127.612 123.69 89.639 180.67 108.761
threshold=0.016011931002140049 0.0063372445292770871 0.47465904057025915 0.0075098148081451663 0.026547504588961605 0.024959823116660122 0.011661863420158626 -0.015288716182112692 -0.0085550597868859751 0.016872597858309749 0.066228810697793974 0.0058923510368913421 0.0051510839257389316 0.80214941501617443
decision_type=2 10 2 10 10 10 10 2 2 10 10 2 2 2
left_child=-1 2 -2 11 5 -5 10 -8 -9 -10 -6 12 13 -3
right_child=1 3 -4 4 6 -7 7 8 9 -11 -12 -13 -14 -15
leaf_value=-0.009886308567683395 0.0073830168502155014 0.0040790782894175696 -0.0031352676253016648 0.0018985119255319968 -0.0052092553516185401 0.020421911767507635 -0.022427614198865783 0.029849397511500023 0.0066415949907680967 -0.0096292324795097667 -0.02797310260206164 -0.00093108188489059423 0.028228446491213244 0.019223641615913657
leaf_weight=8131.0539655387402 3245.033371463418 10887.274291098118 28177.522131279111 49837.607261732221 9556.4119096547365 1015.7679251879454 541.13462978601456 606.31360469758511 3911.3456562012434 1729.9013592451811 627.40551839768887 4296.0032575577497 954.17229609191418 1322.0084958523512
leaf_count=58282 15492 52101 143631 231753 46674 4822 2605 2781 18758 8200 3212 20946 4689 6381
internal_value=9.35743e-05 0.000789661 -0.00204703 0.00183493 0.000932344 0.00227245 -0.00308188 0.00225426 0.00442451 0.0016439 -0.00663776 0.00533873 0.00738409 0.00573331
internal_weight=124839 116708 31422.6 85285.3 67825.9 50853.4 16972.5 6788.7 6247.56 5641.25 10183.8 17459.5 13163.5 12209.3
internal_count=620327 562045 159123 402922 318805 236575 82230 32344 29739 26958 49886 84117 63171 58482
is_linear=0
shrinkage=0.05


Tree=41
num_leaves=15
num_cat=0
split_feature=0 2 18 70 68 72 72 70 84 68 72 68 68 70
split_gain=278.686 110.468 96.0851 74.7091 97.8089 76.0066 157.75 223.409 222.895 184.877 126.555 169.141 149.671 201.069
threshold=0.017570177093148235 0.0088789681904017943 64.593963623046889 -0.03048756159842014 -0.087453853338956819 0.011327308136969806 0.013089691288769247 0.0037414623657241468 1.5000000000000002 0.0074331911746412524 0.010773160960525276 -0.0090198032557964308 -0.014754017814993857 0.0090796318836510199
decision_type=2 2 2 2 10 10 10 2 2 10 8 8 10 2
left_child=1 -1 3 4 -2 10 7 9 -9 -7 12 -12 13 -5
right_child=2 -3 -4 5 -6 6 -8 8 -10 -11 11 -13 -14 -15
leaf_value=-0.031166251463362545 0.003867056511857616 -0.0060104407689485634 -0.0028332849517704777 0.0053103756872438937 -0.021866659281223218 0.025455039709463795 0.0013193816426689893 -0.013933300464057866 0.010491778804534453 0.0064110099436663183 -0.034552993140445853 -0.0030947424340643736 0.00032565373056854096 0.034310128580700622
leaf_weight=442.86716118454933 694.3652029633522 12599.276740938425 15395.288637980819 4370.0923507660627 772.39910437166691 2581.5295964479446 21158.403994321823 1620.1878795176744 2177.2974780648947 2525.1203705966473 558.73118974268436 1727.5588420927525 57436.632775902748 683.54994900524616
leaf_count=4737 3410 82948 75522 19963 3734 11757 96768 7598 10148 11812 2563 8115 277819 3122
internal_value=2.5532e-05 -0.00688787 0.00083328 0.00141964 -0.00974064 0.00159326 0.0036706 0.00924991 6.16532e-05 0.0160691 0.000628753 -0.0108996 0.00105221 0.00929286
internal_weight=124743 13042.1 111701 96305.9 1466.76 94839.1 30062.5 8904.14 3797.49 5106.65 64776.6 2286.29 62490.3 5053.64
internal_count=620016 87685 532331 456809 7144 449665 138083 41315 17746 23569 311582 10678 300904 23085
is_linear=0
shrinkage=0.05


Tree=42
num_leaves=15
num_cat=0
split_feature=0 0 73 68 72 68 68 71 14 72 71 74 74 72
split_gain=284.87 122.48 116.569 188.176 129.268 96.0691 133.338 89.4545 70.3675 66.7449 63.8149 113.666 101.811 89.1121
threshold=0.015114951413124801 0.028405623510479931 0.68766510486602794 0.041905201971530921 0.0050841558258980521 0.038458131253719337 0.03685965575277806 0.048369815573096282 0.19666311889886859 0.019758761860430244 -0.054346878081560128 -0.015288716182112692 -0.031177265569567677 0.012272980064153673
decision_type=2 2 2 10 10 10 10 2 8 10 2 2 2 10
left_child=8 2 3 5 -5 6 -2 10 -1 -9 11 12 -3 -12
right_child=1 7 -4 4 -6 -7 -8 9 -10 -11 13 -13 -14 -15
leaf_value=-0.0089698923539691857 -0.00077926227365936055 -0.0096973016697576315 -0.0053163768984522521 0.037982467127773624 0.0078926661648762702 -0.01705135088787978 0.022728631103696582 -0.00018998034420462001 -0.026465031087911501 -0.018263670804038571 0.0012121511382247063 -0.019963876226565643 0.022863804955252542 0.0053339936772536997
leaf_weight=5100.2994520142674 35868.313789799809 526.99695336818695 13795.28296777606 457.09322762489319 1548.4053019583225 875.57464365661144 603.52290949225426 1126.3301393389702 642.56697952747345 925.06466324627399 43128.940460711718 869.99562303721905 424.90924382209778 18836.62865306437
leaf_count=38575 181375 2647 74068 2238 7741 4536 3077 5384 5111 4351 199893 3863 1877 85295
internal_value=-0.000103278 0.000422079 -0.00136323 2.35501e-05 0.0149052 -0.000779345 -0.000384139 0.00186326 -0.01097 -0.00838927 0.00219424 -0.00700467 0.00492383 0.00246579
internal_weight=124730 118987 53148.2 39352.9 2005.5 37347.4 36471.8 65838.9 5742.87 2051.39 63787.5 1821.9 951.906 61965.6
internal_count=620031 576345 273035 198967 9979 188988 184452 303310 43686 9735 293575 8387 4524 285188
is_linear=0
shrinkage=0.05


Tree=43
num_leaves=15
num_cat=0
split_feature=0 0 27 13 14 73 72 72 72 84 72 72 70 73
split_gain=264.596 105.48 95.2697 76.9525 63.2404 58.4715 147.286 217.774 358.311 179.303 136.763 169.281 137.205 129.069
threshold=0.015114951413124801 0.022032433189451698 0.73308309912681591 0.15902742743492129 0.1887348294258118 0.31674617528915411 0.017190130427479747 0.011327308136969806 0.010852548759430649 1.5000000000000002 0.012934286613017322 0.014212233014404775 -0.015465791337192057 0.23361199349164966
decision_type=2 2 2 8 8 2 10 10 10 2 10 10 2 2
left_child=4 2 -2 5 -1 6 7 8 -3 -8 -9 12 -12 -11
right_child=1 3 -4 -5 -6 -7 9 10 -10 13 11 -13 -14 -15
leaf_value=-0.0086095977684042795 -0.0073302547444529416 0.0056064511697719657 -0.00049221643190332167 -0.01395967618809409 -0.025118360200101761 0.00083662551966734531 -0.013085412140423741 0.02534435967066051 -0.035782440141244022 0.010594297273959724 -0.025926003620561355 0.016623139850628989 0.0059399035894679058 -0.010956391185492676
leaf_weight=5057.2913763597608 6992.5520009323955 2963.2237079143524 18691.735342137516 813.03506499528885 650.28481523692608 77084.874207139015 2246.5389729738235 1810.7108662128448 624.5364456474781 2625.071775123477 487.74550829827785 2586.8152686357498 1042.9631785750389 934.50693827867508
leaf_count=38452 38649 13132 102915 3816 5263 361741 10323 8045 2842 11784 2194 11594 4657 4237
internal_value=-2.46479e-05 0.000480522 -0.002356 0.00126222 -0.0105311 0.00139764 0.00421772 0.00804387 -0.00167772 -0.00205625 0.0139203 0.00884723 -0.00431623 0.00492169
internal_weight=124612 118904 25684.3 93220 5707.58 92407 15322.1 9515.99 3587.76 5806.12 5928.23 4117.52 1530.71 3559.58
internal_count=619644 575929 141564 434365 43715 430549 68808 42464 15974 26344 26490 18445 6851 16021
is_linear=0
shrinkage=0.05


Tree=44
num_leaves=15
num_cat=0
split_feature=0 0 69 69 53 74 69 70 69 74 84 69 74 69
split_gain=259.121 117.979 78.1477 80.4345 90.9912 76.8995 76.5421 69.4641 82.7289 86.4062 123.609 102.134 88.847 222.188
threshold=0.022032433189451698 0.012092667631804945 0.13316312432289126 0.1011449657380581 -0.039537942036986344 -0.01112646935507655 0.14754705131053927 -0.044312106445431702 -0.1383535638451576 -0.019179445691406723 3.5000000000000004 0.054717440158128745 -0.014051598962396382 -0.082962457090616212
decision_type=2 2 10 8 10 2 8 2 8 2 2 10 2 10
left_child=1 -1 3 4 -3 -5 -4 -2 -9 10 11 -10 13 -11
right_child=7 2 6 5 -6 -7 -8 8 9 12 -12 -13 -14 -15
leaf_value=-0.018806314898806919 -0.017459536799360197 -1.6712536742779764e-05 0.020630350422863077 0.013958096202492649 -0.0070906145841722308 -0.0094023832667907651 -0.0058912491893270864 0.013305124722514697 0.0033943305419890679 -0.015422300868958575 -0.023655216525003353 -0.016305096894598369 0.0013904987367481967 0.014891124974295733
leaf_weight=1242.3828140646219 471.24402211606503 15287.510731741786 655.74599138647318 362.72021373361349 6459.8099794462323 6853.9687717333436 453.92984810471535 1472.2949883043766 2617.6847154051065 738.71964368224144 762.46754093468189 867.86693388223648 83118.576990768313 3152.5181915163994
leaf_count=11903 2550 85312 3519 2040 38970 40978 2518 6262 11943 3308 3704 3985 388139 14199
internal_value=0.000166807 -0.00376738 -0.00314005 -0.00364001 -0.00212023 -0.00821057 0.00982556 0.00148897 0.00158714 0.00139665 -0.0055583 -0.00154324 0.00173681 0.00911159
internal_weight=124517 31316.1 30073.7 28964 21747.3 7216.69 1109.68 93201.4 92730.1 91257.8 4248.02 3485.55 87009.8 3891.24
internal_count=619330 185240 173337 167300 124282 43018 6037 434090 431540 425278 19632 15928 405646 17507
is_linear=0
shrinkage=0.05


Tree=45
num_leaves=15
num_cat=0
split_feature=0 73 71 71 70 71 70 73 70 73 71 71 70 70
split_gain=234.826 95.864 117.016 192.468 148.553 99.1644 74.2234 86.7193 149.002 220.852 159.24 223.647 203.194 168.921
threshold=0.01586711406707764 0.68766510486602794 0.0017398853669874372 -0.0002741747885011136 -0.0027636578306555744 0.055280340835452087 0.028627929277718071 0.31674617528915411 0.001647578726988286 0.27927134931087499 -0.0077509512193500987 0.011539016384631397 0.011527038644999267 0.018314933404326442
decision_type=2 2 2 2 2 2 2 2 2 2 2 2 2 2
left_child=-1 5 3 -3 -5 6 7 8 -2 10 13 -12 -13 -10
right_child=1 2 -4 4 -6 -7 -8 -9 9 -11 11 12 -14 -15
leaf_value=-0.0085523397436087761 0.0018045377856041199 -0.00044163375122993859 -0.0036386585185846907 0.043293935308749677 0.0082034537008250225 -0.012394615830207133 -0.014654528569012474 0.000953110867189279 0.0051780047920404262 0.032138777683880397 0.035963346977317893 0.019271781237507082 -0.018652147815397167 -0.030271907909943881
leaf_weight=7520.2125277593732 10979.744111269712 4856.2035097181797 22408.27599042654 470.70850126445293 826.08525215089321 1279.7425116449594 689.18651221692562 70718.631003826857 1103.6659346073866 1080.611634477973 809.52550168335438 820.2923621237278 604.89722031354904 471.76063932478428
leaf_count=55875 49848 23596 113175 2247 4208 6103 3122 340035 4960 4843 3581 3675 2712 2091
internal_value=6.40375e-06 0.000556642 -0.0019618 0.00414108 0.0211744 0.00136901 0.00157222 0.00170305 0.00504204 0.0122917 0.00659339 0.0151489 0.00315781 -0.00556143
internal_weight=124640 117119 28561.3 6153 1296.79 88558.1 87278.3 86589.1 15870.5 4890.75 3810.14 2234.72 1425.19 1575.43
internal_count=620071 564196 143226 30051 6455 420970 414867 411745 71710 21862 17019 9968 6387 7051
is_linear=0
shrinkage=0.05


Tree=46
num_leaves=15
num_cat=0
split_feature=0 18 70 73 71 74 74 74 71 70 84 70 70 74
split_gain=169.421 95.3536 72.6144 78.9865 117.269 101.455 213.561 159.985 237.258 150.397 130.415 241.342 219.126 177.593
threshold=0.014764609280973675 64.783233642578139 -0.03048756159842014 0.31674617528915411 0.047184959053993232 0.024143439717590812 0.0021507190540432934 -0.016023315489292141 -0.041597483679652207 -0.015920021571218964 3.5000000000000004 -0.0043338672257959834 -0.0020657683489844199 -0.01112646935507655
decision_type=2 2 2 2 2 2 2 2 2 2 2 2 2 2
left_child=-1 2 -2 4 5 6 7 9 -9 -4 11 13 -12 -10
right_child=1 -3 3 -5 -6 -7 -8 8 10 -11 12 -13 -14 -15
leaf_value=-0.009193423251146346 -0.010036119852935631 -0.0031739222780006169 0.0049499591318577368 0.00046292345968627777 -0.013680265081586238 -0.0087625673701791622 0.015782001008880046 -0.023199858809129434 -0.008845983589432423 0.030274976305310775 0.00060861724732309873 -0.017024204421988685 0.04097399153875441 0.019689108716708592
leaf_weight=4850.3365459665656 1486.576696947217 16703.151668541133 2110.1230926662683 85868.542138323188 845.90233206748962 1163.0015118867159 4297.1865013688803 1092.4546686708927 909.70823253691196 804.60536302626133 945.29010325670242 1642.5891210883856 512.06948864459991 1334.1640817075968
leaf_count=38638 7302 84483 9506 418973 4017 5230 19132 4923 4102 3550 4235 7502 2284 6004
internal_value=-4.22012e-05 0.000329303 0.000897594 0.00105866 0.00432351 0.00536028 0.00656926 0.00232328 -0.00208003 0.0120205 0.00227283 -0.00251622 0.0149743 0.00813252
internal_weight=124566 119715 103012 101526 15657.1 14811.2 13648.2 9351 6436.28 2914.73 5343.82 3886.46 1457.36 2243.87
internal_count=619881 581243 496760 489458 70485 66468 61238 42106 29050 13056 24127 17608 6519 10106
is_linear=0
shrinkage=0.05


Tree=47
num_leaves=15
num_cat=0
split_feature=0 71 72 69 53 72 69 13 69 72 71 69 72 70
split_gain=213.537 106.239 109.276 153.311 84.6632 90.5722 71.5628 64.2795 82.1992 93.2289 73.6782 89.9737 67.9705 132.537
threshold=0.021812621504068378 -0.0080220997333526594 0.010434513911604883 0.0073220878839492807 -0.0097453696653246862 0.0037568438565358524 0.080673165619373335 0.15902742743492129 -0.13227118551731107 0.0095655121840536612 -0.054346878081560128 -0.026822932995855805 0.019033129326999191 -0.011087638791650532
decision_type=2 2 10 8 8 10 10 8 10 10 2 10 10 2
left_child=1 2 3 -1 5 6 -3 8 9 -2 11 -10 13 -11
right_child=7 4 -4 -5 -6 -7 -8 -9 10 12 -12 -13 -14 -15
leaf_value=0.035225377714409221 -0.00049060905309961642 0.0017456898250578041 -0.01077588253668523 0.0030334491803829544 -0.010912803521423493 -0.0048504002413571959 0.025561420571395634 -0.012907913311722422 -0.023644038285386228 0.040918753444200734 0.0009949209604402751 0.0037041833539070371 0.0033639603077254424 0.010966371354766215
leaf_weight=395.69424039870501 2616.2981772422791 1695.6752029284835 1244.5170282423496 4218.2502356991172 5084.6075220927596 17243.053702920675 378.005904302001 802.01518951356411 661.57521536946297 460.66083300113678 86113.353528678417 540.34646658599377 1447.7248336225748 1779.3534645885229
leaf_count=2053 12221 10878 6613 23219 32861 102727 2341 3784 3139 1989 401919 2515 6437 7916
internal_value=-7.15814e-05 -0.00372605 0.0023172 0.00586446 -0.00517731 -0.00366273 0.00618884 0.00109986 0.00122123 0.00673053 0.000822737 -0.01142 0.0118411 0.0172806
internal_weight=124681 30259.8 5858.46 4613.94 24401.3 19316.7 2073.68 94421.3 93619.3 6304.04 87315.3 1201.92 3687.74 2240.01
internal_count=620612 180692 31885 25272 148807 115946 13219 439920 436136 28563 407573 5654 16342 9905
is_linear=0
shrinkage=0.05


Tree=48
num_leaves=15
num_cat=0
split_feature=0 72 68 72 70 68 74 68 71 68 68 68 72 70
split_gain=182.272 94.6623 114.614 107.433 166.969 176.935 167.995 130.255 193.387 172.322 127.73 161.62 122.349 135.945
threshold=0.015577479731291534 0.0062103387899696836 -0.0020691087702289219 0.0075098148081451663 -0.00058230204740539182 0.029120756313204769 -0.0023317413870245214 0.032384717836976058 0.0035562476841732864 0.039050797000527389 0.026547504588961605 0.024959823116660122 0.011661863420158626 0.0048417856451123962
decision_type=2 10 8 10 2 10 2 10 2 10 10 10 10 2
left_child=-1 2 -2 4 5 6 -3 -6 9 -9 11 -5 -12 -14
right_child=1 3 -4 10 7 -7 -8 8 -10 -11 12 -13 13 -15
leaf_value=-0.0079143746247022553 0.012774210560235097 -0.0023795805808300556 -0.0024849581545231467 0.0013048914370009151 -0.0051478791553888365 0.019224702343875282 0.019540320305858186 0.046252545522181165 0.0019301134958760631 0.0041786907169808095 -0.0067394923766474074 0.021142211039460929 0.0088338583626989039 -0.0053305504412358498
leaf_weight=6706.110902518034 1274.8227178156376 3098.4562886506319 29228.55602131784 50279.531219601631 5000.4911518096924 3267.2479672133923 1206.6318327188492 498.39143966138363 5465.684522613883 471.01455615460873 10223.22856067121 1038.2395940423012 3462.4677368551493 3298.1467761620879
leaf_count=51270 6151 14583 149738 233460 24336 15613 5647 2360 27065 2313 50372 4899 16307 15877
internal_value=9.74979e-05 0.00055418 -0.00184326 0.00139189 0.00471557 0.0104692 0.00379518 0.000899884 0.00560009 0.0260611 0.000466374 0.00171027 -0.00329094 0.00192612
internal_weight=124519 117813 30503.4 87309.5 19007.9 7572.34 4305.09 11435.6 6435.09 969.406 68301.6 51317.8 16983.8 6760.61
internal_count=619991 568721 155889 412832 91917 35843 20230 56074 31738 4673 320915 238359 82556 32184
is_linear=0
shrinkage=0.05


Tree=49
num_leaves=15
num_cat=0
split_feature=53 72 69 68 72 72 70 68 69 72 68 69 69 72
split_gain=124.196 66.2288 162.026 102.128 133.846 120.1 192.094 110.311 130.291 113.001 92.7142 154.197 147.724 88.586
threshold=-0.034690922126173966 0.0064558612648397693 0.015508298296481373 0.051407679915428169 0.017434634268283847 0.0066108887549489745 -0.00053757344721816469 0.044730186462402351 0.022971794009208683 0.0072806486859917649 0.050770904868841178 0.057313550263643272 0.056114079430699355 0.0064099095761775979
decision_type=10 10 8 10 10 10 2 10 10 10 10 10 8 8
left_child=1 2 -1 5 -5 6 -3 -7 -9 -10 12 -12 -4 -14
right_child=-2 3 10 4 -6 7 -8 8 9 -11 11 -13 13 -15
leaf_value=0.026245382416147708 -0.0041426449517736651 0.028232546360644345 0.0043380806034128772 -0.0025537063898228522 -0.029094238338872588 0.0010770394111715208 0.0011497689844948878 0.025128250484218878 0.023103009400811624 -0.0022296333869226146 -0.019158368741145435 0.014320579165545091 -0.0038099819565066695 -0.022295395584080231
leaf_weight=515.69903153181076 15564.024151191115 1101.6767255887389 6210.0462845936418 5333.0612535402179 511.80618652701378 65033.408342517912 1595.0706452280283 1022.7676208540797 569.40895859152079 1826.3711822032928 414.45129711180925 1819.0972721278667 22282.166180580854 658.10084775090218
leaf_count=2575 88559 5252 32243 26129 2544 305718 7995 4795 2807 8903 2206 9295 117434 3218
internal_value=3.37324e-05 0.000630985 -0.00128445 0.00142464 -0.00492345 0.00194675 0.0122771 0.00153805 0.0102794 0.00386222 -0.00174503 0.00805061 -0.0024981 -0.00434977
internal_weight=124457 108893 31899.6 76993.6 5844.87 71148.7 2696.75 68452 3418.55 2395.78 31383.9 2233.55 29150.3 22940.3
internal_count=619673 531114 166971 364143 28673 335470 13247 322223 16505 11710 164396 11501 152895 120652
is_linear=0
shrinkage=0.05


Tree=50
num_leaves=15
num_cat=0
split_feature=51 5 54 13 73 70 24 70 68 69 69 73 68 69
split_gain=133.813 81.7656 70.8694 59.0818 85.4379 105.065 95.2934 118.865 84.8199 237.116 207.604 206.272 172.92 185.743
threshold=-0.036462103947997086 0.79453158378601085 0.39603215456008917 -0.12132228910923003 0.15441858023405078 -0.03048756159842014 -0.065556794404983507 -0.020733712241053578 -0.029244812205433842 -0.078645620495080934 0.034159434959292419 0.27290432155132299 -0.037996767088770859 -0.067468378692865358
decision_type=10 2 10 10 2 2 2 2 10 8 8 2 10 10
left_child=3 -2 -3 -1 6 -6 -5 -8 10 -10 12 -11 13 -7
right_child=1 2 -4 4 5 8 7 -9 9 11 -12 -13 -14 -15
leaf_value=-0.012309279254843705 -0.0206150769503755 -0.005280705443023349 -0.00027315564629541109 -0.0025947291708495091 -0.018000445742033837 -0.011487914424337678 0.032252403609795068 0.007751210419494549 0.028059143676400135 0.019298711034419776 0.026546367034057057 0.00074145306307923508 -0.016036614532342459 0.0061443042140284414
leaf_weight=823.88780073076487 629.33063336461782 12858.172214955091 15671.652291245759 1676.0920057818294 735.40400374680758 2468.5536132529378 585.52563347667456 3006.4090780690312 814.46732587367296 1517.2850785776973 527.76253578811884 76735.383498460054 2681.0822764113545 3748.7864094153047
leaf_count=3802 4148 76018 82014 7669 3639 11192 2632 13478 3665 6757 2383 373345 12277 16983
internal_value=3.50834e-05 -0.00292831 -0.00253108 0.000941816 0.00105864 0.000692922 0.00724002 0.0118236 0.000850285 0.00138487 -0.00363054 0.00110369 -0.00544812 -0.000863657
internal_weight=124480 29159.2 28529.8 95320.6 94496.8 89228.7 5268.03 3591.93 88493.3 79067.1 9426.18 78252.7 8898.42 6217.34
internal_count=620002 162180 158032 457822 454020 430241 23779 16110 426602 383767 42835 380102 40452 28175
is_linear=0
shrinkage=0.05


Tree=51
num_leaves=15
num_cat=0
split_feature=51 64 53 17 70 68 72 68 68 72 68 72 68 72
split_gain=114.585 57.3442 63.3762 54.0947 51.2474 66.6149 51.9899 84.3145 179.805 82.5942 135.525 95.6618 87.3605 79.7509
threshold=-0.036462103947997086 0.011768905445933344 -0.016413905657827851 98.272747039794936 -0.03048756159842014 -0.087453853338956819 0.0047534215264022359 -0.0024404488503932949 0.0093001211062073725 0.0054202263709157714 0.0050384802743792543 0.0064558612648397693 0.024360905401408676 0.0052247354760766038
decision_type=10 2 8 10 2 8 10 8 10 10 10 10 10 10
left_child=3 2 -2 4 5 -1 7 -6 -9 10 -8 12 -11 -12
right_child=1 -3 -4 -5 6 -7 9 8 -10 11 13 -13 -14 -15
leaf_value=0.0032659099049750194 -0.0029317423859062859 -0.0007366395612971254 -0.01069161786625817 -0.0091566013694713618 0.019136216037896701 -0.018124865414479465 0.03087878822925293 -0.025563910907335091 -0.0010817565929432844 -0.0079486686706482478 0.00038020916522376577 0.0018778695816401823 0.0013602865170641841 0.014379992056626947
leaf_weight=671.38120496273041 8967.6660214737058 16378.256706506014 3721.1433371752501 1310.647730588913 437.47085635364056 778.16015756875277 552.7239096313715 805.28106922656298 9375.3497941792011 5089.0122666880488 3165.5367224290967 66762.936489552259 4978.5880925506353 1489.3578849583864
leaf_count=3319 51677 86043 24175 6369 2166 3855 2736 4204 49229 25325 16182 311972 25156 7485
internal_value=5.56031e-05 -0.00269231 -0.00521404 0.000892904 0.00103383 -0.00826285 0.00118014 -0.00211059 -0.00304146 0.00160626 0.007694 0.00119268 -0.00334846 0.00488074
internal_weight=124484 29067.1 12688.8 95416.4 94105.8 1449.54 92656.3 10618.1 10180.6 82038.2 5207.62 76830.5 10067.6 4654.89
internal_count=619893 161895 75852 457998 451629 7174 444455 55599 53433 388856 26403 362453 50481 23667
is_linear=0
shrinkage=0.05


Tree=52
num_leaves=15
num_cat=0
split_feature=0 0 27 18 0 69 74 69 71 74 74 71 71 71
split_gain=132.146 92.3304 78.4513 61.8555 50.4387 45.466 43.9988 134.882 127.791 110.328 76.6036 156.143 111.39 148.247
threshold=0.013076737057417633 0.025862025097012523 1.0693703293800356 63.093481063842781 0.010398942977190019 0.1354017108678818 -0.021459922194480893 -0.13227118551731107 -0.054346878081560128 -0.023091642186045643 -0.014051598962396382 -0.02308731339871883 -0.010321858804672955 0.014038637746125461
decision_type=2 2 2 2 2 10 2 10 2 2 2 2 2 2
left_child=4 2 3 -2 -1 -4 7 -3 -8 -9 11 -10 -13 -14
right_child=1 6 5 -5 -6 -7 8 9 10 -11 -12 12 13 -15
leaf_value=-0.028373550123322683 -0.0018036360147792481 0.014207031224888079 0.00096035646390016816 -0.0072094523501212053 -0.0085852039793007286 0.016042428517698656 -0.015136125597235255 -0.0033580171699857937 0.023185076242100349 -0.025578231668656672 0.0014255631542538876 -0.014020974718740873 0.018672271357636334 -0.012079444715168544
leaf_weight=390.89867924898863 24836.022146001458 801.12691950798035 13780.17312477529 6718.5517710000277 1731.9403964877129 508.58991581946611 1119.7541872859001 2317.1861353814602 1241.5241931825876 727.76371499896049 67662.103959068656 779.80482771992683 1179.6265019476414 576.16933360695839
leaf_count=4834 133181 3612 74520 38090 14400 2623 5009 11041 5422 3401 311994 3474 5248 2631
internal_value=-6.47158e-06 0.000208778 -0.00156498 -0.00295655 -0.012345 0.00150803 0.0012731 -0.0039319 0.00154951 -0.00873514 0.00181312 0.00873361 0.00159436 0.00856975
internal_weight=124371 122248 45843.3 31554.6 2122.84 14288.8 76405.1 3846.08 72559 3044.95 71439.2 3777.12 2535.6 1755.8
internal_count=619480 600246 248414 171271 19234 77143 351832 18054 333778 14442 328769 16775 11353 7879
is_linear=0
shrinkage=0.05


Tree=53
num_leaves=15
num_cat=0
split_feature=0 27 71 59 69 57 54 71 53 4 71 69 68 68
split_gain=149.511 78.5603 73.029 54.0306 61.5132 80.2559 70.0485 145.558 107.999 83.2101 72.5933 84.5889 219.339 165.859
threshold=0.018714291974902156 0.80554369091987621 -0.011068730149418114 6.5000000000000009 -0.13227118551731107 0.06124746426939965 0.48861443996429449 -0.017622965388000008 -0.14742230623960492 0.19166667014360431 -0.03858648054301738 -0.012004304677247999 -0.013966090977191923 -0.0052210653666406861
decision_type=2 2 2 8 8 10 8 2 10 8 2 10 10 10
left_child=1 -1 -3 4 5 -2 8 9 10 -8 -6 12 -12 -14
right_child=3 2 -4 -5 6 -7 7 -9 -10 -11 11 -13 13 -15
leaf_value=-0.0089214786799069103 0.021417528520182128 0.0077342507335141173 -0.0036210910557200326 -0.0077998585058383571 -0.0076031022838295367 0.0015967000527545147 0.015961046904565925 0.00100955776727188 -0.0039186265043080239 0.0035381202009693424 -0.00042427198668945734 3.0673458675352185e-05 0.038900443187707058 0.010339907855597678
leaf_weight=6193.2150506973267 811.0601377338171 1667.9801215901971 9066.573953807354 1865.4825600981712 2381.7905905693769 1355.843714594841 2682.4736086577177 41553.423635408282 17082.636888250709 2713.9379197359085 5643.0956105589867 28046.491468906403 618.31336022913456 2736.7566520869732
leaf_count=41209 3520 9881 60832 8707 11015 5988 12203 197659 83936 12212 25437 132241 2754 12365
internal_value=-7.53866e-05 -0.00444161 -0.00185109 0.000612558 0.000761856 0.00907983 0.000586778 0.00201391 -0.000599084 0.00973147 0.000839832 0.00138458 0.00559986 0.0157034
internal_weight=124419 16927.8 10734.6 107491 105626 2166.9 103459 46949.8 56509.1 5396.41 39426.4 37044.7 8998.17 3355.07
internal_count=619959 111922 70713 508037 499330 9508 489822 222074 267748 24415 183812 172797 40556 15119
is_linear=0
shrinkage=0.05


Tree=54
num_leaves=15
num_cat=0
split_feature=0 73 4 53 71 71 73 71 71 73 13 73 74 84
split_gain=119.978 94.8196 99.5186 80.9087 76.4764 65.2449 61.6039 74.8931 126.484 65.0635 60.9311 71.8101 86.8554 138.619
threshold=0.014589797705411913 0.68957170844078075 0.10833333432674409 -0.8175927698612212 0.055280340835452087 0.0017398853669874372 0.78917726874351513 0.035638667643070228 0.024155380204319957 0.85966211557388317 0.15902742743492129 0.077547188848257079 -0.019179445691406723 3.5000000000000004
decision_type=2 2 8 10 2 2 2 2 2 2 8 2 2 2
left_child=-1 4 3 -3 10 -4 -7 8 9 -8 11 -2 13 -13
right_child=1 2 5 -5 -6 6 7 -9 -10 -11 -12 12 -14 -15
leaf_value=-0.0081907824004600407 0.0094679016575020362 -0.016467672796652465 0.0065711924528745295 -0.0040121304627420947 -0.011127272006664548 -0.0041431610399399422 0.0057291026800182221 -0.014227005098414229 0.024116115276170802 -0.0097035529245030842 -0.014732483964390579 -0.0013890001682680666 0.0014368629970595982 -0.023495615938670646
leaf_weight=4366.2422829195857 2608.7368466854095 1450.9154821336269 3444.9434435665607 12273.572189450264 1265.2757240980864 7166.9300262108445 2422.4608174934983 532.42280550301075 739.72868649661541 939.7311547100544 585.86247682571411 3678.687708824873 81941.723250329494 868.88054057955742
leaf_count=36188 11681 8196 15960 66258 6070 34412 11578 2616 3524 4580 2768 17079 393991 4400
internal_value=-5.89682e-05 0.000237767 -0.00225287 -0.00533993 0.00103129 0.00052775 -0.00124048 0.00324772 0.005545 0.0013997 0.00120404 0.00131048 0.00106336 -0.00565508
internal_weight=124286 119920 28970.7 13724.5 90949.2 15246.2 11801.3 4634.34 4101.92 3362.19 89683.9 89098 86489.3 4547.57
internal_count=619301 583113 147124 74454 435989 72670 56710 22298 19682 16158 429919 427151 415470 21479
is_linear=0
shrinkage=0.05


Tree=55
num_leaves=15
num_cat=0
split_feature=2 53 54 70 72 72 73 69 69 72 69 69 73 69
split_gain=112.403 84.6259 104.067 67.5867 58.7403 69.924 56.4944 135.56 108.248 85.5512 92.2039 125.192 91.1684 128.146
threshold=0.0088789681904017943 -0.08193363249301909 0.36706303060054785 -0.0034567057155072685 0.0087836799211800116 0.0063372445292770871 0.68957170844078075 0.1354017108678818 -0.02913612965494394 0.016872597858309749 -0.012004304677247999 -0.0020994962542317803 0.78917726874351513 0.1011449657380581
decision_type=2 10 10 2 10 10 2 10 8 10 8 8 2 8
left_child=-1 6 -3 4 5 -4 7 -2 -8 10 -10 -12 13 -13
right_child=1 2 3 -5 -6 -7 8 -9 9 -11 11 12 -14 -15
leaf_value=-0.026048389503843417 0.0012293434247677591 -0.0066383611465602316 0.00047673160901946045 -0.0018087704906959115 -0.0015704012751261509 0.015960854998697285 0.017198606271065533 0.02268206324443621 0.016859782842308327 -0.01479799861273845 -0.025851255690033981 6.2857412724897849e-05 0.0039302090177097222 -0.010815092322907475
leaf_weight=405.9430079087615 69205.92752250284 9348.9365148916841 1290.1675135344267 18808.021160461009 2179.2552154958248 1668.4999133720994 734.50245770812035 734.35238855332136 659.18410485237837 1256.1809925436974 525.72680621594191 7616.3639806061983 5614.4909958466887 4190.4798479452729
leaf_count=4839 327682 56458 6858 98013 10365 8183 3302 3332 3033 6051 2660 38906 28113 21562
internal_value=-9.97815e-05 -1.26209e-05 -0.00216765 -0.000420162 0.00465666 0.00923314 0.000780039 0.0014578 -0.001521 -0.00222155 -0.00136497 -0.00204337 -0.0013105 -0.00380382
internal_weight=124238 123832 33294.9 23945.9 5137.92 2958.67 90537.2 69940.3 20596.9 19862.4 18606.2 17947.1 17421.3 11806.8
internal_count=619357 614518 179877 123419 25406 15041 434641 331014 103627 100325 94274 91241 88581 60468
is_linear=0
shrinkage=0.05


Tree=56
num_leaves=15
num_cat=0
split_feature=15 57 23 69 69 69 69 70 68 84 68 70 58 70
split_gain=83.297 75.3501 60.3304 47.449 95.0393 73.1708 138.4 100.457 82.5832 86.0425 82.2522 105.036 69.7826 61.3621
threshold=26.291386604309086 0.013399512972682716 0.0095372162759304064 0.1354017108678818 0.14754705131053927 0.1011449657380581 0.091497793793678298 0.005321669392287732 0.015907374210655693 2.5000000000000004 0.041905201971530921 -0.0054978525731712571 0.00021424745500553402 -0.0091816666536033136
decision_type=8 10 2 10 10 10 10 2 10 2 10 2 2 2
left_child=3 2 -2 5 -5 6 13 12 9 -7 11 -10 -8 -1
right_child=1 -3 -4 4 -6 8 7 -9 10 -11 -12 -13 -14 -15
leaf_value=-0.0031754106462144904 -0.0089176075023346662 -0.00054198356260921595 -0.0016490898051669306 0.015219434030176771 -0.00080205905951746023 0.022034500082236841 0.011699016551307737 0.022368496349468386 0.0094945713067252791 -0.0044038056549199943 0.0033727791712584534 -0.0083123147670939711 -0.0023560740385388992 0.0013711987166497097
leaf_weight=8689.0665458589792 5669.8128878325224 32488.006507568061 5751.1521932855248 1678.792566858232 2046.2189460992813 640.58040124922991 1963.051297403872 1152.5059220418334 916.74433512985706 578.6590938270092 2803.3523964360356 7890.5844256430864 1593.526372551918 50513.443430796266
leaf_count=40729 33697 156476 28923 8059 10039 3052 9586 5741 4500 2825 14684 40737 7969 253183
internal_value=-1.92123e-05 -0.00177063 -0.00526211 0.000936604 0.00643994 0.00066867 0.00136046 0.00960107 -0.00277583 0.00955296 -0.00407758 -0.00645015 0.00541268 0.000703476
internal_weight=124375 43909 11421 80466.5 3725.01 76741.5 63911.6 4709.08 12829.9 1219.24 11610.7 8807.33 3556.58 59202.5
internal_count=620200 219096 62620 401104 18098 383006 317208 23296 65798 5877 59921 45237 17555 293912
is_linear=0
shrinkage=0.05


Tree=57
num_leaves=15
num_cat=0
split_feature=73 68 73 2 74 74 73 68 74 74 68 74 74 73
split_gain=84.0615 155.312 135.043 72.8918 72.865 127.297 97.7959 93.1906 66.861 119.522 64.0757 76.6308 63.6205 67.1938
threshold=0.68766510486602794 0.042858690023422248 0.66104114055633556 0.0097230398096144217 -0.0074305415619164697 -0.0082475515082478506 0.78125637769699108 0.042158441618084914 -0.017201921902596947 -0.010871912352740763 0.046891609206795699 0.0071844139602035293 0.017686319537460807 0.79234716296195995
decision_type=2 10 2 2 2 2 2 10 2 2 10 2 2 2
left_child=1 3 -3 -1 5 8 10 -8 -2 -10 11 -6 13 -9
right_child=4 2 -4 -5 6 -7 7 12 9 -11 -12 -13 -14 -15
leaf_value=-0.019313977118109012 -0.017390525282756735 0.018347953668879934 -0.00066351947559512448 0.00047638820505656256 -0.0092971232664336781 0.029171291505632836 0.0097952895865986295 0.013308724734406668 0.016952435834899717 -0.0072052210912858204 -0.00044726858245292423 -0.00039757403563597235 0.012045772486060979 -0.0047377918519272587
leaf_weight=457.71371588855982 412.24602337926626 2283.2304449304938 1574.8639379814267 89404.59220585227 9661.1304452195764 458.80375968664885 2299.6806556582451 553.11689886450768 979.57758825272322 1052.4039050415158 5094.9165449365973 3226.8217472881079 747.74706747382879 6174.5034377723932
leaf_count=5045 2029 10967 7685 435932 53525 2273 11700 2964 4705 5216 25632 16871 3702 31851
internal_value=5.22693e-05 0.000795763 0.0106059 0.000373448 -0.00221986 0.00530493 -0.00300846 0.00101636 0.000724389 0.00446669 -0.0051956 -0.00707093 -0.00169382 -0.00323653
internal_weight=124381 93720.4 3858.09 89862.3 30660.9 2903.03 27757.9 9775.05 2444.23 2031.98 17982.9 12888 7475.37 6727.62
internal_count=620097 459629 18652 440977 160468 14223 146245 50217 11950 9921 96028 70396 38517 34815
is_linear=0
shrinkage=0.05


Tree=58
num_leaves=15
num_cat=0
split_feature=0 15 0 68 68 70 68 68 14 70 74 68 68 70
split_gain=110.885 64.7625 69.7892 70.863 65.1711 65.6704 62.2503 73.1626 53.96 50.1808 78.0953 61.0459 58.6658 46.1523
threshold=0.014589797705411913 15.661492347717287 0.028822931461036209 0.057141860947012908 0.044730186462402351 0.0098977647721767443 0.038458131253719337 0.040648896247148521 0.22534257173538211 -0.0020657683489844199 0.0013277027173899116 -0.040576038882136338 -0.050872508436441415 0.0052108219824731359
decision_type=2 8 2 10 10 2 10 10 8 2 2 8 10 2
left_child=8 -2 3 4 6 -6 9 13 -1 10 11 12 -3 -8
right_child=1 2 -4 -5 5 -7 7 -9 -10 -11 -12 -13 -14 -15
leaf_value=-0.0060198552714244395 0.0025983716561354623 -0.0021225773463416017 0.00084205316489096226 -0.01200999824038667 0.0069958537089366895 -0.01359255118167426 -0.023675272587058097 -0.0027447685727712465 -0.024126640113408537 -0.0028084279854169291 0.017330554550984683 0.0014394989004645137 -0.024670960542974119 -0.002854718365024312
leaf_weight=3863.1914529576898 22441.129196844995 805.39637617766857 53119.577083006501 1640.7685066387057 3464.6367093324661 426.56634017825127 930.45775666087866 2129.7079970687628 452.78949476778507 23199.664340883493 693.0815160125494 10233.579192869365 441.30107755959034 375.42008790373802
leaf_count=32193 109762 3768 243818 8978 18178 2252 5065 11308 4083 120897 3396 51561 2106 2083
internal_value=-0.000106377 0.000177353 -0.000380318 -0.00184457 -0.00145123 0.00470983 -0.00207004 -0.00848589 -0.00797082 -0.00144468 0.0011545 0.00016369 -0.010237 -0.0177569
internal_weight=124217 119901 97460.2 44340.6 42699.8 3891.2 38808.6 3435.59 4315.98 35373 12173.4 11480.3 1246.7 1305.88
internal_count=619448 583172 473410 229592 220614 20430 200184 18456 36276 181728 60831 57435 5874 7148
is_linear=0
shrinkage=0.05


Tree=59
num_leaves=15
num_cat=0
split_feature=57 67 15 74 74 73 73 84 74 84 73 73 73 74
split_gain=88.3049 87.4115 55.2 52.2163 51.9119 59.9402 123.501 126.964 127.536 192.74 126.458 116.354 79.6894 141.756
threshold=0.011327737942337992 0.0050959971267730006 22.585220336914066 0.018496754579246048 -0.04474180564284324 0.31674617528915411 0.25739786028862005 1.5000000000000002 -0.0030490515055134888 3.5000000000000004 0.29116751253604894 0.32804124057292944 0.15441858023405078 -0.019179445691406723
decision_type=10 2 8 2 2 2 2 2 2 2 2 2 2 2
left_child=1 2 -1 -3 -2 6 12 -8 -9 10 -10 -7 13 -6
right_child=4 3 -4 -5 5 11 7 8 9 -11 -12 -13 -14 -15
leaf_value=-0.0024583976046935571 -0.015348604027274216 -0.00090754821133421238 -0.0093537248246196997 0.0097446538079574169 0.021484033495427657 -0.017460616078881493 0.019509603635658495 -0.0061520411518336572 -0.010124173537756784 0.03879061061986025 0.022374142263666949 0.00048827281826606378 -0.0042510737345981776 0.00039489820943792287
leaf_weight=6079.1024412289262 488.68399279564619 15510.680803194642 5561.641954280436 1232.552680529654 1001.8705599755049 903.28472196310759 2052.5715767294168 1656.1094031333923 764.71849527209997 507.57979784160852 477.97886954247952 79542.018087431788 4793.4446180462837 3751.1814641058445
leaf_count=35045 2549 80579 33045 5777 4457 4215 9201 7515 3456 2224 2100 391294 21892 16718
internal_value=1.71024e-05 -0.0024323 -0.005758 -0.000118038 0.000741942 0.000825921 0.00372593 0.00971701 0.0037765 0.0131525 0.00245448 0.000284588 0.00029347 0.00487594
internal_weight=124323 28384 11640.7 16743.2 95939.4 95450.8 15005.5 5458.96 3406.39 1750.28 1242.7 80445.3 9546.5 4753.05
internal_count=620067 154446 68090 86356 465621 463072 67563 24496 15295 7780 5556 395509 43067 21175
is_linear=0
shrinkage=0.05


Tree=60
num_leaves=15
num_cat=0
split_feature=0 73 69 69 71 68 73 69 71 68 71 71 73 68
split_gain=102.097 79.4941 161.213 107.75 109.788 124.694 106.464 101.068 101.838 194.243 115.84 113.377 87.4715 87.2128
threshold=0.013344757258892061 0.68957170844078075 0.1354017108678818 0.11499396711587907 0.019932159222662452 0.0375757534056902 0.66104114055633556 -0.02913612965494394 0.0017398853669874372 0.053079243749380119 -0.0002741747885011136 -0.01473757019266486 0.76964318752288829 0.012093733064830305
decision_type=2 2 10 10 2 10 2 8 2 10 2 2 2 10
left_child=-1 2 3 13 5 -5 -4 -3 9 10 11 -9 -13 -2
right_child=1 7 6 4 -6 -7 -8 8 -10 -11 -12 12 -14 -15
leaf_value=-0.010253657949035822 -3.2493141095545365e-05 0.014714452979691631 0.030392828485514889 -0.010558208621112628 0.010115494368684986 0.0047476998850288065 0.001150624147185235 0.026394705586027953 -0.0040714571377065819 -0.02364181790407803 0.019028502758326727 -0.0062375364204481382 0.009538614005063761 0.00328423596287094
leaf_weight=2340.4379239864647 49858.407372377813 868.21701566874981 757.44657073169947 5525.6638596057892 1083.4376590549946 1745.2545111626387 525.00542582571507 420.85881984233856 22417.37506646663 598.63820645213127 1313.3605373054743 2474.0339664965868 1349.5347476452589 32887.018273487687
leaf_count=21546 233826 3940 3417 28284 5410 8726 2482 2017 116855 3016 6669 12447 6544 164082
internal_value=6.81082e-05 0.000267231 0.000988276 0.000739422 -0.00466893 -0.00688282 0.0185233 -0.00199481 -0.00250749 0.00318474 0.00611154 0.0020793 -0.000658962 0.00128597
internal_weight=124165 121824 92382.2 91099.8 8354.36 7270.92 1282.45 29442 28573.8 6156.43 5557.79 4244.43 3823.57 82745.4
internal_count=619261 597715 446227 440328 42420 37010 5899 151488 147548 30693 27677 21008 18991 397908
is_linear=0
shrinkage=0.05


Tree=61
num_leaves=15
num_cat=0
split_feature=53 13 72 69 69 72 72 69 69 69 74 74 69 69
split_gain=92.8759 59.7285 56.4125 94.8648 69.3 224.718 67.7251 164.785 180.497 95.0947 102.431 118.662 190.004 203.161
threshold=-0.034690922126173966 -0.12132228910923003 0.0063372445292770871 0.056114079430699355 0.1354017108678818 0.0051402687095105657 0.0074866386130452165 0.099168736487627043 0.093126293271780028 -0.13227118551731107 -0.019179445691406723 -0.016023315489292141 0.044376322999596603 -0.032438075169920914
decision_type=10 10 10 8 10 10 10 8 10 10 2 2 10 10
left_child=1 -1 3 -3 -5 -6 7 8 -4 -8 -11 12 13 -12
right_child=-2 2 6 4 5 -7 9 -9 -10 10 11 -13 -14 -15
leaf_value=-0.01275839758358344 -0.0035629689947767247 0.0040477586049479965 0.0066258587399138221 -0.0033371636580810378 0.035873008390673276 -0.0092757334996681762 0.0072745541572745258 -0.0017556936211920759 0.032829771377580044 -0.0073448182590753787 0.029320465969033111 0.00023474732193089199 0.036921096633775762 -0.011493068298190717
leaf_weight=821.8907709941268 15367.903061643243 6714.8498312160373 8344.6574964076281 21690.89595682174 458.68563314527273 661.52396187186241 4996.4468858167529 6447.1856569871306 704.57476770877838 4277.7198190465569 454.3542961999774 51836.543009892106 566.18432378768921 878.32108256965876
leaf_count=3808 88661 34856 40220 115586 2140 3199 23341 31949 3207 20468 2008 243627 2544 4037
internal_value=7.43529e-05 0.000588147 0.000690857 -0.00117195 -0.00270956 0.00936489 0.00139151 0.0043517 0.00870009 0.000662919 9.23291e-05 0.000685635 0.0129286 0.00253639
internal_weight=124222 108854 108032 29526 22811.1 1120.21 78506 15496.4 9049.23 63009.6 58013.1 53735.4 1898.86 1332.68
internal_count=619651 530990 527182 155781 120925 5339 371401 75376 43427 296025 272684 252216 8589 6045
is_linear=0
shrinkage=0.05


Tree=62
num_leaves=15
num_cat=0
split_feature=0 0 68 71 68 73 71 68 68 14 74 71 73 71
split_gain=91.7788 63.858 63.3903 60.6348 56.2353 130.526 89.2912 68.5809 54.3868 58.3781 53.2342 51.396 49.1968 47.7213
threshold=0.021812621504068378 0.010398942977190019 0.064782563596963896 0.048369815573096282 0.041201777756214149 0.66104114055633556 -0.0080220997333526594 0.018250810913741592 0.038458131253719337 -0.19124157726764676 -0.0099405101500451547 -0.0062088577542453996 0.51737183332443248 0.011125609744340183
decision_type=2 2 10 2 8 2 2 10 10 10 2 2 2 2
left_child=1 -1 4 -2 6 -6 7 -3 9 -8 -11 -12 -5 -10
right_child=3 2 -4 12 5 -7 8 -9 13 10 11 -13 -14 -15
leaf_value=-0.02322928877788721 0.00086066622861591651 0.00015686833226087203 -0.023060720186398438 -0.014053713254244815 0.019747731029942251 -0.0012780345515759643 -0.0131786766569274 0.015082454637582551 -0.02365425735581933 0.011602217566691119 -0.017763809562981736 -0.0030001871955846176 0.00042158689630048072 -0.0025946447411614067
leaf_weight=357.93028855323792 91950.379302710295 4795.5870057195425 352.0446172952652 1240.94693107903 928.16403749585152 3456.9321737587452 1540.5616210326552 906.80319488048553 665.26483398675919 590.00897274166346 603.96992295235395 15159.304432325065 1104.8230618685484 451.63134268671274
leaf_count=4820 427349 25616 2169 5900 5013 21020 10138 5048 4205 3325 3559 92778 5378 2906
internal_value=-0.000106696 -0.00252461 -0.00226517 0.000657823 -0.00200574 0.00320715 -0.00293164 0.00255261 -0.00457715 -0.00390364 -0.00302236 -0.00357676 -0.00726321 -0.0152371
internal_weight=124104 29808.2 29450.3 94296.1 29098.2 4385.1 24713.1 5702.39 19010.7 17893.8 16353.3 15763.3 2345.77 1116.9
internal_count=619224 180597 175777 438627 173608 26033 147575 30664 116911 109800 99662 96337 11278 7111
is_linear=0
shrinkage=0.05


Tree=63
num_leaves=15
num_cat=0
split_feature=53 15 73 54 71 71 72 53 69 72 72 73 72 73
split_gain=70.7766 51.4589 61.4978 53.0365 85.1895 95.3708 82.388 82.2241 74.8877 69.7414 93.2672 91.204 67.818 135.894
threshold=-0.019894919358193871 28.3713493347168 0.86850854754447948 0.30313627421855932 -0.0083502870984375459 -0.0077509512193500987 0.0054202263709157714 -0.19752861559391019 0.12688654661178592 0.0064558612648397693 0.0080920867621898668 0.50994113087654125 0.016601774841547016 0.64309170842170726
decision_type=10 8 2 8 2 2 10 10 10 10 10 2 10 2
left_child=1 3 -3 7 6 -6 -5 -1 -9 -8 11 -11 -7 -14
right_child=-2 2 -4 4 5 12 9 8 -10 10 -12 -13 13 -15
leaf_value=0.001630744416566062 -0.004386611531168318 -0.0011938450006097052 -0.017068458222575161 0.022036635685718262 -0.022893994116418358 0.001661167549996543 -0.0061073186607894688 -0.0037821922857672547 0.015434146839281791 0.0081456643125859818 0.0035643282382746863 0.031464865353215417 0.0014342584900091026 -0.023604921287657395
leaf_weight=19202.48966896534 9010.8556023016572 30962.347864244133 612.44146910309792 726.6720969825983 409.14580376073718 34406.943859294057 1291.909277305007 16038.014000669122 513.83308860659599 1235.5094027891755 6740.258600667119 633.03180957585573 1608.2898370847106 806.41984339803457
leaf_count=89564 53441 150592 3245 3522 1970 170749 6312 86913 2783 5692 30844 2934 7264 3911
internal_value=-0.000121613 0.00021238 -0.00150706 0.000861801 0.00195009 0.000822375 0.0058963 -0.000595037 -0.00317668 0.00469062 0.00631626 0.0161713 0.00109205 -0.00699073
internal_weight=124198 115187 31574.8 83612.5 47858.2 37230.8 10627.4 35754.3 16551.8 9900.71 8608.8 1868.54 36821.7 2414.71
internal_count=619736 566295 153837 412458 233198 183894 49304 179260 89696 45782 39470 8626 181924 11175
is_linear=0
shrinkage=0.05


Tree=64
num_leaves=15
num_cat=0
split_feature=5 51 73 69 69 68 71 71 71 73 4 53 68 71
split_gain=74.1443 95.0421 61.789 148.519 103.606 113.424 115.131 94.0058 122.647 93.9684 87.0736 107.677 79.975 274.458
threshold=0.71594694256782543 -0.28494359552860254 0.68766510486602794 0.1354017108678818 0.11499396711587907 0.040790459141135223 0.020907477475702766 0.041986452415585525 0.03842632286250592 0.66104114055633556 0.10833333432674409 -0.8175927698612212 0.016732051968574527 -0.0091286255046725256
decision_type=2 10 2 10 10 10 2 2 2 2 8 10 8 2
left_child=1 -1 3 4 7 6 -6 8 12 -5 11 -4 -2 -14
right_child=2 -3 10 9 5 -7 -8 -9 -10 -11 -12 -13 13 -15
leaf_value=4.9449284396946043e-05 -3.6755332145107909e-05 -0.033517975714904759 -0.016610334670584578 0.028606997533204555 -0.0098824438578596178 0.0070442591650532217 0.011799253472347938 -0.0079730593939670458 0.018906791128781471 0.0010586642195047874 0.0008005997362094385 -0.0030766151431154635 0.016634443633964862 0.0014354678476553413
leaf_weight=480.85589569061995 51899.851158108562 365.53539374470711 1641.7508006878197 763.49567252397537 6025.8925969935954 1613.5536043457687 672.9501845240593 2794.9240427948534 971.3829318806529 517.40900652110577 15203.894704587758 13418.342497184873 3372.755187638104 24376.734790109098
leaf_count=2233 248927 2466 10021 3422 31342 8023 3370 13288 4529 2462 72599 76444 15962 124469
internal_value=-8.39133e-06 -0.0146696 9.34542e-05 0.000732013 0.000494945 -0.00482485 -0.00769001 0.00102558 0.00133849 0.0175735 -0.00186859 -0.00456201 0.00112189 0.00328812
internal_weight=124119 846.391 123273 93008.9 91728 8312.4 6698.84 83415.6 80620.7 1280.9 30264 15060.1 79649.3 27749.5
internal_count=619557 4699 614858 455794 449910 42735 34712 407175 393887 5884 159064 86465 389358 140431
is_linear=0
shrinkage=0.05


Tree=65
num_leaves=15
num_cat=0
split_feature=0 27 70 69 72 74 68 84 74 68 72 68 70 68
split_gain=86.2048 83.2817 54.3331 62.8543 82.4857 62.8018 133.417 133.489 100.888 100.123 56.6112 96.4325 53.8497 150.457
threshold=0.022032433189451698 0.87000706791877758 -0.044312106445431702 -0.1383535638451576 0.019033129326999191 -0.019179445691406723 -0.087453853338956819 3.5000000000000004 -0.022224651649594303 -0.093901820480823503 0.017190130427479747 -0.013966090977191923 -0.00084989535389468063 -0.074038576334714876
decision_type=2 2 2 8 10 2 10 2 2 8 10 10 2 10
left_child=1 -1 -2 4 -4 6 -5 8 10 -7 11 -8 13 -11
right_child=2 -3 3 5 -6 9 7 -9 -10 12 -12 -13 -14 -15
leaf_value=-0.0053171103116564124 -0.016454815337056717 -8.8705099838938886e-05 0.026419355483016983 0.018399475050246597 0.0020194691376533322 -0.021071617696242502 0.015371221600560946 -0.029262870040465513 -0.018259030891604914 0.022578605942840512 -0.012641643826125863 -0.0091397368600399636 -3.8158627582253997e-05 0.001955275590338949
leaf_weight=14021.384513881058 456.07566849887371 16660.11080416292 531.02330428361893 507.79750441014767 967.86011320352554 510.98638825118542 1031.0620274096727 641.86587576568127 911.46176083385944 900.3817318379879 531.33714215457439 644.50713112950325 54836.946220472455 31133.492090091109
leaf_count=85310 2518 100255 2227 2248 4080 2351 4714 3248 4180 3972 2479 2975 257341 142539
internal_value=-0.000179442 -0.00247903 0.000574494 0.00065963 0.0107816 0.000492932 -0.00542219 -0.00867943 -0.00436266 0.000782434 0.00143307 0.0059448 0.000913393 0.0025418
internal_weight=124286 30681.5 93604.8 93148.7 1498.88 91649.8 4268.03 3760.23 3118.37 87381.8 2206.91 1675.57 86870.8 32033.9
internal_count=620437 185565 434872 432354 6307 426047 19844 17596 14348 406203 10168 7689 403852 146511
is_linear=0
shrinkage=0.05


Tree=66
num_leaves=15
num_cat=0
split_feature=0 18 73 73 70 70 70 73 84 70 71 71 71 70
split_gain=83.2546 63.7081 55.5625 102.91 156.129 340.556 139.406 94.7605 101.867 139.799 306.024 93.1198 136.396 111.493
threshold=0.011671975255012514 63.454233169555671 0.31674617528915411 0.37318146228790289 -0.0026766125811263915 -0.0045191701501607886 0.0084715085104107874 0.25739786028862005 1.5000000000000002 0.0021610031835734849 0.0045858272351324567 -0.010321858804672955 -0.02844300307333469 -0.014948278665542601
decision_type=2 2 2 2 2 2 2 2 2 2 2 2 2 2
left_child=-1 2 7 4 5 -4 -6 -2 -9 -10 -11 12 -5 -13
right_child=1 -3 3 11 6 -7 -8 8 9 10 -12 13 -14 -15
leaf_value=-0.015528196354887858 0.00046004268552421131 -0.0024299145915435499 -0.0047957583061218152 -0.0067927999821546514 -0.02083000310014451 0.038814467271783351 -0.0016497220639983439 0.016705026517014474 -0.0043185680481515843 0.040074138420159028 -0.0063713667281398451 -0.016711515078595775 0.007246284498731612 0.00014847621410103804
leaf_weight=847.56389329582453 10881.113335244358 20623.136823482811 2686.0131355673075 2100.5433571115136 2163.0809249728918 526.84328403323889 1682.8316123858094 2238.1767578199506 2321.917415715754 661.96773599088192 746.09061262756586 985.36667616665363 9622.0288979783654 65883.037053614855
leaf_count=9638 49410 108358 12578 9735 10259 2458 7783 10015 10501 2904 3382 4657 45568 331774
internal_value=-3.12178e-06 0.000105004 0.000615225 9.87542e-05 -0.00567993 0.00245368 -0.0124635 0.00323898 0.00829629 0.00321945 0.0155926 0.000618432 0.004727 -0.000102433
internal_weight=123970 123122 102499 85649.7 7058.77 3212.86 3845.91 16849.3 5968.15 3729.98 1408.06 78591 11722.6 66868.4
internal_count=619020 609382 501024 424812 33078 15036 18042 76212 26802 16787 6286 391734 55303 336431
is_linear=0
shrinkage=0.05


Tree=67
num_leaves=15
num_cat=0
split_feature=72 69 69 71 72 71 72 71 2 69 72 69 69 68
split_gain=72.1594 180.035 92.9877 160.328 205.097 120.214 99.222 103.562 86.4594 127.83 76.7573 154.098 212.277 157.189
threshold=0.0062103387899696836 0.013193483930081131 0.080673165619373335 0.013157180976122619 0.0037216455675661568 -0.013234633486717938 0.0060242856852710256 -0.011068730149418114 0.026205852627754215 0.13316312432289126 0.0075098148081451663 0.099168736487627043 0.093126293271780028 0.038292283192276962
decision_type=10 8 8 2 8 2 10 2 2 10 10 8 10 10
left_child=1 -1 5 8 -5 -3 7 -7 9 -4 11 12 -2 -14
right_child=10 2 3 4 -6 6 -8 -9 -10 -11 -12 -13 13 -15
leaf_value=0.032151582458052747 0.0051720082427071908 -0.015912319990649831 -0.013325812577903634 0.036505898173463884 -0.00032605686637140574 0.020861601331301133 0.019118774001461575 -0.00040158169146090137 -0.003103377920674191 0.015983993376832716 -4.2372105636548134e-05 -0.0016338306282950889 0.048130664427670292 0.0074227691683125445
leaf_weight=372.79459308087826 10636.054682847112 1080.4952601157129 6494.798808414489 409.80976250767708 3790.0402986221015 584.825460113585 730.1664214618504 15349.145667508245 5182.9036685377359 386.34634243324399 69524.374757386744 8536.9623985774815 515.80890837311745 439.71512667089701
leaf_count=1832 52343 5520 38878 2231 20438 2962 3861 86269 24815 1946 330655 43251 2369 2050
internal_value=-1.86833e-06 -0.00194899 -0.00233213 -0.00506182 0.00334608 0.000171213 0.00122298 0.000391437 -0.00798921 -0.0116594 0.000744974 0.00346315 0.00721515 0.0296685
internal_weight=124034 34381.3 34008.5 16263.9 4199.85 17744.6 16664.1 15934 12064 6881.15 89652.9 20128.5 11591.6 955.524
internal_count=619420 188752 186920 88308 22669 98612 93092 89231 65639 40824 430668 100013 56762 4419
is_linear=0
shrinkage=0.05


Tree=68
num_leaves=15
num_cat=0
split_feature=1 73 69 73 68 71 1 54 71 68 71 69 68 68
split_gain=78.1911 55.0074 85.9067 105.137 95.1456 92.4841 53.9529 47.4581 74.7666 91.9363 84.3964 63.1954 56.4903 63.5175
threshold=0.0056360953021794566 0.85966211557388317 0.060013568028807647 0.89463898539543163 0.057141860947012908 0.02018368057906628 0.0045766350813210019 0.50298273563385021 -0.017622965388000008 0.016732051968574527 -0.014079896267503498 0.093126293271780028 0.066228810697793974 0.044730186462402351
decision_type=10 2 10 2 10 2 10 10 2 10 2 10 10 10
left_child=6 7 3 4 -3 -5 -1 12 9 11 -10 -9 13 -2
right_child=1 2 -4 5 -6 -7 -8 8 10 -11 -12 -13 -14 -15
leaf_value=-0.036985808647628064 -0.00079775012694764723 0.0059420750021328623 -0.022146323556043193 -0.0066184596940172596 -0.024229770263572509 0.025762559562376181 -0.0030282263198956206 0.0018574482410600186 -0.012682270007688816 0.024864634086440938 0.0012507116414550716 0.018178757089469092 -0.013401511554244086 0.0042270487424863404
leaf_weight=230.05113324150443 73945.130891419947 431.34318447113037 688.76475626975298 397.77217145264149 640.20540497452021 475.71817171573639 231.92926480621099 3422.9205456078053 1113.4500419571996 645.87498308718204 33396.612110197544 708.15014430880547 830.34251444786787 6863.822418756783
leaf_count=2824 371985 2213 3663 2126 3462 2311 2352 15420 5177 2963 162375 3227 4274 35109
internal_value=-5.10618e-05 2.65259e-05 -0.00710809 -0.0016968 -0.0121417 0.0111088 -0.0203633 0.000182494 0.00161014 0.00746606 0.000797627 0.0046924 -0.000504641 -0.000370479
internal_weight=124022 123560 2633.8 1945.04 1071.55 873.49 461.98 120926 39287 4776.95 34510.1 4131.07 81639.3 80809
internal_count=619481 614305 13775 10112 5675 4437 5176 600530 189162 21610 167552 18647 411368 407094
is_linear=0
shrinkage=0.05


Tree=69
num_leaves=15
num_cat=0
split_feature=5 2 15 4 73 69 27 69 73 69 54 69 13 69
split_gain=58.3364 72.3787 49.0955 51.9645 68.5975 84.3245 61.9263 55.7949 242.577 78.9563 85.4363 84.5119 46.2811 40.8053
threshold=0.71594694256782543 0.040185693651437766 15.661492347717287 0.058333335444331176 0.15441858023405078 -0.048130543902516358 0.6826896369457246 0.03457372076809407 0.30328534543514257 0.049500988796353347 0.68789124488830578 0.045433614403009422 -0.12132228910923003 -0.12024196237325667
decision_type=2 2 8 8 2 10 2 10 2 10 8 10 10 10
left_child=1 -1 -2 4 5 -4 -6 -8 -9 10 11 -10 -5 -14
right_child=2 -3 3 12 6 -7 7 8 9 -11 -12 -13 13 -15
leaf_value=-0.028256047877970859 0.002106815796281393 0.0012609946761713807 -0.00050113810520134746 -0.012569737786828034 -0.006351089752340367 0.026934344919615827 -0.0046906084493813834 0.039870124909717398 -0.0021772630935940392 -0.0018274764165322423 0.027130151460049934 0.018250334478869704 0.0048144980106984737 0.00020809577422922651
leaf_weight=398.59800389781594 23277.763972073793 420.70882147550583 733.52781631797552 663.77751632034779 7380.2334089949727 442.69764932617545 8445.226481795311 366.70640704780817 1856.5283989459276 18406.145280260593 435.8177833892405 685.30096736177802 5253.6765229105949 55504.607917077839
leaf_count=2647 116775 1941 3364 3092 41239 2097 43980 1633 10139 105135 2255 3826 23878 258616
internal_value=-4.99261e-05 -0.0132668 3.8857e-05 -0.000441843 -0.0018753 0.0099648 -0.00224848 -0.00124398 9.5812e-05 -0.000604587 0.00693544 0.00338014 0.000462708 0.000607131
internal_weight=124271 819.307 123452 100174 38752.2 1176.23 37576 30195.7 21750.5 21383.8 2977.65 2541.83 61422.1 60758.3
internal_count=620617 4588 616029 499254 213668 5461 208207 166968 122988 121355 16220 13965 285586 282494
is_linear=0
shrinkage=0.05


Tree=70
num_leaves=15
num_cat=0
split_feature=18 73 54 71 74 0 53 73 69 74 74 73 5 69
split_gain=70.8134 54.9587 53.5385 115.632 131.797 111.815 96.7677 60.449 225.358 79.3405 121.082 64.281 55.6795 55.2888
threshold=64.783233642578139 0.87868535518646251 0.49818494915962225 -0.017622965388000008 -0.020243629813194271 0.036895871162414558 -0.19354517012834546 0.31674617528915411 0.039528355002403266 0.0033676502062007789 0.011944177094846966 0.15441858023405078 1.2495219707489016 -0.1383535638451576
decision_type=2 2 8 2 2 2 10 2 10 2 2 2 2 10
left_child=2 -2 6 5 -5 -4 12 8 9 11 -11 -8 13 -1
right_child=1 -3 3 4 -6 -7 7 -9 -10 10 -12 -13 -14 -15
leaf_value=0.013671640072584385 -0.0022680429773564645 -0.016951991121507113 0.017369299490048142 -0.022547192454913045 0.0013744407640656456 0.0027532672833662799 0.0082841957303018045 -0.0031552522739098014 0.033719738434383292 0.02568667051240317 -0.0052065835625592083 -0.010627007287997653 -0.0076708718221006507 0.0016342901613402951
leaf_weight=973.92031468451023 17040.037267200649 652.35915120691061 2233.8106520175934 575.47856140509248 34841.721519302577 3150.3103136271238 577.78678717836738 27207.10764952749 521.10520754754543 580.15885841846466 679.72193149104714 1917.5334412455559 1550.4270778670907 31584.085777506232
leaf_count=4096 91360 3598 10347 2779 169871 14050 2705 149406 2341 2686 3149 9172 7292 146955
internal_value=0.000109417 -0.00281874 0.000596567 0.00201844 0.000979494 0.00883825 -0.000288082 -0.00228665 0.00323409 -0.0010747 0.00910961 -0.00623256 0.00155681 0.00199846
internal_weight=124086 17692.4 106393 40801.3 35417.2 5384.12 65591.8 31483.4 4276.31 3755.2 1259.88 2495.32 34108.4 32558
internal_count=619807 94958 524849 197047 172650 24397 327802 169459 20053 17712 5835 11877 158343 151051
is_linear=0
shrinkage=0.05


Tree=71
num_leaves=15
num_cat=0
split_feature=5 3 74 74 72 73 72 72 69 72 74 69 73 72
split_gain=66.8503 66.899 50.7356 219.635 90.2702 168.025 107.557 63.6124 173.801 127.78 118.638 95.9616 143.414 184.987
threshold=0.71594694256782543 0.17500000447034839 0.0069592213258147248 0.0066241289023309955 0.0053684536833316096 0.58951714634895336 0.005824470892548562 0.0052601569332182416 0.13169145584106448 0.0054202263709157714 0.00033635373983997857 0.05322465859353543 0.41117982566356664 0.0049998257309198388
decision_type=2 2 2 2 10 2 10 10 10 10 2 8 2 10
left_child=1 -1 3 7 5 -4 -6 8 11 10 -9 12 -2 -14
right_child=2 -3 4 -5 6 -7 -8 9 -10 -11 -12 -13 13 -15
leaf_value=-0.029274986068564574 -0.015666673118426969 -0.0010036547070266565 0.035083264467753082 -0.019975122576335828 -0.015932722949860652 0.0040615194700789224 0.0017198779907119902 0.026538983143412815 0.028726497132894852 0.00024228805233739273 -0.0010994864210594564 -0.004805021521420174 0.021791206821585449 -0.011083694977499926
leaf_weight=377.0154483653605 605.90694286301732 457.1716335862875 553.82522079721093 1403.765964128077 883.54684998095036 1947.8721460588276 25183.143442645669 889.15580108389258 421.15150963515043 72365.312292777002 682.00424559041858 16336.704290948808 1408.1831150017679 605.49122574552894
leaf_count=2613 3056 2116 2924 7046 4764 10928 120850 4637 1989 351996 3606 92664 7649 3260
internal_value=4.58862e-05 -0.0139765 0.000141891 -0.000415197 0.0019884 0.0110414 0.00111565 -0.000118839 -0.00266812 0.000549553 0.0146107 -0.00338039 0.00548863 0.0119001
internal_weight=124120 834.187 123286 94717.7 28568.4 2501.7 26066.7 93313.9 19377.4 73936.5 1571.16 18956.3 2619.58 2013.67
internal_count=620098 4729 615369 475903 139466 13852 125614 468857 108618 360239 8243 106629 13965 10909
is_linear=0
shrinkage=0.05


Tree=72
num_leaves=15
num_cat=0
split_feature=0 69 27 70 68 70 70 71 69 70 70 68 71 70
split_gain=55.6299 59.4023 48.161 45.7001 66.6567 46.0909 76.0325 129.393 106.909 86.8948 228.236 228.022 136.751 117.449
threshold=0.015114951413124801 -0.010585022158920763 0.80885919928550731 -0.03048756159842014 -0.087453853338956819 -0.022265589796006676 -0.015920021571218964 -0.0002741747885011136 0.062973409891128554 -0.012401808984577654 -0.0099967392161488516 -0.017960899509489533 -0.054346878081560128 -0.0071474877186119548
decision_type=2 10 2 2 10 2 2 2 8 2 2 10 2 2
left_child=1 -1 -3 4 -2 -5 7 8 -7 11 -11 -8 -12 -14
right_child=3 2 -4 5 -6 6 9 -9 -10 10 12 -13 13 -15
leaf_value=-0.020351815133013498 0.0028872699283372175 -0.0099504549073197515 0.00057968696888232392 0.0074221009556374538 -0.018304554120553509 -0.00770933136431479 0.02284532116315395 -0.02566146967849799 0.013522832903822056 -0.013307959619393859 -0.019368999722437025 -0.0021640931230906871 0.0074436078376317067 0.00024231578566505547
leaf_weight=560.11720759421587 683.7411430478096 1694.9296210370958 2987.5543964505196 2194.5839690417051 795.28196780383587 2324.0815985351801 1503.8394504636526 724.81279340386391 784.9722306728363 3073.0489703267813 849.2506632655859 2286.3556565344334 6001.1855194792151 97483.324981451035
leaf_count=4990 3381 14215 24453 9997 4014 10656 6662 3374 3636 14322 3827 10686 27905 477114
internal_value=-7.25517e-05 -0.00510796 -0.00324502 0.00015025 -0.00855414 0.000260792 0.000123534 -0.00679012 -0.00232248 0.000362493 9.95856e-05 0.00779292 0.000495729 0.000660606
internal_weight=123947 5242.6 4682.48 118704 1479.02 117225 115031 3833.87 3109.05 111197 107407 3790.2 104334 103485
internal_count=619232 43658 38668 575574 7395 568179 558182 17666 14292 540516 523168 17348 508846 505019
is_linear=0
shrinkage=0.05


Tree=73
num_leaves=15
num_cat=0
split_feature=0 13 73 69 73 71 73 5 54 71 2 74 5 69
split_gain=63.9396 55.9919 52.4386 106.201 76.1283 83.867 67.6211 45.6742 46.5753 121.004 112.104 87.5528 66.4259 82.1005
threshold=0.01245876355096698 -0.12132228910923003 0.85966211557388317 0.060013568028807647 0.89463898539543163 0.02018368057906628 0.85278713703155529 0.71594694256782543 0.50298273563385021 -0.017622965388000008 0.023076689802110199 -0.020243629813194271 0.99184209108352672 -0.012004304677247999
decision_type=2 10 2 10 2 2 2 2 8 2 2 2 2 10
left_child=-1 -2 6 4 -4 -6 7 -3 12 10 -10 -11 13 -9
right_child=1 2 3 -5 5 -7 -8 8 9 11 -12 -13 -14 -15
leaf_value=-0.010681217230157284 -0.012910251486618727 -0.01320452337703092 -0.0097688361994170032 -0.023721365731888395 -0.0069886432904951723 0.023728311859294263 0.019544096767833009 0.0052572727036400042 0.024375606765654433 -0.018683733346248971 0.0052873565638319594 0.00088594828417693525 -0.0022050527752881521 -0.00032819728115922244
leaf_weight=1379.1538740508258 810.63469994068146 615.19019997864962 1067.2635102048516 674.88491145521402 396.73580488562584 484.93186542391777 447.02938527613878 8440.9044386669993 909.25115049630404 569.30666302889585 4774.7271460443735 42648.033504515886 31063.597091890872 29698.99622233212
leaf_count=14416 3788 3105 5673 3616 2124 2331 2234 38358 4359 2789 21233 208608 153693 153235
internal_value=-1.44348e-05 0.000106418 0.000194109 -0.00678432 -0.000828127 0.00998283 0.000348316 0.000274397 0.000345718 0.00152674 0.0083783 0.000623892 -0.000488931 0.000909001
internal_weight=123981 122601 121791 2623.82 1948.93 881.668 119167 118720 118105 48901.3 5683.98 43217.3 69203.5 38139.9
internal_count=619562 605146 601358 13744 10128 4455 587614 585380 582275 236989 25592 211397 345286 191593
is_linear=0
shrinkage=0.05


Tree=74
num_leaves=15
num_cat=0
split_feature=2 74 74 74 68 73 73 73 70 71 69 69 68 68
split_gain=65.5294 43.602 164.055 78.7428 414.421 83.8351 85.6681 93.8494 76.8824 68.1399 115.561 197.595 161.046 275.248
threshold=0.0097230398096144217 0.0069592213258147248 0.0066241289023309955 0.0082235885784029978 -0.00049101126205641765 0.54551473259925853 0.59727522730827343 0.64309170842170726 0.0065072008874267348 -0.02308731339871883 -0.12452897801995276 -0.10851569846272467 -0.039554694667458527 -0.028108102269470688
decision_type=2 2 2 2 8 2 2 2 2 2 8 8 8 8
left_child=-1 2 -2 4 8 -6 -7 -8 -3 -5 -11 -12 -13 -14
right_child=1 3 -4 9 5 6 7 -9 -10 10 11 12 13 -15
leaf_value=-0.016496108888382419 -0.00027335200322437192 0.050951848152559348 -0.017601869843299374 -0.0086855505917158744 -0.016460642423837994 0.019210086117616224 -0.018606471373155836 0.0043216808861922711 0.022985361758458139 0.027003166366059074 -0.031096234183313677 0.018015733450325182 -0.02862304023008809 0.0015493705363668576
leaf_weight=595.68701731041074 93309.70961279422 442.0707014799118 1376.1614184826612 1842.942328594625 650.4980277121067 645.4878052547574 575.9449140354991 1863.2172150611877 609.56023801863194 418.72146925330162 465.28475293517113 1370.2839873656631 777.12456908077002 19023.497456744313
leaf_count=7107 466083 2004 6920 8365 3212 3224 2851 9856 2819 1834 2114 6223 3582 93338
internal_value=-9.01934e-05 -9.64785e-06 -0.000527036 0.0016978 0.00754412 -0.000290286 0.00316193 -0.00114607 0.0351107 0.000524109 0.00129727 0.000787543 0.00150262 0.000351329
internal_weight=123966 123371 94685.9 28684.6 4786.78 3735.15 3084.65 2439.16 1051.63 23897.9 22054.9 21636.2 21170.9 19800.6
internal_count=619532 612425 473003 139422 23966 19143 15931 12707 4823 115456 107091 105257 103143 96920
is_linear=0
shrinkage=0.05


Tree=75
num_leaves=15
num_cat=0
split_feature=5 0 70 84 71 71 70 69 71 74 71 71 69 70
split_gain=54.3718 85.6291 47.5257 51.987 47.4583 167.069 145.413 131.012 197.485 186.36 180.329 205.244 178.799 145.407
threshold=0.71594694256782543 0.043138336390256889 -0.03048756159842014 2.5000000000000004 -0.0083502870984375459 -0.0077509512193500987 0.018314933404326442 -0.012004304677247999 0.014774716459214689 0.012778390198946001 0.0071567022241652021 0.0024043949088081722 -0.099995519965887056 -0.0061899872962385407
decision_type=2 2 2 2 2 2 2 8 2 2 2 2 10 2
left_child=1 -1 3 -2 6 -6 -4 8 9 10 11 13 -10 -7
right_child=2 -3 4 -5 5 7 -8 -9 12 -11 -12 -13 -14 -15
leaf_value=-0.031062203691206387 -0.019404936885076728 0.0011455641819093456 0.0026015331626443481 -0.00064004241692814322 -0.021455198325267447 0.025548780939343648 -0.014455870595522436 -0.00092506179687036898 -0.020658516185330659 0.03385078133338125 0.028114586196729314 -0.019145904277546925 0.0028829132362281837 -0.0010403823282510499
leaf_weight=353.60475878417492 647.67617163062096 475.63659930229187 27937.923928283155 842.80110029131174 928.93851690366864 885.0045651756227 1298.0495706126094 81308.056679330766 968.00048499554396 843.75734801590443 845.13806273415685 815.53833489492536 4592.1427219174802 1206.6567899212241
leaf_count=2552 3227 2211 130421 4306 4568 3931 5918 420015 4419 3804 3823 3763 21173 5430
internal_value=-0.000111459 -0.0127949 -2.50007e-05 -0.00886917 8.40985e-05 -0.000471507 0.00183952 -0.000256068 0.00509535 0.012752 0.00793035 0.00198643 -0.00124529 0.0102778
internal_weight=123949 829.241 123120 1490.48 121629 92393.2 29236 91464.3 10156.2 4596.1 3752.34 2907.2 5560.14 2091.66
internal_count=619561 4763 614798 7533 607265 470926 136339 466358 46343 20751 16947 13124 25592 9361
is_linear=0
shrinkage=0.05


Tree=76
num_leaves=15
num_cat=0
split_feature=51 9 13 73 71 71 73 71 71 71 73 14 73 73
split_gain=55.6341 47.1089 42.1266 41.0477 121.287 138.616 92.8207 88.2543 119.091 90.9056 86.5198 84.5936 80.0246 135.004
threshold=-0.012554347515106199 0.0051667364314198503 0.15902742743492129 0.31674617528915411 -0.03858648054301738 0.01762101519852877 0.37318146228790289 -0.010321858804672955 -0.013234633486717938 -0.0025925494264811273 0.43398194015026098 -0.22380509227514264 0.19408389180898669 0.2972214818000794
decision_type=10 2 8 2 2 2 2 2 2 2 2 10 2 2
left_child=2 -2 3 4 11 -6 -5 8 -8 -9 -10 -1 -7 -14
right_child=1 -3 -4 6 5 12 7 9 10 -11 -12 -13 13 -15
leaf_value=0.015701032007529821 -0.020618788506918798 -0.0029039878937990589 -0.011279317557741402 -0.0054920215855501523 0.0077747188723784541 0.005217309892429689 0.0016422403663704456 -0.0042881694271142091 0.033718007977050601 0.00048191047746677575 0.0094832172665890099 -0.0069647619705960652 -0.020860507663112256 0.010923674472135429
leaf_weight=450.34800903871655 380.53176828473806 9883.248244035989 775.23796699941158 7262.8662933297455 10046.057739242911 1157.6682466454804 9885.3770032599568 11826.038775440305 428.80473316088319 63961.631677504629 2401.9867087826133 3919.0322486683726 1172.7299716360867 458.33316694945097
leaf_count=1986 3749 57000 3738 34233 44862 5241 46552 59113 2024 324265 11457 18144 5492 2024
internal_value=-5.64969e-05 -0.0035802 0.000261748 0.000341937 0.00258983 0.00503852 -6.21182e-05 0.000384045 0.00423691 -0.000262889 0.01326 -0.0045981 -0.00481087 -0.0119169
internal_weight=124010 10263.8 113746 112971 17204.2 12834.8 95766.7 88503.8 12716.2 75787.7 2830.79 4369.38 2788.73 1631.06
internal_count=619880 60749 559131 555393 77749 57619 477644 443411 60033 383378 13481 20130 12757 7516
is_linear=0
shrinkage=0.05


Tree=77
num_leaves=15
num_cat=0
split_feature=0 15 73 68 73 68 68 73 68 73 73 71 71 68
split_gain=60.1026 53.3012 52.5702 44.8759 79.7273 76.9734 99.3609 81.4677 75.1966 70.1487 87.6983 235.032 98.9171 94.1218
threshold=0.011147324927151205 27.824911117553714 0.87868535518646251 -0.045510644093155854 0.31674617528915411 -0.022642364725470539 -0.025394651107490059 0.34461727738380438 -0.065314467996358858 0.46463620662689215 0.50754529237747203 0.013157180976122619 0.0062900430057197818 -0.0024404488503932949
decision_type=2 8 2 8 2 10 10 2 10 2 2 2 2 10
left_child=-1 3 -3 8 -5 6 -6 -7 -2 -9 11 12 -11 -12
right_child=1 2 -4 4 5 7 -8 9 -10 10 13 -13 -14 -15
leaf_value=-0.016529694822468795 0.0020339999412978074 -0.0013431049390130803 -0.015967561530689685 0.0067980925914414864 -0.0030896019107105304 -0.012029969561043821 -0.027511015272908453 0.0047359362690786852 -0.0097500968870538607 -0.0075795101708274948 0.017703234492013283 0.013633593036054046 -0.028134485458636352 0.0007647314765136592
leaf_weight=543.33699096366763 2760.4435223117471 36863.642546571791 615.03406397998333 5456.5658996477723 2215.2731471732259 1196.4659061953425 503.90401557832956 11031.620491601527 2641.2791764438152 3865.2007074654102 822.93086804449558 1256.3524775877595 683.19777008891106 53490.34806804359
leaf_count=7186 12381 183037 3407 24657 10292 5664 2371 52870 12024 18857 3866 6085 3423 273446
internal_value=-8.78573e-05 -1.41308e-05 -0.00158729 0.000672165 0.000968271 0.000543647 -0.00769947 0.000854491 -0.00373544 0.00107282 0.000399964 -0.00543617 -0.0107219 0.00102459
internal_weight=123946 123402 37478.7 85923.6 80521.9 75065.3 2719.18 72346.1 5401.72 71149.7 60118 5804.75 4548.4 54313.3
internal_count=619566 612380 186444 425936 401531 376874 12663 364211 24405 358547 305677 28365 22280 277312
is_linear=0
shrinkage=0.05


Tree=78
num_leaves=15
num_cat=0
split_feature=4 68 68 68 72 72 74 71 71 71 74 71 71 71
split_gain=41.8494 59.0643 48.122 110.091 108.72 79.5056 66.2367 65.7249 139.876 59.7183 88.3595 87.6217 65.0185 80.7425
threshold=0.075000002980232253 0.064782563596963896 0.041905201971530921 0.038458131253719337 0.0040517377201467761 0.0045173054095357665 0.0059964945539832124 -0.00061398436082527031 0.0040894867852330216 0.029813220724463466 0.0092724086716771143 0.045195298269391067 0.014774716459214689 0.014448611065745355
decision_type=8 10 10 10 10 10 2 2 2 2 2 2 2 2
left_child=1 2 3 9 -4 -6 7 -7 -9 12 11 -11 13 -1
right_child=-2 -3 4 -5 5 6 -8 8 -10 10 -12 -13 -14 -15
leaf_value=-0.00069631455923210937 0.00091243911345474454 -0.017820735837941578 0.02620138971055342 -0.012145734479973884 -0.020403997550768358 -0.011381080832295623 -0.0054643802903421119 0.031956889650801228 0.0044595887008343797 0.019603999156776103 -0.0065459291598430934 -0.0061064800211734216 -0.0060604908957667333 0.022052136258004233
leaf_weight=37982.989623606205 68096.948438733816 502.99338084459305 469.75481751188636 2225.8583071790636 379.06150592118502 444.9318549670279 1627.3744718022645 541.29904486611485 2901.3948686271906 1287.9687127880752 850.66777472570539 439.63633262366056 5989.1486445330083 384.11697454750538
leaf_count=205849 315301 2991 2724 13116 2166 2448 9058 2992 16150 6534 4253 2231 32620 2135
internal_value=7.97352e-05 -0.000932337 -0.000776164 -0.00130591 0.00331174 0.00144615 0.00298219 0.0065229 0.00886306 -0.000789356 0.00659351 0.0130638 -0.00121989 -0.000462879
internal_weight=124124 56027.2 55524.2 49160.4 6363.82 5894.06 5515 3887.63 3442.69 46934.5 2578.27 1727.61 44356.3 38367.1
internal_count=620568 305267 302276 266738 35538 32814 30648 21590 19142 253622 13018 8765 240604 207984
is_linear=0
shrinkage=0.05


Tree=79
num_leaves=15
num_cat=0
split_feature=54 69 71 74 68 69 69 69 74 69 68 74 68 71
split_gain=41.7875 50.8146 69.0804 72.2937 53.8142 252.775 94.3288 172.725 112.791 142.507 178.389 111.349 80.2968 151.677
threshold=0.50298273563385021 -0.13227118551731107 -0.031295219436287873 -0.0034150431165471669 -0.029244812205433842 -0.078645620495080934 0.030199509114027027 0.017466545104980472 0.0021507190540432934 -0.044045876711606972 -0.040576038882136338 -0.00069350891862995912 -0.065314467996358858 -0.03858648054301738
decision_type=10 8 2 2 8 8 8 10 2 10 10 2 10 2
left_child=1 2 3 -1 6 -6 7 8 11 -10 -11 12 13 -3
right_child=-2 4 -4 -5 5 -7 -8 -9 9 10 -12 -13 -14 -15
leaf_value=0.010423018131322371 0.0012029810661010527 -0.0074285627788218955 0.017169570569578334 -0.015716844450115321 0.027517035108106092 -0.00076706027049196538 0.017408473400676448 -0.031342890696422612 -0.0053732625283138182 0.029622628053872748 -0.0062618799638343341 -0.027874329695328048 -0.0091246321508229571 0.023392445367688201
leaf_weight=566.01080933213234 40229.459446676075 1093.4510018602014 911.15345194935799 479.22761913761497 788.90084843337536 70360.086253020912 470.95835323631763 587.77460328862071 1816.2838967256248 876.05404214560986 563.66712705418468 596.78917175903916 4113.8616709895432 615.79207522794604
leaf_count=2612 194577 5234 3898 2063 3536 364095 2162 2849 8265 3896 2594 2767 19081 2793
internal_value=-0.000121528 -0.000757142 0.00718599 -0.00159712 -0.000947776 -0.000449623 -0.00424604 -0.00525565 -0.00364023 0.00393199 0.0156272 -0.00748081 -0.00534655 0.00374685
internal_weight=124069 83840 1956.39 1045.24 81883.6 71149 10734.6 10263.7 9675.9 3256.01 1439.72 6419.89 5823.1 1709.24
internal_count=620422 425845 8573 4675 417272 367631 49641 47479 44630 14755 6490 29875 27108 8027
is_linear=0
shrinkage=0.05


Tree=80
num_leaves=15
num_cat=0
split_feature=74 71 68 74 71 72 74 74 72 73 68 68 71 73
split_gain=48.2157 55.8882 284.191 148.344 137.991 116.289 104.939 158.906 114.073 104.326 153.178 176.639 187.663 80.0959
threshold=-0.04474180564284324 -0.0083502870984375459 0.018064832314848903 0.0059964945539832124 -0.0077509512193500987 0.016111821867525581 -0.0021285761613398786 -0.00030105040059424931 0.0070314840413630017 0.53433552384376537 0.0022250108886510138 0.0050384802743792543 -0.015909668989479538 0.45833182334899908
decision_type=2 2 10 2 2 10 2 2 10 2 10 10 2 2
left_child=-1 2 9 6 -3 -5 -4 -8 -9 10 -2 -12 -13 -14
right_child=1 4 3 5 -6 -7 7 8 -10 -11 11 12 13 -15
leaf_value=-0.01546269708485838 -0.00066866939878235468 -0.019125756891253478 0.010418430577525291 -0.013890954490592806 -0.00031714156388893268 0.017525547494808936 0.050280768704162065 0.0012489874532719885 0.033623026795890694 -0.0085525866705777592 0.032822050084546181 -0.010515650121826862 0.030179755959278094 0.0065347677103277137
leaf_weight=490.4177871607244 18836.711747493595 975.58325885236263 1944.4590383023024 757.49903230369091 92273.26372661069 468.08966375142336 519.6502922475338 575.39823280274868 507.58690735325217 3213.1984705515206 714.24180579185486 1118.9810529313982 614.77521895989776 856.5005621612072
leaf_count=2606 86890 4882 9145 3680 471214 2175 2448 2817 2316 15490 3418 5316 2836 4213
internal_value=2.61436e-05 8.89598e-05 0.00196082 0.0131401 -0.00051595 -0.00184731 0.0183092 0.027759 0.0165913 -0.000147917 0.0010751 0.0109872 0.00486336 0.0165519
internal_weight=123866 123376 30127.1 4772.68 93248.8 1225.59 3547.09 1602.64 1082.99 25354.4 22141.2 3304.5 2590.26 1471.28
internal_count=619446 616840 140744 22581 476096 5855 16726 7581 5133 118163 102673 15783 12365 7049
is_linear=0
shrinkage=0.05


Tree=81
num_leaves=15
num_cat=0
split_feature=70 0 27 59 73 70 74 73 70 70 70 74 74 74
split_gain=57.0079 53.4675 82.6276 43.5696 42.2573 101.97 82.2003 68.5394 61.6237 103.604 92.4881 82.022 276.452 195.123
threshold=-0.044312106445431702 0.022032433189451698 0.85484537482261669 6.5000000000000009 0.077547188848257079 -0.0017816664185374973 0.021271942183375362 0.10715022310614587 -0.0094763874076306803 -0.0071474877186119548 -0.012401808984577654 -0.0085550597868859751 -0.005512069445103406 -0.011800938751548527
decision_type=2 2 2 8 2 2 2 2 2 2 2 2 2 2
left_child=-1 2 -2 4 5 -3 -7 -6 10 11 -9 13 -13 -10
right_child=1 3 -4 -5 7 6 -8 8 9 -11 -12 12 -14 -15
leaf_value=-0.017360648914433577 -0.0046108449107185841 0.017151424011836152 0.00064377061044705618 -0.0068440463897511284 -0.018387400337853591 -0.013191487900070426 0.013340992707792773 2.6613374242664501e-05 -0.0036429008707956293 0.00088903210956003302 -0.010541098338066662 -0.014413615868901775 0.01927844586417379 0.028025112414186822
leaf_weight=455.01613191515207 13222.304533593357 1276.0822130441666 17209.18709654361 1829.9957628250122 455.58612705767155 750.60753071308136 464.07060231268406 8091.5786552280188 779.63742135465145 72959.100506961346 2772.3736400455236 1206.643429979682 1208.9354739785194 1274.1615261882544
leaf_count=2573 81292 5431 104094 8570 2067 3303 2044 36839 3514 341004 12633 5436 5326 5708
internal_value=0.000113166 0.000178946 -0.00164009 0.000773846 0.000927373 0.00733744 -0.00302853 0.000746664 0.000847467 0.00134232 -0.00267738 0.00872334 0.00245836 0.0160443
internal_weight=123955 123500 30431.5 93068.8 91238.8 2490.76 1214.68 88748 88292.4 77428.5 10864 4469.38 2415.58 2053.8
internal_count=619834 617261 185386 431875 423305 10778 5347 412527 410460 360988 49472 19984 10762 9222
is_linear=0
shrinkage=0.05


Tree=82
num_leaves=15
num_cat=0
split_feature=5 0 13 73 68 70 70 73 70 68 4 54 68 70
split_gain=50.6355 71.1236 44.8397 46.1287 104.726 140.531 128.451 124.156 53.8926 140.399 51.6672 68.1381 65.0041 62.6809
threshold=0.71594694256782543 0.045387072488665588 -0.12132228910923003 0.68766510486602794 0.041905201971530921 0.00033260878990404313 0.0044396824669092902 0.64662638306617748 0.0082769920118153113 0.046891609206795699 0.10833333432674409 2.9212388992309575 0.064782563596963896 0.0092143369838595408
decision_type=2 2 10 2 10 2 2 2 2 10 8 8 10 2
left_child=1 -1 -2 4 -4 7 -7 -6 9 -8 11 12 13 -5
right_child=2 -3 3 10 5 6 8 -9 -10 -11 -12 -13 -14 -15
leaf_value=-0.028983213275216219 -0.012741126338720639 0.00083145490248502933 0.00038078753450577514 -0.00022214827672911985 0.015766534157853118 0.02541102445759056 0.017504033640325083 -0.014299190998968356 0.015213918275949099 -0.020937956483006923 0.00056195439965284763 -0.013315467056808443 -0.016978804744745984 -0.010858210971898243
leaf_weight=349.60559588298202 661.88764651119709 449.54933993518353 87822.834023054689 10977.367029283196 507.19710078835487 1400.6406920216978 434.51042965427041 1013.394740588963 694.27033369615674 500.34306497499347 15166.93585074693 1595.5243909582496 713.61917224153876 1575.3146727792919
leaf_count=2537 3126 2088 431324 63495 2417 6623 2097 5012 3246 2437 72350 9935 4121 8586
internal_value=5.83724e-05 -0.0124085 0.000140332 0.000211024 0.000764447 0.00815208 0.0143615 -0.00423321 0.00476468 -0.00307436 -0.00149108 -0.00358524 -0.00240584 -0.00156452
internal_weight=123863 799.155 123064 122402 92373.2 4550.36 3029.76 1520.59 1629.12 934.853 30028.8 14861.8 13266.3 12552.7
internal_count=619394 4625 614769 611643 453156 21832 14403 7429 7780 4534 158487 86137 76202 72081
is_linear=0
shrinkage=0.05


Tree=83
num_leaves=15
num_cat=0
split_feature=0 13 69 74 70 70 69 69 72 72 72 72 74 72
split_gain=51.1605 40.0533 41.3327 118.639 149.086 116.492 97.239 125.205 95.9259 295.081 83.7435 97.5123 85.6387 70.1885
threshold=0.011147324927151205 0.15902742743492129 0.1011449657380581 -0.0042130858637392512 -0.0066560849081724873 -0.0030925977043807502 0.090698454529047026 0.085665073245763793 0.0062463323120027789 0.006665959022939206 0.0054515500087291011 0.0051155972760170707 0.0010728423949331047 0.0080920867621898668
decision_type=2 8 10 2 2 2 10 10 10 10 10 10 2 10
left_child=-1 2 6 -4 -5 -6 7 13 10 -10 11 12 -8 -2
right_child=1 -3 3 4 5 -7 8 -9 9 -11 -12 -13 -14 -15
leaf_value=-0.015219204316282254 0.0022918458956128632 -0.011037928538714098 0.0043943845274820991 0.024599305038719321 -0.021721668595136658 -0.0033622231240398267 -0.015053586111008843 -0.0085095439292611468 0.047956781429828281 0.0061839854203050307 -0.013251945580805325 0.025121055796636427 0.010605595254811577 -0.0006233831992945632
leaf_weight=537.48120256513357 35047.568847231567 792.03761506825686 6180.5977203771472 448.80996872484684 898.57766592502594 17828.291311591864 629.32427672296762 3959.3312449753284 454.83624151349068 4730.3558008372784 982.11762238293886 435.77152138203382 652.03981782495975 50222.730713516474
leaf_count=7221 184541 3843 30494 2074 4603 91482 3262 20488 2156 22424 5261 2133 3755 235453
internal_value=3.152e-05 9.92494e-05 0.000172171 -0.00162507 -0.0035665 -0.00425429 0.000641544 0.000170945 0.00596043 0.00993348 -0.00168018 0.00497671 -0.00201554 0.000574955
internal_weight=123800 123262 122470 25356.3 19175.7 18726.9 97114.1 89229.6 7884.45 5185.19 2699.25 1717.14 1281.36 85270.3
internal_count=619190 611969 608126 128653 98159 96085 479473 440482 38991 24580 14411 9150 7017 419994
is_linear=0
shrinkage=0.05


Tree=84
num_leaves=15
num_cat=0
split_feature=15 54 71 2 69 72 74 69 72 71 71 69 74 84
split_gain=57.3831 38.8887 75.3774 73.5441 69.4632 78.1925 43.039 41.8347 72.1397 102.81 87.3824 75.2328 75.0053 42.4319
threshold=24.58119106292725 0.5635250210762025 -0.018332001753151413 0.025952223688364032 0.13316312432289126 0.005824470892548562 -0.016549087129533287 0.11659540981054307 0.0094976602122187632 0.0011586637701839211 0.014612289145588877 0.13783641904592517 0.0023652915842831139 1.5000000000000002
decision_type=8 8 2 2 10 10 2 8 10 2 2 10 2 2
left_child=1 4 3 -3 -1 -6 -4 -8 9 11 -11 -9 -12 -10
right_child=-2 2 6 -5 5 -7 7 8 13 10 12 -13 -14 -15
leaf_value=-0.00019644859898557848 -0.0012330296019752367 0.025523621353884862 -0.012416984742397972 0.0058894087771618605 0.029493156216338093 0.0024494625113641501 0.0036545857922784422 0.0011612479928716504 -0.0012740038967776085 -0.012572499699955168 0.013007506889897703 0.025180245717614669 -0.0090394338300049549 0.013308952514939257
leaf_weight=46242.420464605093 50998.11211944744 611.46840028837323 525.73648463562131 2093.5279820412397 407.7217159345746 747.84068519249558 13579.615491140634 1672.857719630003 840.08437294512987 2972.5067825391889 771.3139475658536 395.25712157413363 752.39428211376071 1212.1231965944171
leaf_count=234629 255745 2876 2518 9288 1914 3789 65009 8754 4067 15589 3767 1792 3776 5844
internal_value=5.30793e-05 0.000953767 0.00253087 0.0104054 0.000107366 0.0121626 0.00158926 0.00192645 -0.000798162 -0.00335662 -0.00759534 0.00585083 0.00213296 0.0073621
internal_weight=123823 72824.9 25426.9 2705 47398 1155.56 22721.9 22196.2 8616.54 6564.33 4496.22 2068.11 1523.71 2052.21
internal_count=619357 363612 123280 12164 240332 5703 111116 108598 43589 33678 23132 10546 7543 9911
is_linear=0
shrinkage=0.05


Tree=85
num_leaves=15
num_cat=0
split_feature=53 54 70 71 71 84 69 70 69 71 70 71 69 84
split_gain=50.8329 74.024 57.817 57.5657 49.3507 231.172 83.5383 53.2202 55.4003 219.54 134.986 209.095 128.794 88.1037
threshold=-0.099457152187824235 0.46468260884284979 -0.0030925977043807502 0.03935640491545201 0.040108343586325652 2.5000000000000004 0.067452568560838713 0.028627929277718071 -0.012004304677247999 -0.010321858804672955 -0.00073868883191607882 -0.0014267357764765618 -0.09301410615444182 3.5000000000000004
decision_type=10 10 2 2 2 2 8 2 8 2 2 2 10 2
left_child=4 -2 -3 -4 7 6 -6 8 9 13 11 -11 -13 -1
right_child=1 2 3 -5 5 -7 -8 -9 -10 10 -12 12 -14 -15
leaf_value=0.00089292707691244469 -0.0038766011952172728 0.0050517489119282317 -0.0014803374211266162 0.014271595946591954 -0.019431010076145165 0.011663441687513775 0.0037753576403736521 -0.012712285145541817 0.00052949563732543261 0.022567196726899139 0.016599608721815384 -0.024908726074325517 0.001630546658577146 -0.0118889126080765
leaf_weight=5788.7421452850103 17021.437717143446 5307.0021601244807 16374.296994507313 591.33368336781859 1807.3554537929595 1323.8766447380185 489.29761630296707 687.84951534122229 65397.922556098551 977.28193521872163 3796.04270767048 584.66050680726767 1972.2870646342635 1747.0234399363399
leaf_count=26067 101264 25835 84051 2925 8674 6247 2348 3204 318228 4213 16889 2650 8898 8052
internal_value=9.05986e-05 -0.00139518 0.000502089 -0.000923223 0.000781005 -0.00492227 -0.014492 0.00103666 0.00115605 0.00391016 0.0100649 0.00301904 -0.0045112 -0.00208213
internal_weight=123866 39294.1 22272.6 16965.6 84572.3 3620.53 2296.65 80951.8 80264 14866 7330.27 3534.23 2556.95 7535.77
internal_count=619545 214075 112811 86976 405470 17269 11022 388201 384997 66769 32650 15761 11548 34119
is_linear=0
shrinkage=0.05


Tree=86
num_leaves=15
num_cat=0
split_feature=5 2 13 71 70 70 70 70 70 12 54 54 71 71
split_gain=42.8583 70.815 35.1721 35.6934 125.302 134.867 105.066 87.4436 255.724 79.2393 72.4296 65.6425 64.5435 89.4941
threshold=0.71594694256782543 0.040185693651437766 -0.12132228910923003 0.0013466962263919415 -0.0094763874076306803 -0.0071474877186119548 -0.0058640849310904733 0.018314933404326442 0.016361031681299213 0.011508795432746412 0.39970080554485327 0.35675345361232763 -0.0002741747885011136 -0.017622965388000008
decision_type=2 2 10 2 2 2 2 2 2 8 8 8 2 2
left_child=1 -1 -2 7 10 -6 -7 8 11 -8 -5 -4 13 -13
right_child=2 -3 3 4 5 6 9 -9 -10 -11 -12 12 -14 -15
leaf_value=-0.026701607052329764 -0.01139741873251187 0.0025991712103646241 -0.00079403535326483038 -0.018156274518723498 0.014015672865832947 -0.014110310980464875 0.0018988587379871792 -0.010071240658762404 0.037868163648658533 -0.0017073257330760625 -0.0010255394778010587 0.0064860941999037944 0.010288308091572572 -0.00012918954127492816
leaf_weight=385.50878493115306 663.47985461726785 427.47588635981083 24347.296414099634 1570.080259706825 1603.8038984686136 1401.2832871228456 24760.994379941374 1701.9666337706149 466.67988014966249 39551.747175935656 1014.4165068529546 7506.8344630487263 2591.9283347465098 15982.873517680913
leaf_count=2753 3157 1983 119601 7538 7537 7027 121503 7865 2119 208911 4765 34128 13070 78199
internal_value=-7.83535e-05 -0.0114506 -2.36347e-06 6.02793e-05 -0.000680026 -0.000264427 -0.000615023 0.00104409 0.0014177 -0.000318832 -0.0114623 0.00107293 0.00281539 0.00198678
internal_weight=123976 812.985 123163 122500 69902.3 67317.8 65714 52597.6 50895.6 64312.7 2584.5 50428.9 26081.6 23489.7
internal_count=620156 4736 615420 612263 357281 344978 337441 254982 247117 330414 12303 244998 125397 112327
is_linear=0
shrinkage=0.05


Tree=87
num_leaves=15
num_cat=0
split_feature=0 71 73 68 68 73 73 71 58 71 71 68 68 71
split_gain=47.1649 35.9217 54.0064 129.636 103.225 120.356 108.99 132.679 117.252 102.842 223.244 102.633 97.5738 105.467
threshold=0.011147324927151205 0.048369815573096282 0.31674617528915411 -0.04421288147568702 -0.022642364725470539 0.34461727738380438 0.34461727738380438 -0.031295219436287873 -0.00014683482731925321 -0.0071734928060322991 -0.001680250570643693 -0.087453853338956819 -0.014754017814993857 -0.02844300307333469
decision_type=2 2 2 10 10 2 2 2 2 2 2 10 10 2
left_child=-1 2 3 9 6 -6 8 -8 -4 11 -11 -2 -7 -14
right_child=1 -3 4 -5 5 12 7 -9 -10 10 -12 -13 13 -15
leaf_value=-0.014877793492361322 0.0035673833819555088 -0.0060585424588883849 -0.011489993715112407 0.0080934528313368562 -0.013060129423944156 0.0081966427303338321 0.0087857404203768238 -0.021269518342120486 0.015855877878752003 0.035272747354258366 0.00051790457548253112 -0.0092364823782029055 -0.011910520643785477 0.00010871000957754954
leaf_weight=529.00203503295779 2486.2810524851084 2432.1975118815899 794.86562212556601 6682.2481210008264 1736.3630131781101 3646.4480318948627 452.52687314152718 1834.1694689318538 754.32278784364462 543.4340705499053 2800.1330692693591 4194.5514000952244 1851.6787352263927 93041.50670272857
leaf_count=7236 11265 11909 3717 30068 8235 16990 2077 8636 3504 2293 12606 19188 8631 472980
internal_value=-0.00011948 -5.49342e-05 6.64159e-05 0.00270448 -0.000357129 -4.8811e-05 -0.00839595 -0.0153094 0.00184141 -0.000892286 0.00625499 -0.0044733 0.000181763 -0.000127055
internal_weight=123780 123251 120819 16706.6 104112 100276 3835.88 2286.7 1549.19 10024.4 3343.57 6680.83 98539.6 94893.2
internal_count=619335 612099 600190 75420 524770 506836 17934 10713 7221 45352 14899 30453 498601 481611
is_linear=0
shrinkage=0.05


Tree=88
num_leaves=15
num_cat=0
split_feature=0 59 74 74 72 72 69 68 69 68 69 71 70 71
split_gain=39.3467 36.778 37.8254 173.954 86.4413 88.08 84.276 66.4748 222.946 219.376 97.3026 93.1097 91.4124 93.7374
threshold=0.011147324927151205 6.5000000000000009 0.0069592213258147248 0.0066241289023309955 0.0052601569332182416 0.005824470892548562 0.1064809523522854 -0.039554694667458527 -0.044045876711606972 -0.02374305389821529 0.028777753002941612 0.0014462989638559522 0.01043195277452469 -0.0041853561997413627
decision_type=2 8 2 2 10 10 10 8 10 10 8 2 2 2
left_child=-1 2 3 -2 6 -6 -4 8 12 10 11 -9 -7 -14
right_child=1 -3 4 -5 5 7 -8 9 -10 -11 -12 -13 13 -15
leaf_value=-0.013547987664605108 -6.5882204613203229e-05 -0.006924534085163578 0.0052482049149085519 -0.017971191594902139 -0.013568864393354233 0.018031792451060364 0.026677452880204788 -0.039367485009808321 0.026914503133761467 0.0020855653833119782 0.00075729286736823844 -0.012046050029079184 -0.017804853632915511 0.0053246813885032031
leaf_weight=524.54563845694065 92000.743701025844 1853.3149812221527 1765.8829629346728 1366.7704882770777 998.30634836852551 487.02981905639172 613.29368659108877 525.6140964999795 1056.7825688496232 19454.095989458263 619.27348042279482 779.00109358876944 867.41146215051413 867.69710959494114
leaf_count=7261 459968 8730 9782 6959 5424 2128 3159 2495 4675 94574 2761 3618 3923 3930
internal_value=-1.1928e-05 4.67727e-05 0.000153758 -0.000329888 0.00176406 0.000916572 0.0108607 0.00150832 0.00812593 0.000489998 -0.0155715 -0.0232693 -0.000889903 -0.00627395
internal_weight=123780 123255 121402 93367.5 28034.4 25655.2 2379.18 24656.9 3278.92 21378 1923.89 1304.62 2222.14 1735.11
internal_count=619387 612126 603396 466927 136469 123528 12941 118104 14656 103448 8874 6113 9981 7853
is_linear=0
shrinkage=0.05


Tree=89
num_leaves=15
num_cat=0
split_feature=0 73 73 68 71 68 71 71 68 73 68 9 71 68
split_gain=49.6679 46.4982 82.4152 113.273 96.1282 80.2737 80.0173 119.011 105.619 76.1276 74.2941 72.8679 63.7523 62.3
threshold=0.013344757258892061 0.71822267770767223 0.7626253366470338 0.053079243749380119 0.0052359711844474086 0.019180750474333767 0.036750210449099548 0.029265975579619411 0.063508495688438429 0.86850854754447948 0.062499294057488448 0.037335375323891647 0.040108343586325652 0.041905201971530921
decision_type=2 2 2 10 2 10 2 2 10 2 10 2 2 10
left_child=-1 13 5 -4 -5 -3 7 8 9 -6 12 -10 -7 -2
right_child=1 2 3 4 6 10 -8 -9 11 -11 -12 -13 -14 -15
leaf_value=-0.0073906446087632334 0.00026843044555225379 0.013140924145686487 0.0044535488980585866 -0.021738753526480119 0.0098591730136160498 -0.0093491872756027872 -0.020324682906624897 0.021416582164128076 -0.019796523759098832 -0.012043779361618073 0.010443499982698695 0.0030971589150623063 0.01045230675445212 0.0050552497221983822
leaf_weight=2206.2585977055132 92372.815622515976 521.52183672785759 7743.138552159071 726.5750894844532 1533.6032855734229 7163.5823094397783 536.69468083977699 552.90654041618109 1121.4306695759296 524.61550077050924 564.1942031905055 498.16663935780525 422.83732840418816 7327.3032355159521
leaf_count=21694 448998 2554 39282 3803 7813 37898 2784 2701 5924 2846 2864 2452 2060 35849
internal_value=2.71768e-05 0.000162349 -0.00192276 0.000559837 -0.00492601 -0.00570847 -0.00232354 2.56409e-06 -0.00326607 0.00424513 -0.00692919 -0.0127789 -0.00823322 0.000620702
internal_weight=123816 121609 21909.3 13237.1 5493.99 8672.14 4767.42 4230.72 3677.82 2058.22 8150.61 1619.6 7586.42 99700.1
internal_count=619522 597828 112981 67605 28323 45376 24520 21736 19035 10659 42822 8376 39958 484847
is_linear=0
shrinkage=0.05


Tree=90
num_leaves=15
num_cat=0
split_feature=18 27 69 72 69 73 72 72 73 71 72 2 69 74
split_gain=44.2986 38.7076 35.4613 162.044 88.7937 82.0522 77.4564 101.601 92.9004 70.8097 76.7078 64.8925 70.1603 62.691
threshold=65.616668701171889 0.49314278364181524 0.1354017108678818 0.0052601569332182416 0.10951106622815134 0.7626253366470338 0.0068157545756548652 0.0065356527920812377 0.70150190591812145 0.0011586637701839211 0.0080920867621898668 0.030613632872700695 0.12770455330610278 -0.0025669323513284321
decision_type=2 2 10 10 10 2 10 10 2 2 10 2 10 2
left_child=2 -2 4 -4 -1 6 7 11 13 -5 -11 12 -6 -8
right_child=1 -3 3 9 5 -7 8 -9 -10 10 -12 -13 -14 -15
leaf_value=0.00065127863876432586 -0.012514480095617737 -0.0018920460026877258 0.030390937288628069 0.012394939143356112 -0.016016959181632508 0.010599461634546399 0.0087515663592740642 -0.028779769671005925 -0.022341957460276715 -0.0083734252512738406 0.0078877277624412722 0.0014282633523041047 0.005821743959123357 -0.0030457654398147282
leaf_weight=92132.488750506192 900.807521764189 14837.436954908073 528.2888514585793 1052.9441131055355 2005.6052481606603 874.26175710186362 1564.8962665200233 625.34551895409822 482.83153985440731 2008.0629414953291 1122.6518409773707 1399.5273785740137 444.39613015577197 3941.7670886106789
leaf_count=454042 4897 80219 2404 4838 11373 4651 7641 3306 2451 9846 5492 6760 2360 19775
internal_value=-2.99487e-05 -0.0025076 0.000330693 0.00456807 0.000137306 -0.00403589 -0.00526758 -0.0102367 -0.00154416 0.00124261 -0.00253574 -0.00715769 -0.0120482 0.000316614
internal_weight=123921 15738.2 108183 4711.95 103471 11338.6 10464.4 4474.87 5989.49 4183.66 3130.71 3849.53 2450 5506.66
internal_count=620055 85116 534939 22580 512359 58317 53666 23799 29867 20176 15338 20493 13733 27416
is_linear=0
shrinkage=0.05


Tree=91
num_leaves=15
num_cat=0
split_feature=73 68 72 72 74 71 73 73 73 72 74 74 73 68
split_gain=43.1927 76.4737 113.593 155.058 174.756 152.01 154.57 124.483 101.326 107.11 78.3704 72.5632 68.9529 97.942
threshold=0.68957170844078075 0.03362549655139447 0.0045173054095357665 0.0074462066404521474 0.0084149115718901175 -0.0087504712864756567 0.61819469928741466 0.55456766486167919 0.63450276851654064 0.0068157545756548652 0.0043436521664261827 0.0062898898031562575 0.7626253366470338 0.053823901340365417
decision_type=2 10 10 10 2 2 2 2 2 10 2 2 2 10
left_child=1 -1 7 4 8 -5 -7 -3 9 -4 -10 -8 -2 -14
right_child=12 2 3 5 -6 6 11 -9 10 -11 -12 -13 13 -15
leaf_value=-8.0965641674444138e-05 -0.0039226495280350734 0.014504292065819841 0.0011597653378224808 0.021997568815370145 -0.008991867859398631 0.010683475273869765 -0.019383738759845573 -0.015596297116041245 0.018753526374706994 0.023595389024308477 0.042374892211965935 0.00049226585930666497 0.0042734666811845429 -0.0045287545856527852
leaf_weight=83375.001238621771 16433.434230037034 464.2197540551424 1553.2930984385312 583.816780641675 819.14603063464165 986.60492526367307 1458.8571171760559 1243.7356804534793 1655.9180761836469 799.95620606839657 451.53484101220965 667.33200252428651 8263.8957314305007 5103.6363117843866
leaf_count=409315 88294 2187 7798 2584 4083 4824 7301 6654 8180 3822 2133 3336 42723 26527
internal_value=-9.59833e-05 0.000429603 0.00441014 0.00665882 0.0121493 -0.00119483 -0.00560117 -0.0073782 0.016043 0.00885403 0.0239908 -0.0131723 -0.00175446 0.000911963
internal_weight=123860 94059.4 10684.4 8976.46 5279.85 3696.61 3112.79 1707.96 4460.7 2353.25 2107.45 2126.19 29801 13367.5
internal_count=619761 462217 52902 44061 26016 18045 15461 8841 21933 11620 10313 10637 157544 69250
is_linear=0
shrinkage=0.05


Tree=92
num_leaves=15
num_cat=0
split_feature=15 73 72 72 70 84 72 72 84 73 72 73 73 9
split_gain=49.1451 52.67 37.9021 96.8937 106.932 123.498 75.7056 127.601 142.767 74.0456 71.918 104.679 137.224 71.0044
threshold=26.291386604309086 0.85966211557388317 0.013089691288769247 0.011205004528164865 0.0034088919637724762 1.5000000000000002 0.010434513911604883 0.010200759395956995 1.5000000000000002 0.33967128396034246 0.0091536296531558054 0.44729243218898779 0.50994113087654125 -0.0085524613969027979
decision_type=8 2 10 10 2 2 10 10 2 2 10 2 2 2
left_child=2 -2 3 6 9 -6 7 10 -9 -5 -1 -12 -13 -11
right_child=1 -3 -4 4 5 -7 -8 8 -10 13 11 12 -14 -15
leaf_value=0.0012271721100947427 -0.0011348570771133814 -0.012802519719427237 -0.0015225203706969405 0.022595100513674915 -0.010652415582058594 0.0077713970631600182 -0.0073273416193185628 0.037529251238916386 -0.0003930660601967036 -0.0017191220504957656 0.0055439827507394049 -0.024352771857659349 -0.0034668517246589856 0.013716187433420776
leaf_weight=46974.851596772671 42454.668141122907 979.93913216888905 15615.779786672443 1145.348447766155 1536.4610529132187 2198.6163143329322 2924.5571837536991 489.29467595368624 493.07592718675733 1214.1155251413584 1717.8110194914043 1076.1846906393766 2865.4518687464297 1910.2840043418109
leaf_count=244174 213016 5477 72262 5137 7435 10345 14089 2326 2444 5575 8052 5257 13927 9149
internal_value=-4.66832e-05 -0.00140098 0.000687208 0.00122197 0.00636699 0.000184372 0.000492562 0.000920391 0.018683 0.0117623 0.000585383 -0.0047344 -0.00921653 0.00773181
internal_weight=123596 43434.6 80161.8 64546.1 8004.83 3735.08 56541.2 53616.7 982.371 4269.75 52634.3 5659.45 3941.64 3124.4
internal_count=618665 218493 400172 327910 37641 17780 290269 276180 4770 19861 271410 27236 19184 14724
is_linear=0
shrinkage=0.05


Tree=93
num_leaves=15
num_cat=0
split_feature=5 51 15 72 72 73 72 70 74 73 71 71 72 73
split_gain=48.1533 56.2359 39.6713 44.02 145.526 114.107 87.8851 196.848 318.242 172.614 205.856 195.13 145.503 123.199
threshold=0.71594694256782543 -0.3244954496622085 1.0000000180025095e-35 0.011205004528164865 0.010773160960525276 0.32804124057292944 0.013089691288769247 0.0034088919637724762 0.017288482747972015 0.33967128396034246 0.0053643279243260631 -0.031295219436287873 0.01238407986238599 0.67833209037780773
decision_type=2 10 10 10 10 2 10 2 2 2 2 2 10 2
left_child=1 -1 -2 4 -4 -6 7 9 -9 11 12 -5 -11 -12
right_child=2 -3 3 6 5 -7 -8 8 -10 10 13 -13 -14 -15
leaf_value=-0.00040599749713245923 -0.01493694668348867 -0.027020885772434153 -0.00011720934446788198 0.00038425785555052646 -0.032017620726741101 -0.0059519735804174963 -6.7069846474217723e-05 -0.0078979199077324706 0.022782090471556757 0.0046974404244038547 0.031581954917670095 0.034732187492869673 -0.021379279568018029 0.0061821750586936574
leaf_weight=450.49520967528224 425.99433373659849 345.21628737077117 84999.643237732351 606.41108449548483 588.19933222234249 1429.7345635890961 23980.691605668515 4256.8211431466043 1044.1150229647756 1572.6997890546918 874.60561549291015 1291.2328277863562 798.63002659752965 1050.5267564021051
leaf_count=2118 2017 2574 437928 2789 2777 6890 111015 20369 4858 7261 4129 5670 3855 5039
internal_value=3.87577e-05 -0.0121448 0.000118609 0.000172183 -0.000433036 -0.0136702 0.00165641 0.00524884 -0.00182342 0.0112945 0.00572178 0.0238155 -0.00413773 0.0178251
internal_weight=123715 795.711 122919 122493 87017.6 2017.93 35475.7 11495 5300.94 6194.11 4296.46 1897.64 2371.33 1925.13
internal_count=619289 4692 614597 612580 447595 9667 164985 53970 25227 28743 20284 8459 11116 9168
is_linear=0
shrinkage=0.05


Tree=94
num_leaves=15
num_cat=0
split_feature=53 72 72 73 54 73 74 72 68 73 68 72 26 12
split_gain=45.7885 49.231 45.9154 41.5963 38.9968 33.1339 67.5101 83.7907 65.2562 65.0544 85.3979 100.686 73.652 63.9344
threshold=-0.030780362896621224 0.002945420797914267 0.0037568438565358524 0.72160628437995922 0.46468260884284979 0.68957170844078075 -0.0074305415619164697 0.010157951153814794 0.04608424939215184 0.78917726874351513 0.053079243749380119 0.0058709785807877788 0.056802036240696914 -0.070767063647508607
decision_type=10 10 10 2 10 2 2 10 10 2 10 10 8 10
left_child=1 -1 3 -2 -4 -3 7 -7 -9 -8 11 -11 -12 -14
right_child=2 5 4 -5 -6 6 9 8 -10 10 12 -13 13 -15
leaf_value=-0.013078578653364863 0.00051728158374645338 0.00089665347307815138 -0.0074780478363374358 0.022018710062972638 -0.0015800386449783055 0.01522603841711833 -0.0039789231494882886 0.0066599205247203199 -0.01642314005182283 -0.0091007538140693723 0.0037391588857939011 0.010323764333558669 -0.026334056438053567 -0.00531899717889096
leaf_weight=669.50344672426581 705.73775338381529 84367.293206635863 4227.0725605338812 320.51397477462888 8300.1178324371576 1320.7420079596341 14861.807332508266 739.92743004113436 507.85147143155336 822.95418326929212 1644.4149328656495 3369.3409950956702 476.49473025649786 1443.1425488740206
leaf_count=3842 4748 406237 28335 2331 44471 6455 78011 3467 2486 4420 8420 16590 2464 7454
internal_value=1.07437e-06 0.000338378 -0.00274028 0.00738018 -0.00357459 0.000421558 -0.00116958 0.00649661 -0.00279086 -0.00204265 0.00166777 0.00649812 -0.00401632 -0.0106448
internal_weight=123777 110223 13553.4 1026.25 12527.2 109554 25186.7 2568.52 1247.78 22618.2 7756.35 4192.3 3564.05 1919.64
internal_count=619731 539846 79885 7079 72806 536004 129767 12408 5953 117359 39348 21010 18338 9918
is_linear=0
shrinkage=0.05


Tree=95
num_leaves=15
num_cat=0
split_feature=69 72 69 72 71 71 73 72 73 73 73 73 72 71
split_gain=41.9364 81.7046 72.6498 123.938 64.4535 98.9702 72.9208 62.4794 60.5587 75.8259 76.6953 129.946 52.2761 71.9729
threshold=0.10951106622815134 0.012761422898620369 0.1354017108678818 0.0051402687095105657 0.012571706436574461 0.0060152311343699702 0.66657599806785595 0.0062103387899696836 0.78125637769699108 0.62619060277938854 0.56853005290031444 0.48414604365825659 0.0050333135295659312 0.00021099071454955268
decision_type=10 10 10 10 2 2 2 10 2 2 2 2 10 2
left_child=-1 2 4 -4 5 6 12 -5 9 10 11 -6 -2 -14
right_child=1 -3 3 7 8 -7 -8 -9 -10 -11 -12 -13 13 -15
leaf_value=0.00030367001261467853 -0.013337768548911345 0.013662661495991331 0.02274509224847631 -0.013413434388911566 0.012476560713868918 -0.013819890380762492 -0.014200026717474596 0.0016731534902592168 0.015523102553154797 -0.0093873889283135874 0.015223351738027097 -0.022471824712326012 -0.0029154006335359709 0.012052224536647241
leaf_weight=104245.3608787246 600.75733177363873 767.764564268291 620.66476687788963 808.24538262933493 537.78799129649997 3550.8535173088312 1122.5153736248612 4245.8475831151009 542.01074574887753 1862.1727529093623 908.64969511702657 507.65024358779192 2202.3430515117943 1251.6238364055753
leaf_count=520212 3227 3663 2830 4004 2741 18828 6004 20612 3054 9763 4488 2747 11036 6389
internal_value=-9.47349e-05 -0.00222049 -0.00287741 0.00184524 -0.00492518 -0.00740241 -0.00298278 -0.000761201 4.14346e-05 -0.0021922 0.00467743 -0.00454601 0.000149916 0.0025276
internal_weight=123774 19528.9 18761.1 5674.76 13086.4 8728.09 5177.24 5054.09 4358.27 3816.26 1954.09 1045.44 4054.72 3453.97
internal_count=619598 99386 95723 27446 68277 45484 26656 24616 22793 19739 9976 5488 20652 17425
is_linear=0
shrinkage=0.05


Tree=96
num_leaves=15
num_cat=0
split_feature=0 27 72 14 69 74 68 73 71 68 69 74 73 73
split_gain=44.3057 75.2767 46.4803 46.2372 38.7004 84.1727 78.3975 74.1615 71.538 84.8512 82.3281 78.6307 88.1317 64.7772
threshold=0.019724390469491485 0.9365563988685609 0.0041727018542587766 -0.059081165120005601 0.1011449657380581 -0.0042130858637392512 0.015907374210655693 0.5715598762035371 0.018247541971504692 0.029499251395463947 0.12224708497524263 0.0070995052810758361 0.62619060277938854 0.75795969367027294
decision_type=2 2 8 10 10 2 10 2 2 10 10 2 2 2
left_child=1 2 3 -1 -2 13 7 -7 10 -10 11 -8 -13 -6
right_child=4 -3 -4 -5 5 6 8 -9 9 -11 -12 12 -14 -15
leaf_value=-0.015749149837150745 0.00087031284200261838 0.0011245285449356756 -0.0063897776633627494 0.0060095662190091138 0.0016513659014367724 0.025485782642823238 -0.013709988274165284 -0.0033995359291202616 0.01726361747204213 -0.0017272907959130915 -0.0017049169011170238 0.0105489113996731 -0.013463467851599353 0.017199705238988058
leaf_weight=282.17587750405073 81679.232318870723 9333.3478798307478 9264.0545028522611 1480.206645976752 4585.0681453645229 438.17718775570393 4347.8353228718042 436.60608853399754 693.08972777426243 3590.6378447785974 5316.6003304123878 821.13685628771782 697.33022877573967 775.07029038667679
leaf_count=2122 380883 60424 60576 10465 21606 2041 21780 2041 3333 17622 25690 3960 3509 3556
internal_value=-4.82616e-05 -0.00217962 -0.0049749 0.00245657 0.000371657 -0.0015047 -0.00328781 0.0111936 -0.00411358 0.00137841 -0.00621669 -0.0102958 -0.000494305 0.00392748
internal_weight=123741 20359.8 11026.4 1762.38 103381 21701.6 16341.4 874.783 15466.6 4283.73 11182.9 5866.3 1518.47 5360.14
internal_count=619608 133587 73163 12587 486021 105138 79976 4082 75894 20955 54939 29249 7469 25162
is_linear=0
shrinkage=0.05


Tree=97
num_leaves=15
num_cat=0
split_feature=18 54 74 50 53 70 74 69 69 74 70 84 69 84
split_gain=38.2106 39.865 62.6455 71.1649 62.2725 48.1407 55.8063 84.6122 70.2072 76.8812 48.3488 46.9419 54.3385 77.1118
threshold=69.087333679199233 0.36706303060054785 0.017686319537460807 0.10975684598088266 -0.15062364935874936 -0.00084989535389468063 -0.0021285761613398786 0.11829928308725358 0.13316312432289126 -0.0045428376179188481 -0.0084869600832462293 1.5000000000000002 0.049500988796353347 1.0000000180025095e-35
decision_type=2 8 2 2 10 2 2 10 10 2 2 2 10 2
left_child=1 4 5 -4 -1 6 8 -8 9 10 11 12 13 -3
right_child=-2 2 3 -5 -6 -7 7 -9 -10 -11 -12 -13 -14 -15
leaf_value=0.00045195024761775178 -0.0030800218725663586 0.00051637683350985795 0.016714319396082585 0.001248771224743944 -0.0030855563808900818 -0.00047612787726061405 0.0097086232357936481 -0.0087651858217025012 0.013515064444784709 -0.0067061308370950888 0.0050792749427057424 -0.0042433241656666407 -0.004464698058104611 0.022135284880887982
leaf_weight=37420.802364896983 9440.0997611694038 963.12471336498857 1336.3916992433369 1665.9957883507013 18624.719343245029 32469.835641905665 4396.7664684578776 713.26465705409646 1074.7532308883965 3098.106003832072 6587.1591841727495 4173.7473531588912 1102.3569857105613 712.07958541810513
leaf_count=176270 51494 4529 6324 7713 106354 162176 21401 3496 4870 15563 31863 19661 5037 3189
internal_value=-2.43891e-05 0.000228138 0.00114348 0.00816527 -0.000723954 0.00076078 0.00252007 0.00711794 0.00119023 0.000386387 0.00201317 -0.000895435 0.0041325 0.00978275
internal_weight=123779 114339 58293.6 3002.39 56045.5 55291.2 22821.4 5110.03 17711.3 16636.6 13538.5 6951.31 2777.56 1675.2
internal_count=619940 568446 285822 14037 282624 271785 109609 24897 84712 79842 64279 32416 12755 7718
is_linear=0
shrinkage=0.05


Tree=98
num_leaves=15
num_cat=0
split_feature=74 69 25 15 68 73 69 69 74 71 68 68 68 69
split_gain=49.1055 44.7681 52.2075 40.6372 50.7539 82.2645 128.584 122.48 92.711 135.073 124.514 106.369 92.6997 108.835
threshold=-0.04474180564284324 -0.1383535638451576 -0.16242110729217527 31.54426193237305 -0.045510644093155854 0.31674617528915411 0.039528355002403266 0.013193483930081131 -0.0027451198548078533 0.01762101519852877 -0.037996767088770859 -0.026530045084655281 -0.022642364725470539 -0.012004304677247999
decision_type=2 8 10 8 8 2 10 10 2 2 8 8 10 8
left_child=-1 2 -2 4 -3 6 7 8 11 10 -10 -6 -7 -14
right_child=1 3 -4 -5 5 12 -8 -9 9 -11 -12 -13 13 -15
leaf_value=-0.015796321158564341 -0.0028856483675899873 -0.0044578429338822242 0.016403822891382269 -0.0019577235107270914 -0.0088959707745712175 -0.0083853807259192063 0.021194951500475463 -0.011951981963955792 0.041048550069350452 -0.0038071342671541311 0.011301910124106151 0.018504518793855455 0.0064878690235931902 -7.1299753666399942e-05
leaf_weight=487.90305462479591 582.52718821167946 5290.2928390800953 861.87535667046905 25121.309052601457 1354.2097277753055 3047.7260135523975 1138.3272581025958 1111.4767560102046 533.47478840127587 775.56046478822827 1030.8930975422263 468.47759607434273 6896.1613278128207 75059.101698171347
leaf_count=2622 2525 24175 3635 127401 6266 14334 4865 5250 2356 3545 4569 2067 31422 384809
internal_value=-0.000125653 -6.23533e-05 0.00865803 -0.000166446 0.00029903 0.000574772 0.00603123 0.00272447 0.00666254 0.0132269 0.0216423 -0.0017908 0.000162489 0.000481349
internal_weight=123759 123271 1444.4 121827 96705.7 91415.4 6412.42 5274.09 4162.62 2339.93 1564.37 1822.69 85003 81955.3
internal_count=619841 617219 6160 611059 483658 459483 28918 24053 18803 10470 6925 8333 430565 416231
is_linear=0
shrinkage=0.05


Tree=99
num_leaves=15
num_cat=0
split_feature=71 69 68 74 69 73 68 74 71 73 70 73 72 68
split_gain=37.2515 64.6529 50.0666 47.3952 39.3486 113.501 120.009 114.378 139.845 87.8534 91.8167 90.5726 106.78 120.82
threshold=0.048369815573096282 -0.05704184249043464 -0.055920964106917374 0.0045688066165894279 0.1011449657380581 0.48414604365825659 0.019834049046039585 -0.010359329171478747 -0.0019150351872667668 0.78125637769699108 0.011142774950712921 0.68957170844078075 0.01238407986238599 0.041905201971530921
decision_type=2 10 8 2 8 2 8 2 2 2 2 2 10 10
left_child=4 2 -2 -3 -1 6 -6 8 -7 11 -11 12 13 -9
right_child=1 3 -4 -5 5 7 -8 9 -10 10 -12 -13 -14 -15
leaf_value=0.00079542229455959249 -0.005227867592791929 0.014279500970107405 -0.028193124926849628 -0.0052692066979824134 0.018210729898291433 -0.0054604852819734118 0.00087479537343593543 -0.0053796031533371903 0.02454338248491536 0.0043362181179500197 -0.020209691319517383 -0.010249105281047657 0.021831748556058777 0.0080044117822233099
leaf_weight=89446.569417309016 511.69752103090286 434.75644715502858 441.94790020957589 1013.8591585159302 1370.3643045015633 719.99940407276154 3610.712749324739 12042.74924749136 825.5224510319531 4835.1908432878554 403.60782547295094 5601.2724095098674 418.55579160526395 1951.3808312527835
leaf_count=444065 2453 2103 2188 5100 6741 3550 17372 63120 3866 24845 2030 30364 2033 9457
internal_value=0.000136082 -0.00601644 -0.0160528 0.000655399 0.000258489 -0.00125254 0.00567109 -0.0025411 0.0106205 -0.0033505 0.00241025 -0.00485886 -0.00275838 -0.00350892
internal_weight=123628 2402.26 953.645 1448.62 121226 31779.4 4981.08 26798.3 1545.52 25252.8 5238.8 20014 14412.7 13994.1
internal_count=619287 11844 4641 7203 607443 163378 24113 139265 7416 131849 26875 104974 74610 72577
is_linear=0
shrinkage=0.05


Tree=100
num_leaves=15
num_cat=0
split_feature=15 73 69 4 70 74 70 72 74 72 72 69 73 74
split_gain=43.2145 32.6506 50.2146 40.9425 32.4007 64.5231 49.9359 33.2754 46.7693 31.5174 120.246 72.7928 84.6151 70.1546
threshold=16.180891990661625 0.85966211557388317 0.060013568028807647 0.22500000149011615 -0.0091816666536033136 -0.0087800291366875154 -0.011412478052079676 0.016601774841547016 0.0062898898031562575 0.0047534215264022359 0.0040517377201467761 0.054717440158128745 0.56424251198768627 -0.00064403898431919504
decision_type=8 2 10 10 2 2 2 10 2 10 8 8 2 2
left_child=4 9 3 -3 6 -6 -1 -7 -9 10 11 -2 -13 -14
right_child=1 2 -4 -5 5 7 -8 8 -10 -11 -12 12 13 -15
leaf_value=0.00028283996708028012 0.016836202762626023 -0.008047049644523855 -0.019193279490698031 0.0094536508707436812 0.012967905564658117 0.0022466265760494905 -0.015091999824398237 -0.015026422592373467 0.0022518656523529061 -7.4931949119118441e-05 -0.007571418136513991 -0.016499117408668162 0.012064678429885187 -0.001242907810768523
leaf_weight=2393.3946989476681 733.99222927540541 925.66884458065033 575.67316906899214 510.14452842622995 1339.8040470741689 20294.15540746972 667.51793541759253 682.7997834160924 895.90970972925425 82722.348028637469 6402.4537659399211 659.09886031970382 1360.2748256884515 3566.5541568435729
leaf_count=11227 4029 5240 3235 2465 6341 103868 3166 3145 4108 404697 35838 3387 8032 21055
internal_value=-7.94114e-05 -0.000564613 -0.00685293 -0.00180667 0.00171987 0.0023576 -0.0031083 0.00170204 -0.00526863 -0.000431384 -0.00274719 0.00214427 0.000187111 0.00244825
internal_weight=123730 97456.2 2011.49 1435.81 26273.6 23212.7 3060.91 21872.9 1578.71 95444.7 12722.4 6319.92 5585.93 4926.83
internal_count=619833 487978 10940 7705 131855 117462 14393 111121 7253 477038 72341 36503 32474 29087
is_linear=0
shrinkage=0.05


Tree=101
num_leaves=15
num_cat=0
split_feature=27 73 0 70 70 70 69 72 69 69 73 73 72 69
split_gain=36.6246 59.9529 55.1032 48.2565 43.974 104.977 82.2971 56.8006 49.4773 49.085 53.0757 43.3231 42.5586 53.451
threshold=0.80554369091987621 0.15441858023405078 0.022893341258168224 -0.03048756159842014 -0.0099967392161488516 -0.0071474877186119548 -0.071767471730709062 0.012323932256549599 -0.017013531178236004 -0.12024196237325667 0.21545944362878802 0.68766510486602794 0.014742772094905378 -0.060190718621015542
decision_type=2 2 2 2 2 2 8 10 10 10 2 2 10 10
left_child=1 -1 -3 -2 6 7 -4 -6 -8 -7 -11 12 -12 -14
right_child=3 2 4 -5 5 9 8 -9 -10 10 11 -13 13 -15
leaf_value=0.0080288840858519523 -0.0087514585494850809 -0.0040754372859800837 -0.023687735098614045 0.0010682845586650694 0.0045939574861424727 0.0089816525300016083 0.009711745402677753 0.022854749985066078 -0.0060924118795278384 -0.017964810609092496 -0.00018801729011942768 -0.0036608122596427902 -0.0040820651755685642 0.01101659205831023
leaf_weight=1815.7350259162486 1262.8280294276774 12322.759986147285 524.58246378600597 73607.937235035002 1027.1719229072332 1343.2959351688623 650.34558482468128 725.44358190894127 1973.4696909636259 431.58408419787884 17292.228389397264 7767.8978451341391 832.54258617758751 1936.2806016802788
leaf_count=8057 6539 75087 2433 369040 4561 6178 2899 3206 9015 2003 79781 37754 3735 8678
internal_value=0.000207566 -0.000860503 -0.00120683 0.000901511 -0.000181475 0.000384822 -0.00580486 0.0122393 -0.00215315 -0.000320884 -0.000766079 -0.000492995 0.000734837 0.00647831
internal_weight=123514 48643.3 46827.6 74870.8 34504.8 31356.4 3148.4 1752.62 2623.82 29603.8 28260.5 27828.9 20061.1 2768.82
internal_count=618966 243387 235330 375579 160243 145896 14347 7767 11914 138129 131951 129948 92194 12413
is_linear=0
shrinkage=0.05


Tree=102
num_leaves=15
num_cat=0
split_feature=8 0 27 72 71 69 72 71 69 15 68 68 69 72
split_gain=42.597 43.7815 59.0578 44.0296 55.3647 43.0912 40.9322 31.2368 35.9265 30.6975 30.2001 38.8572 50.2008 44.4687
threshold=1.0000000180025095e-35 0.022137449122965339 1.0693703293800356 0.0040517377201467761 0.014939395710825922 0.065447557717561736 0.0045173054095357665 -0.011068730149418114 0.042707266286015517 16.267513275146488 0.059724392369389541 0.043720271438360221 0.1011449657380581 0.0094335889443755167
decision_type=2 2 2 10 2 8 10 2 8 10 10 8 8 10
left_child=1 2 3 4 5 -1 -5 8 -4 -2 11 12 -8 -14
right_child=9 -3 7 6 -6 -7 10 -9 -10 -11 -12 -13 13 -15
leaf_value=0.005969405254252021 0.0054949553111547922 0.0003034408321259842 -0.00043896969146332723 -0.013233083758613371 0.022150523334112101 -0.0093056051383170399 -0.0025459247883208194 -8.7918132057995799e-05 0.014336044456580153 0.00072280914934617479 -0.017708038875320055 0.0036648722247240948 -0.012259169120110503 0.0048861605338798688
leaf_weight=1112.4113480076194 5713.3737278915942 83981.155877381563 755.27222963422537 1254.0328137613833 310.81028412282467 774.36266789957881 9100.4081960879266 6504.7431134544313 892.22957553714514 8203.8944582268596 372.480443444103 1678.4315363168716 2701.3611970357597 433.95818680897355
leaf_count=7393 29604 389867 3968 8268 1961 5389 53063 39954 4751 43740 2470 9947 17043 2650
internal_value=7.94009e-05 -0.000250788 -0.00204797 -0.00366622 0.00294769 -0.000315716 -0.00460278 0.00147333 0.00760088 0.00268443 -0.00383652 -0.00345273 -0.00443128 -0.0098781
internal_weight=123789 109872 25890.5 17738.3 2197.58 1886.77 15540.7 8152.24 1647.5 13917.3 14286.6 13914.2 12235.7 3135.32
internal_count=620068 546724 156857 108184 14743 12782 93441 48673 8719 73344 85173 82703 72756 19693
is_linear=0
shrinkage=0.05


Tree=103
num_leaves=15
num_cat=0
split_feature=5 51 13 54 71 84 68 71 71 68 84 5 4 71
split_gain=42.2853 59.7034 34.949 29.1961 96.4953 70.6254 89.773 70.2407 73.2231 81.8807 69.1726 68.654 62.4332 61.7463
threshold=0.71594694256782543 -0.3244954496622085 -0.12132228910923003 0.46925666928291326 -0.017622965388000008 1.5000000000000002 0.016732051968574527 -0.012753691989928482 -0.010321858804672955 0.02118976786732674 1.5000000000000002 1.0023513436317446 0.17500000447034839 0.043797345831990249
decision_type=2 10 10 8 2 2 8 2 2 10 2 2 8 2
left_child=1 -1 -2 11 5 6 12 -6 9 10 -9 13 -5 -4
right_child=2 -3 3 4 7 -7 -8 8 -10 -11 -12 -13 -14 -15
leaf_value=0.00043942328527801468 -0.01142325738527358 -0.026959928132794055 0.0010959448715380513 0.01678112794214617 -0.0085035284911521188 0.0021749008502793799 0.03292015591355154 -0.011229902267494946 0.0002614132831280374 0.02634274728131061 0.015189125913287914 -0.0024914260901167324 4.2562326218270743e-05 -0.0098151426500521968
leaf_weight=458.79289033263922 650.59323270618916 340.44590510055423 39160.076501552016 1145.6023059636354 2193.5663875490427 3520.6008546389639 456.4644975438714 468.51867878437042 44094.193308480084 562.36668612062931 504.17212179675698 27801.383931063116 1075.6946350336075 1331.0658165253699
leaf_count=2160 3114 2569 201510 5205 10388 15954 2019 2169 219185 2592 2324 139613 4764 6572
internal_value=-2.85536e-05 -0.0114206 4.64147e-05 0.000108351 0.000976815 0.00684131 0.0129456 0.000215441 0.000636365 0.0113354 0.00247902 -0.000578668 0.00871176 0.00073493
internal_weight=123764 799.239 122964 122314 54021.2 6198.36 2677.76 47822.8 45629.3 1535.06 972.691 68292.5 2221.3 40491.1
internal_count=620138 4729 615409 612295 264600 27942 11988 236658 226270 7085 4493 347695 9969 208082
is_linear=0
shrinkage=0.05


Tree=104
num_leaves=15
num_cat=0
split_feature=5 0 54 53 72 72 7 13 72 72 54 3 62 70
split_gain=39.7321 52.8929 29.434 65.9899 81.8078 68.2052 49.5836 42.6125 42.3919 76.877 43.2014 44.7762 42.4016 41.0673
threshold=0.71594694256782543 0.04577536694705487 0.50298273563385021 -0.14742230623960492 0.0040517377201467761 0.0045173054095357665 0.066385608166456236 0.092687252908945097 0.0060242856852710256 0.0061172591522336015 0.014753893017768862 0.17500000447034839 1.0000000180025095e-35 -0.0084869600832462293
decision_type=2 2 10 10 10 10 2 8 10 10 10 2 2 2
left_child=1 -1 3 7 6 -6 -5 8 10 -10 11 -2 13 -11
right_child=2 -3 -4 4 5 -7 -8 -9 9 12 -12 -13 -14 -15
leaf_value=-0.025785255611109892 -0.0092708053913276977 9.621140699083481e-05 0.0010991947638850387 0.013591599936795852 -0.012878605035030397 -0.002703254800448948 4.0513157490561509e-05 -0.014769156472191045 0.020357554328343012 -0.0018794376250632194 5.2474856636596456e-05 0.0035243860498946952 -0.01016597507466881 0.0020845345475311288
leaf_weight=339.6972471177578 3007.4668957963586 453.11924175918102 39899.771188709885 1135.8429201729596 1761.7494366131723 23583.808596905321 1643.0630981586874 445.77221047878265 513.69170142710209 8127.359656855464 7930.3927141800523 878.21750113368034 811.8189320191741 33177.734957713634
leaf_count=2632 17306 2112 192428 8279 11592 129996 9954 2191 2634 37462 39994 4155 3699 155496
internal_value=-8.91178e-05 -0.0111762 -1.67021e-05 -0.000553095 -0.00252206 -0.00341534 0.00560822 0.000455994 0.000583336 0.00131785 -0.00206554 -0.00637729 0.00108085 0.0013043
internal_weight=123710 792.816 122917 83016.9 28124.5 25345.6 2778.91 54892.5 54446.7 42630.6 11816.1 3885.68 42116.9 41305.1
internal_count=619930 4744 615186 422758 159821 141588 18233 262937 260746 199291 61455 21461 196657 192958
is_linear=0
shrinkage=0.05


Tree=105
num_leaves=15
num_cat=0
split_feature=0 69 69 71 74 74 69 68 70 84 68 74 70 70
split_gain=35.9967 33.598 102.779 142.999 162.624 122.685 112.888 124.475 110.03 104.031 92.5915 87.905 109.761 124.182
threshold=0.012092667631804945 0.1011449657380581 0.090698454529047026 0.0098012350499629992 -0.0092260362580418569 -0.001162211818154901 0.085665073245763793 0.018985471688210968 0.00028452508558984851 1.5000000000000002 0.038458131253719337 -0.0042130858637392512 -0.0066560849081724873 -0.0033927974291145797
decision_type=2 10 10 2 2 2 10 10 2 2 10 2 2 2
left_child=-1 2 6 4 -4 -5 -2 -8 -6 -9 -10 -3 -13 -14
right_child=1 11 3 5 8 -7 7 9 10 -11 -12 12 13 -15
leaf_value=-0.009429059162845102 0.00027113351540731184 0.0034736611788711218 0.020884458701591724 0.031278877931039499 -0.011653727549055373 0.0083621083680413301 -0.023094944648556066 0.0078087643502840649 0.011099806031623055 -0.011272495253610501 -0.013478307486849717 0.020571409616360309 -0.023298435272219597 -0.003086105340786537
leaf_weight=1021.4118519611657 85293.170372892171 6256.4841620624065 802.69017770141363 777.50635173916817 2070.4570680484176 2308.6931589394808 1043.7338921055198 1251.9280114769936 1477.5590362623334 1637.3765242695808 506.83243633806705 458.1127592921257 784.00185771286488 17901.360460568219
leaf_count=12029 418530 30716 3682 3847 10103 11638 5211 6608 7154 8559 2741 2081 4043 92345
internal_value=-0.00012728 -4.90024e-05 0.000374267 0.00582048 0.000466993 0.0142179 -0.000111203 -0.00838234 -0.00361625 -0.00300622 0.00478622 -0.00166777 -0.00334903 -0.00394618
internal_weight=123591 122570 97169.9 7943.74 4857.54 3086.2 89226.2 3933.04 4054.85 2889.3 1984.39 25400 19143.5 18685.4
internal_count=619287 607258 478073 39165 23680 15485 438908 20378 19998 15167 9895 129185 98469 96388
is_linear=0
shrinkage=0.05


Tree=106
num_leaves=15
num_cat=0
split_feature=5 51 31 8 69 73 13 73 70 69 69 73 84 73
split_gain=30.6686 52.3182 29.3737 34.8962 28.6912 44.8043 69.9233 34.2432 34.5573 31.8076 46.9181 42.3533 31.4828 27.133
threshold=0.71594694256782543 -0.3244954496622085 17.687108993530277 1.0000000180025095e-35 0.1107013262808323 0.43692485988140112 0.019139145500957969 0.78125637769699108 -0.00058230204740539182 0.1354017108678818 0.14754705131053927 0.70001438260078441 2.5000000000000004 0.73000267148017894
decision_type=2 10 2 2 8 2 8 2 2 10 10 2 2 2
left_child=1 -1 -2 4 -4 6 12 9 -9 11 -11 -7 -6 -5
right_child=2 -3 3 13 5 7 -8 8 -10 10 -12 -13 -14 -15
leaf_value=0.0015184944442990364 -0.00082598110019311958 -0.02431662818109992 0.0009319210451254026 0.0050987494231891388 0.018408843249787085 -0.0038932326757679368 -0.010931480419852417 0.0098351800793598232 -0.0015774439228432525 0.0088180880407102702 -0.0095330544712435364 -0.014535473847116662 0.0015488034847941684 -0.0020059711347299152
leaf_weight=453.46941565722227 42368.466840595007 333.62810209020972 57474.265173669904 7159.8323266282678 765.59051763266325 6864.8343676291406 429.81257595121861 954.21552121266723 2118.4893034808338 1002.8886691965163 521.27595444023609 1075.4182240143418 433.67283160239458 1648.0566421039402
leaf_count=2135 208160 2599 286543 37690 3548 36372 2008 4674 11093 4847 2638 6036 2070 9019
internal_value=0.000175979 -0.00959996 0.000239407 0.000800531 0.000435143 -0.00157959 0.00619684 -0.00259419 0.00198711 -0.00408208 0.00252063 -0.00535108 0.0123752 0.00376861
internal_weight=123604 787.098 122817 80448.4 71640.5 14166.2 1629.08 12537.1 3072.7 9464.42 1524.16 7940.25 1199.26 8807.89
internal_count=619432 4734 614698 406538 359829 73286 7626 65660 15767 49893 7485 42408 5618 46709
is_linear=0
shrinkage=0.05


Tree=107
num_leaves=15
num_cat=0
split_feature=15 68 69 74 74 84 69 72 72 69 68 68 0 68
split_gain=32.7883 35.9556 45.2474 43.5101 46.3114 39.7609 37.6499 34.3009 66.6978 68.7493 76.325 76.0853 61.8831 57.9319
threshold=18.596875190734867 -0.029244812205433842 -0.074945528060197816 -0.016549087129533287 -0.014523303136229513 1.5000000000000002 -0.12024196237325667 0.0059765728656202563 0.0055949101224541673 0.053651142865419395 0.049116047099232681 0.033376039937138564 0.03140541538596154 0.066228810697793974
decision_type=8 8 8 2 2 2 10 10 8 8 10 10 2 10
left_child=1 6 -3 5 -5 -4 -1 8 9 11 12 -2 -11 -9
right_child=7 2 3 4 -6 -7 -8 13 -10 10 -12 -13 -14 -15
leaf_value=0.0067254877304189697 0.0094805491111156943 0.017011127566661875 0.0030360318961640759 0.016730304431888197 0.0015152911407440009 -0.014679436762956535 -0.0057811610496989853 0.00016672356470196609 -0.0094100869595651684 -0.0057480871747721696 0.010412743564993887 -0.014132293786147785 0.001603270725225342 -0.011316485816841264
leaf_weight=732.51904262974858 2331.5598133355379 460.38685318827629 526.29732808470726 497.63385191187263 34433.277601934969 774.4509741589427 3185.2965273857117 61554.693843729794 2898.6553074270487 9655.560158316046 1040.7658491842449 390.22640071436763 4062.127226665616 1108.2759440466762
leaf_count=3205 12223 2054 2464 2348 174688 3753 14786 297235 15607 58411 5628 2192 19428 5731
internal_value=-4.84074e-05 0.00111572 0.00160207 0.00140163 0.00173677 -0.00754308 -0.00343161 -0.000617766 -0.00239915 -0.00123184 -0.00257904 0.0060558 -0.0035716 -3.81451e-05
internal_weight=123652 40609.9 36692 36231.7 34930.9 1300.75 3917.82 83041.9 20378.9 17480.2 14758.5 2721.79 13717.7 62663
internal_count=619753 203298 185307 183253 177036 6217 17991 416455 113489 97882 83467 14415 77839 302966
is_linear=0
shrinkage=0.05


Tree=108
num_leaves=15
num_cat=0
split_feature=72 72 71 70 72 73 84 73 73 72 71 72 74 71
split_gain=35.8437 55.8205 85.1725 75.1884 70.8877 62.1161 55.4837 63.5933 52.6382 101.545 118.222 97.6904 103.274 134.622
threshold=0.002945420797914267 0.0037568438565358524 0.016836371272802356 -0.0014146505855023859 0.0045173054095357665 0.59505420923233043 3.5000000000000004 0.5629803240299226 0.71822267770767223 0.0058709785807877788 0.010609630029648544 0.0054202263709157714 0.0071844139602035293 -0.0060752178542315951
decision_type=10 10 2 2 10 2 2 2 2 10 2 10 2 2
left_child=-1 2 3 -2 6 -5 7 -3 11 10 -10 12 13 -6
right_child=1 4 -4 5 8 -7 -8 -9 9 -11 -12 -13 -14 -15
leaf_value=-0.0098844631584989184 0.014348999714330663 -0.015514724912006825 0.027835571293395103 -0.013698090459302363 0.017908418075792416 0.0031407930830869369 0.0035657091251248435 -0.0038130240719353413 -0.019138599281456413 -0.00032045259002331573 -0.00097705326805323854 0.00032040114750409834 0.01972719379597157 0.00030437438326939051
leaf_weight=874.59493183717132 1167.262436106801 1551.1734273321927 381.53429671376944 681.7509486861527 1338.8038787916303 2619.5030574202538 1629.1431130804121 4571.9378320090473 1699.1261614747345 16117.628660656512 1885.9416978880763 82286.656955048442 1173.5977017059922 5575.7044094465673
leaf_count=5364 6708 8362 2005 3721 6809 15582 9070 26214 9766 81582 10639 396521 6235 30734
internal_value=0.00014425 0.000216545 0.00546788 0.00350018 -5.322e-08 -0.000367517 -0.00461818 -0.00679789 0.000325571 -0.0020155 -0.00961393 0.000836115 0.00607601 0.00373385
internal_weight=123554 122680 4850.05 4468.52 117830 3301.25 7752.25 6123.11 110077 19702.7 3585.07 90374.8 8088.11 6914.51
internal_count=619312 613948 28016 26011 585932 19303 43646 34576 542286 101987 20405 440299 43778 37543
is_linear=0
shrinkage=0.05


Tree=109
num_leaves=15
num_cat=0
split_feature=0 15 68 69 69 69 74 74 74 68 71 74 74 74
split_gain=34.5922 31.0176 40.9016 131.611 122.608 113.175 83.4796 72.3186 92.959 102.499 84.4321 68.2584 83.0506 108.759
threshold=0.012092667631804945 27.824911117553714 -0.029244812205433842 -0.078645620495080934 0.034159434959292419 0.018627568148076538 -0.019179445691406723 0.0021507190540432934 -0.016549087129533287 -0.087453853338956819 -0.041597483679652207 -0.017591366544365879 -0.016549087129533287 -0.014523303136229513
decision_type=2 8 8 8 8 10 2 2 2 10 2 2 2 2
left_child=-1 2 4 -4 5 7 -5 8 9 -2 -10 -8 -13 -14
right_child=1 -3 3 6 -6 -7 11 -9 10 -11 -12 12 13 -15
leaf_value=-0.0091241834360073805 0.019720083221064603 -0.0010773849854382208 0.021937527143084324 -0.0096163618844054034 0.022207426971567926 -0.026586711771344786 0.020987417848902037 0.0045475806153427627 -0.025143127829028823 -0.0044017483562338484 -0.0063388632153476444 -0.018357948532764911 0.017067574059352934 0.00089282014749764149
leaf_weight=1008.3862025551498 638.53250344097614 37129.175239298493 736.08641395717859 1854.0242106467485 469.71433691680431 501.27151366323233 418.89848171919584 2617.9821109846234 726.6819973886013 1364.0362328663468 3214.8181271031499 540.97282795608044 1044.6762402206659 71377.059637226164
leaf_count=11991 2888 184991 3246 9021 2087 2427 1877 11744 3307 6465 14708 2519 4863 357604
internal_value=5.29571e-05 0.000129156 0.000653144 0.00104059 -0.00243236 -0.0037324 0.000833247 -0.00236492 -0.00541197 0.00334943 -0.0098606 0.00109854 0.000981488 0.00112846
internal_weight=123642 122634 85504.8 75971.7 9533.04 9063.32 75235.6 8562.05 5944.07 2002.57 3941.5 73381.6 72962.7 72421.7
internal_count=619738 607747 422756 379130 43626 41539 375884 39112 27368 9353 18015 366863 364986 362467
is_linear=0
shrinkage=0.05


Tree=110
num_leaves=15
num_cat=0
split_feature=72 72 69 69 71 72 69 72 69 71 69 54 72 57
split_gain=29.7831 50.5454 102.646 73.006 85.9769 69.0342 61.9188 55.8303 80.37 71.434 54.7321 49.3292 41.5314 36.2068
threshold=0.002945420797914267 0.0037568438565358524 0.044806351885199554 0.054717440158128745 0.016836371272802356 0.0045173054095357665 0.10902005061507226 0.003391561447642744 0.066504724323749556 0.0044199428521096715 0.088832098990678801 0.86143636703491222 0.0042446523439139136 0.0086959386244416254
decision_type=10 10 10 10 2 10 10 10 10 2 10 8 10 10
left_child=-1 2 -2 -4 7 6 11 -5 9 -9 -10 -3 -8 -7
right_child=1 5 3 4 -6 13 12 8 10 -11 -12 -13 -14 -15
leaf_value=-0.0092633988747233258 -0.012396054676975242 -0.0087959109355115524 0.025072810648972085 0.011321621287514535 0.027656751319793865 -0.0019195852244716226 0.01409747603802947 -0.003741488370800248 -0.026949151605620454 0.020759607569271695 -0.00099668399664906834 0.0017184711900664112 -0.0065658314349972607 0.00051509260018088165
leaf_weight=864.43188486993313 714.49162204936147 5230.5863051787019 535.41563051193953 1185.467661332339 378.05529225617647 18304.376751460135 654.42263705283403 766.60596153512597 413.05281439423561 473.62407771125436 392.3709835074842 1413.458225145936 376.04513754695654 91861.905653145164
leaf_count=5341 4535 30579 2983 6915 1973 99110 3612 4332 2429 2681 2135 7129 2041 443504
internal_value=-6.84429e-05 -2.91397e-06 0.00498933 0.00800904 0.00541538 -0.000209172 -0.00479114 0.00273574 -0.0022707 0.0057063 -0.0144734 -0.00655985 0.00656625 0.000110428
internal_weight=123564 122700 4859.08 4144.59 3609.18 117841 7674.51 3231.12 2045.65 1240.23 805.424 6644.04 1030.47 110166
internal_count=619299 613958 27983 23448 20465 585975 43361 18492 11577 7013 4564 37708 5653 542614
is_linear=0
shrinkage=0.05


Tree=111
num_leaves=15
num_cat=0
split_feature=27 0 72 72 74 74 73 74 74 74 71 73 71 74
split_gain=28.6878 58.655 40.1253 90.6718 62.9884 58.1237 55.0637 77.8922 68.9366 121.572 90.8694 80.5536 65.941 86.8222
threshold=0.74786829948425304 0.023440293036401275 0.0080920867621898668 0.007961741182953121 0.018496754579246048 -0.017591366544365879 0.5741296410560609 -0.010588163975626229 -0.00085763400420546521 -0.00030105040059424931 -0.02081507537513971 0.4023988544940949 -0.0083502870984375459 -0.0021285761613398786
decision_type=2 2 8 10 2 2 2 2 2 2 2 2 2 2
left_child=1 -1 3 4 5 -2 8 -8 10 -10 -7 -12 13 -9
right_child=2 -3 -4 -5 -6 6 7 12 9 -11 11 -13 -14 -15
leaf_value=-0.0043509604469424258 0.018008434489189599 1.7282079210099774e-05 -0.00055402279715064057 0.018442281457442485 0.019989334750513246 0.010590123906794879 0.018034553708678402 -0.00017450095886974235 0.027331540788072206 -2.7809029505941829e-05 -0.019366943828590159 -0.0046132965782923283 0.001028605839517406 0.023095622730222684
leaf_weight=10440.638393454254 490.83897034078836 29036.243701726198 43778.536707066 776.49088565632701 435.6392736248672 766.83631788566709 739.3573282957077 798.70383627712727 429.62917894497514 5313.0866631753743 1157.4841253235936 4510.8314704075456 24190.186710309237 794.38617407158017
leaf_count=63087 2396 134278 208106 3700 2175 3528 3614 3925 2150 27420 5744 23251 132642 3872
internal_value=-2.6884e-05 -0.00113882 0.000494627 0.00163073 0.00129674 0.00108391 0.00086466 0.0021424 -0.00191765 0.00206298 -0.00546764 -0.00765483 0.00167986 0.0115007
internal_weight=123659 39476.9 84182 40403.5 39627 39191.3 38700.5 26522.6 12177.9 5742.72 6435.15 5668.32 25783.3 1593.09
internal_count=619888 197365 422523 214417 210717 208542 206146 144053 62093 29570 32523 28995 140439 7797
is_linear=0
shrinkage=0.05


Tree=112
num_leaves=15
num_cat=0
split_feature=74 74 70 69 69 74 71 71 84 69 84 74 74 69
split_gain=34.0927 118.981 63.133 103.018 105.317 87.6394 56.3796 93.8564 162.243 159.16 159.079 88.2594 79.6631 63.311
threshold=0.0069592213258147248 0.0066241289023309955 0.01275134924799204 -0.088456358760595308 -0.060190718621015542 0.01096113817766309 -0.025613646954298016 0.018247541971504692 3.5000000000000004 -0.015680044423788782 1.5000000000000002 0.012778390198946001 0.027833558619022373 0.018627568148076538
decision_type=2 2 2 8 10 2 2 2 2 10 2 2 2 8
left_child=1 -1 3 -2 -5 -4 -7 8 9 -8 -9 -11 13 -12
right_child=2 -3 5 4 -6 6 7 10 -10 11 12 -13 -14 -15
leaf_value=-0.00021809677745183802 0.027199295084826564 -0.014987878562776428 -0.01716179578898358 -0.010256962735144839 0.0038963307018376188 -0.011534043315311885 0.022526500318207982 -0.018337840095651908 -0.016653500651443134 0.022439367427960467 -0.010744680052925526 -0.0013016774632176582 0.019036342630118469 0.0074389838516470382
leaf_weight=93521.490776441991 431.65651807188988 1373.7321202531457 814.18572226911783 1421.5007258839905 16112.915903680027 977.98902989551425 1452.9122548811138 1385.2166836000979 704.91702858731151 453.16182232275605 1002.4258977994323 2523.3576781004667 567.74351949989796 898.52230046316981
leaf_count=472108 1866 7138 3894 7078 80679 4454 6516 6641 3394 2131 4676 12162 2663 4348
internal_value=2.35256e-05 -0.000433465 0.00153173 0.00334612 0.00274374 -0.00149234 -0.000196315 0.00104876 0.00547083 0.00902137 -0.00484143 0.00237582 0.00277502 -0.00215585
internal_weight=123642 94895.2 28746.5 17966.1 17534.4 10780.4 9966.25 8988.26 5134.35 4429.43 3853.91 2976.52 2468.69 1900.95
internal_count=619748 479246 140502 89623 87757 50879 46985 42531 24203 20809 18328 14293 11687 9024
is_linear=0
shrinkage=0.05


Tree=113
num_leaves=15
num_cat=0
split_feature=5 66 74 31 62 16 73 68 74 22 73 68 68 74
split_gain=29.3127 37.5535 27.4488 27.4633 26.4162 34.7739 34.578 78.8787 97.105 86.1787 77.243 65.0038 88.736 73.2732
threshold=0.71594694256782543 -0.11051903665065764 -0.04474180564284324 17.506383895874027 1.0000000180025095e-35 3.5343118906021123 0.31674617528915411 -0.022642364725470539 0.0021507190540432934 35.44984436035157 0.34461727738380438 -0.036575015634298318 -0.037996767088770859 0.011944177094846966
decision_type=2 10 2 2 2 2 2 10 2 10 2 10 10 2
left_child=1 -1 -2 -4 6 -6 11 8 9 -8 -9 12 -5 -13
right_child=2 -3 3 4 5 -7 7 10 -10 -11 -12 13 -14 -15
leaf_value=0.00012345278864531138 -0.011436394012355054 -0.021955699143032734 -0.0009725597903359859 0.0022191359489160379 -0.012134724747495091 0.0050722734422608048 0.013648442994880203 -0.01157762411959024 -0.019396572437811465 -0.0094505348726531459 0.00094125367867486259 0.012106631277010005 -0.01991653087129315 -0.0093076240175053136
leaf_weight=440.85153093189001 495.64403123036027 331.82851622253656 33893.051371872425 8277.1648375503719 860.85955648124218 436.0574850961566 660.72388852015138 1243.9707734398544 1091.4404971003532 1004.6037467010319 70951.274144623429 2904.7661781981587 468.93337355554104 455.37129534780979
leaf_count=2162 2690 2493 166393 37525 3927 2024 3083 5955 5153 4810 365878 12970 2232 2067
internal_value=0.0001277 -0.00951784 0.000189189 0.000237256 0.000701399 -0.00635474 0.000807233 0.000406555 -0.00787864 -0.00025918 0.000723972 0.00328552 0.00101091 0.00918553
internal_weight=123517 772.68 122744 122248 88355.2 1296.92 87058.2 74952 2756.77 1665.33 72195.2 12106.2 8746.1 3360.14
internal_count=619362 4655 614707 612017 445624 5951 439673 384879 13046 7893 371833 54794 39757 15037
is_linear=0
shrinkage=0.05


Tree=114
num_leaves=15
num_cat=0
split_feature=28 15 69 74 70 70 69 71 74 69 70 68 69 74
split_gain=32.151 26.3115 26.3208 97.2786 113.354 105.21 88.6 122.218 154.516 120.705 109.992 107.721 94.3864 129.932
threshold=2.1857140064239506 1.0000000180025095e-35 0.1011449657380581 -0.0042130858637392512 -0.0066560849081724873 -0.0030925977043807502 0.090698454529047026 0.0098012350499629992 -0.0092260362580418569 0.085665073245763793 0.00028452508558984851 0.018985471688210968 0.092290237545967116 -0.001162211818154901
decision_type=2 10 10 2 2 2 10 2 2 10 2 10 10 2
left_child=1 -1 6 -4 -5 -6 9 8 -8 -3 -10 -11 -9 -14
right_child=-2 2 3 4 5 -7 7 12 10 11 -12 -13 13 -15
leaf_value=-0.012030530587894066 -0.0088662932618250433 0.00038051087172583922 0.0040283154149895464 0.021009960926739474 -0.020688884430139429 -0.0029270956670927922 0.020255867756487477 -0.0092618896225337959 -0.011490219098725505 -0.022433426008367067 0.004967126192406174 -0.0036145520480566611 0.036235271973896477 0.010407169920885964
leaf_weight=441.50862743705511 1017.0286964811385 84968.216410253197 6261.6853764094412 463.61702004447579 865.37514451518655 17713.435708645731 816.50972213968635 397.92291378229856 2070.4815406538546 1025.1786270998418 1974.6145206466317 2884.7351011931896 635.40573861449957 2043.6008551754057
leaf_count=2126 4839 422795 30894 2097 4604 92183 3742 1999 10207 5190 9916 15463 3137 10390
internal_value=-5.65371e-05 1.72841e-05 6.18226e-05 -0.00137369 -0.0031512 -0.0037651 0.000437113 0.0054947 0.000553065 -1.51948e-05 -0.00346412 -0.0085935 0.0132755 0.016645
internal_weight=123579 122562 122121 25304.1 19042.4 18578.8 96816.7 7938.54 4861.61 88878.1 4045.1 3909.91 3076.93 2679.01
internal_count=619582 614743 612617 129778 98884 96787 482839 39391 23865 443448 20123 20653 15526 13527
is_linear=0
shrinkage=0.05


Tree=115
num_leaves=15
num_cat=0
split_feature=15 70 70 73 69 69 70 69 69 70 69 84 70 69
split_gain=33.8549 40.8488 65.8058 36.2508 39.9499 50.6795 35.6702 33.3307 32.3637 67.2027 54.1272 82.8664 109.567 70.1022
threshold=18.596875190734867 -0.0091816666536033136 -0.011412478052079676 0.85966211557388317 0.060013568028807647 1.0000000180025095e-35 -0.0071474877186119548 0.045433614403009422 0.1011449657380581 -0.0054978525731712571 0.093763429671525969 2.5000000000000004 0.0055465651676058778 0.085665073245763793
decision_type=8 2 2 2 10 10 2 10 10 2 10 2 2 10
left_child=1 2 -1 8 5 -5 -3 -4 10 -10 13 12 -12 -2
right_child=3 6 7 4 -6 -7 -8 -9 9 -11 11 -13 -14 -15
leaf_value=-8.5324527391132202e-06 0.00020525052153227302 0.0086113856955255877 -0.021959810818904073 -0.01211668289981193 -0.019345700008858876 0.0082803944630474944 0.0014374047581207508 -0.0039959345914278577 0.0059829432040874944 -0.0035181930203831745 -0.0065450644036858258 0.014249510514402479 0.01981723927005578 -0.006701621150703981
leaf_weight=3800.4600361287594 56374.422681935132 1816.6771096922457 583.87134395167232 649.01846894994378 507.38169365003705 556.76242781057954 33912.63123658672 466.30876881629229 2118.0708915926516 14865.11977885291 1709.0615874715149 1660.9705896452069 501.39996894821525 3919.8056105971336
leaf_count=17867 279751 8484 2803 3547 2900 3006 171716 2194 10190 77197 8471 8090 2478 20294
internal_value=3.67882e-05 0.00121985 -0.0030813 -0.000542669 -0.00771907 -0.00270781 0.00180448 -0.0140963 -0.000390233 -0.00233043 0.000123576 0.00584673 -0.000502973 -0.000244811
internal_weight=123442 40579.9 4850.64 82862 1713.16 1205.78 35729.3 1050.18 81148.9 16983.2 64165.7 3871.43 2210.46 60294.2
internal_count=618988 203064 22864 415924 9453 6553 180200 4997 406471 87387 319084 19039 10949 300045
is_linear=0
shrinkage=0.05


Tree=116
num_leaves=15
num_cat=0
split_feature=1 8 0 69 74 25 75 1 59 31 69 6 69 1
split_gain=39.5096 37.1714 32.9849 31.4809 50.8961 45.6564 30.9542 30.5745 29.5942 28.5266 26.593 34.5587 58.5415 26.5422
threshold=0.0056360953021794566 1.0000000180025095e-35 0.026715530082583431 0.15864480286836627 0.0020437201019376521 0.0095672630704939383 0.31072802841663366 0.022964371368288997 6.5000000000000009 18.132062911987308 -0.051937524229288094 0.40137481689453131 -0.1383535638451576 0.0045766350813210019
decision_type=10 2 2 8 2 10 10 10 10 2 10 10 10 10
left_child=13 2 7 8 6 -6 -5 10 -4 -3 11 12 -2 -1
right_child=1 9 3 4 5 -7 -8 -9 -10 -11 -12 -13 -14 -15
leaf_value=-0.028879052856348349 0.0088091433700685472 0.00026731434783916556 0.0003409760411974234 -0.00082571325276188006 0.0088214818309831945 -0.0079102335674793925 0.014228227019467479 -0.0080301222632610508 -0.006407935841894326 0.004822671125661023 -0.00067717733608234766 -0.0084814348729842868 -0.011997114174910702 -0.0032638720947902357
leaf_weight=185.06752161681652 914.84009507670999 7083.9948618635535 61068.822213515639 446.84568566083908 663.99476546049118 1022.4028516858816 1423.7046058624983 1639.8086818233132 1658.732662409544 6667.3355162553489 37585.111162431538 2531.1444079019129 522.95168779417872 216.02488941326737
leaf_count=2754 5111 35918 280345 1970 2994 4731 6405 8277 7803 35213 208918 14454 2553 2363
internal_value=-2.30025e-05 2.86193e-05 -0.000279225 0.000421366 0.00499052 -0.00130919 0.0106468 -0.00135419 0.000161519 0.00247788 -0.00108887 -0.00497605 0.00121092 -0.0154979
internal_weight=123631 123230 109478 66284.5 3556.95 1686.4 1870.55 43193.9 62727.6 13751.3 41554 3968.94 1437.79 401.092
internal_count=619809 614692 543561 304248 16100 7725 8375 239313 288148 71131 231036 22118 7664 5117
is_linear=0
shrinkage=0.05


Tree=117
num_leaves=15
num_cat=0
split_feature=73 72 68 70 69 73 70 68 69 68 72 72 69 68
split_gain=31.2727 60.55 56.8705 141.273 80.8081 108.62 80.709 84.8904 80.5101 104.187 84.0825 90.7707 82.4944 59.3107
threshold=0.71822267770767223 0.002945420797914267 0.041905201971530921 -0.0022883981000632043 0.080673165619373335 0.66104114055633556 0.0037414623657241468 0.051140634343028075 0.10951106622815134 0.015533334575593473 0.0068157545756548652 0.00649542035534978 0.11618308350443841 0.021005612798035148
decision_type=2 10 10 2 10 2 2 10 10 10 10 10 10 10
left_child=1 -1 8 -4 6 -6 -5 -8 -3 -10 11 -11 -12 -14
right_child=-2 2 3 4 5 -7 7 -9 9 10 12 -13 13 -15
leaf_value=-0.017389168405851977 -0.0017159690001940777 0.00060986802364734142 -0.0096979241695564246 0.027575551542731443 0.013205590676727256 -0.002986553684932048 -0.0068471126929858933 0.022479591440613497 0.01430253325681477 -0.0071726665038931159 -0.012244587609691443 -0.025848857695864959 -0.01113284172111554 0.0051584475229734701
leaf_weight=468.46109298616648 22180.902663640678 83726.079407718033 1386.6597557589412 874.55297270044684 1828.8054909259081 2364.7668306156993 530.59608819708228 445.69839200004935 700.4318380355835 3237.1128976233304 1287.1557419337332 808.98839059099555 666.87362728267908 3196.0768217854202
leaf_count=2778 117297 411831 6820 4217 8626 12243 2591 2111 3449 17737 6653 4344 3328 16187
internal_value=-1.5607e-05 0.000356026 0.000440001 0.00464716 0.00794867 0.00408941 0.0166238 0.0066333 0.000105607 -0.00415678 -0.00557674 -0.0109614 -0.00133336 0.00232455
internal_weight=123703 101522 101054 7431.08 6044.42 4193.57 1850.85 976.294 93622.7 9896.64 9196.21 4046.1 5150.11 3862.95
internal_count=620212 502915 500137 36608 29788 20869 8919 4702 463529 51698 48249 22081 26168 19515
is_linear=0
shrinkage=0.05


Tree=118
num_leaves=15
num_cat=0
split_feature=70 59 70 74 68 68 68 74 70 68 73 68 70 74
split_gain=32.5031 31.774 62.7566 42.2078 128.152 49.3325 36.647 41.9273 36.3671 40.8838 153.148 98.614 105.201 85.172
threshold=-0.044312106445431702 1.5000000000000002 0.028627929277718071 0.021271942183375362 -0.020313972607254979 0.018250810913741592 0.064782563596963896 0.019536812789738182 0.017800934612751011 0.012093733064830305 0.54551473259925853 -0.00049101126205641765 -0.00037759752012789244 -0.00074055494042113413
decision_type=2 10 2 2 8 10 10 2 2 10 2 10 2 2
left_child=-1 2 3 6 -5 -6 7 8 9 10 -2 -12 -13 -11
right_child=1 -3 -4 4 5 -7 -8 -9 -10 13 11 12 -14 -15
leaf_value=-0.013305496844158163 -0.00040231039836566745 0.0014778895556127694 -0.019159437303285235 -0.0090825426335630084 0.030888586117972256 0.0083294186995712931 -0.009415488777517269 -0.011912287690188162 0.0096617593707646471 0.002990000749363609 0.013667442695030084 -0.020337703354083015 -0.005015018480073039 -0.0010907534470848289
leaf_weight=451.59953289106488 31642.797870170325 27691.814979437739 435.90972873568535 680.83025572448969 455.24635409936309 527.35628626123071 1128.301969692111 772.64216176047921 898.89657107368112 20821.828715793788 400.32719598338008 2048.2659846842289 2477.3734984025359 33099.989822659642
leaf_count=2623 151231 128214 2120 3176 2050 2635 6235 3666 4197 108721 1951 10469 13065 179160
internal_value=-6.24914e-05 -1.28244e-05 -0.000445691 -0.000357772 0.0075128 0.0189871 -0.0004989 -0.000388728 -0.000290011 -0.000389925 -0.00168023 -0.00987172 -0.0119795 0.000485286
internal_weight=123533 123082 95389.8 94953.9 1663.43 982.603 93290.4 92162.1 91389.5 90490.6 36568.8 4925.97 4525.64 53921.8
internal_count=619513 616890 488676 486556 7861 4685 478695 472460 468794 464597 176716 25485 23534 287881
is_linear=0
shrinkage=0.05


Tree=119
num_leaves=15
num_cat=0
split_feature=27 73 62 13 73 71 68 74 84 71 74 74 70 68
split_gain=27.4451 33.2544 32.0176 36.88 35.741 100.577 148.761 91.4932 134.346 112.478 97.3465 97.305 158.462 87.7551
threshold=0.5065525770187379 0.68263044953346264 1.0000000180025095e-35 0.15902742743492129 0.15441858023405078 -0.014376746024936436 -0.093901820480823503 -0.019179445691406723 3.5000000000000004 0.0013466962263919415 -0.022224651649594303 -0.017201921902596947 -0.016846109181642529 -0.087453853338956819
decision_type=2 2 2 8 2 2 10 2 2 2 2 2 2 10
left_child=1 -1 3 4 5 13 -7 8 9 10 -6 12 -9 -2
right_child=2 -3 -4 -5 7 6 -8 11 -10 -11 -12 -13 -14 -15
leaf_value=-0.00063633907920688853 0.0045510761725675595 -0.0073485142913983226 -0.0064167593050499351 -0.013228242979381783 0.0067565973236933877 0.0019380687166432474 0.02888841512100325 0.034655071232015666 -0.026745270962246534 -0.026360452156687614 -0.013186012747556701 0.0003300526961528648 -0.00061846415056691115 -0.0135999221196564
leaf_weight=6142.3698561564088 2020.1319945603609 2629.0434901192784 1765.241488032043 487.84197064116597 2005.9022705405951 1274.1535219401121 847.81470837071538 534.76518673449755 710.435825612396 432.92648945376277 868.653284676373 102040.79799994454 765.40102460607886 981.07576166465878
leaf_count=29698 9220 13971 8148 2441 9446 5615 3706 2437 3892 2185 4117 516568 3498 4492
internal_value=3.98139e-05 -0.00265425 0.000245986 0.000350655 0.000410719 0.00448658 0.0127908 0.000215818 -0.00717723 -0.00290613 0.00070538 0.000503928 0.0140435 -0.00140783
internal_weight=123507 8771.41 114735 112970 112482 5123.18 2121.97 107359 4017.92 3307.48 2874.56 103341 1300.17 3001.21
internal_count=619434 43669 575765 567617 565176 23033 9321 542143 19640 15748 13563 522503 5935 13712
is_linear=0
shrinkage=0.05


Tree=120
num_leaves=15
num_cat=0
split_feature=54 74 71 68 74 5 14 71 58 72 74 71 74 14
split_gain=27.2634 79.2084 89.357 60.767 68.818 59.967 71.4487 72.1163 51.6494 48.4238 46.7961 47.3668 55.381 44.4534
threshold=0.42288906872272497 0.017288482747972015 0.0060152311343699702 0.066228810697793974 0.0054799753706902274 0.99184209108352672 -0.017267803661525246 0.043797345831990249 -0.0042710010893642894 0.0037568438565358524 0.014304503332823517 0.03935640491545201 0.0069592213258147248 0.065698679536581053
decision_type=8 2 2 10 2 2 10 2 2 10 2 2 2 8
left_child=3 8 -3 5 -5 6 7 -1 -2 -8 11 13 -13 -10
right_child=1 2 -4 4 -6 -7 9 -9 10 -11 -12 12 -14 -15
leaf_value=0.0032950329316294436 0.0026998806097459907 0.018891940438686632 0.0017702820299802847 -0.023963577196824175 0.0031600061617919092 -0.0023916755605763625 0.0093653752810648992 -0.012543330874567797 0.002154722824865089 -0.0025474648631085631 -0.010313180181018308 -0.00023940742576070495 0.021845647889861292 -0.0017181900444647486
leaf_weight=19015.770158320665 15003.017686922103 1212.9214986599982 2028.2608880475163 580.63163482770324 383.65810580551624 28022.058807000518 896.69990277662873 737.23678600415587 9954.8391905650496 14472.086410462856 1224.6061253398657 638.42652481421828 500.80452959239483 28884.52837851271
leaf_count=91574 71084 5597 9609 3147 2031 140963 5903 3556 48901 79334 5953 3104 2423 146461
internal_value=-0.000143207 0.000628031 0.00821598 -0.000858362 -0.0132504 -0.000667052 0.000709234 0.00269785 0.000189081 -0.00184677 -0.000725591 -0.000429403 0.00957477 -0.000725233
internal_weight=123556 59447.4 3241.18 64108.1 964.29 63143.9 35121.8 19753 56206.2 15368.8 41203.2 39978.6 1139.23 38839.4
internal_count=619640 293132 15206 326508 5178 321330 180367 95130 277926 85237 206842 200889 5527 195362
is_linear=0
shrinkage=0.05


Tree=121
num_leaves=15
num_cat=0
split_feature=74 72 72 72 73 73 68 68 72 70 68 73 68 73
split_gain=34.7588 32.7838 110.491 154.981 258.823 100.301 135.324 134.797 98.6468 94.445 90.1116 80.8816 86.1063 151.401
threshold=-0.04474180564284324 0.011327308136969806 0.010434513911604883 0.010200759395956995 0.46996656060218817 0.35068200528621679 0.031134178861975673 0.017673179507255558 0.011428485158830883 0.015401393640786411 -0.039554694667458527 0.15441858023405078 -0.029244812205433842 0.27290432155132299
decision_type=2 10 8 10 2 2 10 10 10 2 10 2 10 2
left_child=-1 2 3 9 -5 10 7 -7 -3 11 -4 -2 -13 -14
right_child=1 8 5 4 -6 6 -8 -9 -10 -11 -12 12 13 -15
leaf_value=-0.013380560040355476 0.020008212654559109 0.022251260401836628 -0.0086302911586254739 0.045112391074004693 0.0011843612142423826 -0.0056424258736917955 -0.017290243016001114 0.01768983858114603 0.0010202564513551039 -0.017994171739838302 -0.039067530580208454 -0.011044135621994043 0.02382760378773173 -0.00022129289515694062
leaf_weight=472.73265916854143 484.86738106608391 546.00128875300288 575.30033135786653 493.8462126031518 1004.1849603652954 1838.2095887251198 1307.5148690529168 920.96442858502269 34399.454372916371 737.86698706075549 421.0270817540586 1801.8991538621485 649.995430521667 77903.684987451881
leaf_count=2610 2165 2520 2721 2228 5037 8741 6545 4462 159781 3642 2067 8377 2850 405910
internal_value=1.00115e-05 6.25236e-05 -0.000451301 -1.38586e-05 0.0158689 -0.00761488 -0.00410626 0.00218124 0.00135825 -0.000307426 -0.0217528 -0.000143785 -0.000267857 -1.92918e-05
internal_weight=123558 123085 88139.4 83076.3 1498.03 5063.02 4066.69 2759.17 34945.5 81578.3 996.327 80840.4 80355.6 78553.7
internal_count=619656 617046 454745 430209 7265 24536 19748 13203 162301 422944 4788 419302 417137 408760
is_linear=0
shrinkage=0.05


Tree=122
num_leaves=15
num_cat=0
split_feature=72 71 72 69 71 71 71 5 72 69 74 69 72 72
split_gain=31.3946 124.564 116.175 86.0762 70.1426 49.2712 43.2669 58.6441 41.1587 222.574 98.6031 92.4825 264.858 240.304
threshold=0.0040517377201467761 0.017012067139148716 0.0045173054095357665 0.095161151140928282 0.010167866945266725 0.0024043949088081722 0.0091969096101820486 0.99184209108352672 0.0080920867621898668 0.08398406952619554 -0.0074305415619164697 0.06351936981081964 0.006468190113082529 0.0064099095761775979
decision_type=8 2 10 8 2 2 2 2 10 8 2 10 10 10
left_child=1 3 -2 6 5 -5 7 -1 9 11 -11 -4 13 -13
right_child=2 -3 8 4 -6 -7 -8 -9 -10 10 -12 12 -14 -15
leaf_value=0.011179762153436548 -0.0073448241704618458 0.02318653966542103 0.0024406301002901374 -0.0030180490197543085 0.0031926656412738542 -0.026736931513786533 -0.0057008757994495111 2.5659429261926006e-05 -0.00069740770040452608 0.0057057744516529115 -0.0032989536089835301 0.00571130733630893 0.019254278334536978 -0.027617992580118534
leaf_weight=2496.0554965659976 5449.5243348293006 688.53933309018612 13773.736491255462 352.37961366027594 671.99630330502987 580.65590769425035 952.98038337007165 2224.4333935379982 63746.417697865516 3543.2224521003664 21066.048521600664 3841.8634350076318 3599.2100507058203 619.16117641702294
leaf_count=14633 30869 3702 71384 2264 3775 3459 5671 12500 302882 17353 110366 21080 17033 3035
internal_value=-1.60905e-05 0.00301775 -0.000225352 0.0010806 -0.00910733 -0.017906 0.00397374 0.00593479 0.000127382 0.00125937 -0.00200067 0.00493302 0.00918384 0.00103399
internal_weight=123606 7967.04 115639 7278.5 1605.03 933.036 5673.47 4720.49 110190 46443.2 24609.3 21834 8060.23 4461.02
internal_count=620006 46004 574002 42302 9498 5723 32804 27133 543133 240251 127719 112532 41148 24115
is_linear=0
shrinkage=0.05


Tree=123
num_leaves=15
num_cat=0
split_feature=0 7 74 72 73 74 68 68 73 68 73 68 70 73
split_gain=30.4718 35.2278 24.5342 78.8969 173.823 76.2406 269.114 68.3378 122.648 60.3032 143.725 128.935 128.11 107.491
threshold=0.011147324927151205 0.02783850580453873 0.0071844139602035293 0.0052601569332182416 0.58951714634895336 0.0058923510368913421 -0.020313972607254979 -0.0048844546545296899 0.46996656060218817 0.012831455096602442 0.54551473259925853 1.0000000180025095e-35 -0.017683968879282471 0.42794576287269598
decision_type=2 2 2 10 2 2 8 8 2 8 2 10 2 2
left_child=1 -1 5 4 -4 9 -7 -8 -9 10 13 -12 -11 -2
right_child=2 -3 3 -5 -6 6 7 8 -10 12 11 -13 -14 -15
leaf_value=-0.031554618257475318 -0.0024176098415907726 -0.0030875634644016228 0.034188009992035522 0.00057374660591022974 0.002388686099280923 0.028157035821385304 -0.026120949052321474 0.011442364913826308 -0.011042048308507548 -0.02188956642483695 0.015419227298425493 -0.01186993680829181 0.0013584710800078632 0.0037794084030027724
leaf_weight=151.0112476348877 20075.311411764473 342.18849697709084 559.96221471577883 25458.071760553867 1753.9034348987043 513.4212858825922 543.57314944267273 713.52277190238237 3782.507832031697 589.27195510268211 468.97208712249994 4613.3913947530091 53283.123218331486 10728.909715328366
leaf_count=2655 93190 4583 2829 122573 9663 2298 2634 3468 20048 2997 2250 23486 275185 52044
internal_value=2.13372e-05 -0.0122577 7.15312e-05 0.00137901 0.0101982 -0.000309545 -0.00598957 -0.0095172 -0.00745628 4.2483e-05 -0.00154515 -0.00932651 0.00110016 -0.000258703
internal_weight=123577 493.2 123084 27771.9 2313.87 95312 5553.03 5039.6 4496.03 89759 35886.6 5082.36 53872.4 30804.2
internal_count=619903 7238 612665 135065 12492 477600 28448 26150 23516 449152 170970 25736 278182 145234
is_linear=0
shrinkage=0.05


Tree=124
num_leaves=15
num_cat=0
split_feature=72 72 72 84 72 70 71 68 68 71 70 84 71 70
split_gain=29.0888 122.587 132.978 181.391 82.711 181.438 134.996 248.58 108.892 120.258 108.573 115.426 97.228 93.1854
threshold=0.011205004528164865 0.010434513911604883 0.010200759395956995 1.5000000000000002 0.013089691288769247 0.0034088919637724762 -0.03858648054301738 0.0074331911746412524 0.025928060524165634 0.0050644765142351398 0.014710957184433939 2.5000000000000004 0.030733732506632808 -0.0076312893070280543
decision_type=10 8 10 2 10 2 2 10 10 2 2 2 2 2
left_child=1 2 -1 -4 5 6 13 -8 9 -9 11 12 -7 -2
right_child=4 -3 3 -5 -6 10 7 8 -10 -11 -12 -13 -14 -15
leaf_value=-0.00024047064188790828 0.0074073632727334584 -0.0084374219123690194 0.031988531882896798 -0.0025468055362691923 -0.00036661429824957979 -0.0064280738332221608 0.025849951615089573 -0.016053720820433857 0.013799006650263266 0.012965833663196636 0.010877600333583063 0.0035404921798699363 -0.028704789331457384 -0.023511369902559323
leaf_weight=81501.701607242227 531.65423016250134 4493.5976071096957 748.65555571764708 759.47426506876945 24397.683520853519 1589.5322314575315 2329.7554434016347 954.93374789506197 1443.0921239852905 557.49680091068149 1241.9653180725873 1794.8031866066158 703.46744362637401 434.49528607353568
leaf_count=422696 2516 21932 3506 3775 113219 7549 10337 4577 6815 2684 5757 8538 3570 2025
internal_value=8.88273e-05 -0.000403268 3.26115e-05 0.0146948 0.00128542 0.00476302 0.0105348 0.0136728 0.00401903 -0.00534192 -0.00201387 -0.00594757 -0.0133573 -0.00659578
internal_weight=123482 87503.4 83009.8 1508.13 35978.9 11581.2 6251.43 5285.28 2955.52 1512.43 5329.77 4087.8 2293 966.15
internal_count=619496 451909 429977 7281 167587 54368 28954 24413 14076 7261 25414 19657 11119 4541
is_linear=0
shrinkage=0.05


Tree=125
num_leaves=15
num_cat=0
split_feature=13 0 73 84 74 69 69 68 68 74 84 69 69 68
split_gain=28.2738 25.449 22.7987 55.7495 89.7389 46.8484 39.3458 69.6043 137.251 123.934 70.2796 63.8277 46.8139 109.344
threshold=0.15902742743492129 0.011147324927151205 0.077547188848257079 1.5000000000000002 -0.012016918975859879 -0.16990498453378675 -0.09301410615444182 -0.039554694667458527 -0.074038576334714876 -0.0092260362580418569 2.5000000000000004 -0.12452897801995276 -0.078645620495080934 -0.045510644093155854
decision_type=8 2 2 2 2 10 8 10 10 2 2 10 8 10
left_child=1 -1 3 5 -5 -3 7 8 11 -10 -11 -4 13 -8
right_child=-2 2 6 4 -6 -7 12 -9 9 10 -12 -13 -14 -15
leaf_value=-0.01126463747131076 -0.009579813484831546 0.0041221545463184387 -0.008078994581482651 0.025876543939902099 0.0016249320106521579 -0.016324734634274932 -0.0055612724095772479 0.0096393865831467199 -0.039924790015082062 -0.021731624461285109 0.0049522759396291955 0.011528858253515151 -2.3308072268448402e-05 0.020395788407382529
leaf_weight=490.04466686025262 766.35397420451045 707.69718232750893 824.51179537177086 587.00081467628479 1060.5557331368327 450.47762619704008 742.84505581855774 651.96139076352119 479.33901455998421 503.56415093690157 469.10932501405478 815.98280862346292 114100.6169010587 874.96077761054039
leaf_count=7245 3828 3142 3585 2652 4630 2091 3432 2910 2256 2339 2045 3723 571868 3931
internal_value=-6.80058e-05 -7.85035e-06 3.81837e-05 0.00448522 0.0103694 -0.00390243 -6.66271e-05 -0.00510409 -0.00823335 -0.0193737 -0.00894285 0.00168472 9.68042e-05 0.00851619
internal_weight=123525 122759 122269 2805.73 1647.56 1158.17 119463 3744.47 3092.51 1452.01 972.673 1640.49 115718 1617.81
internal_count=619677 615849 608604 12515 7282 5233 596089 16858 13948 6640 4384 7308 579231 7363
is_linear=0
shrinkage=0.05


Tree=126
num_leaves=15
num_cat=0
split_feature=69 71 74 68 69 69 69 73 74 69 73 74 71 71
split_gain=35.6559 102.735 41.7458 36.0732 164.069 157.505 149.198 94.7421 142.568 181.482 113.966 108.876 127.692 99.4894
threshold=-0.1383535638451576 -0.0302647091448307 -0.0034150431165471669 -0.029244812205433842 0.034159434959292419 -0.078645620495080934 0.019829462282359604 0.32293900847435003 0.0021507190540432934 -0.044045876711606972 0.24076612293720248 -0.016549087129533287 -0.041597483679652207 -0.02404883503913879
decision_type=8 2 2 8 8 8 10 2 2 10 2 2 2 2
left_child=1 2 -1 4 6 -5 7 8 11 -10 -11 -2 -13 -14
right_child=3 -3 -4 5 -6 -7 -8 -9 9 10 -12 12 13 -15
leaf_value=0.0074547127443932524 0.0035087242396665049 0.021839730206896356 -0.01242394542277464 0.020459384361054826 0.021623578040636346 -9.4740222096811893e-05 -0.028182420969738678 -0.014400170382989939 -0.0016831119923314966 0.0068083332628988222 0.036383383019721202 -0.028217703447956745 0.0038560296735036916 -0.012296673333834536
leaf_weight=496.81141286715865 2435.7842863984406 687.69294576719403 542.44692378863692 930.19589212536812 650.82506703957915 107510.88650789484 594.21968762204051 1508.2652820497751 2135.7800058014691 645.30735604837537 659.59245132654905 754.10375338420272 1578.3801068142056 2382.4729353636503
leaf_count=2334 11635 2843 2350 4067 2887 546131 2937 7182 9799 2878 2846 3567 7231 11081
internal_value=-0.00011709 0.00699616 -0.00294059 -0.000218524 -0.00267055 8.34411e-05 -0.00393217 -0.00271894 -0.00104347 0.00730639 0.0219207 -0.00506572 -0.00949339 -0.0058664
internal_weight=123513 1726.95 1039.26 121786 13344.7 108441 12693.9 12099.7 10591.4 3440.68 1304.9 7150.74 4714.96 3960.85
internal_count=619768 7527 4684 612241 62043 550198 59156 56219 49037 15523 5724 33514 21879 18312
is_linear=0
shrinkage=0.05


Tree=127
num_leaves=15
num_cat=0
split_feature=5 5 15 54 53 71 68 50 70 70 84 71 71 84
split_gain=23.6095 32.8627 24.6981 25.0234 73.8914 64.8866 84.4139 62.5949 59.5133 91.0155 57.3328 52.3476 92.9594 91.7362
threshold=0.71594694256782543 0.65828904509544384 1.0000000180025095e-35 0.36706303060054785 -0.14742230623960492 -0.017622965388000008 0.016732051968574527 0.038175573572516448 0.016361031681299213 0.015137062873691322 1.5000000000000002 -0.012753691989928482 -0.0083502870984375459 1.5000000000000002
decision_type=2 2 10 8 10 2 8 2 2 2 2 2 2 2
left_child=1 -1 -2 4 -4 6 7 -5 9 11 -8 -7 13 -13
right_child=2 -3 3 5 -6 8 10 -9 -10 -11 -12 12 -14 -15
leaf_value=-0.02023449332032707 -0.011870876685668545 0.00060358116272182588 0.00066883585465247043 0.0094953278900045332 -0.0031333072644037577 -0.0068045787260991603 0.03008535802481856 -0.00057986399594683316 0.0084234495660835667 -0.016133123846961181 0.0059737506791835461 -0.0002646524775957012 -3.3871842675872801e-05 0.016023763194715334
leaf_weight=331.63620687648654 418.44296463951468 422.79118341580033 38082.480814352632 2421.6740819737315 19219.474439777434 2540.0825254172087 515.75301548466086 4208.7575106807053 2134.0658195838332 857.66903607174754 475.79192049428821 1618.0686888955534 48394.419919524342 1845.0903560109437
leaf_count=2329 2036 2295 179789 11060 111703 12132 2290 18994 9941 4119 2228 7676 244588 8496
internal_value=5.84306e-05 -0.00870143 0.000112982 0.000154946 -0.000606754 0.00082631 0.0051576 0.00310872 0.000250266 -6.68654e-05 0.0186906 0.000189364 0.000533187 0.00843459
internal_weight=123486 754.427 122732 122313 57302 65011.4 7621.98 6630.43 57389.4 55255.3 991.545 54397.7 51857.6 3463.16
internal_count=619676 4624 615052 613016 291492 321524 34572 30054 286952 277011 4518 272892 260760 16172
is_linear=0
shrinkage=0.05


Tree=128
num_leaves=15
num_cat=0
split_feature=74 71 73 69 74 74 74 71 73 73 71 69 74 68
split_gain=25.903 59.6066 54.7846 36.7338 45.3818 35.4143 52.3821 95.8076 91.19 89.2075 73.5898 59.4437 37.007 177.013
threshold=-0.031177265569567677 -0.02404883503913879 0.12987624853849414 -0.1383535638451576 -0.0034150431165471669 -0.028786783106625077 -0.021459922194480893 -0.040122648701071732 0.37930208444595342 0.54829823970794689 -0.054346878081560128 -0.071767471730709062 -0.0099405101500451547 -0.065314467996358858
decision_type=2 2 2 8 2 2 2 2 2 2 2 10 2 8
left_child=1 2 -1 4 -2 -5 7 -7 -9 -10 11 -8 13 -12
right_child=3 -3 -4 5 -6 6 10 8 9 -11 12 -13 -14 -15
leaf_value=-0.0031432560319705782 0.020139111899990653 0.0063960129110576143 -0.026766513032138096 0.01276424885521575 0.00090660854021894471 0.012129074403296683 -0.025950801679640013 -0.025177960087931852 0.012176017458298547 -0.015602458423982654 0.027063651720646481 -0.00095109488479997817 -0.00011897960155736052 0.0012781328600714684
leaf_weight=549.20635829493403 495.33287305012345 569.87781184911728 438.21718650683761 528.41670244932175 782.97347188740969 495.9871130399406 478.53736137971282 798.24647407606244 512.32893958315253 637.71474969387054 699.22255009785295 464.79414155706763 105112.93380898982 10836.286634456366
leaf_count=2878 2055 2693 2308 2496 3334 2259 2280 3898 2446 3306 3089 2187 533354 50905
internal_value=-2.28217e-05 -0.00640977 -0.0137905 5.93307e-05 0.00845752 -3.04066e-05 -8.77892e-05 -0.00731739 -0.0123046 -0.00322924 6.30956e-05 -0.0137722 0.000176152 0.0028632
internal_weight=123400 1557.3 987.424 121843 1278.31 120564 120036 2444.28 1948.29 1150.04 117592 943.332 116648 11535.5
internal_count=619488 7879 5186 611609 5389 606220 603724 11909 9650 5752 591815 4467 587348 53994
is_linear=0
shrinkage=0.05


Tree=129
num_leaves=15
num_cat=0
split_feature=7 2 8 0 68 69 73 14 27 73 73 73 69 72
split_gain=21.7076 34.3146 22.9413 27.6137 34.8471 33.6786 31.6549 29.4394 26.7225 25.278 23.9156 164.052 106.503 88.4837
threshold=0.02783850580453873 0.010789110790938141 1.0000000180025095e-35 0.018714291974902156 -0.020313972607254979 -0.039398560300469392 0.48414604365825659 0.034797323867678649 1.0645766854286196 0.41499881446361547 0.42794576287269598 0.42330278456211096 -0.010585022158920763 0.012653355952352287
decision_type=2 2 2 2 8 10 2 8 2 2 2 2 8 10
left_child=1 -1 3 4 7 6 -6 -2 9 -7 11 -5 13 -12
right_child=2 -3 -4 10 5 8 -8 -9 -10 -11 12 -13 -14 -15
leaf_value=-0.026465350515706018 -0.0018563273391971242 0.0019336647750663597 0.0019293371297031655 -0.00068700356169715076 0.0032693944106892978 -0.013549531774983607 -0.015832632573567231 0.018246506344707161 0.0013850118915097959 -0.0029711588384228526 0.015543561660514885 -0.030826833495624564 -6.2251475786681603e-05 0.0026610462939626323
leaf_weight=189.04111725836992 358.28841608762741 225.74866477772593 13619.387474767864 27476.086401134729 284.44678501784801 603.80705974251032 863.8542544990778 356.89550403878093 3625.4190759882331 7260.9441476762295 1973.53727401793 449.03852422535419 62233.094009943306 4080.1893254369497
leaf_count=3137 2017 1726 69920 124857 1739 3618 6483 2000 24230 50288 8848 2095 300928 18494
internal_value=-4.4138e-05 -0.0113276 -5.22789e-06 -0.000245855 -0.0023756 -0.00298515 -0.0111135 0.00828879 -0.00216387 -0.00379948 4.99569e-05 -0.00118252 0.000554062 0.0068795
internal_weight=123600 414.79 123185 109566 13353.7 12638.5 1148.3 715.184 11490.2 7864.75 96211.9 27925.1 68286.8 6053.73
internal_count=620380 4863 615517 545597 90375 86358 8222 4017 78136 53906 455222 126952 328270 27342
is_linear=0
shrinkage=0.05


Tree=130
num_leaves=15
num_cat=0
split_feature=59 18 31 54 53 72 73 69 70 68 84 70 72 68
split_gain=35.4525 30.3656 40.3445 30.058 43.4718 46.9214 46.3795 51.6996 42.0102 137.442 129.115 102.74 82.0087 81.0495
threshold=6.5000000000000009 70.766941070556655 20.146314620971683 0.44339132308959966 -0.079531885683536516 0.0092178275808691996 0.45145443081855779 -0.039398560300469392 -0.0084869600832462293 -0.065314467996358858 1.5000000000000002 -0.0071474877186119548 0.0063069402240216741 -0.040576038882136338
decision_type=8 2 2 10 10 10 2 10 2 8 2 2 10 8
left_child=1 3 -3 4 8 -6 7 -7 9 10 -1 12 -10 -11
right_child=-2 2 -4 -5 5 6 -8 -9 11 13 -12 -13 -14 -15
leaf_value=-0.004655572441080353 -0.0069517598758859255 -0.0042690133618542526 0.0099842212633089299 0.0013533484346520003 -0.0011484420677330875 -0.016380368905157726 -0.014000360060703064 0.003795714057031014 -0.0067675831760668839 -0.016368021016710529 0.021087869241280165 0.00028017822782117188 0.01700193110084209 -0.0033115286660693232
leaf_weight=902.70855192840099 1824.2639688365161 6380.0733685679734 528.87711645290256 39920.52783003822 7874.2983418889344 434.94804171845317 1687.6628952361643 1099.7262423224747 462.90585329011083 1429.6923932470381 1040.2067858800292 51381.888292510062 1594.7717990502715 6865.6062999591231
leaf_count=4184 8689 35193 3023 193147 51423 2216 9239 5728 2311 6758 4852 253468 7145 32188
internal_value=-5.23567e-05 5.17092e-05 -0.00316508 0.00024574 -0.000345691 -0.00323219 -0.00830486 -0.00199149 0.000157745 -0.00277475 0.00916447 0.000719981 0.0116477 -0.00557881
internal_weight=123428 121604 6908.95 114695 74774.4 11096.6 3222.34 1534.67 63677.8 10238.2 1942.92 53439.6 2057.68 8295.3
internal_count=619564 610875 38216 572659 379512 68606 17183 7944 310906 47982 9036 262924 9456 38946
is_linear=0
shrinkage=0.05


Tree=131
num_leaves=15
num_cat=0
split_feature=28 71 69 17 74 74 74 69 69 52 71 60 69 69
split_gain=29.2348 27.1593 61.62 43.1761 29.8606 102.138 55.2032 159.666 101.836 82.8739 40.8775 65.7648 57.6361 77.0365
threshold=2.4994189739227299 0.048369815573096282 -0.05704184249043464 82.572212219238295 0.0069592213258147248 0.0067960366141051063 0.0082235885784029978 0.024696086533367637 0.051122024655342109 0.11790102347731592 -0.02308731339871883 1.5000000000000002 -0.048130543902516358 -0.10851569846272467
decision_type=2 2 8 10 2 2 2 8 10 8 2 10 8 10
left_child=1 4 -3 -4 5 -1 7 9 -9 -6 11 -8 13 -12
right_child=-2 2 3 -5 6 -7 10 8 -10 -11 12 -13 -14 -15
leaf_value=-4.7562448610982189e-06 -0.012007438370073443 -0.015252815882572948 0.0091419343678298109 -0.0077345709715609182 0.036362497351909731 -0.017327723564220993 0.0033376737266197355 -0.014177623788290275 0.0058881246486715373 0.0094031219456398186 -0.0042797194457624066 -0.015467694668838012 0.00041380323492406341 0.015701206961849897
leaf_weight=92478.357439858839 485.96597111597657 912.71000510826707 790.67286495491862 709.74828309565783 560.20005900040269 848.8137521892786 890.50830789655447 803.07613438367844 2835.191113203764 588.98286174610257 719.03279896080494 956.08986184000969 18543.163551714271 1433.875480402261
leaf_count=467995 2341 4504 3913 3565 2486 4454 4173 4104 14792 2668 3151 4342 91357 6360
internal_value=0.000107507 0.000156317 -0.00508481 0.00116044 0.000261551 -0.000164149 0.00171476 0.00658507 0.00143228 0.0227455 0.000677982 -0.00642981 0.00131497 0.009039
internal_weight=123556 123070 2413.13 1500.42 120657 93327.2 27330.1 4787.45 3638.27 1149.18 22542.7 1846.6 20696.1 2152.91
internal_count=620205 617864 11982 7478 605882 472449 133433 24050 18896 5154 109383 8515 100868 9511
is_linear=0
shrinkage=0.05


Tree=132
num_leaves=15
num_cat=0
split_feature=53 68 68 26 17 73 68 69 72 4 68 69 69 69
split_gain=27.3334 26.6731 56.4323 52.4451 32.4564 29.0574 67.6308 147.794 98.8978 75.1257 69.0574 61.9497 60.4976 75.3909
threshold=-0.019894919358193871 0.066228810697793974 0.072816204279661192 0.056802036240696914 71.03012847900392 0.78917726874351513 0.051140634343028075 0.063980747014284148 0.0073766622226685294 0.075000002980232253 0.05794795788824559 0.098293159157037749 0.15165715664625171 0.13652693480253222
decision_type=10 10 10 8 10 2 10 10 10 8 10 10 10 10
left_child=1 5 -3 4 -4 12 8 10 -7 -10 -8 -9 13 -1
right_child=-2 2 3 -5 -6 6 7 11 9 -11 -12 -13 -14 -15
leaf_value=8.751692828420373e-05 -0.0026164042588081864 -0.016123042637012662 0.018691402050280324 -0.01014813681979636 -0.0010166444052003771 0.0019827164687758049 -0.02490804492654089 0.024168044944557307 3.3161513239598197e-05 0.024678782322845951 -0.0027386730997108403 0.0019935597435983732 -0.015835849686644744 0.010527867258519421
leaf_weight=102588.97954650223 8749.2308340668678 756.5549240373075 409.84150784090161 628.33749166876078 413.86016917601228 2992.8262213729322 719.60498949512839 421.55950100719929 432.39232164621353 1075.5799813792109 682.75755128264427 1173.6730689927936 576.8103798404336 1748.7834615446627
leaf_count=505492 53260 3991 2003 3256 2031 15242 3796 2224 2297 4922 3602 6036 2851 8186
internal_value=7.57253e-05 0.00028143 -0.00514768 0.000641963 0.00889588 0.000388545 0.00339335 -0.00242074 0.0072624 0.0176587 -0.0142104 0.00796749 0.000173484 0.000263498
internal_weight=123371 114622 2208.59 1452.04 823.702 112413 7498.39 2997.6 4500.8 1507.97 1402.36 1595.23 104915 104338
internal_count=619189 565929 11281 7290 4034 554648 38119 15658 22461 7219 7398 8260 516529 513678
is_linear=0
shrinkage=0.05


Tree=133
num_leaves=15
num_cat=0
split_feature=74 69 72 69 71 71 72 72 84 72 71 69 71 72
split_gain=27.6216 32.6486 55.414 31.1721 104.088 217.761 162.613 133.108 78.3434 54.6428 204.723 178.922 151.011 122.699
threshold=-0.04474180564284324 -0.1383535638451576 0.019033129326999191 -0.09301410615444182 0.014774716459214689 -0.0071734928060322991 0.018741914071142677 0.015647837892174724 1.5000000000000002 0.014212233014404775 -0.0024792306357994671 0.023422772996127609 0.011750482488423588 0.013838653452694418
decision_type=2 8 10 8 2 2 10 10 2 10 2 10 2 8
left_child=-1 2 -2 4 5 6 7 -3 -8 13 11 -11 -12 -5
right_child=1 3 -4 9 -6 -7 8 -9 -10 10 12 -13 -14 -15
leaf_value=-0.011996759461975327 0.019563623027780343 -0.0057760855776393368 -0.00033337540010130589 -6.9952757194878911e-05 -0.018846860319682825 0.022305920123045067 -0.0088426018167940025 -0.043178415226917372 0.019506298917913906 0.0071112653294995096 -0.012052326202018418 0.033312114906127496 0.0027962958263505473 -0.011810762265785143
leaf_weight=471.67780700698495 562.40455097332597 513.86005970090628 899.50721560046077 102888.29357237928 942.79134979844093 789.12183660268784 465.11099021881819 438.76127303764224 492.1148130223155 3206.8869666717947 2322.5137045010924 810.64869220927358 6430.3858888447285 2264.4762206934392
leaf_count=2614 2338 2308 3878 524247 4466 3462 2164 2073 2161 14663 10886 3657 30188 10794
internal_value=-4.67624e-05 2.45151e-08 0.00740201 -8.95915e-05 -0.00463926 0.000374929 -0.00875563 -0.0232726 0.00578271 5.12949e-05 0.00313844 0.0124676 -0.00115293 -0.000323891
internal_weight=123499 123027 1461.91 121565 3641.76 2698.97 1909.85 952.621 957.226 117923 12770.4 4017.54 8752.9 105153
internal_count=619899 617285 6216 611069 16634 12168 8706 4381 4325 594435 59394 18320 41074 535041
is_linear=0
shrinkage=0.05


Tree=134
num_leaves=15
num_cat=0
split_feature=69 1 69 72 68 68 70 70 19 70 70 72 72 69
split_gain=25.0234 39.4242 26.001 92.3002 148.908 111.248 48.9936 88.1169 82.5872 43.2946 54.1735 52.2098 135.022 335.275
threshold=-0.13227118551731107 0.022824217565357689 -0.09301410615444182 0.020338352769613269 -0.039554694667458527 -0.074038576334714876 0.025992065668106083 0.021026453934609893 0.001900242699775845 0.018314933404326442 0.017800934612751011 0.014212233014404775 0.013089691288769247 0.045433614403009422
decision_type=8 10 8 10 10 10 2 2 8 2 2 10 8 8
left_child=1 -1 3 4 5 -2 7 9 -8 10 11 12 -4 -14
right_child=2 -3 6 -5 -6 -7 8 -9 -10 -11 -12 -13 13 -15
leaf_value=0.017240909679971713 -0.0027685652825271941 0.0015570616681989124 5.6671806572707434e-05 0.0090198090652065539 0.011209387213423001 -0.028537111269718324 -0.025221008150267867 0.013521328621824556 0.0045092545959332835 -0.0098126842039529642 0.015745143961827582 0.0032159194723635335 -0.018637425792760211 0.0058160304551328271
leaf_weight=512.0794930383563 740.87799387425184 1733.5054465979338 97141.833078512922 894.01094860211015 611.65688328072429 960.69653982296586 491.4685770906508 1198.717078525573 432.4137225933373 1114.3894153758883 536.9343350417912 11172.778040766716 3172.789024181664 2498.1947625614703
leaf_count=2228 3366 7636 497277 4253 2682 4587 2372 5544 2072 5313 2454 52014 15001 11790
internal_value=-2.38177e-05 0.00519416 -0.000121104 -0.00455587 -0.0098188 -0.017399 5.58878e-08 9.12244e-05 -0.0114068 -4.91521e-05 4.67028e-05 -2.86202e-05 -0.000381486 -0.00787386
internal_weight=123212 2245.58 120967 3207.24 2313.23 1701.57 117760 116836 923.882 115637 114523 113986 102813 5670.98
internal_count=618589 9864 608725 14888 10635 7953 593837 589393 4444 583849 578536 576082 524068 26791
is_linear=0
shrinkage=0.05


Tree=135
num_leaves=15
num_cat=0
split_feature=27 2 18 68 68 68 69 68 74 74 74 68 68 74
split_gain=22.3512 33.835 51.7532 39.7759 31.7318 31.4991 29.2647 198.793 75.5726 72.7903 137.112 132.442 89.9134 70.9766
threshold=0.73603191971778881 0.027639755047857765 58.893600463867195 0.057141860947012908 0.044730186462402351 0.031134178861975673 0.037772158160805709 -0.020773227326571938 0.01998116355389357 -0.020243629813194271 -0.014523303136229513 0.0050384802743792543 0.050770904868841178 -0.016023315489292141
decision_type=2 2 2 10 10 10 10 10 2 2 2 10 10 2
left_child=1 2 -1 4 -4 -3 -2 -8 9 -9 11 -11 -12 -13
right_child=6 5 3 -5 -6 -7 7 8 -10 10 12 13 -14 -15
leaf_value=-0.00096905635013444166 -0.00085084596797786933 0.0015372759093964133 -0.0074549230009397383 -0.022421189291969609 0.0042580895822654863 -0.0025962926923540266 0.023548051638101336 -0.013725810372487475 0.014639687689376756 0.032136995721704545 -0.00043065873054008166 -0.011631056023891096 0.0077244056296678831 0.016897732180419577
leaf_weight=11428.855839226395 32460.365574341267 14219.8807092309 3960.1751960646361 380.00111527740955 670.09896870702505 6806.6250126957893 954.35346334800124 888.42725221812725 936.46033242717385 656.01245538890362 45525.101107317954 435.83915710449219 3640.9521094672382 416.90427422896028
leaf_count=61135 156276 64346 23885 2352 3734 32228 4213 4393 4550 2929 236835 2166 18563 1943
internal_value=-0.000111229 -0.00113016 -0.00282876 -0.00706051 -0.00575428 0.000198574 0.000333185 0.00105222 0.000638879 0.000381816 0.000631809 0.0154283 0.000174706 0.0023508
internal_weight=123380 37465.6 16439.1 5010.28 4630.27 21026.5 85914.4 53454.1 52499.7 51563.2 50674.8 1508.76 49166.1 852.743
internal_count=619548 187680 91106 29971 27619 96574 431868 275592 271379 266829 262436 7038 255398 4109
is_linear=0
shrinkage=0.05


Tree=136
num_leaves=15
num_cat=0
split_feature=70 84 73 70 84 70 71 70 70 73 73 71 74 71
split_gain=26.3891 52.1685 59.5956 38.4037 75.8968 54.608 99.533 83.0636 180.193 179.237 115.974 91.2982 75.363 175.696
threshold=-0.03048756159842014 2.5000000000000004 0.16806954890489581 -0.022265589796006676 1.0000000180025095e-35 -0.015920021571218964 -0.0002741747885011136 -0.012401808984577654 -0.0099967392161488516 0.36644345521926885 0.56056228280067455 -0.060255499556660645 -0.0074305415619164697 -0.016997806727886196
decision_type=2 2 2 2 2 2 2 2 2 2 2 2 2 2
left_child=1 -1 -3 4 -2 6 -5 9 -9 -7 -11 -10 13 -13
right_child=3 2 -4 5 -6 7 -8 8 11 10 -12 12 -14 -15
leaf_value=-0.017504277137155976 -0.0068867665397332536 0.014205890248432869 -0.012438613216477747 -0.0020868546390277569 0.012831281653750954 0.019217973286473643 -0.022742847765220366 -0.012014510696895275 -0.020002174291212316 -0.01206308788476966 0.011137766358187884 0.020548866014434466 -0.00010445941872167953 0.0017301710993300847
leaf_weight=623.42960410565138 709.61774318292737 432.06034195795655 389.6705501191318 3162.5282754972577 1516.9866615086794 1735.6241694577038 705.77362814173102 3088.0066028684378 545.61198040097952 1263.3058492690325 923.82085521146655 1438.4555324576795 98327.030027838424 8647.0752122364938
leaf_count=3222 3287 2074 2214 14866 6942 7666 3396 14819 2546 6020 4411 6500 500180 42034
internal_value=-2.68584e-05 -0.00672037 0.00157324 5.29326e-05 0.00654445 -6.82174e-05 -0.00590447 0.000126951 -0.000123727 0.00726922 -0.00225719 0.000214344 0.000317924 0.0044319
internal_weight=123509 1445.16 821.731 122064 2226.6 119837 3868.3 115969 112046 3922.75 2187.13 108958 108413 10085.5
internal_count=620177 7510 4288 612667 10229 602438 18262 584176 566079 18097 10431 551260 548714 48534
is_linear=0
shrinkage=0.05


Tree=137
num_leaves=15
num_cat=0
split_feature=70 69 69 69 69 71 72 26 68 72 72 68 74 74
split_gain=25.0739 29.9639 24.2739 65.7572 113.869 111.631 128.519 94.6752 92.6597 71.4224 145.197 172.426 297.461 123.461
threshold=-0.044312106445431702 -0.16990498453378675 0.1011449657380581 0.090698454529047026 0.085665073245763793 0.0099367350339889544 0.0051155972760170707 0.17403376102447513 0.018985471688210968 0.0080920867621898668 0.0099362293258309382 -0.014754017814993857 -0.011800938751548527 -0.0061176270246505729
decision_type=2 8 10 10 10 2 10 10 10 8 10 8 2 2
left_child=-1 -2 3 4 9 6 -5 -7 -6 -3 11 12 -11 -13
right_child=1 2 -4 5 8 7 -8 -9 -10 10 -12 13 -14 -15
leaf_value=-0.011929075665639791 0.01287240515186901 0.0020184023247066521 -0.0014214320498369393 -0.019797703201149815 -0.021315184128734923 0.01736761550030989 0.0032798009746488584 -0.0026126348671975399 -0.0038188889513690741 -0.017520673457208695 0.00061194321004109844 0.0029297691211192635 0.015531959511213023 -0.012003539344644066
leaf_weight=432.2333742454648 440.28914185985923 35494.549979770556 25510.649056999013 693.64081249758601 1016.6042981110513 2256.0129895210266 4220.492378693074 799.76081317663193 2902.104224216193 1009.4907578490674 37613.739621080458 1703.5875208452344 2040.1287854872644 7290.655050098896
leaf_count=2553 1846 189976 131129 3693 5231 11396 20482 3921 15612 4817 175689 8062 9374 36060
internal_value=-4.47268e-05 -1.99482e-06 -4.9295e-05 0.00031153 -7.80205e-05 0.00465975 -1.12302e-05 0.0121469 -0.00840054 0.000305924 -0.000918292 -0.00569385 0.00456931 -0.00917493
internal_weight=123424 122992 122551 97040.8 89070.9 7969.91 4914.13 3055.77 3918.71 85152.2 49657.6 12043.9 3049.62 8994.24
internal_count=619841 617288 615442 484313 444821 39492 24175 15317 20843 423978 234002 58313 14191 44122
is_linear=0
shrinkage=0.05


Tree=138
num_leaves=15
num_cat=0
split_feature=74 31 0 27 49 14 73 73 74 73 69 71 69 68
split_gain=30.3525 25.6305 31.4468 42.2579 32.8602 30.6655 27.9313 82.3987 80.5977 52.3837 43.6068 43.4677 39.0623 77.246
threshold=-0.04474180564284324 17.506383895874027 0.028140670619904998 1.1040188670158388 -0.18643688410520551 -0.040291063487529748 0.46266341209411627 0.42794576287269598 -0.0043070653919130555 0.50754529237747203 0.098625801503658309 0.021356992423534397 0.10951106622815134 0.040483936667442329
decision_type=2 2 2 2 2 8 2 2 2 2 8 2 8 10
left_child=-1 -2 3 5 -4 -3 7 11 -9 10 -8 -7 -11 -14
right_child=1 2 4 -5 -6 6 9 8 -10 12 -12 -13 13 -15
leaf_value=-0.012721503670785101 -0.0011576642525635847 0.0019812209793644139 -0.0017323417371888127 0.0019707721778688082 0.0019502669305630927 -0.00073411390096204487 -0.015512775041974776 -0.0082335039332725127 0.018245421450269177 -0.00078364237609004732 0.0013676791076054212 -0.015681589057754002 -0.010934762200628502 0.0017584725133392182
leaf_weight=460.16571199521422 34129.9217858091 5258.2408251948655 7182.9208178967237 12268.820709105581 38422.890746772289 4203.6072463840246 1401.8505279347301 386.73916183412075 1056.137404512614 12582.129793146625 522.69223067909479 540.18988541513681 3068.1567831858993 1958.9081063121557
leaf_count=2577 168086 27126 32686 67195 176258 21140 7610 2051 5562 74178 2991 2721 18765 10990
internal_value=-4.16899e-05 6.78458e-06 0.000454147 -0.000511745 0.00137 -0.00149524 -0.00220646 0.00072046 0.0111404 -0.00313336 -0.0109448 -0.00246563 -0.0022739 -0.00599489
internal_weight=123443 122983 88853.3 43247.5 45605.8 30978.7 25720.4 6186.67 1442.88 19533.7 1924.54 4743.8 17609.2 5027.06
internal_count=619936 617359 449273 240329 208944 173134 146008 31474 7613 114534 10601 23861 103933 29755
is_linear=0
shrinkage=0.05


Tree=139
num_leaves=15
num_cat=0
split_feature=73 73 69 72 69 72 70 72 72 72 73 69 69 70
split_gain=27.9218 49.2163 66.114 105.577 69.9957 59.3579 70.2893 57.7873 103.41 104.723 93.3581 89.0551 155.385 71.5913
threshold=0.71822267770767223 0.7626253366470338 0.098293159157037749 0.0055593238212168225 0.13316312432289126 0.016872597858309749 0.0096410335972905176 0.0058709785807877788 0.0068440143950283536 0.0072508121374994525 0.85966211557388317 0.12489066645503046 0.075922116637229933 0.0034675269853323702
decision_type=2 2 8 10 10 10 2 10 10 10 2 8 10 2
left_child=-1 2 -2 -4 -5 7 -7 11 10 -10 13 12 -3 -9
right_child=1 5 3 4 -6 6 -8 8 9 -11 -12 -13 -14 -15
leaf_value=0.00037542974527402287 -0.0015574151961890012 -0.01542247717804999 0.0063940718292542029 -0.022542280569174969 -0.0027545492085664525 -0.026112617825516604 0.0027114861522356103 0.009159418938415138 -0.014599256595726837 0.0023537411281902496 -0.0044236480755390347 -0.018455646016926414 0.012204369465372811 0.027812996089641769
leaf_weight=101113.67229561694 6057.3840119149536 864.07620642334223 664.05926677957177 1434.6760504133999 651.52415639907122 436.8016147762537 398.3681296557188 1484.1453667357564 1082.6729875914752 5467.2492147423327 761.83689400181174 851.6255407743156 1208.4768624827266 791.01156029850245
leaf_count=501770 32807 5080 3954 7823 3336 2244 1989 7353 5434 27349 4397 4692 6772 4109
internal_value=2.31591e-05 -0.0015841 -0.00448282 -0.010897 -0.0164052 0.000330789 -0.0124944 0.00119622 0.00307281 -0.000466497 0.0106826 -0.00494569 0.000667604 0.0157381
internal_weight=123268 22153.9 8807.64 2750.26 2086.2 13346.3 835.17 12511.1 9586.92 6549.92 3036.99 2924.18 2072.55 2275.16
internal_count=619109 117339 47920 15113 11159 69419 4233 65186 48642 32783 15859 16544 11852 11462
is_linear=0
shrinkage=0.05


Tree=140
num_leaves=15
num_cat=0
split_feature=73 69 72 73 70 54 53 74 70 72 72 73 12 74
split_gain=24.1663 58.3889 71.5957 50.3739 32.7892 21.7429 55.4136 53.7433 52.7469 73.924 59.6044 196.043 69.536 63.5588
threshold=0.85966211557388317 0.060013568028807647 0.011850398499518635 0.85278713703155529 -0.00058230204740539182 0.29127158224582678 -0.10889446735382079 0.017288482747972015 0.01043195277452469 0.013484127353876831 0.016872597858309749 0.61209300160408031 0.026982720009982589 -0.026941708289086815
decision_type=2 10 10 2 2 8 10 2 2 10 8 2 8 2
left_child=3 2 4 5 -2 6 -1 8 10 -10 13 -12 -13 -7
right_child=1 -3 -4 -5 -6 7 -8 -9 9 -11 11 12 -14 -15
leaf_value=0.00011412049724019312 0.0060581952000990829 -0.017634682446616739 0.015640729473304922 0.016434695816048766 -0.010802299694650346 0.016462575538621748 -0.0043503218379974708 0.0063132427861770203 -0.0074994452420452055 0.0069185435558224932 0.0026130117716608825 -0.037078281265873703 -0.010417811785557498 0.00092317251811434872
leaf_weight=38127.394478172064 393.33290253207088 640.60158314555883 506.73676952347159 466.51638278365135 1017.688762139529 655.27306920289993 8490.0432000644505 3993.4161828309298 4170.4896691665053 1120.6838175058365 2118.2086408790201 504.66630299761891 486.65833732113242 60867.478218490258
leaf_count=182865 2133 3684 2423 2328 5706 3155 52744 18669 20501 5125 9742 2494 2387 306679
internal_value=0.000108111 -0.0046913 -0.000298685 0.000209966 -0.00609275 0.000145811 -0.00069971 0.000679082 0.000356451 -0.00443839 0.00074961 -0.0059932 -0.0242249 0.00109133
internal_weight=123559 2558.36 1917.76 121001 1411.02 120534 46617.4 73916.9 69923.5 5291.17 64632.3 3109.53 991.325 61522.8
internal_count=620635 13946 10262 606689 7839 604361 235609 368752 350083 25626 324457 14623 4881 309834
is_linear=0
shrinkage=0.05


Tree=141
num_leaves=15
num_cat=0
split_feature=72 71 69 69 68 72 72 68 69 68 68 68 69 11
split_gain=26.8962 88.4813 97.0174 55.1546 62.3074 76.9567 54.6734 53.5658 49.4793 44.8763 43.9699 97.1138 66.2247 36.6944
threshold=0.0037568438565358524 0.016585333272814754 0.10902005061507226 0.054717440158128745 0.015907374210655693 0.0034436949063092475 0.0045173054095357665 0.032716641202569015 0.10902005061507226 0.040483936667442329 0.012093733064830305 -0.0014465640415437517 0.053651142865419395 0.057818349450826652
decision_type=8 2 8 10 10 8 10 10 10 8 10 10 10 8
left_child=1 2 3 -1 5 -5 8 13 9 10 11 -2 -12 -6
right_child=6 -3 -4 4 7 -7 -8 -9 -10 -11 12 -13 -14 -15
leaf_value=0.018727282152147733 0.0086990736777979583 0.025004829382800312 -0.013235321420175292 -0.026321614550928792 0.014443372750986545 0.0024645282657636911 6.9591553264185664e-05 -0.0059524333197286255 0.0059339568355964841 -0.016144761200917561 0.01742158325003719 -0.020446437029704941 -0.0037167748966344472 -0.00016081399143989437
leaf_weight=589.1556462161243 396.4135286025703 424.13630889728665 910.29586166888475 363.43480396270752 1466.5624429397285 609.78331690654159 110081.10805270821 674.82280871644616 1018.3699565678835 905.98989272117615 398.36617306619883 972.53196991607547 3996.6648072451353 606.59525427594781
leaf_count=3224 1975 2179 5652 2093 8786 3436 543271 3986 5585 4994 2196 5683 23224 3479
internal_value=-5.35659e-05 0.00331484 0.00150827 0.00464537 0.00237165 -0.00844363 -0.000215284 0.00621869 -0.00428891 -0.00585628 -0.00421397 -0.0120047 -0.00176559 0.01019
internal_weight=123414 5644.79 5220.65 4310.35 3721.2 973.218 117769 2747.98 7688.34 6669.97 5763.98 1368.95 4395.03 2073.16
internal_count=619763 32835 30656 25004 21780 5529 586928 16251 43657 38072 33078 7658 25420 12265
is_linear=0
shrinkage=0.05


Tree=142
num_leaves=15
num_cat=0
split_feature=27 0 70 73 62 73 74 5 74 69 74 69 70 70
split_gain=23.7739 62.3958 27.9173 30.4964 24.7339 48.54 27.4342 62.5899 47.5274 124.668 26.2213 167.788 173.37 111.807
threshold=0.6826896369457246 0.023787268437445167 -0.03048756159842014 0.21545944362878802 1.0000000180025095e-35 0.37930208444595342 -0.024679644964635369 1.0398433804512026 -0.019179445691406723 -0.074945528060197816 -0.0099405101500451547 0.043331811204552657 -0.007814700482413171 -0.011087638791650532
decision_type=2 2 2 2 2 2 2 2 2 10 2 10 2 2
left_child=1 -1 3 -2 6 -6 7 -4 9 -8 11 12 13 -10
right_child=2 -3 4 -5 5 -7 8 -9 10 -11 -12 -13 -14 -15
leaf_value=-0.0053192749142101682 -0.00080766228126594143 -6.571788460429965e-05 -0.0050952847477984137 -0.016245459968925045 -0.017330123327709317 0.0014090280506929055 0.01638952029613365 0.016816237544880343 -0.0027713529846393019 -0.013172516817548255 0.00017650380080361751 0.01132243751850643 0.015656824810218656 -0.022267505893836449
leaf_weight=7659.5486321225762 800.06787434220314 21483.972357481718 560.33491895720363 524.27449496090412 573.5963546037674 843.9454702436924 441.16598441824317 756.88301870599389 3283.1059589236975 1705.1284996345639 79222.990573318675 3611.7484791204333 1027.782624386251 939.03828828409314
leaf_count=46444 4107 99472 2666 2874 2611 3924 1933 3444 15319 8423 402752 16940 4783 4474
internal_value=-0.000199931 -0.00144782 0.000185883 -0.00699505 0.00028892 -0.00624189 0.000390715 0.00752707 0.000285714 -0.00704828 0.000465196 0.00304298 -0.00266367 -0.00714982
internal_weight=123434 29143.5 94290.1 1324.34 92965.7 1417.54 91548.2 1317.22 90231 2146.29 88084.7 8861.68 5249.93 4222.14
internal_count=620166 145916 474250 6981 467269 6535 460734 6110 454624 10356 444268 41516 24576 19793
is_linear=0
shrinkage=0.05


Tree=143
num_leaves=15
num_cat=0
split_feature=71 84 14 70 70 71 70 70 68 19 74 74 69 70
split_gain=34.6051 93.9358 46.6459 34.7439 48.2417 116.524 64.6541 81.552 52.7578 46.8844 39.454 81.4728 107.329 61.9117
threshold=0.048369815573096282 2.5000000000000004 -0.021203180775046345 0.028627929277718071 0.021026453934609893 1.0000000180025095e-35 0.018314933404326442 0.017800934612751011 -0.011219145264476536 0.0024377715308219199 0.018496754579246048 0.019536812789738182 0.066010147333145155 0.01275134924799204
decision_type=2 2 10 2 2 2 2 2 8 8 2 2 8 2
left_child=3 2 -2 4 6 -6 7 10 -7 -8 13 -12 -13 -1
right_child=1 -3 -4 -5 5 8 9 -9 -10 -11 11 12 -14 -15
leaf_value=0.00012561313088989937 -0.020801206334446265 0.0080407770838365079 -0.0036238432086917942 -0.010135782068331342 -0.013254080347455833 0.025128130512378895 -0.017440764836422873 0.020471507621448299 0.0042893256832081663 0.0025522780139490605 0.023423014064109824 -0.013285248063320369 0.012559959414332062 -0.0058723752205614814
leaf_weight=109986.71862176619 863.022595833987 785.03635005652905 731.34807270392776 825.14235606789589 446.16470584273338 710.22413542866707 893.41596171632409 479.35011823102832 533.61606740579009 430.72659739106894 535.37625330686569 714.64130637049675 891.41762908548117 4467.4348845370114
leaf_count=556017 4353 3766 3726 3961 2062 3131 4246 2147 2433 1978 2438 3318 4214 21615
internal_value=-9.04735e-05 -0.00604909 -0.0129935 2.72736e-05 9.79429e-05 0.00846091 -2.21329e-05 0.000102581 0.0162936 -0.0109669 1.70913e-05 0.00672532 0.00104868 -0.000108996
internal_weight=123294 2379.41 1594.37 120914 120089 1690 118399 117075 1243.84 1324.14 116596 2141.44 1606.06 114454
internal_count=619405 11845 8079 607560 603599 7626 595973 589749 5564 6224 587602 9970 7532 577632
is_linear=0
shrinkage=0.05


Tree=144
num_leaves=15
num_cat=0
split_feature=57 67 70 70 68 70 68 68 72 70 70 72 72 68
split_gain=23.8412 48.9255 26.5947 105.65 101.233 87.6783 175.7 94.3701 124.425 80.9898 80.8917 68.0455 125.185 67.0955
threshold=0.0095568737015128153 0.0036025675944983964 -0.0084869600832462293 -0.012401808984577654 0.029120756313204769 -0.015920021571218964 -0.015869936905801293 0.0043785143643617639 0.010299606714397671 -0.0094763874076306803 -0.0082382690161466581 0.013581956736743452 0.0091067091561853903 0.027743663638830188
decision_type=10 2 2 2 8 2 10 10 10 2 2 10 10 8
left_child=1 -1 3 5 11 13 -7 -8 -9 -6 -4 12 -5 -2
right_child=2 -3 10 4 9 6 7 8 -10 -11 -12 -13 -14 -15
leaf_value=-0.0046989696009461721 -0.00064378618297330267 0.00018502350802925195 0.020774828343022141 -0.015850769913251794 -0.0082910776778202955 0.019724731822219618 -0.01350695502990229 0.024122286726311788 -0.0090539216570129765 0.016417920033548413 0.00061019473872426762 -0.024463824708660962 0.004223620412828046 -0.020710154207490519
leaf_weight=7589.2690099477768 6885.3159247450531 15764.105755332857 490.35496539622545 1964.993157364428 619.516775932163 1642.61223815009 962.73151539266109 562.12222209200263 550.62842281907797 692.50550258532166 83214.400466769934 770.85309164226055 1274.1900302171707 433.46020754799247
leaf_count=46784 32612 83506 2199 9456 3031 7213 4551 2644 2568 3147 410457 3707 5897 2275
internal_value=3.46651e-05 -0.00140349 0.000370415 -0.00147286 -0.00725228 0.00131806 0.00755981 -0.00211636 0.0077711 0.00477625 0.00073079 -0.0111899 -0.00796546 -0.00185887
internal_weight=123417 23353.4 100064 16358.9 5322.06 11036.9 3718.09 2075.48 1112.75 1312.02 83704.8 4010.04 3239.18 7318.78
internal_count=620047 130290 489757 77101 25238 51863 16976 9763 5212 6178 412656 19060 15353 34887
is_linear=0
shrinkage=0.05


Tree=145
num_leaves=15
num_cat=0
split_feature=53 27 68 73 68 68 2 68 63 18 73 73 68 13
split_gain=25.0342 28.9605 25.7195 114.081 105.79 107.185 90.0038 63.6634 57.5396 47.3782 46.5967 86.0123 43.1225 42.5357
threshold=-0.024381469003856179 0.71738019585609447 -0.029244812205433842 0.27290432155132299 -0.037996767088770859 -0.03706304915249347 0.033572996035218246 -0.045510644093155854 0.21739488095045092 50.78997993469239 0.31221117079257971 0.25739786028862005 -0.048009684309363358 0.036631617695093162
decision_type=10 2 10 2 10 10 2 10 10 2 2 2 10 8
left_child=2 -2 4 6 7 -6 -4 12 -9 -10 11 -7 13 -1
right_child=1 -3 3 -5 5 10 -8 8 9 -11 -12 -13 -14 -15
leaf_value=0.00017597962417535034 -0.006970739227439262 -0.00082449439802643727 0.022120085504814136 0.00034659081282310816 -0.030193890035711046 -0.011553701636902353 -0.002393108830725747 -0.0046259083185570217 0.016180539763459522 -0.001755178926139876 -0.012744781706665854 0.012834635863818068 -0.014924077480119103 -0.014847152929600316
leaf_weight=9132.4400480724871 2495.8659942932427 8164.5905531253666 1067.4481693059206 95002.326963242143 524.3412767983973 719.41344112157822 571.1468121111393 735.19856562465429 1467.8574274294078 487.93318340554833 1218.2109332755208 706.80799182504416 545.76368978619576 486.78307350724936
leaf_count=41640 15490 48936 4730 474381 2519 3432 2418 3475 6621 2306 5823 3092 2555 2338
internal_value=4.60598e-05 -0.00226866 0.000265261 0.000572916 -0.00158932 -0.00975677 0.0136131 0.000429828 0.0072534 0.0117197 -0.005606 0.000537901 -0.00138194 -0.000598899
internal_weight=123326 10660.5 112666 96640.9 16024.7 3168.77 1638.59 12856 2690.99 1955.79 2644.43 1426.22 10165 9619.22
internal_count=619756 64426 555330 481529 73801 14866 7148 58935 12402 8927 12347 6524 46533 43978
is_linear=0
shrinkage=0.05


Tree=146
num_leaves=15
num_cat=0
split_feature=15 49 68 53 68 54 72 72 68 68 68 72 53 68
split_gain=26.4858 30.129 28.0692 31.8114 26.8858 45.8781 22.5708 71.4658 72.0034 75.2352 58.8806 48.0356 74.8967 46.702
threshold=15.661492347717287 -0.1085490547120571 -0.029244812205433842 -0.078298907727003084 0.066228810697793974 0.36025424301624304 0.0063372445292770871 0.0066108887549489745 0.023197955451905731 0.015089153312146665 0.047149462625384338 0.0067060368601232776 -0.40905405580997461 0.012093733064830305
decision_type=8 2 8 10 10 8 10 10 10 10 10 10 10 10
left_child=1 -1 -3 -4 6 -6 13 8 9 -8 -10 12 -9 -2
right_child=4 2 3 -5 5 -7 7 11 10 -11 -12 -13 -14 -15
leaf_value=-0.0030504773244857276 -0.0056576026807063987 -0.0043624659891407791 0.0039815269588927603 -0.00065262996026527024 -0.019264847872847386 -0.001313837673360508 0.0056677300963052183 0.0030422657435566634 0.014354281115040061 -0.018939472482433606 0.00037654352435738468 -8.3485595374220957e-05 -0.026447233726671668 -0.00049318146127229519
leaf_weight=3172.2677562907338 5406.7407982554287 1505.2576843947172 13549.671714037657 5091.0957555174828 494.97996308282018 1211.5001483727247 787.3566626124084 419.4460563659668 2339.9426783882082 499.55004365369678 1109.782453507185 64498.431404583156 428.43440850451589 22830.579045947641
leaf_count=14403 28987 7053 67032 28611 2754 6145 3832 2052 11678 2590 5640 308935 2231 127851
internal_value=-4.50293e-05 0.00147209 0.00218539 0.00271619 -0.000398813 -0.00660259 -0.000290478 0.000190427 0.00611423 -0.00395665 0.0098717 -0.00023983 -0.0119934 -0.00148369
internal_weight=123345 23318.3 20146 18640.8 100027 1706.48 98320.3 70082.9 4736.63 1286.91 3449.73 65346.3 847.88 28237.3
internal_count=619794 117099 102696 95643 502695 8899 493796 336958 23740 6422 17318 313218 4283 156838
is_linear=0
shrinkage=0.05


Tree=147
num_leaves=15
num_cat=0
split_feature=15 25 71 72 57 27 71 69 72 71 84 71 70 72
split_gain=21.6522 29.5926 26.0174 32.8083 25.8995 38.7777 25.6262 25.3896 24.3799 21.1287 24.1091 24.2716 24.0094 22.2487
threshold=15.661492347717287 -0.072680883109569536 0.012805075850337745 0.017065150663256649 0.0081841601058840769 0.70789167284965526 0.010391716379672291 0.154151126742363 0.0041028575506061324 0.017340694554150108 2.5000000000000004 0.031384771689772613 0.010278460104018452 0.0045173054095357665
decision_type=8 10 2 10 10 2 2 8 10 2 2 2 2 10
left_child=1 -1 6 -4 5 -2 -3 8 -7 13 12 -12 -11 -10
right_child=4 2 3 -5 -6 7 -8 -9 9 10 11 -13 -14 -15
leaf_value=-0.0043295454287893146 -0.0063743234702376139 0.001416593214847211 0.0058096873662871664 -0.0052997325710491443 2.1494812521913282e-05 0.0072943558456334823 -0.0058007970892069646 -0.0083292657893826016 -0.0096715912180923083 -0.0039848699032044039 -0.0038962882150686499 0.010419340127753383 -0.016553570952789521 0.0015855079013381305
leaf_weight=2069.1401445493102 4082.0466588381678 13344.703620500863 5797.7965437918901 742.56960260868073 84167.364103304222 1022.5181305781007 1344.7661198824644 992.97497334703803 462.32669501006603 1189.0607524365187 874.52356722950935 435.1574901342392 555.01671616360545 6207.0271551478654
leaf_count=9447 23376 67658 29297 3481 413605 6619 7066 5757 3093 6374 4707 2156 2799 34258
internal_value=-7.5964e-06 0.00136474 0.00192151 0.0045422 -0.000327481 -0.0021829 0.000752371 -0.000721171 -1.10368e-05 -0.000786004 -0.00422333 0.000903164 -0.00805617 0.000791842
internal_weight=123287 23299 21229.8 6540.37 99988 15820.7 14689.5 11738.6 10745.6 9723.11 3053.76 1309.68 1744.08 6669.35
internal_count=619693 116949 107502 32778 502744 89139 74724 65763 60006 53387 16036 6863 9173 37351
is_linear=0
shrinkage=0.05


Tree=148
num_leaves=15
num_cat=0
split_feature=72 69 73 73 71 69 71 50 74 72 71 74 69 69
split_gain=26.4608 94.5421 142.535 146.183 125.582 94.6187 65.141 80.2219 66.8302 59.0937 134.895 106.605 108.442 145.586
threshold=0.0062103387899696836 0.013193483930081131 0.38685362040996557 0.47465904057025915 -0.014079896267503498 0.099554911255836501 0.013340741395950319 0.050978567451238639 -0.0013157994253560899 0.0066108887549489745 -0.0023164841113612051 -0.0057231923565268508 0.1107013262808323 0.091497793793678298
decision_type=10 8 2 2 2 8 2 2 2 10 2 2 10 10
left_child=1 -1 -3 -4 -5 -6 7 -7 -8 10 -2 -12 13 -13
right_child=9 2 3 4 5 6 8 -9 -10 -11 11 12 -14 -15
leaf_value=0.023301700649610169 -0.0053855890968279212 -0.026419888242839435 0.010133427624942376 -0.021075449556330297 0.00044796175111050325 -0.014854323985552238 0.014977412914983119 -0.003753794686745335 -0.0036113877731196835 8.5042922340039593e-05 0.02558304840426074 0.0066333396010884466 -0.0071749100153799227 0.03841919721170986
leaf_weight=380.34369279071689 2295.3614226765931 551.90573305636644 2686.5236475914717 830.29421769455075 20205.615636717528 2698.1078104134649 647.15377434715629 4103.4189501516521 1820.6167915798724 81871.024909893051 819.81276336684823 2877.6644555404782 1145.2223327048123 403.0449019856751
leaf_count=1813 11171 2969 13338 4294 114521 16080 3418 22222 10111 392979 3962 15010 5964 1929
internal_value=2.42952e-05 -0.00116447 -0.00144875 -0.00102314 -0.00201517 -0.00147129 -0.00565093 -0.00817262 0.00130415 0.000475407 0.00470772 0.00912606 0.00602694 0.0106432
internal_weight=123336 33924 33543.6 32991.7 30305.2 29474.9 9269.3 6801.53 2467.77 89412.1 7541.11 5245.74 4425.93 3280.71
internal_count=619781 188766 186953 183984 170646 166352 51831 38302 13529 431015 38036 26865 22903 16939
is_linear=0
shrinkage=0.05


Tree=149
num_leaves=15
num_cat=0
split_feature=59 59 68 68 74 18 52 52 74 74 74 74 68 68
split_gain=30.9274 26.506 28.077 59.5772 54.4495 32.1073 32.8244 27.8095 47.8535 33.926 105.735 93.7344 275.06 63.085
threshold=6.5000000000000009 1.5000000000000002 0.055717740207910545 0.050770904868841178 0.0095059340819716471 54.201103210449226 0.4117227047681809 2.6522436141967778 0.0038214126834645872 0.0069592213258147248 0.0067960366141051063 0.0082235885784029978 0.0050384802743792543 0.038292283192276962
decision_type=10 10 10 10 2 2 10 8 2 2 2 2 10 10
left_child=1 2 3 7 -5 -4 -7 9 -9 10 -1 12 -11 -14
right_child=-2 -3 5 4 -6 6 -8 8 -10 11 -12 -13 13 -15
leaf_value=-0.00081546821478497991 -0.0065863173743590936 0.0014519385799420359 0.0015879925667972188 0.010825418188909029 -0.0088034485500527188 -0.011203216530840394 0.0031513445251319053 0.014106919853493861 -0.0043321924324809516 0.029403987485731531 -0.021445033136819745 -0.00032593497735920306 -0.0044953314582614947 0.016776029558127053
leaf_weight=69035.361264199018 1776.4673866778612 26108.583716120571 1325.3127460628748 2049.1891311816871 418.57600595057011 1843.9802126400173 502.39427991583943 840.44766783341765 593.77720338851213 1095.6220420412719 616.7847984880209 14691.137457162142 1973.6744277998805 412.87919669598341
leaf_count=357267 8417 121076 6859 10245 2154 10658 2566 3936 2712 5003 3257 72753 10582 2150
internal_value=-5.53921e-05 4.06255e-05 -0.000345731 -0.000173871 0.00747393 -0.00462705 -0.00812936 -0.000386124 0.00649588 -0.000499237 -0.0010012 0.00142411 0.00878726 -0.000760692
internal_weight=123284 121508 95399.1 91727.4 2467.77 3671.69 2346.37 89259.7 1434.22 87825.5 69652.1 18173.3 3482.18 2386.55
internal_count=619635 611218 490142 470059 12399 20083 13224 457660 6648 451012 360524 90488 17735 12732
is_linear=0
shrinkage=0.05


Tree=150
num_leaves=15
num_cat=0
split_feature=69 72 70 70 70 74 72 72 72 72 72 72 74 4
split_gain=25.6438 61.2789 56.9795 109.002 90.3297 164.902 115.794 82.6307 163.873 75.8775 93.094 92.0186 61.1545 56.9784
threshold=0.1011449657380581 0.013693704269826414 -0.0084869600832462293 -0.012401808984577654 -0.0071474877186119548 -0.0085550597868859751 0.0065782172605395326 0.013581956736743452 0.011327308136969806 0.019758761860430244 0.023218872956931595 0.019033129326999191 -0.005512069445103406 0.19166667014360431
decision_type=10 10 2 2 2 2 10 10 10 8 10 10 2 8
left_child=2 -2 3 -1 5 6 -4 8 -5 11 -11 -6 -7 -9
right_child=1 -3 4 7 9 12 -8 13 -10 10 -12 -13 -14 -15
leaf_value=0.00064528984355809334 -0.0016115274132575371 0.013385907495982719 0.0029355372168249159 -0.010121411162039438 0.00087377115716870282 -0.010011967824150304 0.033606626746959377 -0.031290535298618818 0.015209052961453338 -0.021182226337407416 -0.0016406676664632123 0.014466844487944136 0.0090084693477249546 -0.0078529227642034054
leaf_weight=10788.991841644049 24729.12148928456 690.46034169197083 481.54818146675825 3093.9931121058762 74863.613737119362 868.92492508143187 852.74325720593333 568.50059144943953 794.45090909674764 821.75379844941199 2287.6454092822969 1256.1522381454706 804.03644647449255 485.90492434427142
leaf_count=50960 127566 3288 2353 15141 380421 4141 3786 2802 3553 4016 10453 5618 3698 2340
internal_value=0.000215734 -0.00119906 0.000582911 -0.00217314 0.00111034 0.00960155 0.0226416 -0.00831395 -0.00492039 0.000786878 -0.00685647 0.00109996 -0.000871408 -0.020665
internal_weight=123388 25419.6 97968.3 15731.8 82236.4 3007.25 1334.29 4942.85 3888.44 79229.2 3109.4 76119.8 1672.96 1054.41
internal_count=620136 130854 489282 74796 414486 13978 6139 23836 18694 400508 14469 386039 7839 5142
is_linear=0
shrinkage=0.05


Tree=151
num_leaves=15
num_cat=0
split_feature=54 69 71 71 71 69 69 71 69 69 84 67 71 71
split_gain=25.7016 37.9794 57.2595 48.1467 94.5374 73.502 134.259 160.421 143.239 138.398 53.3516 47.9066 47.9527 47.4415
threshold=0.38150334358215338 -0.13227118551731107 -0.031295219436287873 0.0044199428521096715 0.010391716379672291 -0.099995519965887056 -0.012004304677247999 0.01762101519852877 0.060513546690344817 0.063980747014284148 3.5000000000000004 0.0067396748345345267 0.040108343586325652 0.0024043949088081722
decision_type=8 10 2 2 2 10 10 2 10 10 2 2 2 2
left_child=1 2 -1 13 -5 -6 7 -7 -8 -10 -11 12 -9 -3
right_child=-2 3 -4 4 5 6 8 11 9 10 -12 -13 -14 -15
leaf_value=-0.0017689171509234038 0.00068080032507359268 -0.0017340663207812128 0.016295480954601954 0.005240043585883195 -0.020159836209552487 0.028655687137834847 -0.008346805800199468 0.0041789110420310119 0.027403481883517822 0.0019127154860225648 -0.0076929404757266106 0.011841526924595206 -0.011655186615310694 -0.0085757757879463426
leaf_weight=959.98920442163944 64188.32074614428 27111.245708849281 795.10509949177504 7656.0645815506577 493.36424582824111 726.36948688700795 6705.662600774318 1262.198255456984 470.88797530159354 6663.9631744809449 1835.2211023122072 936.94481161981821 756.40574418753386 2786.3588742949069
leaf_count=4324 318140 135176 3377 41677 2364 3282 34532 5659 2561 35748 10092 4270 3670 15128
internal_value=-1.2047e-05 -0.000763774 0.0064607 -0.000985742 0.000523853 -0.00129679 -0.000805873 0.00777326 -0.00282461 0.00130825 -0.000168028 0.00256178 -0.0017826 -0.00237435
internal_weight=123348 59159.8 1755.09 57404.7 27507.1 19851 19357.7 3681.92 15675.7 8970.07 8499.18 2955.55 2018.6 29897.6
internal_count=620000 301860 7701 294159 143855 102178 99814 16881 82933 48401 45840 13599 9329 150304
is_linear=0
shrinkage=0.05


Tree=152
num_leaves=15
num_cat=0
split_feature=72 68 72 74 70 0 68 74 70 84 74 84 74 69
split_gain=28.0674 88.0752 50.5963 61.9675 48.7439 22.6671 21.9704 73.5074 158.258 87.2516 61.606 114 74.594 60.2854
threshold=0.0030659465119242672 0.019180750474333767 0.003391561447642744 -0.00069350891862995912 0.0012836075038649144 0.011147324927151205 -0.087453853338956819 -0.015288716182112692 -0.026119079440832135 2.5000000000000004 -0.019179445691406723 3.5000000000000004 -0.022224651649594303 0.07277256622910501
decision_type=10 10 10 2 2 2 8 2 2 2 2 2 2 8
left_child=1 -1 3 -2 -5 -4 7 8 9 -7 11 12 13 -8
right_child=2 -3 5 4 -6 6 10 -9 -10 -11 -12 -13 -14 -15
leaf_value=-0.027909759779031762 0.025682517503961968 0.00098420775010314644 -0.01133730610261959 -0.011326817609208735 0.012633528665845429 -0.013857380790450322 -0.0014538093607527399 -0.0033253468918531892 0.037020885666440302 0.016792200242052521 0.00026833194523115221 -0.023608086466854972 -0.013415969340455939 0.017296359234529872
leaf_weight=357.44411578960717 416.10981604456902 932.23960942029953 421.25820943713188 365.10284305736423 479.41745321080089 474.8794883415103 2121.21525689587 1443.0431965664029 442.37934526801109 435.61169517785311 113166.4572214298 733.19259039312601 1039.7410176023841 526.87065121531487
leaf_count=2234 2367 5686 6487 2206 3000 2373 10128 6463 1818 2088 563518 4176 5063 2438
internal_value=0.000131866 -0.00717707 0.000209671 0.0101351 0.00226367 0.000105266 0.000146245 0.00451876 0.0128487 0.000829602 4.19034e-05 -0.0057416 -0.00213524 0.00232781
internal_weight=123355 1289.68 122065 1260.63 844.52 120805 120383 2795.91 1352.87 910.491 117587 4421.02 3687.83 2648.09
internal_count=620045 7920 612125 7573 5206 604552 598065 12742 6279 4461 585323 21805 17629 12566
is_linear=0
shrinkage=0.05


Tree=153
num_leaves=15
num_cat=0
split_feature=57 78 74 74 73 74 74 73 73 27 28 54 73 74
split_gain=22.7479 31.0587 31.0452 42.8427 68.1971 38.0486 36.7927 35.6053 30.0969 25.5547 23.6296 23.5375 45.3774 43.7705
threshold=0.081760298460721983 0.052090488374233253 -0.013496683910489081 -0.0014478921657428143 0.27290432155132299 0.0030654987785965209 -0.031177265569567677 0.2972214818000794 0.21545944362878802 0.5065525770187379 0.80914476513862621 0.53492137789726268 0.15441858023405078 0.0082235885784029978
decision_type=8 10 2 2 2 2 2 2 2 2 2 8 2 2
left_child=1 9 6 4 -4 -5 -2 8 -8 10 -1 12 -11 -13
right_child=2 -3 3 5 -6 -7 7 -9 -10 11 -12 13 -14 -15
leaf_value=-0.0013247103867238905 -0.0067018078934951986 0.002916596456306683 -0.019382392156993087 0.0038970133706723088 -0.0038559400672455394 -0.003126425299795817 0.004855497215097853 -0.00012852675110751785 0.020242280100227272 0.0083067640971309694 -0.0082810140440893187 0.00032026313389195383 -0.00070410737439826395 0.0047561810356248841
leaf_weight=4956.6808890681714 858.04642209410667 9820.9015084281564 822.4488384090364 3070.995565906167 4762.3005381915718 5144.5796605516225 809.49254284799099 1547.2063055485487 522.80799025297165 1425.1563405916095 1611.9966344609857 28177.604690169916 52801.233533531427 6918.8936100937426
leaf_count=25108 4461 45876 3698 14437 21771 24126 3568 7124 2286 6415 8377 140848 277845 33477
internal_value=-3.66524e-05 0.00024007 -0.00170383 -0.00279829 -0.00617303 -0.000499506 0.00233397 0.00504036 0.0109992 -3.43263e-05 -0.00304183 0.000187157 -0.000465799 0.00119586
internal_weight=123250 105712 17537.9 13800.3 5584.75 8215.58 3737.55 2879.51 1332.3 95891.6 6568.68 89322.9 54226.4 35096.5
internal_count=619417 537946 81471 64032 25469 38563 17439 12978 5854 492070 33485 458585 284260 174325
is_linear=0
shrinkage=0.05


Tree=154
num_leaves=15
num_cat=0
split_feature=72 72 71 69 68 71 54 68 72 71 68 69 71 72
split_gain=24.6126 82.0706 81.983 80.8102 85.672 63.0219 61.082 79.4781 47.379 46.3143 46.1531 47.6903 50.334 43.3448
threshold=0.0040517377201467761 0.0045173054095357665 0.017012067139148716 0.095161151140928282 0.035737453028559692 0.010167866945266725 1.5318593978881838 0.0099753849208354967 0.002945420797914267 0.0024043949088081722 0.039957420900464065 0.096084207296371474 0.0021148637169972066 0.0043558448087424049
decision_type=8 10 2 8 10 2 8 10 10 2 10 10 2 10
left_child=2 6 3 4 8 9 7 -2 -1 -5 11 12 -9 -14
right_child=1 -3 -4 5 -6 -7 -8 10 -10 -11 -12 -13 13 -15
leaf_value=-0.0052977547295485483 -0.025352799936374366 0.00017713609301651031 0.019078900849032923 -0.0026951446331829453 -0.015231224515552179 0.0027670851480521034 0.0059873464465570111 0.0015529039905995917 0.0079399280224265786 -0.025972005359079578 -0.016152953190133917 0.011825771763756064 -0.0047113422132729248 -0.022865102736998225
leaf_weight=791.61623018980026 594.64379848539829 109836.57568388619 691.39186191931367 343.95114309340715 518.50362643972039 677.57324222847819 864.57915542833507 1276.3508573900908 4383.2462634593248 565.50707691907883 842.25566517934203 452.91139854863286 803.22738007083535 554.83631637133658
leaf_count=4949 3555 542486 3666 2242 3115 3789 4430 7396 24799 3470 4594 2671 4833 3364
internal_value=6.73065e-05 -0.000118681 0.00275237 0.00117786 0.00396004 -0.00876529 -0.00613729 -0.0084624 0.0059086 -0.0172939 -0.00584859 -0.00299438 -0.00557736 -0.012241
internal_weight=123197 115225 7971.79 7280.4 5693.37 1587.03 5388.8 4524.23 5174.86 909.458 3929.58 3087.33 2634.41 1358.06
internal_count=619359 573329 46030 42364 32863 9501 30843 26413 29748 5712 22858 18264 15593 8197
is_linear=0
shrinkage=0.05


Tree=155
num_leaves=15
num_cat=0
split_feature=70 84 68 62 68 72 72 72 68 69 74 68 71 74
split_gain=20.3163 34.4677 31.6406 26.9556 57.4781 28.6415 86.4232 83.1576 138.985 66.6881 214.114 200.805 248.408 169.535
threshold=-0.03048756159842014 2.5000000000000004 -0.087453853338956819 1.0000000180025095e-35 -0.028108102269470688 0.011327308136969806 0.011428485158830883 0.010773160960525276 -0.0090198032557964308 0.027397851459681991 -0.01112646935507655 0.053411189466714866 -0.024940954521298405 0.0013933189329691233
decision_type=2 2 10 2 8 10 10 8 8 8 2 10 2 2
left_child=1 -1 -3 5 -5 7 -7 9 -9 10 -2 12 -12 -14
right_child=3 2 -4 4 -6 6 -8 8 -10 -11 11 -13 13 -15
leaf_value=-0.014815380575042822 -0.012089475578582615 0.010183870304552735 -0.009459724604664637 -0.019942581550316231 -0.00033302309435659708 0.021088674565934051 0.0010282044638127213 -0.030582800882784041 -0.0029359370108587744 -0.00055508866487206921 -0.010247724306520954 -0.015644945824885206 0.026592320461836173 0.0074556700986797026
leaf_weight=612.69369957223535 1604.0894319266081 421.1350985430181 380.88852293044329 516.95228162407875 1285.987964399159 535.93671281635761 32570.674661710858 576.78038298338652 2029.495568241924 76139.912128841504 1063.5035558789968 765.55764112062752 2181.2007505185902 2476.3601668328047
leaf_count=3231 7733 2022 2226 2379 5950 2456 151353 2821 9836 397295 4902 4343 10407 12124
internal_value=-5.28112e-05 -0.00598892 0.000853333 1.66537e-05 -0.00603461 0.000108109 0.00135922 -0.000368978 -0.00914782 -9.62882e-05 0.00421674 0.00826153 0.0114823 0.0164554
internal_weight=123161 1414.72 802.024 121746 1802.94 119944 33106.6 86836.9 2606.28 84230.6 8090.71 6486.62 5721.06 4657.56
internal_count=619078 7479 4248 611599 8329 603270 153809 449461 12657 436804 39509 31776 27433 22531
is_linear=0
shrinkage=0.05


Tree=156
num_leaves=15
num_cat=0
split_feature=68 73 68 70 70 70 70 69 68 73 73 73 73 68
split_gain=28.3393 167.461 146.077 105.076 114.684 92.0891 107.72 87.6727 77.319 93.2258 69.6275 220.259 122.44 198.611
threshold=0.012093733064830305 0.54551473259925853 -0.0020691087702289219 -0.00046116432349663222 -0.01078024599701166 -0.016523967497050759 -0.0015222362126223741 0.099554911255836501 0.0022250108886510138 0.48096726834774023 0.62452375888824474 0.57541298866271984 0.47465904057025915 0.018520625308156017
decision_type=8 2 10 2 2 2 2 8 10 2 2 2 2 8
left_child=1 7 -3 4 -4 -2 -7 -1 9 -9 11 12 13 -8
right_child=5 2 3 -5 -6 6 10 8 -10 -11 -12 -13 -14 -15
leaf_value=-0.00016684599092684491 -0.017360319176347005 0.019580047358238331 -0.00023174290241889241 -0.0043117029703576334 -0.023893602773059599 0.0040708443911576858 0.028403622640425237 0.012674946904071897 0.02331780876566672 -0.012621304504738607 -0.0015395857241092153 0.0090050572474814367 -0.005982369741172458 -0.00034000358896297823
leaf_weight=40568.630461307243 681.66785559058189 426.7923481091857 691.60889196395874 3211.6876839827746 1965.0041043162346 20269.650165503845 723.26637845486403 1000.818153757602 720.38984157145023 559.86602235212922 34579.795080790296 7319.7267723977566 7293.8711860887706 3330.0130251646042
leaf_count=191583 3561 1933 3384 16637 10069 101867 3390 4886 3478 2881 185448 37617 37392 15990
internal_value=0.000182282 -0.000748875 -0.00835691 -0.0104186 -0.0177576 0.000799048 0.000969766 0.000370519 0.0098865 0.00357781 -0.000211279 0.00224887 -0.00211344 0.00484628
internal_weight=123343 49144.8 6295.09 5868.3 2656.61 74198 73516.3 42849.7 2281.07 1560.68 53246.7 18666.9 11347.2 4053.28
internal_count=620116 234851 32023 30090 13453 385265 381704 202828 11245 7767 279837 94389 56772 19380
is_linear=0
shrinkage=0.05


Tree=157
num_leaves=15
num_cat=0
split_feature=57 67 78 57 69 74 84 70 72 84 69 68 72 68
split_gain=21.292 32.5308 31.4441 23.7416 67.9484 26.5859 72.3804 63.166 47.592 63.6777 42.0985 62.0157 59.5313 44.0702
threshold=0.0086959386244416254 0.0050959971267730006 -0.14830207824707028 0.084874939173460021 -0.1383535638451576 -0.021459922194480893 3.5000000000000004 -0.020733712241053578 0.010434513911604883 2.5000000000000004 -0.09301410615444182 -0.039554694667458527 0.018741914071142677 -0.037996767088770859
decision_type=10 2 10 10 8 2 2 2 10 2 8 10 10 10
left_child=1 2 -1 4 -2 6 8 -7 -6 -10 11 12 -9 -12
right_child=3 -3 -4 -5 5 7 -8 10 9 -11 13 -13 -14 -15
leaf_value=-0.018845837161936111 0.015484823382040123 3.9907783866601903e-06 -0.0033803309693596776 -0.001518417978122754 0.012079882379732171 0.016871364665881274 -0.021930368506959893 -0.021746919784371908 -0.012647088162036059 0.010335711920256833 0.0054507657997743507 0.0090193728490280105 -0.0018665348004362316 0.00037048371739897791
leaf_weight=334.68086812086403 747.76616437733173 13290.016211615875 7397.7396339084953 15998.492041688412 540.39229839295149 581.89641424641013 478.0134713165462 733.80902026593685 931.66180656477809 434.4003332555294 4512.9548039026558 468.40051845088601 766.84078354388475 76022.215827334672
leaf_count=2456 3141 69926 45529 73618 2601 2633 2722 3444 4676 2013 20475 2071 3521 380774
internal_value=-4.81064e-05 -0.00149689 -0.0040732 0.000249976 0.000578253 0.000446042 -0.00474833 0.000595668 -0.000348253 -0.00531668 0.000478846 -0.00672579 -0.0116675 0.000655809
internal_weight=123239 21022.4 7732.42 102217 86218.4 85470.6 2384.47 83086.1 1906.45 1366.06 82504.2 1969.05 1500.65 80535.2
internal_count=619600 117911 47985 501689 428071 424930 12012 412918 9290 6689 410285 9036 6965 401249
is_linear=0
shrinkage=0.05


Tree=158
num_leaves=15
num_cat=0
split_feature=72 73 72 74 74 72 73 72 54 71 73 68 84 73
split_gain=26.4248 39.1897 30.1452 60.4147 37.4266 37.356 56.379 36.5059 54.5876 58.8545 45.5277 76.2479 43.4303 39.7524
threshold=0.002945420797914267 0.66657599806785595 0.0037568438565358524 -0.00064403898431919504 -0.0019833699334412809 0.0036549860378727321 0.61819469928741466 0.0045173054095357665 1.3463038802146914 0.017012067139148716 0.5629803240299226 0.042440390214324004 2.5000000000000004 0.71822267770767223
decision_type=10 2 10 2 2 10 2 10 8 2 2 10 2 2
left_child=1 -1 3 4 -2 -5 -7 8 9 10 12 -12 -4 -9
right_child=2 -3 7 5 -6 6 -8 13 -10 -11 11 -13 -14 -15
leaf_value=-0.021623849193154254 0.0070431936876029682 0.00015631631244669624 -0.020065546927762183 -0.0032353942267888819 0.024523424747600872 -0.0045290773764019446 0.019929266850923163 0.00047063960184938204 0.0066775373352451848 0.011257265526367124 -0.0015448091328145697 -0.020090739915019515 -0.0016039894803679643 -0.0020138649630208239
leaf_weight=343.22024567984045 1089.6108442544937 496.98464424908161 1004.8398663960397 2411.1251757740974 423.54532768949866 437.40002308413386 493.1141295991838 90323.636143395677 1107.8325653970242 488.34799935296178 3940.8989716451615 635.30766228586435 467.00872848555446 19581.702673047781
leaf_count=2094 6024 3212 5857 14299 2457 2304 2800 441011 5547 2743 23272 3618 2586 101934
internal_value=-0.000106101 -0.00889048 -4.50821e-05 0.00381185 0.0120649 4.98538e-05 0.0085064 -0.000204684 -0.00354341 -0.00528328 -0.00663522 -0.0041577 -0.0142582 2.78355e-05
internal_weight=123245 840.205 122404 4854.8 1513.16 3341.64 930.514 117550 7644.24 6536.4 6048.06 4576.21 1471.85 109905
internal_count=619758 5306 614452 27884 8481 19403 5104 586568 43623 38076 35333 26890 8443 542945
is_linear=0
shrinkage=0.05


Tree=159
num_leaves=15
num_cat=0
split_feature=72 69 69 69 72 73 72 69 0 70 70 69 69 72
split_gain=20.2176 82.9523 70.9712 81.6311 63.2525 62.9297 62.3488 90.2404 61.4167 61.0826 91.7553 100.406 78.1415 84.6508
threshold=0.0063372445292770871 0.013193483930081131 0.14754705131053927 0.1354017108678818 0.0066108887549489745 0.45145443081855779 0.0067060368601232776 0.089249406009912505 0.027471496723592285 -0.00058230204740539182 0.00464178016409278 0.050430154427886016 0.14230864495038989 0.006468190113082529
decision_type=10 8 10 10 10 2 10 10 2 2 2 10 8 10
left_child=1 -1 3 -3 5 -2 7 -6 -5 12 11 -11 13 -7
right_child=4 2 -4 8 6 9 -8 -9 -10 10 -12 -13 -14 -15
leaf_value=0.020737151072963297 -0.01317555479383771 -0.0013705762553502978 -0.020295874549597786 0.023749958944578126 -1.1049241480639682e-05 0.0062072177607666659 0.00026513570461708934 -0.030089547520105016 -0.00081004328510138736 0.010583780328479273 0.010857362177794585 -0.014432185833744017 -0.0017095088498134273 0.029632906509410695
leaf_weight=425.88658647239208 414.37789129838347 33552.425852991641 470.45631344243884 566.4618800394237 622.2320739403367 702.09987209737301 80859.031354144216 406.13229400478303 454.68125610053539 616.64168275520205 1694.4937849864364 1108.1761339642107 618.58080421388149 863.7538701929152
leaf_count=2046 1983 187935 2465 2695 3081 3421 388018 2122 2017 3300 8648 5701 3030 4028
internal_value=6.61533e-05 -0.000941309 -0.00121061 -0.000945112 0.000472726 0.00541576 0.000108832 -0.0120653 0.0129124 0.00681154 0.00262467 -0.00547924 0.0133235 0.0192353
internal_weight=123375 35469.9 35044 34573.6 87905.5 6018.12 81887.4 1028.36 1021.14 5603.75 3419.31 1724.82 2184.43 1565.85
internal_count=620490 197158 195112 192647 423332 30111 393221 5203 4712 28128 17649 9001 10479 7449
is_linear=0
shrinkage=0.05


Tree=160
num_leaves=15
num_cat=0
split_feature=15 8 54 74 17 72 58 72 70 70 70 72 72 74
split_gain=25.6692 21.7532 22.1596 43.8971 42.2195 56.9665 37.1413 27.6605 25.9761 45.4041 40.4498 40.5386 100.883 63.6243
threshold=1.0000000180025095e-35 1.0000000180025095e-35 0.39603215456008917 0.017686319537460807 48.167982101440437 0.01400456251576543 -0.0032473976025357838 0.012143131811171772 0.01275134924799204 0.011808764189481737 0.014460922684520485 0.019758761860430244 0.032342331483960159 0.027833558619022373
decision_type=10 2 8 2 10 10 2 10 2 2 2 10 10 2
left_child=-1 2 8 6 -5 7 -4 -6 9 -2 -10 13 -13 -12
right_child=1 -3 3 4 5 -7 -8 -9 10 -11 11 12 -14 -15
leaf_value=-0.012053123879901441 -0.00075195096027600241 0.0019015258374371628 0.0022165460911281946 0.019359527445220268 0.0049939100664512376 -0.0049684755287871876 -0.00070854162000924677 0.019751179707180853 -0.013778947332989806 0.010399252632696473 -0.0023220787798775549 -0.027342128202637372 0.0026087151268449297 0.016934425779370512
leaf_weight=430.17077431827784 48097.289362825453 13944.464224934578 15554.729106169194 510.88854258134961 894.56817315518856 1071.5524422973394 35833.879898378626 490.92938663437963 902.1866597905755 920.5134589895606 3002.024805072695 487.5221033655107 642.87616887316108 490.1907679066062
leaf_count=2124 245955 73492 74254 2327 4218 4990 179690 2229 4422 4405 14221 2360 2935 2269
internal_value=-2.94789e-07 4.28892e-05 -0.000195261 0.000519158 0.00642114 0.00366333 0.000177107 0.010327 -0.000907207 -0.000540462 -0.00415423 -0.0022501 -0.0104351 0.000421529
internal_weight=123274 122844 108899 54356.5 2967.94 2457.05 51388.6 1385.5 54542.6 49017.8 5524.8 4622.61 1130.4 3492.22
internal_count=619891 617767 544275 267708 13764 11437 253944 6447 276567 250360 26207 21785 5295 16490
is_linear=0
shrinkage=0.05


Tree=161
num_leaves=15
num_cat=0
split_feature=70 68 69 69 71 69 84 71 71 70 69 84 68 70
split_gain=29.6664 51.5844 95.0832 93.8693 84.5645 81.1807 97.1964 70.209 245.976 111.833 76.792 59.058 57.0982 47.7574
threshold=0.01275134924799204 0.026547504588961605 0.085665073245763793 1.0000000180025095e-35 0.0034675771603360776 0.022445552051067356 1.0000000180025095e-35 -0.012753691989928482 0.011636662296950819 0.019053208641707901 -0.042247124016284936 2.5000000000000004 0.018520625308156017 0.012050689663738014
decision_type=2 10 8 10 2 10 2 2 2 2 10 2 8 2
left_child=13 2 3 7 -3 -5 -7 10 -9 -10 -2 -8 -4 -1
right_child=1 4 12 5 -6 6 11 8 9 -11 -12 -13 -14 -15
leaf_value=0.00018745335685189447 -0.01657755809015838 -0.022254784089082935 0.017987461928364524 -0.024194005417960573 -0.002906388040305785 -0.021600186119460896 0.014031244041013573 0.03166971280384475 -0.020534273991633739 0.0052690466573673822 0.0084208265127100959 -0.0070830382883909472 -0.0010083082920358262 0.009378564502119744
leaf_weight=110677.16439967044 843.96412532404065 768.72897145524621 974.57344446331263 747.90933666191995 2068.9163090698421 582.76471323147416 610.63185080513358 700.05466864258051 596.78987473994493 1354.59170823358 472.06968903541565 700.90078160911798 659.60113756731153 1421.6249835640192
leaf_count=560195 3918 3872 4590 3573 10407 2779 2852 3033 2833 6207 2064 3378 3082 6749
internal_value=6.07988e-05 -0.00240594 -0.000401371 -0.00307382 -0.00820769 -0.0103566 -0.00479491 0.00179011 0.00646919 -0.00268683 -0.0076146 0.00277927 0.0103607 0.00030484
internal_weight=123180 11081.5 8243.85 6609.68 2837.65 2642.21 1894.3 3967.47 2651.44 1951.38 1316.03 1311.53 1634.17 112099
internal_count=619532 52588 38309 30637 14279 12582 9009 18055 12073 9040 5982 6230 7672 566944
is_linear=0
shrinkage=0.05


Tree=162
num_leaves=15
num_cat=0
split_feature=68 68 68 68 68 69 19 13 69 68 69 69 69 68
split_gain=25.9952 56.9086 55.387 79.9611 78.241 89.238 56.1317 52.4923 73.5258 215.618 111.911 107.558 74.9734 86.6316
threshold=0.012093733064830305 0.013206058647483589 0.0050384802743792543 0.005714838858693839 0.0039483227301388988 0.053651142865419395 -0.00012006825636490247 0.0063443586695939311 0.044376322999596603 -0.014754017814993857 0.04846692085266114 0.060013568028807647 0.013193483930081131 -0.012484294362366198
decision_type=10 10 10 10 10 10 10 8 8 8 8 8 10 10
left_child=2 -2 4 -4 7 -6 -5 8 12 10 -10 -12 13 -1
right_child=1 -3 3 6 5 -7 -8 -9 9 -11 11 -13 -14 -15
leaf_value=-0.00058249344198113204 0.010237261626900298 0.00036559205261795934 -0.023395033974779239 -0.007526783832334568 -0.0042998614917297518 0.024920599016383695 0.00058146631066209652 -0.0035573288005627808 0.037565044297907912 0.00014462427302197776 -0.0045183680723427794 0.02280916120819465 -0.0062298686750362903 0.011524056924796763
leaf_weight=14188.794563030824 1480.5102561935782 71262.337979292497 514.89670568332076 4064.8841063138098 434.12865540757775 636.62553832679987 4479.7051523737609 10345.648269243538 558.66455888003111 6839.3819042053074 618.64301463589072 842.12944987788796 5213.9008491653949 1639.3441539369524
leaf_count=65386 7645 371062 2589 20627 2202 3048 22595 49057 2440 33042 2890 3823 25408 7356
internal_value=-3.66931e-05 0.000567886 -0.000909631 -0.0044479 -0.00013292 0.0131432 -0.00328013 -0.000489308 0.000573057 0.00439161 0.0187036 0.0112838 -0.0010359 0.000677885
internal_weight=123120 72742.8 50376.7 9059.49 41317.3 1070.75 8544.59 40246.5 29900.9 8858.82 2019.44 1460.77 21042 15828.1
internal_count=619170 378707 240463 45811 194652 5250 43222 189402 140345 42195 9153 6713 98150 72742
is_linear=0
shrinkage=0.05


Tree=163
num_leaves=15
num_cat=0
split_feature=74 74 69 73 73 74 69 69 73 69 74 69 69 69
split_gain=24.3566 75.4361 218.618 55.2892 84.5252 84.6699 70.543 150.909 121.311 81.4854 79.024 67.897 153.245 99.8235
threshold=0.0071844139602035293 0.0058923510368913421 -0.0093253590166568739 0.50397408008575451 0.46463620662689215 -0.014051598962396382 -0.067468378692865358 -0.045439498499035828 0.37032879889011389 -0.037439091131091111 -0.00069350891862995912 -0.012004304677247999 -0.0042636860162019721 -0.051937524229288094
decision_type=2 2 8 2 2 2 8 8 2 8 2 8 8 10
left_child=1 3 -3 4 6 -6 8 -8 10 -9 -1 13 -13 -5
right_child=-2 2 -4 11 5 -7 7 9 -10 -11 -12 12 -14 -15
leaf_value=-0.00057337997509495839 0.0014545512410925479 0.02216169018667315 -0.0093964652489576597 -0.0072792450041102271 0.009960412898378547 -0.0094664589458871296 0.019197364738322314 -0.016812455071093454 -0.028584107974876399 0.00050437362048596666 -0.019718304200115378 -0.02759107539410437 0.00089075753988455584 0.013193328889974222
leaf_weight=4132.6547027155757 27786.974571153522 607.97670397907495 4919.2650562357157 783.74720050394535 626.63300735875964 4801.9176050815731 1057.3985163979232 692.85022641718388 507.19394648447633 20293.298017600551 609.96287908963859 466.47172367013991 53599.592131268233 2398.5671863332391
leaf_count=19077 135951 2713 26022 3509 2998 24076 4888 3225 2452 96117 2874 2561 282497 10939
internal_value=0.000151967 -0.00022716 -0.00589143 0.000121436 -0.00151776 -0.00720977 -0.000383411 0.000857687 -0.00558641 -7.50704e-05 -0.00307198 0.00105846 0.000639965 0.00814429
internal_weight=123285 95497.5 5527.24 89970.3 32721.9 5428.55 27293.4 22043.5 5249.81 20986.1 4742.62 57248.4 54066.1 3182.31
internal_count=619899 483948 28735 455213 155707 27074 128633 104230 24403 99342 21951 299506 285058 14448
is_linear=0
shrinkage=0.05


Tree=164
num_leaves=15
num_cat=0
split_feature=27 49 69 72 72 72 52 74 26 66 69 73 72 73
split_gain=20.5911 24.9425 23.1994 76.6957 35.5289 49.1789 52.9397 45.0831 40.7707 31.0981 29.2305 85.1408 119.099 115.106
threshold=0.5065525770187379 -0.060683330520987504 0.1354017108678818 0.0052601569332182416 0.0080492333509027975 0.0071132583543658265 0.2144046947360039 0.0004852519632549957 0.045948496088385589 0.097344867885112776 0.1011449657380581 0.61819469928741466 0.0068157545756548652 0.75795969367027294
decision_type=2 2 10 10 10 10 8 2 8 8 10 2 10 2
left_child=1 -1 10 -4 5 7 -7 9 -6 -5 -2 12 -12 -13
right_child=2 -3 3 4 8 6 -8 -9 -10 -11 11 13 -14 -15
leaf_value=0.0002534625839229145 0.00047416922901351408 -0.0051113055871416365 0.019892839103358772 0.0021386398066878024 -0.0059421424745192452 0.0026771666846353839 -0.020838475291070489 -0.0040163278012383865 0.011815632842652387 0.019830580537121306 -0.0045759121000073658 -0.0075773905772236853 0.0071259307893069019 0.0075952618645814401
leaf_weight=4638.5581943616271 91119.429361891001 4054.0811693351716 617.50340830534697 549.66022527590394 429.59347208589315 406.02784962207079 565.87973079457879 1243.2767453603446 1234.8994085639715 447.32247801497579 3988.6957147885114 7657.6115355622023 4757.2430229894817 1485.1042438223958
leaf_count=21658 455481 21817 2808 2521 2106 2050 2760 6318 5965 2012 21600 40861 23474 8043
internal_value=9.31005e-05 -0.00225156 0.000271281 0.00343842 0.00131844 -0.00175483 -0.0110873 0.0023252 0.00722436 0.0101947 0.000111352 -0.00173596 0.00179003 -0.0051072
internal_weight=123195 8692.64 114502 5494.16 4876.66 3212.17 971.908 2240.26 1664.49 996.983 109008 17888.7 8745.94 9142.72
internal_count=619474 43475 575999 26540 23732 15661 4810 10851 8071 4533 549459 93978 45074 48904
is_linear=0
shrinkage=0.05


Tree=165
num_leaves=15
num_cat=0
split_feature=59 54 53 57 73 25 27 51 66 70 73 73 70 54
split_gain=20.6623 21.854 40.6376 30.8824 24.8226 25.7811 24.2576 30.3559 23.4596 21.2701 19.0728 48.1259 45.3374 38.9633
threshold=6.5000000000000009 0.10361179336905481 -0.19752861559391019 0.068030372262001051 0.18154882639646533 -0.02400953788310289 0.55168762803077709 -0.016745375469326969 -0.079130899161100374 -0.00084989535389468063 0.78125637769699108 0.71822267770767223 -0.0030925977043807502 0.10629895329475404
decision_type=10 8 10 10 2 10 2 10 10 2 2 2 2 10
left_child=1 2 3 4 -1 8 7 9 -6 -3 11 -8 -13 -14
right_child=-2 6 -4 -5 5 -7 10 -9 -10 -11 -12 12 13 -15
leaf_value=0.010123342782902459 -0.0052519078192024308 0.0020977862837609842 -0.0066623133330924629 -0.003681411304266908 0.00036656751191784784 0.0052374805521354503 0.00088295214738921737 -0.010107007219216858 -0.0082338049799194138 -0.0026603574602344846 0.0028961608520030493 0.0050157077870609142 -0.015041198980595145 -0.0032580139609420995
leaf_weight=754.91251859813929 1765.456820525229 3657.5650599766523 3120.4895988404751 4327.0456884354353 4132.5816189423203 2145.3439868986607 76527.907884340733 983.89881695248187 970.94520290941 6524.7479706779122 8920.8531011007726 1506.7935570254922 769.92195039987564 7115.5960952602327
leaf_count=3320 8385 17467 17574 19909 19519 10492 382592 6239 4554 32386 46195 7483 4586 38906
internal_value=0.000103024 0.000181286 -0.00157484 -0.000283026 0.00155653 0.000651644 0.000437379 -0.00176592 -0.00128255 -0.000950814 0.000696946 0.000468297 -0.00290763 -0.00442609
internal_weight=123224 121459 15451.3 12330.8 8003.78 7248.87 106007 11166.2 5103.53 10182.3 94841.1 85920.2 9392.31 7885.52
internal_count=619607 611222 75368 57794 37885 34565 535854 56092 24073 49853 479762 433567 50975 43492
is_linear=0
shrinkage=0.05


Tree=166
num_leaves=15
num_cat=0
split_feature=57 5 71 84 71 71 68 73 71 84 71 71 73 71
split_gain=18.6542 26.1967 29.2248 32.7925 35.7109 56.8198 43.5733 43.321 42.5013 32.7564 33.076 29.9706 34.8413 28.1563
threshold=0.0081841601058840769 1.0691027641296389 0.029265975579619411 1.5000000000000002 -0.011940715368837116 0.00064631964778527628 0.029120756313204769 0.11478942260146142 -0.03858648054301738 2.5000000000000004 0.03935640491545201 -0.021385851316154 0.44920520484447485 -0.040122648701071732
decision_type=10 2 2 2 2 2 8 2 2 2 2 2 2 2
left_child=-1 13 3 4 7 6 -6 -3 -9 10 -4 -10 -13 -2
right_child=1 2 9 -5 5 -7 -8 8 11 -11 -12 12 -14 -15
leaf_value=-0.0014875120568999438 -0.0049446989606136138 -0.0082558707888584233 0.0098046105572321199 -0.0031619488502446142 -0.013188682230604674 0.0015867396381098473 0.0052006500234994084 0.016406590696682585 -0.0024293207678020069 0.012042219233814499 -0.0074128669979536396 -0.00072565858020102471 0.017087295228051542 0.00081309636516252101
leaf_weight=19663.048440560699 2174.8523880429566 554.43282168358564 440.9168858975172 14500.304929081351 1420.8493808582425 3904.1146132573485 409.75489806011319 832.18528958410025 1147.6478686742485 842.55918880552053 721.55057365074754 497.40331723168492 600.45564776659012 75470.744387518615
leaf_count=110615 10001 2811 2099 70541 6987 19322 1992 3815 5270 3939 3564 2271 2803 373603
internal_value=-7.61378e-05 0.000192069 -0.00118557 -0.00167315 0.000632484 -0.00182382 -0.0090666 0.00450507 0.0068232 0.0045979 -0.000854457 0.00321459 0.00908314 0.000651205
internal_weight=123181 103518 25872.2 23867.1 9366.84 5734.72 1830.6 3632.12 3077.69 2005.03 1162.47 2245.51 1097.86 77645.6
internal_count=619633 509018 125414 115812 45271 28301 8979 16970 14159 9602 5663 10344 5074 383604
is_linear=0
shrinkage=0.05


Tree=167
num_leaves=15
num_cat=0
split_feature=15 71 72 14 68 71 71 71 73 70 70 70 69 72
split_gain=22.368 25.589 50.9651 28.4469 35.4856 35.8481 28.9016 24.1677 44.9117 32.2501 39.6997 36.1186 39.3762 39.2896
threshold=15.486109256744387 0.012805075850337745 0.016601774841547016 0.062157340347766883 0.053079243749380119 0.023567108437418941 0.023015679791569713 0.048369815573096282 0.51737183332443248 0.028627929277718071 0.021026453934609893 0.018314933404326442 -0.017013531178236004 0.014212233014404775
decision_type=8 2 10 8 10 2 2 2 2 2 2 2 10 10
left_child=1 -1 3 4 -3 -6 -5 9 -9 10 11 13 -13 -2
right_child=7 2 -4 6 5 -7 -8 8 -10 -11 -12 12 -14 -15
leaf_value=0.00028780071113065621 -0.00054276365365545857 0.0055188401346901502 -0.0071386626149356801 0.0054327019513166304 0.007195819823443219 0.027357807123020911 -0.0064695213793760408 -0.012173265343034404 0.0025572702491619549 -0.010699012239258648 0.0080306779495061698 0.00090485848927175866 -0.017877352344403085 0.00257456563820369
leaf_weight=15532.402799028903 83974.893946126103 2845.8245935998857 889.76168318837881 1388.1116463430226 469.87678571417928 422.37526532635093 793.17899465560913 1158.319210767746 923.54968907684088 719.72462543472648 1451.4117172621191 517.54423424601555 593.22185848839581 11480.64934790507
leaf_count=78353 428663 14396 4211 7006 2318 2043 3878 5766 4631 3479 6531 2296 2951 53021
internal_value=-2.20925e-05 0.00140895 0.00396224 0.00564008 0.00828232 0.0169376 0.00109494 -0.000339319 -0.00565758 -0.000226622 -0.000148642 -0.000272398 -0.00919608 -0.000167605
internal_weight=123161 22341.5 6809.13 5919.37 3738.08 892.252 2181.29 100819 2081.87 98737.4 98017.7 96566.3 1110.77 95455.5
internal_count=619543 112205 33852 29641 18757 4361 10884 507338 10397 496941 493462 486931 5247 481684
is_linear=0
shrinkage=0.05


Tree=168
num_leaves=15
num_cat=0
split_feature=15 4 70 71 70 69 70 70 71 74 71 73 69 71
split_gain=24.7624 21.5614 68.3813 33.88 21.7942 96.4269 101.557 78.0357 81.8062 84.2454 76.3699 131.915 74.0313 117.641
threshold=1.0000000180025095e-35 0.7916666865348817 -0.001272638270165771 0.0077224390115588912 -0.0084869600832462293 0.12770455330610278 -0.012401808984577654 -0.0071474877186119548 -0.001680250570643693 -0.007328484905883669 -0.047279346734285348 0.2501190602779389 0.020825006999075416 -0.013617287389934061
decision_type=10 8 2 2 2 10 2 2 2 2 2 2 10 2
left_child=-1 4 -3 -4 5 6 -2 8 -6 -10 11 -9 -8 -14
right_child=1 2 3 -5 7 -7 12 10 9 -11 -12 -13 13 -15
leaf_value=-0.011713522941146406 0.00036326880982814604 0.019661235075540216 0.0099479167825437601 -0.0072471403048473826 0.0021422077565253733 0.020274431485010343 -0.01504877556134266 0.00064594996799836044 0.03188988230421904 0.0054367012546479854 0.00010327494746909133 -0.031303960470317103 0.011568753712770111 -0.0094859892663163147
leaf_weight=441.47114676609635 10949.876526325941 565.95263446122408 432.61469896510243 802.40744043514132 2510.3755295034498 473.28176489472389 2202.5995597969741 825.77588542923331 563.66944625228643 643.71094181016088 99347.83858207427 520.2761120274663 945.09874911233783 2164.8119873255491
leaf_count=2195 51930 2509 2010 3772 11697 2086 10736 3719 2532 2992 506879 2510 4347 10727
internal_value=-2.51084e-05 1.78105e-05 0.00543321 -0.00119238 -6.31366e-05 -0.00173766 -0.00239034 0.000205405 0.00730934 0.017947 -5.75817e-05 -0.0118431 -0.00805595 -0.0030709
internal_weight=123390 122948 1800.97 1235.02 121147 16735.7 16262.4 104412 3717.76 1207.38 100694 1346.05 5312.51 3109.91
internal_count=620641 618446 8291 5782 610155 79826 77740 530329 17221 5524 513108 6229 25810 15074
is_linear=0
shrinkage=0.05


Tree=169
num_leaves=15
num_cat=0
split_feature=73 73 73 74 68 73 74 60 71 71 74 84 71 71
split_gain=20.676 162.062 115.95 149.819 129.717 175.351 130.045 70.2101 64.196 138.51 120.214 113.346 124.109 122.519
threshold=0.42794576287269598 0.42330278456211096 0.45145443081855779 -0.0048272991552948943 0.018779916688799862 0.44426245987415319 0.010633158497512342 1.0000000180025095e-35 0.01762101519852877 0.0062900430057197818 -0.010187317151576279 1.0000000180025095e-35 0.010391716379672291 0.013340741395950319
decision_type=2 2 2 2 10 2 2 10 2 2 2 2 2 2
left_child=1 8 3 -2 5 6 -5 -7 9 -1 -11 -12 -13 -14
right_child=2 -3 -4 4 -6 7 -8 -9 -10 10 11 12 13 -15
leaf_value=-0.00099863847318817965 -0.0090437638901000057 -0.02857976504514595 6.017075446201504e-05 0.017227860246166959 -0.0052004780108593912 0.05005671293457057 -0.014119611268248931 0.021640714481539411 -0.0058229561452773533 -0.0087560816226578634 0.034463408428987034 0.021617615473716285 -0.014513157576831651 0.018688406208638614
leaf_weight=22870.360282965004 941.69439815729856 514.8680767416954 87335.62858097814 1248.0645195059478 723.63076313212514 455.3772923797369 440.41453059762716 458.33076955378056 4882.7671579755843 696.23148530721664 552.20286954566836 1050.2385133244097 727.36258217319846 435.97695457935333
leaf_count=106480 4533 2519 452170 5944 3481 2199 2122 2031 22726 3365 2494 4898 3444 1992
internal_value=7.28234e-05 -0.00102696 0.000453842 0.00849144 0.0134687 0.0186604 0.00901635 0.0361914 -0.000563488 0.000413606 0.00971902 0.0143846 0.0092432 -0.0020172
internal_weight=123333 31730 91603.1 4267.51 3325.82 2602.19 1688.48 913.708 31215.1 26332.4 3462.01 2765.78 2213.58 1163.34
internal_count=620398 147918 472480 20310 15777 12296 8066 4230 145399 122673 16193 12828 10334 5436
is_linear=0
shrinkage=0.05


Tree=170
num_leaves=15
num_cat=0
split_feature=15 59 72 73 57 26 72 72 72 72 73 73 72 84
split_gain=18.6842 18.9484 53.9036 41.8347 60.028 59.5214 36.7195 88.3419 53.5625 96.0051 136.48 101.566 71.2051 45.2124
threshold=11.331313133239748 1.0000000180025095e-35 0.019758761860430244 0.15441858023405078 0.057990437373518951 0.028061892837285999 0.019033129326999191 0.016601774841547016 0.014628778211772444 0.013306633569300176 0.44426245987415319 0.32293900847435003 0.014910137746483089 1.5000000000000002
decision_type=8 10 8 2 8 8 10 10 10 10 2 2 10 2
left_child=-1 2 3 4 5 -2 7 8 9 -5 11 -11 -10 -14
right_child=1 -3 -4 6 -6 -7 -8 -9 12 10 -12 -13 13 -15
leaf_value=0.0032104896051738637 0.024263424581142251 0.00054378046180658397 -0.013975702685358748 -0.0005242737752328765 -0.0040084381444237529 0.0025149636003374701 0.013987135037684825 -0.014366022501137186 0.023488251570042758 -0.0031994905481469134 0.0050482090527942496 -0.032527552217320219 0.012762596048850544 -0.0048192885004532462
leaf_weight=4303.8035436905921 612.75557386875153 54758.733878094703 748.16137236543 55656.547874148935 831.31929229199886 640.99823853746057 406.93987493216991 1184.4893779233098 501.08401188999414 472.59725434333086 764.43788396194577 787.11256027966738 582.19937094300985 946.62101773172617
leaf_count=21880 2742 259243 3813 298437 3695 2933 1847 5702 2347 2224 3684 3947 2704 4613
internal_value=-2.20149e-05 -0.000139287 -0.000722485 -0.000563877 0.00638405 0.0132521 -0.0008012 -0.000902305 -0.000632863 -0.00091431 -0.0115836 -0.0216366 0.00732987 0.0019156
internal_weight=123198 118894 64135.3 63387.1 2085.07 1253.75 61302 60895.1 59710.6 57680.7 2024.15 1259.71 2029.9 1528.82
internal_count=619811 597931 338688 334875 9370 5675 325505 323658 317956 308292 9855 6171 9664 7317
is_linear=0
shrinkage=0.05


Tree=171
num_leaves=15
num_cat=0
split_feature=69 69 72 72 84 69 68 70 73 68 69 50 72 70
split_gain=20.9159 56.9793 205.951 45.7866 54.5069 42.9265 109.38 102.109 74.6213 61.6795 57.0937 51.419 50.3694 62.8482
threshold=-0.12024196237325667 -0.09301410615444182 0.020338352769613269 0.017434634268283847 1.5000000000000002 -0.078645620495080934 -0.052663978189229958 0.025992065668106083 0.3586434274911881 -0.065314467996358858 -0.071767471730709062 0.065533831715583815 0.018491671420633796 0.021026453934609893
decision_type=8 8 10 10 2 8 10 2 2 8 8 2 10 2
left_child=3 2 -2 -1 -5 6 -3 9 -8 -7 11 -11 13 -12
right_child=1 5 -4 4 -6 7 8 -9 -10 10 12 -13 -14 -15
leaf_value=0.012870382809825507 -0.018644914671642279 -0.0081067203323192342 0.01604447780907561 -0.010312764760385612 0.0054457061274313665 0.013071949133129968 0.031794749414636295 -0.018643514745540001 0.0041995683491538403 -0.024416708943299718 -0.00041417056543823654 -0.0020734675268075519 0.0071483386641323574 0.01260754452116819
leaf_weight=957.15253291279078 1456.4065670371056 639.28798775188625 595.35364818386734 829.52438818663359 1574.2375723291188 864.19319903478026 494.66973281092942 741.97517456486821 482.9007466994226 449.24998524039984 110041.82031747885 590.81445062160492 2304.3060669209808 924.48249427601695
leaf_count=4105 6913 2970 2881 3950 6906 4169 2272 3660 2156 2207 558794 2771 10442 4231
internal_value=-0.000200604 -0.000310067 -0.00855019 0.0036836 -1.26463e-05 -0.000165506 0.00790002 -0.00027868 0.0183438 -0.000158762 -0.000259921 -0.0118651 -0.000152323 -0.000304558
internal_weight=122946 119585 2051.76 3360.91 2403.76 117534 1616.86 115917 977.57 115175 114311 1040.06 113271 110966
internal_count=618427 603466 9794 14961 10856 593672 7398 586274 4428 582614 578445 4978 573467 563025
is_linear=0
shrinkage=0.05


Tree=172
num_leaves=15
num_cat=0
split_feature=28 74 74 72 72 72 71 70 71 84 71 84 70 70
split_gain=20.873 21.3191 109.196 53.7533 103.595 45.5664 52.4813 65.343 42.5957 135.263 128.009 108.44 64.1215 58.0819
threshold=2.1857140064239506 0.0069592213258147248 0.0067960366141051063 0.0054515500087291011 0.005824470892548562 0.0045173054095357665 0.013050977606326343 0.0062631289474666127 0.017340694554150108 1.5000000000000002 0.016425937414169315 2.5000000000000004 0.0077822650782763967 0.0071164928376674661
decision_type=2 2 2 10 10 10 2 2 2 2 2 2 2 2
left_child=1 2 -1 5 -5 -3 7 -7 10 12 11 13 -10 -6
right_child=-2 3 -4 4 8 6 -8 -9 9 -11 -12 -13 -14 -15
leaf_value=-0.0001902347393652282 -0.0071617959853658699 0.00085199594209960051 -0.017753385057298572 -0.019060396269612489 0.012737537993110479 0.0035591179595689591 -0.00094121752960056875 0.029352955721572038 0.006487256287106816 0.0024032592689868415 0.027740509454680481 -0.0035826135383032979 -0.014178252027938251 0.0030626985296592808
leaf_weight=92844.258346067742 1014.0071944482625 1261.2188065871596 883.52011336199939 649.97394029796124 1921.6050977781415 394.73350075259805 429.45620433986187 653.21557140722871 440.61294136196375 6068.0113547630608 478.25624307245016 5949.7874846383929 2340.8366330228746 7937.1257487107068
leaf_count=471106 4872 7220 4714 3655 9105 1982 2408 3481 2172 29099 2314 28574 11562 37988
internal_value=-5.29459e-05 6.59837e-06 -0.000357669 0.00120323 0.000494513 0.00785021 0.0137785 0.0197626 0.00100754 -0.00178346 0.00252421 0.00174428 -0.0108931 0.00495946
internal_weight=123267 122253 93727.8 28524.8 25786.2 2738.62 1477.41 1047.95 25136.2 8849.46 16286.8 15808.5 2781.45 9858.73
internal_count=620252 615380 475820 139560 124469 15091 7871 5463 120814 42833 77981 75667 13734 47093
is_linear=0
shrinkage=0.05


Tree=173
num_leaves=15
num_cat=0
split_feature=65 5 59 69 69 71 71 73 69 69 73 73 73 74
split_gain=19.0285 27.1474 27.4255 45.6504 85.0035 48.1973 77.2872 47.5309 116.094 116.847 57.8476 117.033 104.583 95.3257
threshold=-0.14869032055139539 0.71594694256782543 1.0000000180025095e-35 -0.1383535638451576 -0.09301410615444182 -0.037121023982763283 0.0024043949088081722 0.30328534543514257 0.039528355002403266 0.013193483930081131 0.42794576287269598 0.46266341209411627 0.50754529237747203 -0.0043070653919130555
decision_type=8 2 8 8 8 2 2 2 10 10 2 2 2 2
left_child=-1 -2 3 -3 5 -5 -7 8 9 -6 -9 13 -13 -12
right_child=1 2 -4 4 7 6 -8 10 -10 -11 11 12 -14 -15
leaf_value=-0.0023324526317404235 -0.011956954781910785 0.015204966834801274 0.0010947093207494681 -0.026254324568151716 0.0050651711169574058 0.0053635986021982867 -0.021500444366642633 -0.0045926943502798603 0.023454085172113299 -0.015337451582518417 -0.0050331353796675173 -0.0078002146135453063 9.609576006406123e-05 0.014024911256591461
leaf_weight=8032.5625249072909 448.66415658220649 451.65585864335299 51054.109639666975 429.91445063054562 3895.7611779384315 600.79357266798615 468.52451479807496 8219.5802518166602 673.04284114390612 845.53047433868051 888.55903794243932 4674.105800203979 40015.219661187381 2452.5303976349533
leaf_count=37066 3202 1910 242099 2139 18048 2724 2271 40413 2857 4190 4486 24291 221772 12186
internal_value=1.8869e-05 0.000183125 0.000231664 -0.000461033 -0.000575443 -0.012299 -0.0064971 -0.000288462 0.0041815 0.00140208 -0.000719384 -5.57151e-05 -0.000731348 0.00895655
internal_weight=123151 115118 114669 63615.2 63163.6 1499.23 1069.32 61664.3 5414.33 4741.29 56250 48030.4 44689.3 3341.09
internal_count=619654 582588 579386 337287 335377 7134 4995 328243 25095 22238 303148 262735 246063 16672
is_linear=0
shrinkage=0.05


Tree=174
num_leaves=15
num_cat=0
split_feature=31 15 54 8 73 7 53 72 5 65 5 49 14 5
split_gain=28.154 25.2175 21.2129 20.4413 26.4276 28.7731 24.1082 23.0361 26.0975 21.5469 21.3588 20.4128 20.0754 19.7933
threshold=17.581121444702152 32.097017288208015 0.52927803993225109 1.0000000180025095e-35 0.74784648418426525 0.11490497738122941 -0.0868825428187847 0.0037568438565358524 0.93101927638053905 -0.039987757802009576 0.99299037456512462 -0.024406879208981987 0.094238437712192549 0.86064776778221141
decision_type=2 8 8 2 2 2 10 10 2 10 2 2 10 2
left_child=2 3 -1 6 5 -5 -2 10 -9 -10 -8 -3 -6 -13
right_child=1 11 -4 4 12 -7 7 8 9 -11 -12 13 -14 -15
leaf_value=-0.0023283894986241174 0.0010569680012504927 -0.00034019066782419745 7.1206090483428254e-05 0.005503336900479207 -0.0082812489355397669 -0.0033539294678419334 0.013099777335402962 -0.0050927123988121631 -0.0070732794933873995 0.00027069926240355055 -0.0015545713616814841 -0.013163373613891437 0.005674152650063163 -0.0030261195034687327
leaf_weight=21575.913698256016 43539.443292897195 12376.42675530538 16063.23338614963 6182.0825003217906 802.53739457018673 1069.3734876513481 516.79728686437011 4066.9639262929559 1094.9747887253761 10384.252455934882 467.31113285571337 539.72758142463863 369.03850099258125 3988.6269556209445
leaf_count=108260 210277 59888 77676 33154 4459 4841 3366 23265 6154 55680 2907 3792 1898 23573
internal_value=-0.00016549 0.000336656 -0.00130457 0.00076352 0.00306875 0.00419433 0.000439822 -0.00118535 -0.00165625 -0.000435371 0.00619541 -0.00139229 -0.00387457 -0.00426071
internal_weight=123037 85397.6 37639.1 68492.8 8423.03 7251.46 60069.7 16530.3 15546.2 11479.2 984.108 16904.8 1171.58 4528.35
internal_count=619190 433254 185936 346001 44352 37995 301649 91372 85099 61834 6273 87253 6357 27365
is_linear=0
shrinkage=0.05


Tree=175
num_leaves=15
num_cat=0
split_feature=74 71 9 73 73 74 71 71 70 71 71 73 14 74
split_gain=18.7148 18.4166 44.3114 23.8731 122.023 63.7021 88.7253 61.8196 78.9564 70.3512 69.5045 153.485 104.827 92.8171
threshold=-0.04474180564284324 0.048369815573096282 -0.00085355524788610626 0.62452375888824474 0.62245628237724315 0.00033635373983997857 0.032911842688918121 0.0044199428521096715 -0.014178188517689703 0.0050644765142351398 0.0022526476532220845 0.52510660886764537 0.16273282468318942 0.001195128483232111
decision_type=2 2 2 2 2 2 2 2 2 2 2 2 8 2
left_child=-1 3 -3 4 7 6 -5 10 -9 -10 -2 12 -12 -13
right_child=1 2 -4 5 -6 -7 -8 8 9 -11 11 13 -14 -15
leaf_value=-0.010031826688466203 -0.0001006149793999206 0.010565246188851345 -0.0074088075286331588 0.0019888407293706073 0.026129620800078763 -0.0023182158741722682 -0.017442814763281751 -0.013870768025505667 0.016246068918844361 0.0023253218781364641 -0.023578624320232253 0.014231803084320219 0.0052316686932623417 -0.013588858721901182
leaf_weight=455.98757753521204 41682.273178759962 404.95596661046147 1983.8997860364616 19160.615994796157 457.39896667003632 27814.136005982757 596.07073803991079 718.25561603344977 931.30663439258933 25646.11910571903 1414.4843433089554 896.6346812620759 401.517822554335 438.64833280444145
leaf_count=2613 200210 2018 9955 99431 2363 149605 2875 3527 4600 125551 7280 4774 1964 2364
internal_value=-3.06456e-05 7.38375e-06 -0.00433053 9.39791e-05 0.000664492 -0.000776503 0.00139405 0.000499408 0.00237496 0.00281905 -0.000642743 -0.00779051 -0.0172149 0.00505948
internal_weight=123002 122546 2388.86 120157 72586.6 47570.8 19756.7 72129.2 27295.7 26577.4 44833.6 3151.29 1816 1335.28
internal_count=619130 616517 11973 604544 352633 251911 102306 350270 133678 130151 216592 16382 9244 7138
is_linear=0
shrinkage=0.05


Tree=176
num_leaves=15
num_cat=0
split_feature=31 14 26 69 11 69 57 84 69 69 84 31 69 52
split_gain=22.1763 19.25 25.654 28.2211 39.7817 31.8875 36.9978 35.5032 49.3624 31.7403 31.2226 28.9921 27.5564 29.9761
threshold=17.495936393737797 0.017633481882512573 0.12932288646698001 0.061287341639399535 -0.016896329820156094 -0.010585022158920763 0.049281947314739234 1.5000000000000002 -0.026822932995855805 0.063980747014284148 3.5000000000000004 18.911254882812504 0.0073220878839492807 0.34966415166854864
decision_type=2 8 10 10 10 10 8 2 10 10 2 2 10 10
left_child=-1 2 3 5 9 6 7 8 -2 -5 12 -6 -7 -14
right_child=1 -3 -4 4 11 10 -8 -9 -10 -11 -12 -13 13 -15
leaf_value=-0.0011704361424372041 -0.0043361604426165896 -0.0003058838033144968 -0.0022963783264445007 0.013376424973474525 0.0036628894301013099 -0.0091520801907954055 -0.00093034093730132118 0.0084886541794564896 0.012754020530806615 -0.00049360723714540484 0.0039100061262715719 0.010450382969294788 -0.0021464265792129574 0.011716338848402832
leaf_weight=33672.67698187381 1562.8499952405691 50787.486951999366 4675.0933718048036 435.22245666757226 4430.9764517135918 1343.039255797863 4138.7811472155154 3391.0915511623025 567.70868109166622 5600.2779481597245 2328.2251617461443 2445.6989475041628 7442.7468566484749 401.60328970849514
leaf_count=166375 7196 263039 23109 2144 23235 6449 18821 15413 2631 27413 11570 13319 37540 1895
internal_value=-7.67676e-05 0.000334556 0.00117352 0.00164994 0.00349136 0.000526004 0.00264299 0.00531824 0.000255998 0.000527038 -0.00125069 0.00608854 -0.00256132 -0.00142269
internal_weight=123223 89550.8 38763.3 34088.2 12912.2 21176 9660.43 5521.65 2130.56 6035.5 11515.6 6876.68 9187.39 7844.35
internal_count=620149 453774 190735 167626 66111 101515 44061 25240 9827 29557 57454 36554 45884 39435
is_linear=0
shrinkage=0.05


Tree=177
num_leaves=15
num_cat=0
split_feature=72 72 73 68 71 72 68 68 73 71 68 68 72 68
split_gain=20.8374 142.005 66.2027 64.741 61.1534 57.8583 50.1363 55.6987 102.216 44.0198 43.8093 158.636 66.5273 87.1555
threshold=0.0080920867621898668 0.007961741182953121 0.34461727738380438 -0.015869936905801293 -0.018332001753151413 0.0084313494153320807 0.041201777756214149 0.017673179507255558 0.44426245987415319 0.00033866609737742698 0.026286488398909572 0.025782611221075061 0.011661863420158626 0.066228810697793974
decision_type=8 10 2 10 2 10 10 10 2 2 8 10 10 10
left_child=1 2 4 -4 -1 6 7 8 9 -2 11 -7 13 -12
right_child=5 -3 3 -5 -6 10 -8 -9 -10 -11 12 -13 -14 -15
leaf_value=0.00086955269425329363 -0.017956829870161197 0.018501001829412635 0.019205923942527892 0.00035148706374279136 -0.018406072864048519 9.4805005953307872e-05 0.0062275273053461321 -0.02048671190360743 0.012690160284691086 -0.00027659569249018469 -0.0047539059841076436 0.028914702329649544 0.00046197591467374982 -0.027863515766430758
leaf_weight=753.92060456797481 1016.6304822526872 1071.543002134189 449.00663985311985 56391.58532445319 893.6147925555706 44217.362133365124 594.21156546846032 833.29033817350864 570.60336891934276 536.27467441186309 6908.1274286769331 472.69574537500739 8005.2700346373022 424.35149780102074
leaf_count=3356 4805 5067 2070 301446 4364 208490 2914 4307 2715 2659 34685 2237 38162 2427
internal_value=-0.000123327 0.000548634 0.000216628 0.000503778 -0.00963342 -0.000752798 -0.00694513 -0.00960443 -0.00525809 -0.011892 -0.000385388 0.000406039 -0.00269016 -0.00612745
internal_weight=123138 59559.7 58488.1 56840.6 1647.54 63578.8 3551.01 2956.8 2123.51 1552.91 60027.8 44690.1 15337.7 7332.48
internal_count=619704 316303 311236 303516 7720 303401 17400 14486 10179 7464 286001 210727 75274 37112
is_linear=0
shrinkage=0.05


Tree=178
num_leaves=15
num_cat=0
split_feature=73 68 14 73 73 69 72 72 72 68 68 69 68 72
split_gain=23.2867 47.7204 73.0289 73.0432 79.8552 59.0465 87.2115 105.987 80.195 80.0509 69.9098 100.143 69.9142 46.9592
threshold=0.71822267770767223 0.041905201971530921 0.20951864123344424 0.71120622754096996 0.64309170842170726 0.11499396711587907 0.0070314840413630017 0.0075098148081451663 0.0093819377943873423 0.023331013508141044 0.038458131253719337 0.073599983006715788 0.03685965575277806 0.010773160960525276
decision_type=2 10 8 2 2 10 10 10 8 10 10 10 10 10
left_child=1 5 3 4 -3 10 -7 -8 9 -9 12 -12 -1 -6
right_child=-2 2 -4 -5 13 6 7 8 -10 -11 11 -13 -14 -15
leaf_value=0.00053879005496256308 -0.0013697193715642812 0.012818856640722472 -0.0078344933796102422 0.021955757396099753 0.0024583584498853814 -0.0094984013326055057 0.020728967765139023 0.0036542314687007492 0.0074696738188841927 -0.016566304523401545 0.0042729514378152976 -0.017789474777250135 0.012453865452626715 -0.013793099383992988
leaf_weight=82540.52655384317 22093.900979679078 1895.6047003604472 1058.1474450267851 657.65842200443149 3311.6499392427504 3768.3391070533544 578.11940275877714 811.28558738902211 1277.0376569256186 1212.2450537271798 883.03523814678192 1211.2161209937185 1239.828933885321 503.18263288587332
leaf_count=407944 117463 8786 5014 3238 17065 20712 3000 4181 6142 6296 4426 6502 6074 2495
internal_value=0.000100226 0.000422049 0.00427711 0.00629875 0.00446034 0.000115506 -0.0040917 0.0011721 -0.0023057 -0.00848127 0.000490585 -0.00851082 0.000716581 0.000284307
internal_weight=123042 100948 7426.24 6368.1 5710.44 93521.6 7647.03 3878.69 3300.57 2023.53 85874.6 2094.25 83780.4 3814.83
internal_count=619338 501875 36598 31584 28346 465277 40331 19619 16619 10477 424946 10928 414018 19560
is_linear=0
shrinkage=0.05


Tree=179
num_leaves=15
num_cat=0
split_feature=3 72 72 72 69 71 71 72 69 67 74 54 72 69
split_gain=20.968 80.3625 43.1674 37.9205 39.6634 78.0882 90.6729 60.9367 79.5284 38.5974 37.668 35.8484 42.6774 38.7991
threshold=1.0000000180025095e-35 0.015816953964531425 0.014742772094905378 0.013306633569300176 0.013193483930081131 -0.0302647091448307 0.015840217471122745 0.0097369262948632258 -0.020860132761299607 -0.005456098122522234 -0.0061176270246505729 0.58184903860092174 0.0063665371853858241 0.03457372076809407
decision_type=2 10 10 10 8 2 2 10 10 2 2 10 10 8
left_child=1 2 3 4 5 -1 7 -7 -9 -5 11 12 -6 -14
right_child=-2 -3 -4 9 10 6 -8 8 -10 -11 -12 -13 13 -15
leaf_value=-0.0080995872812542127 -0.00040522382134915922 -0.012115810286851046 0.015702530646284192 0.0052610373166457293 -0.0031690967127695801 0.02803728098801684 -0.0086412099249787797 0.024019469271684191 -0.0017161447790602581 -0.013814210246253584 0.00018637279471007457 0.01506188921957172 -0.00373302510347548 0.010444552960122554
leaf_weight=656.95514842495322 88474.074759073555 1112.5749496091157 515.54660721309483 390.38188505917788 1633.0796427745372 677.04230374097824 452.945292301476 513.53625001944602 700.77094865217805 789.02007363736629 23876.911991307512 736.83832943439484 627.20208127424121 2021.4578155465424
leaf_count=3232 418053 5787 2590 1971 9813 3359 2532 2525 3563 4077 144942 3805 3298 10613
internal_value=3.34785e-06 0.00104477 0.00148413 0.00125783 0.00158425 0.00704545 0.011306 0.0161033 0.00927486 -0.00750916 0.00101477 0.00494786 0.00317631 0.00708589
internal_weight=123178 34704.3 33591.7 33076.1 31896.7 3001.25 2344.29 1891.35 1214.31 1179.4 28895.5 5018.58 4281.74 2648.66
internal_count=620160 202107 196320 193730 187682 15211 11979 9447 6088 6048 172471 27529 23724 13911
is_linear=0
shrinkage=0.05


Tree=180
num_leaves=15
num_cat=0
split_feature=57 67 71 71 72 68 68 2 72 72 71 68 72 72
split_gain=21.8147 46.8714 30.5969 83.2875 58.5681 55.4418 91.0941 55.6961 50.9732 58.9333 55.2112 98.093 52.0583 57.7166
threshold=0.009904617443680765 0.0034660989185795192 0.012805075850337745 0.011539016384631397 0.013838653452694418 0.053079243749380119 0.049116047099232681 0.037265179678797729 0.0068974909372627744 0.0073523377068340787 0.014137300197035076 0.01949337869882584 0.0047928513959050187 0.0040517377201467761
decision_type=10 2 2 2 10 10 10 2 8 10 2 8 10 10
left_child=1 -1 3 5 -5 6 -2 -7 12 -10 11 -11 13 -4
right_child=2 -3 8 4 -6 7 -8 -9 9 10 -12 -13 -14 -15
leaf_value=-0.0045116994390045646 0.00021029408907217336 0.0001935745467381665 0.0079576355768763794 -0.010804292575791888 0.009193100628634954 -0.014002095252836567 0.016652721779649438 0.0032506358417043061 -0.0087476101405744976 0.025045755305540204 0.000474502739757337 -0.00072748605195280768 0.0083450703578550108 -0.0085865280715270841
leaf_weight=7822.3078517969698 66360.000990185887 16320.738407915458 956.51607952266932 2725.0317431651056 414.94269287213683 1318.2469275668263 843.19650319218636 717.13124459981918 1576.0320247411728 643.39058591425419 16642.823523880914 847.4840577468276 4813.4216742720455 1149.9247798509896
leaf_count=48476 324280 86655 4933 13916 1882 7041 4092 3484 7671 2994 79338 4150 24644 6310
internal_value=1.51285e-05 -0.00133216 0.000343766 -0.000189434 -0.00814087 0.000172287 0.000419044 -0.00793721 0.00179252 0.000495376 0.00130308 0.0104878 0.0054811 -0.00107187
internal_weight=123151 24143 99008.1 72378.6 3139.97 69238.6 67203.2 2035.38 26629.6 19709.7 18133.7 1490.87 6919.86 2106.44
internal_count=619866 135131 484735 354695 15798 338897 328372 10525 130040 94153 86482 7144 35887 11243
is_linear=0
shrinkage=0.05


Tree=181
num_leaves=15
num_cat=0
split_feature=31 8 0 73 73 72 72 71 68 0 3 70 70 70
split_gain=20.2367 19.8599 23.5999 29.7333 32.618 33.4514 45.088 30.9993 25.836 22.0601 25.695 21.9895 21.1103 50.1786
threshold=17.455427169799808 1.0000000180025095e-35 0.04893529228866101 0.73000267148017894 0.57541298866271984 0.0062103387899696836 0.0075098148081451663 0.006395092001184822 -0.020313972607254979 0.022569926455616954 1.0000000180025095e-35 0.0037414623657241468 -0.022265589796006676 -0.026119079440832135
decision_type=2 2 2 2 2 10 10 2 8 2 2 2 2 2
left_child=-1 9 3 4 8 -6 7 -7 -3 10 -2 -10 13 -11
right_child=1 2 -4 -5 5 6 -8 -9 11 12 -12 -13 -14 -15
leaf_value=-0.0009818539924690724 -3.7972744766221237e-05 0.010825610537770224 -0.0047958778958851946 -0.0025324759265165581 0.0030838975990591946 0.0302428039390585 0.005411559966637741 0.011494757742814235 -0.0034836568893233154 0.0005733403667966641 -0.0037994891726689699 0.0057107683529535767 0.00053267258469116613 0.016521345218914733
leaf_weight=31778.240724828094 15669.935911187902 581.33624200709164 975.89806774258614 1737.3353566732258 1885.0043104644865 427.8765658326447 1085.1226058956236 484.94016958214343 2066.7814845480025 1640.6501702293754 6382.1597724854946 936.82282899320126 56840.157033368945 695.70925644040108
leaf_count=157083 98446 2838 4443 9712 11256 2157 5506 2472 10822 8090 35542 4802 263928 3139
internal_value=0.000104848 0.000482702 0.00256328 0.00334782 0.00471738 0.00788662 0.0123799 0.0205153 0.00127231 0.000221641 -0.00112783 -0.000606486 0.000724627 0.00537243
internal_weight=123188 91409.7 10181.1 9205.22 7467.88 3882.94 1997.94 912.817 3584.94 81228.6 22052.1 3003.6 59176.5 2336.36
internal_count=620236 463153 54008 49565 39853 21391 10135 4629 18462 409145 133988 15624 275157 11229
is_linear=0
shrinkage=0.05


Tree=182
num_leaves=15
num_cat=0
split_feature=28 58 69 69 5 69 74 70 74 70 69 69 74 70
split_gain=17.9776 19.1875 21.0642 29.3714 21.7854 19.3154 68.3501 82.0714 97.2289 69.2775 57.9073 67.9445 58.1168 78.4361
threshold=2.4994189739227299 -0.021547459997236725 -0.067468378692865358 -0.12024196237325667 1.2873867750167849 0.1011449657380581 -0.0043070653919130555 -0.0071474877186119548 -0.0038184084696695204 0.016361031681299213 0.090698454529047026 0.085665073245763793 -0.0096659767441451532 0.005321669392287732
decision_type=2 2 8 10 2 8 2 2 2 2 10 10 2 2
left_child=1 2 3 -1 -4 10 -7 -8 -9 -10 11 -3 -12 -14
right_child=-2 5 4 -5 -6 6 7 8 9 -11 12 -13 13 -15
leaf_value=-0.0020694251762982618 -0.0095137049519891017 0.00045665615176460896 -0.0029208122171375272 -0.019220640181880348 0.0074353226411488331 0.0033173387932761583 0.020153216954476569 -0.022531663877157031 -0.0025446875758761739 0.015138212936961099 0.018200734587964881 -0.0063850977364375353 -7.5231705231809716e-05 0.011657291562928475
leaf_weight=587.628521874547 486.38921525515616 75481.990397635847 3350.5574796497822 427.52627840638161 588.45545969903469 7232.1891238316894 392.2975192181766 587.85446764528751 21910.897724188864 558.39880414307117 709.89207012206316 3802.0109387151897 4996.8514660205692 1982.5288070701063
leaf_count=2829 2364 375716 15656 2147 2819 35886 1755 3204 116129 2584 3209 20397 25169 9756
internal_value=-1.75703e-05 2.08736e-05 -0.0030241 -0.00940959 -0.00135878 0.000149336 -0.000929099 -0.00223962 -0.00262919 -0.0020987 0.00052984 0.000127801 0.00466971 0.00326936
internal_weight=123095 122609 4954.17 1015.15 3939.01 117655 30681.6 23449.4 23057.2 22469.3 86973.3 79284 7689.27 6979.38
internal_count=619620 617256 23451 4976 18475 593805 159558 123672 121917 118713 434247 396113 38134 34925
is_linear=0
shrinkage=0.05


Tree=183
num_leaves=15
num_cat=0
split_feature=73 73 73 74 73 71 74 71 71 71 71 74 73 71
split_gain=19.7346 136.319 83.1264 119.391 121.331 131.883 91.5961 70.5028 119.895 113.96 141.486 106.25 75.8753 71.2968
threshold=0.42794576287269598 0.42330278456211096 0.45145443081855779 -0.0048272991552948943 0.44426245987415319 0.016089321114122871 -0.00085763400420546521 0.01762101519852877 0.0062900430057197818 0.010391716379672291 0.013340741395950319 0.00093066849512979399 0.38993012905120855 0.0022526476532220845
decision_type=2 2 2 2 2 2 2 2 2 2 2 2 2 2
left_child=1 7 3 -2 6 -6 -5 8 13 12 -11 -12 -10 -1
right_child=2 -3 -4 4 5 -7 -8 -9 9 10 11 -13 -14 -15
leaf_value=-6.1091081271493186e-05 -0.0085501250405156017 -0.026550396885608479 0.00013552501408138279 0.019450005570496795 0.037762833803096231 0.0029739399283045765 -0.0023226989664334461 -0.0060664614327256491 0.027907146446311284 -0.013737843297929 3.5598080880826369e-05 0.030042443439772349 0.0032249681266079684 -0.010720609796554322
leaf_weight=21062.039702745155 926.70573243871331 502.74776132404804 87330.079745743424 703.02110738307238 716.91245675086975 438.64370658248663 1492.1721434760839 4885.0278999730945 957.40653181821108 866.40926313400269 702.42713418602943 498.6395738683641 463.37644984386861 1684.9282647632062
leaf_count=97731 4470 2489 452343 3307 3266 2066 7135 22820 4372 4109 3359 2214 2246 8341
internal_value=9.74899e-05 -0.000979255 0.00046925 0.00726649 0.0116533 0.0246959 0.00470669 -0.000557757 0.00046989 0.00908748 0.00157218 0.0126386 0.0199361 -0.000855034
internal_weight=123231 31623 91607.5 4277.46 3350.75 1155.56 2195.19 31120.3 26235.2 3488.26 2067.48 1201.07 1420.78 22747
internal_count=620268 147681 472587 20244 15774 5332 10442 145192 122372 16300 9682 5573 6618 106072
is_linear=0
shrinkage=0.05


Tree=184
num_leaves=15
num_cat=0
split_feature=72 71 69 72 54 73 74 71 71 71 72 71 74 69
split_gain=28.5213 74.2152 65.1922 62.0043 57.9072 44.1371 66.8251 38.4854 44.0922 37.9014 47.1702 50.2884 88.2737 45.9537
threshold=0.0040517377201467761 0.017012067139148716 0.095161151140928282 0.0045173054095357665 0.95303291082382213 0.56853005290031444 -0.0038184084696695204 0.010167866945266725 0.0024043949088081722 0.0091969096101820486 0.002945420797914267 0.0044199428521096715 0.0018595185829326513 0.054717440158128745
decision_type=8 2 8 8 8 2 2 2 2 2 10 2 2 10
left_child=1 2 9 4 5 6 -2 8 -4 10 -1 13 -13 -12
right_child=3 -3 7 -5 -6 -7 -8 -9 -10 -11 11 12 -14 -15
leaf_value=-0.0053116257935652477 -0.00050189437539461667 0.018388343209553223 -0.00026806086134488266 0.00012193986595920887 0.00450108833414098 -0.005224518810101126 -0.027193460847812684 0.0015380535687740285 -0.023060968420452046 -0.0051282084593768382 0.014390293847162597 0.028815503309792285 0.0013346745102153174 0.00017998596829328067
leaf_weight=793.78513129428029 373.61167751252651 700.19812114536762 343.80742188543081 109736.19124662504 1151.05242793262 3178.2138612158597 621.48571081645787 658.99270017072558 545.20236018672585 953.88197418302298 789.67738498747349 648.8358683437109 526.96745422482491 1972.4946688171476
leaf_count=4977 2112 3665 2229 542653 5816 18944 3775 3701 3458 5710 4222 3593 3066 11143
internal_value=6.60959e-05 0.00296372 0.00144734 -0.000133946 -0.00539815 -0.00813272 -0.0172767 -0.00761834 -0.0143473 0.00392465 0.00575659 0.00799543 0.0166144 0.00427983
internal_weight=122994 7933.84 7233.64 115061 5324.36 4173.31 995.097 1548 889.01 5685.64 4731.76 3937.98 1175.8 2762.17
internal_count=619064 45764 42099 573300 30647 24831 5887 9388 5687 32711 27001 22024 6659 15365
is_linear=0
shrinkage=0.05


Tree=185
num_leaves=15
num_cat=0
split_feature=72 72 68 68 72 71 71 72 68 71 72 72 68 71
split_gain=15.0912 97.3485 93.9901 74.9452 60.8816 108.636 73.9998 173.562 125.867 103.074 82.2756 68.555 265.53 99.002
threshold=0.011205004528164865 0.010773160960525276 -0.022642364725470539 0.0064889176283031711 0.013089691288769247 0.034285780042409904 -0.033630508929491036 0.012323932256549599 0.0074331911746412524 0.0050644765142351398 0.011850398499518635 0.014212233014404775 -0.0059690875932574263 -0.0012844292214140294
decision_type=10 8 8 8 10 2 2 10 8 2 10 10 8 2
left_child=1 -1 -3 -4 5 6 7 -2 10 -10 -8 12 -6 -13
right_child=4 2 3 -5 11 -7 8 -9 9 -11 -12 13 -14 -15
leaf_value=-1.219063345913993e-05 0.013998985608327985 -0.032260019629738186 0.010765458681216769 -0.01250598800155156 -0.014031737160000217 -0.0088185956761245975 0.0033176913522797178 -0.020129368249721696 -0.007367407101035936 0.0075997561483784962 0.019659997027429849 0.0052950309582138807 0.0064001168629736318 -0.0021904583824962037
leaf_weight=85175.078587058932 676.90565234050155 406.27190776541829 483.89603747427464 1151.5462405979633 3548.9492747299373 1453.9564971234649 1118.376899689436 804.82434540987015 1750.9555903319269 3309.2448942139745 2497.1418828070164 7896.3108137603849 2866.3584070317447 10000.312508106232
leaf_count=441768 3103 2050 2262 5748 16905 7144 5064 3880 8336 15880 11082 36208 13380 47073
internal_value=8.38078e-05 -0.000271438 -0.0110338 -0.00559683 0.00094613 0.00392292 0.00575364 -0.00454902 0.00751645 0.00241643 0.014628 -0.000476616 -0.00490704 0.00111339
internal_weight=123140 87216.8 2041.71 1635.44 35923.3 11611.4 10157.4 1481.73 8675.72 5060.2 3615.52 24311.9 6415.31 17896.6
internal_count=619883 451828 10060 8010 168055 54489 47345 6983 40362 24216 16146 113566 30285 83281
is_linear=0
shrinkage=0.05


Tree=186
num_leaves=15
num_cat=0
split_feature=59 74 74 69 69 70 70 74 72 73 69 69 72 72
split_gain=22.2863 22.6143 84.8029 57.7797 139.254 115.722 301.88 93.8432 74.0961 85.3528 125.574 93.8418 76.569 62.4793
threshold=6.5000000000000009 -0.0059043532237410537 -0.005512069445103406 0.039528355002403266 0.04846692085266114 -0.0031817442504689093 -0.0049120923504233352 -0.01112646935507655 0.019758761860430244 0.077547188848257079 -0.060190718621015542 -0.048130543902516358 0.018029693514108661 0.0046206803526729354
decision_type=8 2 2 8 8 2 2 2 10 2 10 10 10 10
left_child=1 3 -3 5 7 6 8 -5 9 -1 12 -12 -11 -6
right_child=-2 2 -4 4 13 -7 -8 -9 -10 10 11 -13 -14 -15
leaf_value=0.017445764654895952 -0.0056464213374267866 -0.012482972538878518 -0.00023447025804646302 0.036780115472338185 -0.0081812652734563601 -0.01829721120051743 0.040640546063870291 0.0094674517871282584 0.0088668284719434134 -0.0095018329735365899 0.017016397439203933 -0.0028133778213008925 -0.03225586374712637 0.0028707169386471398
leaf_weight=475.20295777544379 1795.207352951169 1425.2404254339635 91803.110195787624 442.6565472856164 1421.735345967114 913.933753490448 431.59568614512682 1066.3949208930135 1496.1271973345429 1506.4833215493709 642.4083656668663 6971.9861750733107 486.70965666137636 11980.578499745578
leaf_count=2023 8648 7108 468356 1941 7912 4413 1933 5145 7145 7247 2918 33508 2347 57907
internal_value=-0.000131853 -4.96208e-05 -0.00042304 0.00120074 0.00332058 -0.00124566 6.60124e-05 0.0176686 -0.00148014 -0.00302273 -0.00405221 -0.00112026 -0.0151913 0.00169308
internal_weight=122859 121064 93228.4 27835.8 14911.4 12924.4 12010.5 1509.05 11578.9 10082.8 9607.59 7614.39 1993.19 13402.3
internal_count=618551 609903 475464 134439 72905 61534 57121 7086 55188 48043 46020 36426 9594 65819
is_linear=0
shrinkage=0.05


Tree=187
num_leaves=15
num_cat=0
split_feature=70 68 70 68 74 71 68 74 71 71 71 70 70 68
split_gain=16.258 93.6035 103.556 91.3222 86.6471 73.7067 82.5898 78.0658 123.696 59.5702 180.502 60.7908 124.894 52.2425
threshold=-0.0094763874076306803 -0.065314467996358858 -0.026119079440832135 -0.055920964106917374 -0.017201921902596947 -0.051636332646012299 -0.087453853338956819 -0.0087800291366875154 -0.016997806727886196 0.014612289145588877 0.0070367262233048686 -0.0071474877186119548 -0.0021739889634773131 0.0099753849208354967
decision_type=2 8 2 8 2 2 10 2 2 2 2 2 2 10
left_child=1 2 -1 -3 -4 6 -2 8 -7 10 13 -11 -13 -10
right_child=5 3 4 -5 -6 7 -8 -9 9 11 -12 12 -14 -15
leaf_value=-0.0022701864656716341 -0.0005997472246612864 -0.021363112944713852 0.032337079452935708 -0.0022006727120670202 0.0045637151693269104 0.023067214059871471 -0.028037897604358049 7.6064431171413008e-05 -0.0081285331754195715 0.010785800776587296 0.033040955954128357 -0.024200256142190721 0.0099259214525935779 0.0058777888246569956
leaf_weight=1255.276216885075 633.27462090924382 646.21066883578897 558.90364258363843 11930.831608213484 562.14143316447735 883.81839343905449 474.36755612120032 100855.94552783109 925.05591638199985 418.58842452615499 532.01847006753087 698.99106646701694 423.9803148470819 2303.7351851426065
leaf_count=6271 2851 3147 2343 57202 2527 3897 2284 514241 4360 1968 2368 3434 1994 11115
internal_value=6.37051e-05 -0.00148103 0.00759971 -0.00320143 0.0185738 0.000277406 -0.0124964 0.00041074 0.00585816 0.00295167 0.00634024 -0.00530269 -0.011342 0.00185224
internal_weight=123103 14953.4 2376.32 12577 1121.05 108150 1107.64 107042 6186.19 5302.37 3760.81 1541.56 1122.97 3228.79
internal_count=620002 71490 11141 60349 4870 548512 5135 543377 29136 25239 17843 7396 5428 15475
is_linear=0
shrinkage=0.05


Tree=188
num_leaves=15
num_cat=0
split_feature=72 71 72 54 84 84 71 84 71 74 14 14 71 84
split_gain=18.5604 55.9538 52.4701 42.7433 42.2726 30.729 28.4931 38.988 48.9173 58.7048 27.981 27.5207 68.0546 56.1705
threshold=0.0040517377201467761 0.017012067139148716 0.0045173054095357665 0.95303291082382213 2.5000000000000004 1.5000000000000002 -0.0014267357764765618 1.0000000180025095e-35 0.0044199428521096715 0.00020699923334177586 0.043797681108117111 0.039335617795586593 0.03842632286250592 2.5000000000000004
decision_type=8 2 10 8 2 2 2 2 2 2 10 10 2 2
left_child=1 4 3 -2 6 -5 -1 -8 -9 -10 -6 -4 -13 -14
right_child=2 -3 11 5 10 -7 7 8 9 -11 -12 12 13 -15
leaf_value=0.0070294770004075613 -0.0073224451389180857 0.015774041511076014 0.00079813602778992592 -0.0062731389819212198 0.0012417038444862373 0.0098986851950879327 0.0033172728055958127 -0.01562637926313783 0.014430140959204014 -0.0087704282506978933 0.010772864007876368 -0.0011902374810966894 0.0017698435544834185 0.020207860829514201
leaf_weight=679.99322938174009 4165.6866811215878 701.14727264270186 63971.835439361632 485.13905698433518 1746.4263478443027 714.78480029664934 1163.425670363009 1070.4489617217332 401.50656799972057 798.21299093589187 1371.561661446467 44100.119218325242 1076.9990294333547 662.24435833469033
leaf_count=3888 24902 3641 313553 2557 10069 3554 6728 6334 2292 4916 7878 221161 5444 3172
internal_value=5.32517e-05 0.002391 -0.000107953 -0.00493114 0.00107344 0.00336248 -0.00225312 -0.00410653 -0.00790897 -0.000950862 0.00545537 0.000128146 -0.00080684 0.0088658
internal_weight=123110 7932.72 115177 5365.61 7231.58 1199.92 4113.59 3433.59 2270.17 1199.72 3117.99 109811 45839.4 1739.24
internal_count=620089 45746 574343 31013 42105 6111 24158 20270 13542 7208 17947 543330 229777 8616
is_linear=0
shrinkage=0.05


Tree=189
num_leaves=15
num_cat=0
split_feature=19 29 69 54 71 4 71 0 5 71 69 69 71 71
split_gain=17.8036 24.8173 20.1536 23.5929 42.2833 47.7699 35.585 48.3379 29.4754 38.3153 44.4954 59.0285 51.5913 46.0994
threshold=-0.011604104191064833 0.22597926110029223 -0.1383535638451576 0.75523334741592418 -0.016997806727886196 0.10833333432674409 -0.012410324532538651 0.017323902808129791 0.97965243458747875 0.041986452415585525 0.098293159157037749 0.093763429671525969 0.0052359711844474086 0.018247541971504692
decision_type=8 2 8 8 2 8 2 2 2 2 10 10 2 2
left_child=-1 2 -2 8 5 -5 -6 -8 9 10 11 -4 -13 -12
right_child=1 -3 3 4 6 -7 7 -9 -10 -11 13 12 -14 -15
leaf_value=-0.0019330503979209223 0.0081195801652442449 -0.0009128858298611402 0.001958533042561245 0.018584490061823149 -0.0088158811699454425 0.0032935897592034319 -0.0095480965125532384 0.0023917912178195097 -0.0011048598426474608 -0.0085449673759563187 -0.0047859344962960741 0.0029109326700706385 0.027771509377978211 0.0062021220571220345
leaf_weight=10536.238711064681 895.79459839314222 33991.350207619369 23070.434001622722 765.64090943522751 823.9531387463212 1512.3915350995958 885.02632916532457 16089.256480045617 26900.163022786379 973.79756558127701 4518.713482234627 417.37205887027085 412.67508417740464 1200.2740652039647
leaf_count=48553 3794 176544 116809 3573 3958 6706 7256 76907 135762 4873 24492 2023 2093 6127
internal_value=3.12675e-05 0.000215463 0.000704319 0.00061765 0.00209284 0.00849159 0.00126954 0.001764 0.000102252 0.00116366 0.00148563 0.0024335 0.0154543 -0.00247301
internal_weight=122993 112457 78465.5 77569.7 20076.3 2278.03 17798.2 16974.3 57493.4 30593.3 29619.5 23900.5 830.047 5718.99
internal_count=619470 570917 394373 390579 98400 10279 88121 84163 292179 156417 151544 120925 4116 30619
is_linear=0
shrinkage=0.05


Tree=190
num_leaves=15
num_cat=0
split_feature=31 70 67 70 73 70 70 71 70 71 73 73 70 73
split_gain=17.8642 15.4154 58.7764 18.4627 29.471 26.0945 32.2745 65.3257 41.1125 32.0284 23.1302 18.3889 77.9875 90.1395
threshold=17.455427169799808 0.025992065668106083 0.0015688218409195545 0.021026453934609893 0.41499881446361547 0.018314933404326442 0.016361031681299213 0.011539016384631397 0.015401393640786411 -0.0029069539159536357 0.48096726834774023 0.30328534543514257 0.001647578726988286 0.14566432684659961
decision_type=2 2 2 2 2 2 2 2 2 2 2 2 2 2
left_child=-1 3 -3 5 -5 6 8 -8 11 -7 -10 12 -2 -14
right_child=1 2 -4 4 -6 9 7 -9 10 -11 -12 -13 13 -15
leaf_value=-0.001033746294625038 1.2178120660412828e-05 -0.016197781795510326 0.0059033968039761088 0.013559125424530041 -0.0028825059803867618 -0.016177265992323022 0.021602052001570241 -0.0023459577260823415 -0.0028877229630359887 0.0011559934453848684 -0.017989641093163648 0.00017573697369406582 -0.0076765411793075725 0.015603856566999126
leaf_weight=31630.893132761121 7730.3844876587391 598.53365375474095 587.14661021530628 651.18390015140176 458.61594587564468 518.48965735174716 521.48835776373744 609.65937757492065 579.80044902488589 535.12390715628862 447.11459738761187 75799.659575346857 530.14285917207599 1833.9458842687309
leaf_count=156446 35798 2943 2762 2889 2158 2480 2298 2917 2713 2539 2246 390841 2355 8164
internal_value=-9.76357e-06 0.000344677 -0.00529548 0.000419382 0.00679969 0.000339162 0.00043315 0.00878724 0.000323435 -0.00744571 -0.00957312 0.000442855 0.00244649 0.0103729
internal_weight=123032 91401.3 1185.68 90215.6 1109.8 89105.8 88052.2 1131.15 86921 1053.61 1026.92 85894.1 10094.5 2364.09
internal_count=619549 463103 5705 457398 5047 452351 447332 5215 442117 5019 4959 437158 46317 10519
is_linear=0
shrinkage=0.05


Tree=191
num_leaves=15
num_cat=0
split_feature=15 0 2 54 53 25 2 58 70 72 68 70 72 72
split_gain=21.0205 37.1549 20.0428 23.7789 35.163 34.9413 31.2467 28.7304 26.0151 25.6491 43.7689 24.3145 20.1591 25.7646
threshold=34.64990425109864 0.020053373649716381 0.077485512942075743 0.30002258718013769 -0.1460330784320831 -0.023097510449588295 0.025952223688364032 -0.0028990112477913495 -0.0099967392161488516 0.018204551190137867 -0.022642364725470539 0.0056730022188276061 0.012539474293589594 0.0095655121840536612
decision_type=8 2 2 8 10 10 2 2 2 10 10 2 10 10
left_child=2 -2 3 4 5 -1 8 -5 -7 11 -11 -8 13 -4
right_child=1 -3 12 7 -6 6 9 -9 -10 10 -12 -13 -14 -15
leaf_value=-0.0012722817568073265 -0.0067622234550574218 -0.00067761210438682619 -0.0028302694352325759 0.0025965801051777565 -0.0027957709058978246 -0.005729191808361055 0.00074418545846765497 0.00020618905243164959 0.005831988429368537 -0.00339236230044564 0.018306096310873782 -0.0062594027494187916 0.0005239565308366496 -0.016117204566576018
leaf_weight=15449.801635421813 2984.42985647358 15493.341315150261 992.27028109133244 17916.56720059365 12953.617722138762 524.77026568353176 4464.6943523138762 42076.752021206543 5613.8276496082544 449.26685762405396 465.66749048233032 1704.4941317439079 1373.6852008849382 572.11158788204193
leaf_count=72435 21001 73781 4601 86254 76332 2606 20425 212423 29005 2057 2030 7793 6290 2619
internal_value=-0.000109331 -0.00166349 0.000165458 0.000283336 -0.000634793 0.000342124 0.00222798 0.000920376 0.00483595 -3.55353e-05 0.00772986 -0.00119784 -0.00389873 -0.00776095
internal_weight=123035 18477.8 104558 101619 41626.1 28672.5 13222.7 59993.3 6138.6 7084.12 914.934 6169.19 2938.07 1564.38
internal_count=619652 94782 524870 511360 212683 136351 63916 298677 31611 32305 4087 28218 13510 7220
is_linear=0
shrinkage=0.05


Tree=192
num_leaves=15
num_cat=0
split_feature=73 72 70 72 68 68 72 72 73 73 70 70 68 70
split_gain=19.7492 48.009 81.0049 44.1264 41.9079 91.6362 86.3704 71.0618 72.2667 69.2266 49.9179 85.8539 65.6993 64.6781
threshold=0.68766510486602794 0.017434634268283847 0.012050689663738014 0.002945420797914267 0.03362549655139447 0.034335274249315269 0.004450918175280095 0.0081565170548856276 0.61969938874244701 0.55456766486167919 -0.0017132063512690363 -0.0027636578306555744 0.03685965575277806 -0.0066560849081724873
decision_type=2 10 2 10 10 10 8 10 2 2 2 2 10 2
left_child=3 -2 -3 -1 -5 -6 9 10 -9 -7 11 13 -12 -8
right_child=1 2 -4 4 5 6 7 8 -10 -11 12 -13 -14 -15
leaf_value=-0.015315069223691287 -0.00075745282136927298 -0.025864407225563407 0.0030240317872539954 4.7986806792132082e-05 0.019693706271117287 0.0068761050259387255 0.020374783855422463 0.0084037700867720198 -0.0083900817088907922 -0.016464157763142355 -0.012577126384847544 0.032709918664849777 0.006798886602482096 -0.0037585249010941347
leaf_weight=437.29960688576102 29076.640214188024 497.34341073036194 461.53123127296567 82242.305926820263 787.9798583611846 457.30171716213226 496.40133057907224 982.79289021342993 1797.3507854957134 997.24620417691767 493.16604959592223 463.36727625504136 3371.0476351827383 608.84252880886197
leaf_count=2727 155787 2533 2298 405312 4178 2160 2201 4675 8999 5525 2627 2232 16245 2935
internal_value=-7.89398e-06 -0.00112256 -0.012072 0.000351662 0.000427213 0.00340729 0.00206084 0.00405134 -0.00244454 -0.00912926 0.00737387 0.0148711 0.00429996 0.00716604
internal_weight=123171 30035.5 958.875 93135.1 92697.8 10455.5 9667.52 8212.97 2780.14 1454.55 5432.82 1568.61 3864.21 1105.24
internal_count=620434 160618 4831 459816 457089 51777 47599 39914 13674 7685 26240 7368 18872 5136
is_linear=0
shrinkage=0.05


Tree=193
num_leaves=15
num_cat=0
split_feature=54 53 71 71 73 2 74 74 73 74 74 73 74 71
split_gain=21.3573 42.5492 42.2599 81.0715 43.8598 45.2487 54.2107 86.8387 83.9314 99.2881 60.8998 49.8748 39.4508 34.5712
threshold=0.29127158224582678 -0.14742230623960492 -0.0083502870984375459 -0.0077509512193500987 0.5741296410560609 0.042589502409100539 0.0020437201019376521 -0.00085763400420546521 0.33160872757434851 0.0071844139602035293 -0.0056492823641747228 0.46742995083332067 -0.024679644964635369 -0.013234633486717938
decision_type=8 10 2 2 2 2 2 2 2 2 2 2 2 2
left_child=1 13 4 -4 5 6 7 10 -8 -10 12 -9 -2 -1
right_child=2 -3 3 -5 -6 -7 8 11 9 -11 -12 -13 -14 -15
leaf_value=-0.0027644011888687528 0.016904493069009853 -0.0033967311380745909 -0.018439785302736544 -8.4662433299732462e-05 0.0069213483192064806 -0.0038237795644573726 0.012274227743569906 0.0087185592387020363 -0.024805861831993729 8.1368056902477573e-05 -0.0080943394146165953 0.029949531364365102 0.0032648516688953259 0.00088914907435388687
leaf_weight=8736.2071626409888 610.51434941589832 13328.213120710105 597.77920817956328 58996.124900454655 4301.2727455571294 3415.037247672677 600.63153089769185 671.78280065022409 634.79370462521911 1058.7264641728252 1060.2493504583836 475.3213711194694 3700.2207593675703 24921.104196641594
leaf_count=40303 2916 79185 3084 301165 20290 15244 2659 3078 3117 4959 5042 2299 17348 119379
internal_value=-0.000168701 -0.00100684 0.000348692 -0.000271843 0.00258485 0.00105496 0.00294783 0.00527247 -0.00365109 -0.00933814 0.00259057 0.0176988 0.00523124 -5.97184e-05
internal_weight=123108 46985.5 76122.5 59593.9 16528.6 12227.3 8812.24 6518.09 2294.15 1693.52 5370.98 1147.1 4310.74 33657.3
internal_count=620068 238867 381201 304249 76952 56662 41418 30683 10735 8076 25306 5377 20264 159682
is_linear=0
shrinkage=0.05


Tree=194
num_leaves=15
num_cat=0
split_feature=70 70 69 68 69 68 68 69 69 72 70 69 72 70
split_gain=23.6119 43.744 158.748 40.3583 84.9024 75.3012 66.9751 103.868 120.988 114.617 87.7779 75.4923 69.492 54.4557
threshold=0.01275134924799204 0.012050689663738014 0.018627568148076538 0.025928060524165634 0.085665073245763793 0.031347084790468223 0.018250810913741592 1.0000000180025095e-35 0.022445552051067356 0.016601774841547016 0.020593618042767051 -0.05704184249043464 0.012975501827895643 0.032420674338936813
decision_type=2 2 8 8 8 8 10 10 10 10 2 10 10 2
left_child=1 -1 -3 4 6 -5 7 9 -9 10 -2 13 -10 -11
right_child=3 2 -4 5 -6 -7 -8 8 12 11 -12 -13 -14 -15
leaf_value=0.00016163310346018346 0.0013630504401669085 0.028707769529038158 -0.0050666233927486922 -0.02614881694212581 0.01104808618912965 -0.0038051594873718649 0.015143043081200855 -0.03138825875115827 -0.016293123359799842 -0.0059324656441991095 0.025987880200255376 -0.023656010031416562 0.0042836371963484417 0.01364447158209404
leaf_weight=110543.99658191204 848.31673328578472 584.70420226454735 832.472138363868 429.32191076874733 1366.5735443793237 2700.2543827407062 483.23034471273422 609.54643940366805 763.11055318638682 1531.6896297689527 622.6667520031333 463.55325757712126 867.48809929564595 451.65424774959683
leaf_count=560401 3816 2627 4093 2111 6450 13544 2263 3012 3720 7094 2697 2176 4026 2090
internal_value=5.5466e-05 0.00027394 0.00897166 -0.00213906 -0.000254968 -0.00694383 -0.00259392 -0.00400806 -0.0125699 0.000906907 0.0118918 -0.00571834 -0.00538678 -0.00142825
internal_weight=123099 111961 1417.18 11137.4 8007.83 3129.58 6641.26 6158.03 2240.15 3917.88 1470.98 2446.9 1630.6 1983.34
internal_count=620120 567121 6720 52999 37344 15655 30894 28631 10758 17873 6513 11360 7746 9184
is_linear=0
shrinkage=0.05


Tree=195
num_leaves=15
num_cat=0
split_feature=68 71 70 70 70 84 68 68 72 68 72 71 70 84
split_gain=22.5985 146.232 126.368 142.763 104.863 117.539 124.851 99.9659 74.0676 86.4374 71.6037 76.804 75.2175 72.0638
threshold=0.012093733064830305 -0.0083502870984375459 -0.0091816666536033136 0.0041715251281857499 0.00017975435184780511 2.5000000000000004 0.025782611221075061 0.022135931998491291 0.016111821867525581 0.018779916688799862 0.016872597858309749 -0.0025925494264811273 -0.0049120923504233352 3.5000000000000004
decision_type=10 2 2 2 2 2 10 10 10 10 10 2 2 2
left_child=-1 2 -2 4 5 6 -4 -6 9 -5 11 13 -12 -3
right_child=1 10 3 8 7 -7 -8 -9 -10 -11 12 -13 -14 -15
leaf_value=-0.00076038211354604787 -0.0079708765215158461 -0.0021317078231429024 -0.0080453204144895884 0.0054081574422854984 0.04779377531883941 0.024954870623403364 0.017606536437134317 0.015819508177291362 0.014161369552876705 -0.021221036728492335 0.0062339553067357091 0.00077287031897646551 -0.016029647520389333 -0.014693642517675333
leaf_weight=50275.981252992526 1078.4327401518822 5188.6949778869748 1029.2837885171175 594.23577613383532 430.75019163265824 982.64464901760221 863.3216575011611 583.98318273201585 528.0571790151298 608.5794249586761 522.61725935712457 57440.632330181077 1331.9297317583114 1455.4557951427996
leaf_count=240637 5257 26975 5029 2745 2059 4553 3867 2736 2391 3056 2469 303397 6527 7607
internal_value=5.44441e-05 0.000618444 0.00765096 0.010657 0.015961 0.0110168 0.00368694 0.0297264 -0.00128641 -0.0081291 -9.70964e-05 0.000183898 -0.00975591 -0.00490145
internal_weight=122915 72638.6 6699.29 5620.86 3889.98 2875.25 1892.61 1014.73 1730.87 1202.82 65939.3 64084.8 1854.55 6644.15
internal_count=619305 378668 31693 26436 18244 13449 8896 4795 8192 5801 346975 337979 8996 34582
is_linear=0
shrinkage=0.05


Tree=196
num_leaves=15
num_cat=0
split_feature=70 70 68 70 70 68 68 68 70 70 68 79 12 70
split_gain=15.7975 97.0037 60.0921 117.204 62.3451 56.3614 35.3943 82.3984 70.9126 60.7087 51.8087 48.8503 43.0834 35.029
threshold=-0.0094763874076306803 -0.011087638791650532 -0.065314467996358858 -0.026119079440832135 -0.016846109181642529 -0.040576038882136338 -0.016756311990320679 -0.0048844546545296899 -0.015920021571218964 -0.016523967497050759 -0.031379032880067818 0.074767462909221663 0.063739784061908736 -0.0066560849081724873
decision_type=2 2 8 2 2 8 8 8 2 2 10 8 8 2
left_child=1 2 3 -1 -5 -4 8 9 12 -8 -10 -9 -7 -2
right_child=13 -3 5 4 -6 6 7 11 10 -11 -12 -13 -14 -15
leaf_value=-0.0029396731049114552 0.0036549749787522659 -0.011694580339102065 -0.0098605280151825361 0.032231712300384539 0.0080844543842271879 -0.0080739490833006654 0.0012970781039275067 0.0085456030246231877 0.00055711868041302497 -0.022062108653876467 0.020952646581765946 -0.0024702900186598848 0.0085832167024510794 0.00010141465380330926
leaf_weight=1261.7004180625081 7438.3303567040712 1970.4228353463113 1655.6259604655206 498.80425417795777 582.3916261382401 1093.1998012587428 431.13498521223664 1439.6423954367638 501.7695927657187 768.44523481652141 812.96311843022704 3282.1204997524619 589.37286191806197 100617.02429613657
leaf_count=6322 35126 9703 8097 2104 2551 5249 1957 7301 2422 3746 3620 15406 2794 513000
internal_value=0.000135939 -0.00139045 0.0001892 0.00741657 0.019418 -0.00141763 0.000158967 -0.00208155 0.00457743 -0.0137254 0.0132316 0.000899364 -0.00222303 0.000346351
internal_weight=122943 14887.6 12917.2 2342.9 1081.2 10574.3 8918.65 5921.34 2997.31 1199.58 1314.73 4721.76 1682.57 108055
internal_count=619398 71272 61569 10977 4655 50592 42495 28410 14085 5703 6042 22707 8043 548126
is_linear=0
shrinkage=0.05


Tree=197
num_leaves=15
num_cat=0
split_feature=3 72 0 69 72 72 69 72 69 69 72 72 69 72
split_gain=15.5167 63.1324 32.2384 30.7049 30.6179 59.8349 38.4014 84.2826 34.9052 63.7359 56.5878 56.2904 56.3499 37.5047
threshold=1.0000000180025095e-35 0.015816953964531425 0.030439008027315143 0.15864480286836627 0.014212233014404775 0.013838653452694418 0.013193483930081131 0.0097369262948632258 0.037772158160805709 0.049500988796353347 0.010200759395956995 0.0084742843173444288 0.028777753002941612 0.0089251454919576662
decision_type=2 10 2 8 10 10 8 10 8 8 10 10 10 10
left_child=1 4 -2 -4 5 6 7 -1 11 -10 13 12 -8 -11
right_child=2 -3 3 -5 -6 -7 8 -9 9 10 -12 -13 -14 -15
leaf_value=0.018540336487562221 -0.0016174658882332519 -0.01085557917733147 0.00010166434638199558 0.0053888283096294749 0.0109862418803689 -0.017051503791075725 0.0077025439241175152 0.0011202787304531424 0.008425180507067611 0.00046580379632464499 0.0097816774855673388 -0.012389966744936531 -0.0089635779998497693 -0.0069070961796656146
leaf_weight=989.69945557229221 31800.89613340795 1095.2091394290328 53618.884435638785 2884.2639628648758 784.97869689762592 440.09136029332876 1244.8571172431111 2277.9300738722086 2824.5722458958626 19550.533014953136 1515.7084000520408 1255.9464112333953 841.32202668860555 1881.6540644951165
leaf_count=4971 158081 5726 246477 13116 3915 2334 6938 11546 16241 120211 8147 6847 4842 10438
internal_value=7.77181e-06 0.000903428 -0.000344274 0.000372459 0.00128975 0.00105457 0.00130583 0.00643693 0.000727941 0.00135174 0.00047781 -0.00407214 0.000970671 -0.000184425
internal_weight=123007 34702.5 88304 56503.1 33607.3 32822.3 32382.2 3267.63 29114.6 25772.5 22947.9 3342.13 2086.18 21432.2
internal_count=619830 202156 417674 259593 196430 192515 190181 16517 173664 155037 138796 18627 11780 130649
is_linear=0
shrinkage=0.05


Tree=198
num_leaves=15
num_cat=0
split_feature=71 84 71 71 19 71 68 68 69 68 69 69 68 72
split_gain=32.5178 93.0385 175.569 83.0827 60.4754 55.2289 71.3549 52.6178 48.1583 47.6369 59.2474 187.775 140.803 142.612
threshold=0.029265975579619411 2.5000000000000004 0.034285780042409904 0.03842632286250592 0.0044741807505488404 0.025505204685032371 0.017415790818631652 0.028640720993280414 0.015508298296481373 0.066228810697793974 0.049500988796353347 0.041611669585108764 -0.0078140394762158377 0.0088296537287533301
decision_type=2 2 2 2 8 2 8 8 10 10 8 8 10 10
left_child=5 2 8 -3 -4 9 -7 -8 -2 10 11 -1 -13 -14
right_child=1 3 4 -5 -6 6 7 -9 -10 -11 -12 12 13 -15
leaf_value=0.00021851661718818932 0.001930904010498854 0.001495595988719216 -0.00066554553053317644 0.015353699162402085 -0.012210931392255236 -0.017275717562025662 0.01422582665787351 -0.0058898235893036707 0.018181312948147409 -0.010213574180111512 -0.00080831321997120332 0.025966450277275933 0.010215902690569025 -0.013173106563676202
leaf_weight=33895.542891988531 768.1193824429065 2195.0495017133653 2251.7355208601803 2126.6288716085255 2277.9364068135619 1062.3839763998985 425.44734014570713 1272.9915288761258 1121.159500207752 1126.4275446441025 68877.765749488026 1109.7448209151626 3705.6578399762511 781.37760505080223
leaf_count=161122 3707 10511 11331 10066 11241 5123 2167 6507 5451 5964 358628 4897 19220 3933
internal_value=4.52725e-05 0.00267225 -0.00114711 0.00833465 -0.00648574 -0.000206288 -0.00717772 -0.000797216 0.0116194 -2.98727e-05 7.6912e-05 0.00162063 0.0100966 0.00612268
internal_weight=122998 10740.6 6418.95 4321.68 4529.67 112257 2760.82 1698.44 1889.28 109497 108370 39492.3 5596.78 4487.04
internal_count=619868 52307 31730 20577 22572 567561 13797 8674 9158 553764 547800 189172 28050 23153
is_linear=0
shrinkage=0.05


Tree=199
num_leaves=15
num_cat=0
split_feature=53 69 72 68 25 72 72 68 84 69 72 69 72 84
split_gain=19.1226 53.829 32.4844 123.468 28.8296 26.7662 83.3135 93.2711 97.0286 88.337 80.8551 102.124 76.8122 126.199
threshold=-0.091945841908454881 -0.042247124016284936 0.014212233014404775 -0.012484294362366198 0.044198093935847289 0.011327308136969806 0.013089691288769247 0.0074331911746412524 3.5000000000000004 -0.078645620495080934 0.010434513911604883 0.023422772996127609 0.010200759395956995 1.5000000000000002
decision_type=10 10 10 10 10 10 10 10 2 10 8 10 10 2
left_child=5 -2 -3 -4 -5 10 7 8 9 -7 12 -12 -1 -14
right_child=1 2 3 4 -6 6 -8 -9 -10 -11 11 -13 13 -15
leaf_value=-2.8783837935298519e-05 -0.011108132249235431 -0.00097096460895928322 0.028205799635320494 -0.010297995138082813 0.0046512672355155773 0.025311311266785094 -0.00013567453741913804 0.00058995463877688139 0.027925535906167955 0.0041062857450045688 -0.015554173324842938 0.0010889873174046629 0.029945545177294648 -0.0033758745806303963
leaf_weight=52998.300127292052 1258.1354894265532 33228.614108640701 451.69517130404711 563.98276348784566 726.95079842209816 578.93759151175618 20186.996547518298 4370.9597814381123 696.58797166123986 2994.7448192127049 1872.22538481839 1803.7821311764419 552.2129902690649 570.8487623501569
leaf_count=262023 6316 186159 2192 2861 3558 2461 93264 20745 3045 13407 9131 8592 2476 2789
internal_value=-2.40231e-05 -0.000988449 -0.000621309 0.00601346 -0.00190872 0.000379396 0.00162359 0.00572884 0.0109752 0.00760255 -0.000241356 -0.00740673 0.000246606 0.0131281
internal_weight=122855 36229.4 34971.2 1742.63 1290.93 86625.6 28828.2 8641.23 4270.27 3573.68 57797.4 3676.01 54121.4 1123.06
internal_count=619019 201086 194770 8611 6419 417933 132922 39658 18913 15868 285011 17723 267288 5265
is_linear=0
shrinkage=0.05


Tree=200
num_leaves=15
num_cat=0
split_feature=7 72 27 57 69 26 84 72 69 72 68 70 70 68
split_gain=17.8891 28.0756 16.4023 29.8042 32.8348 27.1724 36.8985 25.1021 23.9547 21.1534 20.9689 37.3487 28.0255 24.3302
threshold=0.02783850580453873 0.0056408173404634008 0.71442374587059032 0.0095568737015128153 -0.013704219833016394 0.0031002952018752698 1.0000000180025095e-35 0.012653355952352287 -0.0073923738673329345 0.0091536296531558054 -0.014754017814993857 0.0041715251281857499 -0.007310818647965788 0.012093733064830305
decision_type=2 10 2 10 10 10 2 10 10 10 10 2 2 10
left_child=1 -1 3 -2 5 6 -5 9 -6 -7 11 12 -10 -12
right_child=2 -3 -4 4 8 7 -8 -9 10 -11 13 -13 -14 -15
leaf_value=0.0011967339858355826 -0.0040945428234265722 -0.025012652532963094 0.00033376348369373729 -0.0046728396344436198 -0.012946303305373583 -0.0025313779535899895 0.0079130079185628019 -0.0072735825419449548 0.00060253100281607973 0.012637460176750718 -0.0046001775244015842 -0.006806430153272116 0.016074391091001183 -0.0004128122505065752
leaf_weight=228.33193862065673 6184.4756482951343 173.67508109658957 88954.594615068287 709.95875155925751 411.22001378983259 515.16910488158464 3090.7523679956794 982.73468913882971 522.63384886085987 401.07098825648427 4476.4695781841874 508.82376942783594 657.5899805650115 15306.757549013942
leaf_count=2486 34621 2311 446546 3208 1999 2768 14049 4566 2407 1848 21550 2329 2952 76737
internal_value=-5.73087e-05 -0.0104585 -2.23876e-05 -0.000960422 -0.000256486 0.00312045 0.00555593 -0.00175762 -0.00113705 0.00417332 -0.00090497 0.00442642 0.00928567 -0.00136216
internal_weight=123124 402.007 122722 33767.7 27583.2 5699.69 3800.71 1898.97 21883.5 916.24 21472.3 1689.05 1180.22 19783.2
internal_count=620377 4797 615580 169034 134413 26439 17257 9182 107974 4616 105975 7688 5359 98287
is_linear=0
shrinkage=0.05


Tree=201
num_leaves=15
num_cat=0
split_feature=15 4 74 29 5 2 74 74 74 73 71 54 73 71
split_gain=15.5856 19.2389 40.6219 25.8771 23.1449 25.4838 17.8325 78.1057 50.572 200.036 75.7462 48.5366 47.2698 42.3228
threshold=1.0000000180025095e-35 0.69166666269302379 -0.0013157994253560899 -0.020063080824911591 0.71594694256782543 0.040185693651437766 0.0069592213258147248 0.0067960366141051063 0.0082235885784029978 0.49850323796272283 0.0096016218885779398 0.36025424301624304 0.52022144198417675 0.0055757907684892425
decision_type=10 8 2 2 2 2 2 2 2 2 2 8 2 2
left_child=-1 4 -3 -4 5 -2 7 -6 9 -8 -11 -10 -9 -13
right_child=1 2 3 -5 6 -7 8 12 11 10 -12 13 -14 -15
leaf_value=-0.0095188538082818016 -0.019436178765254924 0.014563973055797966 0.0096002790207631583 -0.0050154131022215982 -0.00031819302111437309 0.000197604080625924 0.021898730893065366 -0.025479286554223064 -0.0023843366532292675 -0.0099736844469123752 0.0052350979213286204 0.0055742629929996963 -0.0021719717478200858 -0.00038372616430351213
leaf_weight=430.36579716950655 316.7899267654866 682.34658122435212 437.12247937917709 928.54664590582252 90977.148808680475 333.97679522633553 1347.9022534191608 485.93563492596149 11022.536894176155 1346.9305087700486 2054.0421396195889 5249.317671738565 391.12741354107857 6876.9211372286081
leaf_count=2159 2589 3057 2020 4370 462160 1564 6057 2467 54198 7073 10628 24931 2247 33772
internal_value=-0.000129289 -9.5514e-05 0.00469803 -0.000301452 -0.000177434 -0.00950952 -0.000125931 -0.000462191 0.000980987 0.00567533 -0.000799811 1.59268e-05 -0.015227 0.00219789
internal_weight=122881 122451 2048.02 1365.67 120403 650.767 119752 91854.2 27897.7 4748.87 3400.97 23148.8 877.063 12126.2
internal_count=619292 617133 9447 6390 607686 4153 603533 466874 136659 23758 17701 112901 4714 58703
is_linear=0
shrinkage=0.05


Tree=202
num_leaves=15
num_cat=0
split_feature=15 0 71 72 68 72 72 68 58 72 68 68 68 71
split_gain=21.1527 20.7568 37.3204 42.3162 54.6615 84.4947 74.0147 54.6471 45.0207 44.4188 45.1426 57.1723 42.0511 36.4598
threshold=23.258541107177738 0.032092625275254257 0.0024043949088081722 0.014212233014404775 0.018250810913741592 0.0056843475904315719 0.0097058657556772249 0.034757858142256744 0.0094287702813744562 0.012653355952352287 -0.020313972607254979 -0.029244812205433842 -0.040576038882136338 0.00021099071454955268
decision_type=8 2 2 10 8 10 10 10 2 10 10 10 10 2
left_child=-1 2 3 4 8 7 13 -6 9 10 11 -2 -5 -7
right_child=1 -3 -4 12 5 6 -8 -9 -10 -11 -12 -13 -14 -15
leaf_value=0.00061920075844727035 -0.0022412908100742919 0.00033240746142233925 -0.0031879029680468452 0.00080367224153410116 0.0002373197741486562 0.0087942277401219411 -0.01045267364596518 -0.019629077609326244 0.010298740505330259 -0.01632018521739298 -0.0050028110009411614 0.019166340262724041 0.019790071557690195 0.023368559285894323
leaf_weight=66143.538811938837 895.09775212965906 26256.29139880836 16552.007176775485 646.22757939808071 1332.5164499543607 2063.4954479187727 423.3972233235836 457.52168346196413 572.45732847228646 670.57860566675663 5236.4790622703731 467.20829805731773 522.80473100021482 541.7076806910336
leaf_count=331779 4312 121330 93083 3101 8064 10805 2178 2715 2713 3345 27987 2175 2449 2928
internal_value=1.1954e-05 -0.000697194 -0.00158681 0.000330394 -0.000512938 0.00367367 0.00875312 -0.00492124 -0.00308693 -0.00415374 -0.00289454 0.00518671 0.00939044 0.0119025
internal_weight=122781 56637.8 30381.5 13829.5 12660.5 4818.64 3028.6 1790.04 7841.82 7269.36 6598.79 1362.31 1169.03 2605.2
internal_count=618964 287185 165855 72772 67222 26690 15911 10779 40532 37819 34474 6487 5550 13733
is_linear=0
shrinkage=0.05


Tree=203
num_leaves=15
num_cat=0
split_feature=70 74 71 70 69 68 70 70 68 73 69 74 68 69
split_gain=15.6696 50.8426 71.7703 77.3851 50.5816 107.624 93.364 84.1918 182.486 100.494 72.499 64.8735 48.7443 37.788
threshold=0.01275134924799204 0.012778390198946001 -0.0083502870984375459 0.007692009676247836 -0.05704184249043464 -0.01317297527566552 0.032420674338936813 0.025992065668106083 -0.034949358552694314 0.36644345521926885 -0.12452897801995276 0.022159884683787826 -0.052663978189229958 -0.013704219833016394
decision_type=2 2 2 2 10 10 2 2 10 2 10 2 10 10
left_child=1 -1 -3 -4 5 6 10 8 -6 -10 -2 13 -12 -11
right_child=4 2 3 -5 7 -7 -8 -9 9 11 12 -13 -14 -15
leaf_value=-1.8465050378479458e-05 0.0053733708773055517 0.023906897068499442 0.017122378445417388 -0.0012794986601803477 0.025268531431250341 0.021961815556185638 0.01869899849163573 -0.020430846317986872 -0.021811500820573485 -0.01732962928649982 -0.026088137430975836 0.0089189772610103347 -0.0044285657865005259 -0.0032208443570347547
leaf_weight=108275.55161673762 753.34167540445924 476.22353006899357 746.03288044407964 2333.4070677924901 548.05494449287653 631.56764997169375 456.33392094820738 686.11448197253048 734.43885366432369 519.37704584747553 495.55379006639123 1048.5444305874407 544.4735443778336 4679.0890079606324
leaf_count=549422 3262 2120 3577 11600 2360 2855 2100 3436 3442 2461 2398 4967 2617 23027
internal_value=-2.89096e-06 0.000174992 0.00604959 0.00321958 -0.00179408 0.00389697 -0.00124918 -0.00379229 -0.00225104 -0.00444442 -0.00640067 -0.00237104 -0.0148991 -0.00466101
internal_weight=122928 111831 3555.66 3079.44 11096.9 2881.27 2249.7 8215.62 7529.5 6981.45 1793.37 6247.01 1040.03 5198.47
internal_count=619644 566719 17297 15177 52925 13232 10377 39693 36257 33897 8277 30455 5015 25488
is_linear=0
shrinkage=0.05


Tree=204
num_leaves=15
num_cat=0
split_feature=3 72 58 72 72 14 73 72 72 70 70 72 73 73
split_gain=16.8582 44.0809 30.045 34.6342 42.4316 32.427 29.6344 25.3003 84.4452 51.6658 71.8531 84.4967 129.679 88.2082
threshold=1.0000000180025095e-35 0.015816953964531425 0.0086194775067269819 0.014212233014404775 0.013581956736743452 -0.057374905794858926 0.46266341209411627 0.011205004528164865 0.010852548759430649 0.0052108219824731359 0.001647578726988286 0.013693704269826414 0.34461727738380438 0.68089509010314953
decision_type=2 10 2 8 10 8 2 10 8 2 2 10 2 2
left_child=1 2 3 4 5 -1 -4 8 -2 10 -9 12 -12 -14
right_child=7 -3 6 -5 -6 -7 -8 9 -10 -11 11 -13 13 -15
leaf_value=0.0055770314273352883 -0.0007317088802788694 -0.0089639949939373433 0.013722362344988174 0.011999820206285818 -0.014146608787467818 0.00019516118701235272 0.0026854991136014295 0.0011027435689563629 -0.014361292428593259 -0.0017258765482123393 0.021398714352444583 0.018861484092874123 -0.023253676683055769 0.0061265377432294377
leaf_weight=3120.5255307070911 56834.41995928809 1084.8573556859046 879.1914302892983 662.32703841291368 474.88990861736238 26425.394925367087 1946.0017100386322 15149.829801283777 1149.6893104463816 12251.406583383679 533.60233429074287 1336.3485253453255 510.21830271929502 495.47452805936337
leaf_count=16322 273008 5717 4185 3335 2562 158846 10674 69654 5485 56535 2276 5907 2373 2448
internal_value=-2.60395e-05 0.000909362 0.0012316 0.00077628 0.00052475 0.000765268 0.00615642 -0.000392724 -0.00100438 0.000778623 0.00248087 0.00971234 0.00169897 -0.00886112
internal_weight=122854 34593.2 33508.3 30683.1 30020.8 29545.9 2825.19 88261 57984.1 30276.9 18025.5 2875.64 1539.3 1005.69
internal_count=619327 201641 195924 181065 177730 175168 14859 417686 278493 139193 82658 13004 7097 4821
is_linear=0
shrinkage=0.05


Tree=205
num_leaves=15
num_cat=0
split_feature=72 72 68 70 68 72 68 73 70 74 72 74 73 72
split_gain=19.2715 47.9271 41.8187 136.413 42.3654 40.2701 62.1531 56.4402 50.8388 38.9489 59.3006 38.4351 34.0794 38.0688
threshold=0.0040517377201467761 0.0045173054095357665 0.0093001211062073725 -0.00115508830640465 0.039586272090673454 0.0042985687032341966 0.035737453028559692 0.65480998158454906 -0.00033516644907649601 -0.0077663431875407687 0.0039979582652449617 -0.0039054667577147479 0.52997323870658886 0.0030659465119242672
decision_type=8 10 8 2 8 10 10 2 2 2 10 2 2 10
left_child=9 2 3 -2 5 7 -7 8 -4 -1 11 -11 -13 -14
right_child=1 -3 4 -5 -6 6 -8 -9 -10 10 -12 12 13 -15
leaf_value=-0.012950442577138024 0.0070356113123659402 4.5475283110698033e-05 0.00028799794692366867 -0.032571218307222705 -0.011213161032195811 -0.010769813164331685 0.012133333978729687 -0.0045526177760107844 0.023962334555887151 0.014100125604269948 0.020721261345434294 -0.011868516361090927 -0.0064746723158250561 0.0037967054572881319
leaf_weight=385.03020313382149 389.54816263541579 109711.80267497711 399.25564953684807 473.57676747255027 1119.2912614271045 1279.2133448738605 375.56106678023934 767.05865775234997 515.6424885801971 594.89002805203199 442.08001892268658 472.44879925623536 1092.1404185704887 4970.8564672786742
leaf_count=2059 2042 543106 2258 2894 6301 7630 2252 4629 2892 3269 2434 2439 6869 28871
internal_value=-1.47461e-05 -0.000179445 -0.00480999 -0.0148199 -0.00284225 -9.14647e-06 -0.00553015 0.00542321 0.0137458 0.00236334 0.00315804 0.00204163 0.000924138 0.00193889
internal_weight=122988 115031 5319.15 863.125 4456.02 3336.73 1654.77 1681.96 914.898 7957.45 7572.42 7130.34 6535.45 6063
internal_count=619945 574004 30898 4936 25962 19661 9882 9779 5150 45941 43882 41448 38179 35740
is_linear=0
shrinkage=0.05


Tree=206
num_leaves=15
num_cat=0
split_feature=31 23 53 68 68 69 73 73 71 73 69 72 72 72
split_gain=19.2306 19.9818 21.8653 24.3272 50.858 40.6273 37.6588 70.7561 32.7714 31.7257 60.5895 98.532 42.1635 77.5493
threshold=17.516779899597172 -0.038758365437388413 -0.20165532082319257 0.053823901340365417 0.044730186462402351 0.015508298296481373 0.81356516480445873 0.74586740136146557 0.013340741395950319 0.31674617528915411 -0.051937524229288094 0.014212233014404775 0.0085483356378972548 0.010852548759430649
decision_type=2 2 8 8 10 10 2 2 2 2 8 10 10 10
left_child=-1 -2 -3 4 9 -6 7 -7 -5 10 -4 12 -12 -14
right_child=1 2 3 8 5 6 -8 -9 -10 -11 11 -13 13 -15
leaf_value=-0.0011048158928866033 -0.0028783536979142821 0.0016145184340572742 -0.0048891006945067789 -0.0095171277277084701 0.016251960029211282 0.00089639192222612778 -0.0092780172510653156 0.017982961461720112 -0.00026164973819825169 -0.00073043703985763327 -0.0052366369679906974 0.025026172521006695 0.020379871317704957 -0.00055041898962183142
leaf_weight=34493.611619584262 4709.262773245573 27691.223701160401 1494.626695074141 1550.5572325941175 703.10567136108875 2395.3792566880584 511.01604702323675 801.55996093526483 2471.8892184309661 42567.821186015382 975.63927427306771 619.71285931020975 712.15217757411301 1141.7316818516701
leaf_count=170909 22083 128888 7118 8286 3629 12438 2756 4365 12904 229867 4607 2837 3164 5425
internal_value=-0.000103792 0.000287128 0.000465688 -0.000103136 0.000187365 0.00531677 0.0032051 0.00522318 -0.00384417 -0.000289876 0.00349728 0.0071349 0.00314208 0.00755596
internal_weight=122839 88345.7 83636.4 55945.2 51922.7 4411.06 3707.96 3196.94 4022.45 47511.7 4943.86 3449.24 2829.52 1853.88
internal_count=619276 448367 426284 297396 276206 23188 19559 16803 21190 253018 23151 16033 13196 8589
is_linear=0
shrinkage=0.05


Tree=207
num_leaves=15
num_cat=0
split_feature=57 27 57 72 72 73 68 84 4 74 72 84 72 74
split_gain=22.1039 20.6829 41.7867 28.3526 39.0066 43.3271 62.6646 73.5775 39.7696 34.4784 29.8725 73.3028 37.9144 39.2174
threshold=0.12679152190685275 0.8639521896839143 0.026116990484297279 0.0091536296531558054 0.0099362293258309382 0.43923822045326238 0.0089923678897321242 1.5000000000000002 0.058333335444331176 0.01998116355389357 0.010434513911604883 1.5000000000000002 0.011205004528164865 -0.0048272991552948943
decision_type=8 2 10 8 8 2 10 2 10 2 8 2 8 2
left_child=1 2 -1 9 5 8 -7 -8 -5 -3 11 -6 13 -12
right_child=-2 3 -4 4 10 6 7 -9 -10 -11 12 -13 -14 -15
leaf_value=-0.0018483057996899787 -0.0025879715060660182 0.0014921849257390912 0.00091475953342118029 0.012351841350250643 0.017445395927179776 -0.019820544367948063 -0.015927384371032204 0.006969242204364132 -0.0066452446445985974 0.015391746666797525 -0.015845732133635416 -0.0027924352868761468 0.00048697303620217697 -0.0015745040794893682
leaf_weight=29107.648388311267 7856.3803465440869 36095.745691834018 25806.171008799225 531.13939382508397 810.64207696169615 878.00129563361406 603.57630149647593 810.3112552203238 552.04628510400653 441.88342036306858 736.88427641987801 978.73024884983897 16327.348752904683 1361.4061844758689
leaf_count=156401 37346 189875 121711 2622 3747 4457 3006 3990 2518 2136 3647 4844 76698 6744
internal_value=-2.37506e-05 0.000151574 -0.000549902 0.000792208 -0.000558903 -0.00552639 -0.00940809 -0.00284834 0.00269774 0.00166445 0.000272786 0.00642194 -0.000327538 -0.00663771
internal_weight=122898 115042 54913.8 60127.7 23590.1 3375.07 2291.89 1413.89 1083.19 36537.6 20215 1789.37 18425.6 2098.29
internal_count=619742 582396 278112 304284 112273 16593 11453 6996 5140 192011 95680 8591 87089 10391
is_linear=0
shrinkage=0.05


Tree=208
num_leaves=15
num_cat=0
split_feature=68 71 71 70 68 71 70 69 70 70 72 72 68 69
split_gain=20.9434 72.5259 56.4661 39.1067 20.29 153.311 111.397 130.903 69.5571 67.611 65.8968 64.9945 93.477 65.9221
threshold=0.066228810697793974 0.019639994949102405 0.03842632286250592 0.0020972609054297213 0.012093733064830305 -0.0091286255046725256 -0.0091816666536033136 0.093126293271780028 0.010606001596897842 0.0088671618141233938 0.0080920867621898668 0.016872597858309749 0.042158441618084914 -0.012004304677247999
decision_type=10 2 2 2 10 2 2 10 2 2 10 10 10 8
left_child=4 -2 3 -3 -1 6 -6 9 11 -8 -9 13 -13 -7
right_child=1 2 -4 -5 5 8 7 10 -10 -11 -12 12 -14 -15
leaf_value=-0.00062986777814247016 -0.017288400301634432 -0.0048277225635602302 -0.014139815783877416 0.014299191354023955 -0.0065598219542446785 0.013426398831979661 0.02004285594149845 0.0086963235271509398 -0.0053929075406727025 0.00055974743808127696 -0.011502209563302355 0.007424938856718662 -0.020913506787251956 0.00049518049384294387
leaf_weight=50206.631326168776 752.57872183993459 415.99746837094426 409.99428950622678 717.58124440908432 1036.1604806594551 993.09015039354563 2842.1582403909415 896.33278327062726 5514.7396091409028 528.36158706992865 718.26798551902175 447.62038257718086 800.12592788040638 56554.570289826021
leaf_count=240507 4122 1985 2273 3601 5057 4444 13177 4225 27878 2447 3424 2048 3976 300147
internal_value=4.75606e-05 -0.00467236 0.00155035 0.00729921 0.000137851 0.000685905 0.00830822 0.0114055 -2.8943e-05 0.0169994 -0.000304646 0.000475004 -0.0107691 0.000720626
internal_weight=122834 2296.15 1543.57 1133.58 120538 70331.4 6021.28 4985.12 64310.1 3370.52 1614.6 58795.4 1247.75 57547.7
internal_count=619311 11981 7859 5586 607330 366823 28330 23273 338493 15624 7649 310615 6024 304591
is_linear=0
shrinkage=0.05


Tree=209
num_leaves=15
num_cat=0
split_feature=70 70 72 72 70 71 71 69 69 3 71 71 70 71
split_gain=16.0386 94.0539 66.0747 93.1639 62.3484 89.9695 84.418 61.2195 55.8847 78.7333 59.0064 126.004 96.5252 48.8753
threshold=-0.0094763874076306803 -0.012401808984577654 0.013415495399385692 0.011327308136969806 -0.015920021571218964 -0.0002741747885011136 -0.0071734928060322991 0.089249406009912505 -0.001070204365532845 0.17500000447034839 -0.0094460952095687372 0.0024043949088081722 -0.014178188517689703 -0.060255499556660645
decision_type=2 2 10 10 2 2 2 8 10 2 2 2 2 2
left_child=1 4 3 -3 5 6 7 -1 9 -6 12 -12 -10 -2
right_child=13 2 -4 -5 8 -7 -8 -9 10 -11 11 -13 -14 -15
leaf_value=-0.0031293826125092816 -0.015270567733177844 -0.0091608404119187959 -0.021633329859796418 0.015232543118122702 0.023207338553788481 -0.015586166824648596 0.019716810031376597 0.01367490384529713 0.011650240065406468 -0.0009342512564564098 0.020684638471577935 -0.011890834368569636 -0.017001001512343662 0.00035680149340524354
leaf_weight=5318.2725241966546 492.67612925730646 2266.0886361189187 755.44921774230897 463.31910868361592 853.90022388845682 1030.4393699429929 503.21867880411446 593.44997285306454 459.19554222375154 553.27013678848743 808.17447501048446 457.7206406891346 780.64644836634398 107405.98942022398
leaf_count=25894 2358 11286 3865 2048 3861 5126 2223 2731 2065 2365 3806 2277 3648 545326
internal_value=7.20102e-05 -0.00146842 -0.00864134 -0.00497955 0.000737982 -0.00194752 0.000264119 -0.00142224 0.00583983 0.0137758 0.00134613 0.00890516 -0.00638124 0.000284037
internal_weight=122742 14843.1 3484.86 2729.41 11358.3 7445.38 6414.94 5911.72 3912.91 1407.17 2505.74 1265.9 1239.84 107899
internal_count=618879 71195 17199 13334 53996 35974 30848 28625 18022 6226 11796 6083 5713 547684
is_linear=0
shrinkage=0.05


Tree=210
num_leaves=15
num_cat=0
split_feature=69 69 71 74 68 72 71 73 68 74 74 71 68 72
split_gain=25.3726 57.4185 129.463 115.228 78.886 106.945 76.4373 65.665 110.251 51.027 102.1 74.2325 143.467 84.0775
threshold=0.1011449657380581 0.093763429671525969 0.011125609744340183 0.0097516253590583819 0.042627625167369849 0.0063665371853858241 -0.016997806727886196 0.61819469928741466 0.03880582936108113 0.0023652915842831139 0.0026886103441938762 0.013708505779504778 0.02715934440493584 0.0073099865112453708
decision_type=8 10 2 2 10 10 2 2 10 2 2 2 8 8
left_child=1 -1 3 6 5 -4 -3 -8 -9 11 -11 -2 -13 -14
right_child=9 2 4 -5 -6 -7 7 8 -10 10 -12 12 13 -15
leaf_value=-2.5323714804828461e-05 -0.0014982412654591095 0.015580984059665022 0.038650523613792793 0.023798606808362849 -0.0017090779391605564 0.011429067039025558 -0.013688231011935751 0.013346001356021623 -0.015084963279088851 -0.023054950943906138 -0.0026787825032292619 0.02492117583713907 0.0078383765973950702 -0.0069131584691104631
leaf_weight=84948.224672814831 13530.320630071685 432.91930770128965 508.33046674728394 415.72874683886766 579.45173147320747 1234.6314840093255 1561.336671942845 791.89659883826971 583.31470458209515 635.79541148245335 12932.538777532056 800.32188446819782 2362.1848943829536 1619.8465955872089
leaf_count=424237 70473 1927 2733 1921 2973 5799 7691 3916 3224 3611 67387 3873 11959 8171
internal_value=-0.000113455 0.000311597 0.00499008 -0.000717741 0.0142562 0.0195433 -0.00380407 -0.00670508 0.00126478 -0.00132717 -0.00364986 0.000394822 0.00574266 0.00183533
internal_weight=122937 91055.8 6107.61 3785.2 2322.41 1742.96 3369.47 2936.55 1375.21 31881 13568.3 18312.7 4782.35 3982.03
internal_count=619895 454421 30184 18679 11505 8532 16758 14831 7140 165474 70998 94476 24003 20130
is_linear=0
shrinkage=0.05


Tree=211
num_leaves=15
num_cat=0
split_feature=27 72 84 71 68 72 72 68 71 71 72 68 84 68
split_gain=20.6641 36.2794 56.5504 55.8956 55.4258 49.9071 56.342 146.781 61.9083 86.1076 44.9837 44.8891 45.5839 49.1912
threshold=0.8639521896839143 0.011205004528164865 1.5000000000000002 -0.018332001753151413 -0.015869936905801293 0.013089691288769247 0.014212233014404775 -0.0059690875932574263 -0.0012844292214140294 -0.012410324532538651 0.015216545667499306 0.010701862163841726 3.5000000000000004 -0.012484294362366198
decision_type=2 10 2 2 10 10 10 8 2 2 10 8 2 10
left_child=1 -1 3 4 -3 11 7 -7 9 -8 -10 12 13 -4
right_child=-2 2 5 -5 -6 6 8 -9 10 -11 -12 -13 -14 -15
leaf_value=-0.001489856150860433 0.00063310966492240465 -0.001063126537645978 -0.00093486027842865343 -0.0046236265505810118 0.020389971643034736 -0.02003120918417443 0.0028468309659052038 0.0082700427429161887 -0.014324731258126147 0.024295327217154272 0.0019576919271832673 0.0029997657969814862 0.027697226445626222 0.01956534065944112
leaf_weight=40148.294991886243 65404.004782153293 798.29857279360294 597.54384576715529 5326.8526676185429 472.47609435766935 942.31264380179346 1298.6610056720674 874.79124500975013 488.04710181802511 724.30094490945339 2850.6717530507594 1784.4315767306834 459.27989429235458 561.82209855876863
leaf_count=209283 329329 3638 2726 25374 2109 4578 5939 4041 2365 3109 13290 8531 2031 2534
internal_value=2.57473e-05 -0.000667169 0.00125519 -0.00237563 0.00701009 0.00351906 0.0011508 -0.00643571 0.0037291 0.010608 -0.000458109 0.00849689 0.0145014 0.00908178
internal_weight=122732 57327.8 17179.5 6597.63 1270.77 10581.9 7178.78 1817.1 5361.68 2022.96 3338.72 3403.08 1618.65 1159.37
internal_count=618877 289548 80265 31121 5747 49144 33322 8619 24703 9048 15655 15822 7291 5260
is_linear=0
shrinkage=0.05


Tree=212
num_leaves=15
num_cat=0
split_feature=54 3 51 69 72 69 69 69 72 69 72 69 84 74
split_gain=18.0308 32.2761 30.3435 29.948 29.6704 29.0263 27.0534 67.0874 33.7625 33.3864 35.421 67.9409 57.4632 79.8271
threshold=0.36378520727157598 1.0000000180025095e-35 -0.042898701503872864 -0.039398560300469392 0.0040517377201467761 0.060013568028807647 0.098625801503658309 0.090698454529047026 0.0062463323120027789 0.085317432880401625 0.0080920867621898668 -0.0042636860162019721 1.5000000000000002 -0.0099405101500451547
decision_type=10 2 10 10 10 10 10 10 10 10 8 10 2 2
left_child=2 4 6 -4 5 -2 7 9 -9 10 -1 -12 13 -13
right_child=1 -3 3 -5 -6 -7 -8 8 -10 -11 11 12 -14 -15
leaf_value=0.0021366100264069441 0.022918523217581897 2.7296983311112958e-05 -0.0077458852176536825 -0.0015996878995196814 0.002147763398362236 0.0055231853788675752 -0.0029211410775770268 -0.00049112219719645619 0.013641227693107688 -0.0072657741430976561 0.0012154390719361088 0.017150553805975459 -0.0065051222924231104 -0.0019891534276380764
leaf_weight=15704.648036770523 328.3963751681149 43564.636391572654 2416.4524157363921 10868.043065365404 9864.783628731966 857.25984724424779 7175.9080619327724 606.45566183701158 1379.0198260620236 1527.171666610986 16849.856051001698 623.14403829723597 7212.7364145629108 3894.0128277614713
leaf_count=79845 1956 206271 14559 67511 56147 5456 36888 3178 6324 7865 77558 2888 34610 18580
internal_value=-3.73598e-05 0.000639701 -0.000579113 -0.00272267 0.0030518 0.0104926 -6.07116e-05 0.000369254 0.00934373 -2.16543e-05 0.000229747 -0.00081846 -0.00373868 0.00068323
internal_weight=122873 54615.1 68257.4 13284.5 11050.4 1185.66 54973 47797 1985.48 45811.6 44284.4 28579.7 11729.9 4517.16
internal_count=619636 269830 349806 82070 63559 7412 267736 230848 9502 221346 213481 133636 56078 21468
is_linear=0
shrinkage=0.05


Tree=213
num_leaves=15
num_cat=0
split_feature=31 67 70 74 72 70 70 57 73 73 68 73 70 72
split_gain=16.3864 17.0887 37.3781 26.489 43.3791 43.9305 25.5666 23.2161 25.9324 82.6201 68.6146 77.44 62.7662 55.3816
threshold=17.413193702697757 0.0062328083440661439 0.025992065668106083 0.017288482747972015 0.01400456251576543 0.019053208641707901 0.015137062873691322 0.012268417980521919 0.57541298866271984 0.57822158932685863 0.0116894175298512 0.60315978527069103 -0.00098663853714242556 0.010200759395956995
decision_type=2 2 2 2 10 2 2 8 2 2 10 2 2 10
left_child=-1 2 7 -3 6 -6 -5 -2 13 -10 12 -12 -11 -9
right_child=1 3 -4 4 5 -7 -8 8 9 10 11 -13 -14 -15
leaf_value=-0.00096077310598390833 -0.0020805921960032128 0.00091250832512721348 -0.011518153818442156 0.020260959413427163 -0.012487188166699584 0.0068572859706788822 0.0062320991685679145 -0.0025913837978099315 0.023327531034527827 -0.021331371454411489 0.011141687257602562 0.00098397446549406699 0.00084610422164328096 0.0019826349195342448
leaf_weight=29679.041439335793 10620.731383586302 27901.312114335597 696.64081249386072 578.34533851593733 467.3421194255352 752.05743733048439 754.87812125682831 15096.854202181101 422.2140888273716 615.09334489703178 2052.2201253697276 20850.976165911183 650.10885207913816 11767.150407236069
leaf_count=147040 64506 138561 3463 2708 2174 3476 3433 74287 2001 3085 10216 107477 3256 54158
internal_value=6.22544e-05 0.00038801 -8.35445e-05 0.00135969 0.00622496 -0.000597865 0.0124233 4.66149e-05 0.00048601 0.00165891 0.00127087 0.00189861 -0.0100185 -0.000587849
internal_weight=122905 93225.9 62772 30453.9 2552.62 1219.4 1333.22 62075.3 51454.6 24590.6 24168.4 22903.2 1265.2 26864
internal_count=619841 472801 322449 150352 11791 5650 6141 318986 254480 126035 124034 117693 6341 128445
is_linear=0
shrinkage=0.05


Tree=214
num_leaves=15
num_cat=0
split_feature=15 0 54 53 14 73 70 70 73 69 74 74 69 7
split_gain=16.5462 24.509 18.3978 26.6886 23.8147 51.1488 54.6996 41.0711 32.0325 46.4736 42.5155 40.4351 37.5222 29.6816
threshold=36.189628601074226 0.018936314620077613 0.2774393111467362 -0.18576705455780027 0.051793251186609275 0.68606859445571911 -0.0091816666536033136 -0.022265589796006676 0.80214941501617443 0.15165715664625171 0.0016291338251903655 0.0082235885784029978 0.1598634868860245 0.08676594123244287
decision_type=8 2 8 10 8 2 2 2 2 10 2 2 8 2
left_child=2 -2 3 -1 5 6 7 -4 9 -6 12 -12 -10 -8
right_child=1 -3 4 -5 8 -7 13 -9 10 -11 11 -13 -14 -15
leaf_value=0.00056212903535932926 -0.006503083196092563 -0.00062112591315307089 0.0089424186725881455 -0.0020704764247646296 8.2531782742287063e-06 -0.0011061033447889491 0.010175250050767843 -0.0075748376934144449 0.004830635190167785 -0.015100701006237803 -0.008531507327327572 0.0073503163334121034 0.021003541896784075 0.0039630350463383422
leaf_weight=23942.269552141428 2028.6104360185564 13514.651908263564 484.71186099946499 16087.857503084466 41040.107214616612 7774.1216321885586 2356.7855022065341 1571.7029797881842 953.39722783863544 505.34411285445094 799.41956468485296 783.8924666158855 573.06236312352121 10435.490126937628
leaf_count=112371 15186 64911 2294 91734 206483 39664 12567 7409 4686 2561 4302 3954 2840 48508
internal_value=0.000131646 -0.00139249 0.000352522 -0.000496151 0.000857477 0.00217875 0.00389814 -0.00365717 0.000187769 -0.000179116 0.00507409 -0.000671688 0.0109994 0.0051146
internal_weight=122851 15543.3 107308 40030.1 67278 22622.8 14848.7 2056.41 44655.2 41545.5 3109.77 1583.31 1526.46 12792.3
internal_count=619470 80097 539373 204105 335268 110442 70778 9703 224826 209044 15782 8256 7526 61075
is_linear=0
shrinkage=0.05


Tree=215
num_leaves=15
num_cat=0
split_feature=27 68 74 59 68 74 70 70 74 68 70 68 72 74
split_gain=19.8555 24.4692 19.6507 18.5974 21.0777 96.8987 60.3026 105.257 85.3649 77.546 56.5879 54.2296 54.0552 97.4814
threshold=0.44151286780834204 0.029907493852078918 0.0017753299907781186 6.5000000000000009 0.049116047099232681 -0.012016918975859879 0.0062631289474666127 0.0034675269853323702 0.0010130195878446104 0.053411189466714866 0.002698272000998259 0.048859318718314178 0.0075756215956062087 0.0061117932200431832
decision_type=2 8 2 10 10 2 2 2 2 10 2 10 10 2
left_child=1 2 -1 4 11 -6 7 9 -9 -7 -11 -2 13 -10
right_child=3 -3 -4 -5 5 6 -8 8 12 10 -12 -13 -14 -15
leaf_value=0.0030881294337919861 0.0001010666477151189 -0.0076250826050242165 -0.0051619531093804764 -0.0051998674672474252 -0.021281238617596409 0.011511234998103729 -0.0016123624237004805 0.03719225686329293 0.033659677676380999 0.00049261996574987451 -0.018865772692068485 -0.017481601011128774 -0.0031046349430960589 0.0010009166792431922
leaf_weight=1751.2511883508414 105645.40826400183 1838.4400524459779 1212.9845362305641 1582.9645955339074 405.76675229147077 1507.4556160233915 3801.4114671945572 386.51860658079386 459.61174184456468 2563.5392027068883 432.60518373921514 430.36521174758673 465.72797979041934 446.23062593862414
leaf_count=8569 531837 9653 5966 7563 2197 7426 19532 1961 2363 13405 2252 2308 2429 2413
internal_value=3.78588e-05 -0.00311023 -0.000293863 0.000166102 0.000239425 0.00237871 0.00335291 0.00636504 0.016704 0.00230093 -0.00235595 2.809e-05 0.0107028 0.0177581
internal_weight=122930 4802.68 2964.24 118128 116545 10468.9 10063.1 6261.69 1758.09 4503.6 2996.14 106076 1371.57 905.842
internal_count=619874 24188 14535 595686 588123 53978 51781 32249 9166 23083 15657 534145 7205 4776
is_linear=0
shrinkage=0.05


Tree=216
num_leaves=15
num_cat=0
split_feature=29 69 74 68 71 69 73 68 74 68 73 4 73 73
split_gain=17.7339 17.8711 45.5136 51.0884 66.7704 75.495 60.772 79.5252 65.9024 52.9014 49.8143 48.2527 45.46 64.138
threshold=0.78341972827911388 0.1011449657380581 -0.0042130858637392512 0.015907374210655693 0.017997297458350662 0.12489066645503046 0.61819469928741466 0.041905201971530921 0.0088828480802476423 0.028640720993280414 0.5715598762035371 0.22500000149011615 0.60315978527069103 0.66914606094360363
decision_type=2 10 2 10 2 10 2 10 2 8 2 8 2 2
left_child=1 -1 -3 10 5 6 8 11 -5 -6 -4 -8 -7 -14
right_child=-2 2 3 4 9 12 7 -9 -10 -11 -12 -13 13 -15
leaf_value=0.00035119756712611422 -0.0043387593203083009 0.0025551356762720102 0.019939131102295352 -0.0063401515105427804 0.014050011481132194 -0.011716924242196336 -0.019770722027843548 -0.00069489126495868693 0.011245737278511955 -0.00026807546809644686 -0.0029949089315522378 -0.0038470688522047516 0.012681113832499076 -0.0016001930072834609
leaf_weight=95947.30268778652 2344.9178314190358 6184.7502307407558 482.62308133766055 3178.7787346411496 755.23587038367987 703.10205057635903 2324.68698672764 1090.997676871717 630.13110072724521 4107.4745348766446 451.49928886070848 604.49718095734715 1034.4281247463077 3172.4439779352397
leaf_count=480368 12148 30442 2328 17288 3720 3698 13405 6138 3166 21211 2204 3003 5089 16048
internal_value=-4.15404e-05 4.23193e-05 -0.00115618 -0.00239521 -0.0030015 -0.00490307 -0.00794813 -0.0122296 -0.00340898 0.00197996 0.00893987 -0.0165088 -4.13367e-05 0.00193318
internal_weight=123013 120668 24720.6 18535.9 17601.8 12739.1 7829.09 4020.18 3808.91 4862.71 934.122 2929.18 4909.97 4206.87
internal_count=620256 608108 127740 97298 92766 67835 43000 22546 20454 24931 4532 16408 24835 21137
is_linear=0
shrinkage=0.05


Tree=217
num_leaves=15
num_cat=0
split_feature=71 84 71 70 70 71 5 70 71 69 70 58 58 22
split_gain=14.0229 76.3707 106.272 61.0962 75.5747 55.8609 55.8565 48.6957 39.9444 39.3593 38.193 37.704 31.4566 29.9468
threshold=0.029265975579619411 2.5000000000000004 0.034285780042409904 0.00051583698950707923 0.0050036716274917134 0.03842632286250592 0.9376695752143861 0.0096410335972905176 0.027253056876361374 0.027397851459681991 -0.0030069178901612754 0.0010111954179592433 0.0086194775067269819 64.006088256835952
decision_type=2 2 2 2 2 2 2 2 2 8 2 2 2 10
left_child=8 2 3 -2 -5 11 -7 -8 -1 -6 -4 -3 -12 -10
right_child=1 5 10 4 9 6 7 -9 13 -11 12 -13 -14 -15
leaf_value=-0.00010144567174873696 -0.0073257079373805975 0.0074149458466798851 -0.017305180491060813 0.028848595839165006 0.01485224147324158 0.0012557487129390707 0.029014844502012034 0.010096862273438909 -0.019498484220562572 -0.0055315448002062608 -0.0012832449408751367 -0.0055981237110702972 -0.011332597152326939 -0.0017223100307841195
leaf_weight=111208.13342415541 473.07728122547269 1161.0576725546271 626.63227715343237 495.34786235913634 466.98248694092035 724.15621025115252 602.27320054545999 804.32574290037155 453.18685185723007 462.47389491647482 2814.0500689595938 1051.2315126359463 1068.3078442662954 489.38748900592327
leaf_count=562737 2338 5493 3054 2302 2206 3489 2850 3717 2328 2312 14124 5071 5385 2517
internal_value=-2.33765e-05 0.00170084 -0.00176886 0.00812967 0.0132766 0.00681167 0.0125699 0.0183447 -0.000188784 0.00475887 -0.00594403 0.00123405 -0.00407053 -0.010384
internal_weight=122901 10749.9 6406.87 1897.88 1424.8 4343.04 2130.76 1406.6 112151 929.456 4508.99 2212.29 3882.36 942.574
internal_count=619923 52341 31721 9158 6820 20620 10056 6567 567582 4518 22563 10564 19509 4845
is_linear=0
shrinkage=0.05


Tree=218
num_leaves=15
num_cat=0
split_feature=69 58 72 72 69 69 73 72 73 69 72 73 69 72
split_gain=17.2342 61.2114 46.1994 100.868 102.389 98.1186 73.7416 70.6149 49.9308 82.5436 90.0649 79.8806 135.409 91.214
threshold=0.1011449657380581 -0.0031621858943253751 0.0080920867621898668 0.0081565170548856276 0.099554911255836501 0.015508298296481373 0.34461727738380438 0.007961741182953121 0.5741296410560609 0.071823958307504668 0.0045173054095357665 0.60714173316955578 0.04796161130070687 0.0067060368601232776
decision_type=8 2 10 10 10 10 2 10 2 10 10 2 10 10
left_child=2 -2 5 -4 -5 -1 -7 8 9 10 -8 12 -10 -14
right_child=1 -3 3 4 -6 6 7 -9 11 -11 -12 -13 13 -15
leaf_value=0.013929618499983859 0.0025978205443627608 -0.0023236255138356712 -0.023655501486477475 -0.00064177246727453578 0.019993695140327283 -0.010210411870446705 -0.0088732514488813041 0.017671521883555957 0.034297654624525671 -0.0082837765822913294 0.0042186192621813294 0.0013268731348157251 0.00033822159680390636 0.018875764329861232
leaf_weight=1555.8753493223339 8690.2160584460944 23070.899301057681 460.42675540409982 50558.168691677973 598.35816062614322 1365.1357102487236 1682.8784756474197 659.71272711455822 462.09018128365278 3200.0061006061733 5856.8321409616619 21400.047610320151 2333.9576121494174 917.41649101674557
leaf_count=7548 43184 121958 2248 240179 2722 6427 9738 3139 2234 15848 29485 117435 13044 4266
internal_value=2.60084e-05 -0.000976666 0.000375838 -0.00060856 -0.000396547 0.00166419 0.00115683 0.00158451 0.00128366 -0.00156863 0.0012886 0.00250357 0.00926289 0.00561066
internal_weight=122812 31761.1 91050.9 51617 51156.5 39434 37878.1 36512.9 35853.2 10739.7 7539.71 25113.5 3713.46 3251.37
internal_count=619455 165142 454313 245149 242901 209164 201616 195189 192050 55071 39223 136979 19544 17310
is_linear=0
shrinkage=0.05


Tree=219
num_leaves=15
num_cat=0
split_feature=59 72 74 74 69 72 69 73 0 84 69 73 73 74
split_gain=17.4921 60.7148 55.2106 43.4813 28.7646 67.1529 114.573 110.535 90.4817 78.2461 53.0108 66.5224 62.3555 66.5951
threshold=1.5000000000000002 0.021474678069353107 0.027833558619022373 0.0010130195878446104 -0.060190718621015542 0.014742772094905378 0.060513546690344817 0.54043292999267589 0.032625433057546623 2.5000000000000004 -0.12024196237325667 0.44920520484447485 0.33735232055187231 -0.014051598962396382
decision_type=8 10 2 2 8 10 8 2 2 2 10 2 2 2
left_child=1 2 4 -3 10 -6 7 8 9 -7 -1 12 13 -12
right_child=-2 3 -4 -5 5 6 -8 -9 -10 -11 11 -13 -14 -15
leaf_value=0.003251188573581892 0.0011065473769376305 -0.0018358389486721181 0.01664253915181934 -0.022279564645835595 -0.00035329564741479538 0.0410931914437846 -0.01212583039474484 -0.00079621991726963625 0.0054940468572847161 0.012775210531411353 -0.021682293926500562 0.004689834158639123 -0.02683964394147887 -0.00094094679192304647
leaf_weight=1618.5269694868475 27885.740660643205 510.76371859014034 474.9762362819165 524.11335978843272 85204.497280979529 549.04222300462425 660.73771439120173 1220.6718058492988 747.75768159329891 455.40433381870389 557.02137579582632 780.74951710924506 541.5545304082334 1221.9899587016553
leaf_count=7147 129943 2523 2259 2555 443533 2505 3181 6018 3291 2178 2903 3525 2695 5757
internal_value=5.62738e-06 -0.000317382 -0.000184173 -0.0123037 -0.000271368 -6.90777e-05 0.00657822 0.010762 0.0187729 0.0285066 -0.00407074 -0.0078901 -0.0121246 -0.00752011
internal_weight=122954 95067.8 94032.9 1034.88 93558 88838.1 3633.61 2972.88 1752.2 1004.45 4719.84 3101.32 2320.57 1779.01
internal_count=620013 490070 484992 5078 482733 460706 17173 13992 7974 4683 22027 14880 11355 8660
is_linear=0
shrinkage=0.05


Tree=220
num_leaves=15
num_cat=0
split_feature=72 69 68 68 71 53 54 69 74 72 71 68 2 79
split_gain=17.9395 85.5498 37.2358 26.7457 22.405 20.5455 34.0181 21.5052 17.5485 21.608 27.3304 23.7951 22.2528 16.8209
threshold=0.003391561447642744 0.075922116637229933 0.015907374210655693 0.021875415928661827 0.0029451947193592791 -0.023461416363716122 0.45189066231250768 0.11618308350443841 0.010767671745270492 0.0098891700617969053 0.0014462989638559522 0.02715934440493584 0.027109637856483463 0.032916216179728515
decision_type=8 10 10 10 2 10 8 10 2 10 2 10 2 10
left_child=1 2 -1 -4 -5 -2 7 -7 9 10 11 -8 -11 -12
right_child=5 -3 3 4 -6 6 8 -9 -10 12 13 -13 -14 -15
leaf_value=-0.013001412839723409 8.5372751078931317e-05 0.026014468494402504 0.015682120478503092 0.0099243346272363132 -0.003885059923534983 -0.0081879621190837307 0.0015153988771125062 0.0049803477161883287 0.0060467542481014496 -0.015997432352189332 -0.0035895618737843229 0.015545112047017591 -0.0012355030270613781 0.0072176047630130545
leaf_weight=414.76902808435261 110610.95907512307 370.04738867282867 348.41319926083088 412.76697763800621 952.32590490579605 2694.2804000023752 962.3540166746825 343.47618509456515 921.75329064577818 456.13327098079026 3054.6359858810902 432.28814785555005 568.45955566316843 398.57862187363207
leaf_count=2614 545447 2194 1981 2507 5959 19366 5317 2428 4852 2647 17742 2319 2689 2166
internal_value=-2.22581e-05 0.00416286 0.000259587 0.00352634 0.000332332 -0.000109408 -0.00229857 -0.00668758 -0.000329261 -0.00133863 6.11754e-05 0.00594381 -0.0078984 -0.00232493
internal_weight=122941 2498.32 2128.28 1713.51 1365.09 120443 9831.96 3037.76 6794.2 5872.45 4847.86 1394.64 1024.59 3453.21
internal_count=620228 15255 13061 10447 8466 604973 59526 21794 37732 32880 27544 7636 5336 19908
is_linear=0
shrinkage=0.05


Tree=221
num_leaves=15
num_cat=0
split_feature=72 72 71 1 69 68 69 69 71 71 53 71 14 68
split_gain=19.4241 46.7058 44.2315 62.1966 53.5839 42.0619 80.1732 35.7818 39.6631 40.6424 35.4593 32.9725 31.6632 30.3842
threshold=0.0040517377201467761 0.0045173054095357665 0.015194182284176351 0.016248377040028576 0.11273750662803651 0.0093001211062073725 0.0543004758656025 0.054717440158128745 0.0044199428521096715 -0.0010708022746257482 -0.25013291835784907 0.011636662296950819 0.062157340347766883 0.016732051968574527
decision_type=8 10 2 10 8 8 8 10 2 2 10 2 8 10
left_child=2 5 4 -4 7 10 -7 12 9 -9 -2 -10 -1 -11
right_child=1 -3 3 -5 -6 6 -8 8 11 13 -12 -13 -14 -15
leaf_value=0.0036292014376858085 -0.0031460413672569141 3.1149153829841005e-05 0.02200713014728449 -0.0028166961097994734 -0.010071257949800422 0.019719311071467516 -0.0047936688073561932 0.006953941499101131 0.0088191258270881832 -0.016048906232055137 -0.023785508652098449 -0.0049105791354654982 0.022063502095351271 -0.0026328722015867322
leaf_weight=552.49645501375198 369.36811935156584 109517.53419515304 612.14067094027996 421.04976437240839 947.1517324373126 353.14634690061212 4104.3569491058588 699.6137990616262 1843.7424839548767 621.22154101915658 477.09190877526999 565.12175150588155 398.95362921431661 1288.8116406053305
leaf_count=2988 1791 542562 3538 1970 6106 1955 24073 3959 10661 3661 3139 3380 2093 7433
internal_value=-2.53994e-05 -0.00019097 0.00236308 0.0119608 0.000914297 -0.00476878 -0.00281183 0.00267111 0.000976193 -0.00328877 -0.014921 0.00559114 0.011508 -0.00705718
internal_weight=122772 114821 7950.3 1033.19 6917.11 5303.96 4457.5 5969.96 5018.51 2609.65 846.46 2408.86 951.45 1910.03
internal_count=619309 573520 45789 5508 40281 30958 26028 34175 29094 15053 4930 14041 5081 11094
is_linear=0
shrinkage=0.05


Tree=222
num_leaves=15
num_cat=0
split_feature=59 58 69 72 73 69 69 72 73 72 73 69 73 50
split_gain=18.6454 17.9606 15.6247 51.3178 111.571 95.5115 87.9886 76.0319 84.9135 71.9664 60.3127 87.0635 52.3017 77.3031
threshold=7.5000000000000009 0.018683945760130886 0.1011449657380581 0.0068157545756548652 0.61819469928741466 0.12489066645503046 0.12974925339221957 0.0066108887549489745 0.48414604365825659 0.012761422898620369 0.60908615589141857 0.12489066645503046 0.74363458156585704 0.11900874227285387
decision_type=10 2 10 10 2 8 10 10 2 10 2 10 2 2
left_child=2 -2 -1 7 10 9 -7 8 -4 -6 11 -5 13 -10
right_child=1 -3 3 4 5 6 -8 -9 12 -11 -12 -13 -14 -15
leaf_value=0.00032195277960484538 -0.00077250945597757915 -0.014313972285946662 0.0093061853957793882 0.0075859845198066964 -0.011211122565853793 0.020408626309895924 -0.00037657254610890835 -0.017633702660597484 -0.0098045269921615136 0.0096462612851838849 0.023667894699640781 -0.013279405309470178 0.0019234654349833764 0.0023444257689665383
leaf_weight=96860.259893575683 547.77735011279583 434.59214790165424 1346.9864024221897 4094.2586547397077 3227.144794723019 569.02895842120051 4217.1201241128147 875.19251944124699 4756.0910378694534 466.35596701875329 471.48671939224005 560.0513864941895 2582.232111942023 1800.7135181948543
leaf_count=485542 2626 2098 6598 20146 17260 2813 20635 4737 26872 2343 2235 2791 13739 9146
internal_value=-2.1145e-05 -0.00684701 3.44538e-05 -0.0010806 0.000990718 -0.00252915 0.002132 -0.00355978 -0.00236944 -0.00855865 0.00680725 0.00505217 -0.00409859 -0.00646954
internal_weight=122809 982.369 121827 24966.7 13605.4 8479.65 4786.15 11361.2 10486 3693.5 5125.8 4654.31 9139.04 6556.8
internal_count=619581 4724 614857 129315 68223 43051 23448 61092 56355 19603 25172 22937 49757 36018
is_linear=0
shrinkage=0.05


Tree=223
num_leaves=15
num_cat=0
split_feature=22 69 70 74 73 73 69 70 70 68 68 73 68 68
split_gain=18.7658 24.9072 18.0014 49.2577 66.5802 99.9842 80.0059 137.817 99.9819 79.001 123.184 71.9117 122.563 82.9445
threshold=91.833492279052749 -0.060190718621015542 0.01275134924799204 0.0071844139602035293 0.62619060277938854 0.71120622754096996 0.046791307628154762 0.011808764189481737 0.010278460104018452 0.0064889176283031711 0.017205612733960155 0.2501190602779389 -0.010761311277747153 -0.0011384828831069169
decision_type=10 10 2 2 2 2 10 2 2 10 10 2 10 10
left_child=2 -2 3 -1 6 -6 7 11 9 -8 -11 -5 -13 -14
right_child=1 -3 -4 4 5 -7 8 -9 -10 10 -12 12 13 -15
leaf_value=-6.102224331675303e-05 -0.010053824601820711 -0.0012974716452516652 -0.0017737556079554405 0.012441883862031917 -0.0068511186325655882 0.0048652219739841367 0.030932471362824173 0.026649338371548561 -0.00085951588098077958 -0.0027453563352691397 0.020269379189728931 -0.016191585262353054 0.02246273403317145 -0.0028763429573925182
leaf_weight=88875.918239850551 914.3891573138535 6725.9064970519394 10490.205796686932 676.48820045217872 3376.1688386183232 3929.3117877412587 650.96332267485559 455.45200419425964 1323.8502610120922 947.80930564552546 1485.2060602921993 1416.4350476954132 428.49090518243611 1218.9910194762051
leaf_count=449473 4849 36783 50004 2953 17651 20470 3066 1993 6435 4722 7260 6538 2065 5893
internal_value=4.08724e-05 -0.0023572 0.000200004 0.000397751 0.0029591 -0.000551354 0.00593704 0.000989966 0.0106333 0.0155536 0.0113292 -0.00219718 -0.00545933 0.00380982
internal_weight=122916 7640.3 115275 104785 15909.2 7305.48 8603.69 4195.86 4407.83 3083.98 2433.02 3740.41 3063.92 1647.48
internal_count=620155 41632 578523 528519 79046 38121 40925 19442 21483 15048 11982 17449 14496 7958
is_linear=0
shrinkage=0.05


Tree=224
num_leaves=15
num_cat=0
split_feature=74 74 69 69 70 70 74 73 73 73 73 74 69 73
split_gain=16.1643 68.5868 109.233 56.9011 49.5813 49.2015 94.1776 53.2538 153.128 81.1975 154.244 73.6506 83.359 67.389
threshold=0.0022832845570519571 0.0048115402460098275 0.019829462282359604 0.15864480286836627 -0.0015817155945114789 0.0014315135776996615 0.0054191336967051038 0.49850323796272283 0.50994113087654125 0.44426245987415319 0.45423033833503729 0.010163764469325544 0.031009006313979629 0.4204839318990708
decision_type=2 2 8 10 2 2 2 2 2 2 2 2 8 2
left_child=3 2 -2 -1 -3 -6 -7 9 -9 13 -11 -12 -13 -8
right_child=1 4 -4 -5 5 6 7 8 -10 10 11 12 -14 -15
leaf_value=0.00025948049090388371 0.0074336637333282723 0.012344197349687553 -0.0060215141481219344 0.01708897974757817 -0.0083757311551549314 0.010937402066658592 0.0015798160064702704 -0.024917197498806665 -0.0010100353349951723 0.030004132867951623 0.012486903410942787 0.010680005632105482 -0.017059924496296494 -0.011748805392239011
leaf_weight=72285.748836487532 1756.5877428650856 819.55185434967279 10353.728267719969 495.76682929694653 1670.265903595835 1983.8965241089463 8818.3067766334862 682.93242768757045 20096.697072375566 695.79533685930073 1050.1369402296841 444.84326205775142 662.14115021005273 1052.4572105705738
leaf_count=364278 8368 3789 55639 2351 8306 10064 40634 3528 104167 3141 5110 2030 3325 5147
internal_value=-9.92868e-05 -0.000790514 -0.00406533 0.00037645 0.000254573 -1.53269e-05 0.000380418 -0.00024779 -0.00180736 0.00229864 0.00971235 0.00305884 -0.00591678 0.000148217
internal_weight=122869 50087.3 12110.3 72781.5 37977 37157.5 35487.2 33503.3 20779.6 12723.7 2852.92 2157.12 1106.98 9870.76
internal_count=619877 253248 64007 366629 189241 185452 177146 167082 107695 59387 13606 10465 5355 45781
is_linear=0
shrinkage=0.05


Tree=225
num_leaves=15
num_cat=0
split_feature=74 72 73 72 70 74 74 70 70 22 73 71 71 73
split_gain=15.8574 61.3441 117.727 89.1372 37.4318 48.2732 57.6273 57.5974 57.5852 46.5786 54.3972 44.2949 56.7687 60.4202
threshold=0.0071844139602035293 0.0054515500087291011 0.58951714634895336 0.005824470892548562 0.01275134924799204 0.01096113817766309 0.012778390198946001 0.014295978937298061 0.014460922684520485 86.436931610107436 0.19408389180898669 -0.025613646954298016 0.019364750944077972 0.47465904057025915
decision_type=2 10 2 10 2 2 2 2 2 8 2 2 2 2
left_child=-1 2 -2 -3 9 -6 8 -8 -7 10 -5 -9 13 -13
right_child=1 3 -4 4 5 6 7 11 -10 -11 -12 12 -14 -15
leaf_value=-0.00026477190750908211 0.026541612509576724 -0.017828521561677049 0.0022841778591214559 0.020380742876832753 -0.013275696048266407 0.024426503578899937 -0.01272876982210871 -0.012559244615438715 -5.1692910073202602e-05 -0.0045792353232278777 0.0030003116728682072 0.0096211760762405091 -0.004626626280202651 -0.0025951906637086326
leaf_weight=95191.608917556703 653.7972884979099 648.72260445542634 2038.3553175926208 459.05470217764378 788.10645642317832 430.87850715965033 1043.3812284469604 656.73013945296407 527.9297308512032 1979.9099636953324 11467.752161381766 2456.0044626630843 2753.6650921124965 1710.8373343069106
leaf_count=484178 3333 3704 11438 1914 3897 1999 5140 3120 2576 10114 55638 11086 13246 8343
internal_value=4.12654e-05 0.00109592 0.00825159 0.000319967 0.000812123 -0.00146109 -0.000476258 -0.00177373 0.0110871 0.00250664 0.00368579 -0.000250435 0.000934061 0.00461113
internal_weight=122807 27615.1 2692.15 24923 24274.2 10367.5 9579.43 8620.62 958.808 13906.7 11926.8 7577.24 6920.51 4166.84
internal_count=619726 135548 14771 120777 117073 49407 45510 40935 4575 67666 57552 35795 32675 19429
is_linear=0
shrinkage=0.05


Tree=226
num_leaves=15
num_cat=0
split_feature=27 62 69 72 69 69 26 21 69 13 74 73 6 74
split_gain=13.9816 19.9818 22.3746 19.7344 20.0959 31.6267 21.1802 20.0785 26.4763 16.6101 15.7702 25.1967 40.1866 25.4858
threshold=0.55168762803077709 1.0000000180025095e-35 0.020825006999075416 0.0087519907392561453 0.08398406952619554 0.093763429671525969 0.261140987277031 71.724689483642592 0.10902005061507226 0.15902742743492129 -0.031177265569567677 0.063547253608703627 0.65074029564857494 -0.028786783106625077
decision_type=2 2 8 8 8 8 8 8 8 8 2 2 10 2
left_child=3 9 -3 4 6 -6 -1 8 -7 10 -2 12 -12 -13
right_child=1 2 -4 -5 5 7 -8 -9 -10 -11 11 13 -14 -15
leaf_value=-0.002219081042459986 -0.0049364525509103347 -0.011010648369982435 0.00046471973033960503 0.00081089867863102377 -0.016684701964596545 0.0085937176601222961 0.0083180683894384395 -0.009868487659503631 -0.0044189474117801676 -0.0091112733255281683 0.012595390005263028 0.011528238822819767 -0.0039851205879297613 0.0003820294700498565
leaf_weight=3003.4869981762022 1325.3457011599094 805.90008104592562 884.49298771470785 5516.1789016481489 559.69023868255317 526.15991967171431 556.59325691312551 907.02239459194243 1433.4682022221386 444.85510055348277 1027.0090832263231 505.37994967773557 558.27400943264365 104763.92637474276
leaf_count=15935 6956 3802 4116 26197 3015 2622 2741 5000 7391 2327 4466 2374 2469 530315
internal_value=0.000159916 0.00033955 -0.00503878 -0.00142407 -0.00318734 -0.00591494 -0.000552988 -0.00376154 -0.000899156 0.000423703 0.000463751 0.000531187 0.00676801 0.00043663
internal_weight=122818 110315 1690.39 12502.6 6986.42 3426.34 3560.08 2866.65 1959.63 108625 108180 106855 1585.28 105269
internal_count=619726 556825 7918 62901 36704 18028 18676 15013 10013 548907 546580 539624 6935 532689
is_linear=0
shrinkage=0.05


Tree=227
num_leaves=15
num_cat=0
split_feature=73 73 73 69 69 69 69 73 54 69 69 69 73 73
split_gain=14.2716 130.087 79.0958 131.795 85.329 66.3294 57.6332 68.2318 64.6198 54.0774 47.9949 191.516 80.6652 55.7264
threshold=0.42794576287269598 0.42330278456211096 0.46036471426486975 0.039528355002403266 0.045433614403009422 0.072246141731739058 -0.082962457090616212 0.50754529237747203 0.56938990950584423 -0.05704184249043464 0.04022012650966645 0.051753666251897819 0.30328534543514257 0.35068200528621679
decision_type=2 2 2 8 8 8 8 2 8 8 8 8 2 2
left_child=1 10 3 -2 -5 -6 -4 8 -8 -9 13 12 -12 -1
right_child=2 -3 6 4 5 -7 7 9 -10 -11 11 -13 -14 -15
leaf_value=-0.00055869809273879337 0.016031397343798288 -0.025787113428404479 0.018508583622441035 -0.014845222189818506 0.015078988095077732 -0.0008989734608580264 -0.0076163346898084254 -0.013064374868315255 0.0013139841736277372 0.00038872219265012874 0.034406337506956035 -0.00067679870406801628 0.010026337149784518 -0.0067973096941718368
leaf_weight=16961.110543049872 2056.2122220974416 509.91957979090512 402.56661801785231 735.4026316255331 929.17358124628663 2102.8640483915806 5608.9332791231573 744.44415991380811 3163.583304386586 75563.215663138777 524.96670739725232 8013.2137965708971 963.04415212385356 4527.7693315185606
leaf_count=78916 9686 2568 1753 3581 4351 10225 28616 3325 15284 395284 2142 37393 4599 21989
internal_value=-6.63539e-05 -0.000983857 0.000250251 0.00588327 0.000316805 0.00403098 -0.000134151 -0.000224526 -0.00439801 0.000255781 -0.000567551 0.00239004 0.0187998 -0.00187574
internal_weight=122806 31500 91306.4 5823.65 3767.44 3032.04 85482.7 85080.2 8772.52 76307.7 30990.1 9501.22 1488.01 21488.9
internal_count=619712 147607 472105 27843 18157 14576 444262 442509 43900 398609 145039 44134 6741 100905
is_linear=0
shrinkage=0.05


Tree=228
num_leaves=15
num_cat=0
split_feature=8 2 12 59 79 68 68 70 12 74 70 4 54 70
split_gain=15.1329 26.2004 26.4746 20.6111 25.0828 23.5602 55.017 37.1783 39.1616 28.0767 76.7735 23.398 22.5643 43.2624
threshold=1.0000000180025095e-35 0.019721105694770816 0.25098386406898504 1.5000000000000002 0.29889903962612158 0.055717740207910545 0.050770904868841178 0.0045341765508055696 -0.023621631786227223 0.0057091896887868651 0.0029597631655633454 0.15833333879709247 0.68789124488830578 0.016361031681299213
decision_type=2 2 8 8 10 10 10 2 8 2 2 10 8 2
left_child=3 2 -2 5 -5 6 12 11 -9 10 -8 -7 -1 -14
right_child=1 -3 -4 4 -6 7 9 8 -10 -11 -12 -13 13 -15
leaf_value=-0.0010957094053033669 0.0062032446503834278 0.00012971705592474387 -0.0059833880001434123 0.0020512623872707691 -0.0014222179727630976 -0.013748430486631286 0.0024172482213532308 0.014544203872530423 -0.0041813732310981956 0.0010392022125636209 0.028670463746347904 -0.00091238116519457523 0.00042516228943800458 0.013730804645585038
leaf_weight=57447.030882177874 3861.6865002382547 9529.3317835852504 495.61323879100382 18604.786455946043 7202.5698953643441 1154.2921376042068 709.00695320591331 387.02558482810855 931.51678808778524 905.26171355322003 450.80094589665532 512.92052233964205 20019.067045891657 620.1735608279705
leaf_count=296970 24865 44660 3673 87253 33125 6890 3473 1961 5186 4611 2241 2534 99663 2767
internal_value=4.57594e-05 0.00159961 0.00480657 -0.000152431 0.00108167 -0.000535605 -0.000372839 -0.00488915 0.00138316 0.00766265 0.0127794 -0.00982839 -0.0005863 0.00083143
internal_weight=122831 13886.6 4357.3 108944 25807.4 83137.1 80151.3 2985.76 1318.54 2065.07 1159.81 1667.21 78086.3 20639.2
internal_count=619872 73198 28538 546674 120378 426296 409725 16571 7147 10325 5714 9424 399400 102430
is_linear=0
shrinkage=0.05


Tree=229
num_leaves=15
num_cat=0
split_feature=73 73 69 72 69 69 72 73 72 72 69 69 69 64
split_gain=14.0642 45.884 60.3935 44.5842 77.7395 132.903 68.8048 65.1389 49.6091 46.765 48.9053 83.5247 47.9411 46.4881
threshold=0.78125637769699108 0.72511178255081188 0.15251108258962634 0.0058709785807877788 0.075922116637229933 0.12489066645503046 0.0068440143950283536 0.85966211557388317 0.0070314840413630017 0.016111821867525581 0.04022012650966645 0.0023779070470482115 -0.012004304677247999 -0.010212320368736981
decision_type=2 2 8 10 10 10 10 2 10 10 8 10 10 2
left_child=1 -1 -3 4 -2 -6 7 13 -8 10 11 12 -10 -5
right_child=3 2 -4 6 5 -7 8 -9 9 -11 -12 -13 -14 -15
leaf_value=0.00017804111373233565 -0.019124627506172161 -0.0023232047068571541 -0.01758979211030957 0.027952147447730315 0.012138323996431661 -0.016375839861673454 -0.014344964435515049 -0.0014710505082452272 0.010815853699993012 -0.0082998130587267661 0.00018138747566889978 0.025590422798113785 -0.010499456573976424 0.0099498244797907986
leaf_weight=102589.93042257056 634.20762043073773 8884.9961509052664 689.28206110745668 560.75672243535519 1059.2707171775401 651.48574418947101 495.04970307275653 738.74008864350617 662.13040919788182 908.81895308382809 2981.0766804777086 601.85534182935953 424.56986123323441 1017.5663811117411
leaf_count=512210 3744 48175 4066 2672 5811 3654 2505 4357 3090 4777 14807 2904 2388 5088
internal_value=3.4506e-05 -0.000131029 -0.0034395 0.00176252 -0.00432001 0.00124757 0.00346556 0.010776 0.000663459 0.00201864 0.0040403 0.0108119 0.00246824 0.0164815
internal_weight=122900 112164 9574.28 10735.5 2344.96 1710.76 8390.56 2317.06 6073.5 5578.45 4669.63 1688.56 1086.7 1578.32
internal_count=620248 564451 52241 55797 13209 9465 42588 12117 30471 27966 23189 8382 5478 7760
is_linear=0
shrinkage=0.05


Tree=230
num_leaves=15
num_cat=0
split_feature=0 69 24 19 84 68 69 68 58 0 17 69 69 4
split_gain=14.9803 21.9167 22.7945 14.8164 18.4591 23.8012 81.5085 38.2474 37.3044 35.8877 28.6418 23.173 21.3631 20.9042
threshold=0.012092667631804945 0.043331811204552657 0.0037106426898390059 -0.0076824559364467851 2.5000000000000004 -0.013966090977191923 0.028777753002941612 0.018250810913741592 0.013874052092432978 0.029102357104420665 63.047199249267585 0.016610891558229927 1.0000000180025095e-35 0.34166666865348821
decision_type=2 10 2 10 2 8 8 10 2 2 10 10 10 8
left_child=1 -1 -3 4 5 6 12 9 11 -7 13 -9 -2 -11
right_child=3 2 -4 -5 -6 7 -8 8 -10 10 -12 -13 -14 -15
leaf_value=-0.020637136690828034 0.0012501984619979485 -0.010946954122043983 0.0061957403784961796 0.00026703889696231832 -0.0030990264289111002 -0.014617737056127881 0.017192417341527003 0.014124650012445714 -0.010460096259775406 -0.0018528541631896206 0.0082282585401935587 0.0019575103846748926 -0.010342492247856772 -0.012150061457600633
leaf_weight=197.44762963056564 2547.7925491444767 371.45029566623271 385.13294249773026 102080.97881541774 7900.9925375282764 797.80231349170208 814.24560395628214 432.97964911162853 549.11008021235466 1642.9741320610046 489.85013110935688 3403.3848834298551 460.54400712251663 696.96930858492851
leaf_count=2739 11702 4711 4535 515807 36789 3917 3542 1984 2626 7412 2217 16315 2163 3150
internal_value=-2.45831e-05 -0.00623289 -0.00225361 2.45457e-05 -0.00122917 2.06373e-05 0.00326201 -0.00152778 0.0016131 -0.00531884 -0.00265496 0.00336387 -0.000552904 -0.0049586
internal_weight=122772 954.031 756.583 121818 19736.6 11835.7 3822.58 8013.07 4385.47 3627.6 2829.79 3836.36 3008.34 2339.94
internal_count=619609 11985 9246 607624 91817 55028 17407 37621 20925 16696 12779 18299 13865 10562
is_linear=0
shrinkage=0.05


Tree=231
num_leaves=15
num_cat=0
split_feature=3 72 72 72 68 13 72 68 73 72 68 74 74 68
split_gain=15.3218 40.2436 28.8503 65.2475 53.2388 52.4022 47.4561 151.752 96.8302 87.7986 78.0793 133.744 54.3854 51.1433
threshold=1.0000000180025095e-35 0.015816953964531425 0.012143131811171772 0.013089691288769247 0.077983114868402495 -0.019222888164222237 0.014212233014404775 -0.0059690875932574263 0.53433552384376537 0.013693704269826414 -0.039554694667458527 -0.0059043532237410537 0.0091229546815156954 0.050416177138686187
decision_type=2 10 10 10 8 10 10 8 2 10 10 2 2 8
left_child=1 -1 4 5 -2 -4 7 10 -9 -10 -5 -12 -13 -8
right_child=2 -3 3 6 -6 -7 13 8 9 -11 11 12 -14 -15
leaf_value=0.00120562084206528 -0.00078763198777218209 -0.0085301759247026713 0.015685928585297024 -0.00028051246412980248 -0.016113807951684076 0.0034032812565559208 0.0021625571540693812 0.018089740770975204 -0.016589841481826902 0.0072804282524479048 0.0010834399045789925 -0.035197406308195435 -0.012622073580643659 -0.0071196289577979454
leaf_weight=33469.653628267348 61692.197119951248 1086.2809882611036 1124.5807567387819 894.41785853356123 561.92066980153322 3738.6799986213446 14288.756051838398 864.27671103924513 649.91232793033123 916.17899408936501 599.16183471307158 810.67588376253843 418.8935039639473 1646.0369956791401
leaf_count=195770 295442 5743 4945 4136 2923 17174 65462 3774 3049 4298 2781 3912 1981 8085
internal_value=4.90185e-06 0.000897193 -0.000344729 0.00105556 -0.000928536 0.00626988 -0.00014934 -0.00431534 0.00475772 -0.0026679 -0.0124007 -0.0182948 -0.0276702 0.00119986
internal_weight=122762 34555.9 88205.7 25951.6 62254.1 4863.26 21088.3 5153.52 2430.37 1566.09 2723.15 1828.73 1229.57 15934.8
internal_count=619475 201513 417962 119597 298365 22119 97478 23931 11121 7347 12810 8674 5893 73547
is_linear=0
shrinkage=0.05


Tree=232
num_leaves=15
num_cat=0
split_feature=68 68 69 68 69 69 3 72 72 69 84 72 69 68
split_gain=17.4568 43.2998 78.8038 100.641 55.1555 40.3093 40.567 36.6305 110.637 97.6286 116.687 94.1439 184.038 124.789
threshold=0.012093733064830305 0.010337713174521925 0.049963893368840225 0.010974097531288864 0.062973409891128554 0.099554911255836501 0.12500000372529033 0.011327308136969806 0.013089691288769247 -0.078645620495080934 3.5000000000000004 0.014212233014404775 0.045433614403009422 -0.039554694667458527
decision_type=10 10 8 10 10 10 2 10 10 10 2 10 8 10
left_child=1 5 -3 -4 -5 7 -7 -1 9 -9 -11 12 13 -10
right_child=-2 2 3 4 -6 6 -8 8 11 10 -12 -13 -14 -15
leaf_value=-0.0019983547326532592 0.0005166523898070325 0.0075451826604896414 -0.026916376215351701 -0.017115041804661228 0.0064745153606694875 0.020215530127961095 -0.00028671903431859593 0.022177672210358851 -0.00073658705733516225 0.00063265941365109768 0.022171521878964769 0.0010041640767049942 0.0076746123169194255 -0.021295268361218617
leaf_weight=22991.921179641038 72607.412547441199 650.06777364574373 721.61126719601452 392.84497683681548 634.62612157128751 462.51443109661341 492.45259895920753 877.97808520123363 1154.4665708728135 3934.307384043932 738.56924192979932 13710.721737023443 1423.2742302455008 2040.3167337942868
leaf_count=113317 379031 3231 3926 2287 3309 2176 2179 3800 5451 17996 3246 63572 6497 10003
internal_value=2.09249e-05 -0.000695671 -0.00723619 -0.0127415 -0.00262279 -0.000366131 0.00974963 -0.000574266 0.000797145 0.00697476 0.00407705 -0.00107652 -0.00724277 -0.0138917
internal_weight=122833 50225.7 2399.15 1749.08 1027.47 47826.5 954.967 46871.6 23879.6 5550.85 4672.88 18328.8 4618.06 3194.78
internal_count=620021 240990 12753 9522 5596 228237 4355 223882 110565 25042 21242 85523 21951 15454
is_linear=0
shrinkage=0.05


Tree=233
num_leaves=15
num_cat=0
split_feature=59 69 69 74 74 68 69 69 69 68 74 74 73 73
split_gain=16.2446 28.5916 78.7426 36.0308 50.5365 44.6167 28.0243 56.4591 61.7123 49.1307 48.668 47.1989 44.4951 42.7819
threshold=1.0000000180025095e-35 -0.1383535638451576 -0.09301410615444182 -0.024679644964635369 -0.019179445691406723 -0.025394651107490059 -0.010585022158920763 0.0083855912089347857 0.01204727264121175 0.036657065153121955 -0.019179445691406723 -0.014523303136229513 0.90521198511123668 0.25739786028862005
decision_type=8 8 8 2 2 10 8 8 8 10 2 2 2 2
left_child=1 -1 -3 5 -5 -4 13 9 -9 -8 -10 -12 -13 -2
right_child=6 2 3 4 -6 -7 7 8 10 -11 11 12 -14 -15
leaf_value=0.011544180326869255 -0.0012319561382251151 -0.011798333088202906 0.019112541573237354 -0.011409599697857903 -0.00029492031725200603 -0.0013513343701101511 -0.0032943198427703292 0.013910373551997658 -0.010304554835772955 -0.019754480725889138 0.010999872462249951 3.242157873758711e-05 0.016255617157785261 0.0048309547466029732
leaf_weight=478.99731047451496 4469.7030884511769 1520.8752993624657 518.22543631866574 1029.8106709364802 62233.983575619757 534.78758934512734 1895.5732235610485 829.35772033035755 1060.8564323782921 588.19561010599136 1031.7213558852673 37918.966423362494 417.4130774512887 8308.0001877471805
leaf_count=2033 20625 7326 2599 5217 331864 2710 8746 3809 5153 3174 4600 182756 1980 37404
internal_value=2.90601e-05 -0.000501729 -0.000591108 -0.000324302 -0.00047762 0.00880473 0.000651832 4.98914e-05 0.000491357 -0.00725593 0.000212708 0.000498663 0.000213256 0.00271081
internal_weight=122836 66316.7 65837.7 64316.8 63263.8 1053.01 56519.8 43742.1 41258.3 2483.77 40429 39368.1 38336.4 12777.7
internal_count=619996 351749 349716 342390 337081 5309 268247 210218 198298 11920 194489 189336 184736 58029
is_linear=0
shrinkage=0.05


Tree=234
num_leaves=15
num_cat=0
split_feature=10 5 69 57 69 72 72 73 70 69 70 72 72 69
split_gain=23.9122 21.268 19.2455 48.7866 18.4381 72.502 69.3964 105.595 68.3177 34.4212 57.5307 50.6749 64.6679 49.154
threshold=-0.10947465151548384 0.71594694256782543 -0.1383535638451576 0.057207949459552772 -0.09301410615444182 0.020338352769613269 0.015647837892174724 0.12987624853849414 -0.0089121768251061422 -0.078645620495080934 0.025992065668106083 0.020338352769613269 0.016391023062169555 -0.060190718621015542
decision_type=2 2 8 10 8 10 10 2 2 8 2 10 10 8
left_child=-1 -2 3 -3 5 6 -4 -8 -9 11 13 12 -6 -11
right_child=1 2 4 -5 9 -7 7 8 -10 10 -12 -13 -14 -15
leaf_value=-0.0031511883775341941 -0.0094619185201561522 0.018254027423185031 0.0062945204144427645 -0.0028627976840569259 0.0019716132041591459 0.009532250013880042 0.0061299911173650877 -0.037465250366940969 -0.012415938699856743 -0.0068262696318180651 -0.014702461112221949 -0.0057940415326210304 0.026764918082289247 0.00037274768907647631
leaf_weight=5784.500356324017 563.95981666631997 492.3980300500989 619.96505877003074 595.30978171527386 555.24949315562844 775.60036420077085 503.66010320931673 407.53073114529252 831.75748776085675 2414.5007387883961 640.20425917953253 474.90413041040301 492.65291303768754 107690.07262213901
leaf_count=26765 3802 2058 2710 2537 2577 3628 2255 2166 3929 11394 3263 2215 2159 548685
internal_value=-1.58768e-05 0.000139313 0.000186602 0.00677585 0.000123916 -0.00364982 -0.00799862 -0.0130896 -0.0208872 0.000229729 0.000126722 0.00767113 0.0137706 0.000214274
internal_weight=122842 117058 116494 1087.71 115406 3138.51 2362.91 1742.95 1239.29 112268 110745 1522.81 1047.9 110105
internal_count=620143 593378 589576 4595 584981 14688 11060 8350 6095 570293 563342 6951 4736 560079
is_linear=0
shrinkage=0.05


Tree=235
num_leaves=15
num_cat=0
split_feature=72 69 68 68 13 72 7 69 69 68 68 72 54 72
split_gain=13.5616 64.6213 33.3304 27.5554 16.2508 14.0785 50.9265 40.0216 60.003 35.2578 39.7124 37.3885 31.5458 26.1513
threshold=0.003391561447642744 0.075922116637229933 0.015907374210655693 0.021875415928661827 -0.0064115116838365785 0.0045173054095357665 0.071011170744895949 0.052512809634208686 0.088832098990678801 0.033376039937138564 0.028900241479277614 0.0041028575506061324 0.9360627830028535 0.0054202263709157714
decision_type=8 10 10 10 8 10 2 8 10 10 10 10 8 10
left_child=1 2 -1 -4 -5 6 7 -2 9 10 11 -9 -8 -7
right_child=5 -3 3 4 -6 13 12 8 -10 -11 -12 -13 -14 -15
leaf_value=-0.01259981664798087 0.017988455358732124 0.022476047211917313 0.015582732071526967 0.0095638699898503241 -0.0030536859324611252 0.0024656749849521313 -0.0057665505193615586 0.00261433455024704 0.01454059945425505 -0.018879996122294278 0.016162542774836686 -0.014613332568243754 0.0016061485478324209 -0.0001910270859317208
leaf_weight=401.75439686328173 412.80428622663021 374.06322495266795 347.95472125336528 326.77593500912189 1043.3986896015704 10204.795535767451 5885.4266888685524 831.09066151641309 636.22642412036657 288.10302119329572 293.42668631859124 494.73477556370199 1919.5434540100396 99392.862171228975
leaf_count=2563 2525 2190 1970 1805 6672 56088 31922 5635 4033 2014 2106 3675 9711 487251
internal_value=-3.72127e-05 0.0036048 0.000184994 0.00323011 2.99419e-06 -0.000112972 -0.00183784 0.0037423 0.00136887 -0.00307768 -0.00016745 -0.00387548 -0.00395358 5.65447e-05
internal_weight=122853 2493.95 2119.88 1718.13 1370.17 120359 10761.4 2956.39 2543.58 1907.36 1619.25 1325.83 7804.97 109598
internal_count=620160 15200 13010 10447 8477 604960 61621 19988 17463 13430 11416 9310 41633 543339
is_linear=0
shrinkage=0.05


Tree=236
num_leaves=15
num_cat=0
split_feature=68 71 73 68 73 71 71 72 73 72 73 69 59 69
split_gain=15.7113 130.181 111.75 155.063 76.9648 108.024 129.707 130.65 95.2662 84.4834 168.512 140.718 99.7457 96.1817
threshold=0.012093733064830305 -0.0083502870984375459 0.54551473259925853 -0.0024404488503932949 0.42794576287269598 0.013157180976122619 0.045195298269391067 0.010379045736044647 0.4204839318990708 0.0085177668370306509 0.45145443081855779 0.076704110950231566 1.5000000000000002 0.017466545104980472
decision_type=10 2 2 10 2 2 2 10 2 10 2 10 8 8
left_child=2 -2 4 -4 8 9 7 -7 -1 -6 13 12 -12 -11
right_child=1 -3 3 -5 5 6 -8 -9 -10 10 11 -13 -14 -15
leaf_value=-0.0006966829480142962 0.007185623953201695 -9.8246525090004973e-05 0.02299235077876681 -0.0088452196065379411 0.0056689038191335946 0.0014569358804745784 -0.011668965873682657 0.024730567959122485 -0.019428089191493757 0.027125598193558139 -0.01455107132551824 0.014806740062932675 0.0046261458258991172 -0.00037459676004628447
leaf_weight=28807.548223778605 6753.1931210458279 65965.352702269331 399.42742263525724 5899.601799858734 5280.2596473693848 959.46001940406859 494.146439621225 1619.1028912849724 685.20755723118782 617.33812297508121 3292.1915753502399 617.26879161968827 848.10480775684118 644.16079974919558
leaf_count=134857 31864 347561 1740 30555 27149 4674 2479 7387 3388 2779 16218 2873 3786 3066
internal_value=0.000109541 0.000579084 -0.000571097 -0.00679313 0.000323737 0.0033227 0.0116191 0.0161097 -0.00113831 0.00105833 -0.00298903 -0.00729783 -0.0106211 0.0131906
internal_weight=122882 72718.5 50163.8 6299.03 43864.8 14372 3072.71 2578.56 29492.8 11299.3 6019.06 4757.57 4140.3 1261.5
internal_count=620376 379425 240951 32295 208656 70411 14540 12061 138245 55871 28722 22877 20004 5845
is_linear=0
shrinkage=0.05


Tree=237
num_leaves=15
num_cat=0
split_feature=54 68 68 74 70 68 68 71 71 73 74 68 72 73
split_gain=19.4396 45.0441 45.3415 57.6231 87.3654 38.9509 86.1697 62.7721 44.3644 74.7377 40.804 73.6657 46.6791 80.5661
threshold=0.30002258718013769 0.064782563596963896 0.049752205610275275 0.0058923510368913421 -0.0010734670795500276 0.038458131253719337 0.040790459141135223 0.0091969096101820486 -0.03858648054301738 0.10715022310614587 0.019536812789738182 -0.015869936905801293 0.018204551190137867 0.33967128396034246
decision_type=8 10 10 2 2 10 10 2 2 2 2 10 10 2
left_child=1 2 5 4 -4 8 -7 -8 -1 -10 12 -12 -11 -14
right_child=-2 -3 3 -5 -6 6 7 -9 9 10 11 -13 13 -15
leaf_value=-0.0059521397918826111 0.00050963561202764485 -0.013301195789430873 -0.0059213589091665301 -0.0044268748141887658 0.019656982817130485 -0.017068273758901662 0.0062537377041833155 -0.0073597793651759905 0.01989534565179164 -0.0003470708847155963 -0.014570161324061651 0.0071965840256446078 0.00063331063762014819 0.019727335479242436
leaf_weight=3354.125749764964 74625.677184835076 697.64946444146335 477.14826553501189 837.18096577376127 1072.3982551340014 1154.1209980137646 1515.3656362723559 1893.8617175705731 458.17121577262878 32319.935884248465 1200.6780464090407 565.15333499386907 1748.5043256469071 798.10762753896415
leaf_count=16230 373942 3971 2513 4374 5618 6544 7692 10110 1969 166621 5784 2588 8020 3500
internal_value=4.47013e-06 -0.000779345 -0.000592257 0.00610906 0.0117932 -0.000948899 -0.00532264 -0.00130812 -0.000454218 4.44334e-05 -0.000209209 -0.00760243 0.000167296 0.00667113
internal_weight=122718 48092.4 47394.8 2386.73 1549.55 45008 4563.35 3409.23 40444.7 37090.6 36632.4 1765.83 34866.5 2546.61
internal_count=619476 245534 241563 12505 8131 229058 24346 17802 204712 188482 186513 8372 178141 11520
is_linear=0
shrinkage=0.05


Tree=238
num_leaves=15
num_cat=0
split_feature=69 69 68 71 72 71 71 58 71 70 68 70 71 70
split_gain=16.1168 68.172 82.6323 60.3369 59.2034 47.1158 45.7668 44.8506 54.1575 54.8552 53.0363 53.9456 49.4562 62.3406
threshold=0.098293159157037749 0.093763429671525969 0.022135931998491291 0.043797345831990249 0.0094976602122187632 -0.016997806727886196 -0.014376746024936436 -0.0023833046434447165 0.012440281920135023 -0.00065787375206127752 0.039050797000527389 -0.00090151707991026331 0.0050644765142351398 0.00017975435184780511
decision_type=8 10 10 2 10 2 2 2 2 2 8 2 2 2
left_child=1 -1 4 5 -3 -2 -7 8 12 -10 -9 -12 13 -8
right_child=3 2 -4 -5 -6 6 7 10 9 -11 11 -13 -14 -15
leaf_value=0.00011462509801313337 0.0068145872102655025 -0.011887431181553816 0.013648657703534085 0.012788477850019195 0.0091999072520606226 -0.018239765709786877 -0.0022670777271945985 -0.0047298599323460106 0.016703931758438661 0.002471194582169248 0.007881319225886349 -0.0016754767435644014 -0.0071514588365140632 0.011013312353530536
leaf_weight=84891.612623196095 1728.6444622911513 725.60666724294424 2040.6552902907133 778.68692607060075 598.3280126452446 399.85916764289141 2699.3152374774218 12870.140976944938 950.7353317476809 2307.4430256411433 1837.4000787381083 7347.6102085970342 2270.5539217591286 1301.925241574645
leaf_count=424351 7890 3502 10162 3835 2722 1947 13578 69658 4530 11609 9133 38400 11843 6550
internal_value=3.3516e-05 0.000391686 0.00736113 -0.000882789 -0.00235987 -0.00120225 -0.00163752 -0.00142164 0.00144361 0.00666271 -0.0026598 0.000242789 -0.00127398 0.00207078
internal_weight=122749 88256.2 3364.59 34492.3 1323.93 33713.6 31985 31585.1 9529.97 3258.18 22055.2 9185.01 6271.79 4001.24
internal_count=619710 440737 16386 178973 6224 175138 167248 165301 48110 16139 117191 47533 31971 20128
is_linear=0
shrinkage=0.05


Tree=239
num_leaves=15
num_cat=0
split_feature=19 59 71 68 68 71 72 70 12 73 22 69 69 71
split_gain=21.4022 21.709 33.5296 64.5047 56.0074 44.7496 36.241 32.8881 32.6807 31.9058 27.5337 34.2854 33.4373 59.2621
threshold=-0.0076824559364467851 1.5000000000000002 0.034285780042409904 0.018779916688799862 0.077983114868402495 0.043797345831990249 0.018433386459946636 -0.00084989535389468063 -0.17660897970199582 0.26221519708633428 38.030366897583015 -0.060190718621015542 -0.015680044423788782 0.025505204685032371
decision_type=10 10 2 8 10 2 10 2 8 2 8 10 10 2
left_child=-1 10 4 8 6 -5 -3 -8 -4 -9 -2 -12 13 -13
right_child=1 2 3 5 -6 -7 7 9 -10 -11 11 12 -14 -15
leaf_value=-0.0016804801373428207 0.0012058799913281682 0.0010758866670625177 -0.0059425518203823288 -0.021335434927435549 0.019073363296765511 -0.0031391515891518642 0.016544563835040906 -0.0067668387367220226 0.0090066980718857426 0.0095535965806033563 -0.0044173682047521376 0.007752144507208349 -0.00074770850571984136 -0.0097254488786487747
leaf_weight=19682.990818558261 23040.574488831684 16395.554308503866 570.8668599575758 608.43280556797981 474.58275281637907 753.87915683537722 734.34753399342299 481.46879670023918 980.42115508764982 759.06356471776962 5983.9463309980929 2608.0766992066056 49091.450910551473 586.30180967971683
leaf_count=91796 117207 76710 2702 3001 2216 3774 3193 2112 4544 3310 31516 12185 262820 2828
internal_value=-0.000170136 0.000118428 0.0015208 -0.00346281 0.00229274 -0.0113622 0.00184909 0.00823049 0.00350262 0.00321594 -0.000256989 -0.000835532 -0.000424836 0.00452394
internal_weight=122752 103069 21758.6 2913.6 18845 1362.31 18370.4 1974.88 1551.29 1240.53 81310.4 58269.8 52285.8 3194.38
internal_count=619914 528118 101562 14021 87541 6775 85325 8615 7246 5422 426556 309349 277833 15013
is_linear=0
shrinkage=0.05


Tree=240
num_leaves=15
num_cat=0
split_feature=57 27 74 74 74 74 10 63 74 70 70 74 70 70
split_gain=19.5452 27.9138 26.6288 41.7543 21.5021 45.2719 35.3226 33.2956 27.61 95.1706 99.0006 70.5117 72.5585 68.8666
threshold=0.10607155412435533 0.34912228584289556 -0.013496683910489081 -0.01112646935507655 -0.019179445691406723 -0.023091642186045643 0.011081267613917591 0.18131967633962634 -0.0099405101500451547 -0.0080563211813569052 -0.011087638791650532 -0.0092260362580418569 -0.0066560849081724873 -0.0080563211813569052
decision_type=8 2 2 2 2 2 2 10 2 2 2 2 2 2
left_child=1 -1 -2 -4 5 -3 7 -7 9 10 -6 12 13 -10
right_child=2 4 3 -5 8 6 -8 -9 11 -11 -12 -13 -14 -15
leaf_value=-0.006462319732215724 0.0025489077322628155 0.0010125624212255653 -0.017843032363997067 -0.0025000920632220801 0.0031721444391870713 -0.014755822089207083 -0.022071679117536734 0.0023891563149482952 -0.016644839688651936 0.010841681655528566 -0.011025671705336587 0.00031401951505957476 -0.02746694361335791 0.011417326530186199
leaf_weight=1549.6013771258295 2461.5579403191805 2358.6411519944668 459.61950601451099 8096.3977457210422 5148.0798036381602 499.37076012045145 425.25644221901894 632.38796724192798 430.26615952700377 2729.6238697785884 1601.3978400118649 95451.009246343747 446.16164357587695 424.65853801742196
leaf_count=7967 11676 11750 2132 38243 24167 2484 2222 3055 2084 12853 7834 488850 2288 1960
internal_value=-1.82166e-05 0.000180032 -0.00202641 -0.00334417 0.000274059 -0.00335991 -0.00994774 -0.00523878 0.00040831 0.00298211 -0.000207793 0.000155864 -0.0113607 -0.00273494
internal_weight=122714 111696 11017.6 8556.02 110147 3915.66 1557.02 1131.76 106231 9479.1 6749.48 96752.1 1301.09 854.925
internal_count=619565 567514 52051 40375 559547 19511 7761 5539 540036 44854 32001 495182 6332 4044
is_linear=0
shrinkage=0.05


Tree=241
num_leaves=15
num_cat=0
split_feature=71 68 69 71 73 68 73 69 71 70 69 74 69 70
split_gain=17.9313 62.8303 80.8023 80.6536 110.495 129.261 95.5057 73.4765 119.853 93.3766 119.218 79.3819 78.3975 72.298
threshold=-0.012753691989928482 0.016732051968574527 0.098625801503658309 -0.018332001753151413 0.41117982566356664 -0.033042609691619866 0.46036471426486975 -0.042247124016284936 -0.02844300307333469 -0.00028305046726018185 -0.067468378692865358 -0.01112646935507655 -0.063160825520753847 -0.0019094167510047553
decision_type=2 10 8 2 2 10 2 8 2 2 10 2 10 2
left_child=1 3 -3 7 5 -5 -6 8 9 10 11 -1 -10 -8
right_child=-2 2 -4 4 6 -7 13 -9 12 -11 -12 -13 -14 -15
leaf_value=-0.0070734868182260827 0.00019188980174399351 0.010321035890024673 -0.0092512707239413242 0.0028453290644166983 0.018084509241217288 -0.025454026138861746 -0.013200137504478066 0.0014884108810904241 -0.0071918004906412871 -0.014758343258639981 0.026326441207749147 0.012422153183534977 -0.034452670560459017 0.0073803591157103974
leaf_weight=1812.4373721107841 98862.773636303842 2173.087526012212 686.69156377762556 567.52981479465961 499.37897578254342 1370.4662102870643 1258.0363581888378 11617.364886101335 545.50399447232485 1015.6440315172076 443.92585537396371 721.92111083120108 513.03689588606358 635.29444924369454
leaf_count=8881 507535 10044 3306 2527 2359 6637 6371 53895 2566 4825 2086 3105 2423 3131
internal_value=-0.000105059 -0.001335 0.00560546 -0.00228235 -0.00835326 -0.0171947 -0.00115032 -0.000701104 -0.00572855 -0.00174466 0.00272775 -0.00149309 -0.0206029 -0.006292
internal_weight=122723 23860.3 2859.78 21000.5 4330.71 1938 2392.71 16669.8 5052.47 3993.93 2978.28 2534.36 1058.54 1893.33
internal_count=619691 112156 13350 98806 21025 9164 11861 77781 23886 18897 14072 11986 4989 9502
is_linear=0
shrinkage=0.05


Tree=242
num_leaves=15
num_cat=0
split_feature=15 73 73 69 69 70 3 72 72 72 73 70 72 69
split_gain=17.8304 20.3796 19.2496 22.9641 70.9365 23.9763 19.1611 46.1877 27.2624 32.0761 33.3198 43.6865 43.0734 70.8503
threshold=32.097017288208015 0.86850854754447948 0.75156310200691234 0.061054084450006492 0.084702219814062132 -0.0015222362126223741 1.0000000180025095e-35 0.015647837892174724 0.014212233014404775 0.013581956736743452 0.46266341209411627 0.0098977647721767443 0.0088296537287533301 0.026166643016040329
decision_type=8 2 2 8 8 2 2 10 10 10 2 2 10 8
left_child=6 2 -2 -4 -5 -6 7 8 9 10 11 -1 13 -12
right_child=1 -3 3 4 5 -7 -8 -9 -10 -11 12 -13 -14 -15
leaf_value=0.003308041422146208 -0.0015341882388401171 -0.011362647349807881 -0.0053662491695270287 0.024024337655647734 0.01024243645028791 -0.002574891087506559 -0.00014814768926993134 -0.0095393768781281557 0.012860023025695864 -0.01147141120015229 0.016679863820561438 0.015638762479199486 -0.0038663622029814918 0.0011813136997331384
leaf_weight=5487.4516767375171 20798.143516318873 474.88114375993609 648.91697391308844 400.78395454771817 495.24116679280996 1303.9310014098883 69560.755821242929 927.04447119310498 531.32990687154233 456.74793743342161 763.20065853558481 818.3822716139257 4009.5251261610538 15983.199595024809
leaf_count=28278 105930 2910 3553 2137 2394 7003 328061 4882 2609 2447 4257 4111 22035 98671
internal_value=3.60903e-06 -0.00121452 -0.001006 0.00284188 0.00527634 0.000990327 0.000301898 0.00138194 0.00174616 0.00152697 0.00175052 0.00493057 0.00078248 0.00189718
internal_weight=122660 24121.9 23647 2848.87 2199.96 1799.17 98537.6 28976.9 28049.8 27518.5 27061.8 6305.83 20755.9 16746.4
internal_count=619278 123927 121017 15087 11534 9397 495351 167290 162408 159799 157352 32389 124963 102928
is_linear=0
shrinkage=0.05


Tree=243
num_leaves=15
num_cat=0
split_feature=71 69 69 71 19 71 69 84 5 54 84 71 69 69
split_gain=13.882 65.6466 57.1761 98.0909 50.5488 39.2783 36.8955 33.6921 32.949 32.117 50.0709 50.6892 43.4312 31.1665
threshold=0.029265975579619411 0.046791307628154762 -0.071767471730709062 0.047184959053993232 0.0056746606715023526 0.027253056876361374 0.039528355002403266 2.5000000000000004 0.96570041775703441 0.42288906872272497 2.5000000000000004 0.03842632286250592 -0.015680044423788782 0.11361549049615861
decision_type=2 10 8 2 10 2 8 2 2 8 2 2 10 10
left_child=5 2 3 -2 13 -1 9 -6 -7 10 11 -4 -11 -3
right_child=1 4 6 -5 7 8 -8 -9 -10 12 -12 -13 -14 -15
leaf_value=-0.00020175799042386028 0.018010703806915503 0.013409842006426184 0.0023408525321970803 -0.0081913010934690257 -0.0085987445027107239 -0.00035902767428628115 -0.013563480601318349 0.0083848736639215889 -0.019289662556319077 -0.0068957146111373775 0.0028837531619177112 -0.016764808482616592 0.0099675511955089145 0.0019723050204430597
leaf_weight=111104.36955734529 855.13603920117021 2062.0197977703065 496.5628041960299 600.55833660438657 743.23272543400526 427.73923972435296 830.04659043066204 467.28270493447781 487.81144682690501 610.59321620315313 1087.2582117766142 1126.8582364525646 985.30165262520313 841.32257596962154
leaf_count=562823 3756 10120 2410 3048 3704 2197 4037 2221 2552 2940 5126 5841 4709 4233
internal_value=-0.000122782 0.00159648 -0.00149666 0.00721872 0.00654475 -0.000287227 -0.00397579 -0.00202775 -0.0105448 -0.00210072 -0.00540644 -0.0109423 0.00351286 0.0101137
internal_weight=122726 10706.2 6592.32 1455.69 4113.86 112020 5136.62 1210.52 915.551 4306.57 2710.68 1623.42 1595.89 2903.34
internal_count=619717 52145 31867 6804 20278 567572 25063 5925 4749 21026 13377 8251 7649 14353
is_linear=0
shrinkage=0.05


Tree=244
num_leaves=15
num_cat=0
split_feature=59 72 69 69 72 71 70 69 72 71 74 6 71 71
split_gain=14.9137 33.776 32.8957 53.0154 68.3552 60.0739 57.8431 62.3463 63.0101 53.7875 47.012 46.4101 40.6936 57.9118
threshold=1.0000000180025095e-35 0.019758761860430244 -0.010585022158920763 0.0083855912089347857 0.0098891700617969053 0.026571909897029403 0.015137062873691322 0.0113120349124074 0.016601774841547016 0.011345594655722381 -0.019179445691406723 0.31399425864219671 -0.010008481796830891 -0.012753691989928482
decision_type=8 10 10 10 10 2 2 10 10 2 2 10 2 2
left_child=1 -1 -2 4 -4 9 7 -5 10 11 -9 -6 13 -12
right_child=2 -3 3 6 5 -7 -8 8 -10 -11 12 -13 -14 -15
leaf_value=-0.0004789270647373995 0.0025199223082117347 -0.011409100645777747 0.010551625612705264 0.016451975001410823 0.0046904386084068135 0.0053057566348632835 -0.0084063707401787046 -0.010090002445766114 -0.013780685790267887 -0.026061306528210645 0.0020864654235876862 -0.017434393176144421 0.00031304248227567282 0.014603795827696123
leaf_weight=65502.304370317608 14943.485384326428 704.53414364531636 436.05509778112173 605.14520236849785 421.80753730982542 436.96925910934806 1833.9416166618466 971.24695658683777 756.89424688369036 682.88991704583168 3713.6684996411204 521.21194968372583 29934.169752262533 1222.0605622306466
leaf_count=347956 68510 3617 1969 2677 1946 2142 8891 4782 3636 3415 16710 2569 145480 5458
internal_value=-8.78219e-05 -0.000596945 0.000508986 -0.000214924 -0.00726025 -0.0110581 0.000237822 0.000666084 0.000400643 -0.0154615 0.000703885 -0.0075927 0.00100734 0.00520895
internal_weight=122686 66206.8 56479.5 41536.1 2498.93 2062.88 39037.1 37203.2 36598 1625.91 35841.1 943.019 34869.9 4935.73
internal_count=619758 351573 268185 199675 12041 10072 187634 178743 176066 7930 172430 4515 167648 22168
is_linear=0
shrinkage=0.05


Tree=245
num_leaves=15
num_cat=0
split_feature=29 2 7 71 71 69 71 73 71 69 73 69 69 68
split_gain=15.7412 13.9826 21.0309 13.6869 69.1341 51.6188 153.226 160.541 137.212 140.281 94.7665 82.7592 68.2057 67.4512
threshold=1.0886536836624148 0.0097230398096144217 0.031038830988109115 -0.0025925494264811273 -0.0019150351872667668 0.016610891558229927 -0.010321858804672955 0.63947707414627086 -0.0083502870984375459 0.040939569473266609 0.33160872757434851 -0.020860132761299607 0.020825006999075416 0.018064832314848903
decision_type=2 2 2 2 2 10 2 2 2 10 2 10 10 10
left_child=1 2 -1 5 -5 6 7 -3 12 -10 -8 -9 -7 -14
right_child=-2 3 -4 4 -6 8 10 11 9 -11 -12 -13 13 -15
leaf_value=-0.022888942600399038 -0.0086012380719849412 -0.0025379340477954867 -0.0012419978659001991 0.010231678186867828 0.0003267787705369834 -0.011175052478494265 0.021861530307170009 0.0044761418136386706 -0.027204435831035514 -0.0050710820172163865 0.0049197782261768928 0.033323717584527394 -0.00016844272523897227 0.0079405692505445085
leaf_weight=153.58623067848384 508.3222909681499 12272.794364690781 361.20911841280758 1792.490367744118 77899.338369041681 1117.7308761924505 1218.7278663516045 525.59699951857328 778.32380902022123 7904.0686624981463 2540.397832646966 468.02667345106602 11971.051444899291 3253.4371775537729
leaf_count=2968 2566 57276 4222 9082 399823 5402 5208 2401 4012 40891 12386 2188 56370 15229
internal_value=9.37943e-05 0.000130647 -0.00801333 0.00016574 0.000550823 -0.000564012 0.00155929 -0.000967572 -0.00200865 -0.00708422 0.0104558 0.0182609 0.000690608 0.00156851
internal_weight=122765 122257 514.795 121742 79691.8 42050.2 17025.5 13266.4 25024.6 8682.39 3759.13 993.624 16342.2 15224.5
internal_count=620024 617458 7190 610268 408905 201363 79459 61865 121904 44903 17594 4589 77001 71599
is_linear=0
shrinkage=0.05


Tree=246
num_leaves=15
num_cat=0
split_feature=73 69 72 69 73 73 74 73 74 68 69 73 71 74
split_gain=19.3302 114.294 92.8649 84.6891 70.6838 120.186 68.4329 129.035 86.0535 90.6467 57.7126 49.8731 46.7033 70.9389
threshold=0.31674617528915411 0.042114155367016799 0.0085483356378972548 0.013193483930081131 0.2972214818000794 0.22354310005903247 0.0021507190540432934 0.28450997173786169 -0.016549087129533287 -0.028108102269470688 -0.039398560300469392 0.32804124057292944 -0.041597483679652207 -0.00069350891862995912
decision_type=2 10 10 10 2 2 2 2 2 8 10 2 2 2
left_child=1 3 -3 6 5 -5 8 10 -1 12 -8 -2 -10 -14
right_child=11 2 -4 4 -6 -7 7 -9 9 -11 -12 -13 13 -15
leaf_value=0.0050676984730858611 -0.011409948175565765 -0.0029954182923302517 0.023479273352458665 0.0028047376665158693 0.0057184246577160905 -0.030159506861286319 -0.00056219970557896428 0.02732103395449972 -0.017763210118412556 0.0091093455641777874 0.011701431369436853 -0.00033106664763795512 -0.0024136768362310107 -0.021218088279997428
leaf_weight=3348.6323718894273 1015.8202742356807 494.86756672337651 979.18677881360054 451.09201266244054 462.10249117016792 698.02135918289423 3285.5110625009984 609.701953927055 938.56712032295763 938.984260302037 1344.4892489239573 104306.0719917547 3235.3824638351798 584.33957668580115
leaf_count=15936 5026 2113 4097 2200 2104 3563 15049 2585 4550 4168 5780 534829 14944 2808
internal_value=-0.000184092 0.00136078 0.0146309 0.000121865 -0.0107084 -0.0173066 0.00135 0.00589131 -0.00128408 -0.00501974 0.00301654 -0.000438995 -0.00782118 -0.00533826
internal_weight=122693 17370.9 1474.05 15896.8 1611.22 1149.11 14285.6 5239.7 9045.91 5697.27 4630 105322 4758.29 3819.72
internal_count=619752 79897 6210 73687 7867 5763 65820 23414 42406 26470 20829 539855 22302 17752
is_linear=0
shrinkage=0.05


Tree=247
num_leaves=15
num_cat=0
split_feature=69 73 73 2 73 70 73 12 69 84 70 58 70 73
split_gain=17.0332 40.5644 83.3504 55.9907 43.889 44.0756 40.9612 42.7002 35.8595 70.9398 89.086 80.7693 55.4488 58.2679
threshold=0.1011449657380581 0.48414604365825659 0.46266341209411627 0.017926253378391269 0.78125637769699108 0.010040354914963247 0.68957170844078075 0.12466388568282129 0.093763429671525969 2.5000000000000004 -0.0051511190831661216 -0.0063379311468452207 0.0066330560948699721 0.63450276851654064
decision_type=8 2 2 2 2 2 2 10 10 2 2 2 2 2
left_child=8 2 3 -2 6 -6 -3 -8 -1 10 -10 -11 13 -12
right_child=1 4 -4 -5 5 -7 7 -9 9 11 12 -13 -14 -15
leaf_value=0.00020508284588858594 0.012989496288276368 -0.0013130814652090265 0.017280696868664101 -0.0023585635631890186 0.0036616541702014609 -0.012439610704754142 -0.0098687079777739183 -0.0012796031027199921 -0.021071046861003372 0.02772014865314661 -0.0086388323221737746 0.0059114280822353538 0.01747178509287774 0.0066379966457199568
leaf_weight=84812.176234709099 708.09728953056037 15241.538483349606 864.15897596254945 3434.8005053699017 5066.8683520723134 454.10841374099255 3392.4855043049902 2523.654876941815 449.21764864400029 523.38624266535044 1164.3057469576597 2125.148882586509 507.13915361836553 1322.3919677399099
leaf_count=424224 4073 80009 4316 15803 25791 2419 19404 13390 2170 2364 5748 10445 2407 6887
internal_value=0.000123496 -0.000874607 0.00325071 0.000289663 -0.00164978 0.00231721 -0.00268554 -0.00621319 0.000471456 0.00417371 -0.000562131 0.0103092 0.00257508 -0.000520775
internal_weight=122589 31685.7 5007.06 4142.9 26678.7 5520.98 21157.7 5916.14 90903.8 6091.59 3443.05 2648.54 2993.84 2486.7
internal_count=619450 165205 24192 19876 141013 28210 112803 32794 454245 30021 17212 12809 15042 12635
is_linear=0
shrinkage=0.05


Tree=248
num_leaves=15
num_cat=0
split_feature=17 71 74 71 84 71 71 19 68 72 14 71 73 69
split_gain=20.4719 17.9217 36.9827 15.9161 55.3242 85.5597 59.4666 45.6771 44.3182 38.4809 73.3236 36.6064 37.1853 30.3689
threshold=94.093086242675795 0.048369815573096282 0.021271942183375362 0.029265975579619411 2.5000000000000004 0.034285780042409904 0.03842632286250592 0.0015819837572053077 0.066228810697793974 0.015442323870956899 0.0036236898740753536 0.026164555922150615 0.52510660886764537 0.049500988796353347
decision_type=8 2 2 2 2 2 2 8 10 8 8 2 2 10
left_child=3 2 -2 8 5 9 -6 -7 11 10 -5 13 -13 -1
right_child=1 -3 -4 4 6 7 -8 -9 -10 -11 -12 12 -14 -15
leaf_value=0.001141163563355217 -0.0023076403224603884 -0.011320593012342723 0.012959061871652855 0.025649158454170286 0.00072684192799579933 0.0012687646343556478 0.013715803304015672 -0.010354538229161379 -0.010076238150908521 -0.0046055149171828373 0.00088804268989335188 -0.019304688818014028 -0.0021574464136866821 -0.00061578843710686799
leaf_weight=43015.534547567368 10229.987892372534 499.65389530360699 402.81014126166701 570.62919136509299 1837.9855097644031 1430.2478976175189 1684.8077254127711 2049.4907747171819 1087.7541481610388 420.07335164584219 617.89540706202388 468.24454269371927 941.77632268890738 57407.269037768245
leaf_count=208977 54356 2608 1911 2625 8727 7173 7901 10214 5820 2058 2989 2335 4853 297320
internal_value=-0.000114892 -0.00215843 -0.00171765 8.92574e-05 0.00215292 -0.00118239 0.00696017 -0.00558716 -8.35973e-05 0.00832173 0.0128911 2.41206e-05 -0.00794761 0.000136831
internal_weight=122664 11132.5 10632.8 111532 8611.13 5088.34 3522.79 3479.74 102921 1608.6 1188.52 101833 1410.02 100423
internal_count=619867 58875 56267 560992 41687 25059 16628 17387 519305 7672 5614 513485 7188 506297
is_linear=0
shrinkage=0.05


Tree=249
num_leaves=15
num_cat=0
split_feature=68 71 74 69 70 74 68 74 68 71 74 71 71 71
split_gain=14.2435 77.4179 90.2665 76.5359 72.8665 81.3168 67.8575 93.1931 60.1043 54.5207 54.6369 149.292 47.5018 96.5358
threshold=0.012093733064830305 -0.0083502870984375459 -0.015288716182112692 0.093126293271780028 0.0088671618141233938 -0.0016844199853949247 0.022135931998491291 0.0004852519632549957 0.017205612733960155 -0.0071734928060322991 -0.010588163975626229 0.015840217471122745 0.00033866609737742698 0.0011586637701839211
decision_type=10 2 2 10 2 2 10 2 10 2 2 2 2 2
left_child=-1 2 -2 4 5 -4 -7 -8 -5 -3 11 -11 -12 -14
right_child=1 9 3 8 -6 6 7 -9 -10 10 12 -13 13 -15
leaf_value=-0.00073365956522569665 -0.014532372772624931 -0.012415070925654342 0.0068389939822974827 0.013495757061693051 -0.0036330319340706118 0.038870182909763351 0.029069120731307865 0.00051778862645247131 -0.0054630134213646403 0.014295995723624576 -0.0033976700580984893 -0.0098356515412391828 0.012429653401148716 -7.2365567323995659e-05
leaf_weight=49974.226850073785 511.69483859278262 885.05935030803084 1801.7039281595498 555.98887657560408 688.42607292160392 443.84802051261067 600.62520026043057 537.97780333459377 1589.4500577151775 2011.0834257416427 10343.447734648362 930.17353301309049 1583.0831967722625 50188.391186632216
leaf_count=240434 2572 4658 8482 2578 3229 2049 2652 2436 7606 9502 54328 4551 8268 266398
internal_value=-8.3967e-05 0.000362852 0.00546718 0.00713368 0.0111518 0.0141612 0.0224027 0.0157009 -0.000510044 -0.000158827 9.79646e-06 0.00665689 -0.000305976 0.000312251
internal_weight=122645 72671 6729.71 6218.02 4072.58 3384.15 1582.45 1138.6 2145.44 65941.2 65056.2 2941.26 62114.9 51771.5
internal_count=619743 379309 31604 29032 18848 15619 7137 5088 10184 347705 343047 14053 328994 274666
is_linear=0
shrinkage=0.05


end of trees

feature_importances:
spy_c_sma200=528
spy_rv20=417
spy_c_sma50=392
spy_ret5=385
breadth50=380
univ_ret1=308
spy_ret1=301
atr_pct=137
entry_weekday=91
dist_lo252=50
range20=42
dist_hi252=37
atr_ratio=32
relvol=30
adx14=29
hit3_60=26
sma20_slope=25
sma50_200=23
resist_room=21
gap_up_count20=20
rv20=19
gap_last=16
hit3_20=15
dist_hi60=15
rsi14=14
log_dollar_vol=12
bb_width=9
macd_hist=9
bb_squeeze=8
c_sma200=8
roc60=8
rs_today=8
rsi2=6
roc20=6
relvol5=6
gap_dn_filled=6
fib_ext_room=6
stoch_d=5
dist_lo20=5
dist_lo60=5
c_sma10=4
obv_slope=4
dist_hi20=4
bb_pctb=3
rs60=3
fib_room_up=3
c_sma20=2
c_sma50=2
roc1=2
roc5=2
gap_dn_count20=2
close_loc=2
rs5=2
rs20=2
di_diff=1
stoch_k=1
fib_retr=1

parameters:
[boosting: gbdt]
[objective: binary]
[metric: binary_logloss]
[tree_learner: serial]
[device_type: cpu]
[data_sample_strategy: bagging]
[data: ]
[valid: ]
[num_iterations: 250]
[learning_rate: 0.05]
[num_leaves: 15]
[num_threads: 4]
[seed: 7]
[deterministic: 0]
[force_col_wise: 0]
[force_row_wise: 0]
[histogram_pool_size: -1]
[max_depth: -1]
[min_data_in_leaf: 2000]
[min_sum_hessian_in_leaf: 0.001]
[bagging_fraction: 0.7]
[pos_bagging_fraction: 1]
[neg_bagging_fraction: 1]
[bagging_freq: 1]
[bagging_seed: 17422]
[bagging_by_query: 0]
[feature_fraction: 0.6]
[feature_fraction_bynode: 1]
[feature_fraction_seed: 7040]
[extra_trees: 0]
[extra_seed: 6516]
[early_stopping_round: 0]
[early_stopping_min_delta: 0]
[first_metric_only: 0]
[max_delta_step: 0]
[lambda_l1: 0]
[lambda_l2: 10]
[linear_lambda: 0]
[min_gain_to_split: 0]
[drop_rate: 0.1]
[max_drop: 50]
[skip_drop: 0.5]
[xgboost_dart_mode: 0]
[uniform_drop: 0]
[drop_seed: 15215]
[top_rate: 0.2]
[other_rate: 0.1]
[min_data_per_group: 100]
[max_cat_threshold: 32]
[cat_l2: 10]
[cat_smooth: 10]
[max_cat_to_onehot: 4]
[top_k: 20]
[monotone_constraints: ]
[monotone_constraints_method: basic]
[monotone_penalty: 0]
[feature_contri: ]
[forcedsplits_filename: ]
[refit_decay_rate: 0.9]
[cegb_tradeoff: 1]
[cegb_penalty_split: 0]
[cegb_penalty_feature_lazy: ]
[cegb_penalty_feature_coupled: ]
[path_smooth: 0]
[interaction_constraints: ]
[verbosity: -1]
[saved_feature_importance_type: 0]
[use_quantized_grad: 0]
[num_grad_quant_bins: 4]
[quant_train_renew_leaf: 0]
[stochastic_rounding: 1]
[linear_tree: 0]
[max_bin: 255]
[max_bin_by_feature: ]
[min_data_in_bin: 3]
[bin_construct_sample_cnt: 200000]
[data_random_seed: 61]
[is_enable_sparse: 1]
[enable_bundle: 1]
[use_missing: 1]
[zero_as_missing: 0]
[feature_pre_filter: 1]
[pre_partition: 0]
[two_round: 0]
[header: 0]
[label_column: ]
[weight_column: ]
[group_column: ]
[ignore_column: ]
[categorical_feature: ]
[forcedbins_filename: ]
[precise_float_parser: 0]
[parser_config_file: ]
[objective_seed: 15521]
[num_class: 1]
[is_unbalance: 0]
[scale_pos_weight: 1]
[sigmoid: 1]
[boost_from_average: 1]
[reg_sqrt: 0]
[alpha: 0.9]
[fair_c: 1]
[poisson_max_delta_step: 0.7]
[tweedie_variance_power: 1.5]
[lambdarank_truncation_level: 30]
[lambdarank_norm: 1]
[label_gain: ]
[lambdarank_position_bias_regularization: 0]
[eval_at: ]
[multi_error_top_k: 1]
[auc_mu_weights: ]
[num_machines: 1]
[local_listen_port: 12400]
[time_out: 120]
[machine_list_filename: ]
[machines: ]
[gpu_platform_id: -1]
[gpu_device_id: -1]
[gpu_device_id_list: ]
[gpu_use_dp: 0]
[num_gpu: 1]

end of parameters

pandas_categorical:null
