tree
version=v4
num_class=1
num_tree_per_iteration=1
label_index=0
max_feature_idx=84
objective=binary sigmoid:1
feature_names=atr_pct rv20 range20 hit3_20 hit3_60 atr_ratio bb_pctb bb_width bb_squeeze c_sma10 c_sma20 c_sma50 c_sma200 sma20_slope sma50_200 adx14 di_diff rsi2 rsi14 macd_hist macd_cross_up stoch_k stoch_d roc1 roc5 roc20 roc60 relvol relvol5 obv_slope updown_vol log_dollar_vol cdl_doji cdl_hammer cdl_inv_hammer cdl_shooting_star cdl_hanging_man cdl_bull_engulf cdl_bear_engulf cdl_piercing cdl_dark_cloud cdl_morning_star cdl_evening_star cdl_three_white cdl_three_black cdl_bull_harami cdl_bear_harami cdl_bull_marubozu cdl_bear_marubozu dist_hi20 dist_lo20 dist_hi60 dist_lo60 dist_hi252 dist_lo252 breakout20 support_test resist_room gap_last gap_up_count20 gap_dn_count20 gap_up_held gap_dn_filled close_loc rs5 rs20 rs60 rs_today spy_c_sma50 spy_c_sma200 spy_ret1 spy_ret5 spy_rv20 breadth50 univ_ret1 fib_retr fib_near fib_golden fib_room_up fib_ext_room ew_w3 ew_w4 ew_w5 ew_abc entry_weekday
feature_infos=[0.00084742775652557611:2.4562599658966064] [0.00029228333733044565:1.3647491931915283] [0.00023471232270821929:0.66007202863693237] [0:1] [0:0.86666667461395264] [0.04751284047961235:2.7999999523162842] [-0.56213229894638062:1.5597584247589111] [0.0014199427096173167:47.003089904785156] [0:1] [-0.82683050632476807:3.3606364727020264] [-0.85076415538787842:4.7464570999145508] [-0.9200894832611084:7.304898738861084] [-0.99844801425933838:30.576053619384766] [-0.50781476497650146:5.0965557098388672] [-0.99808782339096069:2.9697189331054688] [5.3136930465698242:84.801483154296875] [-100:87.014190673828125] [0:100] [0:100] [-0.62161046266555786:1.3406126499176025] [0:1] [0:100] [0:100] [-0.80082643032073975:5.4884505271911621] [-0.84804540872573853:28.884578704833984] [-0.91705334186553955:477.66665649414062] [-0.99234431982040405:477.66665649414062] [0:20] [0:4] [-2:2] [-17.363920211791992:17.972127914428711] [16.811246871948242:24.506065368652344] [0:1] [0:1] [0:1] [0:1] [0:1] [0:1] [0:1] [0:1] [0:1] [0:1] [0:1] [0:1] [0:1] [0:1] [0:1] [0:1] [0:1] [-0.9751209020614624:0] [0:477.66665649414062] [-0.99330127239227295:0] [0:477.66665649414062] [-0.9998742938041687:0] [0:793.855712890625] [0:1] [0:1] [0.0010000000474974513:12.052165985107422] [-0.81983470916748047:4.8580279350280762] [0:15] [0:13] [0:1] [0:1] [0:1] [-0.82677340507507324:28.881172180175781] [-0.96466821432113647:477.68197631835938] [-1.0596973896026611:477.615478515625] [-0.79575997591018677:5.4887018203735352] [-0.27945837378501892:0.13230858743190765] [-0.26594445109367371:0.17232657968997955] [-0.10782753676176071:0.10501933842897415] [-0.15625929832458496:0.17460031807422638] [0.0019243131391704082:0.055708035826683044] [0:0.9513055682182312] [-0.13294798135757446:0.10407586395740509] [-1.6717556715011597:783.4244384765625] [0:9.6393814086914062] [0:1] [-0.99710077047348022:9.6393814086914062] [-0.99675410985946655:16.201692581176758] [0:1] [0:1] [0:0] [0:1] [0:4]
tree_sizes=1752 1815 1816 1799 1809 1810 1832 1817 1813 1809 1815 1809 1820 1816 1823 1809 1813 1828 1822 1825 1828 1820 1825 1819 1826 1820 1814 1828 1825 1827 1831 1824 1813 1820 1820 1825 1830 1824 1845 1813 1816 1815 1827 1836 1832 1821 1827 1841 1832 1833 1812 1837 1817 1833 1812 1842 1835 1834 1824 1817 1822 1832 1825 1819 1827 1833 1830 1838 1824 1819 1834 1831 1835 1829 1831 1825 1834 1826 1829 1846 1819 1811 1834 1829 1842 1827 1845 1824 1833 1816 1816 1843 1812 1832 1854 1829 1836 1823 1841 1828 1834 1824 1841 1835 1837 1826 1824 1822 1816 1822 1831 1828 1817 1836 1840 1819 1841 1813 1838 1829 1813 1833 1839 1839 1827 1833 1820 1837 1828 1829 1812 1840 1817 1843 1830 1821 1825 1820 1820 1827 1847 1822 1849 1828 1807 1837 1826 1826 1809 1835 1830 1805 1838 1821 1825 1820 1826 1846 1837 1828 1838 1822 1820 1831 1803 1831 1825 1841 1823 1829 1820 1816 1833 1814 1836 1831 1864 1807 1836 1827 1817 1821 1834 1803 1829 1842 1839 1823 1857 1822 1820 1849 1841 1829 1817 1825 1819 1836 1833 1820 1828 1824 1848 1832 1827 1825 1826 1829 1837 1834 1835 1824 1847 1818 1835 1840 1825 1841 1824 1819 1824 1837 1838 1815 1840 1833 1820 1837 1839 1840 1835 1834 1833 1831 1821 1831 1832 1827 1823 1830 1862 1830 1816 1827 1824 1827 1843 1815 1828 1833

Tree=0
num_leaves=15
num_cat=0
split_feature=3 57 3 3 18 73 7 18 73 7 69 73 25 57
split_gain=18411.1 3320.84 1761.47 1239.26 751.196 724.473 496.977 419.813 335.521 331.035 330.397 310.122 266.442 206.096
threshold=0.075000001117587103 0.036244060844182975 0.17500000447034839 1.0000000180025095e-35 55.64924621582032 0.31657269597053533 0.064404677599668517 61.181373596191413 0.6410336196422578 0.091888584196567549 0.034279244020581252 0.32263550162315374 -0.015297321602702139 0.040020473301410682
decision_type=2 10 2 2 2 2 2 2 2 2 8 2 8 10
left_child=1 3 4 6 11 10 -1 -8 -4 -7 -3 -2 -5 -13
right_child=2 5 8 12 -6 9 7 -9 -10 -11 -12 13 -14 -15
leaf_value=-1.0646605904725126 -0.99441596561460799 -1.0100327763006207 -0.99402489856353871 -1.0289495072722756 -1.0260348938680541 -1.0397432214181574 -1.0463358860773175 -1.0624997253259501 -1.0045533550553967 -1.0231467717431133 -0.96558679023182403 -1.0183022168810096 -1.0436349701525176 -1.0053657982600439
leaf_weight=12477.53038404882 3155.764625698328 2583.949868068099 21445.287821501493 4262.6720923036337 9875.1223433762789 5005.2735206633806 12273.519002631307 6017.7528621554375 11844.900805100799 7488.7720704525709 492.15317060053349 6330.9589067697525 11259.09669560194 6015.032710403204
leaf_count=64219 16242 13299 110374 21939 50825 25761 63169 30972 60963 38543 2533 32584 57948 30958
internal_value=-1.02539 -1.04442 -1.00533 -1.05114 -1.01526 -1.02445 -1.05695 -1.05167 -0.997764 -1.0298 -1.00275 -1.00839 -1.03961 -1.01199
internal_weight=120528 61860.7 58667.1 46290.6 25376.9 15570.1 30768.8 18291.3 33290.2 12494 3076.1 15501.8 15521.8 12346
internal_count=620329 318383 301946 238247 130609 80136 158360 94141 171337 64304 15832 79784 79887 63542
is_linear=0
shrinkage=1


Tree=1
num_leaves=15
num_cat=0
split_feature=0 0 0 0 0 73 73 71 0 71 71 71 71 72
split_gain=25772.5 3441.16 2542.95 470.135 450.366 428.627 299.584 251.28 228.161 226.478 194.856 178.008 172.643 277.12
threshold=0.025315033271908764 0.018735888414084915 0.033337868750095374 0.014977000188082458 0.022326637059450153 0.31657269597053533 0.62440380454063427 0.051627470180392272 0.028063781559467319 -0.0082825054414570314 0.012440281920135023 -0.0082825054414570314 -0.018380931578576561 0.016811436042189602
decision_type=2 2 2 2 2 2 2 2 2 2 2 2 2 10
left_child=1 3 5 -1 9 10 7 -4 -7 -3 -2 -6 -8 -14
right_child=2 4 6 -5 11 8 12 -9 -10 -11 -12 -13 13 -15
leaf_value=-0.052428833588437064 0.028812064218711037 -0.0097453121331292549 0.030503959773999674 -0.037022435350699885 0.0021688867391734751 -0.0016132961680244693 0.044554761206931158 0.0049010458348109475 0.0085565399798901796 -0.024888870963631612 -0.00098788678576966168 -0.012224674860433426 0.021757013588079549 -0.0041288911966895206
leaf_weight=7981.2427530884743 2871.2136549651623 3111.8466711491346 27638.632640212774 13554.854419410229 2758.2792180776596 9190.7463251203299 740.91595840454102 997.10939127206802 13769.95596498251 12285.656732618809 676.75869739055634 9656.2004807591438 14183.78197157383 1111.9886734485626
leaf_count=41766 14663 16112 140566 70675 14224 47412 3779 5063 70744 63838 3470 49980 72402 5678
internal_value=1.3123e-05 -0.027752 0.0192632 -0.0427537 -0.0161243 0.00699132 0.0265421 0.0296145 0.00448681 -0.0218367 0.0231411 -0.00902751 0.021041 0.0198737
internal_weight=120529 49348.1 71181.1 21536.1 27812 26508.7 44672.4 28635.7 22960.7 15397.5 3547.97 12414.5 16036.7 15295.8
internal_count=620372 256595 363777 112441 144154 136289 227488 145629 118156 79950 18133 64204 81859 78080
is_linear=0
shrinkage=0.05


Tree=2
num_leaves=15
num_cat=0
split_feature=0 0 0 0 0 71 71 70 69 70 0 73 71 71
split_gain=23472.1 3027.54 2496.79 460.359 436.139 418.131 313.091 290.795 412.727 249.628 231.859 184.987 210.392 180.065
threshold=0.024965792894363407 0.018625820055603984 0.032792858779430396 0.015133020002394916 0.021887119859457019 -0.0090665640309452993 0.001149674935732037 -0.044312106445431702 -0.13153804093599317 -0.010116796009242533 0.028465678915381435 0.6320498287677766 0.051627470180392272 -0.0082825054414570314
decision_type=2 2 2 2 2 2 2 2 8 2 2 2 2 2
left_child=1 3 5 -1 13 -2 7 -4 9 -9 -7 12 -8 -3
right_child=2 4 6 -5 -6 10 11 8 -10 -11 -12 -13 -14 -15
leaf_value=-0.051108563696219682 0.016817315341972779 -0.011085732441691027 -0.010599496514756983 -0.035743532664980024 -0.0097218737219127646 -0.003292374223760758 0.026625964740137439 0.090724452763884356 0.028484124149361845 0.039519970378820879 0.0073587272689422363 0.016476626578790128 0.0027690619539878451 -0.025407728834188695
leaf_weight=8224.5059123933315 6199.2489345222712 2768.8617981672287 442.33000572025776 12395.301712423563 12838.534130707383 10277.288612559438 13034.12127648294 417.14993198215961 18994.326209485531 605.27236348390579 10142.882256105542 12189.939939454198 997.26733133196831 11013.443850472569
leaf_count=44150 31621 14413 2214 65813 66778 53040 65437 2089 95426 3031 51884 61687 5053 57953
internal_value=-3.38841e-05 -0.0275141 0.0176781 -0.0418939 -0.0163644 0.00545508 0.0246456 0.0292928 0.0301791 0.0610879 0.00199914 0.0210098 0.0249335 -0.0225406
internal_weight=120540 47240.6 73299.8 20619.8 26620.8 26619.4 46680.4 20459.1 20016.7 1022.42 20420.2 26221.3 14031.4 13782.3
internal_count=620589 249107 371482 109963 139144 136545 234937 102760 100546 5120 104924 132177 70490 72366
is_linear=0
shrinkage=0.05


Tree=3
num_leaves=15
num_cat=0
split_feature=0 0 0 0 0 0 73 71 73 71 68 71 5 71
split_gain=21316.7 3140.42 1898.17 457.223 413.369 322.796 261.551 197.218 170.051 149.214 133.139 190.591 155.907 126.892
threshold=0.025434809736907486 0.018735888414084915 0.031256513670086868 0.014612839557230474 0.021996567025780681 0.039694182574749 0.31657269597053533 -0.0082825054414570314 0.31214115023612982 -0.0082825054414570314 0.017559158615767959 0.055846257135272033 1.3054794669151308 0.012440281920135023
decision_type=2 2 2 2 2 2 2 2 2 2 10 2 2 2
left_child=1 3 6 -1 9 8 13 -6 -4 -3 11 12 -7 -2
right_child=2 4 5 -5 7 10 -8 -9 -10 -11 -12 -13 -14 -15
leaf_value=-0.051206599387348763 0.024198124330235812 -0.010440101945404416 0.028372168053499632 -0.035169281500259594 0.0024125011651063865 0.031143004831120914 0.0022508871266694224 -0.011768017191910106 0.015353808665828235 -0.023456060345663051 0.022158260675621971 0.0040321256078911958 0.010908677278727533 -0.0037056503048360483
leaf_weight=6650.4034196585417 2174.0136868804693 2789.6919793337584 2973.8167897611856 13936.280720382929 3149.1089512556791 14856.029849737883 17769.81974940002 11016.659591257572 16462.650208830833 10887.532131269574 15381.98938652873 752.84825648367405 1031.9601111412048 497.86519920825958
leaf_count=36676 10899 14591 14775 75430 16281 73474 91193 57636 82665 57981 76750 3806 5118 2555
internal_value=7.0778e-05 -0.0255683 0.0173414 -0.0403724 -0.0146118 0.022461 0.00444889 -0.00861615 0.0173592 -0.0208108 0.0255511 0.0286721 0.0298364 0.0190042
internal_weight=120331 48429.7 71901 20586.7 27843 51459.3 20441.7 14165.8 19436.5 13677.2 32022.8 16640.8 15888 2671.88
internal_count=619830 258595 361235 112106 146489 256588 104647 73917 97440 72572 159148 82398 78592 13454
is_linear=0
shrinkage=0.05


Tree=4
num_leaves=15
num_cat=0
split_feature=0 0 0 0 71 27 0 70 69 71 71 69 70 0
split_gain=19264.3 2685.9 1994.45 374.796 313.744 278.835 256.212 219.408 268.675 174.19 157.563 150.357 147.76 147.567
threshold=0.023680896498262886 0.030631781555712227 0.017692252062261108 0.037131877616047866 -0.0082825054414570314 0.82795938849449169 0.014612839557230474 -0.044312106445431702 -0.12003959342837332 -0.0082825054414570314 0.0019161274540238085 -0.11277545988559722 -0.0078371237032115442 0.028063781559467319
decision_type=2 2 2 2 2 2 2 2 8 2 2 8 2 2
left_child=2 4 6 10 -2 -4 -1 -5 12 -7 11 -3 -9 -6
right_child=1 3 5 7 13 9 -8 8 -10 -11 -12 -13 -14 -15
leaf_value=-0.049321647476455302 0.010892567068545064 0.048615998611999001 -0.025391205028149028 -0.012199595319669692 -0.0051543638048368486 -0.0045822722778539118 -0.036325094790726396 0.05959352774602758 0.022851589240421008 -0.017527473480422627 0.010025402102930592 0.018037528872024262 0.030415159781633783 0.0040792442715573106
leaf_weight=6478.3842546492815 6087.7581219822168 421.47230057418346 9988.1129256337881 421.23560757935047 13064.756585642695 3391.5551227629185 9730.2736918181181 748.11346264183521 35004.228069528937 11228.650519385934 9238.207605779171 6929.9558545798063 1126.7615531086922 6458.4386676847935
leaf_count=36717 30884 2064 53495 2100 67914 17852 53708 3619 172259 60356 46293 34490 5507 32952
internal_value=-1.12972e-05 0.014324 -0.0279293 0.0206586 0.000991943 -0.0189467 -0.0415469 0.0234418 0.0238521 -0.0145297 0.0143903 0.0198543 0.0423123 -0.00209928
internal_weight=120318 79500.9 40817 53890 25611 24608.3 16208.7 37300.3 36879.1 14620.2 16589.6 7351.43 1874.88 19523.2
internal_count=620210 398082 222128 266332 131750 131703 90425 183485 181385 78208 82847 36554 9126 100866
is_linear=0
shrinkage=0.05


Tree=5
num_leaves=15
num_cat=0
split_feature=1 4 1 73 4 4 73 68 4 1 73 68 4 68
split_gain=13307.4 2732.59 1571.2 778.318 522.709 425.563 407.216 325.096 244.002 212.056 209.624 164.235 142.705 123.881
threshold=0.01546638458967209 0.10833333432674409 0.010918685235083105 0.32263550162315374 0.041666667908430106 0.041666667908430106 0.6320498287677766 -0.015703483484685418 0.19166667014360431 0.0082951229996979254 0.62853112816810619 -0.028726507909595963 0.22500000149011615 -0.017871867865324017
decision_type=10 8 8 2 10 10 2 8 8 10 2 10 10 8
left_child=2 3 9 11 -5 7 12 -4 -8 -1 -6 -2 -3 -11
right_child=1 6 5 4 10 -7 8 -9 -10 13 -12 -13 -14 -15
leaf_value=-0.045242645350818553 0.012851148279163588 0.019073137175452809 -0.0025619696373082213 -0.012857258284248564 0.0062864690198342248 -0.0072742759437365023 0.0055045463686750036 -0.024118561521132297 0.01721815330433529 -0.01058791164490493 -0.0050375963199555708 0.035106648829421445 0.026071519622543289 -0.033978473216833609
leaf_weight=5085.6106984913349 4618.2275415658951 15302.030005693436 2021.1196812093258 9628.244900688529 10129.108770936728 8548.9711829721928 6821.5101724117994 13103.05803591013 12824.650752127171 614.28879556059837 6836.8549423366785 1008.3750807195902 14263.059501573443 9390.5122969448566
leaf_count=29344 22853 75162 10730 50765 51467 45155 34312 71660 63182 3378 35268 5035 69083 52725
internal_value=-0.000141241 0.0113371 -0.024251 1.72466e-05 -0.00355861 -0.0162027 0.0187472 -0.0212414 0.0131558 -0.0368575 0.00172288 0.0168949 0.022457 -0.0325543
internal_weight=120196 81432.1 38763.6 32220.8 26594.2 23673.1 49211.3 15124.2 19646.2 15090.4 16966 5626.6 29565.1 10004.8
internal_count=620119 407127 212992 165388 137500 127545 241739 82390 97494 85447 86735 27888 144245 56103
is_linear=0
shrinkage=0.05


Tree=6
num_leaves=15
num_cat=0
split_feature=1 4 1 57 4 4 68 68 72 1 51 69 68 68
split_gain=11913 2533.32 1418.18 595.21 412.81 390.973 297.786 239.598 186.396 185.751 171.212 156.508 150.92 137.693
threshold=0.015379308722913267 0.12500000372529033 0.010728572029620411 0.036635035648942001 0.041666667908430106 0.025000001303851608 0.014793669804930689 -0.019749879837036129 0.0064592105336487302 0.0081418575718998926 -0.047811323776841157 -0.038954747840762131 0.013568344060331585 0.0048870842438191184
decision_type=10 8 8 10 10 8 8 10 10 10 8 8 10 10
left_child=2 3 9 4 13 7 -3 -4 -5 -1 -7 -8 -6 -2
right_child=1 6 5 8 12 10 11 -9 -10 -11 -12 -13 -14 -15
leaf_value=-0.044295802295747574 -0.0042412505720944007 0.02341295075742859 -0.0022596915980437563 -0.00087430799471836589 0.0068248657156321519 -0.0044134560196243842 0.035988237222461951 -0.025506845342659314 0.012093011943288816 -0.031845214220700309 -0.015911424283277947 0.014436393938582088 -0.0034807159321485755 -0.01852820364547823
leaf_weight=4559.8686404079199 2547.1078496873379 18447.914146959782 1253.9100320190191 3729.1394243836403 5881.8356252163649 6682.4219805747271 865.87092390656471 9675.4933372735977 10764.319033056498 9426.8371256142855 6290.264730066061 25981.688421502709 8937.9941221922636 5023.449007153511
leaf_count=27015 13329 88848 6689 18971 29635 35397 4208 53929 53635 53933 34082 127271 46125 27025
internal_value=-9.77998e-05 0.0105961 -0.0232891 0.000866927 -0.00424281 -0.0158784 0.0185166 -0.0228442 0.00875824 -0.035933 -0.00999661 0.0151446 0.000611306 -0.0137333
internal_weight=120068 82179.3 37888.8 36883.8 22390.4 23902.1 45295.5 10929.4 14493.5 13986.7 12972.7 26847.6 14819.8 7570.56
internal_count=620092 409047 211045 188720 116114 130097 220327 60618 72606 80948 69479 131479 75760 40354
is_linear=0
shrinkage=0.05


Tree=7
num_leaves=15
num_cat=0
split_feature=0 0 0 0 71 71 71 70 68 74 74 0 27 27
split_gain=14941.2 1937.43 1834.56 333.286 259.967 252.777 233.398 217.723 218.228 308.301 201.662 172.181 168.428 159.962
threshold=0.023680896498262886 0.031090458855032924 0.018278241157531742 0.014977000188082458 -0.0082825054414570314 -0.0082825054414570314 0.0013411640538834038 -0.044312106445431702 -0.074138201773166643 -0.015850028023123738 -0.019179445691406723 0.036887247115373618 1.0079106092453005 0.8460710644721986
decision_type=2 2 2 2 2 2 2 2 10 2 2 2 2 2
left_child=2 4 3 -1 -2 -4 7 -3 9 -9 -8 -12 -7 -6
right_child=1 6 5 -5 13 12 10 8 -10 -11 11 -13 -14 -15
leaf_value=-0.045996462848474251 0.010157216034367493 -0.012104540233802733 -0.0051553857952878306 -0.031727689500695086 -0.0060427259033836792 -0.022025726442607904 -0.014583015483937945 0.059427943800247032 0.020582770183551421 0.022049246773809077 0.009389548709644974 0.017881714429998998 -0.011652195419796094 0.0027856666910856653
leaf_weight=6870.6963926404715 6484.9884507805109 465.39096572995186 4578.1539370566607 10517.638322681189 9568.2851070612669 11190.722911328077 562.05329485237598 907.3602077960968 20931.720975905657 1435.8853341788054 8397.344887688756 20968.030700579286 6078.294973179698 11041.345555365086
leaf_count=41688 32606 2294 24446 60752 49439 61686 2711 4241 100577 6813 41481 101027 33449 57098
internal_value=3.72987e-05 0.0123344 -0.0252718 -0.0373889 0.00143435 -0.015615 0.0178361 0.0215442 0.0222219 0.0367142 0.0148885 0.0154573 -0.0183833 -0.00131397
internal_weight=119998 80762.4 39235.5 17388.3 27094.6 21847.2 53667.8 23740.4 23275 2343.25 29927.4 29365.4 17269 20609.6
internal_count=620308 398287 222021 102440 139143 119581 259144 113925 111631 11054 145219 142508 95135 106537
is_linear=0
shrinkage=0.05


Tree=8
num_leaves=15
num_cat=0
split_feature=4 51 4 51 4 57 71 69 69 71 57 71 71 70
split_gain=9941.15 1832.17 1117.68 534.131 525.444 334.525 239.179 205.963 205.19 218.06 203.01 158.384 184.663 176.559
threshold=0.058333335444331176 -0.081005297601222978 0.15833333879709247 -0.065919917076826082 0.025000001303851608 0.035083694383502013 -0.017686145380139347 0.0096080959774553793 -0.048130543902516358 0.04727261699736119 0.0262532401829958 -0.014376746024936436 0.00064298618235625337 0.001661030750256032
decision_type=8 10 10 10 10 10 2 8 8 2 10 2 2 2
left_child=1 5 3 10 6 7 -3 -1 9 11 -2 -4 -13 -14
right_child=2 4 8 -5 -6 -7 -8 -9 -10 -11 -12 12 13 -15
leaf_value=0.0041824293082020573 0.0035847104337232193 -0.011149629010607488 0.020220096952690718 -0.0028381052961735428 -0.016816381533555767 0.0024403736147672623 -0.032269707662948316 -0.014607492731171493 0.016188575396428973 0.00058917799265464335 0.013562391692750256 0.056592339654883694 0.01070163255269934 0.043966778333280609
leaf_weight=1768.6715533733368 7977.4575230777264 1470.2747817486525 2043.25739133358 12864.821465671062 11162.774934977293 8014.7249950319529 16955.745568007231 8201.9050627499819 31937.155305624008 688.6070549339056 14159.020280227065 948.83161707222462 758.59693601727486 851.32217003405094
leaf_count=9205 40222 8291 9570 66924 61561 41227 100035 45175 153095 3331 69343 4438 3585 4019
internal_value=-9.00824e-06 -0.0177539 0.0116796 0.00526283 -0.025402 -0.00516428 -0.0305914 -0.0112735 0.0177096 0.0268433 0.00996992 0.030762 0.0390685 0.028455
internal_weight=119803 47574.1 72229.1 35001.3 29588.8 17985.3 18426 9970.58 37227.8 5290.62 22136.5 4602.01 2558.75 1609.92
internal_count=620021 265494 354527 176489 169887 95607 108326 54380 178038 24943 109565 21612 12042 7604
is_linear=0
shrinkage=0.05


Tree=9
num_leaves=15
num_cat=0
split_feature=0 0 0 0 71 71 0 27 69 27 0 69 73 27
split_gain=12653.9 1767.49 1381.1 255.447 234.63 223.686 185.846 174.221 161.315 138.104 137.799 129.696 139.12 125.724
threshold=0.022996764630079273 0.030631781555712227 0.017104342579841617 0.020047173835337165 -0.0090665640309452993 0.0013411640538834038 0.014243142679333689 0.83986821770668041 -0.12003959342837332 0.93024995923042308 0.037131877616047866 0.041767353191971786 0.32778233289718633 0.76438334584236156
decision_type=2 2 2 2 2 2 2 2 10 2 2 8 2 2
left_child=2 4 6 9 11 8 -1 -6 -3 -4 -7 -2 -13 -5
right_child=1 5 3 13 7 10 -8 -9 -10 -11 -12 12 -14 -15
leaf_value=-0.045890111594896019 0.002102848437822962 0.03016110361528327 -0.028486961009347767 -0.020129404617720101 -0.007018649396429346 0.007893519703257303 -0.033311871569997695 0.0019467782561946945 0.017727935628390437 -0.017154564638019128 0.015092233776654154 0.043327077583674739 0.011929918561510759 -0.0091018936002170408
leaf_weight=4993.6147958487272 3518.8789271861315 2987.0355879068375 5851.4649995714426 3806.1638334393501 9930.7884239256382 9681.72707888484 7667.5437112003565 11904.664129734039 21654.84272582829 5101.5164560526609 21482.722908958793 400.6568419188261 2635.1652644127607 8126.5393181890249
leaf_count=31820 17596 13955 33810 21183 51826 47547 46368 61931 102709 29278 102141 1957 13400 44822
internal_value=-4.48416e-05 0.0105162 -0.0250558 -0.0177123 0.000358948 0.0156825 -0.0383051 -0.00213205 0.0192467 -0.0232292 0.0128591 0.00864775 0.0162022 -0.0126332
internal_weight=119743 84196.5 35546.8 22885.7 28390.2 55806.3 12661.2 21835.5 24641.9 10953 31164.4 6554.7 3035.82 11932.7
internal_count=620343 413062 207281 129093 146710 266352 78188 113757 116664 63088 149688 32953 15357 66005
is_linear=0
shrinkage=0.05


Tree=10
num_leaves=15
num_cat=0
split_feature=2 2 2 27 9 2 68 69 70 2 69 2 68 27
split_gain=10344.3 1727.69 1133.27 387.996 205.114 201.013 197.415 177.63 192.51 175.025 160.047 156.347 150.631 138.295
threshold=0.023285069502890113 0.016415116377174858 0.030613576993346218 0.84296813607215892 -0.009779560845345257 0.012087246868759395 0.023563451133668426 -0.038954747840762131 -0.0072101396508514872 0.020115532912313942 0.11935003474354745 0.020215806551277641 -0.015703483484685418 0.80663570761680614
decision_type=2 2 2 2 2 2 10 8 2 2 8 2 8 2
left_child=1 5 4 11 -2 -1 -4 -8 10 -5 -9 -3 -7 -6
right_child=2 3 6 9 13 12 7 8 -10 -11 -12 -13 -14 -15
leaf_value=-0.044780516333012672 0.0083335662237034869 -0.025215625668466059 0.017826813618751238 -0.012733933280268193 -0.0059003005681094647 -0.0087952509436072853 0.034800990052453691 0.017217757923467039 0.0089675681773105694 -0.0025326010695637859 0.053209651582273199 -0.013562851857896905 -0.032225319875407769 0.0031013420685084949
leaf_weight=3349.644027531147 9618.5839099287987 6197.1297029256821 29373.457125231624 8879.4978784620762 7463.9297170639038 743.95930199325085 771.14382982254028 1140.5495449900627 17888.814657121897 7989.8646752089262 422.91989724338055 5458.7604387700558 10412.44798848033 9933.8502105176449
leaf_count=21729 47673 35855 138133 50333 38572 4362 3598 5438 85501 42715 2006 29844 64235 50734
internal_value=-0.000298847 -0.0199132 0.0107191 -0.0127613 0.00247837 -0.0339586 0.0152066 0.011394 0.0104486 -0.00790662 0.0272299 -0.0197746 -0.0306722 -0.00076168
internal_weight=119645 43031.3 76613.2 28525.3 27016.4 14506.1 49596.9 20223.4 19452.3 16869.4 1563.47 11655.9 11156.4 17397.8
internal_count=620728 249073 371655 158747 136979 90326 234676 96543 92945 93048 7444 65699 68597 89306
is_linear=0
shrinkage=0.05


Tree=11
num_leaves=15
num_cat=0
split_feature=0 0 0 73 69 73 0 73 69 0 0 0 69 28
split_gain=10758.3 1557.51 1263.66 207.256 248.01 200.837 196.626 193.409 217.347 202.101 129.731 104.957 103.623 115.048
threshold=0.022885529324412349 0.030326780863106254 0.017347819171845916 0.31657269597053533 0.030398579314351085 0.48096726834774023 0.013816365506500007 0.32263550162315374 0.042283250018954284 0.04088298790156842 0.019604117609560493 0.025434809736907486 -0.12003959342837332 1.0349949002265932
decision_type=2 2 2 2 10 2 2 2 10 2 2 2 8 2
left_child=2 3 6 4 -2 -4 -1 8 12 -9 -7 -5 -3 -14
right_child=1 7 5 11 -6 10 -8 9 -10 -11 -12 -13 13 -15
leaf_value=-0.045349678863396893 0.006239932476302521 0.026659626338205039 -0.0078596522764824307 -0.0060091655809815956 0.046934711414967058 -0.024638397204246796 -0.031825084939478963 0.0091857471086297642 0.046829412761604343 0.015841569833702718 -0.015321085688868603 0.00075207763677336828 0.020702901572284636 0.0085822779565410644
leaf_weight=3977.2578948289156 2911.8197659254074 2740.9250330030918 5432.4295511692762 9149.051600664854 420.47045560181141 6249.8639994263649 8938.9775033891201 21219.476637095213 705.06454949080944 24808.621608436108 9516.7479458898306 15369.996971026063 4430.9372996389866 3542.8805501610041
leaf_count=26778 14549 12577 30629 48924 2048 37151 56276 102239 3269 115997 53894 78756 20683 16581
internal_value=3.18561e-05 0.00952295 -0.0236948 -0.000180729 0.0114999 -0.0161709 -0.0360215 0.0142266 0.0200578 0.0127758 -0.0190277 -0.00177224 0.0182541 0.015335
internal_weight=119415 85299.2 34115.3 27851.3 3332.29 21199 12916.2 57447.9 11419.8 46028.1 15766.6 24519 10714.7 7973.82
internal_count=620351 415623 204728 144277 16597 121674 83054 271346 53110 218236 91045 127680 49841 37264
is_linear=0
shrinkage=0.05


Tree=12
num_leaves=15
num_cat=0
split_feature=1 4 1 73 69 73 4 4 68 4 27 69 71 69
split_gain=6908.73 1587.16 814.644 597.334 379.446 284.024 262.163 216.154 223.397 213.251 147.533 144.668 141.422 139.638
threshold=0.014423772692680361 0.091666668653488173 0.010234802030026914 0.32263550162315374 0.034279244020581252 0.6410336196422578 0.041666667908430106 0.041666667908430106 -0.015703483484685418 0.20833333581686023 1.0079106092453005 -0.12003959342837332 0.042148336768150337 -0.13153804093599317
decision_type=10 8 8 2 8 2 10 8 10 8 2 8 2 10
left_child=2 3 -1 4 13 11 10 8 -4 -7 -5 -3 -13 -2
right_child=1 5 7 6 -6 9 -8 -9 -10 -11 -12 12 -14 -15
leaf_value=-0.031990509095845714 0.031249421795249272 0.026838646806267925 -0.0014857404342911835 -0.015184366823242597 0.052002416880321069 0.0017985930607344145 -0.00076744397621331117 -0.0072513039050822216 -0.020845844453100542 0.011838085364660658 -0.0034849982921628083 0.014475339971334251 -0.0014161082579568956 0.0053837899368550119
leaf_weight=10479.066705659032 582.94897925853729 2268.9116417616606 1709.1869538128376 7256.124633744359 546.91378432512283 9614.4846732765436 14637.275976449251 6493.626778036356 11697.786052525043 11759.585062593222 4294.7680449187756 32006.546476751566 1462.2528844475746 4413.3809422850609
leaf_count=68473 2777 10284 9503 40365 2616 47559 75257 35730 70338 55492 23237 150119 6921 21600
internal_value=-0.000129367 0.00690913 -0.0207085 -0.0020563 0.0128402 0.0118898 -0.00521313 -0.0147546 -0.0183807 0.00732507 -0.0108412 0.0146171 0.0137808 0.00845807
internal_weight=119223 88843.2 30379.7 31731.4 5543.24 57111.8 26188.2 19900.6 13407 21374.1 11550.9 35737.7 33468.8 4996.33
internal_count=620271 436227 184044 165852 26993 270375 138859 115571 79841 103051 63602 167324 157040 24377
is_linear=0
shrinkage=0.05


Tree=13
num_leaves=15
num_cat=0
split_feature=0 0 0 27 73 73 69 27 0 0 74 74 73 69
split_gain=9153.59 1242.41 1116.44 225.051 191.327 186.539 170.659 143.945 140.963 128.8 127.584 136.39 115.447 109.364
threshold=0.022773941978812221 0.030040274374186996 0.016854638233780864 0.95429557561874401 0.31657269597053533 0.6410336196422578 0.030398579314351085 0.80663570761680614 0.013060470111668112 0.020366174168884758 0.00034107784449588513 -0.017201921902596947 0.48096726834774023 -0.12003959342837332
decision_type=2 2 2 2 2 2 10 2 2 2 2 2 2 10
left_child=2 4 8 9 6 13 -2 -6 -1 -4 11 -7 -5 -3
right_child=1 5 3 12 7 10 -8 -9 -10 -11 -12 -13 -14 -15
leaf_value=-0.045575002059630138 0.0064674865277789262 0.022108023963457776 -0.024934423717075271 -0.0011809886001024014 -0.0066861035140026118 -0.012268279562168211 0.039940420628546802 0.001232202050272213 -0.032223129704179898 -0.014587398821542981 0.0051720005828401229 0.015179575150363412 -0.013565623944215691 0.013606080955760125
leaf_weight=2715.2187052965164 2853.3703677654266 4261.3330891877413 7001.5493631213903 2582.2140711545944 9454.9054193049669 475.36673468351364 430.61598572134972 14575.476619154215 8226.8192598372698 5377.7812356650829 11509.170026376843 7262.0231306105852 6946.7664790600538 35409.165545895696
leaf_count=19280 14204 19403 42522 14635 49786 2245 2038 75910 54411 30772 54763 34468 40857 165087
internal_value=-7.8202e-05 0.00847808 -0.022534 -0.0160075 -0.000336472 0.0125639 0.0109646 -0.00188479 -0.0355749 -0.0204549 0.00851703 0.0134796 -0.0102143 0.0145247
internal_weight=119082 86231.4 32850.3 21908.3 27314.4 58917.1 3283.99 24030.4 10942 12379.3 19246.6 7737.39 9528.98 39670.5
internal_count=620381 417904 202477 128786 141938 275966 16242 125696 73691 73294 91476 36713 55492 184490
is_linear=0
shrinkage=0.05


Tree=14
num_leaves=15
num_cat=0
split_feature=0 0 0 71 71 71 70 72 70 0 68 71 72 70
split_gain=8335.41 1248.28 1007.5 226.732 204.067 193.029 175.665 191.262 161.116 138.315 129.512 205.256 175.822 165.071
threshold=0.022326637059450153 0.029891160316765312 0.016315237618982795 -0.0082825054414570314 0.001149674935732037 -0.0082825054414570314 -0.044312106445431702 0.014131831005215647 0.016249115578830246 0.019495052285492424 0.01814153511077166 0.055846257135272033 0.016811436042189602 -0.0092208762653171999
decision_type=2 2 2 2 2 2 2 10 2 2 8 2 8 2
left_child=2 3 -1 -2 6 -4 -3 -8 -9 -7 11 13 -12 -6
right_child=1 4 5 -5 10 9 7 8 -10 -11 12 -13 -14 -15
leaf_value=-0.036490638681731087 0.0070038651731132544 -0.014526505355228987 -0.0071739482978165764 -0.0034138189987921435 -0.0015408079042329719 -0.023560815085837371 0.01322402112303395 0.026828077697687264 0.0043579924977862226 -0.01453161376611955 0.0080092380088703855 -0.0081397675666898626 -0.011424794048937814 0.01781960162888848
leaf_weight=9166.7546819299459 6858.7262465208769 484.35216754674911 4296.8296515643597 21788.351929306984 1247.3123464286327 8546.3357379287481 19651.728462412953 5176.0071176886559 947.89198806881905 8577.3427241146564 20656.423591703176 997.35177683830261 1224.6987567096949 9278.3059309124947
leaf_count=63726 34578 2292 24848 115089 5794 53568 91070 23464 4310 50181 97694 4718 5797 43177
internal_value=-0.000130593 0.00766086 -0.0226211 -0.000918028 0.0117794 -0.0166715 0.0150792 0.015641 0.0233628 -0.0190492 0.00918155 0.0134724 0.00691678 0.0155261
internal_weight=118898 88311.2 30587.3 28647.1 59664.1 21420.5 26260 25775.6 6123.9 17123.7 33404.1 11523 21881.1 10525.6
internal_count=620306 427983 192323 149667 278316 128597 121136 118844 27774 103749 157180 53689 103491 48971
is_linear=0
shrinkage=0.05


Tree=15
num_leaves=15
num_cat=0
split_feature=2 2 2 27 69 2 27 70 69 2 57 27 18 18
split_gain=6473.36 1119.01 820.934 289.923 206.399 193.211 167.387 157.41 185.009 117.846 117.711 115.984 114.097 99.0203
threshold=0.022426685318350795 0.016415116377174858 0.030119460076093677 0.83692023158073436 -0.13153804093599317 0.011824679095298054 0.80663570761680614 -0.044312106445431702 -0.13803395628929135 0.039575742557644851 0.018007689155638221 1.0079106092453005 56.199542999267585 50.831090927124031
decision_type=2 2 2 2 8 2 2 2 8 2 10 2 2 2
left_child=1 5 4 12 -2 -1 10 -4 -9 -10 -6 -7 -3 -5
right_child=2 3 7 13 6 11 -8 8 9 -11 -12 -13 -14 -15
leaf_value=-0.041234388551623063 0.035909754486067917 -0.01314973931249418 -0.018122917232313903 -0.002084162340678809 -0.0103920125649679 -0.030326513291968494 0.0036244061268413761 0.031733610758024347 0.008630162116333261 0.013502670842168397 8.2669431295865671e-05 -0.019494881179887333 -0.024372498817960862 -0.010373030080775877
leaf_weight=2640.2430724948645 410.175064265728 5640.1260848045349 433.696492806077 6831.6302263587713 4532.1681469380856 6279.4143621176481 17722.315591365099 1135.6690875142813 22057.245535597205 28630.438021272421 6549.2077043056488 4219.778661608696 3839.6155437976122 7628.8618937730789
leaf_count=19426 1902 33045 2061 38035 23969 42579 89462 5006 103601 131014 33419 28062 23281 44630
internal_value=-4.99062e-05 -0.0173659 0.00783225 -0.0109235 0.00111886 -0.0290869 0.000611136 0.0115844 0.0118364 0.0113845 -0.00420687 -0.0259958 -0.0177162 -0.00646123
internal_weight=118551 37079.7 81470.9 23940.2 29213.9 13139.4 28803.7 52257 51823.4 50687.7 11081.4 10499.2 9479.74 14460.5
internal_count=619492 229058 390434 138991 148752 90067 146850 241682 239621 234615 57388 70641 56326 82665
is_linear=0
shrinkage=0.05


Tree=16
num_leaves=15
num_cat=0
split_feature=0 0 0 27 73 69 0 70 69 0 73 27 0 0
split_gain=6822.69 971.715 949.819 224.896 174.232 179.755 164.907 139.829 142.523 139.586 126.136 119.217 82.0462 79.4481
threshold=0.022662840783596042 0.029457627795636657 0.016449724324047569 0.8158058524131776 0.31657269597053533 0.030398579314351085 0.034917909651994712 -0.044312106445431702 -0.13803395628929135 0.014243142679333689 0.47120265662670141 0.65107896924018871 0.018510864116251472 0.019389332272112373
decision_type=2 2 2 2 2 10 2 2 8 2 2 2 2 2
left_child=2 4 9 13 5 -2 -3 -8 -9 -1 -5 -6 -12 -4
right_child=1 6 3 10 11 -7 7 8 -10 -11 12 -13 -14 -15
leaf_value=-0.040524904584135227 0.0051291270642621215 0.0061324650763806138 -0.026659882973981027 -0.0023056221407632229 -0.010043709184016467 0.039745417922697202 -0.015170578478209294 0.029293956823023899 0.011824616834477213 -0.027926417214765083 -0.020219920405187424 -0.00084266212757725962 -0.01041160332514 -0.016728527822181167
leaf_weight=4203.8279297500849 2657.1595844179392 16212.044428884983 3597.2745032310486 3438.6807428896427 4345.5948298424482 427.51958674192429 460.15702827274799 1194.8073531091213 43706.45697927475 4912.6948944628239 3071.7454977035522 18373.194451570511 7109.0199879556894 4784.4145607799292
leaf_count=31919 13213 77932 23263 19966 23137 1995 2205 5219 200147 34114 19964 96499 41965 28485
internal_value=-0.000106246 0.00705374 -0.020207 -0.0145725 -0.0010912 0.0100397 0.0104666 0.012014 0.0122959 -0.0337739 -0.0105936 -0.00260626 -0.0133879 -0.0210176
internal_weight=118495 87376.9 31117.7 22001.1 25803.5 3084.68 61573.5 45361.4 44901.3 9116.52 13619.4 22718.8 10180.8 8381.69
internal_count=620023 420347 199676 133643 134844 15208 285503 207571 205366 66033 81895 119636 61929 51748
is_linear=0
shrinkage=0.05


Tree=17
num_leaves=15
num_cat=0
split_feature=2 2 2 71 71 27 71 2 69 71 2 27 27 69
split_gain=5445.13 961.004 702.637 258.093 203.334 185.058 167.659 148.003 143.949 133.412 103.537 98.1671 97.6493 81.5514
threshold=0.022111897356808189 0.015576434321701528 0.028917679563164714 -0.0069423320237547151 0.0019161274540238085 0.83692023158073436 0.0013411640538834038 0.0097572309896349924 -0.12291077151894568 -0.017686145380139347 0.040847076103091247 0.88079959154129039 1.1365655064582827 -0.098924212157726274
decision_type=2 2 2 2 2 2 2 2 8 2 2 2 2 8
left_child=1 7 4 -3 8 -5 13 -1 -2 -9 11 -8 -6 -4
right_child=2 3 6 5 12 -7 10 9 -10 -11 -12 -13 -14 -15
leaf_value=-0.048417147244234127 0.033546878447228153 -0.0022583564275181658 0.021394306883424058 -0.020000564974744468 -0.0060082702689130407 -0.0099296762512620425 0.0012877486755665524 -0.0060914138950047434 0.0040391743819522775 -0.029195081356595889 0.010591350177091188 0.0090670158625686306 0.0034477875664239046 0.012195312654479444
leaf_weight=944.73244769126177 418.98925393819809 6067.8879176229239 2725.9488188922405 7822.9289855509996 11070.604529365897 11025.434896737337 8681.9482559561729 680.72337681055069 11528.441219955683 8521.7040246874094 16002.936085551977 7606.4106225073338 3615.4530100375414 21718.134393900633
leaf_count=7435 1938 34322 12049 48706 58267 65894 41294 4530 58095 61558 73061 35893 18588 99113
internal_value=6.77471e-06 -0.016522 0.00695963 -0.0112318 0.000259784 -0.0141179 0.0101042 -0.0294882 0.00510118 -0.0274945 0.00773498 0.00492388 -0.00367959 0.0132295
internal_weight=118432 35063.4 83368.9 24916.3 26633.5 18848.4 56735.4 10147.2 11947.4 9202.43 32291.3 16288.4 14686.1 24444.1
internal_count=620743 222445 398298 148922 136888 114600 261410 73523 60033 66088 150248 77187 76855 111162
is_linear=0
shrinkage=0.05


Tree=18
num_leaves=15
num_cat=0
split_feature=0 0 0 27 0 71 73 72 0 27 0 68 72 68
split_gain=5754.11 828.174 789.881 194.594 176.585 157.575 148.944 182.331 103.601 102.699 101.388 98.7913 217.041 110.954
threshold=0.022326637059450153 0.016315237618982795 0.028600482270121578 1.0120325088500979 0.042496256530284889 -0.0082825054414570314 0.31214115023612982 0.017317797988653186 0.012468064669519665 0.73445886373519909 0.020153836347162727 -0.021990260109305378 0.013226409908384086 0.053030095994472511
decision_type=2 2 2 2 2 2 2 8 2 2 2 10 10 10
left_child=1 8 5 10 6 -2 7 -4 -1 -7 -3 12 -8 -13
right_child=2 3 4 -5 -6 9 11 -9 -10 -11 -12 13 -14 -15
leaf_value=-0.043408128772537122 0.0057222446447018427 -0.02133302851858708 0.02037679394399862 -0.0076988362224575477 0.011883236364951281 -0.0093434206199143732 0.013084958946673435 0.0001825385316154989 -0.029606227607007166 -0.0012522506209443028 -0.012253740131237438 0.006959986688221018 -0.024565143977637437 -0.0038015731905090377
leaf_weight=1790.1630126610398 5759.6040500551462 7794.3655873984098 3732.3462281525135 7758.0496470630169 30409.2931445539 5663.0764932334423 705.610455930233 1594.0376080870628 6611.1013146340847 12716.47451543808 5168.4830838739872 25170.140999704599 814.65171830356121 2640.6432867795229
leaf_count=14616 29101 50661 17063 47268 137272 30763 3303 7315 49068 67721 30884 119434 3820 12660
internal_value=-6.36673e-05 -0.0193573 0.00623639 -0.0139768 0.00910175 -0.00148774 0.00665849 0.0143449 -0.0325953 -0.00374901 -0.0177252 0.00525826 -0.00711901 0.00593717
internal_weight=118328 29122.2 89205.9 20720.9 65066.7 24139.2 34657.4 5326.38 8401.26 18379.6 12962.8 29331 1520.26 27810.8
internal_count=620949 192497 428452 128813 300867 127585 163595 24378 63684 98484 81545 139217 7123 132094
is_linear=0
shrinkage=0.05


Tree=19
num_leaves=15
num_cat=0
split_feature=2 2 2 27 69 27 2 53 68 69 74 68 74 59
split_gain=4478.61 819.26 560.568 245.848 207.207 186.13 114.039 109.071 102.259 181.659 149.865 97.0867 95.887 91.4229
threshold=0.020323263481259349 0.028917679563164714 0.01464848453179002 0.96913447976112377 -0.13153804093599317 0.69702827930450451 0.0097572309896349924 -0.19826467335224149 0.023563451133668426 -0.038954747840762131 0.00050229573389515292 -0.015703483484685418 -0.0059043532237410537 1.5000000000000002
decision_type=2 2 2 2 8 2 2 8 10 8 2 8 2 10
left_child=2 4 6 -4 -2 -6 -1 -7 13 -10 -11 -5 -9 -3
right_child=1 8 3 11 5 7 -8 12 9 10 -12 -13 -14 -15
leaf_value=-0.046761436506752588 0.033361464824975137 0.0087236638783054366 -0.018461526644153382 0.0064354104934598701 -0.0080056979157236263 0.0059009942297924157 -0.027298823448597492 0.005313473989471686 0.028814786455716709 0.010237634558184425 0.0020030242416837125 -0.0092209785219712175 -0.0032644807227466192 0.01409106924397994
leaf_weight=872.42330746352673 428.29862628877163 20891.073180258274 10876.007546916604 1130.5193128585815 7791.834970548749 7459.3168306797743 6416.4865683168173 4234.5420603454113 865.6651648581028 9785.4441120922565 12688.866010934114 7625.2496373429894 14008.83695165813 12882.229211464524
leaf_count=7320 1979 95385 70499 6347 42168 37829 48840 21758 3876 45263 59104 47407 74398 57781
internal_value=6.13923e-05 0.00535968 -0.0178509 -0.0134426 -0.000794847 -0.00124144 -0.0296892 0.000811484 0.00901471 0.00646469 0.00559138 -0.00719444 -0.0012716 0.0107745
internal_weight=117957 91036.1 26920.7 19631.8 33922.8 33494.5 7288.91 25702.7 57113.3 23340 22474.3 8755.77 18243.4 33773.3
internal_count=619954 439541 180413 124253 178132 176153 56160 133985 261409 108243 104367 53754 96156 153166
is_linear=0
shrinkage=0.05


Tree=20
num_leaves=15
num_cat=0
split_feature=0 0 0 72 68 72 27 71 71 68 0 69 71 27
split_gain=4885.87 719.153 661.862 187.64 205.791 175.482 161.919 139.02 131.474 277.741 116.32 94.1774 201.36 89.0764
threshold=0.021887119859457019 0.027802539058029655 0.016449724324047569 0.0064592105336487302 0.051386155188083656 0.016811436042189602 0.82795938849449169 -0.0082825054414570314 0.0019161274540238085 0.033791629597544677 0.012468064669519665 -0.13153804093599317 -0.031000258401036259 0.83098897337913524
decision_type=2 2 2 10 10 10 2 2 2 10 2 8 2 2
left_child=2 7 10 -3 8 -6 -4 -2 9 11 -1 12 -5 -9
right_child=1 3 6 4 5 -7 -8 13 -10 -11 -12 -13 -14 -15
leaf_value=-0.042215677279275651 0.0047858017304706719 0.0031123133905871098 -0.01931065342053416 0.010043429177273721 0.0039166052353252004 -0.021393186296057545 -0.0096830200682882471 -0.0084409283412857517 0.0077857437935823174 0.029244229675020425 -0.027382431155000882 0.010307833864029864 0.04665140890563596 -0.0012340900356222232
leaf_weight=1701.8829790726304 5454.528845757246 14978.749055922031 7223.6176935434341 1102.8299828022718 3942.6665416061878 818.38263347744942 11136.211539164186 7548.9155922085047 23995.542298614979 2370.1927120089531 6695.1846699044108 20474.975745454431 565.75599098205566 9916.6407865434885
leaf_count=14712 27815 70166 47102 4818 18487 3823 69385 41781 111469 10923 51344 92997 2419 53313
internal_value=-2.78189e-05 0.00548597 -0.0188101 0.00805913 0.00944925 -0.000469647 -0.0134794 -0.00217629 0.0104227 0.0129996 -0.0304354 0.0112484 0.0226598 -0.00435206
internal_weight=117926 91169.2 26756.9 68249.1 53270.3 4761.05 18359.8 22920.1 48509.3 24513.8 8397.07 22143.6 1668.59 17465.6
internal_count=620554 438011 182543 315102 244936 22310 116487 122909 222626 111157 66056 100234 7237 95094
is_linear=0
shrinkage=0.05


Tree=21
num_leaves=15
num_cat=0
split_feature=2 2 2 18 27 2 2 27 68 72 68 27 18 53
split_gain=3770.83 809.296 411.956 172.63 159.959 151.173 104.601 102.595 99.4054 86.931 126.418 77.2524 75.532 71.2615
threshold=0.01949305180460215 0.027240579016506675 0.015066210180521013 61.181373596191413 0.98396995663642894 0.039882384240627296 0.0097572309896349924 1.0242075324058535 -0.015703483484685418 0.0063193386886268863 0.051386155188083656 0.70640423893928539 51.603105545043952 -0.33412322402000422
decision_type=2 2 2 2 2 2 2 2 8 10 10 2 2 10
left_child=2 3 6 7 12 9 -1 -2 -8 -3 13 -5 -4 -11
right_child=1 5 4 11 -6 -7 8 -9 -10 10 -12 -13 -14 -15
leaf_value=-0.044377753157489513 -0.0026633031799364291 0.00063230449198979958 -0.0121911646300584 -0.018554402678947573 -0.007304441768309528 0.010216477038948594 -0.0022064414666213552 0.0040525998423592939 -0.026828852527955912 0.012409251006571673 -0.0047167607015389038 -0.0061577772501145945 -0.021792091671436111 0.0061396836777919683
leaf_weight=816.71405332535505 15378.557325348258 7619.1953430771828 3594.212294049561 1640.2095268517733 6445.5749817341566 30094.743013739586 438.34147642552853 9009.8237252086401 6756.8400205597281 6160.1375064700842 2203.8142630904913 5356.4011783450842 4923.6866841316223 17285.675120100379
leaf_count=7300 83418 36203 23290 9487 40230 134581 3077 46702 53174 28263 10500 29595 33483 81065
internal_value=-1.03969e-05 0.00439653 -0.0181782 -0.00216896 -0.0132641 0.00764835 -0.0273281 -0.000181596 -0.025334 0.00532287 0.0067154 -0.00908624 -0.0177599 0.00779153
internal_weight=117724 94748.6 22975.4 31385 14963.5 63363.6 8011.9 24388.4 7195.18 33268.8 25649.6 6996.61 8517.9 23445.8
internal_count=620368 459814 160554 169202 97003 290612 63551 130120 56251 156031 119828 39082 56773 109328
is_linear=0
shrinkage=0.05


Tree=22
num_leaves=15
num_cat=0
split_feature=0 0 0 73 73 69 0 70 69 0 70 73 74 70
split_gain=4127.05 717.114 515.152 165.283 138.727 233.045 121.94 117.628 130.298 100.933 94.5959 74.5406 122.143 98.2677
threshold=0.022885529324412349 0.016315237618982795 0.032792858779430396 0.45992848277091986 0.31657269597053533 0.03979728743433953 0.018962838687002662 -0.044312106445431702 -0.13803395628929135 0.012468064669519665 -0.00042434559145476664 0.6410336196422578 0.00034107784449588513 0.027393514290452007
decision_type=2 2 2 2 2 10 2 2 8 2 2 2 2 2
left_child=1 9 4 -3 5 -2 -5 -4 -9 -1 -6 13 -13 -10
right_child=2 3 7 6 10 -7 -8 8 11 -11 -12 12 -14 -15
leaf_value=-0.040399500933624627 0.0050207115400064603 -0.0033533391873398115 -0.016119766489981962 -0.019297469452033797 0.0030449723002121381 0.041526200282220066 -0.010550315275843417 0.024493297061376814 0.010199365679773705 -0.026106099902623994 -0.0026236286435086923 0.010903736357114748 0.0022001818385622269 -0.0089570002556698634
leaf_weight=1600.2252673879266 4106.4700675457716 4928.5656835138798 466.77262093126774 6290.5987741947174 12137.340320438147 479.87710492312908 11012.211006641388 1292.3539183884859 32996.65779080987 6149.3516196385026 18663.622674807906 6764.3019754290581 9970.7467653900385 676.05252133309841
leaf_count=14637 19774 29809 2195 43518 62051 2163 67618 5498 147473 49068 96560 30854 45896 3040
internal_value=-6.26908e-06 -0.0160143 0.00547651 -0.0114397 0.000819441 0.00892238 -0.0137397 0.00863486 0.00886143 -0.0291058 -0.000389613 0.00845588 0.00572257 0.00981222
internal_weight=117535 29981 87554.2 22231.4 35387.3 4586.35 17302.8 52166.9 51700.1 7749.58 30801 50407.8 16735 33672.7
internal_count=620154 204650 415504 140945 180548 21937 111136 234956 232761 63705 158611 227263 76750 150513
is_linear=0
shrinkage=0.05


Tree=23
num_leaves=15
num_cat=0
split_feature=3 79 73 27 71 3 69 70 69 70 71 73 71 74
split_gain=1744.37 788.196 247.598 197.655 154.451 152.885 145.622 133.199 162.983 283.016 283.141 106.672 114.17 101.706
threshold=0.075000001117587103 0.08812566846609117 0.31657269597053533 0.82795938849449169 0.0013411640538834038 0.22500000149011615 0.03979728743433953 -0.044312106445431702 -0.098924212157726274 -0.0063952023629099122 -0.03858648054301738 0.6410336196422578 0.042148336768150337 0.0008592881786171348
decision_type=2 8 2 2 2 2 10 2 8 2 2 2 2 2
left_child=1 3 6 -1 7 11 13 -2 9 10 -9 12 -6 -3
right_child=4 2 -4 -5 5 -7 -8 8 -10 -11 -12 -13 -14 -15
leaf_value=-0.018388737716332853 -0.01865041949511655 0.001039414543156345 -0.0029662227591824211 -0.0094846054444695203 0.0052112271076933392 0.0068144172431458669 0.033016347684219086 0.010109590724966547 0.0074833736471447759 0.004429830302044916 0.059676205934109529 -0.0034424945318093664 -0.014550960098487839 0.018019966108431089
leaf_weight=10238.112919308245 443.17263530194759 2812.452654093504 21442.764374695718 16034.733972258866 10127.23875528574 17110.357212990522 577.7322196662426 508.78624802827835 24570.308110460639 1253.3084931522608 669.09453704953194 9560.1896251142025 778.05166600644588 1275.4948656708002
leaf_count=69659 2095 13830 120544 105252 48599 77077 2834 2167 112423 5422 2854 47434 3731 6402
internal_value=-5.80817e-05 -0.00684767 -0.00069417 -0.0129601 0.00541191 0.00332786 0.00973186 0.00826302 0.00871149 0.0210417 0.0385312 0.00041099 0.00378923 0.00636862
internal_weight=117402 52381.3 26108.4 26272.8 65020.5 37575.8 4665.68 27444.7 27001.5 2431.19 1177.88 20465.5 10905.3 4087.95
internal_count=620323 318521 143610 174911 301802 176841 23066 124961 122866 10443 5021 99764 52330 20232
is_linear=0
shrinkage=0.05


Tree=24
num_leaves=15
num_cat=0
split_feature=0 0 0 27 73 73 74 74 74 74 27 74 73 74
split_gain=3688.01 617.286 465.737 147.494 128.097 119.013 122.975 119.618 112.127 114.282 86.7579 75.3235 59.8482 59.129
threshold=0.020900378935039047 0.027802539058029655 0.014977000188082458 0.90315562486648571 0.66647708415985119 0.62440380454063427 0.00034107784449588513 -0.018208967521786686 0.017202852293848995 0.019013540819287304 0.69702827930450451 -0.0043106127995997659 0.46937304735183721 0.0051390535663813361
decision_type=2 2 2 2 2 2 2 2 2 2 2 2 2 2
left_child=2 4 -1 -4 10 -3 7 -7 13 -10 -2 -6 -5 -8
right_child=1 5 3 12 11 6 8 -9 9 -11 -12 -13 -14 -15
leaf_value=-0.032420107130638684 -0.0063155154225770288 0.0082419224958014715 -0.019389009530240212 -0.0027442770193684112 0.0037184313902967081 -0.0156095791831889 -0.00412892360345364 0.0093071048699857242 0.034830905084947843 0.0049901611555907711 0.0018951253431672783 -0.0095465825768317747 -0.012435925458745388 0.0026177709272943227
leaf_weight=4714.7217609882355 4158.2659111618996 43957.979501470923 8519.7565077245235 2091.8152304291725 1259.9046688377857 497.6934110224247 6148.4634035080671 9808.404814094305 440.64942413568497 1128.9490185678005 14092.560114070773 6925.5735512524843 6760.1643472760916 6861.0864173620939
leaf_count=41811 23241 199006 59759 13162 6968 2294 28906 45473 2022 5278 76003 38867 45835 32162
internal_value=-8.37688e-05 0.00418397 -0.0184881 -0.0146904 -0.00230987 0.00667762 0.0039122 0.00808988 0.000955448 0.0135351 2.19799e-05 -0.00750279 -0.0101514 -0.000571517
internal_weight=117366 95279.5 22086.5 17371.7 26436.3 68843.2 24885.2 10306.1 14579.1 1569.6 18250.8 8185.48 8851.98 13009.5
internal_count=620787 460220 160567 118756 145079 315141 116135 47767 68368 7300 99244 45835 58997 61068
is_linear=0
shrinkage=0.05


Tree=25
num_leaves=15
num_cat=0
split_feature=0 0 0 73 69 72 71 84 71 68 0 73 69 68
split_gain=3383.65 531.686 448.478 150.803 167.947 143.588 139.171 177.043 119.531 105.467 100.461 96.9544 283.166 131.135
threshold=0.020900378935039047 0.027931459248065952 0.016315237618982795 0.67617759108543407 0.12981175631284717 0.0064592105336487302 0.036813231185078628 2.5000000000000004 -0.0082825054414570314 0.044384431093931205 0.012468064669519665 0.31214115023612982 0.042283250018954284 -0.021990260109305378
decision_type=2 2 2 2 10 10 2 2 2 8 2 2 10 10
left_child=2 3 10 4 -2 -3 11 -8 -4 -9 -1 12 -7 -13
right_child=1 5 8 -5 -6 6 7 9 -10 -11 -12 13 -14 -15
leaf_value=-0.03940383965694233 -0.00019226250950748832 0.0021035474535410158 -0.0034867876464458811 -0.007836712702033467 0.032719542505076103 0.01042358992867657 -0.0073725334189224312 0.019109483675156601 -0.014868786558174654 -0.0084594151062962371 -0.024726389169352655 -0.0028753100377335193 0.042439400198841182 0.0081079922601398867
leaf_weight=1499.4473100975156 18824.529407039285 14956.98634827137 2891.8481856286526 7585.5971936434507 385.76977913081646 10444.374152541161 3191.5523835122585 1356.9064140170813 11533.122660629451 458.3699918538332 5880.621693007648 2946.469193354249 731.2551828622818 34310.482062533498
leaf_count=14620 102269 69483 18234 42591 2160 46131 14726 6214 78601 2132 49033 13300 3167 156998
internal_value=2.70108e-05 0.00409699 -0.0177347 -0.00187258 0.000485332 0.00643564 0.00764751 -0.000287993 -0.012591 0.0121399 -0.0277578 0.00846776 0.0125545 0.00723884
internal_weight=116997 95192.3 21805 26795.9 19210.3 68396.4 53439.4 5006.83 14425 1815.28 7380.07 48432.6 11175.6 37257
internal_count=619659 459171 160488 147020 104429 312151 242668 23072 96835 8346 63653 219596 49298 170298
is_linear=0
shrinkage=0.05


Tree=26
num_leaves=15
num_cat=0
split_feature=0 0 0 27 27 70 69 0 27 27 24 68 68 0
split_gain=3055.14 681.798 382.022 133.795 128.937 123.981 160.846 123.23 71.9051 71.5275 56.5531 54.947 54.6891 54.5311
threshold=0.020366174168884758 0.027802539058029655 0.014977000188082458 1.0461570024490359 0.81885874271392833 -0.044312106445431702 -0.13803395628929135 0.037131877616047866 0.44305971264839178 0.54760316014289867 -0.063412282615900026 0.038457298651337631 0.036895120516419418 0.01037111133337021
decision_type=2 2 2 2 2 2 8 2 2 2 2 10 10 2
left_child=2 3 13 9 -4 -3 10 8 -8 -2 -7 12 -10 -1
right_child=1 5 4 -5 -6 6 7 -9 11 -11 -12 -13 -14 -15
leaf_value=-0.047290172663185755 -0.013638736932799595 -0.0183805084959963 -0.020277489195664054 0.0017128269672042826 -0.010733654227415998 0.010958668541541712 -0.0096794786468899982 0.0077766747913438159 0.0047025316496966292 -0.0043394364229216702 0.031202182771610656 -0.00045291896760380585 0.02156258496272127 -0.028912268178828471
leaf_weight=474.22446423768997 2364.708255559206 501.01657205820084 5683.4174394533038 9700.4744972735643 9500.5556120947003 609.23490618169308 1000.5296331644058 39698.92217387259 20260.041378602386 16204.929323062301 836.40994021296501 5655.5369154512882 483.62708292901516 3992.3714564964175
leaf_count=4902 13516 2370 41552 52661 65571 2556 4779 176234 95504 90770 3545 27370 2324 36598
internal_value=-0.000137155 0.0034945 -0.0181148 -0.00304523 -0.0143169 0.0061722 0.00635432 0.00599655 0.00341546 -0.00553034 0.0228049 0.00391524 0.00510581 -0.0309648
internal_weight=116966 97315.4 19650.6 28270.1 15184 69045.3 68544.3 67098.7 27399.7 18569.6 1445.64 26399.2 20743.7 4466.6
internal_count=620252 471629 148623 156947 107123 314682 312312 306211 129977 104286 6101 125198 97828 41500
is_linear=0
shrinkage=0.05


Tree=27
num_leaves=15
num_cat=0
split_feature=1 57 3 1 72 53 27 73 53 70 73 69 69 73
split_gain=1785.31 404.252 234.303 231.487 186.223 150.172 113.922 108.638 96.9567 95.3953 99.2884 354.124 158.359 146.356
threshold=0.012704359833151104 0.026527546346187595 0.12500000372529033 0.0091191297397017496 0.0064592105336487302 -0.21743769943714139 0.75264030694961559 0.45128867030143743 -0.15829881280660626 -0.044312106445431702 0.31657269597053533 0.03979728743433953 0.054912677034735687 0.32778233289718633
decision_type=10 10 2 8 10 8 2 2 8 2 2 10 10 2
left_child=3 2 5 -1 -3 -2 -7 -5 -9 -6 11 -11 -13 -12
right_child=1 4 -4 7 9 6 -8 8 -10 10 13 12 -14 -15
leaf_value=-0.023805125143974926 0.0032775239298788715 0.00026251300661358937 0.0032131820972247805 -0.0019901197867443123 -0.014098377512352701 -0.011712993816644507 -0.0036004875975842671 -0.0026838472711942403 -0.015539741071664729 0.008379059261830751 -0.019544714833931248 0.059144658211979353 0.018749352630749706 0.0061357247732630078
leaf_weight=4927.2861986383796 4969.8016494587064 14193.808211274445 17104.358864225447 2632.9275377243757 527.62944969534874 6709.3992459699512 12197.516682125628 1770.6557482033968 8664.9626703336835 10318.620510190725 555.34140793979168 500.363804012537 488.27433899044991 31259.077960379422
leaf_count=43783 25725 69715 78945 16899 2522 39697 69091 11601 62512 46102 2560 2197 2141 146806
internal_value=-9.15238e-05 0.00254654 -0.00125257 -0.0145718 0.00523792 -0.00445167 -0.006484 -0.011075 -0.0133631 0.00685538 0.00711497 0.0111398 0.0395815 0.00568146
internal_weight=116820 98824.2 40981.1 17995.8 57843.1 23876.7 18906.9 13068.5 10435.6 43649.3 43121.7 11307.3 988.638 31814.4
internal_count=620296 485501 213458 134795 272043 134513 108788 91012 74113 202328 199806 50440 4338 149366
is_linear=0
shrinkage=0.05


Tree=28
num_leaves=15
num_cat=0
split_feature=2 2 2 71 4 69 71 69 69 71 71 68 68 2
split_gain=2141.78 444.391 318.114 173.953 123.924 122.005 118.604 112.825 101.706 119.441 89.2452 78.5396 77.6735 73.2887
threshold=0.01949305180460215 0.025585096329450611 0.013544087763875725 -0.017686145380139347 0.17500000447034839 0.13544805347919467 -0.0093788374215364439 0.090256042778491988 -0.013108383864164351 0.0035428516566753392 0.051627470180392272 0.02659452706575394 -0.015703483484685418 0.0097572309896349924
decision_type=2 2 2 2 8 10 2 8 8 2 2 10 10 2
left_child=2 6 13 -4 10 -5 7 -2 9 -8 11 -3 -11 -1
right_child=1 4 3 5 -6 -7 8 -9 -10 12 -12 -13 -14 -15
leaf_value=-0.041630229620552961 0.00067093743319104524 0.0050280832548599179 0.0031675905431890975 -0.013888855487562281 0.0071898189842247249 0.0099877899186909622 0.032679888656845416 0.019776310531981218 -0.005457542075666115 -0.01678501485209 -0.01476212043689501 -0.00031427429129924592 0.012687247150993012 -0.023601323245191069
leaf_weight=694.53128787875175 4901.2553927302361 22117.806633174419 1853.1124242991209 14837.199199602008 37679.701093271375 548.22642683982849 369.97202999889851 907.55453300476074 17640.91244610399 403.31499765813351 683.77388845384121 9981.8558926284313 476.9664715975523 3458.3926840871572
leaf_count=7355 25015 102965 11435 106298 167346 3885 1957 4754 100226 2165 3267 48560 2660 31579
internal_value=-2.51027e-06 0.0032113 -0.0142944 -0.0112899 0.00523406 -0.0130321 -0.00255894 0.00368477 -0.00447974 0.00925069 0.0029847 0.00336722 -0.000852803 -0.0267092
internal_weight=116555 95163.1 21391.5 17238.5 70463.1 15385.4 24700 5808.81 18891.2 1250.25 32783.4 32099.7 880.281 4152.92
internal_count=619467 458915 160552 121618 322138 110183 136777 29769 107008 6782 154792 151525 4825 38934
is_linear=0
shrinkage=0.05


Tree=29
num_leaves=15
num_cat=0
split_feature=0 0 0 27 27 71 72 84 73 71 74 68 72 74
split_gain=2416.85 444.608 354.263 175.626 127.826 108.485 128.398 119.03 90.4838 88.8868 80.3174 74.2165 179.173 89.2663
threshold=0.020900378935039047 0.029305872507393364 0.014243142679333689 0.82494017481803905 1.0461570024490359 0.048369815573096282 0.0065413338597863921 2.5000000000000004 0.47120265662670141 -0.0065066625829786054 -0.015850028023123738 0.051386155188083656 0.016811436042189602 -0.0043106127995997659
decision_type=2 2 2 2 2 2 10 2 2 2 2 10 10 2
left_child=2 4 -1 -4 9 6 -3 -7 10 -2 -5 -8 13 -13
right_child=1 5 3 8 -6 7 11 -9 -10 -11 -12 12 -14 -15
leaf_value=-0.031002681433218472 0.0018231029271231444 0.0018842015362949484 -0.019123993257830312 0.019981151093847595 0.002781438826582871 -0.013577024966710469 0.0078525949654157465 0.012223742797559604 -0.011384188721334215 -0.0057698108396989694 -0.0044128369374538236 -0.014354142206041202 -0.022626530197218733 0.0088152066186732905
leaf_weight=3144.387232132256 5096.852229565382 14573.387119159102 6770.842447720468 388.6639469563961 10823.49133810401 1435.2520117759705 43448.44774402678 638.20108403265476 8387.7605644464493 15751.020351529121 2187.1753750964999 476.44993421435356 671.50932116806507 2875.7874104231596
leaf_count=31813 26438 66710 50922 2469 57434 6612 193696 2916 60548 88101 14497 2174 3097 13230
internal_value=-0.000139023 0.00322109 -0.0155491 -0.0127932 -0.00162541 0.00561488 0.00599101 -0.00561509 -0.00886962 -0.00391352 -0.000669033 0.00725109 0.000752662 0.00548927
internal_weight=116669 95790.4 20878.8 17734.4 31671.4 64119 62045.6 2073.45 10963.6 20847.9 2575.84 47472.2 4023.75 3352.24
internal_count=620657 460408 160249 128436 171973 288435 278907 9528 77514 114539 16966 212197 18501 15404
is_linear=0
shrinkage=0.05


Tree=30
num_leaves=15
num_cat=0
split_feature=2 2 2 69 57 73 2 23 68 72 73 71 68 68
split_gain=1779.72 360.191 263.978 159.154 134.324 130.855 105.996 93.7979 92.8657 80.8174 98.8746 83.0102 106.675 129.12
threshold=0.01949305180460215 0.03146569803357125 0.015325704123824837 -0.13803395628929135 0.015641913749277595 0.47465904057025915 0.0097572309896349924 0.019828907214105133 -0.020527383312582966 0.0062138757202774295 0.47465904057025915 0.01045523537322879 0.051386155188083656 0.032491734251379974
decision_type=2 2 2 8 10 2 2 2 8 10 2 2 10 10
left_child=2 3 6 -2 7 -4 -1 -5 -8 10 -6 12 13 -11
right_child=1 -3 5 4 9 -7 8 -9 -10 11 -12 -13 -14 -15
leaf_value=-0.039823527946246814 0.031083523912471735 0.0057506524721294972 -0.0004180102163208091 -0.0068657966576878421 0.012184395646206325 -0.011855714118181041 0.0067475238069270686 0.0024462355391720119 -0.020132858323594814 0.0036402638253983039 -0.0048262417653042351 -0.0020711735218249447 -0.019605544464252882 0.017047502255685451
leaf_weight=660.05750420689583 387.86009204387665 50166.053740859032 3325.0422978773713 11109.232968062162 953.58863346278667 10084.977103359997 333.20515448600054 3567.5270551592112 6577.5034916698933 13048.375832915306 7540.838309019804 6145.5720842033625 426.05686555802822 2074.3710187971592
leaf_count=7397 1698 222508 21240 62110 4929 70982 2416 18573 58643 64594 40151 32006 2178 10671
internal_value=-6.59764e-05 0.00283341 -0.0132473 -0.000401087 -0.000680136 -0.00902214 -0.0207095 -0.00460217 -0.0188289 0.00122751 -0.00290454 0.00284601 0.00478958 0.00548937
internal_weight=116400 95419.5 20980.8 45253.4 44865.6 13410 7570.77 14676.8 6910.71 30188.8 8494.43 21694.4 15548.8 15122.7
internal_count=620096 459418 160678 236910 235212 92222 68456 80683 61059 154529 45080 109449 77443 75265
is_linear=0
shrinkage=0.05


Tree=31
num_leaves=15
num_cat=0
split_feature=0 0 0 0 73 69 68 69 69 69 68 73 69 74
split_gain=2011.46 454.804 305.046 114.553 105.268 197.68 115.611 160.479 115.877 112.171 97.0211 90.6594 81.6579 77.5431
threshold=0.020153836347162727 0.026289514265954498 0.014977000188082458 0.04088298790156842 0.31214115023612982 0.03979728743433953 -0.021990260109305378 0.0083855912089347857 -0.011117002926766871 -0.024361428804695603 0.057005966082215316 0.47120265662670141 -0.0020994962542317803 -0.0061176270246505729
decision_type=2 2 2 2 2 10 10 10 8 10 10 2 8 2
left_child=2 10 -1 4 5 -3 7 -6 9 -8 -2 -4 -10 -14
right_child=1 3 11 -5 6 -7 8 -9 12 -11 -12 -13 13 -15
leaf_value=-0.027551416724504535 -0.0027805530481833079 0.0060557989998271146 -0.0043844372081515608 0.0066990834948065462 -0.021054853065236787 0.038079866266729913 0.006233638622991553 0.011144752355511101 -0.017833383091342588 0.029298822662176822 -0.018918230870832851 -0.014152939617390345 0.0073010244450715375 0.0006546781230533402
leaf_weight=4085.0435331016779 22171.799636535347 5606.7664605826139 3064.6723276972771 34076.981160074472 1194.6143611818552 518.02153871953487 2069.639907464385 562.4775258153677 527.10922768712044 701.05463191866875 962.69566451013088 10727.470746673644 5328.4351589083672 24676.864047333598
leaf_count=41733 126680 25284 21049 149369 5622 2202 9719 2623 2534 3323 5689 80802 25087 118340
internal_value=-0.000133339 0.00267022 -0.015557 0.00455476 0.00277933 0.00882198 0.0017215 -0.0107424 0.00238213 0.0121541 -0.00345997 -0.0119871 0.00149168 0.001837
internal_weight=116274 98396.5 17877.2 75262 41185 6124.79 35060.2 1757.09 33303.1 2770.69 23134.5 13792.1 30532.4 30005.3
internal_count=620056 476472 143584 344103 194734 27486 167248 8245 159003 13042 132369 101851 145961 143427
is_linear=0
shrinkage=0.05


Tree=32
num_leaves=15
num_cat=0
split_feature=0 0 0 27 71 27 69 71 70 0 27 71 70 27
split_gain=1852.91 458.608 261.531 125.857 121.57 97.7097 91.9533 302.893 111.154 81.3659 78.7968 82.5036 77.1354 73.9869
threshold=0.019495052285492424 0.026289514265954498 0.014612839557230474 1.1256283521652224 0.048369815573096282 0.81885874271392833 -0.13803395628929135 -0.030130613595247265 0.027393514290452007 0.039141083136200912 0.87120267748832714 -0.0052936824504286042 0.018792944028973583 1.0282697081565859
decision_type=2 2 2 2 2 2 8 2 2 2 2 2 2 2
left_child=2 3 -1 -2 6 -4 7 13 9 10 11 -8 -11 -3
right_child=1 4 5 -5 -6 -7 8 -9 -10 12 -12 -13 -14 -15
leaf_value=-0.028262631141238299 -0.005574599071164657 0.015625483031091309 -0.01850459933772107 0.0023064521525300373 -0.007106720732108252 -0.0091692665010314513 0.006274456800096394 0.047854074803007247 -0.015278857648395486 0.0059827403852525359 0.0052330755920417154 -0.0014911163961138026 0.019625042295779594 -0.011002058981418074
leaf_weight=3450.1448490768671 18326.776740990579 467.21464011073112 4473.6757972314954 6993.088452078402 2227.4738539457321 7599.3816357478499 4660.133288487792 510.89396026730537 696.24801103770733 33304.789506942034 19155.75821210444 12771.30153362453 1061.7511964589357 565.53337968885899
leaf_count=36602 107886 1970 35771 39366 10324 56770 21550 2108 3133 145901 90422 61870 4604 2457
internal_value=-5.46559e-05 0.00242359 -0.0161289 -0.00339788 0.00437812 -0.0126409 0.00472856 0.0167681 0.00446688 0.00466276 0.00302045 0.000587345 0.0064098 0.00107855
internal_weight=116264 100741 15523.2 25319.9 75421.1 12073.1 73193.6 1543.64 71650 70953.7 36587.2 17431.4 34366.5 1032.75
internal_count=620734 491591 129143 147252 344339 92541 334015 6535 327480 324347 173842 83420 150505 4427
is_linear=0
shrinkage=0.05


Tree=33
num_leaves=15
num_cat=0
split_feature=0 0 0 69 72 70 69 72 50 0 0 70 69 13
split_gain=1691.97 333.203 278.695 96.1575 89.588 79.728 127.233 101.452 73.4264 64.3711 55.8571 55.6945 132.107 61.2987
threshold=0.020471171475946907 0.027802539058029655 0.015445953700691463 0.13544805347919467 0.0046126006636768588 -0.044312106445431702 -0.13803395628929135 0.019190592691302303 0.080114342272281661 0.011161927599459888 0.018278241157531742 0.027393514290452007 -0.05704184249043464 -0.12068118155002593
decision_type=2 2 2 10 10 2 8 10 2 2 2 2 10 10
left_child=2 8 9 10 -3 -6 7 -7 -2 -1 -4 13 -13 -8
right_child=1 4 3 -5 5 6 11 -9 -10 -11 -12 12 -14 -15
leaf_value=-0.039614005030711705 -9.6364460063601081e-05 -0.0019751248800067736 -0.014334753998956007 0.012795242334524646 -0.01461814141133882 0.037150767849777111 -0.012063212771568514 0.0095593658497186568 -0.005415689097670812 -0.022016982972760422 -0.0078625689323447677 0.010769900205766729 -0.026226476058994364 0.0050327573261594394
leaf_weight=609.32504533976316 17178.77643147856 5130.4815988391638 6607.8313501775265 428.34317519515753 510.46077370643616 519.4906722009182 519.67395307123661 926.1590543538332 10414.567009344697 4134.9419372975826 6826.8166366368532 487.59665854275227 459.90230503678322 61418.707379162312
leaf_count=7448 95979 23745 52028 3180 2420 2150 2266 3862 58382 41501 46750 2189 2102 276904
internal_value=-8.82803e-05 0.00254723 -0.0139013 -0.0103086 0.00438196 0.00488517 0.00504218 0.0196614 -0.00210527 -0.0243556 -0.0110542 0.00470303 -0.00727397 0.00488739
internal_weight=116173 97565.8 18607.3 13863 69972.5 64842 64331.5 1445.65 27593.3 4744.27 13434.6 62885.9 947.499 61938.4
internal_count=620906 469999 150907 101958 315638 291893 289473 6012 154361 48949 98778 283461 4291 279170
is_linear=0
shrinkage=0.05


Tree=34
num_leaves=15
num_cat=0
split_feature=0 0 0 73 71 68 69 71 72 69 84 73 12 72
split_gain=1487.03 339.177 224.03 102.969 167.205 133.884 140.399 130.139 215.722 189.003 126.483 120.316 104.317 95.2016
threshold=0.019495052285492424 0.026289514265954498 0.014243142679333689 0.6410336196422578 0.051627470180392272 0.042200284078717239 0.11515964940190317 -0.01473757019266486 0.016811436042189602 -0.011117002926766871 1.5000000000000002 0.57635957002639782 0.012961094733327629 0.0048463891725987205
decision_type=2 2 2 2 2 10 10 2 10 8 2 2 8 10
left_child=2 -2 -1 4 5 6 13 10 9 -9 -5 -8 -10 -3
right_child=1 3 -4 7 -6 -7 11 8 12 -11 -12 -13 -14 -15
leaf_value=-0.027271097472131398 -0.0028818517044632641 -0.0026255673622197113 -0.011698548281700034 0.036750222656458185 -0.012398160701484378 0.023031022905882329 -0.012363979523161624 0.022571810857014908 -0.028312738510050464 0.00064252769691335791 0.0023344768091159945 0.0061122751161850819 -0.0014364435661766805 0.0065685626198880359
leaf_weight=2843.7625996768475 25162.133034296334 3013.625855460763 12347.222692906857 485.41313296556473 1319.0179343372583 1065.9182498604059 2018.6534428447485 1020.1395577937365 915.39936092495918 21290.542029976845 582.10837504267693 1549.4088318794966 593.839450776577 41805.676196530461
leaf_count=32031 146838 14016 97335 2172 6080 4871 9253 4666 4235 99554 2634 7031 2784 187319
internal_value=-5.16143e-05 0.00214613 -0.0146298 0.00381844 0.00510969 0.00557907 0.00518994 0.00118322 0.000414199 0.00165489 0.0181795 -0.00434612 -0.0178168 0.00594991
internal_weight=116013 100822 15191 75659.7 50772.3 49453.3 48387.4 24887.4 23819.9 22310.7 1067.52 3568.06 1509.24 44819.3
internal_count=620819 491453 129366 344615 228570 222490 217619 116045 111239 104220 4806 16284 7019 201335
is_linear=0
shrinkage=0.05


Tree=35
num_leaves=15
num_cat=0
split_feature=0 0 0 27 27 73 69 73 69 72 69 69 4 72
split_gain=1448.46 394.737 166.81 121.697 108.219 96.7967 183.592 86.1855 129.426 90.389 119.312 94.1632 77.8105 76.3835
threshold=0.018625820055603984 0.026289514265954498 0.013816365506500007 1.3002992868423464 0.84296813607215892 0.68743640184402477 0.1307504624128342 0.62440380454063427 -0.037229469045996659 0.016811436042189602 -0.011117002926766871 0.017730028368532661 0.12500000372529033 0.013351017143577339
decision_type=2 2 2 2 2 2 10 2 8 10 8 10 8 8
left_child=2 3 -1 5 -4 6 13 -3 -9 10 -10 -11 -12 -2
right_child=1 7 4 -5 -6 -7 -8 8 9 11 12 -13 -14 -15
leaf_value=-0.028434956419541937 -0.0022765486791108086 0.0050234291370424879 -0.019784082547742807 0.0040534262606874592 -0.0091555179405948383 -0.010170358121540901 0.032095346819267949 0.021512276643124648 0.02188437908780845 -0.00041179474722594219 -0.0035230709460581742 -0.023623022287620782 0.0028487259179500136 -0.012482957137571693
leaf_weight=2292.176279425621 14578.230895243585 48188.943846851587 4033.5576736778021 4761.8380567282438 5961.3181921318173 6011.2821749225259 359.04022114723921 775.68555775284767 701.67107394337654 1073.5557905286551 6578.6564452797174 727.26255315542221 17557.899353027344 2088.1766466721892
leaf_count=26817 87236 216310 34843 27312 48372 37228 2188 3484 3182 5007 32747 3346 79848 11758
internal_value=-5.19741e-05 0.00187712 -0.0162747 -0.00321678 -0.0134603 -0.00472069 -0.0027917 0.00375027 0.00151132 0.000921074 0.00170669 -0.00986436 0.00111129 -0.00356205
internal_weight=115689 103402 12287.1 27798.6 9994.88 23036.7 17025.4 75603.7 27414.7 26639 24838.2 1800.82 24136.6 16666.4
internal_count=619678 509646 110032 165722 83215 138410 101182 343924 127614 124130 115777 8353 112595 98994
is_linear=0
shrinkage=0.05


Tree=36
num_leaves=15
num_cat=0
split_feature=0 0 0 69 68 50 69 68 69 68 69 68 70 0
split_gain=1279.67 236.676 208.766 126.862 94.1144 93.4512 114.919 119.621 240.563 93.1748 88.0926 74.7977 70.2777 61.8621
threshold=0.020900378935039047 0.014440089929848911 0.034715661779046066 -0.13153804093599317 -0.019749879837036129 0.04069014638662339 -0.042015798389911645 -0.01657590456306934 0.034879148006439216 0.057005966082215316 0.13544805347919467 -0.028726507909595963 -0.044312106445431702 0.017347819171845916
decision_type=2 2 2 8 8 2 8 10 8 10 10 10 2 2
left_child=1 -1 3 -2 11 6 -5 8 -8 -7 13 -3 -4 -6
right_child=2 4 12 5 10 9 7 -9 -10 -11 -12 -13 -14 -15
leaf_value=-0.024736603447606646 0.024891100242690659 -0.0048614716618168574 -0.014659743163403261 -0.01178936755997298 -0.015570150628109998 -0.0011200235791572657 0.0049428245307110118 0.0019625067820596381 0.038867282112156523 -0.012634959575279402 0.0093308780420804215 0.021320993308375665 0.0048149570906350532 -0.0087876796676911884
leaf_weight=2961.1162327602506 495.11723621189594 792.0199549049139 458.38839907944202 1190.3471278697252 5197.1146640479565 31240.47962333262 2038.1669559180737 10650.50443996489 694.48720906674862 1851.6779069751501 536.25508916378021 403.92260776460171 47485.756202891469 9696.1705966442823
leaf_count=34430 2215 5107 2178 5773 45272 162145 9976 56211 3326 9919 4006 2682 207999 69005
internal_value=-8.37855e-05 -0.0117287 0.00229047 -3.47797e-05 -0.0093984 -0.000298859 0.00303598 0.00436242 0.0136748 -0.00176797 -0.0104455 0.00408497 0.00462574 -0.0111633
internal_weight=115692 19586.6 96104.9 48160.8 16625.5 47665.7 14573.5 13383.2 2732.65 33092.2 15429.5 1195.94 47944.1 14893.3
internal_count=620244 160502 459742 249565 126072 247350 75286 69513 13302 172064 118283 7789 210177 114277
is_linear=0
shrinkage=0.05


Tree=37
num_leaves=15
num_cat=0
split_feature=0 0 0 71 72 72 27 27 69 69 69 72 54 71
split_gain=1177.75 291.382 160.258 118.901 174.113 125.605 116.245 106.092 94.4661 117.274 148.641 114.917 94.6277 92.7606
threshold=0.021887119859457019 0.017104342579841617 0.034917909651994712 0.0019161274540238085 0.016003454104065899 0.0063193386886268863 0.91990244388580333 0.6328435242176057 -0.13153804093599317 0.041767353191971786 0.047683771699666984 0.0070814942009747037 0.57030838727951061 0.011771797668188812
decision_type=2 2 2 2 8 10 2 2 8 8 8 10 10 2
left_child=1 6 3 5 -5 -2 -1 -3 -7 -10 -11 12 -12 -6
right_child=2 7 -4 4 13 8 -8 -9 9 10 11 -13 -14 -15
leaf_value=-0.023797820124678654 -0.0036493672928813673 -0.016253298681199905 0.0045305303968598918 -0.0006423205078010441 -0.035664467460966624 0.028113536311025939 -0.011618206235765278 -0.004322941388449502 0.00020481039278234011 0.033736599715971462 0.0094775321384820421 0.0033829231620196827 0.033664146033749405 -0.010090488970540868
leaf_weight=4070.5676079392433 4982.7180259823799 2171.8050287216902 47504.941850721836 22903.952075839043 441.55699314177036 438.4321047514677 3838.7969998791814 12882.557419843972 7141.9362971335649 558.63683351874352 1157.6256787329912 5235.6085165441036 621.7532666772604 1722.7133512943983
leaf_count=41150 25730 15855 207909 119684 2219 1914 37476 88171 34572 2658 5838 25754 3080 8677
internal_value=-8.16156e-06 -0.0101429 0.00250298 0.000371735 -0.00192624 0.00323202 -0.0179086 -0.00605371 0.00549557 0.00480306 0.00913323 0.00712872 0.0180698 -0.0154482
internal_weight=115674 22963.7 92709.9 45204.9 25068.2 20136.7 7909.36 15054.4 15154 14715.6 7573.62 7014.99 1779.38 2164.27
internal_count=620687 182652 438035 230126 130580 99546 78626 104026 73816 71902 37330 34672 8918 10896
is_linear=0
shrinkage=0.05


Tree=38
num_leaves=15
num_cat=0
split_feature=1 53 54 27 73 69 68 68 53 73 70 69 69 70
split_gain=623.172 214.39 302.894 205.318 170.308 128.114 120.058 110.565 103.975 99.3839 116.924 91.2914 90.0341 87.0798
threshold=0.012704359833151104 -0.20431534200906751 0.48850095272064215 1.0120325088500979 0.31657269597053533 0.029081266373395923 0.0048870842438191184 -0.021990260109305378 -0.047737235203385346 0.68223786354064953 -0.0014585852622985838 0.063591867685318007 -0.011117002926766871 -0.0067627644166350356
decision_type=10 10 10 2 2 10 10 10 8 2 2 10 10 2
left_child=3 9 4 8 5 -3 11 -6 -1 -2 -11 -4 -9 -8
right_child=1 2 6 -5 7 -7 13 12 -10 10 -12 -13 -14 -15
leaf_value=-0.008676744018596921 0.0050640440570461562 0.0011122233327273314 0.0051949317266533571 -0.002082552255607645 -0.022674130104800454 0.029899358361939667 0.010694961181435148 0.0047896309869203593 -0.019048286918431009 0.0080770167731399941 -0.0030370094704936755 0.019237030928007385 -0.0074911258913185497 -8.5894898888545128e-05
leaf_weight=5222.2021495774388 39505.104155682027 3231.1110229790211 4063.2257004007697 6574.7595173418522 1086.0171282887459 429.14175274968147 2074.4397181645036 1652.3421232551336 4539.2585750371218 3204.7158202603459 8958.5310115665197 1615.3356604278088 14844.521638132632 18468.662165313959
leaf_count=41372 180800 15591 18860 51895 5520 2012 9852 8559 41586 15161 43513 7602 85654 92177
internal_value=0.000127884 0.00161923 -0.00080672 -0.00891748 -0.00524306 0.0045596 0.00278795 -0.00728512 -0.0135143 0.00384753 -0.000104508 0.00921617 -0.00625892 0.00100743
internal_weight=115469 99133.1 47464.8 16336.2 21243.1 3660.25 26221.7 17582.9 9761.46 51668.4 12163.2 5678.56 16496.9 20543.1
internal_count=620154 485301 245827 134853 117336 17603 128491 99733 82958 239474 58674 26462 94213 102029
is_linear=0
shrinkage=0.05


Tree=39
num_leaves=15
num_cat=0
split_feature=0 0 0 69 69 73 84 73 69 73 69 73 69 54
split_gain=998.359 219.899 176.365 75.6535 114.682 110.597 85.823 73.3786 153.851 73.0496 66.7714 62.0787 114.568 77.4992
threshold=0.019495052285492424 0.025434809736907486 0.014243142679333689 -0.12003959342837332 -0.10739394277334212 0.20574606955051425 1.5000000000000002 0.6737537980079652 0.12901471555233004 0.47120265662670141 0.13364221900701526 0.62440380454063427 -0.037229469045996659 0.48850095272064215
decision_type=2 2 2 8 8 2 2 2 10 2 8 2 8 8
left_child=2 7 -1 6 5 -5 -3 8 -2 10 -4 13 -13 -6
right_child=1 3 9 4 11 -7 -8 -9 -10 -11 -12 12 -14 -15
leaf_value=-0.023935671058486235 -0.001528629152617239 8.0335704346615655e-05 -0.0049123080239162342 0.0026969402791666326 0.0022345564117956735 -0.029538861000239686 0.016666563419590923 -0.0070829106991698049 0.030192355179951787 -0.011619960691204301 0.020720206033007442 0.019754875714951839 0.00062601922334420165 0.0063572681412740906
leaf_weight=2605.0566955730319 14986.321175724268 1247.2253496050835 2285.9911940395832 524.83606950938702 24919.405450180173 526.49877865612507 2071.9977340102196 6418.5326144918799 382.2540237903595 9363.1134023293853 275.7624681442976 795.2909609824419 28003.321441307664 21026.688116908073
leaf_count=31976 88080 5347 17100 2268 113562 2382 8756 39608 2264 78372 2111 3561 131211 93991
internal_value=8.49218e-05 0.00184982 -0.0121642 0.00307466 0.00275021 -0.0135727 0.0104531 -0.00259729 -0.000720531 -0.0095747 -0.00208323 0.00298158 0.00116095 0.00412224
internal_weight=115432 100902 14529.9 79115.3 75796 1051.33 3319.22 21787.1 15368.6 11924.9 2561.75 74744.7 28798.6 45946.1
internal_count=620589 491030 129559 361078 346975 4650 14103 129952 90344 97583 19211 342325 134772 207553
is_linear=0
shrinkage=0.05


Tree=40
num_leaves=15
num_cat=0
split_feature=0 0 0 73 68 72 74 84 74 72 84 73 72 73
split_gain=988.606 257.549 143.03 91.1498 145.821 79.0594 86.1558 171.948 130.98 125.467 98.3667 115.427 84.9788 74.2139
threshold=0.018735888414084915 0.025434809736907486 0.013060470111668112 0.6737537980079652 0.041905201971530921 0.0046126006636768588 -0.021567674353718754 3.5000000000000004 -0.014844747260212897 0.016511161811649803 3.5000000000000004 0.31214115023612982 0.0097154779359698313 0.47120265662670141
decision_type=2 2 2 2 10 10 2 2 2 10 2 2 10 2
left_child=2 3 -1 4 -2 -3 7 -7 9 10 11 -8 -13 -4
right_child=1 5 13 -5 -6 6 8 -9 -10 -11 -12 12 -14 -15
leaf_value=-0.02809220240195176 -0.0018598496560309761 -0.0023902184621655076 -0.0030543405293357831 -0.0075821833342191699 0.020397870473277114 0.0019497568698099996 0.024715038579920745 -0.022493675765137722 0.0034162587789221786 0.033104875947929928 -0.010088267303637535 0.012704990396857178 -0.013364244248868279 -0.01352905347040932
leaf_weight=1463.9537064656615 16220.650350965559 6145.8986017107964 2124.5158538669348 7138.1406335234642 760.83117271959782 3234.6339295953512 1134.3520515114069 914.79500830173492 65404.032712325454 639.1524216234684 553.95622193813324 825.97105970978737 489.64939679205418 8410.7800373211503
leaf_count=19274 97135 29087 17110 45141 4621 14211 4889 4113 298350 2777 2454 3721 2191 75932
internal_value=0.000102151 0.0016782 -0.0134772 -0.00284554 -0.000851206 0.00305357 0.00351092 -0.00348024 0.0039315 0.013147 0.00880476 0.0131003 0.00297488 -0.0114217
internal_weight=115461 103462 11999.2 24119.6 16981.5 79342.4 73196.5 4149.43 69047.1 3643.08 3003.93 2449.97 1315.62 10535.3
internal_count=621006 508690 112316 146897 101756 361793 332706 18324 314382 16032 13255 10801 5912 93042
is_linear=0
shrinkage=0.05


Tree=41
num_leaves=15
num_cat=0
split_feature=0 0 0 72 70 68 70 72 84 72 68 68 72 70
split_gain=886.839 176.222 168.129 72.9731 69.4342 73.2064 115.717 175.9 121.906 72.7212 142.401 198.11 192.85 136.684
threshold=0.019495052285492424 0.013060470111668112 0.026164467446506027 0.0046126006636768588 -0.044312106445431702 -0.074138201773166643 -0.0063952023629099122 0.019676754251122478 1.5000000000000002 0.016811436042189602 0.05229629389941693 -0.015703483484685418 0.017317797988653186 0.010976834222674372
decision_type=2 2 2 10 2 8 2 10 2 10 10 10 10 2
left_child=1 -1 -2 -4 -5 6 8 -8 -6 -7 11 -11 -13 -14
right_child=2 -3 3 4 5 9 7 -9 -10 10 -12 12 13 -15
leaf_value=-0.028299928662313817 -0.0020298277163669659 -0.0098723057924006846 -0.0026563314363204963 -0.015011149782576902 0.0051406126103863935 0.0035237611575168037 0.019467432717249773 -0.012490170268292685 0.032374538977988455 -0.006675481459751326 -0.020661413632002912 -0.014853615966873011 0.009074767764893462 0.03576121102469499
leaf_weight=1438.662786051631 24521.888643816113 12795.163497589529 5810.4066731035709 511.64251266419888 765.08156710863113 59390.241126671433 751.83117324113846 980.39553275704384 888.90331391990185 3777.5993939191103 865.25895577669144 574.21436357498169 1551.9470074772835 691.44238318502903
leaf_count=19388 144680 109860 27307 2436 3199 269371 3169 4172 3738 16805 4065 2594 6895 3034
internal_value=-7.30859e-05 -0.0117534 0.00157269 0.0027267 0.00316911 0.00330366 0.0104666 0.00141238 0.0198836 0.00293932 -0.00171169 0.000801942 0.0108152 0.0174221
internal_weight=115315 14233.8 101081 76559 70748.6 70236.9 3386.21 1732.23 1653.98 66850.7 7460.46 6595.2 2817.6 2243.39
internal_count=620713 129248 491465 346785 319478 317042 14278 7341 6937 302764 33393 29328 12523 9929
is_linear=0
shrinkage=0.05


Tree=42
num_leaves=15
num_cat=0
split_feature=0 0 0 71 71 72 72 72 73 72 72 72 68 68
split_gain=787.972 203.382 132.123 92.6117 92.5564 112.674 92.5976 114.578 85.4658 176.783 199.772 311.935 134.29 131.384
threshold=0.018735888414084915 0.026289514265954498 0.011161927599459888 -0.017686145380139347 -0.0082825054414570314 0.010468589607626201 0.0064592105336487302 0.0056083500385284433 0.32263550162315374 0.016343498602509502 0.011299594305455686 0.010734383016824724 -0.03380355425179004 -0.021990260109305378
decision_type=2 2 2 2 2 10 10 10 2 8 10 10 10 10
left_child=2 4 -1 -4 5 6 7 -2 9 10 11 -3 -12 -10
right_child=1 8 3 -5 -6 -7 -8 -9 13 -11 12 -13 -14 -15
leaf_value=-0.037135164893410497 0.01173842534109152 0.0078962486494808058 0.0044584617629417822 -0.012472318939437762 -0.0039372136173725768 -0.00633526169494415 0.012794136746067948 -0.017608209367096842 -0.0082807108650943522 -0.00036155412228837044 0.012874628283630153 -0.034188686509522365 0.033431192641754245 0.0023978979884754239
leaf_weight=504.17019996792078 643.45937806367874 2553.9973592013121 870.9842429831624 10366.788930274546 21001.440793946385 2141.2498795166612 2853.0190933942795 667.87608861923218 3019.4608804583549 6073.547501668334 4370.0674100071192 521.5924174785614 970.32034887373447 58658.371812492609
leaf_count=7469 3716 11046 6980 97725 129258 11540 15759 3853 13546 26444 18934 2298 4208 267917
internal_value=-3.42622e-05 0.00135905 -0.0123034 -0.0111573 -0.00234253 0.00296655 0.00775312 -0.00322825 0.00268625 0.00614068 0.010828 0.000671351 0.0166652 0.00187387
internal_weight=115216 103474 11741.9 11237.8 27307 6305.6 4164.35 1311.34 76167.4 14489.5 8415.98 3075.59 5340.39 61677.8
internal_count=620693 508519 112174 104705 164126 34868 23328 7569 344393 62930 36486 13344 23142 281463
is_linear=0
shrinkage=0.05


Tree=43
num_leaves=15
num_cat=0
split_feature=0 0 0 27 27 72 72 70 72 73 72 70 72 70
split_gain=700.185 185.269 144.05 111.697 78.626 68.9419 64.1902 119.933 103.233 82.9477 85.4551 156.938 113.493 112.602
threshold=0.018962838687002662 0.026289514265954498 0.013568683061748745 0.70330381393432628 0.82795938849449169 0.0064592105336487302 0.0074609280563890943 -0.0018460244755260644 0.0067859278060495862 0.62440380454063427 0.016811436042189602 0.011720239184796812 0.014131831005215647 0.0002705992956180126
decision_type=2 2 2 2 2 10 10 2 10 2 10 2 10 2
left_child=2 3 -1 -2 -4 -3 7 8 -7 -8 12 13 -11 -12
right_child=1 5 4 -5 -6 6 9 -9 -10 10 11 -13 -14 -15
leaf_value=-0.024647598405888569 -0.0083668882162207334 -0.00042865673324815796 -0.014802176139441028 -0.00069446561094469144 -0.0058879111661652135 0.026787547460417938 0.0037465127053484381 0.0030243308124073848 0.0073184956569109123 -0.00071382736831704775 -0.0060168334653084741 0.0099464782951320385 0.016611731915960416 -0.035559503390127388
leaf_weight=1773.6933845505118 6173.0992733687162 17082.250200971961 3978.2287645787001 20386.343522496521 6578.8152303919196 1188.0375548154116 36728.129920050502 5683.7226070910692 1602.4023375660181 10948.202929422259 666.49045072495937 622.13288009166718 1024.4800318777561 624.0963632017374
leaf_count=24180 38651 79390 36932 120306 56104 5324 162498 26065 7148 50262 3073 2871 4595 2932
internal_value=-0.000236669 0.00111505 -0.0114898 -0.00248021 -0.00925792 0.00236883 0.00317751 0.00720313 0.0156736 0.00250222 -0.00078938 -0.0105741 0.000781314 -0.0204665
internal_weight=115060 102729 12330.7 26559.4 10557 76169.9 59087.7 8474.16 2790.44 50613.5 13885.4 1912.72 11972.7 1290.59
internal_count=620331 503115 117216 158957 93036 344158 264768 38537 12472 226231 63733 8876 54857 6005
is_linear=0
shrinkage=0.05


Tree=44
num_leaves=15
num_cat=0
split_feature=0 0 0 69 53 8 69 69 13 14 53 74 84 74
split_gain=658.279 156.847 143.447 112.878 87.1451 81.5431 77.5946 68.7275 63.0661 60.6842 60.9545 58.4663 121.731 83.128
threshold=0.019284108653664592 0.037131877616047866 0.013568683061748745 -0.13803395628929135 -0.30827760696411127 1.0000000180025095e-35 0.1269701570272446 0.107115026563406 0.0081292805261909979 0.10910252481698991 -0.1719560772180557 -0.021567674353718754 3.5000000000000004 -0.014015431515872477
decision_type=2 2 2 8 8 2 10 8 10 10 10 2 2 2
left_child=2 3 -1 -2 -5 9 7 -4 -8 10 -6 12 -3 -13
right_child=1 11 6 4 5 -7 8 -9 -10 -11 -12 13 -14 -15
leaf_value=-0.0239115093016798 0.026047581152586426 0.0021950776246948251 -0.0073760483230549713 0.0049517666953730168 -0.00072943193425434793 0.0043381791610442857 0.023539586282868306 -0.017114818643025411 -0.0090529736150132944 0.0012333526056249155 -0.004909518784316883 0.013052266761545731 -0.023046318240308387 0.003559052903527963
leaf_weight=1733.2487436495721 392.97126492857933 2169.0536555498838 8585.6647456735373 6500.2236678674817 16608.879730075598 5928.8437130525708 324.35277564823627 2300.4797488600016 259.41865713149309 11703.307550132275 18363.414453648031 2451.4731301963329 602.03893281519413 36986.534970059991
leaf_count=24113 1687 9363 74720 31336 85595 32382 2800 20405 2249 60541 101055 10417 2676 160618
internal_value=-3.56975e-05 0.00132815 -0.0105348 -0.000325723 -0.000505449 -0.0011806 -0.00849431 -0.00944788 0.00914744 -0.00188239 -0.00292511 0.00365897 -0.00335194 0.00415231
internal_weight=114910 101707 13203.2 59497.6 59104.7 52604.4 11469.9 10886.1 583.771 46675.6 34972.3 42209.1 2771.09 39438
internal_count=619957 495670 124287 312596 310909 279573 100174 95125 5049 247191 186650 183074 12039 171035
is_linear=0
shrinkage=0.05


Tree=45
num_leaves=15
num_cat=0
split_feature=0 0 0 71 73 71 71 73 12 73 71 71 70 70
split_gain=598.082 152.279 107.295 104.311 83.9194 80.9645 96.3607 71.8487 64.2399 62.8044 119.16 139.607 113.708 178.018
threshold=0.018510864116251472 0.027541783638298515 0.01037111133337021 0.0076207381207495936 0.30249074101448065 0.0089837969280779379 0.0098527432419359701 0.47120265662670141 0.43018327653408056 0.31214115023612982 0.04727261699736119 -0.03858648054301738 0.001661030750256032 0.003871326101943851
decision_type=2 2 2 2 2 2 2 2 8 2 2 2 2 2
left_child=2 3 -1 4 -2 -5 -7 -4 -9 10 11 -3 -13 -14
right_child=1 9 7 5 -6 6 -8 8 -10 -11 -12 12 13 -15
leaf_value=-0.040216388081740939 0.009311887152535555 -0.0013679760569753905 -0.0018723422472563039 -0.018156859203807517 -0.00061544467937936541 0.013406526511446474 -0.0050852543855048069 -0.010952878713758458 -0.025995289288201134 0.0017155723105556635 -0.012124207425846939 0.0054706653721601252 0.045341739283001052 0.012661334435919254
leaf_weight=300.9818362146616 2426.4155755341053 3641.7316700220108 2025.0311714522541 1084.0948991850019 16854.062148422003 741.30364464968443 11417.911818757653 7721.7420729622245 779.68327073007822 58542.381141573191 880.55009643733501 5033.0577707886696 475.96756754815578 3055.0911783128977
leaf_count=4912 12523 15689 17609 6654 99707 4507 69609 76984 7958 263854 3981 21494 2028 13222
internal_value=-3.5116e-05 0.00112796 -0.0112139 -0.00170893 0.000638073 -0.00512376 -0.00394779 -0.0103472 -0.0123614 0.00241615 0.00554648 0.00683016 0.0103138 0.0171821
internal_weight=114980 104153 10827.4 32523.8 19280.5 13243.3 12159.2 10526.5 8501.43 71628.8 13086.4 12205.8 8564.12 3531.06
internal_count=620731 513268 107463 193000 112230 80770 74116 102551 84942 320268 56414 52433 36744 15250
is_linear=0
shrinkage=0.05


Tree=46
num_leaves=15
num_cat=0
split_feature=0 0 0 71 54 15 73 71 54 71 73 70 70 70
split_gain=558.512 134.017 133.374 118.426 118.278 95.2417 72.5889 61.0467 69.504 60.4158 84.5036 114.416 102.083 88.8913
threshold=0.019495052285492424 0.014612839557230474 0.036887247115373618 -0.0066218213178217402 0.33129347860813146 24.254669189453129 0.85966211557388317 -0.017686145380139347 0.35365222394466406 -0.031000258401036259 0.31657269597053533 -0.011970254592597483 -0.00037864850310143078 0.00048081930435728287
decision_type=2 2 2 2 8 8 2 2 8 2 2 2 2 2
left_child=1 -1 3 4 9 -5 -7 8 -3 -2 11 -11 -13 -12
right_child=2 7 -4 5 -6 6 -8 -9 -10 10 13 12 -14 -15
leaf_value=-0.019401652955761378 -0.0072822419358331246 -0.0038660781405305601 0.0033265602917568467 0.00020376641077169495 0.0078656383063284343 -0.0040339913358300311 -0.022454591512107491 -0.0082388928880940959 0.024684746698884694 0.03331173437723832 0.0037621168146669531 -0.013087241487779559 0.016044100953776192 -0.0112097254327527
leaf_weight=2748.5649220608175 2485.9033048003912 706.99421162158251 42942.038160353899 25421.907987304032 7542.9711220040917 16335.169877365232 543.58246996998787 9936.0023008286953 293.88818105310202 433.74284267425537 2695.4481520503759 516.51984252035618 692.07166516780853 1555.1540448442101
leaf_count=36746 11758 5143 186032 136774 37101 87098 3016 85187 2154 2012 13841 2421 3254 8002
internal_value=-6.97863e-05 -0.00954589 0.00121295 -0.000346248 0.00332804 -0.0017297 -0.00464017 -0.00705357 0.00467853 -0.000761398 0.00199706 0.0115928 0.00358891 -0.00172904
internal_weight=114850 13685.4 101165 58222.5 15921.8 42300.7 16878.8 10936.9 1000.88 8378.84 5892.94 1642.33 1208.59 4250.6
internal_count=620539 129230 491309 305277 78389 226888 90114 92484 7297 41288 29530 7687 5675 21843
is_linear=0
shrinkage=0.05


Tree=47
num_leaves=15
num_cat=0
split_feature=0 27 0 53 71 72 72 72 72 72 71 71 73 70
split_gain=517.08 173.042 138.34 110.028 87.7534 95.8241 88.5649 139.939 116.389 180.517 97.9453 280.128 89.5448 102.679
threshold=0.021773579530417923 1.0371316075325014 0.014804635662585499 -0.28978309035301203 0.0019161274540238085 0.016811436042189602 0.0063193386886268863 0.0080942544154822844 0.014131831005215647 0.013739499729126694 -0.0023548735771328206 -0.0079321078956127149 0.31657269597053533 0.0014800503849983218
decision_type=2 2 2 10 2 10 10 10 10 10 2 2 2 2
left_child=1 2 -1 -2 6 -6 -5 10 9 12 11 -8 13 -9
right_child=3 -3 -4 4 5 -7 7 8 -10 -11 -12 -13 -14 -15
leaf_value=-0.022726947422409272 0.0037351057121772901 -0.00097004974176007812 -0.0083243757620517188 -0.0034535644030698137 -0.00061793029629561276 -0.0098863844010943277 0.01608581024178446 0.0034111594285449972 0.0085579852088638018 -0.025166190053566653 0.022767404513356373 -0.015029054663141981 -0.0018365406866234322 0.028874812929649152
leaf_weight=1940.6575785949826 36969.319661170244 7591.9023052118719 11717.505290962756 5090.1060243546963 28495.702034905553 3081.4209919124842 2428.3357831388712 1628.3786023110151 4290.3512993454933 720.12809640169144 1345.6081666499376 1019.4720396697521 8125.254533290863 514.52213059365749
leaf_count=26181 166100 61049 92603 25420 141936 14587 11310 7319 19284 3306 6551 4950 38394 2329
internal_value=1.59639e-05 -0.00702401 -0.0103859 0.00161298 0.000229863 -0.00152523 0.00243213 0.00392568 0.00158427 -0.00114391 0.0113699 0.00686869 0.000563673 0.00963084
internal_weight=114959 21250.1 13658.2 93708.6 56739.3 31577.1 25162.2 20072.1 15278.6 10988.3 4793.42 3447.81 10268.2 2142.9
internal_count=621319 179833 118784 441486 275386 156523 118863 93443 70632 51348 22811 16260 48042 9648
is_linear=0
shrinkage=0.05


Tree=48
num_leaves=15
num_cat=0
split_feature=0 0 27 71 84 72 71 74 84 70 71 68 72 68
split_gain=458.899 187.114 154.766 79.6922 120.69 86.8915 79.4043 71.0995 151.921 146.786 109.537 102.75 188.741 94.8311
threshold=0.02310941927134991 0.014030149672180416 0.72853112220764171 0.048369815573096282 2.5000000000000004 0.0046126006636768588 -0.0082825054414570314 -0.021567674353718754 3.5000000000000004 -0.022202525287866589 -0.060255499556660645 -0.074138201773166643 0.021474678069353107 -0.04821368865668773
decision_type=2 2 2 2 2 10 2 2 2 2 2 8 10 10
left_child=1 -1 -3 5 -5 -2 -4 8 -7 -9 -11 12 -12 -10
right_child=3 2 6 4 -6 7 -8 9 13 10 11 -13 -14 -15
leaf_value=-0.020327451957785608 -0.0033199456619519979 -0.011516551176881565 0.0038335362129252302 -0.014985772174908664 0.0092515649355209457 0.0012379768635393702 -0.0040891733399349055 0.028654431013797683 -0.003876844700633575 -0.016559815149090409 0.029181355329107223 0.0024727972472526291 -0.0041065709176989441 -0.035240874730609752
leaf_weight=2050.7075846679509 7238.6981823444366 6083.0116088911891 4077.6552754938602 1620.8889520317316 741.69805696606636 3339.1419701576233 13980.28091301024 533.46093134582043 441.33584520220757 730.93157808482647 974.55102235078812 71607.343157425523 746.49034143984318 528.34356154501438
leaf_count=29465 35315 48126 26931 7640 3457 14730 105635 2303 1990 3116 4115 332232 3146 2443
internal_value=-4.97126e-05 -0.00586215 -0.00462545 0.00167089 -0.00736991 0.00191968 -0.00229902 0.00240075 -0.00383792 0.00276159 0.00257123 0.00276416 0.0148026 -0.0211513
internal_weight=114695 26191.7 24140.9 88502.9 2362.59 86140.3 18057.9 78901.6 4308.82 74592.8 74059.3 73328.4 1721.04 969.679
internal_count=620644 210157 180692 410487 11097 399390 132566 364075 19163 344912 342609 339493 7261 4433
is_linear=0
shrinkage=0.05


Tree=49
num_leaves=15
num_cat=0
split_feature=4 27 53 18 74 70 13 4 69 69 74 68 8 53
split_gain=291.32 166.547 115.522 87.3715 75.9413 172.348 62.4193 72.648 59.557 124.791 82.131 71.1283 57.7101 59.5461
threshold=0.058333335444331176 0.82795938849449169 -0.066653195768594728 67.204559326171889 -0.015850028023123738 -0.018269026651978489 0.16020391881465915 0.22500000149011615 -0.048130543902516358 -0.060190718621015542 -0.016539857722818848 0.087568700313568129 1.0000000180025095e-35 -0.11499628797173499
decision_type=8 2 8 2 2 2 8 8 10 10 2 10 2 10
left_child=1 2 -1 6 5 -3 7 -2 9 -9 -10 -12 13 -6
right_child=3 4 -4 -5 12 -7 -8 8 10 -11 11 -13 -14 -15
leaf_value=-0.0042522489965184434 0.0011988723257694847 -0.0029062295064865716 -0.013571114008539491 -0.0031278500894051848 -0.00013587363707176544 0.027635817941297453 -0.01579235423021209 0.0062751126074154133 -0.0088383837977336222 0.028618042217741751 0.0035980345743507891 0.023184632187652945 0.0052401296523787695 -0.0056556985287038826
leaf_weight=8487.8899800516665 41956.835562642664 1252.6381001248956 5473.4762326963246 8092.8521131873131 10104.806957267225 720.18748163431883 460.36580374836922 5283.1582230143249 1303.8212123960257 700.66350856423378 18358.52002884075 465.97472347319126 2506.3725282922387 9450.876462560147
leaf_count=55685 199457 6636 47533 39708 60644 4153 2034 23079 5651 2970 79606 2103 19843 71258
internal_value=7.57811e-06 -0.00357147 -0.00791276 0.00178263 -0.00104747 0.00832641 0.0023629 0.00248799 0.00455808 0.00893469 0.00325319 0.00409493 -0.00188909 -0.00280502
internal_weight=114618 37996.2 13961.4 76622.2 24034.9 1972.83 68529.3 68069 26112.1 5983.82 20128.3 18824.5 22062.1 19555.7
internal_count=620360 265752 103218 354608 162534 10789 314900 312866 113409 26049 87360 81709 151745 131902
is_linear=0
shrinkage=0.05


Tree=50
num_leaves=15
num_cat=0
split_feature=4 73 69 27 69 69 69 70 73 69 73 5 73 73
split_gain=280.911 174.378 331.344 149.611 119.979 162.356 123.005 102.537 85.2009 94.655 85.3704 76.4574 74.4461 72.7827
threshold=0.058333335444331176 0.30249074101448065 0.034279244020581252 0.72539108991622936 0.013319937512278559 -0.037229469045996659 -0.13153804093599317 -0.00037864850310143078 0.85966211557388317 0.067052286118268981 0.89463898539543163 0.71724092960357677 0.19408389180898669 0.68564194440841686
decision_type=8 2 8 2 10 10 10 2 2 10 2 2 2 2
left_child=1 2 4 13 5 6 -1 12 11 10 -10 -2 -7 -3
right_child=8 3 -4 -5 -6 7 -8 -9 9 -11 -12 -13 -14 -15
leaf_value=0.01677628300813654 -0.014080466767229523 -0.0078769857140194646 0.045599299917270512 -0.0028323221690297823 -0.018535711937839674 -0.0081543467887281781 -0.013008874847831118 0.032410255010098574 -0.014332341920062261 -0.028889355949621262 0.0079523072508843728 0.0022138272452305635 0.017526172151887849 -0.018772057674896744
leaf_weight=452.0671004652977 717.17835758253932 6185.3983586654067 455.19493827968836 25031.241857975721 645.6815176345408 477.63848939538002 1383.1072572506964 590.43259021639824 814.97500483691692 424.98040419071913 887.77834157273173 73819.492666248232 663.841074436903 2043.5718494094908
leaf_count=2049 3584 45626 2329 179010 3630 2527 6909 3099 4278 2141 4329 340384 3500 17277
internal_value=3.19541e-05 -0.00348709 0.00555406 -0.00475728 0.00112939 0.00473085 -0.0056206 0.0156688 0.00177316 -0.00806963 -0.00273502 0.00205518 0.00680297 -0.0106022
internal_weight=114593 37928.2 4667.96 33260.2 4212.77 3567.09 1835.17 1731.91 76664.4 2127.73 1702.75 74536.7 1141.48 8228.97
internal_count=620672 265956 24043 241913 21714 18084 8958 9126 354716 10748 8607 343968 6027 62903
is_linear=0
shrinkage=0.05


Tree=51
num_leaves=15
num_cat=0
split_feature=57 72 64 79 68 68 74 68 68 74 70 68 72 70
split_gain=251.173 130.556 104.329 98.189 74.5194 198.701 114.238 69.3502 109.025 67.7835 81.8288 64.9395 130.137 103.329
threshold=0.017794603481888775 0.0063193386886268863 0.015316778328269722 0.01470076944679022 0.011834083124995233 0.0048870842438191184 -0.001379391993395984 0.049752205610275275 0.057816263288259513 -0.0019750091014429923 -0.006910554599016904 0.051386155188083656 0.016811436042189602 -0.004880364052951335
decision_type=10 10 2 8 10 8 2 10 10 2 2 10 10 2
left_child=2 4 3 -1 5 -2 9 -8 -9 10 -6 -3 13 -13
right_child=1 11 -4 -5 6 -7 7 8 -10 -11 -12 12 -14 -15
leaf_value=-0.013285886942354606 0.0026473914533632877 0.003250398851846015 -0.00092545061306467896 -0.0042146036831045364 0.019424737122840638 -0.020607278725684935 -0.0054706144937245026 0.028232732496241048 -0.0068846610345339636 0.022536826539838618 0.0010738107560743916 -0.020632962310655242 -0.024555878483574989 0.003824066162922106
leaf_weight=3846.9224480912089 1938.548574373126 54212.675077684224 19715.490416437387 13249.942631557584 675.00689217448235 1732.4570361860096 8270.4248761609197 398.43390460684896 474.93997242301702 477.62851364538074 5380.3302170373499 491.65594137087464 600.06849482655525 3094.6471924744546
leaf_count=32361 11027 259187 110896 89729 3678 9753 46654 2161 2549 2702 29709 2362 2825 14937
internal_value=-3.21233e-06 0.00160777 -0.00340508 -0.00626228 -0.00195122 -0.00835335 -0.000447676 -0.00405367 0.00927417 0.0045979 0.0031481 0.002787 -0.0032073 0.000423137
internal_weight=114559 77746.8 36812.4 17096.9 19347.8 3671.01 15676.8 9143.8 873.374 6532.97 6055.34 58399 4186.37 3586.3
internal_count=620530 387544 232986 122090 108233 20780 87453 51364 4710 36089 33387 279311 20124 17299
is_linear=0
shrinkage=0.05


Tree=52
num_leaves=15
num_cat=0
split_feature=0 0 0 71 84 27 27 69 71 74 74 74 71 69
split_gain=402.844 101.357 93.3332 91.4578 175.971 87.0942 83.4679 75.6133 68.3414 173.819 103.333 194.193 99.8996 129.943
threshold=0.018510864116251472 0.024140638299286369 0.01037111133337021 0.042148336768150337 2.5000000000000004 0.72853112220764171 0.89961436390876781 0.10662260279059411 0.029663254506886009 -0.0091971782967448217 0.0084149115718901175 0.0047167285811156043 0.025683609768748287 0.016753543168306354
decision_type=2 2 2 2 2 2 2 8 2 2 2 2 2 8
left_child=2 5 -1 8 7 -2 -4 -5 12 -10 11 -11 -3 -14
right_child=1 3 6 4 -6 -7 -8 -9 9 10 -12 -13 13 -15
leaf_value=-0.037833559755214435 -0.0079879534061332719 0.0020518459079919282 -0.013287063332355645 -0.017458593321757612 0.0094607416079017671 -0.00028988218358530471 -0.004191074901557258 0.0050854818096705817 -0.019940426849652252 0.0098442118795391068 0.0018753081545227236 0.042332657081417958 -0.03008511514122035 -0.0017304024345554216
leaf_weight=269.78548658639193 4919.7621779292822 73853.974308714271 4795.6790438741446 2069.0862576216459 1247.0261574685574 14429.685278847814 5336.4036124311388 448.23805618286133 497.83556963503361 2009.3213683664799 1840.9421324878931 590.40131422877312 531.14216327667236 1600.4066661894321
leaf_count=4867 33754 338271 50908 9684 5727 90550 51588 2113 2299 9282 8456 2729 2435 7465
internal_value=7.55341e-05 0.00101387 -0.00930148 0.00175984 -0.00584873 -0.0022503 -0.00850521 -0.0134401 0.00211444 0.00780839 0.0109571 0.0173563 0.0017434 -0.00890336
internal_weight=114440 104038 10401.9 84688.4 3764.35 19349.4 10132.1 2517.32 80924 4938.5 4440.66 2599.72 75985.5 2131.55
internal_count=620128 512765 107363 388461 17524 124304 102496 11797 370937 22766 20467 12011 348171 9900
is_linear=0
shrinkage=0.05


Tree=53
num_leaves=15
num_cat=0
split_feature=0 27 0 53 54 69 71 69 69 71 71 17 71 69
split_gain=317.172 133.283 101.332 83.8172 137.301 108.927 99.7979 107.666 78.3364 86.7771 76.2767 70.1483 64.0778 66.3154
threshold=0.020900378935039047 0.64747110009193432 0.012468064669519665 -0.27220255136489863 0.47431603074073797 -0.13803395628929135 -0.017686145380139347 0.032231312245130546 0.13544805347919467 -0.0082825054414570314 0.042148336768150337 54.399114608764656 0.04727261699736119 -0.05704184249043464
decision_type=2 2 2 10 10 10 2 10 10 2 2 2 2 10
left_child=1 -1 -3 12 5 -5 7 -6 9 -4 -7 -9 -2 -14
right_child=3 2 8 4 6 10 -8 11 -10 -11 -12 -13 13 -15
leaf_value=-0.016337872657608735 0.0032513294296746677 -0.022265305075297698 0.0035985676361221272 0.022305073975257491 -0.00062809415302902852 -0.0025568492105699967 0.0011226088560359431 0.022728997536821907 0.01715293143893127 -0.0060554246741251674 -0.015658721766146761 0.0037492862531300409 -0.019139483179743014 0.0035227263567302707
leaf_weight=2697.5213767848909 38865.581599116325 735.24642134830356 2946.1657137647271 417.47140462696552 1480.2795152366161 24795.110512830317 26414.15622061491 1531.9466243982315 441.63434842973948 10977.788655206561 1153.5879021137953 718.06735241413116 651.07825271785259 625.72678887844086
leaf_count=26230 175254 12113 22182 1780 6515 127469 127091 6870 3561 96528 5931 3251 2942 2863
internal_value=1.22406e-05 -0.00611955 -0.00428461 0.00114191 -9.91471e-05 -0.00273385 0.00220547 0.00984965 -0.00334949 -0.00401162 -0.00314512 0.0167152 0.0028886 -0.00809229
internal_weight=114451 17798.4 15100.8 96653 56510.6 26366.2 30144.4 3730.29 14365.6 13924 25948.7 2250.01 40142.4 1276.81
internal_count=620580 160614 134384 459966 278907 135180 143727 16636 122271 118710 133400 10121 181059 5805
is_linear=0
shrinkage=0.05


Tree=54
num_leaves=15
num_cat=0
split_feature=0 4 73 27 71 71 53 0 27 53 74 15 71 73
split_gain=310.898 117.313 116.373 93.1207 89.0465 91.6117 84.8167 84.3734 69.7853 66.8441 96.4453 62.5623 49.7394 47.8129
threshold=0.016315237618982795 0.12500000372529033 0.86850854754447948 1.2908593416213991 -0.0052936824504286042 -0.0037254578201100226 -0.23092629015445706 0.01037111133337021 0.89961436390876781 inf -0.0017844653339125214 20.727342605590824 0.014625609852373602 0.31214115023612982
decision_type=2 10 2 2 2 2 8 2 2 8 2 8 2 2
left_child=7 2 3 4 9 -6 12 -1 -9 13 -11 -8 -7 -2
right_child=1 -3 -4 -5 5 6 11 8 -10 10 -12 -13 -14 -15
leaf_value=-0.039338390965265937 0.005042662777097565 0.002464965458369368 -0.020882497424472193 0.0034791096559541436 -0.016894423192749388 0.005922143338162357 -0.0010753688846322786 -0.016574581580773764 -0.0046408115264644292 -0.00065938105966841258 0.026419880985227504 -0.0060790103165221845 -0.0028998747075257023 -0.001403373886888734
leaf_weight=256.46841659396887 4194.3326791971922 49417.059099949896 704.71832160651684 11370.500657968223 1134.0175404250622 4108.2826998457313 11395.404664665461 2347.7066886052489 2572.7493715137243 678.58980352431536 627.04969512671232 13831.473637953401 2602.6554961502552 9101.1991269811988
leaf_count=4870 19752 217486 4615 61213 6727 21254 70959 29068 29435 3545 3415 84416 13207 50020
internal_value=9.46851e-05 0.000662915 -0.000827703 -0.000584842 -0.00155466 -0.00299023 -0.0024914 -0.0118657 -0.0103569 0.00169674 0.0124477 -0.0038201 0.00250154 0.000632415
internal_weight=114342 109165 59748.2 59043.5 47673 33071.8 31937.8 5176.92 4920.46 14601.2 1305.64 25226.9 6710.94 13295.5
internal_count=619982 556609 339123 334508 273295 196563 189836 63373 58503 76732 6960 155375 34461 69772
is_linear=0
shrinkage=0.05


Tree=55
num_leaves=15
num_cat=0
split_feature=2 57 27 72 71 2 68 68 72 72 72 71 58 69
split_gain=184.239 105.835 149.906 90.5821 98.0669 82.5011 82.1672 122.528 104.737 90.5407 81.0375 172.717 105.317 90.1469
threshold=0.015827028080821041 0.017138809897005561 0.73149186372756969 0.0064592105336487302 0.013157180976122619 0.0089192357845604437 0.051386155188083656 0.049752205610275275 0.017020166851580146 0.011813174001872541 0.0056083500385284433 -0.009673495311290024 -0.0057696576695889226 0.07906664535403253
decision_type=2 10 2 10 2 2 10 10 10 10 10 2 2 8
left_child=5 2 -2 4 10 -1 7 -5 9 -8 11 12 -3 -13
right_child=1 3 -4 6 -6 -7 8 -9 -10 -11 -12 13 -14 -15
leaf_value=-0.034609092071841152 -0.0071679029026159406 0.036625943016000639 0.00034044742094012587 0.0027234560253115332 0.0061948016079533602 -0.0067840935492008859 -0.0071041706985529862 0.022322713205268272 -0.024216828151715872 0.009798381238707474 -0.0080843975543930264 0.0014900945112907744 0.0067485762675744236 -0.0081985803262604965
leaf_weight=268.24412493035197 9624.8960945233703 412.60111152380705 21438.64347115159 51504.039248466492 3473.3810455948114 6723.1093458905816 2219.972454406321 800.22093331068754 561.71532303094864 1218.9914231970906 5354.8373227417469 5189.2931344211102 997.16432632505894 4453.8239445090294
leaf_count=4926 55897 1989 118872 240755 18030 73141 10724 3816 2655 5612 27214 28082 5121 23168
internal_value=-4.11144e-05 0.00047185 -0.00198754 0.00147475 -0.00142612 -0.00789959 0.00249911 0.00302752 -0.00439953 -0.00110177 -0.0030422 -0.000594284 0.0156893 -0.00298863
internal_weight=114241 107250 31063.5 76186 19881.1 6991.35 56304.9 52304.3 4000.68 3438.96 16407.7 11052.9 1409.77 9643.12
internal_count=620002 541935 174769 367166 103604 78067 263562 244571 18991 16336 85574 58360 7110 51250
is_linear=0
shrinkage=0.05


Tree=56
num_leaves=15
num_cat=0
split_feature=57 23 79 69 57 64 70 69 70 69 69 84 68 68
split_gain=176.751 160.322 70.0148 56.4831 167.408 56.032 52.6916 50.0954 148.051 117.365 95.1786 94.6931 102.306 90.9119
threshold=0.0089931674301624315 0.024324482306838039 0.033955786377191551 -0.13803395628929135 0.088178075850009932 0.017361607402563099 0.027393514290452007 0.10132142156362535 -0.0054713264107704154 0.090995021164417281 0.084976848214864745 2.5000000000000004 0.017742124386131767 0.017273475416004661
decision_type=10 2 8 8 10 2 2 10 2 10 10 2 10 10
left_child=1 5 -2 4 -4 -1 7 9 -9 10 -5 -11 -13 -10
right_child=2 -3 3 6 -6 -7 -8 8 13 11 -12 12 -14 -15
leaf_value=-0.010585362995115939 -0.0020933905741418769 0.0030930616267173931 0.027513315117541643 0.0018294589688635011 -0.0037713982911175316 -0.0041491365083448787 -0.011874454412621544 0.011328224599277979 0.010525252889452393 0.0032197451828907572 -0.0075410239691446118 0.032505578611256122 0.0091645677911799308 -0.0044195245366881377
leaf_weight=6787.2840064615011 17409.59807985276 4999.1270617321134 769.46689616143703 53287.917318619788 942.66981679201126 6771.3673539459705 751.91731245815754 2024.8024239763618 1101.7412312217057 2557.3934055566788 2845.3103390112519 732.54928432777524 1309.4976818971336 12071.423870619386
leaf_count=55108 100854 24361 3219 270409 3978 43064 3437 9915 5429 13157 15160 3562 6914 62304
internal_value=-9.11698e-05 -0.00455601 0.000774078 0.00141106 0.0103667 -0.00737645 0.00120978 0.00134089 -0.00122581 0.00198329 0.00135322 0.00965323 0.0176554 -0.00316258
internal_weight=114362 18557.8 95804.3 78394.7 1712.14 13558.7 76682.6 75930.6 15198 60732.7 56133.2 4599.44 2042.05 13173.2
internal_count=620871 122533 498338 397484 7197 98172 390287 386850 77648 309202 285569 23633 10476 67733
is_linear=0
shrinkage=0.05


Tree=57
num_leaves=15
num_cat=0
split_feature=57 67 73 68 84 74 74 74 68 68 68 74 84 68
split_gain=158.725 162.077 92.9914 162.564 170.215 163.218 182.763 155.684 178.58 130.351 140.198 149.73 127.903 117.083
threshold=0.011130929924547674 0.0084855402819812315 0.31214115023612982 -0.03380355425179004 1.5000000000000002 0.0016212739865295591 -0.016539857722818848 0.024043136276304725 -0.044340465217828744 -0.028726507909595963 -0.024779885075986382 0.018441225402057174 3.5000000000000004 -0.021990260109305378
decision_type=10 2 2 10 2 2 2 2 10 10 10 2 2 10
left_child=1 -1 3 5 -5 6 -2 8 -7 -4 -11 13 -6 -12
right_child=2 -3 9 4 12 7 -8 -9 -10 10 11 -13 -14 -15
leaf_value=-0.0080542614846082911 0.0068170116827760627 0.00031284004718971437 -0.011182772378348475 0.029942133742258892 -0.0040218844382501617 0.0096209507880448426 -0.0084530489334142672 -0.0059381363560438039 0.039996624329364371 0.02331857449724159 -0.020477177539464375 0.01247636026676216 0.021814049372257477 0.00013157112854350262
leaf_weight=11211.914491649717 3300.4806096032262 11950.631975799799 2431.4474298618734 1136.7722938545048 1257.3632274307311 2164.3384545333683 4792.9203395657241 1065.7378645278513 617.21685891598463 660.55846559256315 686.04406856000423 2450.2688060998917 761.43051612749696 69827.500421620905
leaf_count=84968 14651 66946 11410 5305 5911 9546 21672 4652 2901 3135 3288 11631 3498 371229
internal_value=-4.39414e-05 -0.00373901 0.000895316 0.00447853 0.0145527 0.00180627 -0.00222521 0.0102709 0.0164803 0.000183592 0.000560435 0.000351233 0.00578217 -7.18118e-05
internal_weight=114315 23162.5 91152.1 15096.3 3155.57 11940.7 8093.4 3847.29 2781.56 76055.8 73624.4 72963.8 2018.79 70513.5
internal_count=620743 151914 468829 68136 14714 53422 36323 17099 12447 400693 389283 386148 9409 374517
is_linear=0
shrinkage=0.05


Tree=58
num_leaves=15
num_cat=0
split_feature=0 0 18 27 70 68 74 68 74 74 14 68 68 70
split_gain=258.277 76.1074 71.3369 66.2935 64.6089 85.5958 156.537 74.2663 69.2493 203.614 96.2785 68.6598 210.75 332.613
threshold=0.017692252062261108 0.01037111133337021 63.599555969238288 0.89629167318344127 -0.030434315092861649 -0.074138201773166643 -0.015850028023123738 -0.087453853338956819 -0.02498772460967302 -0.021567674353718754 0.042587848380208022 -0.028726507909595963 -0.024779885075986382 0.0011106399470008912
decision_type=2 2 2 2 2 8 2 8 2 2 8 8 8 2
left_child=1 -1 4 -3 7 6 -6 -2 10 -10 -7 -11 13 -13
right_child=2 3 -4 -5 5 8 -8 -9 9 11 -12 12 -14 -15
leaf_value=-0.036081140236678327 0.0025854335476422972 -0.01280988014782343 -0.0025331110864275697 -0.0035731843483084447 0.026741561491641336 0.00057033908288024271 0.0023004686811686332 -0.018864012168844767 -0.018293896611770458 -0.0029268485012808746 0.028684888182785712 0.050415946342219436 0.0012477950333191715 -0.00015988861988666778
leaf_weight=237.81812742725015 754.96211663633585 3636.2448765002191 16160.43114002794 4180.9926400966942 906.03321713209152 708.40317495912313 2307.6529770120978 851.74508849531412 1366.4573023319244 9388.2542652189732 524.65262068063021 555.321517765522 71832.205290548503 764.82131998240948
leaf_count=4847 3377 41941 84865 43345 3799 3192 9828 3943 6316 42985 2397 2552 363144 3582
internal_value=-0.000130986 -0.00875688 0.000524522 -0.00788058 0.00107401 0.00125513 0.00925271 -0.00883166 0.000952199 0.00077855 0.0126673 0.00109647 0.00161315 0.0213341
internal_weight=114176 8055.06 106121 7817.24 89960.5 88353.8 3213.69 1606.71 85140.1 83907.1 1233.06 82540.6 73152.3 1320.14
internal_count=620113 90133 529980 85286 445115 437795 13627 7320 424168 418579 5589 412263 369278 6134
is_linear=0
shrinkage=0.05


Tree=59
num_leaves=15
num_cat=0
split_feature=2 22 54 73 74 74 74 74 84 73 74 84 74 12
split_gain=153.295 110.523 99.1378 90.8432 114.533 231.208 131.573 221.334 154.365 90.9834 109.549 89.2893 88.8981 88.0093
threshold=0.015325704123824837 83.780757904052749 0.48361720144748693 0.32263550162315374 0.0021378471283242111 0.020718611776828769 -0.015850028023123738 -0.018208967521786686 3.5000000000000004 0.15441858023405078 -0.028891491703689095 2.5000000000000004 0.017647080123424533 -0.11039742827415465
decision_type=2 8 8 2 2 2 2 2 2 2 2 2 2 10
left_child=-1 2 3 4 6 -6 7 9 -8 10 -2 -11 -4 -5
right_child=1 -3 12 13 5 -7 8 -9 -10 11 -12 -13 -14 -15
leaf_value=-0.0079637532289269456 -0.0021094395552560138 -0.0031464556130642051 0.0024110938138010444 0.0018223267275420203 0.018583051361192544 -0.006465328188313745 -0.010230591153805611 0.03326783325798998 0.011138757349171297 0.0016191856505170473 0.026698676865075589 -0.025822316252662281 0.012798745080455518 -0.0032307688200316174
leaf_weight=5797.018309250474 777.529875010252 18475.788440003991 36912.824973061681 12938.249528773129 2734.772299811244 1380.4429488256574 3684.3781023919582 660.96919407695532 1086.7998426035047 795.70689310133457 561.6371021643281 461.40326423943043 2172.2824320271611 25758.357017315924
leaf_count=68487 3474 100687 179011 59737 12435 6143 16884 2963 4944 3575 2357 2160 9855 147982
internal_value=-4.91997e-05 0.000374746 0.00109847 -0.000357196 0.00341397 0.0101853 -6.52393e-05 0.00766831 -0.00534987 0.00104846 0.0100808 -0.0085771 0.00299155 -0.00154123
internal_weight=114198 108401 89925.4 50840.2 12143.6 4115.22 8028.42 3257.25 4771.18 2596.28 1339.17 1257.11 39085.1 38696.6
internal_count=620694 552207 451520 262654 54935 18578 36357 14529 21828 11566 5831 5735 188866 207719
is_linear=0
shrinkage=0.05


Tree=60
num_leaves=15
num_cat=0
split_feature=0 73 69 69 71 71 69 69 4 73 68 69 71 71
split_gain=230.266 102.694 313.881 152.129 171.093 163.339 128.489 112.747 104.293 100.828 155.234 121.218 118.698 116.854
threshold=0.017692252062261108 0.68564194440841686 0.13544805347919467 0.11515964940190317 0.012974427081644537 0.042148336768150337 -0.038954747840762131 -0.086764372885227189 0.10833333432674409 0.7626253366470338 0.051386155188083656 0.10072816908359529 -0.0066218213178217402 0.0068225695285946139
decision_type=2 2 10 10 2 2 8 10 10 2 10 8 2 2
left_child=-1 2 3 5 -5 -2 -3 -7 -4 11 -11 12 -8 -12
right_child=1 6 8 4 -6 7 9 -9 -10 10 13 -13 -14 -15
leaf_value=-0.0082903833432326143 0.0022129518381472607 0.021476501390412007 0.047752592513975081 -0.010844970101454575 0.0058611287738167799 0.007141532177349013 0.019269693040493478 -0.016314758780497412 0.014825185217042161 0.0060460377821424712 -0.023243538697907618 -0.012018277015231667 -0.003729082189412182 -0.0024688758915869351
leaf_weight=7977.5596136935055 69172.296735055745 549.73783757537603 423.17196583002806 5098.551187723875 2181.884164981544 681.24233558773994 591.64638624340296 1998.228961519897 571.5257867872715 6240.5413010045886 783.9445248991251 4825.101509809494 8316.3073211535811 4613.5204531177878
leaf_count=90278 339618 2637 2448 25784 11072 3125 2927 9745 2565 32262 4067 25090 44747 23530
internal_value=-0.000103663 0.000512916 0.00139787 0.00104514 -0.00583712 0.00174321 -0.00222216 -0.0103467 0.0291693 -0.00274392 0.000680119 -0.00564398 -0.00218166 -0.00552366
internal_weight=114025 106048 80126.9 79132.2 7280.44 71851.8 25920.8 2679.47 994.698 25371.1 11638 13733.1 8907.95 5397.46
internal_count=619895 529617 394357 389344 36856 352488 135260 12870 5013 132623 59859 72764 47674 27597
is_linear=0
shrinkage=0.05


Tree=61
num_leaves=15
num_cat=0
split_feature=57 67 72 72 69 72 72 1 69 74 72 53 27 84
split_gain=126.148 133.759 118.827 84.59 129.552 160.413 78.3721 73.4495 66.6181 65.7053 64.8687 64.7979 57.4704 50.7287
threshold=0.012247622013092043 0.013880842830985786 0.0062138757202774295 0.0056083500385284433 0.13544805347919467 0.0051020644605159768 0.0058862892910838136 0.0061962513718754062 0.05397953279316426 -0.04474180564284324 0.0051274676807224759 -0.19826467335224149 0.48632764816284185 2.5000000000000004
decision_type=10 2 10 8 10 10 10 10 8 2 10 8 2 2
left_child=1 7 3 4 5 8 -5 -1 13 -4 -7 -9 -13 -2
right_child=2 -3 9 6 -6 10 -8 11 -10 -11 -12 12 -14 -15
leaf_value=-0.029686413346717185 -0.0021247269869270904 0.001721816396751394 -0.014991713846266214 -0.015541675226042729 0.022777747671423529 0.027047750362373186 -0.0031061697537806358 0.00089702138279509544 -0.0059145171727477078 0.002050046700510239 0.005056270141568211 -0.019266042441213015 -0.006059249345856178 0.015566142368883002
leaf_weight=307.34925480186939 1031.7824436165392 9077.1571328230202 560.60590595379472 2014.8297020122409 564.19595361873507 358.60989727824926 3403.0587116219103 3275.818740658462 10107.979260973632 66166.287721101195 3831.358521874994 878.4605707898736 11848.419955778867 655.1440027654171
leaf_count=5458 6242 47345 2594 11224 2955 1960 18913 17537 61365 322454 22024 6377 89846 3998
internal_value=-3.49619e-05 -0.00314197 0.000854625 -0.00233434 -0.000557449 -0.0013948 -0.00775086 -0.00584825 -0.00437977 0.00190465 0.00699839 -0.00537216 -0.00698525 0.00479704
internal_weight=114081 25387.2 88693.9 21967 16549.1 15984.9 5417.89 16310 11794.9 66726.9 4189.97 16002.7 12726.9 1686.93
internal_count=620292 166563 453729 128681 98544 95589 30137 119218 71605 325048 23984 113760 96223 10240
is_linear=0
shrinkage=0.05


Tree=62
num_leaves=15
num_cat=0
split_feature=0 73 74 68 73 73 74 71 74 73 74 71 71 68
split_gain=193.455 92.6048 134.242 133.102 108.311 143.182 123.11 102.225 97.0927 103.291 116.707 95.8558 138.749 93.8762
threshold=0.017692252062261108 0.68743640184402477 -0.0074225144926458589 0.033791629597544677 0.78874629735946666 0.83061772584915172 0.00067992354161106061 0.019064009189605716 -0.0084175895899534208 0.78387612104415905 -0.011121466290205715 0.042148336768150337 0.03842632286250592 -0.010905845556408165
decision_type=2 2 2 10 2 2 2 2 2 2 2 2 2 10
left_child=-1 3 8 11 -4 6 -6 -7 9 10 -3 12 -2 -14
right_child=1 2 4 -5 5 7 -8 -9 -10 -11 -12 -13 13 -15
leaf_value=-0.0077337175912763432 0.00059263960195381324 0.026480646792406016 -0.0059585564589890762 0.0070256136213704082 0.022310654907631282 -0.011181430587601963 0.002469623826870878 0.0050304447027873173 0.028705132890423771 -0.01214371561880109 -0.0021095599774613059 -0.0086303954236164257 0.0033392387195635047 0.035216308054750456
leaf_weight=7912.4128142669797 68075.610717870295 670.60277665406466 15052.1155179739 8725.7314324080944 1100.7151629254222 2594.5915412530303 2650.4510345607996 1544.1868808716536 475.81436596810818 673.39274329692125 747.74071491509676 2760.5145318806171 444.32610253989697 476.22735965251923
leaf_count=90497 334220 3297 79894 44219 5545 13700 13645 7788 2398 3283 3732 13297 2051 2328
internal_value=-0.000197055 0.000366241 -0.00225832 0.0011983 -0.00347255 0.00127169 0.00833547 -0.0051352 0.00856268 0.00386603 0.0114988 0.000488804 0.000854858 0.0200313
internal_weight=113904 105992 25509.6 80482.4 22942.1 7889.94 3751.17 4138.78 2567.55 2091.74 1418.34 71756.7 68996.2 920.553
internal_count=619894 529397 133282 396115 120572 40678 19190 21488 12710 10312 7029 351896 338599 4379
is_linear=0
shrinkage=0.05


Tree=63
num_leaves=15
num_cat=0
split_feature=4 73 69 54 71 71 69 5 73 69 72 73 53 53
split_gain=141.59 115.63 290.509 107.781 187.551 105.67 96.6595 73.1118 69.4407 141.59 91.7701 77.9821 72.037 65.1356
threshold=0.058333335444331176 0.68223786354064953 0.13544805347919467 0.50345954298973095 -0.017686145380139347 0.031290347687900073 0.11515964940190317 0.71724092960357677 0.31657269597053533 0.03979728743433953 0.013164927251636984 0.43692485988140112 -0.15829881280660626 -0.82080250978469838
decision_type=8 2 10 8 2 2 8 2 2 10 10 2 10 10
left_child=1 2 3 8 -5 6 -6 -2 9 -1 12 -12 -10 -3
right_child=7 13 -4 4 5 -7 -8 -9 10 -11 11 -13 -14 -15
leaf_value=-0.0010937761036786445 -0.014690803041624408 -0.021081138428403073 0.045261716981270253 0.024078021959311999 0.0034502243634401673 0.0293252985290685 -0.010353236951416229 0.0011944700966494708 0.00078129406435635161 0.027093321337963158 -0.023835174355584059 -0.0037032334067234845 -0.0062814210992696261 -0.0065014839695498074
leaf_weight=4249.9988376647234 721.33451721817255 854.95578288659453 321.54910409450531 956.05884950235486 3753.8107965625823 288.37371360510588 1902.9744615070522 76123.549828745425 5728.245226316154 487.61733755469322 1106.1888135969639 852.82221445441246 9745.7689477913082 6935.2492915652692
leaf_count=21761 3628 7601 2192 5328 25736 1865 14473 351400 34349 2504 6404 5269 81017 56873
internal_value=-0.000182128 -0.00271458 -0.00127796 -0.0018081 0.00364497 0.000324158 -0.00120341 0.00104346 -0.00350639 0.00185833 -0.00496454 -0.0151344 -0.0036681 -0.00812654
internal_weight=114028 37183.6 29393.4 29071.9 6901.22 5945.16 5656.79 76844.9 22170.6 4737.62 17433 1959.01 15474 7790.21
internal_count=620400 265372 200898 198706 47402 42074 40209 355028 151304 24265 127039 11673 115366 64474
is_linear=0
shrinkage=0.05


Tree=64
num_leaves=15
num_cat=0
split_feature=4 73 69 53 69 73 69 5 69 69 68 74 73 69
split_gain=140.779 106.264 190.106 83.6511 76.391 147.66 95.2444 66.5789 64.5769 63.4895 319.884 95.9802 59.1821 84.8094
threshold=0.058333335444331176 0.47120265662670141 0.13680395483970645 -0.19826467335224149 -0.037229469045996659 0.15441858023405078 -0.13153804093599317 0.71724092960357677 0.154151126742363 0.037424676120281226 -0.019749879837036129 -0.015180052258074282 0.85966211557388317 0.067052286118268981
decision_type=8 2 8 8 10 2 10 2 8 10 10 2 2 10
left_child=1 2 4 -3 6 -6 -1 -2 -5 -7 -11 -12 -9 -14
right_child=7 3 -4 8 5 9 -8 12 -10 10 11 -13 13 -15
leaf_value=0.011909067760107046 -0.013830859392604283 0.0019640369747494744 0.029061835403532223 -0.0049978662375295031 0.032632805194609718 -0.0035374669859287696 -0.013150563119093961 0.0015561532972361721 -0.015380188165856165 0.040314780938519632 0.021981739052553764 -0.0026750002247383979 -0.00196461145717359 -0.027328297246331509
leaf_weight=463.75251051411033 721.88701120018959 4132.3573783114552 570.68171303719282 18560.718834541738 361.80379704385996 4797.9151121042669 1916.4457924328744 73951.046186931431 1622.8382267430425 544.21499027311802 430.71312921121716 3769.0388144887984 1662.5043313167989 401.64248874038458
leaf_count=2072 3658 24713 3935 151347 1882 27966 10038 340138 13870 2917 2485 24659 8451 2079
internal_value=-4.49807e-05 -0.00257019 0.00110619 -0.00451336 -0.000215145 0.00171953 -0.0082386 0.00117837 -0.00583985 0.000514446 0.00461126 -0.000100074 0.00132271 -0.00700785
internal_weight=113908 37170.5 12854.6 24315.9 12283.9 9903.69 2380.2 76737.1 20183.6 9541.88 4743.97 4199.75 76015.2 2064.15
internal_count=620210 265884 75954 189930 72019 59909 12110 354326 165217 58027 30061 27144 350668 10530
is_linear=0
shrinkage=0.05


Tree=65
num_leaves=15
num_cat=0
split_feature=0 53 70 68 68 68 72 70 68 69 72 84 68 74
split_gain=174.922 71.4425 74.8526 123.512 162.684 74.8652 88.3665 108.356 88.4745 157.854 106.875 104.142 96.6748 86.5607
threshold=0.017692252062261108 -0.28978309035301203 -0.004880364052951335 0.048553535714745528 0.016908494755625728 -0.087453853338956819 0.013513676356524231 -0.0085004726424813253 0.0054042488336563119 0.091688234359025969 0.011404855176806452 1.0000000180025095e-35 -0.03380355425179004 -0.015180052258074282
decision_type=2 10 2 10 8 10 10 2 10 10 10 2 10 2
left_child=-1 -2 3 4 5 -3 8 13 9 10 11 -7 -13 -8
right_child=1 2 -4 -5 -6 6 7 -9 -10 -11 -12 12 -14 -15
leaf_value=-0.0071174291947924103 0.0023347901962833886 0.015727462013730539 -0.0012867123960156092 -0.017866892340928031 0.012010913701073553 0.013804825216165197 -0.0049412179534987829 0.0061213670666163981 -0.0068895132069991972 0.034636137607133702 0.015261088176820465 -0.024264350027045186 -0.0013463304360298173 -0.026224143379193626
leaf_weight=7826.9391045570374 38724.805132694542 735.28842198103666 51503.168633013964 692.97127606719732 4146.8575748354197 878.76219759881496 1029.930475153029 892.14742416143417 1994.45979680866 415.33831820636988 1304.472699470818 557.56470859795809 2438.54192622751 890.55976998060942
leaf_count=90595 177214 3220 274295 3645 21242 4308 4769 4305 10100 1902 6276 2694 12221 4305
internal_value=9.13394e-05 0.000623221 -0.000359198 0.00262968 0.00357006 0.000419179 -0.00067701 -0.0082308 0.00212967 0.0053515 0.0029409 -0.00123529 -0.00567782 -0.0148951
internal_weight=114032 106205 67480.1 15976.9 15283.9 11137.1 10401.8 2812.64 7589.14 5594.68 5179.34 3874.87 2996.11 1920.49
internal_count=621091 530496 353282 78987 75342 54100 50880 13379 37501 27401 25499 19223 14915 9074
is_linear=0
shrinkage=0.05


Tree=66
num_leaves=15
num_cat=0
split_feature=0 18 54 71 74 70 14 73 71 71 74 71 50 6
split_gain=155.437 79.7831 75.9901 160.289 132.67 112.102 90.9713 105.756 94.6106 87.8134 84.2655 115.474 83.3759 77.086
threshold=0.014977000188082458 68.521484375000014 0.47431603074073797 -0.017686145380139347 -0.021567674353718754 0.016821727156639103 -0.061215814203023904 0.31657269597053533 0.044031837955117233 -0.03858648054301738 -0.0059896605089306823 -0.012742594350129364 0.072485346347093596 0.41743847727775579
decision_type=2 2 8 2 2 2 10 2 2 2 2 2 2 2
left_child=-1 2 6 12 -5 10 8 9 -2 -8 11 -6 -4 -11
right_child=1 -3 3 4 5 -7 7 -9 -10 13 -12 -13 -14 -15
leaf_value=-0.01175176813301821 0.0026260425661449368 -0.004372642193992758 0.015348774864091863 -0.021840831521062313 -0.01201011852956502 0.015401779915752907 -0.0049529732940894917 -0.0036138036447911103 -0.01288011200205293 0.010744527975736761 -0.00028437386805410942 0.0085536161455216086 0.0034917353308043866 -0.00227870006180146
leaf_weight=2781.3093610405922 21076.61889192462 8792.9575988650322 3143.1934525966644 617.71701236069202 768.85205347836018 1355.5226743966341 2363.1459827497602 27795.918286904693 1022.0233312100172 3589.9920279383659 30365.064464680851 5576.3137618973851 2812.6283749490976 1655.8422164842486
leaf_count=41683 99721 49274 14226 2811 3683 6150 10859 167898 4836 16689 154244 27164 12246 8195
internal_value=-9.84978e-05 0.000194698 0.000588267 0.0021359 0.000959149 0.00133478 -0.000613303 -0.00218425 0.00190341 0.00303586 0.000811302 0.0060469 0.00976454 0.00663725
internal_weight=113717 110936 102143 44639.3 38683.5 38065.8 57503.5 35404.9 22098.6 7608.98 36710.2 6345.17 5955.82 5245.83
internal_count=619679 577996 528722 220524 194052 191241 308198 203641 104557 35743 185091 30847 26472 24884
is_linear=0
shrinkage=0.05


Tree=67
num_leaves=15
num_cat=0
split_feature=2 57 27 72 72 71 71 68 68 69 71 71 68 69
split_gain=115.357 82.8581 102.265 87.0732 83.1876 78.4991 156.086 135.214 172.009 169.212 174.945 162.927 166.434 136.987
threshold=0.0097572309896349924 0.010583067312836649 1.0079106092453005 0.0063193386886268863 0.0062668889295309791 0.01045523537322879 0.011646390892565252 0.051386155188083656 0.033791629597544677 0.11515964940190317 0.0089837969280779379 0.005524248583242298 0.036010503768920905 0.041767353191971786
decision_type=2 10 2 10 8 2 2 10 10 10 2 2 10 10
left_child=-1 2 -2 4 -3 7 -7 8 9 10 13 12 -10 -5
right_child=1 3 -4 5 -6 6 -8 -9 11 -11 -12 -13 -14 -15
leaf_value=-0.027301634005429443 -0.0052699080942762667 -0.001433920269245901 0.0019032151451332906 -5.6475018787763233e-05 -0.025019629280083888 -0.017564340992173289 0.00033465704994237459 -0.012103332720347474 0.04057565477590222 -0.0098743365022940788 0.024465449246531903 -0.0037223689859806294 0.012254792305196658 0.0063131482743136458
leaf_weight=373.63333885371685 13543.239178344607 23069.202056802809 7838.1128892824054 20661.808109857142 370.06965388730168 1280.2980373091996 21731.402150377631 1441.883668307215 597.11427478864789 2684.8008209951222 924.83476424962282 1330.7975767031312 3716.095669656992 14260.975951459259
leaf_count=7392 90392 136298 48740 97129 2036 6497 107237 7217 3040 13511 4787 6990 18455 70377
internal_value=7.00175e-05 0.00016256 -0.00264068 0.000813776 -0.00181681 0.00171234 -0.000668383 0.00291315 0.00340591 0.00221027 0.00311785 0.0115503 0.0162603 0.00254567
internal_weight=113824 113451 21381.4 92069.3 23439.3 68630 23011.7 45618.3 44176.4 38532.4 35847.6 5644.01 4313.21 34922.8
internal_count=620098 612706 139132 473574 138334 335240 113734 221506 214289 185804 172293 28485 21495 167506
is_linear=0
shrinkage=0.05


Tree=68
num_leaves=15
num_cat=0
split_feature=0 27 0 27 69 73 69 71 69 71 71 71 54 68
split_gain=137.619 84.642 68.4247 107.393 80.873 224.75 92.981 171.107 131.77 140.822 109.435 98.404 95.5158 91.8488
threshold=0.017104342579841617 0.84296813607215892 0.04088298790156842 0.55265751481056224 0.13544805347919467 0.66095155477523815 0.10023048147559167 -0.021385851316154 0.090995021164417281 0.042148336768150337 0.013349533546715977 0.0068225695285946139 0.63065251708030712 0.040844514966011054
decision_type=2 2 2 2 10 2 8 2 8 2 2 2 8 10
left_child=1 -1 3 -2 6 -6 8 -8 9 12 11 -9 -5 -7
right_child=2 -3 -4 4 5 13 7 10 -10 -11 -12 -13 -14 -15
leaf_value=-0.014280463589950511 -0.0064543695877779779 -0.0024555397983218596 0.0022986621976271077 -0.00055705976137281272 0.041708368467358377 0.017987251086119416 0.024417428405072272 -0.0041512470195623277 0.0098536179502440018 -0.016122990040360632 0.001803393780672125 -0.014880656497849452 0.0053510323115515783 -0.002855606338598736
leaf_weight=2481.0841995887458 6635.4979195222259 3868.894215606153 34864.642474591732 34558.644741266966 418.51570025086403 710.59586581587791 513.69511277228594 6556.9040739387274 3766.1998502984643 1284.7982554957271 4448.496923416853 3169.0597296431661 8519.0121001601219 1975.8131156340241
leaf_count=32691 36786 45469 149486 186798 2159 3651 2396 36216 20578 6901 24904 17984 43448 10663
internal_value=5.54855e-05 -0.007091 0.000478553 -0.000396228 0.000214454 0.00807837 -0.00017547 -0.00365622 0.000887342 0.00012409 -0.00469013 -0.00765896 0.000612292 0.00270391
internal_weight=113772 6349.98 107422 72557.2 65921.7 3104.92 62816.8 14688.2 48128.7 44362.5 14174.5 9725.96 43077.7 2686.41
internal_count=620130 78160 541970 392484 355698 16473 339225 81500 257725 237147 79104 54200 230246 14314
is_linear=0
shrinkage=0.05


Tree=69
num_leaves=15
num_cat=0
split_feature=15 73 4 73 69 69 72 74 72 73 72 27 74 72
split_gain=98.1645 88.2682 87.0864 97.7152 181.886 73.9848 77.8484 103.785 102.786 74.9091 97.331 64.3671 53.7251 49.3744
threshold=20.815365791320804 0.85966211557388317 0.12500000372529033 0.31657269597053533 0.034279244020581252 0.013319937512278559 0.016343498602509502 -0.0040277692023664704 0.014131831005215647 0.20574606955051425 0.021474678069353107 1.0120325088500979 -0.01344077894464135 0.013739499729126694
decision_type=8 2 8 2 8 10 10 2 10 2 10 2 2 10
left_child=-1 2 3 4 5 6 7 8 12 10 -8 -5 -2 -9
right_child=1 -3 -4 11 -6 -7 9 13 -10 -11 -12 -13 -14 -15
leaf_value=0.0016692592981967886 0.00088720940849237233 -0.013695463676480182 0.00099364375602681277 -0.0057985626514294461 0.027328357468217553 -0.014682590434385346 0.013837815855154242 0.02498179767413139 0.019082784077412707 -0.021743163614803968 -0.013175351721640744 -0.00093147618072875887 -0.021677793121651915 0.004082462614836811
leaf_weight=48774.504272129387 554.65708500891924 1394.5426107384264 29095.969987984747 17654.788383387029 675.73932324722409 732.08489114418626 674.86887181922793 845.09375044330955 423.97155822440982 508.69992825388908 639.90212169662118 11044.827040404081 491.6985033787787 428.80455677211285
leaf_count=268841 2696 8198 127947 118643 3208 3809 3017 4123 1940 2462 2906 69052 2433 1995
internal_value=-2.69254e-05 -0.00129653 -0.00102329 -0.00271549 0.00309755 -3.7607e-05 0.00233656 0.00764637 -0.00141412 -0.00565255 0.000690233 -0.00392648 -0.00982126 0.0180335
internal_weight=113940 65165.6 63771.1 34675.1 5975.52 5299.78 4567.7 2744.23 1470.33 1823.47 1314.77 28699.6 1046.36 1273.9
internal_count=621270 352429 344231 216284 28589 25381 21572 13187 7069 8385 5923 187695 5129 6118
is_linear=0
shrinkage=0.05


Tree=70
num_leaves=15
num_cat=0
split_feature=0 22 54 71 74 53 69 73 71 74 69 71 27 74
split_gain=143.632 77.072 62.9306 125.605 117.819 113.746 103.021 118.942 77.2611 100.327 116.067 84.843 72.0889 68.9277
threshold=0.015445953700691463 91.29233551025392 0.46056012809276586 -0.017686145380139347 -0.019179445691406723 -0.19826467335224149 0.07906664535403253 0.55444979667663585 -0.013603275176137684 -0.0059896605089306823 0.10072816908359529 -0.0082825054414570314 1.2812825441360476 0.0035756295546889309
decision_type=2 8 8 2 2 10 8 2 2 2 8 2 2 2
left_child=-1 2 5 6 -5 -2 -4 -8 -6 -10 11 -11 -7 -13
right_child=1 -3 3 4 8 12 7 -9 9 10 -12 13 -14 -15
leaf_value=-0.010173205597784552 0.0014031644271592751 -0.0046992546945516505 0.0044902406150797445 -0.017472372215977507 -0.010007281515877776 -0.0045710589819562596 0.030308157737772796 0.0044190413835856531 0.0077197089109229851 0.015032513885808511 -0.0025760229347168155 -0.00067145847652873032 0.0024848328771657989 0.0057060151111055415
leaf_weight=3379.0318788401783 32026.678711093962 7259.1188748702407 4585.006911881268 840.30881034582853 1439.0042444393039 18605.463071972132 975.6111433878541 814.01029588282108 5960.1297955065966 1422.3016538918018 15030.038269564509 8918.0150319039822 4487.0045000985265 8058.0952165722847
leaf_count=48812 149919 40890 20194 3846 6872 117519 4371 3707 28967 6720 76821 45871 26302 39631
internal_value=-3.42358e-05 0.000276924 0.000627502 0.00195007 0.000949176 -0.000525409 0.00848069 0.0186225 0.00133251 0.00174923 0.000682732 0.00334483 -0.00319957 0.00235733
internal_weight=113800 110421 103162 48042.5 41667.9 55119.1 6374.63 1789.62 40827.6 39388.6 33428.5 18398.4 23092.5 16976.1
internal_count=620442 571630 530740 237000 208728 293740 28272 8078 204882 198010 169043 92222 143821 85502
is_linear=0
shrinkage=0.05


Tree=71
num_leaves=15
num_cat=0
split_feature=69 72 70 69 69 74 74 69 72 70 73 58 73 72
split_gain=85.9906 379.117 228.095 113.188 165.66 148.589 139.871 124.504 111.109 105.38 165.866 139.468 112.189 128.161
threshold=0.13544805347919467 0.005167735507711769 -0.0066560849081724873 0.10132142156362535 0.090995021164417281 -0.0042312266305088988 -0.0096426550298929197 0.086077798157930388 0.0080531435087323206 0.0002705992956180126 0.74382507801055919 0.00014668671065010133 0.68070700764656078 0.0084816678427159804
decision_type=10 10 2 10 10 2 2 10 10 2 2 2 2 10
left_child=3 -2 -3 4 7 -5 -6 -1 -4 12 11 -11 13 -8
right_child=1 2 8 5 6 -7 9 -9 -10 10 -12 -13 -14 -15
leaf_value=0.00016251944065141951 0.046165333765334375 0.03528684253288087 -0.0074170988851534614 0.0036181754852804386 0.029142905714819763 -0.0066532300544527682 -0.017854579767640523 -0.009340830721161212 0.008429517276794498 0.02730172107126197 -0.012639308461280236 0.0065468852774352342 0.01554131012354372 0.010456712875321862
leaf_weight=79199.911417834461 521.60422340780497 453.27967579290271 2942.3142229318619 4772.8003893382847 676.27102108672261 13357.435200404376 1260.5508230999112 3593.2021764144301 1759.1373998373747 1334.8573850244284 650.63104358315468 2055.2442823424935 614.84847404062748 575.36668462306261
leaf_count=430323 2922 2186 15425 25617 3385 75284 6757 20819 8659 7227 4193 11326 3639 2962
internal_value=-3.05505e-05 0.00596249 0.00181288 -0.000345794 0.000380689 -0.00394877 0.00766738 -0.000251002 -0.00148248 0.00538872 0.0103408 0.0147754 -0.00278498 -0.00897339
internal_weight=113767 5676.34 5154.73 108091 89960.9 18130.2 7167.77 82793.1 4701.45 6491.5 4040.73 3390.1 2450.77 1835.92
internal_count=620724 29192 26270 591532 490631 100901 39489 451142 24084 36104 22746 18553 13358 9719
is_linear=0
shrinkage=0.05


Tree=72
num_leaves=15
num_cat=0
split_feature=0 27 27 0 54 71 69 70 14 71 70 71 69 70
split_gain=113.578 66.5989 59.8866 82.9299 65.5133 108.354 123.336 94.4614 90.425 78.9883 71.3925 71.12 134.477 113.891
threshold=0.016449724324047569 1.0079106092453005 0.55265751481056224 0.034917909651994712 0.50345954298973095 -0.017686145380139347 0.032231312245130546 0.016821727156639103 -0.074253410100936876 0.040163846686482436 -0.017683968879282471 -0.012742594350129364 -0.048130543902516358 0.0053841436747461566
decision_type=2 2 2 2 8 2 8 2 10 2 2 2 10 2
left_child=1 -1 3 -2 8 6 -6 10 9 11 -7 -4 13 -13
right_child=2 -3 4 -5 5 7 -8 -9 -10 -11 -12 12 -14 -15
leaf_value=-0.012008756957398828 -0.0077139617560896285 -0.00020699588938237251 -0.0022345711561409551 0.00077952173443777018 -0.00028682766321919492 -0.018458375907327341 0.014985980219131568 0.014268939873725593 -0.0018767713934559141 -0.010603812289170546 0.00098608312803167056 0.0076891724672540074 0.0029966250729867279 0.032906792362141106
leaf_weight=3042.2719207517803 5268.4413747340441 1965.5509514287114 4380.3062279745936 6305.3993761539459 2232.6956430077553 468.4916899651289 3229.0134452804923 1325.7703039944172 36292.286154262722 1082.7273538485169 35209.794801197946 1177.6433761566877 10914.476317569613 720.92894072085619
leaf_count=41861 31392 24291 19218 27265 9708 2147 14336 6018 201949 5119 175678 5110 52690 3140
internal_value=-3.17811e-05 -0.00738626 0.000307976 -0.00309005 0.000713557 0.00218605 0.00875349 0.00121461 -0.000432544 0.00243483 0.000725657 0.00326161 0.00514083 0.0173871
internal_weight=113616 5007.82 108608 11573.8 97034.1 42465.8 5461.71 37004.1 54568.4 18276.1 35678.3 17193.4 12813 1898.57
internal_count=619922 66152 553770 58657 495113 207887 24044 183843 287226 85277 177825 80158 60940 8250
is_linear=0
shrinkage=0.05


Tree=73
num_leaves=15
num_cat=0
split_feature=0 22 73 69 69 71 54 71 13 69 73 69 69 71
split_gain=108.56 81.045 63.1866 257.861 106.305 160.544 116.217 125.962 110.473 103.688 101.384 112.605 84.7533 79.3455
threshold=0.013060470111668112 91.29233551025392 0.68743640184402477 0.13680395483970645 0.11515964940190317 0.012974427081644537 0.52484938502311718 0.042148336768150337 -0.12068118155002593 -0.042015798389911645 0.60302037000656139 0.1269701570272446 -0.082434166222810731 -0.031000258401036259
decision_type=2 8 2 10 10 2 8 2 10 8 2 10 10 2
left_child=-1 2 3 4 6 10 7 13 -8 -4 -6 -12 -9 -2
right_child=1 -3 9 -5 5 -7 8 12 -10 -11 11 -13 -14 -15
leaf_value=-0.016087267170825901 -0.0047956386421035843 -0.0049249308608147564 0.022969830221108618 0.027928465382943697 -0.016023320790962931 0.0062315359235645016 -0.020741467773550449 0.0047842579332793098 0.0045052667040929011 -0.0022155025170662252 -0.0079714161384400704 0.017914908049201081 -0.020051644104594764 0.0012696719101771869
leaf_weight=1037.1011339686811 6262.3511518016458 7517.460052434355 405.8171871304512 877.06342780217528 2847.9660612270236 2262.7199701666832 431.02365811914206 467.02748289704323 25600.427786383778 23942.303343221545 1801.4924091845751 537.04296781495214 1254.591412730515 38413.391347501427
leaf_count=19242 28849 44531 1945 4440 15480 12113 1898 2148 124677 134668 9908 2812 6497 210979
internal_value=-6.21544e-05 8.68328e-05 0.000445731 0.00111889 0.000821063 -0.00486264 0.00140622 -9.41606e-05 0.00407943 -0.00178647 -0.00970538 -0.00197567 -0.0133256 0.000418594
internal_weight=113658 112621 105103 80755.1 79878 7449.22 72428.8 46397.4 26031.5 24348.1 5186.5 2338.54 1721.62 44675.7
internal_count=620187 600945 556414 419801 415361 40313 375048 248473 126575 136613 28200 12720 8645 239828
is_linear=0
shrinkage=0.05


Tree=74
num_leaves=15
num_cat=0
split_feature=0 8 0 73 68 68 70 71 58 70 73 70 69 69
split_gain=104.847 69.5896 75.9565 75.3232 63.6469 59.7687 178.201 103.692 92.6582 89.9476 129.176 128.969 147.818 175.518
threshold=0.014977000188082458 1.0000000180025095e-35 0.034301782026886947 0.86850854754447948 0.066133540123701109 0.044960986822843559 0.010115843266248705 0.01045523537322879 0.0062973026651889094 -0.0016639155801385639 0.6645338535308839 0.0057996786199510106 0.081008844077587142 0.052791556343436248
decision_type=2 2 2 2 10 10 2 2 2 2 2 2 10 8
left_child=-1 2 3 4 5 7 9 8 -2 -7 -11 12 13 -12
right_child=1 -3 -4 -5 -6 6 -8 -9 -10 10 11 -13 -14 -15
leaf_value=-0.0099332084510469695 -0.0014018279973665086 0.0037445920247791129 0.001156317778753412 -0.015248174683514183 -0.018920482870611738 -0.0065720031476979336 -0.020869923958399574 -0.0053436274597499439 0.00570872380364674 0.032895700168671653 0.002617125833513033 -0.008363527070832202 0.0023594104221896662 0.047491053762255389
leaf_weight=2663.3568798266351 27405.293557196856 11631.880894489586 45689.086517706513 984.89563056826591 501.03344658762217 916.61231039464474 627.10393881797791 14050.846598014235 5490.9134660884738 554.63923913985491 371.61597233265638 954.65471348911524 1224.9870346039534 521.06709429621696
leaf_count=41682 161110 64440 197276 6473 3028 5440 3713 84977 29797 3142 2208 5943 7673 3242
internal_value=-0.000148489 8.73213e-05 -0.000341452 -0.00161805 -0.00136008 -0.00118767 0.00390948 -0.00174977 -0.000213587 0.00736786 0.0108991 0.00683432 0.0136927 0.0290464
internal_weight=113588 110925 99292.7 53603.7 52618.8 52117.7 5170.68 46947.1 32896.2 4543.58 3626.96 3072.32 2117.67 892.683
internal_count=620144 578462 514022 316746 310273 307245 31361 275884 190907 27648 22208 19066 13123 5450
is_linear=0
shrinkage=0.05


Tree=75
num_leaves=15
num_cat=0
split_feature=0 15 0 74 69 71 54 27 0 71 74 69 70 70
split_gain=93.9571 72.6916 63.9472 53.9376 73.7695 76.0662 53.3681 50.5389 72.6349 55.334 51.9383 55.2606 114.737 70.1174
threshold=0.016315237618982795 17.227429389953617 0.01037111133337021 -0.04474180564284324 -0.13803395628929135 -0.030130613595247265 0.69614091515541088 1.2035927176475527 0.030779752880334858 0.01045523537322879 0.0057009411975741395 0.088959712535142912 0.003871326101943851 -0.00053757344721816469
decision_type=2 8 2 2 8 2 10 2 2 2 2 8 2 2
left_child=2 -2 -1 -3 5 -5 7 8 9 -6 11 12 -11 -13
right_child=1 3 -4 4 6 -7 -8 -9 -10 10 -12 13 -14 -15
leaf_value=-0.03372553666366887 0.0025864539747875743 -0.016543284194009949 -0.005547796616528905 0.00076156832359644891 -0.0022758973725169607 0.024642103675184907 0.0016993709308469826 0.0014302091735635062 -5.313934575825015e-06 -0.014299405509574504 -0.0130731305095831 0.017611185428421047 0.008338232644492528 -0.0036503154668301252
leaf_weight=201.42708580940962 28044.642325825989 502.08902558684349 4487.8320078514516 756.0114688128233 14954.233560293913 587.54761599004269 20957.551813445985 13538.198989257216 21890.777261003852 2248.8070638179779 2700.1630453914404 521.57440160214901 736.73270019888878 1424.7808562070131
leaf_count=4854 145715 2341 58819 3137 91330 2430 98334 68654 95732 14379 17025 3400 4719 9352
internal_value=9.48448e-05 0.000393617 -0.00682736 -0.00036754 -0.000264372 0.0113096 -0.000462686 -0.00124387 -0.00205796 -0.00404652 -0.00750835 -0.0044414 -0.008704 0.00210813
internal_weight=113552 108863 4689.26 80818.5 80316.4 1343.56 78972.8 58015.3 44477.1 22586.3 7632.06 4931.9 2985.54 1946.36
internal_count=620221 556548 63673 410833 408492 5567 402925 304591 235937 140205 48875 31850 19098 12752
is_linear=0
shrinkage=0.05


Tree=76
num_leaves=15
num_cat=0
split_feature=18 54 53 71 71 73 71 2 73 71 67 54 27 71
split_gain=77.5779 72.0763 142.77 111.334 82.5019 150.992 112.164 63.0736 62.5376 61.2943 56.3833 50.533 47.135 46.842
threshold=63.599555969238288 0.35038423538208013 -0.15829881280660626 -0.017686145380139347 -0.031000258401036259 0.11478942260146142 0.042148336768150337 0.019390258006751541 0.31657269597053533 -0.014009495265781878 0.016894160769879821 0.79761460423469555 0.79735517501831066 -0.024940954521298405
decision_type=2 8 10 2 2 2 2 2 2 2 2 10 2 2
left_child=1 2 4 7 12 -6 -7 -3 -4 -5 11 -2 -1 -9
right_child=10 3 8 9 5 6 -8 13 -10 -11 -12 -13 -14 -15
leaf_value=0.0043554173763471022 -0.0069643344314088765 0.02345612618019248 0.0024721535607697834 -0.0085961873825623463 0.024712647571016759 0.0018869833743492548 -0.013535411817465405 0.0028892069938254387 -0.0069422500169707135 0.0012475527409875505 0.0014317088745637264 -0.00031694015827372023 -0.0083623708868329066 0.011413425435030525
leaf_weight=921.5822979323566 8723.7895216271281 563.81860690191388 2108.3805899694562 1635.8868331164122 690.8171039223671 27187.86048765853 1222.4236332662404 4207.7937113493681 10652.131265372038 40396.777885399759 5059.4946032837033 4251.7897807024419 3374.4482868760824 2611.9740546941757
leaf_count=4030 63073 3802 11301 8074 2898 134464 5983 18192 83923 211573 25243 21608 14945 11457
internal_value=-3.65463e-05 0.000531108 -0.000889524 0.00185797 0.000829614 0.00178487 0.00121887 0.00751616 -0.00538602 0.000862487 -0.00304336 -0.00478806 -0.00563038 0.00616592
internal_weight=113609 95573.9 46157.6 49416.3 33397.1 29101.1 28410.3 7383.59 12760.5 42032.7 18035.1 12975.6 4296.03 6819.77
internal_count=620566 510642 257544 253098 162320 143345 140447 33451 95224 219647 109924 84681 18975 29649
is_linear=0
shrinkage=0.05


Tree=77
num_leaves=15
num_cat=0
split_feature=0 0 27 0 68 73 27 8 68 71 71 68 68 73
split_gain=90.0392 67.4668 52.7253 68.7508 50.925 80.2756 53.6461 46.609 46.2025 149.121 117.973 92.0593 155.849 350.027
threshold=0.018278241157531742 0.01037111133337021 0.47029121220111852 0.034510018303990371 0.041905201971530921 0.67916125059127819 1.2724417448043825 1.0000000180025095e-35 -0.074138201773166643 -0.03858648054301738 0.0034675771603360776 -0.028726507909595963 -0.024779885075986382 0.35803896188735967
decision_type=2 2 2 2 10 2 2 2 8 2 2 10 10 2
left_child=1 -1 3 -2 6 -6 -3 8 9 -4 -11 -10 13 -13
right_child=2 4 7 -5 5 -7 -8 -9 11 10 -12 12 -14 -15
leaf_value=-0.033238000405719739 -0.010997573538728555 -0.0076753473707412622 -0.0030915676619565637 0.00017469343028249793 0.029291076739297723 -0.0015612467873170176 0.0031739989944500231 0.0038802123867113384 -0.0041188079520046786 0.026543595029830055 -0.00045575787734849382 0.037171534483976552 0.00040929668854648986 -0.016692151633623822
leaf_weight=194.25675771012902 2264.8489484712481 6136.8874579146504 2169.793305799365 3488.1064457595348 262.47300364077091 928.08086861670017 1392.7452447116375 10221.276706770062 11344.832436583936 1083.8599004969001 641.55130372941494 828.4922149553895 72078.735535427928 463.72150409966707
leaf_count=4847 13077 70298 9434 15078 2666 10461 14165 52440 51782 4505 2748 3722 362752 2212
internal_value=2.5544e-06 -0.00481821 0.000413879 -0.00423511 -0.00414776 0.00542787 -0.00566701 0.000684894 0.000315918 0.00563326 0.0165598 7.07921e-05 0.000719073 0.0178624
internal_weight=113500 8914.44 104585 5752.96 8720.19 1190.55 7529.63 98832.3 88611 3895.2 1725.41 84715.8 73370.9 1292.21
internal_count=620187 102437 517750 28155 97590 13127 84463 489595 437155 16687 7253 420468 368686 5934
is_linear=0
shrinkage=0.05


Tree=78
num_leaves=15
num_cat=0
split_feature=72 71 72 72 57 23 72 53 68 74 68 74 74 74
split_gain=75.562 116.041 189.361 84.8126 72.0579 76.7771 58.8795 67.9259 62.0089 52.1658 50.3169 184.537 113.86 101.01
threshold=0.0046126006636768588 0.016849424690008167 0.0040987152606248864 0.0046515460126101979 0.0089931674301624315 0.024324482306838039 0.0043264497071504602 -0.50229865312576283 0.037134038284420974 -0.04474180564284324 -0.087453853338956819 -0.015850028023123738 -0.02498772460967302 -0.019179445691406723
decision_type=10 2 8 10 10 2 10 10 10 2 8 2 2 2
left_child=1 6 -3 -2 5 -5 8 -8 -1 -6 11 12 -11 -12
right_child=3 2 -4 4 9 -7 7 -9 -10 10 13 -13 -14 -15
leaf_value=-0.0012111681130854562 0.022273964720638671 0.030311152765658864 -0.013172930234971281 -0.0050162352095497551 -0.014282435551539928 0.0026868436723769882 0.0090667224936913631 -0.015044568112128618 -0.012204357519228819 0.0073527846559050926 -0.0065186429734426015 -0.0030281783532641981 0.041657254558181672 0.0012532870352603438
leaf_weight=7112.701057381928 434.17699079588056 596.37291257083416 418.77686225995421 10985.641188692302 548.63865130394697 4575.5893642306328 329.96040984988213 2193.1862268857658 1555.7819339111447 478.94451021030545 4407.361995652318 1478.927385840565 489.6498444750905 78049.510802585632
leaf_count=49834 2701 4034 2715 78440 2571 22020 1770 15887 9703 2060 20746 6248 2005 400465
internal_value=2.5926e-05 -0.00368904 0.0124193 0.000473249 0.00037735 -0.00275097 -0.00515995 -0.0118681 -0.00319597 0.00094728 0.00104736 0.00809775 0.0249431 0.000837133
internal_weight=113655 12206.8 1015.15 101448 101014 15561.2 11191.6 2523.15 8668.48 85453 84904.4 2447.52 968.594 82456.9
internal_count=621199 83943 6749 537256 534555 100460 77194 17657 59537 434095 431524 10313 4065 421211
is_linear=0
shrinkage=0.05


Tree=79
num_leaves=15
num_cat=0
split_feature=69 72 68 69 72 72 72 74 72 68 72 72 74 72
split_gain=59.8856 286.644 117.911 104.362 96.9567 102.379 96.2052 109.071 89.8136 96.6095 107.75 108.498 89.502 82.7102
threshold=0.13544805347919467 0.005167735507711769 0.043877916410565383 0.14803105592727664 0.005073605105280877 0.0053966774139553317 0.0065668541938066491 0.0010130195878446104 0.0058862892910838136 0.063369292765855803 0.011813174001872541 0.016003454104065899 -0.010161864571273325 0.0080942544154822844
decision_type=10 10 10 10 10 10 10 2 10 10 10 10 2 10
left_child=4 -2 3 -3 -1 -6 -4 -8 12 13 -11 -12 -7 -10
right_child=1 2 6 -5 5 8 7 -9 9 10 11 -13 -14 -15
leaf_value=-0.0039843952560989033 0.039364294055561522 0.022358206335659363 -0.019555439136859518 0.00049119385383260966 0.0087532159291267009 0.015860492797219492 0.017429738614228196 -0.0071745373657179914 0.0030630935486922165 -0.021790074014124375 0.0074635121599035742 -0.021855504769078261 -0.0088788525017096925 -0.00041271801779282566
leaf_weight=15584.842607781291 536.22838106006384 951.29707209020853 835.08646757528186 1262.9562554769218 3420.8710317388177 390.47819305583835 642.09313251450658 1446.5229866653681 24393.671209216118 1015.2054705843329 1103.8797877877951 430.28324131295085 4287.8646492622793 57301.656472694129
leaf_count=106372 2901 4690 4570 6301 21710 2167 3187 7396 138905 5869 5210 2184 26428 283173
internal_value=-7.44152e-05 0.0049277 0.0012642 0.00994408 -0.000337826 0.000277969 -0.00532096 0.000436447 -4.90213e-05 0.000325783 -0.00923996 -0.00084781 -0.00678456 0.000625384
internal_weight=113603 5674.18 5137.96 2214.25 107929 92343.9 2923.7 2088.62 88923 84244.7 2549.37 1534.16 4678.34 81695.3
internal_count=621063 29045 26144 10991 592018 485646 15153 10583 463936 435341 13263 7394 28595 422078
is_linear=0
shrinkage=0.05


Tree=80
num_leaves=15
num_cat=0
split_feature=5 72 73 73 72 68 68 73 72 72 68 73 71 68
split_gain=61.56 56.7323 136.867 136.303 107.052 102.754 96.4679 143.814 115.922 93.6464 131.271 234.625 202.1 158.48
threshold=0.71724092960357677 0.0062138757202774295 0.47465904057025915 0.39495027065277105 0.0056083500385284433 0.012641829438507559 0.049752205610275275 0.81356516480445873 0.0049801396671682605 0.0074609280563890943 0.03070078790187836 0.73714429140090953 0.0061076462734490642 0.039015367627143867
decision_type=2 10 2 2 10 10 10 2 10 10 8 2 2 10
left_child=-1 2 3 -2 6 -6 -4 8 -8 10 -3 12 13 -12
right_child=1 9 4 -5 5 -7 7 -9 -10 -11 11 -13 -14 -15
leaf_value=-0.013660917571631763 -0.01167413330231429 -0.00042625342156534061 -0.0019489488599909021 0.014409918720740678 -0.024504735830827296 -0.0059873879208201374 0.0065389712164273103 -0.0077648457250373993 0.047684084479266295 -3.912201559261041e-05 0.048466505776025015 -0.00081540964590237478 0.0093295581124966248 0.01394611278794575
leaf_weight=803.13029565289617 636.9360636472702 8226.0825175046921 18471.701285902411 2229.0849017575383 857.46910762041807 5598.1699054799974 341.70011265203357 491.65413523837924 340.62390963360667 66662.78067645058 697.38327259942889 3890.2680204287171 3560.7642526067793 648.52177999913692
leaf_count=4762 3886 45889 124769 13016 5147 33790 2331 3164 1869 331994 3960 22121 19963 3460
internal_value=4.71983e-05 0.000146131 -0.00176065 0.00859264 -0.00290034 -0.00848105 -0.00106311 0.0127736 0.0274711 0.000806283 0.004115 0.00835722 0.0156166 0.0320585
internal_weight=113456 112653 28967.3 2866.02 26101.3 6455.64 19645.7 1173.98 682.324 83685.8 17023 8796.94 4906.67 1345.91
internal_count=620121 615359 187972 16902 171070 38937 132133 7364 4200 427387 95393 49504 27383 7420
is_linear=0
shrinkage=0.05


Tree=81
num_leaves=15
num_cat=0
split_feature=0 73 74 73 73 70 74 74 73 74 70 26 0 15
split_gain=74.167 64.863 100.72 114.667 108.148 95.4495 160.819 85.0621 80.2287 115.035 78.2797 66.1584 57.981 52.1737
threshold=0.012468064669519665 0.68743640184402477 -0.0074225144926458589 0.78874629735946666 0.83061772584915172 0.0049661637749522933 0.0074146899860352286 -0.008229749742895363 0.78387612104415905 -0.011121466290205715 0.002252972219139338 0.17617430537939074 0.022885529324412349 22.537690162658695
decision_type=2 2 2 2 2 2 2 2 2 2 2 8 2 8
left_child=-1 13 7 -4 5 10 -7 8 9 -3 -5 -8 -6 -2
right_child=1 2 3 4 12 6 11 -9 -10 -11 -12 -13 -14 -15
leaf_value=-0.016030022702966686 0.0020390301092245654 0.024442084092948915 -0.0054097413007075015 0.0086873965466980774 -0.015825237444067476 -0.021565347986499922 0.0010738211242216484 0.027351686719559426 -0.010933337027669762 -0.0025796957096805256 0.029611827002588034 0.02613975980347253 -0.00091776567009805145 -0.00043301210735662661
leaf_weight=705.04349830746651 42700.740816164762 698.60213834419847 16434.058126620948 1618.2150439657271 790.57071600109339 608.73729706555605 735.43439127877355 427.88473085314035 684.89099679887295 882.89412415772676 615.29917784407735 400.78981985524297 3528.485122166574 42660.228379935026
leaf_count=14567 227695 3502 96915 8784 6966 3451 4118 2269 3511 4626 3552 1951 17119 221480
internal_value=2.22624e-05 0.000124019 -0.00199093 -0.00299166 0.00179832 0.00773637 -0.00102844 0.00717225 0.00325904 0.00943535 0.0145581 0.0100665 -0.00367672 0.00080369
internal_weight=113492 112787 27425.9 24731.6 8297.53 3978.48 1744.96 2694.27 2266.39 1581.5 2233.51 1136.22 4319.06 85361
internal_count=620506 605939 156764 142856 45941 21856 9520 13908 11639 8128 12336 6069 24085 449175
is_linear=0
shrinkage=0.05


Tree=82
num_leaves=15
num_cat=0
split_feature=79 54 53 73 70 0 13 68 73 73 50 70 70 68
split_gain=81.2993 60.6834 87.19 83.5303 76.3193 57.931 50.8689 49.8507 57.4957 71.9718 66.8453 80.3181 111.481 89.2193
threshold=0.016341791488230232 0.23746725171804431 -0.11499628797173499 0.68223786354064953 -0.0014585852622985838 0.023680896498262886 -0.12068118155002593 0.034101765602827079 0.31657269597053533 0.32778233289718633 0.08960799872875215 -0.00037864850310143078 -0.012843514792621134 -0.039862519130110734
decision_type=8 8 10 2 2 2 10 8 2 2 2 2 2 10
left_child=5 2 -2 6 -5 -1 -3 8 10 -10 11 12 13 -8
right_child=1 3 -4 4 -6 -7 7 -9 9 -11 -12 -13 -14 -15
leaf_value=-0.0066303577262712609 -0.00029023197157652117 -0.012113412796298999 -0.0086533783404417145 0.0042563550484966493 -0.003736052005480996 -0.0009808859537215023 0.0055583772834973668 0.0072403588476070979 -0.017861362894301312 0.0015771539101889307 4.0358791066433261e-05 0.020827280145409233 -0.0041839654325988946 0.032446877480483159
leaf_weight=6994.488324675709 29721.106914609671 571.00388909503818 3471.68068414554 4023.1943499855697 11510.00202581659 12897.141547575593 795.98665828257799 5483.5155611410737 473.46544379740953 31808.730038639158 2497.4606795236468 1265.3425622060895 1403.9723276346922 499.22249717637897
leaf_count=64770 151438 2529 29859 21020 63441 60942 3596 27297 2336 167352 10701 5870 6635 2283
internal_value=-6.78679e-05 0.000549579 -0.00116729 0.00149418 -0.00166456 -0.00296974 0.00258955 0.00278207 0.00214938 0.00128662 0.00645084 0.0104789 0.00556871 0.0160914
internal_weight=113416 93524.7 33192.8 60331.9 15533.2 19891.6 44798.7 44227.7 38744.2 32282.2 6461.98 3964.52 2699.18 1295.21
internal_count=620069 494357 181297 313060 84461 125712 228599 226070 198773 169688 29085 18384 12514 5879
is_linear=0
shrinkage=0.05


Tree=83
num_leaves=15
num_cat=0
split_feature=0 27 53 69 72 69 27 72 69 70 13 69 18 72
split_gain=73.7394 115.212 74.6194 53.4553 134.134 53.8892 50.2765 46.8149 79.8889 44.7894 41.196 41.2638 88.3409 61.5436
threshold=0.024140638299286369 1.2724417448043825 -0.19826467335224149 0.1269701570272446 0.0053569187875837096 0.107115026563406 0.64377814531326305 0.010468589607626201 0.0073220878839492807 0.0074375541880726823 0.16020391881465915 -0.13803395628929135 58.439884185791023 0.019190592691302303
decision_type=2 2 8 10 10 8 2 10 10 2 8 10 2 10
left_child=1 2 -1 5 -5 6 -4 8 -8 -6 11 12 13 -2
right_child=10 -3 3 4 9 -7 7 -9 -10 -11 -12 -13 -14 -15
leaf_value=0.0040977578090905945 0.01219932506098818 0.00446391685649345 -0.010122946271519139 0.035766751223257558 0.0030090427787638242 -0.010637590489927632 0.022243132158928997 -0.0089804583751429169 -0.0020355055590106528 -0.020315141600221201 -0.01039614505381775 0.00058885779406473132 -0.0076332582786458256 -0.0012387272548864444
leaf_weight=2700.2377141825855 3016.1131970882416 5304.0795528553426 2777.0949659831822 269.54578194022179 761.43301184475422 3905.8164548389614 341.11172323301435 2377.5550768040121 9693.6568852104247 271.0864280462265 808.57552172243595 78859.146728545427 1067.9555477052927 1183.5234910994768
leaf_count=18289 13472 39687 25360 1981 5948 34040 2344 16598 84853 2194 3540 361474 5028 5000
internal_value=2.93572e-05 -0.00217569 -0.00370167 -0.00473568 0.00503741 -0.00540437 -0.00405259 -0.00268737 -0.00118888 -0.00325081 0.000766875 0.00087539 0.00515572 0.00841832
internal_weight=113337 28401.6 23097.5 20397.3 1302.07 19095.2 15189.4 12412.3 10034.8 1032.52 84935.3 84126.7 5267.59 4199.64
internal_count=619808 231294 191607 173318 10123 163195 129155 103795 87197 8142 388514 384974 23500 18472
is_linear=0
shrinkage=0.05


Tree=84
num_leaves=15
num_cat=0
split_feature=2 18 54 53 71 72 72 72 69 71 72 69 72 71
split_gain=59.6904 53.6106 54.4349 103.275 69.9694 84.7772 223.375 88.504 66.1389 223.089 63.7868 109.547 75.1071 62.2325
threshold=0.010355446953326465 65.807651519775405 0.32184737920761114 -0.11499628797173499 -0.0090665640309452993 0.0071378787979483613 0.0066746210213750609 0.0056083500385284433 -0.13803395628929135 -0.030130613595247265 0.016811436042189602 0.026592043228447441 0.012066500261425974 0.040163846686482436
decision_type=2 2 10 10 2 10 10 10 8 2 10 10 10 2
left_child=-1 2 3 8 5 6 7 -4 9 -2 12 -12 -6 -10
right_child=1 -3 4 -5 10 -7 -8 -9 13 -11 11 -13 -14 -15
leaf_value=-0.017453584429525281 -0.0039417570598367681 -0.0028240420089681796 0.017433675447024115 -0.0062288111287250557 0.0003303884610675499 0.0029743010563722475 0.039363112290468717 -0.0050582961470834534 0.00035355120507893942 0.037649403479195452 -0.0019869664990690796 -0.028496520683591698 0.0072343843455775136 -0.0092789883566486691
leaf_weight=473.47383574023843 892.31700608879328 13329.78606877476 749.68026738241315 6935.6622901111841 28055.549645811319 8983.2102863006294 611.61036368831992 1023.0792562440038 42872.573970541358 493.36761684715748 2154.5115719400346 466.24551216885448 4572.9973813556135 1735.0103728994727
leaf_count=9808 3800 80324 4023 56287 150969 40703 2907 5303 221909 2019 9575 2237 21595 8586
internal_value=7.74647e-05 0.000152541 0.000551367 -0.000545897 0.00179705 0.00520633 0.013568 0.00449775 0.000312239 0.0110303 0.000696427 -0.00679354 0.00129993 -2.31018e-05
internal_weight=113349 112876 99545.8 52928.9 46616.9 11367.6 2384.37 1772.76 45993.3 1385.68 35249.3 2620.76 32628.5 44607.6
internal_count=620045 610237 529913 292601 237312 52936 12233 9326 236314 5819 184376 11812 172564 230495
is_linear=0
shrinkage=0.05


Tree=85
num_leaves=15
num_cat=0
split_feature=53 54 71 84 71 70 71 53 84 70 27 71 69 74
split_gain=77.4993 97.3752 121.185 99.2067 111.753 88.6372 85.5448 85.2235 71.8683 67.7839 62.3852 60.1176 58.042 109.547
threshold=-0.28978309035301203 0.33129347860813146 -0.017686145380139347 1.5000000000000002 -0.019872837699949738 0.016821727156639103 0.011548060458153488 -0.10133411362767218 2.5000000000000004 0.0028111279243603353 0.50037088990211498 -0.03858648054301738 0.097612064331769957 0.0022695042425766592
decision_type=8 8 2 2 2 2 2 10 2 2 2 2 8 2
left_child=-1 7 3 4 11 10 -7 -2 -5 -10 -4 -3 -12 -14
right_child=1 2 5 8 -6 6 -8 -9 9 -11 12 -13 13 -15
leaf_value=0.0022401128576252155 -0.0015715090162117008 0.022150191887150603 -0.0070005742012147487 -0.0091729777832712991 0.035771113552541665 0.026643863384299856 0.0022198329150833317 -0.0079342695438850315 0.0097623699652040329 -0.0095141735527397714 0.00136205144214281 0.0046233574438151225 0.00097919502325864867 -0.0065557502231490669
leaf_weight=29039.774028979242 21255.2772391662 657.5352264419198 3724.9934994764626 1130.428783532232 465.60856748372316 566.10049774497747 954.58799689635634 6987.7329086698592 2176.0902712978423 567.67853792011738 24328.257162917405 1861.5743111930788 11106.334387384355 8514.2981205061078
leaf_count=128884 122545 2958 20504 5281 2254 2720 4566 62300 10174 2625 136816 8670 62004 47883
internal_value=1.29339e-05 -0.000754494 0.00045184 0.00667299 0.0135078 -0.000416719 0.0114267 -0.003148 0.00138617 0.00575404 -0.000796815 0.00926768 -0.000269528 -0.00229224
internal_weight=113336 84296.5 56053.5 6858.92 2984.72 49194.6 1520.69 28243 3874.2 2743.77 47673.9 2519.11 43948.9 19620.6
internal_count=620184 491300 306455 31962 13882 274493 7286 184845 18080 12799 267207 11628 246703 109887
is_linear=0
shrinkage=0.05


Tree=86
num_leaves=15
num_cat=0
split_feature=16 54 71 70 12 70 70 71 71 71 71 71 70 71
split_gain=56.3354 60.0697 93.4068 102.247 82.5258 78.8575 65.0971 64.0951 57.8727 56.4578 69.5108 67.4146 112.504 102.944
threshold=21.896806716918949 0.33129347860813146 -0.017686145380139347 0.018066717311739925 0.030411557294428352 0.016821727156639103 0.015564654953777792 0.011548060458153488 -0.031000258401036259 -0.013603275176137684 -0.0082825054414570314 0.012974427081644537 0.0088836653158068674 0.01045523537322879
decision_type=2 8 2 2 10 2 2 2 2 2 2 2 2 2
left_child=1 4 3 -3 8 6 9 -7 -1 -4 -11 13 -13 -12
right_child=-2 2 5 -5 -6 7 -8 -9 -10 10 11 12 -14 -15
leaf_value=-0.0052516523972211231 -0.0040070855844181012 0.0077105260309521598 -0.0076387264879150263 -0.016539586406231332 -0.0061884934008858391 0.022782125258484776 -0.015010597068927085 0.0037005381848773341 0.00057740502310931483 0.0072962726542597032 -0.00010021160215057846 0.0047103244286427585 -0.0061625858645008068 -0.0092357404431616993
leaf_weight=4842.5434522144496 7950.9450042620301 7749.4115218184888 2060.0843930393457 451.23821463063359 6557.7737696878612 677.84926817938685 681.38372682780027 1235.4717616438866 34750.706127572805 3773.1642470136285 22942.399480227381 13291.609286248684 2888.283281352371 3552.5898877643049
leaf_count=22077 45762 35300 10349 1999 52364 3152 3264 5695 188426 19115 128735 69990 14651 19937
internal_value=4.87164e-05 0.000354862 0.00140749 0.00635765 -0.000997757 0.000612027 0.000223637 0.010544 -0.000136677 0.000440679 0.000800587 0.000224687 0.00276679 -0.00132817
internal_weight=113405 105455 59303.5 8200.65 46151 51102.8 49189.5 1913.32 39593.2 48508.1 46448 42674.9 16179.9 26495
internal_count=620816 575054 312187 37299 262867 274888 266041 8847 210503 262777 252428 233313 84641 148672
is_linear=0
shrinkage=0.05


Tree=87
num_leaves=15
num_cat=0
split_feature=0 15 73 73 73 73 51 71 68 71 71 71 68 71
split_gain=60.9544 51.5196 52.2571 61.7362 71.981 64.1042 52.1012 47.6752 90.5119 46.9847 76.2043 47.4695 45.0605 73.5578
threshold=0.014030149672180416 16.158908843994144 0.85966211557388317 0.78874629735946666 0.71822267770767223 0.79456016421318065 -0.0051278593018651 0.0040545985102653512 0.043877916410565383 -0.0002741747885011136 0.0017398853669874372 -0.0057811266742646686 -0.074138201773166643 -0.03858648054301738
decision_type=2 8 2 2 2 2 8 2 10 2 2 2 8 2
left_child=-1 -2 3 4 12 -5 -7 8 9 11 -11 -6 13 -3
right_child=1 2 -4 5 7 6 -8 -9 -10 10 -12 -13 -14 -15
leaf_value=-0.0096104901149768988 0.002262897980189723 -0.00098599290459294719 -0.0087431035295229016 0.020733316011585092 0.00091733008170654664 0.0015340166304446312 0.020556222432141343 -0.0073629109973955865 0.01892268210070747 0.021071809536868435 -0.0098590164776777064 -0.021870018459454698 -0.00034229500784819806 0.013207030017916073
leaf_weight=1608.1077769510448 23160.751874752343 2050.9902954101562 1821.616517778486 566.21716060116887 400.34883784502745 4447.2809592150152 381.90373194590211 5902.2044858038425 535.9690468609333 361.45240374282002 420.2222547493875 520.16232462972403 69479.061276782304 1633.2888253256679
leaf_count=29248 124684 8957 10504 3160 2050 23337 2237 34119 2762 2018 2592 2894 364603 6873
internal_value=2.4372e-05 0.000163953 -0.000385413 -0.000208823 -0.000552765 0.0049655 0.00307771 -0.0050099 0.00120035 -0.00445783 0.00452914 -0.012056 -5.62352e-05 0.00532468
internal_weight=113290 111681 88520.7 86699.1 81303.7 5395.4 4829.18 8140.36 2238.15 1702.19 781.675 920.511 73163.3 3684.28
internal_count=620038 590790 466106 455602 426868 28734 25574 46435 12316 9554 4610 4944 380433 15830
is_linear=0
shrinkage=0.05


Tree=88
num_leaves=15
num_cat=0
split_feature=0 5 74 69 72 54 53 72 54 69 70 68 70 74
split_gain=73.8801 58.0484 55.4642 60.1754 122.13 61.902 82.8317 58.9969 61.1842 60.0672 52.0359 172.328 117.939 114.832
threshold=0.011692701838910581 0.71724092960357677 -0.04474180564284324 -0.13803395628929135 0.019190592691302303 0.69614091515541088 -0.11642924323678015 0.003753507044166327 0.27179390192031866 0.080389901995658888 -0.0085004726424813253 -0.087453853338956819 -0.006910554599016904 -0.0085253990255296213
decision_type=2 2 2 8 10 10 10 10 10 10 2 8 2 2
left_child=-1 -2 -3 4 -4 6 10 9 -9 -8 11 -5 13 -12
right_child=1 2 3 5 -6 -7 7 8 -10 -11 12 -13 -14 -15
leaf_value=-0.020506360288202619 -0.013414097688938906 -0.015364599193042214 0.027150119054149331 0.024607481831879226 -0.0014005054480429409 0.0022625547961945391 0.0013864873574688894 -0.008458918146874158 -0.0021924188125825683 0.02689326171553057 0.023466857943138689 -0.0044843811801956309 0.00058425245412230763 0.00098337815045204929
leaf_weight=424.27008890360594 772.55941649153829 555.75765315443277 616.79807783663273 528.87257944047451 928.52257460355759 27168.2243395634 1038.9396577365696 5203.1819746308029 15453.959103625268 287.19113461300731 1127.300813652575 9216.9390879683197 48756.043315980583 1136.1495942473412
leaf_count=9828 3958 2620 2528 2212 3864 127929 9770 43201 104449 2475 5520 43259 252929 5509
internal_value=7.71604e-05 0.000156398 0.000251179 0.000330412 0.0100965 0.000192205 -0.000487729 -0.00311707 -0.00377417 0.00707025 0.000463854 -0.00288206 0.00110343 0.0122351
internal_weight=113215 112790 112018 111462 1545.32 109917 82748.6 21983.3 20657.1 1326.13 60765.3 9745.81 51019.5 2263.45
internal_count=620051 610223 606265 603645 6392 597253 469324 159895 147650 12245 309429 45471 263958 11029
is_linear=0
shrinkage=0.05


Tree=89
num_leaves=15
num_cat=0
split_feature=0 0 13 73 71 68 68 84 68 68 73 68 73 71
split_gain=57.9209 41.6545 40.9469 36.8158 78.7406 147.188 143.973 130.887 72.6803 197.519 336.056 164.256 104.544 100.977
threshold=0.015445953700691463 0.01037111133337021 -0.12068118155002593 0.15441858023405078 -0.014376746024936436 -0.093524657189846025 -0.087453853338956819 2.5000000000000004 -0.028726507909595963 -0.024779885075986382 0.35803896188735967 -0.023032579571008679 0.27296082675457006 0.004519339883700014
decision_type=2 2 10 2 2 10 10 2 10 10 2 10 2 2
left_child=1 -1 -2 4 6 -6 7 -4 -5 10 -10 -11 13 -13
right_child=2 -3 3 8 5 -7 -8 -9 9 11 -12 12 -14 -15
leaf_value=-0.029666174432479112 -0.010646029816653618 -0.005290720055821211 -0.0020433107945991721 -0.003901691423695109 0.0011391675278463948 0.028080478933498174 -0.015869513242211572 0.022973972124317656 0.035298762232712132 -0.02737005356762337 -0.013880548673221027 0.030378282378266442 0.00012624646766014948 -0.0008025374049024953
leaf_weight=177.09641559794545 866.3297688215971 2966.3009647503495 1552.3797628879547 10724.876355618238 1291.7242564111948 825.40588621795177 1046.8919528871775 777.224385663867 990.92355468869209 529.17569866776466 525.21658809483051 554.27051509171724 89993.140298768878 480.03444013744593
leaf_count=4927 3820 43837 6630 49546 5863 3646 4706 3357 4493 2574 2538 2414 479625 2233
internal_value=-7.23018e-05 -0.00675373 0.000118952 0.00020525 0.00419039 0.0117254 -0.000554885 0.00636571 -6.05257e-06 0.000443217 0.0182829 0.000145835 0.000308784 0.0160377
internal_weight=113301 3143.4 110158 109291 5493.63 2117.13 3376.5 2329.6 103798 93072.8 1516.14 91556.6 91027.4 1034.3
internal_count=620209 48764 571445 567625 24202 9509 14693 9987 543423 493877 7031 486846 484272 4647
is_linear=0
shrinkage=0.05


Tree=90
num_leaves=15
num_cat=0
split_feature=15 73 4 27 73 52 73 72 69 53 72 54 74 71
split_gain=58.5212 68.4535 53.6859 60.3798 68.0336 45.5795 38.79 47.9033 44.5518 33.6199 58.8539 45.2591 33.2675 82.5139
threshold=22.537690162658695 0.85966211557388317 0.12500000372529033 0.9132375717163087 0.15441858023405078 0.83311045169830333 0.78874629735946666 0.0058862892910838136 0.15864480286836627 -0.082172390073537813 0.003753507044166327 0.38434880971908575 0.018441225402057174 0.011548060458153488
decision_type=8 2 8 2 2 8 2 10 8 10 10 10 2 2
left_child=9 2 3 4 -2 -3 -4 -8 -9 12 -11 -12 -1 -14
right_child=1 5 6 -5 -6 -7 7 8 -10 10 11 -13 13 -15
leaf_value=0.0015842592184984331 0.014144901849422832 -0.01907872892362962 0.00032585579718758206 3.1914935908771726e-06 -0.0051513337731278483 0.0024060046898000276 -0.0074955041243194203 0.0059704643522865601 0.02363187384409338 0.013706329329284611 -0.0063425876535063474 0.00030372939929075127 0.018539007672509919 -9.0925030116959546e-05
leaf_weight=42205.15432674624 462.9147825948894 838.30378318764269 23350.940313380212 15201.009304534644 13876.283618938178 345.27343353629112 441.9434212744236 1351.0709085389972 480.80698568373919 632.11377488449216 3771.5037096496671 7936.3798101264983 999.76589921116829 1444.4882886633277
leaf_count=217401 2102 5516 102296 91813 92544 1721 2074 6055 2203 5916 33038 46631 4612 6787
internal_value=0.000145768 -0.000996745 -0.000740287 -0.00219271 -0.00451897 -0.0128435 0.000934265 0.00715352 0.0107091 0.00127541 -0.001034 -0.00184086 0.00191376 0.00757371
internal_weight=113338 56348.5 55165 29540.2 14339.2 1183.58 25624.8 2273.82 1831.88 56989.4 12340 11707.9 44649.4 2444.25
internal_count=620709 306324 299087 186459 94646 7237 112628 10332 8258 314385 85585 79669 228800 11399
is_linear=0
shrinkage=0.05


Tree=91
num_leaves=15
num_cat=0
split_feature=27 2 73 74 72 13 27 2 78 72 74 74 68 72
split_gain=61.4553 60.4496 49.1453 48.7467 36.0907 32.9313 32.2219 41.6064 48.1852 47.0522 91.0782 128.41 114.435 80.0872
threshold=0.58973059058189403 0.031657671555876739 0.72329491376876842 -0.04474180564284324 0.0063941832631826409 0.16020391881465915 1.3273023366928103 0.042639268562197692 -0.0069537446834146968 0.013351017143577339 0.0015047373017296197 0.0043391454964876184 -0.074138201773166643 0.011299594305455686
decision_type=2 2 2 2 10 8 2 2 8 10 2 2 10 10
left_child=1 2 -1 -2 -4 6 7 8 -5 13 12 -12 -11 -10
right_child=3 -3 4 5 -6 -7 -8 -9 9 10 11 -13 -14 -15
leaf_value=-0.0043561672100944143 -0.014560063197657805 -0.00016097454538401498 -0.023892015719846806 -0.0032460324607939345 -0.0069564323321274829 -0.011809715212283262 0.0025396536279091815 0.0024399947197891007 0.00017067500393675675 0.0067370066093555593 0.024849847968781046 -0.0011697683551883532 -0.012291231034363191 0.0068094268323921269
leaf_weight=5322.3381498083472 522.27728786319494 8848.1423857361078 615.79127662070096 11763.969583367929 656.10020437650383 520.62768628075719 18775.883008532226 16754.403545886278 35850.102699643001 1016.1081657297909 540.38341604918242 3418.9296256583184 3459.1918502673507 5192.1648205108941
leaf_count=35756 2483 38527 4971 79092 4422 2344 98299 71311 215851 4387 2684 16778 16968 26541
internal_value=6.72944e-05 -0.00286296 -0.00648276 0.000530154 -0.0152783 0.000612648 0.000680694 0.000232916 -0.000371201 0.000312857 -0.00308621 0.00243515 -0.00796552 0.00101198
internal_weight=113256 15442.4 6594.23 97814 1271.89 97291.8 96771.1 77995.3 61240.9 49476.9 8434.61 3959.31 4475.3 41042.3
internal_count=620414 83676 45149 536738 9393 534255 531911 433612 362301 283209 40817 19462 21355 242392
is_linear=0
shrinkage=0.05


Tree=92
num_leaves=15
num_cat=0
split_feature=0 15 73 13 72 72 84 73 5 50 73 72 70 72
split_gain=57.9416 57.4021 47.7591 92.9517 94.9778 119.479 102.957 72.2463 89.3848 59.9824 49.0169 61.6524 56.8572 52.2105
threshold=0.012468064669519665 26.253390312194828 0.32263550162315374 0.030513281933963302 0.016343498602509502 0.011299594305455686 1.5000000000000002 0.20574606955051425 1.0553228259086611 0.10153963789343835 0.42729598283767706 0.01234284369274974 0.0070363210979849109 0.014730440452694895
decision_type=2 8 2 8 10 10 2 2 2 2 2 10 2 10
left_child=-1 -2 3 4 5 6 -3 8 -6 -7 11 12 -4 -13
right_child=1 2 10 -5 7 9 -8 -9 -10 -11 -12 13 -14 -15
leaf_value=-0.014749427651925065 0.00086415601926949142 0.012909839704944215 -0.0066187671600044145 -0.015096526948708817 0.012935949713582241 0.019169867193908712 -0.011483560713014413 -0.01699647741365674 -0.007099613364307803 0.00016677719876772085 -0.0015709923027381349 -0.022222238673296028 0.010120835817939926 -0.0038794328941773129
leaf_weight=657.91709264740348 72172.915375180542 718.44171604514122 2175.9904497861862 717.36248327046633 936.77815306931734 2025.9792119078338 1055.2284171804786 710.92475738376379 1341.2369070872664 521.87275926023722 27701.97899742052 973.96220672875643 651.00122006610036 648.66229861229658
leaf_count=14581 390933 3440 11270 3218 3969 9058 5033 3259 5948 2275 155310 4691 3274 3077
internal_value=-6.63524e-05 2.09343e-05 -0.00149355 0.00195451 0.00364603 0.00837803 -0.0015858 -0.00320079 0.00116005 0.0152934 -0.00235483 -0.0072203 -0.00274188 -0.0149582
internal_weight=113010 112352 40179.4 8027.82 7310.46 4321.52 1773.67 2988.94 2278.02 2547.85 32151.6 4449.62 2826.99 1622.62
internal_count=619336 604755 213822 36200 32982 19806 8473 13176 9917 11333 177622 22312 14544 7768
is_linear=0
shrinkage=0.05


Tree=93
num_leaves=15
num_cat=0
split_feature=2 8 73 71 72 5 71 70 4 71 71 71 72 73
split_gain=51.5922 54.8385 51.024 84.169 145.149 101.989 97.8435 170.071 82.2385 68.0445 68.1095 133.755 126.297 209.771
threshold=0.010355446953326465 1.0000000180025095e-35 0.6410336196422578 -0.0099539100192487222 0.016811436042189602 0.95277473330497753 -0.00564309163019061 -0.0072101396508514872 0.19166667014360431 0.051627470180392272 0.030089153908193115 0.025683609768748287 0.015109094325453045 0.44682462513446813
decision_type=2 2 2 2 10 2 2 2 8 2 2 2 10 2
left_child=-1 2 9 -4 6 -6 -5 -8 -9 10 11 -2 13 -12
right_child=1 -3 3 4 5 -7 7 8 -10 -11 12 -13 -14 -15
leaf_value=-0.016972172573314143 0.00051147881592852223 0.0031070821424176148 0.0073754354632336074 -0.013703640734104584 -0.030067757002349822 -0.0031106339395428296 0.017095631600486671 -0.0040757286365721472 0.0017235794694666299 -0.010624356333118611 -0.020344598065467217 -0.01441429120718294 0.018025501802391618 0.0093846020249831637
leaf_weight=444.00177604705095 59854.658101081848 12023.39580386132 2202.2487261146307 1668.3943812325597 793.78245422244072 627.20544688776135 1195.9796379543841 17872.224680107087 9281.4018566869199 1377.5883172154427 848.08293741568923 1529.5885211825371 1546.2376900091767 1913.3495883196592
leaf_count=9848 310454 70408 10916 9138 3938 3006 6064 118522 41584 6729 4230 7806 7064 10265
internal_value=-0.000150833 -8.30826e-05 -0.000464213 -0.00205299 -0.00271557 -0.0182741 -0.00197322 -0.00127828 -0.00209356 0.000332884 0.000564244 0.000137267 0.00663425 0.000213795
internal_weight=113178 112734 100711 33641.2 31439 1420.99 30018 28349.6 27153.6 67069.5 65691.9 61384.2 4307.67 2761.43
internal_count=619972 610124 539716 193168 182252 6944 175308 166170 160106 346548 339819 318260 21559 14495
is_linear=0
shrinkage=0.05


Tree=94
num_leaves=15
num_cat=0
split_feature=15 57 72 8 54 53 73 68 68 72 68 73 74 74
split_gain=52.0324 47.2418 47.4321 41.2412 39.9341 55.4766 50.2839 81.8756 73.557 70.6211 74.1339 62.9948 62.9194 54.4849
threshold=26.253390312194828 0.0089931674301624315 0.0059826329816132793 1.0000000180025095e-35 0.23991904407739642 -0.11642924323678015 0.63069283962249767 0.040844514966011054 0.023373599164187912 0.016811436042189602 0.050766840577125556 0.79190412163734447 -0.010585037525743244 -0.0022299487609416242
decision_type=8 10 10 2 8 10 2 10 10 10 10 2 2 2
left_child=3 -2 -3 4 5 -1 7 8 -6 11 -11 12 -8 -10
right_child=1 2 -4 -5 6 -7 9 -9 13 10 -12 -13 -14 -15
leaf_value=-0.00032031017821398142 -0.0054136328730043023 -0.0040505122108637033 0.00038018457934743113 0.0039338582887560513 0.0034070895242423725 -0.0077221362825424167 0.014649927510274977 0.018477838617921086 0.0038270313385039608 0.00045796591048324333 -0.024191087690429811 0.0059789953832708369 -0.0023421439434170607 -0.0081577219681731577
leaf_weight=17322.393611453474 6057.1305325515568 7808.7447562459856 26551.977940218523 9648.5747057385743 20657.860990984365 2954.9269472490996 560.79551291465759 786.66504911705852 1463.9560459721833 585.06778240948915 626.49564152024686 3530.7687112148851 11990.542622743174 2657.6096835248172
leaf_count=89509 42641 47175 130042 57078 105313 26047 2770 3956 7745 2687 3048 18870 69209 14298
internal_value=9.22945e-05 -0.00134602 -0.000627612 0.000891065 0.000425518 -0.00140222 0.00129036 0.0026985 0.00219031 -0.000791719 -0.0123817 8.85748e-05 -0.00157188 -0.00390185
internal_weight=113204 40417.9 34360.7 72785.7 63137.1 20277.3 42859.8 25566.1 24779.4 17293.7 1211.56 16082.1 12551.3 4121.57
internal_count=620388 219858 177217 400530 343452 115556 227896 131312 127356 96584 5735 90849 71979 22043
is_linear=0
shrinkage=0.05


Tree=95
num_leaves=15
num_cat=0
split_feature=27 51 69 73 69 73 72 73 53 69 73 73 73 73
split_gain=52.2888 68.3627 57.9644 181.026 132.393 85.9507 85.8093 83.5885 66.44 71.0715 67.6188 100.424 63.6951 90.8485
threshold=0.68118995428085338 -0.032696528360247605 0.041767353191971786 0.31657269597053533 0.054912677034735687 0.33144247531890875 0.0042985687032341966 0.85966211557388317 -0.27497917413711542 0.012199820950627329 0.29632481932640081 0.34991362690925604 0.78874629735946666 0.8108845353126527
decision_type=2 10 10 2 10 2 10 2 10 10 2 2 2 2
left_child=1 -1 6 4 -4 -5 -2 12 -8 -10 -11 -12 -7 -14
right_child=2 -3 3 5 -6 7 8 -9 9 10 11 -13 13 -15
leaf_value=-0.00084558619031608294 -0.020896842605643857 -0.0079316262805902687 0.038067651392688272 -0.020987629148308325 0.0045140333566496341 0.0011240636897788428 0.0015880969556320364 -0.021060033286719983 -0.00030866205615455488 -0.021858814276475961 0.016744952523809826 -0.0070137513089402002 0.019786176781618443 0.0024998643285054369
leaf_weight=22449.463252171874 520.11278645694256 4002.6900130584836 570.78276312351227 421.23706884682178 601.54250486567616 45697.946953952312 17211.359231105074 399.70195174589753 11129.319033486769 663.27088922634721 473.6184487901628 5599.669033575803 1121.3609295915812 2326.7660816032439
leaf_count=114697 3898 30506 2474 2078 2725 265535 81775 2281 55836 3506 2528 33290 6460 12677
internal_value=2.51524e-05 -0.00192042 0.000618649 0.00169692 0.0210344 0.0012391 -0.000930435 0.00143227 -0.000628509 -0.0027636 -0.00681289 -0.00513648 0.00161944 0.00816248
internal_weight=113189 26452.2 86736.7 51139.3 1172.33 49967 35597.3 49545.8 35077.2 17865.9 6736.56 6073.29 49146.1 3448.13
internal_count=620266 145203 475063 294230 5199 289031 180833 286953 176935 95160 39324 35818 284672 19137
is_linear=0
shrinkage=0.05


Tree=96
num_leaves=15
num_cat=0
split_feature=15 72 72 68 71 0 72 68 68 71 71 74 69 73
split_gain=55.571 53.0211 74.2561 68.5231 66.9211 70.417 66.5526 66.2343 105.28 92.9211 90.3463 81.8127 62.1076 61.1112
threshold=21.439598083496097 0.0059826329816132793 0.0056083500385284433 0.018832515925168995 0.01045523537322879 0.030040274374186996 0.0065863379277288922 0.053030095994472511 0.032491734251379974 0.0089837969280779379 0.0040545985102653512 -0.0018720151856541631 0.11515964940190317 0.64713975787162792
decision_type=8 10 8 10 2 2 10 10 10 2 2 2 10 2
left_child=-1 2 -2 -4 7 6 -6 8 9 12 11 -10 -3 -14
right_child=1 4 3 -5 5 -7 -8 -9 10 -11 -12 -13 13 -15
leaf_value=0.0011070938062466484 -0.0023163054533009617 0.00040887869467764809 -0.026164989315762791 -0.0063511163724735836 0.0071523593372063571 -0.00045581503585410943 -0.0090941147672333744 -0.012006247178549995 0.0037811835103537211 0.017516448280426516 -0.0018060903284101198 0.020894671801501955 -0.018454085931282411 0.0016012092219842477
leaf_weight=51668.873245457187 12172.586973633617 22704.056944465265 632.35676694661379 1390.8087125346065 707.93695977330208 11175.645672872663 5290.9670122414827 923.43152032420039 1199.2971057444811 748.78596169315279 1361.7966855410486 1679.7170390617102 882.89969494752586 658.47222226671875
leaf_count=285016 80616 112116 3795 8412 5304 49509 35342 5164 6163 4012 7790 8917 4743 3369
internal_value=-0.000101717 -0.00111683 -0.00379582 -0.0126423 -0.000312738 -0.00280317 -0.00716814 0.00110597 0.0015241 0.000286801 0.00879857 0.0138036 -0.000252314 -0.00993139
internal_weight=113198 61528.8 14195.8 2023.17 47333 17174.5 5998.9 30158.5 29235 24994.2 4240.81 2879.01 24245.4 1541.37
internal_count=620268 335252 92823 12207 242429 90155 40646 152274 147110 124240 22870 15080 120228 8112
is_linear=0
shrinkage=0.05


Tree=97
num_leaves=15
num_cat=0
split_feature=74 69 69 84 70 74 74 69 70 70 74 69 74 69
split_gain=43.7761 53.7697 58.0057 177.079 135.578 104.11 58.8785 126.973 164.182 83.6982 54.3555 76.7388 63.3412 64.8684
threshold=-0.04474180564284324 -0.13803395628929135 -0.10739394277334212 1.5000000000000002 -0.00085779608343727876 -0.0014977295650169251 0.017647080123424533 -0.067468378692865358 0.027393514290452007 0.012443711981177332 0.015060005243867637 -0.013108383864164351 0.014611667487770321 -0.092393949627876268
decision_type=2 8 8 2 2 2 2 10 2 2 2 10 2 8
left_child=-1 -2 3 5 -5 -3 10 -8 9 -9 12 -12 13 -4
right_child=1 2 6 4 -6 -7 7 8 -10 -11 11 -13 -14 -15
leaf_value=-0.014018291754085171 0.0093080920440162043 -0.036227585046551922 -0.016109258321101948 0.014762567390177088 -0.017044563295029267 -0.0075101842459788515 0.020600810823210428 0.019789985047818412 -0.023453192257603787 0.0015719176884451094 0.0062264627053620139 -0.014063491099360762 0.01898323805321659 3.2417269564985613e-05
leaf_weight=544.35773424431682 1542.3353958316147 582.6210064291954 616.33465563133359 1017.9880239199847 487.42805329710245 689.54215477593243 1057.4975012801588 765.256920510903 568.78431132435799 3386.682537458837 661.74166484177113 1527.8981304056942 428.17302757687867 99299.749907737598
leaf_count=2600 6390 2559 2798 4392 2147 3097 4913 3907 2755 16361 3186 7837 2298 555403
internal_value=-2.18242e-06 6.67968e-05 -6.23328e-05 -0.00718387 0.00441945 -0.0208421 0.00012094 0.00502721 0.00150237 0.00496923 -0.000156013 -0.00793114 1.4424e-05 -6.87552e-05
internal_weight=113176 112632 111090 2777.58 1505.42 1272.16 108312 5778.22 4720.72 4151.94 102534 2189.64 100344 99916.1
internal_count=620643 618043 611653 12195 6539 5656 599458 27936 23023 20268 571522 11023 560499 558201
is_linear=0
shrinkage=0.05


Tree=98
num_leaves=15
num_cat=0
split_feature=27 0 73 68 69 15 58 68 69 68 74 74 68 68
split_gain=46.7115 87.2651 47.4985 60.3608 52.606 44.9527 39.7969 40.7572 36.8166 307.031 90.8 147.86 78.7946 89.2021
threshold=0.65456205606460582 0.034917909651994712 0.68344220519065868 0.042889840900897987 0.11515964940190317 15.55005979537964 0.0015251880395226183 0.017742124386131767 0.041767353191971786 -0.021990260109305378 -0.019179445691406723 -0.014844747260212897 -0.014353075530380009 -0.0047946239355951539
decision_type=2 2 2 10 10 8 2 10 10 10 2 2 10 10
left_child=1 2 3 4 6 -2 7 -1 -7 -10 -11 -12 -13 -14
right_child=5 -3 -4 -5 -6 8 -8 -9 9 10 11 12 13 -15
leaf_value=-0.0092130127069962667 0.0027844516049708341 0.00097889119757957528 -0.010240697433036846 0.018089566031553574 -0.016189080496490156 -0.001437475617890724 0.0019236379139063728 0.001152064581486287 0.03664874135625381 -0.014536260173647373 0.019691019674811343 0.014357649398758127 -0.010756998724404002 0.00041344705890757625
leaf_weight=2789.8706387523562 16500.65956296958 11505.691831573844 3296.1232348214835 312.21958840638399 785.73392939195037 30344.233888821676 2863.0296385213733 1431.1719511058182 580.2323454618454 991.91995984315872 989.90554621815681 953.56405994482338 1865.4784392658621 37961.264794470742
leaf_count=17514 92062 49656 23722 1857 5304 153707 17911 9899 2585 4833 4931 4671 9646 222200
internal_value=-8.65075e-05 -0.00209822 -0.00518087 -0.00313251 -0.00399635 0.000426344 -0.00262307 -0.00570425 -0.000102014 0.000833066 0.000338634 0.000695264 0.000229444 -0.000112344
internal_weight=113171 22983.8 11478.1 8182.03 7869.81 90187.3 7084.07 4221.04 73686.6 43342.4 42762.1 41770.2 40780.3 39826.7
internal_count=620498 125863 76207 52485 50628 494635 45324 27413 402573 248866 246281 241448 236517 231846
is_linear=0
shrinkage=0.05


Tree=99
num_leaves=15
num_cat=0
split_feature=8 0 53 54 71 69 68 72 71 69 73 74 73 71
split_gain=49.5245 49.999 40.2615 66.6711 56.534 84.0698 54.7241 105.682 114.957 51.7571 57.2933 107.709 69.0857 73.0704
threshold=1.0000000180025095e-35 0.016315237618982795 -0.301763966679573 0.50345954298973095 -0.031000258401036259 0.025208490900695327 -0.068213950842618928 0.016343498602509502 -0.03858648054301738 0.10332852974534036 0.75795969367027294 -0.002982269623316824 0.71488821506500255 0.013349533546715977
decision_type=2 2 8 8 2 8 10 10 2 8 2 2 2 2
left_child=1 -1 -3 6 5 -5 7 -4 -9 -6 12 -12 13 -11
right_child=-2 2 3 4 9 -7 -8 8 -10 10 11 -13 -14 -15
leaf_value=-0.0061536456356054373 0.0029763161999396886 0.0015679249983697131 0.023374105506975874 -0.0011185830676113896 0.001938572197404155 0.021763548674835539 -0.0028103645903479087 -0.017874958421500674 0.010260439439088496 -0.005207622075617032 0.01781554808942638 -0.0014858542190603835 -0.015810218076820374 0.0039353669629174854
leaf_weight=3622.5321780517697 12208.646750023589 24621.400604203343 584.27672590315342 833.41728124767542 20400.493574760854 762.72634309530258 33391.527196548879 617.43802160769701 851.77561917155981 7200.4460939094424 956.05590506643057 2865.2137017771602 1056.3689026013017 3127.028086155653
leaf_count=51127 73357 108409 2665 3605 100706 3276 193122 2774 3762 36400 4677 14936 5652 15517
internal_value=-3.00887e-05 -0.000394149 -0.000179039 -0.000771253 0.000707203 0.0098832 -0.00232275 0.00558154 -0.00160439 0.000293198 -0.0019142 0.00337712 -0.00369177 -0.00243811
internal_weight=113099 100891 97268.2 72646.8 37201.7 1596.14 35445 2053.49 1469.21 35605.6 15205.1 3821.27 11383.8 10327.5
internal_count=619985 546628 495501 387092 184769 6881 202323 9201 6536 177888 77182 19613 57569 51917
is_linear=0
shrinkage=0.05


Tree=100
num_leaves=15
num_cat=0
split_feature=0 69 72 70 69 72 72 72 72 69 69 84 72 72
split_gain=54.7104 38.3648 249.186 153.314 90.4893 197.004 87.9097 67.3805 164.207 99.8931 333.878 206.78 146.037 134.233
threshold=0.012468064669519665 0.13544805347919467 0.005167735507711769 -0.0066560849081724873 0.11214033514261247 0.012776139657944443 0.0080531435087323206 0.0080942544154822844 0.0064592105336487302 0.063195921480655684 0.071249026805162444 2.5000000000000004 0.0072139161638915547 0.0065863379277288922
decision_type=2 10 10 2 10 10 10 8 10 10 10 2 10 10
left_child=-1 4 -3 -4 7 -6 -5 8 -2 11 -11 -10 -13 -12
right_child=1 2 3 6 5 -7 -8 -9 9 10 13 12 -14 -15
leaf_value=-0.014530257780794035 -0.00046176402500177656 0.035543814137389142 0.027919904229174886 -0.0074392050860145166 -0.0056924359844059535 0.029429321703297897 0.0066555352899403926 -0.00079196810824134914 -0.0058275088103765761 0.033963405899673775 0.024060126209597917 0.00023538162430663322 0.0246386471738602 0.0028448895037653694
leaf_weight=636.94283353723586 25975.846031818539 555.66412296518683 456.4992234185338 2926.3530191555619 10836.833786219358 404.69392672181129 1765.5974577479064 55421.717890866101 3782.4589759558439 1215.0696371272206 845.31030967831612 1191.1768383421004 1253.622730050236 5844.2893917374313
leaf_count=14543 164668 2892 2122 15297 60397 1896 8602 272419 21559 6534 4601 6901 6827 31218
internal_value=-3.16407e-05 5.17489e-05 0.0040433 0.000581189 -0.000161854 -0.00440302 -0.00213243 0.000337639 0.00189836 0.00623376 0.0099614 0.00149362 0.0127981 0.0055576
internal_weight=113112 112475 5704.11 5148.45 106771 11241.5 4691.95 95529.5 40107.8 14131.9 7904.67 6227.26 2444.8 6689.6
internal_count=620476 605933 28913 26021 577020 62293 23899 514727 242308 77640 42353 35287 13728 35819
is_linear=0
shrinkage=0.05


Tree=101
num_leaves=15
num_cat=0
split_feature=5 0 73 69 72 69 69 72 68 73 69 68 73 73
split_gain=42.1573 38.5937 36.0849 158.549 110.33 89.652 78.8738 104.838 90.7047 145.873 238.858 167.014 116.994 161.504
threshold=0.71724092960357677 0.050584042444825179 0.68743640184402477 0.13544805347919467 0.006043023196980358 -0.042015798389911645 0.11214033514261247 0.006978219375014306 0.017095013521611694 0.54471746087074291 0.098413769155740752 -0.0024913050001487132 0.41060118377208715 0.50149351358413707
decision_type=2 2 2 10 10 8 10 10 10 2 10 10 2 2
left_child=1 -1 3 6 -5 -4 8 -8 9 10 -2 -11 -10 -14
right_child=2 -3 5 4 -6 -7 7 -9 12 11 -12 -13 13 -15
leaf_value=-0.024164233096467713 0.0001006543141449772 -0.0018909451037361432 0.019079411670009181 0.036512801452370972 0.0055706220058634875 -0.0020444276028472493 -0.010213090593740495 0.00072277448623227041 0.02498976006638403 0.023650103280336249 0.022470484872820884 -0.0080973148243835991 -0.011638926657307215 0.0040262341210098125
leaf_weight=336.11837281659245 42678.384956914932 448.19379651546478 501.99741329625249 488.29584516212344 693.32455230131745 26651.804796038195 4030.1693082265556 4786.9845238626003 598.31147129833698 427.36447466537356 1217.6437356006354 7983.5826978199184 1780.7506143115461 20298.233775548637
leaf_count=2788 213534 1960 2429 2466 3531 156973 23653 25455 3027 2061 6136 47974 9358 118310
internal_value=-0.000141931 -0.0116202 -6.062e-05 0.000446403 0.0185564 -0.00164703 0.000188865 -0.00428173 0.000715048 -0.000430077 0.000726154 -0.00645804 0.0033554 0.00275808
internal_weight=112921 784.312 112137 84983 1181.62 27153.8 83801.4 8817.15 74984.3 52307 43896 8410.95 22677.3 22079
internal_count=619655 4748 614907 455505 5997 159402 449508 49108 400400 269705 219670 50035 130695 127668
is_linear=0
shrinkage=0.05


Tree=102
num_leaves=15
num_cat=0
split_feature=27 0 68 8 53 69 72 72 27 15 54 53 71 69
split_gain=57.1321 84.2023 41.9629 40.235 36.8792 34.2767 62.9233 94.0195 34.7098 32.373 32.8619 76.3655 70.0851 201.409
threshold=0.62529692053794872 0.040287425741553314 0.057005966082215316 1.0000000180025095e-35 -0.041622588410973542 0.049152795225381858 0.012679401785135271 0.014507370535284283 0.44305971264839178 1.0000000180025095e-35 0.27179390192031866 -0.082172390073537813 -0.03858648054301738 -0.13803395628929135
decision_type=2 2 10 2 10 8 10 10 2 10 8 10 2 10
left_child=1 2 4 9 5 6 -1 -8 -7 -2 11 12 -11 -14
right_child=3 -3 -4 -5 -6 8 7 -9 -10 10 -12 -13 13 -15
leaf_value=0.0065675321348289233 -0.014341724673006692 0.00166770581244933 -0.018176526052105846 0.0035366290591102561 -0.011233231802748824 -0.01258871942880262 -0.02700095494855026 0.0015016632663618357 -0.0033999196976507544 -0.0075054418705451393 0.001054157183875303 -0.0095389386664678898 0.035028796640552272 2.5915791795344069e-06
leaf_weight=1980.6580491997302 369.53153755143285 7679.9413423836231 571.75420151464641 10314.292585276067 1659.8444234281778 1304.0276256483048 411.46861075423658 919.73502983897924 4779.9281052537262 2987.4229038730264 52492.739110408351 2405.3618142772466 407.30958394706249 24877.653736526147
leaf_count=11457 1677 32913 3700 61859 13584 7992 2181 4599 29200 13577 279975 23766 1662 132621
internal_value=8.23229e-05 -0.00239396 -0.00507583 0.000591935 -0.0043825 -0.00316161 0.000930142 -0.00744399 -0.00538686 0.000227988 0.000294438 -0.00100544 -0.000276307 0.000580446
internal_weight=113162 19307.4 11627.4 93854.3 11055.7 9395.82 3311.86 1331.2 6083.96 83540 83170.5 30677.7 28272.4 25285
internal_count=620763 105626 72713 515137 69013 55429 18237 6780 37192 453278 451601 171626 147860 134283
is_linear=0
shrinkage=0.05


Tree=103
num_leaves=15
num_cat=0
split_feature=5 8 4 68 54 67 71 84 68 58 68 71 68 71
split_gain=45.9499 39.8869 39.6833 63.6774 46.0064 45.0199 43.3393 57.0032 39.4867 56.8374 59.1819 70.3927 49.2259 63.6202
threshold=0.71724092960357677 1.0000000180025095e-35 0.15833333879709247 0.063369292765855803 0.69614091515541088 0.032486137002706535 0.048369815573096282 1.5000000000000002 0.050766840577125556 0.0049984839279204616 0.053736645728349693 0.0092656523920595663 0.023563451133668426 -0.0093788374215364439
decision_type=2 2 8 10 10 2 2 2 10 2 10 2 10 2
left_child=-1 2 3 4 5 6 8 -8 12 10 -10 -12 -2 -14
right_child=1 -3 -4 -5 -6 -7 7 -9 9 -11 11 -13 13 -15
leaf_value=-0.011977601537153455 -0.0006478686413201887 0.002774148717769358 0.0010091107487514614 -0.014721507784032879 0.0025739181232713854 0.0069369120266452693 -0.027065103189605113 0.00018542610015085965 0.022187306805327052 -0.0097275928182063917 -0.015992395646998957 0.012675804634992405 0.010480841875204091 -0.0047464502482333897
leaf_weight=786.43098729290068 32531.292285080999 12189.323861736804 38364.218907564878 828.70060402341187 8444.9885009136051 1561.2548646330833 374.05417804419994 383.30105970986187 600.94411781057715 461.3084039837122 332.13288333639503 562.63541482761502 709.50828339532018 15027.665613578632
leaf_count=4815 191348 72574 167086 5668 45120 7732 2154 2088 3964 2903 2421 3834 4142 104987
internal_value=-1.00602e-05 7.4753e-05 -0.000253931 -0.00103781 -0.000849501 -0.0014001 -0.00165672 -0.0134508 -0.00147623 0.00546898 0.0101894 0.00197519 -0.0017589 -0.00405371
internal_weight=113158 112371 100182 61817.8 60989.1 52544.1 50982.8 757.355 50225.5 1957.02 1495.71 894.768 48268.5 15737.2
internal_count=620836 616021 543447 376361 370693 325573 317841 4242 313599 13122 10219 6255 300477 109129
is_linear=0
shrinkage=0.05


Tree=104
num_leaves=15
num_cat=0
split_feature=5 53 70 70 70 70 72 72 72 72 70 70 72 70
split_gain=43.9014 44.4832 40.9739 35.1297 80.7 83.6969 62.512 86.9494 50.1351 202.707 76.2284 74.4465 66.5245 65.5225
threshold=0.71724092960357677 -0.48431113362312311 -0.044312106445431702 -0.00028305046726018185 9.570699330652134e-05 0.00050973703037016105 0.010637854225933554 0.006008327007293702 0.015333235263824465 0.016811436042189602 0.016821727156639103 0.01308769825845957 0.013996415771543981 0.0095623321831226366
decision_type=2 10 2 2 2 2 10 10 10 10 2 2 10 2
left_child=1 -1 -2 -4 -5 6 7 -6 10 13 11 -7 -12 -10
right_child=2 -3 3 4 5 8 -8 -9 9 -11 12 -13 -14 -15
leaf_value=-0.0012446394421375736 -0.013633450751672783 -0.025157592128747713 0.0013050814988972207 -0.0091028264678910606 -0.00081622521254108397 -0.0010202987010703973 -0.010338107954065296 0.017713302498904293 0.028424289840329575 -0.0012655185037060137 0.010202619027077612 -0.0085632482311611864 -0.011076778077123163 0.0087679056497065085
leaf_weight=452.82303726300597 520.11680764704943 332.34009987674654 48908.868517940864 2592.0550150107592 1020.2736031394452 43518.889004664496 399.80760139226913 1654.7389159221202 822.81242948397994 5659.8283265959471 2356.3977841995656 3527.4766334984452 426.23920657485723 890.18556113913655
leaf_count=2111 2574 2685 260635 15742 7078 253258 1950 8970 3838 25948 11570 18085 2023 4130
internal_value=0.000151626 -0.0115555 0.000234502 0.000300245 -0.000481553 -0.000109368 0.00791309 0.0106693 -0.000541913 0.00330355 -0.00111145 -0.00158756 0.00691509 0.0183197
internal_weight=113083 785.163 112298 111778 62868.7 60276.6 3074.82 2675.01 57201.8 7372.83 49829 47046.4 2782.64 1713
internal_count=620597 4796 615801 613227 352592 336850 17998 16048 318852 33916 284936 271343 13593 7968
is_linear=0
shrinkage=0.05


Tree=105
num_leaves=15
num_cat=0
split_feature=27 0 69 70 70 69 0 69 69 74 71 74 74 70
split_gain=39.9761 48.4437 41.7819 111.527 81.693 71.3317 129.502 63.5464 142.398 127.719 104.062 179.118 156.842 135.345
threshold=0.47892376780509954 0.049514276906847961 0.13544805347919467 -0.0066560849081724873 0.010642533190548422 0.14803105592727664 0.034301782026886947 0.10132142156362535 0.090995021164417281 -0.0048494727816432706 0.0098527432419359701 -0.001162211818154901 -0.0096426550298929197 0.0002705992956180126
decision_type=2 2 10 2 2 10 2 8 10 2 2 2 2 2
left_child=1 -1 7 -4 5 6 -5 8 -2 -9 12 -12 -10 -14
right_child=2 -3 3 4 -6 -7 -8 9 10 -11 11 -13 13 -15
leaf_value=-0.0068784352785722621 3.8779255132466006e-05 0.0023271164329922741 0.026643832725555195 0.025319589975509999 -0.013174243232166705 -0.00048061090077366553 -0.0033742702544847106 0.0043461330058567182 0.024862342220697442 -0.0044901275608305877 0.038287810163377151 0.0077856942176571242 -0.010658523601070207 0.0088672244929602784
leaf_weight=4278.9497582130134 72410.589092109352 2137.2055742591619 507.3943133354187 915.32277781516314 722.60179757513106 2391.4586774371564 680.14249655604362 5395.3872478678823 666.81724999845028 16798.936918443069 640.12467336282134 1882.9593072682619 1861.8559275493026 1677.8460775129497
leaf_count=25295 394317 9162 2378 5287 3805 12173 2943 29249 3284 98254 3646 11004 9899 9264
internal_value=1.6591e-05 -0.00381324 0.000247546 0.00460688 0.00218124 0.00499031 0.0131426 2.26858e-05 0.000685795 -0.00234106 0.0076373 0.0156449 0.00280861 -0.00140426
internal_weight=112968 6416.16 106551 5216.92 4709.53 3986.92 1595.47 101335 79140.2 22194.3 6729.6 2523.08 4206.52 3539.7
internal_count=619960 34457 585503 26586 24208 20403 8230 558917 431414 127503 37097 14650 22447 19163
is_linear=0
shrinkage=0.05


Tree=106
num_leaves=15
num_cat=0
split_feature=73 69 73 69 73 68 73 73 70 69 73 70 73 84
split_gain=37.9279 59.8005 99.2339 60.7971 58.6586 43.8858 45.6647 87.0211 124.771 78.9787 72.6367 103.27 70.3213 71.1035
threshold=0.85966211557388317 0.060251720249652869 0.89463898539543163 0.012199820950627329 0.85278713703155529 0.066133540123701109 0.78874629735946666 0.72511178255081188 -0.00091585103655233968 0.074017386883497252 0.7626253366470338 -0.0078371237032115442 0.79456016421318065 1.0000000180025095e-35
decision_type=2 10 2 10 2 10 2 2 2 8 2 2 2 2
left_child=4 2 -2 -4 5 6 7 -1 10 -10 11 -9 -8 -14
right_child=1 -3 3 -5 -6 -7 12 8 9 -11 -12 -13 13 -15
leaf_value=0.00034150376650399488 -0.012742132387961414 -0.019753690929397508 -0.0019073573046430644 0.024941582449085013 0.018254673417401678 -0.0086726912092901075 0.019610193293589772 -0.024127720738277236 -0.0033276791992216041 -0.014662281310033594 0.015325450013257302 0.0050663225636945579 0.014558516561989874 -0.00045849792853118812
leaf_weight=94347.148498535156 932.69194654375315 601.9892013259232 440.89299736171961 391.80473762005568 433.09935539960861 1421.1589097138494 668.08505720458925 390.24011652544141 3238.2591064143926 2928.4077463466674 943.99739390984178 1236.5741332564503 967.57879009284079 4067.1183776557446
leaf_count=511606 5743 3704 2601 1928 2379 7452 3948 2096 20139 18613 5276 7116 5277 22251
internal_value=-3.53308e-05 -0.00628395 -0.00160544 0.0108718 9.89254e-05 2.59269e-05 0.000140349 -0.000100786 -0.00487155 -0.00872524 0.00437037 -0.00204136 0.0044917 0.00245064
internal_weight=113009 2367.38 1765.39 832.698 110642 110209 108787 103085 8737.48 6166.67 2570.81 1626.81 5702.78 5034.7
internal_count=620129 13976 10272 4529 606153 603774 596322 564846 53240 38752 14488 9212 31476 27528
is_linear=0
shrinkage=0.05


Tree=107
num_leaves=15
num_cat=0
split_feature=27 0 74 68 69 69 74 70 17 74 72 69 74 72
split_gain=38.5264 44.9909 40.9276 38.6993 129.035 182.133 82.1284 132.829 75.3015 62.9859 193.677 137.658 100.335 107.948
threshold=0.50037088990211498 0.036201544106006629 -0.04474180564284324 -0.074138201773166643 -0.10739394277334212 -0.12003959342837332 -0.015850028023123738 -0.025290560908615586 58.693126678466804 0.017647080123424533 0.019676754251122478 -0.063160825520753847 0.019013540819287304 0.0091804503463208693
decision_type=2 2 2 8 8 10 2 2 2 2 10 10 2 10
left_child=1 -1 -2 6 5 -5 7 -4 -8 -6 11 -11 -13 -14
right_child=2 -3 3 4 9 -7 8 -9 -10 10 -12 12 13 -15
leaf_value=-0.0075560097027986221 -0.013547939596429054 8.3573855619364308e-05 0.0009153804100350783 0.0052253278268408788 -3.6957295523807267e-05 -0.031337821121728053 -0.0070989039962023534 0.034072763248136732 0.012003384415939469 0.029790911590747444 -0.017295936052694607 0.021541327480357926 0.020707753463176416 -0.0026817772465921085
leaf_weight=3613.3601869493723 531.54401391372085 4116.4243517965078 670.91694569960237 607.46172649972141 94490.650070864707 758.13213404268026 1433.2634247504175 540.2224198281765 792.92535308934748 691.12189127318561 788.64611999504268 792.70994554832578 598.7793816421181 2592.0811775084585
leaf_count=23989 2571 17763 2887 2639 528845 3525 6110 2245 3375 3247 3597 3904 3210 12492
internal_value=-8.80415e-05 -0.00349277 0.000162226 0.000233078 5.58157e-05 -0.0151536 0.0054428 0.015863 -0.000271787 0.000265105 0.00547991 0.00935104 0.00573915 0.00175836
internal_weight=113018 7729.78 105288 104757 101320 1365.59 3437.33 1211.14 2226.19 99954 5463.34 4674.69 3983.57 3190.86
internal_count=620399 41752 578647 576076 561459 6164 14617 5132 9485 555295 26450 22853 19606 15702
is_linear=0
shrinkage=0.05


Tree=108
num_leaves=15
num_cat=0
split_feature=72 72 74 70 70 71 72 70 71 73 73 84 74 74
split_gain=31.2348 59.7847 59.1918 34.4574 68.1003 97.8445 115.005 47.3437 104.312 121.218 157.214 91.3715 86.767 85.2612
threshold=0.054642656818032272 0.049865879118442542 -0.04474180564284324 0.027393514290452007 0.020869231782853607 0.0014283647760748865 0.016811436042189602 0.01308769825845957 0.016166814602911476 0.47813309729099279 0.40075977146625524 2.5000000000000004 0.018441225402057174 0.021271942183375362
decision_type=8 10 2 2 2 2 10 2 2 2 2 2 2 2
left_child=1 2 -1 4 7 -6 -7 12 9 10 -9 -11 -4 -10
right_child=-2 -3 3 -5 5 6 -8 8 13 11 -12 -13 -14 -15
leaf_value=-0.01740488258749592 -0.013660617295110637 0.018543264532621069 0.00010300010557679557 -0.0096592364707274864 -0.0085762148911682143 0.028194368083829437 -0.0026936028468433149 -0.00061521880185854967 -0.016721851048301633 -0.0015320025340964042 0.027060547456659964 -0.025524758786888948 0.017469962897312431 0.0047431204574879451
leaf_weight=478.59444278851151 408.0390043631196 424.48793735727668 101294.58998310007 898.92820219136775 515.91668098606169 822.133799277246 469.90289165079594 1558.0160659197718 2032.2065839506686 1381.3054895251989 754.82054641656578 547.56612434983253 714.33918274380267 593.22461174242198
leaf_count=2374 1775 1785 563751 4293 2376 3944 2134 7176 10306 6999 3700 2949 3527 2864
internal_value=-1.8689e-05 3.20065e-05 -3.97623e-05 3.62721e-05 0.00011588 0.00971336 0.0170263 -4.43691e-05 -0.00405979 0.000792285 0.0084947 -0.00843956 0.000226316 -0.0118722
internal_weight=112894 112486 112062 111583 110684 1807.95 1292.04 108876 6867.14 4241.71 2312.84 1928.87 102009 2625.43
internal_count=619953 618178 616393 614019 609726 8454 6078 601272 33994 20824 10876 9948 567278 13170
is_linear=0
shrinkage=0.05


Tree=109
num_leaves=15
num_cat=0
split_feature=15 73 69 72 69 71 68 73 72 74 69 71 72 70
split_gain=43.4801 45.7449 35.4197 32.9043 159.204 100.202 84.9872 188.321 129.845 119.065 110.682 109.251 150.376 102.249
threshold=23.318488121032718 0.85966211557388317 0.060251720249652869 0.013102645520120861 -0.020707927644252774 -0.030130613595247265 -0.01183955743908882 0.55444979667663585 0.014131831005215647 -0.0041170166805386535 -0.048130543902516358 -0.0037254578201100226 0.016811436042189602 0.0082203745841979998
decision_type=8 2 10 10 8 2 8 2 10 2 10 2 10 2
left_child=3 -2 -3 4 5 -1 8 10 9 -5 -8 -9 -13 -12
right_child=1 2 -4 6 -6 -7 7 11 -10 -11 13 12 -14 -15
leaf_value=-0.0040308682845629842 -0.00080430910422635195 -0.0045711697617730526 -0.023734384642930269 -0.0038686204560963618 0.00092772223195040308 0.021205394690642101 0.035828058660639171 0.011881955496650044 -0.0012106464255940469 -0.030830806986764478 0.017083987805300162 0.001236065305399231 -0.02163645355763226 -0.010794311147444616
leaf_weight=518.81614935770631 51346.213570250198 706.58706760779023 361.17708051204681 821.96441843919456 45862.980171767995 1580.151068624109 489.7629709392786 887.17790226265788 5082.4140505567193 812.45797972567379 1073.0503783933818 1773.1651470772922 1197.1223513893783 464.31625834107399
leaf_count=2440 279555 4445 2310 3895 264753 7684 2181 3919 23105 4009 5219 8609 5865 2398
internal_value=3.5829e-05 -0.00101846 -0.0112133 0.000948268 0.0015456 0.014978 -0.00132465 0.00305957 -0.00516449 -0.0173773 0.0153591 -0.00342692 -0.00802397 0.00864882
internal_weight=112977 52414 1067.76 60563.4 47961.9 2098.97 12601.4 5884.6 6716.84 1634.42 2027.13 3857.47 2970.29 1537.37
internal_count=620387 286310 6755 334077 274877 10124 59200 28191 31009 7904 9798 18393 14474 7617
is_linear=0
shrinkage=0.05


Tree=110
num_leaves=15
num_cat=0
split_feature=2 69 71 15 69 84 54 71 84 72 72 72 71 69
split_gain=40.3392 38.5256 99.7804 40.0877 40.4454 49.9386 36.2547 35.1067 72.9842 34.7395 89.6694 78.6435 76.5882 64.1091
threshold=0.010355446953326465 -0.13803395628929135 -0.030130613595247265 22.537690162658695 -0.10739394277334212 1.5000000000000002 0.47431603074073797 0.040163846686482436 2.5000000000000004 0.011299594305455686 0.010819060262292625 0.012867634184658529 0.030089153908193115 0.0083855912089347857
decision_type=2 8 2 8 8 2 10 2 2 10 8 10 2 8
left_child=-1 2 -2 4 5 -3 7 9 -9 10 13 -11 -13 -5
right_child=1 3 -4 6 -6 -7 -8 8 -10 11 -12 12 -14 -15
leaf_value=-0.015187564814774516 -0.0025461119805762953 -0.017816395051472582 0.021166089608571959 0.0088760882165862982 0.0010562901005739358 0.0011610422511161168 0.00053159907318940604 -0.018342175662365092 0.0060387545661394464 0.0083577911985570543 -0.020062665811226409 -0.0034964929596463367 0.014019440082628211 -0.0029761741178899819
leaf_weight=427.40718761086464 1072.9930043891072 631.63416694477201 744.1635110527277 1201.7792300358415 54884.45182255283 751.56870967522264 21579.50901196152 882.98648079112172 461.60295957326889 2487.0974606871605 724.85308493301272 6788.7978274784982 677.28830698132515 19612.421937070787
leaf_count=9815 4581 2860 3057 6143 301273 3278 108783 4643 2334 12488 3761 31997 3217 121707
internal_value=-3.28373e-05 2.60824e-05 0.00722722 -9.27848e-05 0.000842911 -0.00757061 -0.00106029 -0.00210628 -0.00998931 -0.00176665 -0.00289512 0.000675855 -0.0018909 -0.00228791
internal_weight=112929 112501 1817.16 110684 56267.7 1383.2 54416.3 32836.8 1344.59 31492.2 21539.1 9953.18 7466.09 20814.2
internal_count=619937 610122 7638 602484 307411 6138 295073 186290 6977 179313 131611 47702 35214 127850
is_linear=0
shrinkage=0.05


Tree=111
num_leaves=15
num_cat=0
split_feature=22 54 53 71 73 73 72 71 84 74 5 74 74 71
split_gain=37.6781 37.587 58.7069 74.9027 55.5837 52.1617 61.5236 50.8233 47.8702 45.7562 43.1724 42.3683 58.4963 39.8812
threshold=90.016269683837905 0.32794035971164709 -0.19826467335224149 -0.030130613595247265 0.11478942260146142 0.31657269597053533 0.01234284369274974 0.042148336768150337 1.5000000000000002 0.0033454232616350059 1.0032579898834231 -0.011782031506299971 -0.0098888655193150026 -0.017686145380139347
decision_type=8 8 10 2 2 2 10 2 2 2 2 2 2 2
left_child=1 2 3 -1 -5 8 -7 10 9 -4 11 -6 -13 -3
right_child=-2 13 5 4 7 6 -8 -9 -10 -11 -12 12 -14 -15
leaf_value=-0.0057968612790173183 -0.0029739724361020244 0.004323251738449471 0.0032415065496444145 0.016879826773166923 -0.0050932282880891237 -0.0029503123079506945 -0.011949406198043111 -0.010013274077874378 -0.002416583211786151 0.023483367496941701 -0.001275706092077414 0.022049624646755306 0.003611542039882737 0.00061313707836871238
leaf_weight=3890.0696429535747 9461.3688801322132 8427.8119371309876 799.87916774116457 576.79290409386158 1331.8619653321803 11106.466958232224 2284.2383139934391 942.7787222340703 1797.8119542244822 422.14254660904408 7579.5574052259326 435.74384642392397 12746.577235491946 51200.331300515682
leaf_count=17142 59001 38268 4239 2399 6065 90419 13581 4630 9329 2148 35640 1991 62138 273588
internal_value=4.46167e-05 0.000320707 -0.000789271 0.000622945 0.00168255 -0.00315502 -0.00449318 0.00129488 0.00277397 0.0103678 0.00178173 0.00337816 0.00423727 0.00113816
internal_weight=113003 103542 43913.9 27503.4 23613.3 16410.5 13390.7 23036.5 3019.83 1222.02 22093.7 14514.2 13182.3 59628.1
internal_count=620578 561577 249721 130005 112863 119716 104000 110464 15716 6387 105834 70194 64129 311856
is_linear=0
shrinkage=0.05


Tree=112
num_leaves=15
num_cat=0
split_feature=0 17 71 71 84 71 74 70 70 0 4 71 71 69
split_gain=33.0592 31.8575 43.9318 38.98 102.681 134.923 51.7182 56.8706 44.2539 44.1961 44.0325 43.4485 76.7652 67.0769
threshold=0.011692701838910581 93.301452636718764 0.048369815573096282 0.029663254506886009 2.5000000000000004 0.033001665025949485 0.00097623257897794258 0.0063215878326445827 0.0075431030709296474 0.04711440950632096 0.14166667312383655 0.025683609768748287 0.023918393999338153 0.012199820950627329
decision_type=2 2 2 2 2 2 2 2 2 2 8 2 2 10
left_child=-1 3 -3 11 5 8 9 10 -5 -7 -8 12 -2 -13
right_child=1 2 -4 4 -6 6 7 -9 -10 -11 -12 13 -14 -15
leaf_value=-0.014547344505263966 -1.6991912433189429e-05 -0.0018114485207469375 -0.015996425452550606 0.006481981884567928 0.010688753653060009 -0.024063902831434281 0.019730835879277257 -0.0074628375213000144 0.026987909350538616 -0.0030574805282805868 -0.0026430066059681696 -0.025017059064522475 0.012331140329099306 -0.0026588420029716878
leaf_weight=382.09123272076249 90389.985538270324 10481.684684980661 566.15053312852979 763.85707107558846 3114.4133388847113 591.31991100683808 420.18866752833128 1632.0302578508854 398.87297300249338 434.66920037567616 445.6201146915555 408.63300206884742 1266.4132932163775 1704.0202812477946
leaf_count=9797 489087 61127 2896 3923 15399 3154 2476 8230 1952 1921 2003 2012 7259 9178
internal_value=-5.4025e-05 -3.56458e-06 -0.00255217 0.000273873 0.0036675 -0.00101124 -0.005886 -0.00198196 0.0136867 -0.0152798 0.00831663 -8.81554e-06 0.000154948 -0.00708089
internal_weight=113000 112618 11047.8 101570 7800.97 4686.56 3523.83 2497.84 1162.73 1025.99 865.809 93769.1 91656.4 2112.65
internal_count=620414 610617 64023 546594 39058 23659 17784 12709 5875 5075 4479 507536 496346 11190
is_linear=0
shrinkage=0.05


Tree=113
num_leaves=15
num_cat=0
split_feature=5 27 1 4 73 68 74 53 68 68 68 1 53 74
split_gain=34.919 32.762 60.2786 57.7549 76.2264 107.579 146.408 73.5519 82.6842 71.1265 183.266 70.7078 62.2979 60.3888
threshold=0.71724092960357677 1.3273023366928103 0.016001719981431965 0.27500000596046453 0.68743640184402477 0.041905201971530921 -0.0056492823641747228 -0.0018400204135105012 0.03649848327040673 0.038457298651337631 0.036895120516419418 0.020694265142083171 -0.57149872183799733 -0.00055568764219060529
decision_type=2 2 8 8 2 10 2 8 10 10 10 10 10 2
left_child=-1 3 -3 4 5 9 -7 8 -6 10 12 -8 -2 -12
right_child=1 2 -4 -5 7 6 11 -9 -10 -11 13 -13 -14 -15
leaf_value=-0.010518662112674946 0.0051647175133546983 0.0066988747893176369 0.0002883543764118682 0.002121831971542856 0.002828819270881992 -0.0099543300564410731 0.024692820557756928 -0.013443018820888941 -0.0051821684997916534 -0.012313353311275262 0.037603075823901919 0.0049945403865270079 -0.001153865897264836 0.0098102754886454091
leaf_weight=774.92201400361955 4236.6730063296854 4941.0094520468265 14144.048541903496 19165.313934743404 4611.1621406544 680.55187580175698 1150.8064935337752 1792.6520946063101 10633.654311655089 1246.190309504047 379.85526883974671 759.95414648205042 47927.807016955689 411.29942156933248
leaf_count=4787 24626 35234 64478 82897 30717 3785 7183 13242 65963 7122 2122 3485 271949 2436
internal_value=-9.39771e-06 6.41947e-05 0.00195064 -0.000323118 -0.000957992 -7.78277e-05 0.00985471 -0.00389019 -0.00275879 -0.000554418 -0.000275426 0.0169251 -0.000639794 0.0234572
internal_weight=112856 112081 19085.1 92995.9 73830.6 56793.1 2591.31 17037.5 15244.8 54201.8 52955.6 1910.76 52164.5 791.155
internal_count=620026 615239 99712 515527 432630 322708 14453 109922 96680 308255 301133 10668 296575 4558
is_linear=0
shrinkage=0.05


Tree=114
num_leaves=15
num_cat=0
split_feature=69 71 74 68 68 70 70 68 69 69 68 68 69 74
split_gain=33.549 75.6015 71.3973 42.3649 184.264 240.334 160.307 129.812 124.91 120.154 219.652 210.056 183.469 150.578
threshold=-0.13803395628929135 -0.030130613595247265 -0.0033699505729600783 -0.028726507909595963 -0.024779885075986382 0.0011106399470008912 -0.027834935113787648 -0.023032579571008679 -0.013108383864164351 0.034879148006439216 -0.038501890376210206 -0.044340465217828744 -0.023623042739927765 -0.0048494727816432706
decision_type=8 2 2 10 10 2 2 10 8 10 10 10 8 2
left_child=1 2 -1 9 5 -5 -6 -8 -9 10 11 -2 -13 -14
right_child=3 -3 -4 4 6 -7 7 8 -10 -11 -12 12 13 -15
leaf_value=0.011363082543568369 -0.003482579058429019 0.019001561099454629 -0.014059765380456274 0.038952325278511279 -0.031918040143034856 -0.00065453298905330084 -0.026566662378124134 0.0064481017987865529 -0.00029127118205971448 0.018397571955972705 -0.0150800579161171 -0.0059415533929889222 0.0056310120847095115 0.040132420569958062
leaf_weight=528.71514250896871 8965.7406715210527 732.67584554292262 556.84708266332746 693.71146493777633 382.17455112561584 839.74216299504042 443.64224563539028 7459.185060961172 86475.053569959477 641.07733031362295 3198.2485380284488 712.92257981933653 553.09842307493091 740.33040948025882
leaf_count=2353 40850 3014 2313 3150 1935 4034 2200 35512 496822 2899 15577 3352 2655 3568
internal_value=-1.02003e-05 0.00670795 -0.00168705 -0.000120737 0.000262267 0.0173993 -1.68591e-05 0.00011569 0.000244522 -0.00260926 -0.00357193 -0.000206757 0.0143765 0.0255353
internal_weight=112923 1818.24 1085.56 111105 96293.5 1533.45 94760.1 94377.9 93934.2 14811.4 14170.3 10972.1 2006.35 1293.43
internal_count=620234 7680 4666 612554 543653 7184 536469 534534 532334 68901 66002 50425 9575 6223
is_linear=0
shrinkage=0.05


Tree=115
num_leaves=15
num_cat=0
split_feature=0 70 69 63 69 84 70 70 24 69 73 70 70 70
split_gain=35.3027 31.2019 51.4755 40.1692 33.0389 164.646 122.015 87.2914 47.9158 45.2613 88.6719 128.139 101.276 96.6461
threshold=0.012775254435837271 -0.044312106445431702 -0.13803395628929135 0.26350533962249761 -0.10739394277334212 1.5000000000000002 -0.00085779608343727876 0.010524414479732515 -0.014626278541982172 -0.013108383864164351 0.44682462513446813 0.0086541650816798227 0.01533118821680546 -0.0028480315813794728
decision_type=2 2 8 10 8 2 2 2 2 8 2 2 2 2
left_child=-1 -2 3 -3 5 7 8 -4 -7 10 11 13 -13 -6
right_child=1 2 4 -5 9 6 -8 -9 -10 -11 -12 12 -14 -15
leaf_value=-0.010656431973226214 -0.011988722166593323 0.020766656326923524 -0.029114726386876306 0.0037478735157905653 0.00055083789091080052 0.025732020953609783 -0.01459678258782776 -0.0028164701225639119 0.0039441086610970798 -0.00016300248516857064 0.0075613442359924029 0.026707576767646776 0.0032966531139043001 -0.012280002078332882
leaf_weight=746.82131535932422 514.42269387841225 496.03306683152914 754.31141972541809 1120.2523685544729 4081.2888959087431 546.39417360723019 477.68786720186472 541.3931478112936 469.50597358494997 92534.866943795234 5894.936884816736 621.89530798792839 1731.0634229369462 2281.0092212259769
leaf_count=16917 2590 2044 3380 4609 18741 2295 2114 2452 2075 513050 28081 2794 7897 10620
internal_value=0.000106157 0.000178825 0.000236006 0.00906646 0.000105365 -0.00525704 0.00604534 -0.0182321 0.0157992 0.000245442 0.0028307 -0.000374073 0.00957108 -0.00406132
internal_weight=112812 112065 111551 1616.29 109934 2789.29 1493.59 1295.7 1015.9 107145 14610.2 8715.26 2352.96 6362.3
internal_count=619659 602742 600152 6653 593499 12316 6484 5832 4370 581183 68133 40052 10691 29361
is_linear=0
shrinkage=0.05


Tree=116
num_leaves=15
num_cat=0
split_feature=5 69 70 69 3 69 69 69 74 74 70 58 74 69
split_gain=35.9072 36.2931 104.13 78.287 66.5897 59.5857 115.592 106.584 91.2467 88.7562 81.5435 68.8441 65.2565 58.1336
threshold=0.71724092960357677 0.13544805347919467 -0.0066560849081724873 0.14803105592727664 1.0000000180025095e-35 0.10132142156362535 0.090995021164417281 0.086077798157930388 -0.0042312266305088988 -0.0096426550298929197 0.0052992564160376796 0.0017829568241722884 -0.0033699505729600783 0.069094255566596999
decision_type=2 10 2 10 2 10 10 10 2 2 2 2 2 10
left_child=-1 5 -3 4 -4 6 7 11 -7 -8 -11 13 -10 -2
right_child=1 2 3 -5 -6 8 9 -9 12 10 -12 -13 -14 -15
leaf_value=-0.010776950239324913 -0.0018190475479948733 0.024974832309047894 0.026455945302810875 -0.0033405229700972463 0.0045192825119966173 0.0030557831021339223 0.02332737899205933 -0.0087105228198352952 -0.022988000362632609 0.001152798428021982 0.013899877383636829 0.0019216847037608503 -0.0043233697517227176 0.0032764919320009168
leaf_weight=771.30391811206937 39241.080510856584 520.2278761304915 431.66894702427089 3082.8279053755105 1624.386691916734 4763.6788607388735 690.51198603957891 3534.1006262898445 477.14643003232777 4692.1945058908314 1703.5534022953361 32308.491488233209 12597.89944482781 6519.0139087606221
leaf_count=4779 215948 2397 2903 15770 7639 25530 3365 20782 2726 26033 9591 172555 72128 38343
internal_value=-9.51643e-05 -2.07712e-05 0.00387745 0.00169733 0.00923064 -0.000228203 0.000302232 -0.000230017 -0.00286406 0.0064231 0.00456447 0.000154955 -0.00502154 -0.00109258
internal_weight=112958 112187 5659.11 5138.88 2056.06 106528 88688.9 81602.7 17838.7 7086.26 6395.75 78068.6 13075 45760.1
internal_count=620489 615710 28709 26312 10542 587001 486617 447628 100384 38989 35624 426846 74854 254291
is_linear=0
shrinkage=0.05


Tree=117
num_leaves=15
num_cat=0
split_feature=73 73 69 72 71 13 72 69 73 84 72 71 70 68
split_gain=38.8083 193.538 125.146 373.573 133.083 93.7051 93.0696 122.467 121.629 123.516 193.782 133.831 113.419 137.177
threshold=0.32263550162315374 0.32778233289718633 0.03979728743433953 0.010240829084068538 -0.026439282111823555 0.010464592836797239 0.016343498602509502 0.013319937512278559 0.20574606955051425 1.5000000000000002 0.021474678069353107 -0.0031491612317040558 0.010333086363971235 -0.04821368865668773
decision_type=2 2 10 10 2 8 8 10 2 2 10 2 2 10
left_child=2 -2 5 4 -4 6 7 12 9 -8 -11 -12 -1 -14
right_child=1 -3 3 -5 -6 -7 8 -9 -10 10 11 -13 13 -15
leaf_value=0.0057385296174936864 -0.031361533269450521 -0.00030706120852487523 0.015848759493360599 0.050627782572943959 -0.018250710498808251 -0.0080117769670741967 -0.0080732080502944857 -0.0084282686803580937 -0.014010553329510879 0.025347433692410812 -0.017908495061758681 0.016212372366799035 0.0037118659761576516 0.041129552148955445
leaf_weight=6005.4616650063545 494.39375964179635 94555.746667522937 573.84538339823484 502.38450280204415 551.1594751663506 2567.4054533801973 1670.0791563615203 1281.9428693335503 1641.9454687442631 1051.9332108162344 699.05626677908003 473.64243281446397 454.45153923332691 526.87341894954443
leaf_count=27752 2540 535691 2546 2110 2564 11925 7496 6616 7653 4469 3096 2014 2006 2384
internal_value=-6.86786e-05 -0.00047187 0.00205946 0.0152392 -0.000870775 0.000740939 0.00237331 0.00572991 -0.0026409 0.00217596 0.00987194 -0.00410683 0.00833601 0.0240137
internal_weight=113050 95050.1 18000.2 1627.39 1125 16372.8 13805.4 8268.73 5536.66 3894.71 2224.63 1172.7 6986.79 981.325
internal_count=620862 538231 82631 7220 5110 75411 63486 38758 24728 17075 9579 5110 32142 4390
is_linear=0
shrinkage=0.05


Tree=118
num_leaves=15
num_cat=0
split_feature=74 27 0 73 68 68 73 70 68 70 74 74 73 73
split_gain=32.4519 34.4624 66.7589 55.2497 64.3743 58.6392 52.6167 46.1341 43.343 77.8531 81.8277 61.4839 51.774 60.9336
threshold=-0.04474180564284324 0.83986821770668041 0.043866660445928581 0.68743640184402477 0.033791629597544677 0.028358574956655506 0.63069283962249767 -0.00022463045752374453 0.017982721328735355 -0.0023072280455380674 -0.0051671923138201228 0.0093714185059070605 0.5248546600341798 0.63690966367721569
decision_type=2 2 2 2 10 10 2 2 10 2 2 2 2 2
left_child=-1 2 3 4 5 8 -7 -5 -2 10 -10 12 -11 -14
right_child=1 -3 -4 7 -6 6 -8 -9 9 11 -12 -13 13 -15
leaf_value=-0.012230638643623816 -0.00235154667015088 0.00086229087712403328 0.0020138036847960972 -0.0003636986210218511 0.0059585485591311981 -0.016269906169400005 0.00046518439651475966 -0.0079593116074930369 0.0012457515411689862 -0.017260252923733146 0.026428535286174549 0.014691974309257675 0.0053304575556986297 -0.0097292348781172662
leaf_weight=526.26719825714827 15367.485414616764 63801.090854305774 13947.218314468861 2989.4844784364104 3012.0369249340147 1239.797643141821 751.6013316847384 6030.4482965730131 661.02128099091351 534.44098900444806 621.97141081281006 554.23636683449149 1749.5315023753792 1076.4281583093107
leaf_count=2603 88189 346416 59529 18902 17803 7880 5133 40556 4015 3146 3939 3142 11543 7371
internal_value=3.99479e-05 9.85158e-05 -0.000905452 -0.00208283 -0.000895053 -0.00181247 -0.00998292 -0.00544508 -0.00101683 0.00292639 0.0135639 -0.000585646 -0.00314152 -0.000419966
internal_weight=112863 112337 48535.7 34588.5 25568.6 22556.5 1991.4 9019.93 20565.1 5197.63 1282.99 3914.64 3360.4 2825.96
internal_count=620167 617564 271148 211619 152161 134358 13013 59458 121345 33156 7954 25202 22060 18914
is_linear=0
shrinkage=0.05


Tree=119
num_leaves=15
num_cat=0
split_feature=14 70 71 54 74 73 71 70 71 68 70 74 73 71
split_gain=35.5265 52.0525 54.2634 38.8402 62.3146 79.6789 80.1718 69.8843 53.801 86.7595 67.5132 94.9987 61.1934 62.7155
threshold=-0.15941079705953595 -0.0085004726424813253 0.00069617023109458398 0.27179390192031866 0.017647080123424533 0.78387612104415905 0.0028429854428395633 0.018066717311739925 -0.030130613595247265 -0.068213950842618928 -0.0030284329550340767 -0.03177575767040252 0.12987624853849414 0.051627470180392272
decision_type=8 2 2 8 2 2 2 2 2 10 2 2 2 2
left_child=1 2 -1 8 -5 6 7 -6 9 10 11 -2 -10 -14
right_child=3 -3 -4 4 5 -7 -8 -9 12 -11 -12 -13 13 -15
leaf_value=0.00031594578619794657 -0.011784380318433277 0.0044075801715399102 -0.019044045404456547 0.00016176842199876505 0.024195237515157047 0.025043346881151118 -0.0028081070298957692 0.00040222773655104255 0.014536820881210406 -0.013520629463806257 -0.014125467718978494 0.01569896161206933 -0.00082955883789105102 -0.018705662012844508
leaf_weight=1380.9936334434897 460.81657307967544 9048.7065468020737 480.33974177390337 65545.023061670363 683.82854073680937 509.54204528965056 1828.6281861588359 556.48995042778552 625.93676433712244 2248.9104691930115 530.71812429651618 941.87641960568726 27506.331729954109 489.59757879935205
leaf_count=5880 2277 40050 2103 359780 3171 2511 8661 2575 2700 11240 2294 4122 170017 2701
internal_value=0.000131013 0.00284142 -0.0047552 -0.000159351 0.000513035 0.0069286 0.00384941 0.0136087 -0.0015759 -0.00686603 0.000904231 0.00665055 -0.000800759 -0.00114875
internal_weight=112838 10910 1861.33 101928 69123.5 3578.49 3068.95 1240.32 32804.2 4182.32 1933.41 1402.69 28621.9 27995.9
internal_count=620082 48033 7983 572049 376698 16918 14407 5746 195351 19933 8693 6399 175418 172718
is_linear=0
shrinkage=0.05


Tree=120
num_leaves=15
num_cat=0
split_feature=68 74 74 74 84 74 71 68 74 69 69 68 72 69
split_gain=35.8175 98.5923 111.721 85.1625 205.626 129.662 108.959 92.9966 90.7265 142.468 106.05 75.4077 108.676 80.5232
threshold=-0.087453853338956819 -0.015850028023123738 -0.02498772460967302 -0.019179445691406723 3.5000000000000004 -0.022302128374576565 -0.054346878081560128 -0.074138201773166643 -0.017201921902596947 0.043823914602398879 -0.019174007698893544 -0.01657590456306934 0.012943550478667023 0.07267846912145616
decision_type=8 2 2 2 2 2 2 8 2 10 8 8 10 8
left_child=1 2 -1 4 5 11 -5 -8 9 10 -9 12 -2 -13
right_child=3 -3 -4 6 -6 -7 7 8 -10 -11 -12 13 -14 -15
leaf_value=0.0045369555452134261 0.025279198539183978 -0.0032718271667429473 0.033759382923403344 -0.019394656390278493 -0.028863423386448803 -0.016591995191201348 0.017102166819357837 0.017155918109820395 -1.2101603559654459e-05 0.033427325998653654 -0.017123343015972698 -0.015078038886632967 -0.0017610121908528233 0.011465643860480622
leaf_weight=933.94204791821539 727.68638580106199 1563.1113350074738 496.51112999022007 697.50547231175005 848.49252258613706 1040.8554609790444 806.44813744910061 454.52881107106805 102442.98909148946 513.92995253577828 428.72146751172841 752.10244103893638 746.26766989566386 448.04158090054989
leaf_count=4259 3474 6637 2041 3236 4236 5061 3474 2076 572150 2411 2101 3578 3442 2114
internal_value=1.83276e-05 0.0054053 0.014844 -0.000128876 -0.00680838 -0.00170706 0.000161095 0.000293281 0.000161105 0.0127707 0.00051166 0.00412692 0.011669 -0.00515581
internal_weight=112901 2993.56 1430.45 109908 4563.45 3714.95 105344 104647 103840 1397.18 883.25 2674.1 1473.95 1200.14
internal_count=620290 12937 6300 607353 21905 17669 585448 582212 578738 6588 4177 12608 6916 5692
is_linear=0
shrinkage=0.05


Tree=121
num_leaves=15
num_cat=0
split_feature=72 72 74 27 57 70 70 73 72 68 68 73 74 73
split_gain=38.5065 46.0396 41.9844 36.9724 72.6754 41.3778 43.9358 37.9821 54.8524 71.9859 53.4894 53.2174 38.0929 35.5195
threshold=0.054642656818032272 0.049865879118442542 -0.04474180564284324 0.8646678924560548 0.015641913749277595 0.027393514290452007 0.020869231782853607 0.72160628437995922 0.0074609280563890943 0.028709637932479385 0.036895120516419418 0.66914039850234996 -0.0034210348967462774 0.32263550162315374
decision_type=8 10 2 2 10 2 2 2 10 10 10 2 2 2
left_child=1 2 -1 4 7 6 -5 8 10 -10 -4 -12 -9 -6
right_child=-2 -3 3 5 13 -7 -8 12 9 -11 11 -13 -14 -15
leaf_value=-0.01501907449881628 -0.015183124992569869 0.016280460555110603 -0.001107657840756536 0.0008615946908360723 0.0039260245070687899 -0.011131869181946072 0.011042249980024106 0.0079944486218786037 -0.0032822053364696072 -0.017818874052797445 0.02377156803628298 0.00037938420696018399 -0.010413951327360968 -0.00039137130808471372
leaf_weight=453.47529211081564 405.75334654375911 425.85911682248116 3847.9292307775468 58287.16000206396 5613.8805665522814 695.78150282427669 1069.4904757961631 303.45353876240551 5733.3469237498939 991.84799407608807 473.76482385396957 489.47498225979507 2928.4004130680114 31145.666080882773
leaf_count=2323 1768 1794 31865 317424 25157 3344 4987 2161 33825 6410 3010 3565 21550 161137
internal_value=5.488e-06 6.16335e-05 -1.46454e-06 6.09093e-05 -0.000921557 0.000903924 0.00104686 -0.00388281 -0.00253643 -0.00544938 0.00153823 0.0120108 -0.00866617 0.000268865
internal_weight=112865 112460 112034 111580 51527.8 60052.4 59356.7 14768.2 11536.4 6725.19 4811.17 963.24 3231.85 36759.5
internal_count=620320 618552 616758 614435 288680 325755 322411 102386 78675 40235 38440 6575 23711 186294
is_linear=0
shrinkage=0.05


Tree=122
num_leaves=15
num_cat=0
split_feature=0 15 72 69 71 72 69 70 74 70 70 71 69 71
split_gain=34.6997 31.7106 41.5125 61.0584 87.2876 43.5452 52.5468 36.2969 97.3462 94.932 103.659 73.1337 87.0429 127.183
threshold=0.011692701838910581 17.150209426879886 0.013164927251636984 -0.020707927644252774 -0.0099539100192487222 0.014131831005215647 0.045545944944024093 -0.00028305046726018185 0.0010728423949331047 -0.0028480315813794728 -0.0016195489442907272 -0.051636332646012299 -0.011117002926766871 -0.027448536828160282
decision_type=2 8 10 8 2 10 8 2 2 2 2 2 8 2
left_child=-1 2 3 4 -2 6 -4 8 -3 -10 -11 -9 13 -13
right_child=1 7 5 -5 -6 -7 -8 11 9 10 -12 12 -14 -15
leaf_value=-0.015085445110393071 -0.0009835956528653452 -9.2024686388547574e-05 -0.018240589624710795 0.0017958432164317342 0.027007667375208339 -1.4464027069742851e-05 0.0024710281265645181 -0.021443745974175941 -0.00079802713301592811 0.034079748411241166 0.0081576767620089256 -0.01545135631296829 -0.0020687949560830414 0.0068907246507961418
leaf_weight=372.21023395657539 526.8893875926733 33862.501917544752 800.69184568151832 22066.877359934151 579.21427593752742 4399.1584331281483 488.67918023467064 441.32209708169103 1346.9850985705853 573.60379929095507 1164.4286984913051 711.19283809140325 40115.688262760639 5471.9260132759809
leaf_count=9801 2451 178126 4009 126515 2794 20374 2353 1996 6713 2871 6444 3181 227595 25424
internal_value=-4.55335e-05 5.54065e-06 0.00143438 0.0023738 0.0137848 -0.00238992 -0.0104322 -0.000487339 0.000683749 0.00917176 0.0168588 -0.00141302 -0.0012175 0.0043001
internal_weight=112921 112549 28861.5 23173 1106.1 5688.53 1289.37 83687.6 36947.5 3085.02 1738.03 46740.1 46298.8 6183.12
internal_count=620647 610846 158496 131760 5245 26736 6362 452350 194154 16028 9315 258196 256200 28605
is_linear=0
shrinkage=0.05


Tree=123
num_leaves=15
num_cat=0
split_feature=8 53 54 68 70 70 84 53 5 73 0 73 68 68
split_gain=35.1231 35.3648 64.6751 39.6897 36.6236 38.3373 39.7058 34.0263 33.521 30.4564 30.343 43.1361 30.2687 69.4127
threshold=1.0000000180025095e-35 -0.26098339259624476 0.27179390192031866 -0.068213950842618928 -0.0087212771177291853 -0.011451073456555603 3.5000000000000004 -0.073716234415769563 0.77458232641220104 0.22272879630327228 0.018278241157531742 0.44682462513446813 -0.026094001717865464 -0.039862519130110734
decision_type=2 10 10 10 2 2 2 10 2 2 2 2 10 10
left_child=1 10 3 -3 5 6 -5 9 -4 -6 11 -1 13 -11
right_child=-2 2 8 4 7 -7 -8 -9 -10 12 -12 -13 -14 -15
leaf_value=0.011142852939772355 0.002528833199702036 0.0051833377792182686 -0.012920653264862145 -0.0024039463825159145 0.0092583877693499708 -0.021002998417400044 -0.020443210028816463 -0.0094289920162498441 0.00013975962579810519 0.0017150790225656382 0.0010665282133136031 -0.013614122133126792 -0.0019395086179915808 -0.021616951108201818
leaf_weight=221.37978435307741 12273.884292514995 1191.8893072474748 487.06628062576056 1426.1881116237491 536.02677419781685 583.01407605782151 379.24821712821722 1924.857966369018 42309.117452476174 626.91672737151384 39079.377959743142 742.19168438017368 10482.084384670481 635.66375102475286
leaf_count=2092 73559 5489 3153 8090 2710 3504 2183 21076 235128 3058 178285 9078 69720 3390
internal_value=4.83209e-06 -0.000303257 -0.00106526 -0.00359848 -0.00423199 -0.00995021 -0.00628499 -0.00326423 -1.18655e-05 -0.00229109 0.000849569 -0.0078702 -0.00282564 -0.0101093
internal_weight=112899 100625 60582.1 17785.9 16594 2388.45 1805.44 14205.5 42796.2 12280.7 40042.9 963.571 11744.7 1262.58
internal_count=620515 546956 357501 119220 113731 13777 10273 99954 238281 78878 189455 11170 76168 6448
is_linear=0
shrinkage=0.05


Tree=124
num_leaves=15
num_cat=0
split_feature=5 53 53 27 68 72 72 71 72 68 72 68 72 72
split_gain=31.4763 31.5106 25.9294 34.5601 28.4492 88.4711 127.029 136.387 91.1294 51.4505 41.5048 39.678 31.1186 101.977
threshold=0.71724092960357677 -0.50229865312576283 -0.012991721741855143 0.95429557561874401 0.063369292765855803 0.011813174001872541 0.014507370535284283 0.033001665025949485 0.0053569187875837096 0.072451099753379836 0.012446424458175899 0.072451099753379836 0.0046126006636768588 0.0046515460126101979
decision_type=2 10 10 2 8 10 10 2 8 10 10 8 10 10
left_child=1 -1 4 -4 12 8 7 10 -6 -8 -7 -10 -2 -14
right_child=2 -3 3 -5 5 6 9 -9 11 -11 -12 -13 13 -15
leaf_value=-0.0013415287253420128 -0.0022468951065220222 -0.021798597295500856 -0.0084271190725458949 0.000465131721513091 0.0072254860541358969 0.0092826191203642557 -0.024592506785804255 -0.011541102892862056 -0.011776105782042242 -0.0014967549830820237 0.029658075975919313 -0.030027896689648059 0.025455659395780719 0.00046042110771984506
leaf_weight=437.55805123969913 10945.866742014885 322.24452730827034 2096.9415651392192 2267.7748969942331 420.62766179442406 447.79800453037024 432.22817616537213 453.22520991973579 734.79281652346253 533.35456406697631 594.62352218851447 518.38461572863162 399.88452214933932 92168.994694631547
leaf_count=2051 74095 2717 18329 16663 2348 2185 2093 2232 4350 2492 2642 2775 2381 482846
internal_value=-0.000112244 -0.0101882 -4.29954e-05 -0.00381647 0.000110342 -0.00395145 0.00208262 0.0111815 -0.0127839 -0.0119813 0.0210767 -0.019504 0.000272962 0.000571135
internal_weight=112774 759.803 112014 4364.72 107650 4135.03 2461.23 1495.65 1673.81 965.583 1042.42 1253.18 103515 92568.9
internal_count=620199 4768 615431 34992 580439 21117 11644 7059 9473 4585 4827 7125 559322 485227
is_linear=0
shrinkage=0.05


Tree=125
num_leaves=15
num_cat=0
split_feature=15 73 69 69 13 69 74 68 68 74 73 73 68 73
split_gain=44.0645 31.2387 88.7147 71.3265 78.9219 92.7621 56.8082 65.4393 65.042 65.1218 59.8512 90.6189 89.6666 67.7101
threshold=22.537690162658695 0.31657269597053533 0.03979728743433953 0.013319937512278559 0.01203249813988805 -0.0099627347663044912 0.0019295578822493555 0.011834083124995233 -0.023032579571008679 0.018441225402057174 0.54471746087074291 0.44682462513446813 -0.014353075530380009 0.45992848277091986
decision_type=8 2 10 10 8 8 2 10 10 2 2 2 10 2
left_child=-1 2 3 4 5 -2 7 10 -8 -10 11 12 -3 -13
right_child=1 6 -4 -5 -6 -7 8 -9 9 -11 -12 13 -14 -15
leaf_value=0.0008932181492773743 0.00026654896243347273 0.0013205022182812573 0.016887329619398914 -0.013666721634022211 -0.010351148603145427 0.013547737875022123 -0.018858798534516386 0.0016413001768041181 -0.0040363150490532254 0.0062874704862439486 -0.012778128759127788 0.023428640170475572 -0.013706589970907165 0.0017624471357376274
leaf_weight=56922.686868425459 5696.4230574723333 1855.6432845126837 838.74786052107811 855.88983044214547 1218.7002409044653 1699.3798571471125 671.11149802803993 17453.491565799341 17299.962193334475 1666.4712754841894 1488.9795146360993 409.15566433221102 2120.7143933419138 2596.4277078527957
leaf_count=314268 25431 9282 3680 4308 5744 7867 3250 101840 100360 8133 8441 2190 11282 14259
internal_value=-8.57944e-05 -0.00108322 0.00140128 1.33895e-05 0.00138684 0.00333242 -0.00164556 -0.000108683 -0.00367337 -0.00312639 -0.00371203 -0.00176307 -0.00670819 0.00477982
internal_weight=112794 55871.1 10309.1 9470.39 8614.5 7395.8 45562 25924.4 19637.5 18966.4 8470.92 6981.94 3976.36 3005.58
internal_count=620335 306067 47030 43350 39042 33298 259037 147294 111743 108493 45454 37013 20564 16449
is_linear=0
shrinkage=0.05


Tree=126
num_leaves=15
num_cat=0
split_feature=71 84 71 68 74 73 73 71 72 69 69 68 71 68
split_gain=27.154 119.298 46.3623 90.9539 171.174 183.004 166.026 100.268 94.2431 91.686 81.6435 56.8498 57.7313 174.076
threshold=0.048369815573096282 2.5000000000000004 0.029663254506886009 0.0048870842438191184 -0.0079827145673334581 0.50149351358413707 0.44682462513446813 0.035684701055288322 0.0098339947871863859 -0.071767471730709062 0.10540635511279108 0.066133540123701109 0.025683609768748287 -0.0062756247352808705
decision_type=2 2 2 8 2 2 2 2 10 10 8 10 2 8
left_child=2 -2 11 6 -5 -6 9 10 -9 -4 -7 12 -1 -14
right_child=1 -3 3 4 5 7 -8 8 -10 -11 -12 -13 13 -15
leaf_value=0.00015869234998552411 -0.012958627895376027 0.010826429223597608 0.016366711785786036 -0.030346370117056983 -0.020193562325566281 0.020580806740021249 0.032333246792698611 0.016689678197898346 -0.0069100631147691301 -0.0083741153495075337 -0.0026473463970000575 -0.010324333256676671 -0.034387130746422356 -0.00098108069300545213
leaf_weight=99233.458362841979 1616.994132226333 770.96493116952479 679.45895784907043 408.24995506927371 716.39675022102892 1536.948223605752 700.97258027642965 568.23726356588304 1566.167828341946 810.31789135932922 497.96346550621092 1348.71733911708 476.43596723303199 1969.5921521000564
leaf_count=549926 8253 3713 3040 2055 3740 8102 3426 3141 7989 3881 2815 7182 2485 10745
internal_value=-2.50421e-06 -0.00526637 0.000111704 0.00390859 0.000356518 0.00297879 0.0124516 0.0069992 -0.000578634 0.0029436 0.0149115 -0.000164482 -2.87158e-05 -0.00760141
internal_weight=112901 2387.96 110513 7484.71 5293.96 4885.71 2190.75 4169.32 2134.41 1489.78 2034.91 103028 101679 2446.03
internal_count=620493 11966 608527 38189 27842 25787 10347 22047 11130 6921 10917 570338 563156 13230
is_linear=0
shrinkage=0.05


Tree=127
num_leaves=15
num_cat=0
split_feature=16 54 53 27 70 68 71 71 84 84 70 68 68 71
split_gain=35.3987 36.5955 63.7788 48.1493 36.3654 116.042 84.9616 105.454 94.6785 78.3744 73.6248 60.8524 105.97 51.9047
threshold=25.230439186096195 0.46056012809276586 -0.19826467335224149 1.505376994609833 -0.0085004726424813253 -0.068213950842618928 0.0025635707424953584 -0.0035301131429150696 3.5000000000000004 1.0000000180025095e-35 -0.030434315092861649 -0.01657590456306934 -0.042685111984610551 -0.051636332646012299
decision_type=2 10 10 2 2 10 2 2 2 2 2 10 10 2
left_child=1 2 4 -4 5 9 7 8 11 -1 -11 12 -7 -6
right_child=-2 -3 3 -5 13 6 -8 -9 -10 10 -12 -13 -14 -15
leaf_value=-0.0091549654439544211 -0.0041393872173756899 0.0013483570333776252 -0.0032837533367898702 0.0037301532538199008 -0.011675121337762226 -0.010622613288082949 -0.019003466671170394 0.017259104763544159 -0.021746557649300616 -0.00093696951718351884 0.021911559098905634 -0.0088073271603246652 0.016183351014497676 0.0015702622549740163
leaf_weight=505.84148865193129 5071.7866463121027 39238.25054246746 22941.434463255107 2730.4938482996076 745.9007971920073 623.08019628189504 1050.5864726081491 540.48224549740553 767.17525480315089 558.79664209485054 941.68451574072242 1667.3236751072109 874.83242218196392 34567.184573117644
leaf_count=2211 29051 196218 166458 17623 3207 2744 4886 2544 3614 2592 4003 7887 3939 173368
internal_value=-6.1371e-05 0.000130942 -0.000566364 -0.00253658 0.000614531 -0.00253794 -0.00627689 -0.00325196 -0.00610769 0.00773559 0.0134526 -0.00226067 0.00503649 0.00128726
internal_weight=112825 107753 68514.8 25671.9 42842.9 7529.8 5523.48 4472.89 3932.41 2006.32 1500.48 3165.24 1497.91 35313.1
internal_count=620345 591294 395076 184081 210995 34420 25614 20728 18184 8806 6595 14570 6683 176575
is_linear=0
shrinkage=0.05


Tree=128
num_leaves=15
num_cat=0
split_feature=14 9 74 71 71 73 71 73 69 68 68 69 74 68
split_gain=25.7263 30.9471 29.4065 39.0685 30.6051 36.0549 54.7574 28.1776 170.877 238.074 111.944 170.8 120.433 111.729
threshold=-0.17495924234390256 0.11884723976254465 -0.0066255095880478612 0.013349533546715977 0.0043427059426903733 0.72329491376876842 0.021519809961318973 0.31657269597053533 0.03979728743433953 -0.019749879837036129 -0.021990260109305378 0.023124567233026031 0.018441225402057174 0.0018470055656507613
decision_type=8 2 2 2 2 2 2 2 10 10 10 10 2 10
left_child=1 2 3 -1 -4 -6 -7 8 -2 -10 11 -9 -12 -14
right_child=7 -3 4 -5 5 6 -8 10 9 -11 12 -13 13 -15
leaf_value=0.0015563347725730862 5.9270602073957208e-06 -0.0098051357378917195 0.00075555500382736658 -0.014568225870895341 0.010944363595825141 -0.0084674618483565594 0.012216812144251072 -0.015413923287126683 0.041639380928259737 0.00035016343194880611 -0.00065307658436890422 0.010119944425951759 0.025080571458244424 0.0036404192813032452
leaf_weight=1761.1728381682187 14357.923812104389 480.65454863011837 2800.5041609760374 466.99489178694785 2626.813159186393 712.20997069776058 564.51774622686207 2720.9682882893831 604.20857664570212 809.32399469427764 80917.168826078996 853.83340012654662 820.09369099326432 2284.2035531532019
leaf_count=7526 66752 2094 12089 2058 11524 3319 2562 13693 2568 3674 472857 4060 3973 11399
internal_value=-7.27398e-05 0.00242833 0.00309686 -0.00187315 0.00474903 0.00760481 0.000702161 -0.000300705 0.00164417 0.0181676 -0.000651021 -0.009304 -0.000281806 0.00936683
internal_weight=112781 9412.87 8932.21 2228.17 6704.05 3903.54 1276.73 103368 15771.5 1413.53 87596.3 3574.8 84021.5 3104.3
internal_count=620148 41172 39078 9584 29494 17405 5881 578976 72994 6242 505982 17753 488229 15372
is_linear=0
shrinkage=0.05


Tree=129
num_leaves=15
num_cat=0
split_feature=15 72 72 71 73 69 72 72 71 71 73 69 73 71
split_gain=29.5023 27.3087 87.6312 144.364 98.2097 126.422 63.616 115.953 90.5677 139.33 122.69 134.018 87.2151 69.4968
threshold=11.31924343109131 0.0046126006636768588 0.0040987152606248864 0.017434364184737209 0.51774471998214733 0.054912677034735687 0.0053966774139553317 0.0058862892910838136 -0.0066218213178217402 0.0087699498981237429 0.71115124225616466 0.074017386883497252 0.47813309729099279 0.01045523537322879
decision_type=8 10 8 2 2 8 10 10 2 2 2 10 2 2
left_child=-1 2 3 4 -2 -6 8 12 -3 10 11 -10 -8 -9
right_child=1 6 -4 -5 5 -7 7 13 9 -11 -12 -13 -14 -15
leaf_value=0.0043453261081496308 -0.022270842810303174 0.021104917305392767 -0.0073927927295088167 0.027709098552795536 0.021719289489562265 -0.0015907684619287867 0.0093782048712419616 0.0012839734937190638 0.012531039089724078 0.011227251291284986 -0.020307434869896113 -0.0089837332514928238 -0.01043320810232011 -0.0016704410263489674
leaf_weight=3789.4950686432421 475.69699231721461 739.63922967202961 5020.1529401931912 472.61736248247325 649.93832190148532 4896.2079397682101 633.24490033462644 54133.709156787023 1380.6706558205187 2761.5062960833311 836.91628276370466 1499.6291632764041 4147.9831683915108 31467.042139476165
leaf_count=21732 2955 4497 33961 3074 4659 35817 3720 276061 9236 17532 5928 9025 25737 167080
internal_value=1.41795e-05 -0.000136623 -0.00243844 0.0013967 -0.000710915 0.00117505 0.000135161 -0.000225795 0.0046488 0.00274047 -0.00357754 0.00133704 -0.00779521 0.000197855
internal_weight=112904 109115 11514.6 6494.46 6021.84 5546.15 97600.3 90382 7218.36 6478.72 3717.22 2880.3 4781.23 85600.8
internal_count=621014 599282 80466 46505 43431 40476 518816 472598 46218 41721 24189 18261 29457 443141
is_linear=0
shrinkage=0.05


Tree=130
num_leaves=15
num_cat=0
split_feature=68 72 72 72 69 68 72 73 69 69 69 14 69 69
split_gain=26.8381 67.4353 142.871 141.46 57.1243 30.7902 181.762 123.689 182.102 125.451 85.0506 75.9106 69.9478 65.295
threshold=0.064594607800245299 0.011813174001872541 0.0053569187875837096 0.014507370535284283 0.027720605023205284 0.049752205610275275 0.0073252643924206504 0.8203302025794984 0.098413769155740752 0.11400846391916276 -0.038954747840762131 0.0093677416443824785 0.12612723559141162 -0.014973873272538183
decision_type=8 10 8 10 10 10 10 2 10 10 8 8 10 10
left_child=5 2 -2 4 -3 -1 7 8 11 -10 -8 -7 -11 -12
right_child=1 3 -4 -5 -6 6 10 -9 9 12 13 -13 -14 -15
leaf_value=-0.0001193056495237423 0.010459038601651892 0.016745063310876621 -0.022685904978843513 -0.014360746519141702 -0.0041315831966757229 0.047163947944210603 0.016684786033881672 -0.0030305901194244583 -0.010885410948658528 0.035180622650126274 -0.024996199758654705 0.016791723366543623 0.008639801678144883 -0.0043714104905503409
leaf_weight=101156.50943073258 465.22720242477953 1057.6834028158337 1033.3925261199474 919.06133235432208 467.86990746296942 527.98203353770077 415.66252887248993 1105.7399049382657 604.56444182060659 356.5229604691267 430.86331735923886 359.35803743079305 800.01006775908172 3021.8478586189449
leaf_count=557686 2667 4908 6010 4324 2313 2898 1899 7201 3331 2173 2374 2082 4578 15786
internal_value=-3.53193e-05 -0.00408218 -0.0123954 0.00104377 0.0103572 0.000111741 0.00317403 0.0109977 0.0168439 0.00745473 -0.00442744 0.0351879 0.017053 -0.00700993
internal_weight=112722 3943.23 1498.62 2444.61 1525.55 108779 7622.55 3754.18 2648.44 1761.1 3868.37 887.34 1156.53 3452.71
internal_count=620230 20222 8677 11545 7221 600008 42322 22263 15062 10082 20059 4980 6751 18160
is_linear=0
shrinkage=0.05


Tree=131
num_leaves=15
num_cat=0
split_feature=8 3 74 15 53 12 27 69 71 71 69 74 71 71
split_gain=30.2729 28.5492 29.0644 32.2498 28.193 45.7605 32.5568 28.2072 146.966 260.435 160.941 119.991 134.299 204.582
threshold=1.0000000180025095e-35 0.075000001117587103 -0.00060085451696068038 11.491693019866945 -0.082172390073537813 0.20728354901075366 1.0991299748420718 -0.013108383864164351 -0.0073139155283570281 0.014794950373470785 -0.098924212157726274 0.013079097028821709 -0.00143447401933372 0.0071993474848568448
decision_type=2 2 2 10 10 10 2 8 2 2 10 2 2 2
left_child=4 2 -2 -4 7 6 -6 8 -1 11 -11 12 -10 -14
right_child=1 -3 3 -5 5 -7 -8 -9 9 10 -12 -13 13 -15
leaf_value=-0.002626801979528907 0.0084284838898829369 -0.0001330858052074919 0.013961932110112586 -0.00012598644148539761 -0.0053318909084547313 0.00081637025314177433 2.4699863025335419e-05 -0.00024768036977646229 0.028353291994639446 -0.019450806128737785 0.0036173103988470841 0.035554534951490448 -0.0061811386755983213 0.026806713964477782
leaf_weight=8302.8974579945207 2884.9275089036673 5778.8950201570988 456.46897658519447 3144.4645892046392 9100.4788417611271 10006.089090647176 4119.0718438066542 60732.044177969918 898.90742920339108 937.61927497014403 3731.8004603683949 682.85566638037562 1350.7812500596046 708.57490954734385
leaf_count=36866 20293 25751 3400 24211 74139 53030 30232 314874 3909 4261 17372 3020 6143 3347
internal_value=7.90994e-05 0.00242325 0.00469764 0.00169358 -0.000206985 -0.00173429 -0.00366408 0.000251805 0.00207677 0.00677353 -0.00104643 0.0167774 0.0123378 0.00524388
internal_weight=112836 12264.8 6485.86 3600.93 100571 23225.6 13219.6 77345.5 16613.4 8310.54 4669.42 3641.12 2958.26 2059.36
internal_count=620848 73655 47904 27611 547193 157401 104371 389792 74918 38052 21633 16419 13399 9490
is_linear=0
shrinkage=0.05


Tree=132
num_leaves=15
num_cat=0
split_feature=69 69 73 69 72 72 68 72 73 73 73 72 73 73
split_gain=30.5219 94.5485 94.1907 173.688 110.581 207.705 109.01 125.451 90.7481 155.558 134.781 103.023 141.875 113.072
threshold=0.10132142156362535 0.093839596956968321 0.61209300160408031 0.097612064331769957 0.0087086684070527571 0.0062138757202774295 0.042451368644833572 0.0066746210213750609 0.48414604365825659 0.46228538453578955 0.75795969367027294 0.0067859278060495862 0.61806431412696849 0.50994113087654125
decision_type=8 10 2 10 10 10 10 10 2 2 2 10 2 2
left_child=1 -1 -3 4 5 -4 7 -5 9 -2 11 -10 13 -13
right_child=8 2 3 6 -6 -7 -8 -9 10 -11 -12 12 -14 -15
leaf_value=7.8823036114585661e-05 0.00096143032029139593 -0.00045720155255659056 0.016388424312665566 0.033316761170289026 0.0076597939632102336 0.064836997544670733 -0.013715941873572971 -0.0053240704635663374 -0.0086882043249713933 0.025564642038536894 0.0040589301244479828 -0.01870976625288906 -0.0062412625360805584 0.0082494433248408734
leaf_weight=77787.11560687609 3798.736902507022 2475.3513092659414 592.07735151983798 385.95526273362339 617.34636793471873 352.77495989575982 704.62198245339096 442.37239441648126 8480.6172223575413 763.44975079782307 5883.0575470887125 421.99896782822907 5996.9590521119535 3935.7056937702
leaf_count=424782 19756 12595 3723 2521 3299 1844 4213 2449 51438 4297 32972 2572 32659 20701
internal_value=4.20221e-05 0.000529838 0.00681644 0.0126163 0.0242932 0.034967 0.000636295 0.0128631 -0.00134643 0.00512551 -0.00254253 -0.0046055 -0.00125655 0.00560186
internal_weight=112638 83357.6 5570.5 3095.15 1562.2 944.852 1532.95 828.328 29280.5 4562.19 24718.3 18835.3 10354.7 4357.7
internal_count=619821 455426 30644 18049 8866 5567 9183 4970 164395 24053 140342 107370 55932 23273
is_linear=0
shrinkage=0.05


Tree=133
num_leaves=15
num_cat=0
split_feature=15 3 72 74 69 4 72 71 65 26 69 69 69 1
split_gain=30.847 33.7948 40.7995 35.0196 33.7606 33.3972 41.1231 48.661 58.1942 48.9187 39.6403 65.6107 46.0191 36.5378
threshold=22.635874748229984 1.0000000180025095e-35 0.013739499729126694 0.019013540819287304 -0.038954747840762131 0.075000002980232253 0.0059826329816132793 0.0083040446043014544 -0.034568760544061654 -0.072306167334318147 0.037424676120281226 0.047683771699666984 0.063591867685318007 0.020694265142083171
decision_type=8 2 10 2 10 8 10 2 10 10 10 10 10 10
left_child=1 2 3 -1 -4 6 13 8 -8 -9 -10 -12 -13 -2
right_child=5 -3 4 -5 -6 -7 7 9 10 -11 11 12 -14 -15
leaf_value=0.0032689960195826082 -0.0041453107089407127 0.00010316980860414503 -0.016211237355924505 0.021222037109959138 0.0021292441605740113 9.6741714509495679e-05 -0.0035458364599172802 0.0018290998238746315 -7.0756686184781045e-06 -0.0083319726660154286 0.026349955818298656 -0.0088974114034911355 0.00851149224295592 -0.014521496211040262
leaf_weight=12932.215287433937 5055.9133041836321 43343.437482377514 479.6756958886981 267.88204527273774 510.41760433651507 34504.479795392603 3896.063729736954 1794.2852402254939 2652.9785641524941 3457.729863518849 425.66411498561502 458.22727916203439 2021.4559854883701 1013.7438434064388
leaf_count=102688 46145 207040 2693 1676 3352 157725 20614 9985 16178 26184 2880 3035 14654 5733
internal_value=-1.36201e-05 0.00079675 0.0029137 0.00364912 -0.00682952 -0.00085701 -0.00244027 -0.00100959 0.00113429 -0.00486369 0.00441526 0.00843963 0.00527164 -0.00589936
internal_weight=112814 57533.6 14190.2 13200.1 990.093 55280.5 20776.1 14706.4 9454.39 5252.02 5558.33 2905.35 2479.68 6069.66
internal_count=620582 317449 110409 104364 6045 303133 145408 93530 57361 36169 36747 20569 17689 51878
is_linear=0
shrinkage=0.05


Tree=134
num_leaves=15
num_cat=0
split_feature=72 69 68 69 72 68 68 72 69 69 69 72 69 68
split_gain=28.9357 161.624 109.927 217.962 156.084 112.201 169.06 213.095 162.618 109.442 209.795 101.134 293.375 221.53
threshold=0.013102645520120861 -0.011117002926766871 -0.014353075530380009 0.054390531033277519 0.0086673786863684672 -0.028726507909595963 -0.038501890376210206 0.010819060262292625 0.047683771699666984 0.023124567233026031 0.0096080959774553793 0.014131831005215647 0.045545944944024093 -0.039862519130110734
decision_type=8 8 8 8 10 10 10 10 10 10 10 10 8 10
left_child=1 -1 3 5 -5 6 7 -3 9 10 -7 12 13 -2
right_child=11 2 -4 4 -6 8 -8 -9 -10 -11 -12 -13 -14 -15
leaf_value=0.0094443332321025308 0.00089980177424114698 0.02460297774059652 -0.00054764437029768858 0.011711485298508368 0.048263919243762277 0.024904946285670859 -0.018741933586444642 -0.013678458602760766 -0.02051896399611608 0.028119922483299722 -0.010364733775261313 0.00039759233392429143 0.0056179462384070636 -0.026208700084527192
leaf_weight=4775.2893402632326 1147.3721138201654 744.55206608772278 76797.191766699776 854.62898351997137 441.21415274217725 772.33570239506662 1274.5697109978646 692.45884962938726 404.32863298617303 825.07020552828908 905.79567654244602 18154.638275872916 2547.2407796178013 2182.5428813695908
leaf_count=22977 5336 3550 449094 4468 2034 3638 6459 3316 2097 4061 4593 84123 12306 11158
internal_value=8.93411e-05 0.000507215 -3.66276e-06 0.00602984 0.0244313 0.00175035 -0.00555547 0.00618908 0.00855949 0.0133193 0.005919 -0.00144888 -0.00714366 -0.0168933
internal_weight=112519 88487.4 83712.1 6914.95 1295.84 5619.11 2711.58 1437.01 2907.53 2503.2 1678.13 24031.8 5877.16 3329.91
internal_count=619210 506287 483310 34216 6502 27714 13325 6866 14389 12292 8231 112923 28800 16494
is_linear=0
shrinkage=0.05


Tree=135
num_leaves=15
num_cat=0
split_feature=69 69 68 4 69 74 69 84 74 74 84 69 68 68
split_gain=29.0046 71.4072 71.9536 97.1067 39.1928 111.609 102.909 98.3791 114.888 103.356 91.4217 73.3291 72.3374 72.2321
threshold=0.13544805347919467 0.14803105592727664 0.043877916410565383 0.10833333432674409 0.10132142156362535 -0.0048494727816432706 0.090995021164417281 2.5000000000000004 -0.0026918275980278845 -0.0024369691964238878 1.5000000000000002 0.095358736813068404 0.025471455417573455 0.016010948456823829
decision_type=10 10 10 10 8 2 10 2 2 2 2 10 10 8
left_child=4 2 -2 -4 6 10 -1 9 -9 11 -6 -8 -13 -7
right_child=1 -3 3 -5 5 13 7 8 -10 -11 -12 12 -14 -15
leaf_value=-0.00014584261633609683 0.019988232807116937 -0.001292030143931068 0.016249225929318861 -0.0097139019384961788 0.014546857330306362 0.0038399859884394698 0.0054978970111670715 0.023350184722142311 0.004245868870854006 0.0063836988882613709 0.00031091724468945253 -0.03385640765964703 -0.0043945593385625106 -0.0051846025918564935
leaf_weight=76303.000561378896 1027.3910798840225 3282.2138644326478 677.07872963324189 747.32578860223293 1535.8102518375963 2588.1757882088423 444.18299427442253 1395.0742651056498 1801.5374940689653 2707.9183264393359 4171.7709726560861 420.01201770827174 410.80940891802311 15199.310528155416
leaf_count=416555 4976 16772 4037 3334 8145 15211 2464 7123 10340 14959 22584 2160 2349 89178
internal_value=7.10562e-05 0.00353236 0.00996976 0.0026547 -0.000114783 -0.00191833 0.00039297 0.00611163 0.0126302 0.000861396 0.0041603 -0.0108256 -0.0195142 -0.00387006
internal_weight=112712 5734.01 2451.8 1424.4 106978 23495.1 83482.5 7179.53 3196.61 3982.92 5707.58 1275 830.821 17787.5
internal_count=620187 29119 12347 7371 591068 135118 455950 39395 17463 21932 30729 6973 4509 104389
is_linear=0
shrinkage=0.05


Tree=136
num_leaves=15
num_cat=0
split_feature=70 70 74 70 74 71 73 70 71 71 70 70 73 74
split_gain=27.6639 115.29 107.143 170.822 152.777 141.239 127.611 86.7778 78.9869 171.887 75.0844 73.5066 135.528 107.82
threshold=-0.0085004726424813253 -0.011970254592597483 -0.0074225144926458589 -0.0036370913730934258 -0.015850028023123738 -0.02081507537513971 0.67171767354011547 -0.001307874626945704 0.0023981669219210748 -0.0031491612317040558 -0.016523967497050759 -0.030434315092861649 0.077547188848257079 -0.02498772460967302
decision_type=2 2 2 2 2 2 2 2 2 2 2 2 2 2
left_child=1 8 3 4 -2 -6 7 -5 9 11 -11 -1 -13 -14
right_child=2 -3 -4 6 5 -7 -8 -9 -10 10 -12 12 13 -15
leaf_value=-0.010423495439022976 -0.017844358070182444 -0.0082706039933003826 -0.00025451407850764376 -0.025744317563412875 0.031436544647660214 0.0090209270876642472 0.013053195309851301 -0.0022355418560969106 -0.0096837027419894826 0.0080091352509741153 0.037135850008799459 0.023163473534029238 0.014056859252763674 -0.0024965904012943666
leaf_weight=1344.0557693485171 442.29097690992057 5033.893599819392 87902.420044949278 760.70648454129696 821.32475228235126 4664.5788136906922 609.25767534226179 804.27259631827474 1559.0694898366928 433.11661547608674 457.74165527708828 691.59225463122129 1161.2972819898278 6131.8529498297721
leaf_count=6514 2141 25395 496952 3943 3818 24804 3155 4306 7512 1965 2254 2873 5413 29825
internal_value=-7.4842e-05 -0.00194518 0.000252866 0.0057509 0.0101432 0.012428 -0.00621652 -0.0137536 0.000762843 0.00236443 0.0232211 0.00034998 0.00217423 0.000154874
internal_weight=112817 16812.6 96004.9 8102.43 5928.19 5485.9 2174.24 1564.98 11778.7 10219.7 890.858 9328.8 7984.74 7293.15
internal_count=620870 81751 539119 42167 30763 28622 11404 8249 56356 48844 4219 44625 38111 35238
is_linear=0
shrinkage=0.05


Tree=137
num_leaves=15
num_cat=0
split_feature=72 72 74 70 70 74 69 72 70 69 69 74 70 71
split_gain=34.7831 72.1068 37.4889 33.7508 54.7308 91.5889 51.1466 49.8335 41.9088 92.26 125.497 72.6486 64.5557 67.6774
threshold=0.054642656818032272 0.049865879118442542 -0.04474180564284324 0.027393514290452007 0.020869231782853607 0.020043097436428074 -0.045439498499035828 0.016511161811649803 0.01308769825845957 -0.078316114842891679 -0.048130543902516358 0.018441225402057174 0.013652707915753128 0.016166814602911476
decision_type=8 10 2 2 2 2 10 10 2 8 8 2 2 2
left_child=1 2 -1 4 8 -6 -5 -7 11 -10 -11 -4 -12 -14
right_child=-2 -3 3 6 5 7 -8 -9 9 10 12 -13 13 -15
leaf_value=-0.01425208623772038 -0.014528482971063732 0.020310202010677583 0.00015090364028467497 0.0026245264195920411 0.025583388679182386 0.0091326889878520674 -0.021263284104083173 -0.010985706336282408 -0.023499025336056648 0.024516872663265538 -0.022154548530515034 0.015989543761689245 0.0020449721630325848 -0.0093591963457333293
leaf_weight=448.37919844128191 397.99614853970706 429.48910721391439 101179.93885751255 434.6691386513412 549.56212276779115 780.30890590138733 448.25362815894186 494.27495394460857 535.92582929879427 404.95655286870897 439.22403860464692 719.20790922641754 3313.1439209766686 2129.0835213549435
leaf_count=2319 1755 1807 564516 2027 2480 3726 2264 2257 2381 1841 2353 3503 16386 10868
internal_value=4.41798e-05 9.7112e-05 1.77068e-05 7.6401e-05 0.000154591 0.00871977 -0.00960546 0.00130613 1.00948e-05 -0.00378085 -0.00206519 0.000264251 -0.00393396 -0.0024255
internal_weight=112704 112306 111877 111429 110546 1824.15 882.923 1274.58 108721 6822.33 6286.41 101899 5881.45 5442.23
internal_count=620483 618728 616921 614602 610311 8463 4291 5983 601848 33829 31448 568019 29607 27254
is_linear=0
shrinkage=0.05


Tree=138
num_leaves=15
num_cat=0
split_feature=71 71 71 69 70 70 68 71 68 72 68 73 73 72
split_gain=27.2132 34.2456 199.784 131.383 115.161 185.174 107.271 167.091 161.275 99.6403 103.675 77.2981 123.098 97.795
threshold=-0.10309150815010069 -0.024940954521298405 -0.024129430763423439 0.10383970662951471 0.014134839642792942 0.010333086363971235 -0.068213950842618928 -0.03858648054301738 -0.058974424377083771 0.015333235263824465 -0.087453853338956819 0.36005610227584844 0.20574606955051425 0.012218077201396229
decision_type=2 2 2 8 2 2 10 2 10 10 10 2 2 10
left_child=-1 3 -3 4 5 6 7 9 -8 -2 -11 12 -10 -13
right_child=1 2 -4 -5 -6 -7 8 -9 11 10 -12 13 -14 -15
leaf_value=0.011047610414884459 0.014524175772080065 0.030189050436198669 3.1749843897641827e-05 0.022228145922421404 -0.020444348074264724 0.028846430081889932 -0.035414895863838086 0.030808182552921049 -0.02174393565941473 0.0022420901476536436 -0.028071654530032061 -0.0031414781832348839 0.0033050648964731443 -0.021408003220604255
leaf_weight=540.10099615901709 620.75007849372923 542.21409469842911 99979.057887522504 497.41614302061498 939.77768764458597 447.77244887501001 445.52131196111441 506.82426785863936 560.1758996322751 687.38919186219573 466.74467842280865 1763.4606465063989 3498.4720522742718 1248.6901230327785
leaf_count=2585 2750 2496 561218 2220 4300 2073 2042 2155 2750 2933 2130 8671 16398 5880
internal_value=-4.61036e-05 -0.000100483 0.000197406 -0.00266152 -0.00378721 -0.00224092 -0.00368959 0.00578788 -0.0065705 -0.00148933 -0.010153 -0.00470561 -0.000197152 -0.0107597
internal_weight=112744 112204 100521 11683 11185.6 10245.8 9798.03 2281.71 7516.32 1774.88 1154.13 7070.8 4058.65 3012.15
internal_count=620601 618016 563714 54302 52082 47782 45709 9968 35741 7813 5063 33699 19148 14551
is_linear=0
shrinkage=0.05


Tree=139
num_leaves=15
num_cat=0
split_feature=53 5 74 69 4 70 13 73 7 73 75 70 74 84
split_gain=31.4678 49.1013 41.0017 41.2878 41.948 39.5921 33.4942 39.5084 64.841 46.4848 33.2919 33.1203 29.1373 97.2127
threshold=-0.080972030758857713 0.85702824592590343 -0.02498772460967302 -0.042015798389911645 0.17500000447034839 0.017422479577362541 -0.07317605614662169 0.30249074101448065 0.096508059650659575 0.37245135009288793 2.1667116880416875 -0.00081398707698099304 -0.021567674353718754 3.5000000000000004
decision_type=8 2 2 8 8 2 10 2 2 2 10 2 2 2
left_child=12 10 -3 4 -4 6 -5 8 -8 -9 -2 -10 13 -1
right_child=1 2 3 5 -6 -7 7 9 11 -11 -12 -13 -14 -15
leaf_value=0.00053709088475738362 -0.005366990981159496 0.013229223011130945 -0.019357916229073093 -0.016267004409982643 0.0014683808836118378 0.011217278257686951 0.02072014917567911 -0.0093745639131700958 0.0082131173535692683 -0.00056922027703244814 -0.022865847025522322 -0.0086516949043041105 0.00081186260779224676 -0.018567048246433286
leaf_weight=3057.9111829791218 3094.697241153568 516.30224836803973 581.13743608258665 335.64956645295024 406.8776945322752 692.14932082779706 550.33352054283023 1574.7186453994364 585.13448097556829 27700.290848042816 289.76334048993886 559.88932327181101 71791.064869329333 841.08761313930154
leaf_count=13892 21653 2691 3378 1579 1716 3587 3263 9281 2626 185744 2703 2568 361007 4104
internal_value=-4.95048e-07 -0.00119777 -0.000616984 -0.00083765 -0.0108526 -0.000525122 -0.000788235 -0.000615284 0.00678309 -0.0010459 -0.00692812 -3.68817e-05 0.000583066 -0.00362099
internal_weight=112577 36886.9 33502.5 32986.2 988.015 31998.2 31306 30970.4 1695.36 29275 3384.46 1145.02 75690.1 3899
internal_count=619792 240789 216433 213742 5094 208648 205061 203482 8457 195025 24356 5194 379003 17996
is_linear=0
shrinkage=0.05


Tree=140
num_leaves=15
num_cat=0
split_feature=0 69 74 69 69 72 72 72 72 73 73 69 72 73
split_gain=31.0828 25.1923 115.189 82.3121 97.6298 114.549 120.521 129.083 119.851 116.315 109.09 242.905 143.159 131.854
threshold=0.011692701838910581 0.10132142156362535 -0.0043106127995997659 0.090995021164417281 0.084976848214864745 0.0080942544154822844 0.0046126006636768588 0.0043264497071504602 0.0083628594875335711 0.30744580924510961 0.32263550162315374 0.03979728743433953 0.010240829084068538 0.32778233289718633
decision_type=2 8 2 10 10 10 10 10 10 2 2 10 10 2
left_child=-1 3 -3 4 5 6 7 -2 -7 -8 11 -10 -13 -12
right_child=1 2 -4 -5 -6 8 9 -9 10 -11 13 12 -14 -15
leaf_value=-0.014504819381321489 0.0013562310826892147 0.004114529582534541 -0.0031759147250251143 0.0054389480099600014 -0.0074849185810347552 -0.015550602585072612 -0.011063969406142236 -0.013560410098119237 0.00095553908784774821 0.0061250382598541913 -0.029203010145272192 0.0075631989286727309 0.044595400799950419 -0.0021103523274932571
leaf_weight=366.79212770424783 6015.1062546819448 7175.6145278587937 22021.565409582108 7174.7121973223984 4282.186383895576 1406.7015723586082 1034.7691420949996 1900.5206971764565 13665.056482680142 17231.77505807206 446.22504598274827 534.94913099706173 508.92222657799721 29047.116484446451
leaf_count=9893 41310 37941 124747 38920 25023 7360 5057 13148 62060 102937 2313 2368 2113 146106
internal_value=-0.000167988 -0.000119936 -0.00138339 0.000323303 -0.000159821 0.000278086 0.00291351 -0.00223781 -0.00123511 0.00514579 -0.000776114 0.00274002 0.0258695 -0.00253002
internal_weight=112812 112445 29197.2 83248 76073.3 71791.1 26182.2 7915.63 45609 18266.5 44202.3 14708.9 1043.87 29493.3
internal_count=621296 611403 162688 448715 409795 384772 162452 54458 222320 107994 214960 66541 4481 148419
is_linear=0
shrinkage=0.05


Tree=141
num_leaves=15
num_cat=0
split_feature=72 72 74 69 72 69 71 71 72 69 72 71 72 71
split_gain=26.4922 48.3374 27.9192 32.605 81.1383 47.4448 201.068 189.155 54.0003 43.7879 158.386 169.693 127.718 136.995
threshold=0.054642656818032272 0.049865879118442542 -0.04474180564284324 -0.13803395628929135 0.019190592691302303 -0.10739394277334212 0.014794950373470785 -0.0071565646212548009 0.018608886748552326 -0.013108383864164351 0.01251419819891453 -0.011586693115532396 0.014131831005215647 -0.010246572084724901
decision_type=8 10 2 8 10 8 2 2 10 8 10 2 10 2
left_child=1 2 -1 4 -4 6 7 8 -5 10 11 -7 13 -12
right_child=-2 -3 3 5 -6 9 -8 -9 -10 -11 12 -13 -14 -15
leaf_value=-0.012183084527145874 -0.012559138045742671 0.016644953657172962 0.020391605488134165 -0.016556064190724955 -0.0067053153053704241 0.0025640021613291793 -0.033794480808710184 0.027908752295592407 0.0018894255338256071 -0.00016332054031499541 -0.01654334701983276 0.025890982025751089 0.0032036454583704577 0.0056691126771619034
leaf_weight=449.90607517026365 399.84217273443937 433.7983762472868 626.1982487551868 826.30587935633957 481.48176246322691 1807.5061204414815 528.78272603452206 473.38124659843743 751.47344432212412 93114.800664301962 1965.6860066074878 1364.2722501344979 8425.6709666028619 1063.8182406872511
leaf_count=2349 1764 1821 2580 3614 2042 8517 2593 2086 3267 529797 9362 6694 38831 5141
internal_value=0.000129964 0.000176252 0.000110915 0.000161642 0.00865862 7.55512e-05 -0.00661192 0.000525617 -0.00781418 0.000236286 0.00277854 0.0126474 3.73336e-05 -0.00875039
internal_weight=112713 112313 111879 111429 1107.68 110322 2579.94 2051.16 1577.78 107742 14627 3171.78 11455.2 3029.5
internal_count=620458 618694 616873 614524 4622 609902 11560 8967 6881 598342 68545 15211 53334 14503
is_linear=0
shrinkage=0.05


Tree=142
num_leaves=15
num_cat=0
split_feature=27 51 69 70 69 73 1 74 74 69 74 70 73 70
split_gain=31.6148 59.447 44.8376 50.2167 41.9882 114.047 59.6373 68.4127 64.8675 62.8552 50.3204 156.023 105.17 104.645
threshold=0.68754306435585033 -0.043755460530519479 0.015642936341464523 0.010524414479732515 0.041767353191971786 0.28004266321659094 0.018017387017607692 -0.019179445691406723 -0.010161864571273325 0.049152795225381858 -0.002140838652849197 -0.0031570887658745046 0.44682462513446813 -0.0053473636507987967
decision_type=2 10 10 2 10 2 8 2 2 10 2 2 2 2
left_child=1 2 -1 -4 10 -6 9 -8 -9 -7 11 13 -13 -2
right_child=4 -3 3 -5 5 6 7 8 -10 -11 -12 12 -14 -15
leaf_value=0.0030554508794235682 -0.0023805900453937497 -0.0061761610707136774 -0.00094570646521381781 -0.010872086795222828 0.027576373058800892 0.012619719210078692 -0.014075921392121139 0.0089302572556503937 -0.00055373282332952633 0.002362915386336394 0.00073943199380034044 -0.023024024613372229 -0.0017517915707136009 0.012656271404865123
leaf_weight=6631.7410948816687 11490.246135517955 5513.7177592720836 13473.799800045788 1397.5032903589308 400.61124800890684 1610.1795246079564 868.68552978336811 1923.9785484746099 26602.950080193579 19277.306050559506 19837.368991309777 1470.69543415308 959.19313939101994 1276.5039568841457
leaf_count=31418 56007 41283 70358 6887 1704 12046 3855 8426 122840 142888 103385 7497 5521 6659
internal_value=-5.83169e-05 -0.00154943 -0.000360744 -0.0018852 0.000411782 0.00133172 0.00111718 -0.000334421 8.88134e-05 0.00315925 -0.000919091 -0.00308315 -0.0146685 -0.000868376
internal_weight=112734 27016.8 21503 14871.3 85717.7 50683.7 50283.1 29395.6 28526.9 20887.5 35034 15196.6 2429.89 12766.8
internal_count=620774 149946 108663 77245 470828 291759 290055 135121 131266 154934 179069 75684 13018 62666
is_linear=0
shrinkage=0.05


Tree=143
num_leaves=15
num_cat=0
split_feature=54 73 68 73 68 71 4 69 71 69 72 84 69 68
split_gain=41.3104 40.9592 128.458 63.8885 78.3735 110.218 83.7377 63.8023 58.0683 57.3236 56.9765 54.2882 53.9177 89.319
threshold=0.63065251708030712 0.73000267148017894 0.057005966082215316 0.76477584242820751 0.053736645728349693 0.012228522449731829 0.52500000596046459 0.13680395483970645 0.051627470180392272 -0.026671154424548146 0.0075946454890072354 1.5000000000000002 -0.011117002926766871 0.049116047099232681
decision_type=10 2 10 2 10 2 8 10 2 8 10 2 8 10
left_child=1 2 7 9 6 10 12 8 -1 -3 -6 -10 -5 -14
right_child=-2 3 -4 4 5 -7 -8 -9 11 -11 -12 -13 13 -15
leaf_value=-0.00022073281006842191 0.0016179017884159941 0.0063371164773875031 0.026172495338925145 0.01978509871303176 -0.0079362558420611514 0.00022431931742541999 0.028204401233936877 0.01458310212296865 -0.021204255227188648 -0.010793857206791962 -0.032170064222019588 0.00034834427926171054 -0.0039893679759869681 0.01605804677420156
leaf_weight=68317.181916549802 30886.475657992065 561.82943117059767 452.76370014622808 366.61088213697076 483.67001479677856 1884.2357259746641 315.38852296769619 706.83619547262788 633.23111899010837 3449.3842484820634 494.66668853908777 534.76806177198887 2863.5607739742845 678.78399732336402
leaf_count=388416 148426 2835 2509 1973 3497 11105 1622 3862 3338 23756 2813 2604 18888 4433
internal_value=6.03904e-05 -0.00052824 -8.44408e-05 -0.00335061 -0.000493543 -0.00686776 0.00383188 -0.000257511 -0.000410554 -0.00838462 -0.0203909 -0.0114172 0.00179847 -0.000113493
internal_weight=112629 81742.9 70644.8 11098.1 7086.92 2862.57 4224.34 70192 69485.2 4011.21 978.337 1168 3908.96 3542.34
internal_count=620077 471651 400729 70922 44331 17415 26916 398220 394358 26591 6310 5942 25294 23321
is_linear=0
shrinkage=0.05


Tree=144
num_leaves=15
num_cat=0
split_feature=72 68 25 72 68 68 84 73 72 72 73 57 68 73
split_gain=28.1637 44.6404 32.9121 32.4595 88.6307 87.1036 123.102 96.9246 91.6311 88.7959 84.3609 91.3251 76.1465 64.2919
threshold=0.054642656818032272 -0.13279618322849271 -0.27194832265377039 0.016811436042189602 0.05229629389941693 -0.026993474923074242 2.5000000000000004 0.23339360952377322 0.018020819872617725 0.019190592691302303 0.19408389180898669 0.050837228074669845 -0.087453853338956819 0.56048390269279491
decision_type=8 8 10 10 10 10 2 2 10 10 2 8 8 2
left_child=1 2 -1 12 5 6 10 9 -7 -8 11 -5 -3 -10
right_child=-2 3 -4 4 -6 8 7 -9 13 -11 -12 -13 -14 -15
leaf_value=0.0011981102936662298 -0.0132910851323262 0.018095947956071775 0.020172558209962402 0.0087888223290645533 -0.018028546267786074 -0.0068259383714949495 0.02707928546600364 -0.012467259208396194 0.014901386502235861 0.0013570425976560177 -0.021223230035046142 -0.01486841469415749 0.00018413769416171895 -0.00082406628323094036
leaf_weight=440.30898606777191 383.31258439086378 586.86480129882693 468.19487188383937 725.18912246823311 851.3714680634439 1291.0476053673774 526.01146855577826 627.43964111432433 1789.7184193655849 900.01206495799124 1363.3897509984672 908.21199085004628 100836.6348796431 1015.82322925888
leaf_count=2000 1701 2489 2141 3287 4364 6110 2270 2937 8202 3893 6437 3940 566218 4752
internal_value=6.52537e-05 0.00011201 0.0110897 2.15131e-05 -0.00269511 -0.00124977 -0.00563926 0.00378132 0.00416211 0.0109676 -0.0120855 -0.00437563 0.000289554 0.00922485
internal_weight=112714 112330 908.504 111422 9998.21 9146.84 5050.25 2053.46 4096.59 1426.02 2996.79 1633.4 101423 2805.54
internal_count=620741 619040 4141 614899 46192 41828 22764 9100 19064 6163 13664 7227 568707 12954
is_linear=0
shrinkage=0.05


Tree=145
num_leaves=15
num_cat=0
split_feature=13 68 54 53 1 27 5 62 53 49 54 53 5 68
split_gain=31.4133 31.0042 29.9087 64.593 59.808 54.5822 39.2278 29.54 29.1841 28.7887 28.0679 32.6494 26.2211 30.1616
threshold=-0.12068118155002593 -0.13279618322849271 0.46056012809276586 -0.19826467335224149 0.019559413194656376 1.2724417448043825 0.74099683761596691 1.0000000180025095e-35 -0.3378517478704452 -0.23675721883773801 0.17879831790924075 -0.021481813862919804 0.96855622529983532 -0.045986795797944062
decision_type=10 8 8 10 10 2 2 2 10 2 10 10 2 10
left_child=-1 9 3 4 -3 10 -4 8 12 -2 -5 -12 -6 -14
right_child=1 2 6 5 7 -7 -8 -9 -10 -11 11 -13 13 -15
leaf_value=-0.0094717394837187663 0.00065908532898216932 0.0042361797268424921 -0.011808926266372703 -0.0067844414993273377 0.0033330260014306115 0.0020855346758966524 0.0011175673235296558 -0.012164089511471595 -0.0024117800936433007 0.018018359466491222 -0.0018459886913738 -0.0096199755674863455 -0.0080058049330053015 0.00066849301063752605
leaf_weight=838.71550751104951 489.86698414385319 9204.4672015141696 583.67261995002627 5291.400793293491 7032.0544061735272 5189.9107959438115 51958.900198629126 523.56357432901859 9211.2105852179229 457.53793828189373 14372.70698235184 1481.9155419748276 1260.3236049264669 4740.8122472688556
leaf_count=3787 2244 50424 3710 41012 30488 34189 267027 2237 42204 2034 97719 17394 5384 20574
internal_value=0.000111318 0.000184051 0.000106663 -0.000672917 0.000837384 -0.00250608 0.000971753 -0.000537914 -0.000258927 0.00914318 -0.00363346 -0.00257822 0.00126329 -0.00116352
internal_weight=112637 111798 110851 58308.4 31972.4 26335.9 52542.6 22768 22244.4 947.405 21146 15854.6 13033.2 6001.14
internal_count=620427 616640 612362 341625 151311 190314 270737 100887 98650 4278 156125 115113 56446 25958
is_linear=0
shrinkage=0.05


Tree=146
num_leaves=15
num_cat=0
split_feature=2 1 68 72 72 72 68 68 72 54 72 57 68 68
split_gain=24.3365 27.0721 22.4022 59.9968 117.97 96.2802 43.0753 30.7561 171.141 94.6581 69.2804 59.1185 57.2632 45.6563
threshold=0.010355446953326465 0.0061962513718754062 0.063369292765855803 0.011813174001872541 0.014507370535284283 0.0053569187875837096 0.072451099753379836 0.049752205610275275 0.0073252643924206504 0.48361720144748693 0.0068242857232689866 0.04092866741120816 0.058868773281574256 0.048859318718314178
decision_type=2 10 8 10 10 8 10 10 10 8 8 10 10 10
left_child=1 -1 7 5 -5 -4 -6 13 9 12 -11 -10 -9 -2
right_child=2 -3 3 4 6 -7 -8 8 11 10 -12 -13 -14 -15
leaf_value=-0.028385173220038223 -0.00015257723762705767 -0.0019650169364882992 0.0084782412171202966 0.0099132916304689855 -0.023598958260646907 -0.017873003204305054 -0.0027620403023919473 0.024966918006259262 -0.0093977308207174679 -0.0016777874599756912 0.020248277520952259 0.0038139342451332433 0.0032873926126948659 -0.012051840275572809
leaf_weight=150.57676550373435 99964.789609212428 248.85625227726996 467.37300867959857 1531.1602334417403 439.92031810805202 1278.3170570544899 559.5313784070313 1232.3610568009317 2300.3988452926278 1542.1156099513173 459.58683301508427 1329.5430077128112 407.9468190819025 802.67922056466341
leaf_count=4624 544046 5182 2647 7192 2188 7571 2647 7775 12571 8345 2261 6099 2787 4520
internal_value=-0.00020682 -0.0123748 -0.000162449 -0.00370752 0.00121516 -0.0108099 -0.0120766 -2.18016e-05 0.00311627 0.0107601 0.00343202 -0.0045615 0.0196278 -0.000248549
internal_weight=112715 399.433 112316 4276.3 2530.61 1745.69 999.452 108039 7271.95 3642.01 2001.7 3629.94 1640.31 100767
internal_count=620455 9806 610649 22245 12027 10218 4835 588404 39838 21168 10606 18670 10562 548566
is_linear=0
shrinkage=0.05


Tree=147
num_leaves=15
num_cat=0
split_feature=15 27 0 69 72 59 72 70 70 72 69 71 69 6
split_gain=30.7682 22.0559 38.6104 34.9023 92.926 33.7042 42.3102 58.1941 104.567 64.2232 58.7104 91.5082 60.7504 71.8719
threshold=14.277834415435793 1.4733480811119082 0.058887120336294181 -0.13803395628929135 0.019190592691302303 1.5000000000000002 0.013351017143577339 0.002544553368352354 0.005644191289320589 0.019676754251122478 0.013319937512278559 0.025067974813282493 -0.082434166222810731 0.57820948958396923
decision_type=8 2 2 8 10 10 8 2 2 10 10 2 10 2
left_child=-1 3 -3 4 -2 6 -5 -8 -9 10 12 -12 -10 -14
right_child=1 2 -4 5 -6 -7 7 8 9 -11 11 -13 13 -15
leaf_value=0.002243354707241226 0.024978430805481192 0.0029689669196592988 -0.0047886343697402687 -0.00069882797247705717 -0.0017249475336552703 0.0010564267544845151 -0.0079678012412777947 0.017735383594188529 -0.0078137937335326212 -0.021009560840876115 -0.01927662970644111 0.0093274487687854141 0.022856100661686821 -0.0017599723630099895
leaf_weight=14317.365669827908 477.10102308541536 10250.635933339596 1891.8511892706156 53966.913049826398 980.29649430140853 21554.751357059926 5045.0464047268033 684.50560487993062 613.20707860402763 445.94742747955024 790.48236708156765 422.18873245641589 630.38657731749117 549.74632256478071
leaf_count=80270 1964 54490 8154 328374 4214 97076 24991 3405 2848 2229 4122 2302 3000 2884
internal_value=7.86685e-05 -0.000236804 0.00175735 -0.000518009 0.00712745 -0.000650382 -0.00123305 -0.00436892 2.9103e-05 -0.00352305 -0.000867833 -0.00932334 0.00486985 0.0114707
internal_weight=112620 98303.1 12142.5 86160.6 1457.4 84703.2 63148.4 9181.51 4136.46 3451.96 3006.01 1212.67 1793.34 1180.13
internal_count=620323 540053 62644 477409 6178 471231 374155 45781 20790 17385 15156 6424 8732 5884
is_linear=0
shrinkage=0.05


Tree=148
num_leaves=15
num_cat=0
split_feature=73 69 73 71 73 74 69 71 69 73 69 69 74 73
split_gain=28.8341 65.3384 96.1314 52.3311 49.2602 102.917 143.778 88.9616 87.9479 104.673 90.8975 54.5513 108.594 97.2476
threshold=0.85966211557388317 0.060251720249652869 0.89463898539543163 0.025067974813282493 0.78874629735946666 0.017202852293848995 0.067333016544580473 0.012228522449731829 0.084976848214864745 0.8108845353126527 0.1560144051909447 0.10132142156362535 -0.0043106127995997659 0.71488821506500255
decision_type=2 10 2 2 2 2 8 2 10 2 10 8 2 2
left_child=4 2 -2 -4 11 6 7 -6 -8 -10 -11 -1 -13 -14
right_child=1 -3 3 -5 5 -7 8 -9 9 10 -12 12 13 -15
leaf_value=0.00054006392580755477 -0.011708164370673062 -0.019821231018680077 -0.0011101348266416614 0.023886219600171399 -0.022280567818376999 0.023649665585918078 0.021542749983053038 0.0008788924437565514 0.015312256904882394 -0.010334066164778428 0.0090499333839321166 0.0033052893383203035 -0.0027032764692258302 -0.013361596933572457
leaf_weight=79036.97536210902 910.57240613363683 580.34380984120071 406.98357585631311 419.41522891260684 789.55662696622312 613.6227791365236 828.83334822580218 859.84441955387592 1255.2385138627142 1458.214728647843 1018.8457155935466 6615.0149590801448 15347.214629437774 2478.7570905145258
leaf_count=431452 5733 3643 2402 2076 4457 3008 4957 4570 7021 8259 5142 35282 87220 15194
internal_value=5.69591e-05 -0.00545064 -0.000563269 0.01171 0.000173151 0.00428454 0.00233625 -0.0102748 0.00690918 0.00361062 -0.00235686 -9.83743e-05 -0.00216232 -0.00419201
internal_weight=112619 2317.32 1736.97 826.399 110302 6824.16 6210.53 1649.4 4561.13 3732.3 2477.06 103478 24441 17826
internal_count=620416 13854 10211 4478 606562 37414 34406 9027 25379 20422 13401 569148 137696 102414
is_linear=0
shrinkage=0.05


Tree=149
num_leaves=15
num_cat=0
split_feature=5 11 28 27 59 28 27 0 28 57 68 84 68 68
split_gain=24.3329 51.9922 21.7273 27.389 29.9693 28.7443 30.9364 39.982 31.4244 27.5031 27.4815 60.2646 53.0271 65.4443
threshold=0.75544199347496044 0.02011948544532061 2.1931998729705815 1.3273023366928103 1.0000000180025095e-35 1.5069947242736819 0.96913447976112377 0.014243142679333689 1.0919173359870913 0.016284883022308353 0.0048870842438191184 1.0000000180025095e-35 0.011834083124995233 0.0133026116527617
decision_type=2 10 2 2 10 2 2 2 2 10 8 2 8 8
left_child=1 -1 3 4 5 6 7 -2 -9 -5 11 -6 -12 -14
right_child=2 -3 -4 9 10 -7 -8 8 -10 -11 12 -13 13 -15
leaf_value=-0.0012296787842199293 -0.01266188710578323 -0.02234188678234705 -0.0070770844302489172 0.0052637057963480002 -0.0043630504807334429 -0.0083483076698193156 0.0010203179430539279 -0.00079236828736040175 -0.0053824099922001782 0.00081032063509545312 -0.0065091037751077415 0.003924115432671218 0.017529090351322434 0.00019126868715728417
leaf_weight=1304.7124504446983 812.10361740551889 366.0452731885016 1034.312844324857 4613.0987015087157 2653.7467485480011 1313.3614008054137 14570.596997538581 24908.644997254014 4376.4615300633013 13882.316992843524 2943.0274125766009 12452.29992605187 545.55489719286561 26833.943272946402
leaf_count=6735 16429 2915 4796 28252 12002 7170 89487 152205 26192 68536 14127 56112 2679 132696
internal_value=1.04844e-05 -0.00596055 0.000100938 0.000169127 -0.000185979 -0.00108575 -0.000870388 -0.00178575 -0.00147992 0.00192332 0.000724773 0.00246635 -0.00014337 0.00054301
internal_weight=112610 1670.76 110939 109905 91409.7 45981.2 44667.8 30097.2 29285.1 18495.4 45428.6 15106 30322.5 27379.5
internal_count=620333 9650 610683 605887 509099 291483 284313 194826 178397 96788 217616 68114 149502 135375
is_linear=0
shrinkage=0.05


Tree=150
num_leaves=15
num_cat=0
split_feature=70 69 70 70 72 69 69 72 72 69 84 74 72 74
split_gain=29.8376 115.525 130.796 99.7869 91.6438 81.9565 103.535 75.8044 138.137 66.9393 61.9266 89.9597 93.738 68.0863
threshold=-0.0085004726424813253 0.12782794237136844 -0.011970254592597483 -0.006910554599016904 0.018020819872617725 -0.026671154424548146 0.0023779070470482115 0.013513676356524231 0.011002083774656059 0.059602085500955589 3.5000000000000004 -0.014473744202405213 0.015333235263824465 -0.014844747260212897
decision_type=2 10 2 2 10 8 10 10 10 10 2 2 10 2
left_child=1 2 10 4 5 -2 -7 8 -4 -8 13 12 -12 -1
right_child=3 -3 7 -5 -6 6 9 -9 -10 -11 11 -13 -14 -15
leaf_value=0.0048494490245827269 -0.010611631936114705 0.022539567701209181 -0.011384652380033972 -5.9111764210537969e-06 0.028753103764570825 0.032610431992162889 -0.0064530442345811416 -0.021296149982673186 0.01165861771165367 0.010945299951514923 -0.022336260764774629 0.0061134676607136071 0.0021126028677333751 -0.0048678013723531897
leaf_weight=6531.4301382172853 650.87825655937195 458.14259048551321 2871.9312155190855 91928.5248213429 463.32355297543108 388.00552800111473 826.47793933749199 1067.4251911584288 831.12111372500658 1627.8645350653678 1062.7870064713061 899.44397046416998 615.2950718421489 2479.3516015354544
leaf_count=30790 2973 2124 15275 518612 2059 2021 4682 5140 3895 8400 5461 4265 2910 12179
internal_value=-1.16403e-05 -0.00195361 -0.00265292 0.000329123 0.00809387 0.00527948 0.00894289 -0.00961169 -0.0061953 0.00508415 0.000217572 -0.00660136 -0.0134123 0.00217328
internal_weight=112702 16816.9 16358.8 95885.1 3956.55 3493.23 2842.35 4770.48 3703.05 2454.34 11588.3 2577.53 1678.08 9010.78
internal_count=620786 82039 79915 538747 20135 18076 15103 24310 19170 13082 55605 12636 8371 42969
is_linear=0
shrinkage=0.05


Tree=151
num_leaves=15
num_cat=0
split_feature=69 69 71 69 71 71 84 84 84 69 71 69 71 71
split_gain=27.2373 84.7856 72.4057 47.7999 125.023 169.523 79.8835 62.9459 59.9781 81.8694 57.2927 51.8717 50.8315 47.7475
threshold=0.13544805347919467 0.14803105592727664 0.02248198073357344 0.11214033514261247 0.012974427081644537 0.001149674935732037 2.5000000000000004 1.5000000000000002 3.5000000000000004 0.11935003474354745 0.016166814602911476 0.12238149344921113 -0.024129430763423439 0.019064009189605716
decision_type=10 10 2 8 2 2 2 2 2 8 2 8 2 2
left_child=3 2 13 -1 5 12 11 10 9 -9 -6 -7 -5 -2
right_child=1 -3 -4 4 7 6 -8 8 -10 -11 -12 -13 -14 -15
leaf_value=0.00042862667863027468 0.010304092288589303 -0.0017213790994590483 -0.0066854792086689114 0.018079833220668383 0.010775310409951893 0.0016673478033057698 -0.017623411310608402 0.034757899538033626 -0.0013861695535449775 0.0087827084667374197 -0.007647190486045047 -0.010761849733345298 -0.00029922463620199002 0.0285828348980042
leaf_weight=90189.514878880233 1470.0642846655101 3283.5381124671549 480.2443773355335 395.91209259442985 574.07730016671121 1339.5652494300157 2614.3165391460061 366.77613455429673 975.89928928017616 1622.5869136191905 1513.6240406036377 2227.6143889483064 5136.7760802265257 472.46828324533999
leaf_count=494099 7329 16800 2421 1769 3470 7666 16060 1948 5557 8907 8581 14041 29614 2366
internal_value=0.000152519 0.00351522 0.0105902 -2.71987e-05 -0.00247785 -0.00531221 -0.0109957 0.0040905 0.00876153 0.0137216 -0.00255414 -0.00610276 0.0010462 0.0148735
internal_weight=112663 5706.32 2422.78 106957 16767.1 11714.2 6181.5 5052.96 2965.26 1989.36 2087.7 3567.18 5532.69 1942.53
internal_count=620628 28916 12116 591712 97613 69150 37767 28463 16412 10855 12051 21707 31383 9695
is_linear=0
shrinkage=0.05


Tree=152
num_leaves=15
num_cat=0
split_feature=70 68 72 69 69 72 70 72 69 74 74 69 68 68
split_gain=25.059 134.321 394.298 155.568 142.591 116.196 86.1779 85.6844 89.1897 73.2031 137.734 127.327 122.741 260.174
threshold=0.0085090477950871008 -0.0066019140649586907 0.010908138938248159 -0.016943235881626603 0.047683771699666984 0.014862383715808393 0.014134839642792942 0.0053966774139553317 -0.048130543902516358 0.0071679097600281247 0.0059964945539832124 -0.0057060865219682446 -0.015703483484685418 0.0048870842438191184
decision_type=2 8 10 10 8 10 2 10 8 2 2 8 10 10
left_child=9 2 4 5 -2 -4 -7 -3 -9 10 -1 -12 -11 -14
right_child=1 7 3 -5 -6 6 -8 8 -10 12 11 -13 13 -15
leaf_value=0.00017882553384095931 0.043503565691826097 0.011886673284443146 0.025606410867006237 -0.01361951258599288 0.0069440678145843114 0.017323536811329934 -0.0034282969192428493 0.014207464443936375 -0.0063359377910737055 -0.010961364498533206 0.017424026972881073 -0.013467516972765096 0.035670943876613771 0.0039024843548669304
leaf_weight=80936.812692314386 740.80612781830132 742.02869573235512 537.02193459309638 1780.6585585959256 420.41160466521978 612.28611750528216 2542.1906681302935 542.2770180311054 12567.122082453221 1060.1549642980099 366.08874929510057 3025.4836035948247 710.82819043472409 6121.8444485533983
leaf_count=451685 3657 5095 2446 8644 2147 2782 11456 2431 66731 5013 1745 18013 3932 34954
internal_value=-0.000155623 -0.00173707 0.00410958 -0.00152314 0.0304397 0.00433278 0.000641663 -0.00453794 -0.00547597 0.000195808 -0.000235386 -0.0100916 0.00479723 0.00725477
internal_weight=112706 20484.8 6633.38 5472.16 1161.22 3691.5 3154.48 13851.4 13109.4 92221.2 84328.4 3391.57 7892.83 6832.67
internal_count=620731 105389 31132 25328 5804 16684 14238 74257 69162 515342 471443 19758 43899 38886
is_linear=0
shrinkage=0.05


Tree=153
num_leaves=15
num_cat=0
split_feature=27 0 7 54 73 73 72 72 72 72 72 72 73 72
split_gain=26.7134 29.2614 28.9444 29.7474 39.2393 121.454 84.8529 124.54 273.618 170.336 112.103 113.734 139.619 80.3099
threshold=0.39206133782863622 0.036887247115373618 1.2232502698898318 0.72409415245056163 0.32263550162315374 0.32778233289718633 0.0085598342120647448 0.010734383016824724 0.011299594305455686 0.013739499729126694 0.014131831005215647 0.016343498602509502 0.23339360952377322 0.014978718478232624
decision_type=2 2 2 10 2 2 10 10 10 8 10 10 2 10
left_child=1 -1 3 4 6 -6 -2 -8 -9 -10 -11 12 13 -12
right_child=2 -3 -4 -5 5 -7 7 8 9 10 11 -13 -14 -15
leaf_value=-0.010744152749188975 -0.0076221242371349029 -0.00033577389525281566 -0.013525969463536881 0.0018273978147882364 -0.027176122017475674 -0.00048333955516405503 0.016401585645768598 -0.029493165885602385 0.01486367404331748 -0.017452990765529582 -0.015676025209323676 -0.0019062239296038326 0.023450019323064421 0.0091940570286336894
leaf_weight=1152.3930269256234 1952.0263326019049 1612.8746668994427 368.84453669190407 25142.558237448335 418.84325546398759 68027.202853292227 1635.7133611291647 652.99042676202953 2569.1249327305704 800.42724343761802 505.90903948247433 5659.8847746625543 1166.4291817694902 865.39266885071993
leaf_count=7847 10013 6988 1610 118704 2277 409231 7589 3389 11861 3724 2233 25558 5182 3855
internal_value=0.000148224 -0.00469643 0.00027069 0.000318439 -0.000132019 -0.000650627 0.00211248 0.0034884 0.00174793 0.0035355 0.00028817 0.0020396 0.0108129 -2.82292e-05
internal_weight=112531 2765.27 109765 109397 84253.9 68446 15807.9 13855.9 12220.2 11567.2 8998.04 8197.62 2537.73 1371.3
internal_count=620061 14835 605226 603616 484912 411508 73404 63391 55802 52413 40552 36828 11270 6088
is_linear=0
shrinkage=0.05


Tree=154
num_leaves=15
num_cat=0
split_feature=22 54 53 71 71 69 74 71 69 71 74 71 72 72
split_gain=24.0497 22.8624 73.8824 51.3115 44.1739 55.7372 118.546 165.135 105.735 96.182 101.153 69.7678 74.7897 100.363
threshold=97.004173278808608 0.242601253092289 -0.14678697288036344 -0.013176687993109224 0.051627470180392272 -0.011117002926766871 0.0013881663326174023 0.0023981669219210748 -0.067468378692865358 0.018063968978822235 0.013596884906291963 -0.011045068968087433 0.013351017143577339 0.012446424458175899
decision_type=8 8 8 2 2 10 2 2 10 2 2 2 10 10
left_child=1 2 3 -1 5 6 7 -5 -9 -8 -11 -7 13 -13
right_child=-2 -3 -4 4 -6 11 9 8 -10 10 -12 12 -14 -15
leaf_value=-0.0033176796905111695 -0.0092578270567929659 0.00047697795472602503 -0.0057937592933138939 0.013091725736601648 -0.012517384212134048 0.0184178970881794 0.023959590836217792 -0.029212600306601329 0.00015351476802490463 0.020433122228775035 -0.010846425917663686 -8.8248969313051631e-05 -0.012494544170646098 0.023051945054501602
leaf_weight=8084.9246674757451 696.9280658941716 76729.5697350353 6673.2032059896737 1040.2689825557172 545.59463324397802 505.18282302282751 1246.103831095621 578.32080769538879 639.73007730022073 460.65051409229636 563.82881466113031 13121.232719309628 1148.7415643036366 475.92577801272273
leaf_count=37303 4606 416446 56853 4610 2788 2498 5588 2738 2964 2130 2569 70916 5722 2286
internal_value=-6.45947e-05 -6.47088e-06 -0.00106363 4.90559e-05 0.00138922 0.00177894 0.00664297 -0.00147105 -0.0139136 0.0146842 0.00327978 0.000331127 -0.000300573 0.000738047
internal_weight=112510 111813 35083.7 28410.5 20325.6 19780 4528.9 2258.32 1218.05 2270.58 1024.48 15251.1 14745.9 13597.2
internal_count=620017 615411 198965 142112 104809 102021 20599 10312 5702 10287 4699 81422 78924 73202
is_linear=0
shrinkage=0.05


Tree=155
num_leaves=15
num_cat=0
split_feature=72 72 74 69 72 69 71 71 84 68 69 74 84 74
split_gain=26.3609 46.4556 32.8661 29.7613 64.0168 43.3851 157.224 157.294 59.4181 39.728 186.614 68.9796 137.121 112.369
threshold=0.054642656818032272 0.049865879118442542 -0.04474180564284324 -0.13803395628929135 0.019190592691302303 -0.10739394277334212 0.014794950373470785 -0.0071565646212548009 1.5000000000000002 -0.068213950842618928 -0.051937524229288094 -0.019179445691406723 3.5000000000000004 -0.02498772460967302
decision_type=8 10 2 8 10 8 2 2 2 8 10 2 2 2
left_child=1 2 -1 4 -4 6 7 8 -5 10 -7 12 13 -11
right_child=-2 -3 3 5 -6 9 -8 -9 -10 11 -12 -13 -14 -15
leaf_value=-0.013246890413842277 -0.012781887307765527 0.0163194492863586 0.018713050448905828 -0.018373690626987928 -0.0054502786934827888 -0.0055572877614698925 -0.031012346343288467 0.025002098883360763 0.0010324008420407175 0.0069876355556638976 0.029119541611231387 0.00021582644070865668 -0.026904494732266485 -0.011181978690142813
leaf_weight=459.5781870894134 393.77288914658129 425.2778147906065 616.18611533753574 713.04828576184809 481.101128436625 1000.4075983595103 511.22539827041328 464.92212535999715 865.70404949784279 1655.9902202859521 621.14631144702435 101848.78241269663 670.63949450850487 1730.0003227945417
leaf_count=2396 1766 1789 2542 3174 2048 4448 2559 2046 3728 7785 2809 570789 3442 8412
internal_value=-2.92375e-05 1.67095e-05 -4.68504e-05 8.90071e-06 0.00816519 -7.31349e-05 -0.00649981 -0.000246844 -0.0077929 8.01567e-05 0.00782295 -3.91233e-05 -0.00642487 -0.00230134
internal_weight=112458 112064 111639 111179 1097.29 110082 2554.9 2043.67 1578.75 107527 1621.55 105905 4056.63 3385.99
internal_count=619733 617967 616178 613782 4590 609192 11507 8948 6902 597685 7257 590428 19639 16197
is_linear=0
shrinkage=0.05


Tree=156
num_leaves=15
num_cat=0
split_feature=70 68 69 69 70 68 68 69 4 68 70 68 68 73
split_gain=23.2026 114.852 121.53 106.013 107.675 100.927 99.1387 132.165 111.647 88.8555 88.4325 119.227 104.587 80.653
threshold=-0.0085004726424813253 -0.087453853338956819 0.12782794237136844 -0.071767471730709062 -0.011970254592597483 -0.044340465217828744 -0.01657590456306934 0.034879148006439216 0.14166667312383655 -0.0070073197130113831 -0.006910554599016904 0.012962502893060448 0.0069403417874127635 0.68223786354064953
decision_type=2 8 10 8 2 10 10 8 8 10 2 10 10 2
left_child=1 -1 3 5 6 -3 7 -5 -9 -8 11 12 -2 -13
right_child=10 2 -4 4 -6 -7 9 8 -10 -11 -12 13 -14 -15
leaf_value=0.0111786056339942 0.0054779956628886652 -0.026417443175901403 0.022057855583080047 0.0011220660469784503 -0.0089796182960704182 -0.0025033088297130024 -0.021974465224234203 0.035047150371740214 0.0034375149753994153 -0.0015236579232434334 9.619929439677957e-05 0.028387251229097139 -0.021370615716244261 0.0065890852805469266
leaf_weight=1580.5182645786554 1834.6675610914826 931.93855032883584 461.10755010694265 3261.7820800729096 3995.3199664503336 834.28604233637452 604.38267005234957 617.27253564633429 507.95421747863293 3933.7939395029098 91960.46180799976 857.40433659404516 441.50390973500907 846.16204564645886
leaf_count=6995 8974 4354 2136 15874 20622 3957 3089 2974 2155 19607 518779 4563 2301 4370
internal_value=0.00011273 -0.00160505 -0.00294539 -0.00374487 -0.00216853 -0.0151992 0.000887057 0.00623964 0.0209338 -0.00428957 0.000412383 0.00769993 0.000199532 0.0176617
internal_weight=112669 16728.4 15147.8 14686.7 12920.5 1766.22 8925.19 4387.01 1125.23 4538.18 95940.2 3979.74 2276.17 1703.57
internal_count=620750 81763 74768 72632 64321 8311 43699 21003 5129 22696 538987 20208 11275 8933
is_linear=0
shrinkage=0.05


Tree=157
num_leaves=15
num_cat=0
split_feature=5 51 8 2 53 69 72 72 69 72 70 74 74 84
split_gain=29.4859 28.3922 26.6775 35.1678 29.1165 62.5517 23.4014 118.991 127.162 98.3863 198.707 127.262 112.035 74.0994
threshold=0.71724092960357677 -0.37192080914974207 1.0000000180025095e-35 0.031838491559028632 -0.079813729971647249 -0.042015798389911645 0.011299594305455686 0.010819060262292625 0.055577730759978301 0.012867634184658529 0.0037637025816366081 0.017202852293848995 -1.0000000180025095e-35 1.5000000000000002
decision_type=2 10 2 2 10 10 10 8 10 10 2 2 2 2
left_child=1 -1 4 -4 6 -6 7 -2 -9 10 12 13 -8 -12
right_child=2 -3 3 -5 5 -7 9 8 -10 -11 11 -13 -14 -15
leaf_value=-0.0014359729803291833 3.0125232273539372e-05 -0.020967052654868801 0.0041627803727483197 -0.0015233070173493429 -0.015091559958312396 -0.0012795846259510961 0.0082335054377419455 -0.023544133692668459 0.0074351329523516425 -0.00032454761279456206 -0.019554871551980334 0.016769991261093402 0.026410700096109005 -0.0011811878288989545
leaf_weight=436.28875861689448 47812.553227566183 316.53688452579081 8096.1614983901381 4085.5840013474226 842.07543247938156 21698.303658945486 2954.9672205355018 1067.0375018753111 472.65128250420094 20709.573367422447 961.88966756127775 589.70168515667319 1187.8993994183838 1263.4878950100392
leaf_count=1973 253699 2815 54893 17515 4515 148876 13755 5367 2242 95214 4730 2670 5710 6244
internal_value=-1.84431e-05 -0.00981532 4.84326e-05 0.00225606 -0.000221883 -0.00180204 0.000240736 -0.000411826 -0.0140476 0.00140448 0.00654383 -0.00369987 0.0134966 -0.00917492
internal_weight=112495 752.826 111742 12181.7 99560.1 22540.4 77019.8 49352.2 1539.69 27667.5 6957.95 2815.08 4142.87 2225.38
internal_count=620218 4788 615430 72408 543022 153391 389631 261308 7609 128323 33109 13644 19465 10974
is_linear=0
shrinkage=0.05


Tree=158
num_leaves=15
num_cat=0
split_feature=17 71 71 73 74 71 68 68 58 71 73 71 72 72
split_gain=21.189 40.3932 103.178 178.604 104.92 96.3357 81.9284 167.981 84.3502 75.5779 69.1629 249.591 81.5605 119.078
threshold=92.144115447998061 0.012974427081644537 0.013708505779504778 0.61209300160408031 -0.0091971782967448217 0.01045523537322879 0.053030095994472511 0.049116047099232681 0.001974999788217247 0.0014283647760748865 0.45128867030143743 0.0062528420239686975 0.0080942544154822844 0.0071749528869986543
decision_type=2 2 2 2 2 2 10 10 2 2 2 2 10 10
left_child=1 5 3 -3 -4 6 7 8 -1 -8 11 -10 13 -12
right_child=-2 2 4 -5 -6 -7 9 -9 10 -11 12 -13 -14 -15
leaf_value=-0.0010888437330133516 -0.0018114882062711013 0.036144989292491762 -0.010219708574726229 0.0026325961958636171 0.0021068472931124842 -0.0065119811428979851 -0.022981245708177007 0.023849531512121526 0.0039623335760947224 -0.0024702720054326343 0.0011988805412954367 0.038570779916181339 -0.0043401996439539235 0.017969773549498684
leaf_weight=40725.328850938007 12727.227856669575 579.56481460668147 1856.9207785204053 1226.2957700509578 22924.310173250735 5660.172660311684 689.45344764925539 756.14082829467952 8616.7574961185455 1262.7543724346906 8339.6565039083362 544.78868633881211 5431.5614814534783 1202.5885643456131
leaf_count=225112 75317 2996 9129 7448 124682 33200 3562 4049 40695 7617 50615 2789 26763 6390
internal_value=0.000109011 0.000354044 0.00202293 0.0135277 0.00117944 -0.000252068 0.000273203 0.000574173 0.000299196 -0.00979425 0.00264082 0.00606013 0.000546104 0.00332908
internal_weight=112544 99816.3 26587.1 1805.86 24781.2 73229.2 67569 65616.8 64860.7 1952.21 24135.4 9161.55 14973.8 9542.25
internal_count=620364 545047 144255 10444 133811 400792 367592 356413 352364 11179 127252 43484 83768 57005
is_linear=0
shrinkage=0.05


Tree=159
num_leaves=15
num_cat=0
split_feature=13 73 69 73 69 69 73 70 70 69 69 69 70 72
split_gain=24.4822 25.7305 109.809 56.3964 92.4094 64.7232 120.023 62.4425 60.3205 54.7968 54.779 51.6077 96.0207 85.3465
threshold=-0.12068118155002593 0.68223786354064953 0.13680395483970645 0.7626253366470338 0.10072816908359529 0.095358736813068404 0.72329491376876842 0.012600572779774668 -0.0072101396508514872 0.090256042778491988 0.077141746878623976 0.11515964940190317 0.0063215878326445827 0.006978219375014306
decision_type=10 2 10 2 8 10 2 2 2 10 10 10 2 10
left_child=-1 2 11 4 5 9 -7 -6 10 -3 -5 -2 13 -13
right_child=1 3 -4 8 7 6 -8 -9 -10 -11 -12 12 -14 -15
leaf_value=-0.0084834961369674357 0.00063421230106006348 -0.0010736554149839885 0.018048307574146587 0.0010928065801970035 -0.010197312878141771 0.027250665449026518 -0.0063608331607038536 0.010754380456524016 0.00016969652714139658 -0.018940174006168223 0.024114574978861898 -0.0063704742022516227 -0.013712998991735344 0.0055427261279470232
leaf_weight=852.0904024541378 74805.04756677337 9401.7157775294036 863.85465704277158 510.31614558026195 4897.8967635035515 542.25304071605206 505.7378060426563 375.39226619340479 11172.425271701068 439.78294271230698 515.48529413901269 3085.9659407325089 1804.971407385543 2912.644717823714
leaf_count=3874 400730 58290 4182 2543 29324 3095 3061 2013 64603 2999 2371 18376 10046 15652
internal_value=-8.98453e-05 -2.51389e-05 0.000416952 -0.00132599 -0.00326214 -0.000628944 0.0111237 -0.00868828 0.00123999 -0.00189046 0.0127828 0.000230415 -0.00363624 -0.000586384
internal_weight=112686 111833 83472.5 28361 16162.8 10889.5 1047.99 5273.29 12198.2 9841.5 1025.8 82608.6 7803.58 5998.61
internal_count=621159 617285 448986 168299 98782 67445 6156 31337 69517 61289 4914 444804 44074 34028
is_linear=0
shrinkage=0.05


Tree=160
num_leaves=15
num_cat=0
split_feature=58 70 70 70 74 70 72 72 74 84 70 74 74 72
split_gain=23.2943 47.2824 40.174 60.9721 36.8424 91.2886 36.769 63.1693 162.681 227.761 82.969 38.3517 104.562 78.1532
threshold=0.0049984839279204616 -0.00028305046726018185 0.025927240028977398 0.022399511188268665 0.021271942183375362 0.015564654953777792 0.020338352769613269 0.016811436042189602 0.006618151906877757 2.5000000000000004 -0.0031570887658745046 -0.027035157196223732 -0.021567674353718754 0.016343498602509502
decision_type=2 2 2 2 2 2 10 8 2 2 2 2 2 10
left_child=2 -2 3 4 5 6 7 11 9 -9 -11 -1 -13 -14
right_child=1 -3 -4 -5 -6 -7 -8 8 -10 10 -12 12 13 -15
leaf_value=0.0088341261329462888 0.0042983977646754122 2.4307104746653083e-05 -0.015836133274237617 0.018962138468931699 0.011388052174808417 -0.014388569655445963 0.006113992691445031 -0.025219348611596134 0.01298580342784658 0.0099037337124690157 -0.012518462235196388 -0.013449018458316571 -0.00013643712313274128 0.018845086985604585
leaf_weight=1166.723947590217 8976.4421456232667 23114.472976820543 407.81848564743996 399.09858936443925 648.46008930914104 1153.78246380575 2175.0008833575994 1567.2634668573737 844.53720413334668 1041.8922104705125 668.88328422792256 1463.020607214421 68409.605953961611 536.61342309601605
leaf_count=5646 43281 118123 1986 1853 3154 5985 9866 7677 3959 4735 3209 7200 401274 2607
internal_value=8.19983e-05 0.00122082 -0.000372179 -0.000291454 -0.000390264 -0.00048834 -0.000280571 -0.000465086 -0.00647577 -0.011514 0.00111524 -0.000118031 -0.000267607 1.40089e-05
internal_weight=112574 32090.9 80482.7 80074.9 79675.8 79027.3 77873.5 75698.5 4122.58 3278.04 1710.78 71576 70409.2 68946.2
internal_count=620555 161404 459151 457165 455312 452158 446173 436307 19580 15621 7944 416727 411081 403881
is_linear=0
shrinkage=0.05


Tree=161
num_leaves=15
num_cat=0
split_feature=28 68 68 71 71 73 68 70 73 73 71 73 70 68
split_gain=25.7125 30.1994 27.3035 66.7602 117.059 64.1508 71.0663 49.0983 32.9375 85.2556 73.1085 64.3353 50.1791 45.4963
threshold=1.4584350585937502 0.050360605120658881 0.063369292765855803 0.036813231185078628 0.03201615437865258 0.73830732703208934 0.087568700313568129 1.0000000180025095e-35 0.7626253366470338 0.72511178255081188 0.040163846686482436 0.83061772584915172 0.0059275128878653058 0.055550768971443183
decision_type=2 8 8 2 2 2 10 2 2 2 2 2 2 10
left_child=2 -2 8 4 5 7 -7 -4 9 -1 -11 -10 13 -13
right_child=1 -3 3 -5 -6 6 -8 -9 11 10 -12 12 -14 -15
leaf_value=0.00039671915469369337 -0.003571674426936611 0.0066583729563865664 0.015677468621144715 -0.019749498422244334 0.021847632402534848 -0.016259727590104509 0.0079936830026377786 -0.0046308236899835322 0.006050744347681861 -0.0077252033317162482 0.014344216910548595 0.0067385426673251571 -0.013543168196469569 -0.0088339536298319716
leaf_weight=85241.308724397793 8113.5060826689005 782.53583414293826 503.71316710673273 560.86392054148018 462.41955450922251 1378.8069267272949 379.33063970319927 699.61816383898258 6148.8726481404155 4997.7338743191212 396.53741585463285 1298.326758204028 803.32451883144677 721.27294654212892
leaf_count=468959 40143 3844 2352 2908 2267 8230 1777 3449 35241 32119 2046 7581 4731 4513
internal_value=-8.72805e-05 -0.00266533 0.000134347 -0.00391886 -0.00127569 -0.00494766 -0.0110113 0.00392935 0.000296871 1.06627e-05 -0.00607932 0.00318499 -0.00305649 0.00116091
internal_weight=112488 8896.04 103592 3984.75 3423.89 2961.47 1758.14 1203.33 99607.4 90635.6 5394.27 8971.8 2822.92 2019.6
internal_count=620160 43987 576173 20983 18075 15808 10007 5801 555190 503124 34165 52066 16825 12094
is_linear=0
shrinkage=0.05


Tree=162
num_leaves=15
num_cat=0
split_feature=69 69 68 4 24 69 68 68 84 50 68 69 84 68
split_gain=22.3565 71.8767 73.2496 115.985 34.1084 33.8404 96.4892 87.0345 52.4599 38.1217 35.8598 40.7296 38.4215 38.0846
threshold=0.14803105592727664 0.13680395483970645 0.043877916410565383 0.10833333432674409 0.042107220739126212 0.11214033514261247 0.043877916410565383 0.015655843541026119 2.5000000000000004 0.12282821908593179 0.032959738746285445 0.1211938224732876 3.5000000000000004 0.034307973459362991
decision_type=10 10 10 10 2 10 10 10 2 2 10 10 2 10
left_child=1 5 -3 -4 -2 -1 7 -7 -8 10 11 12 -9 -12
right_child=4 2 3 -5 -6 6 8 9 -10 -11 13 -13 -14 -15
leaf_value=0.00026811911806905723 -0.0074723873635164266 0.020839272549867189 0.017645045865257333 -0.012662917921983118 0.003567019362397113 0.015829957222132703 0.012764629427722871 -0.0040395236059467985 -0.0024868706321201795 -0.0013074472713353845 0.0098598702625770276 -0.018783666881030059 -0.018836318665799962 -0.0065192165585327162
leaf_weight=95530.554472116753 2249.9437288623303 821.77734195813537 588.29567608237267 658.37002066522837 1006.3103735744953 471.41853282600641 1363.4112971369177 1858.1839130409062 951.72131107375026 2887.5651577506214 432.82620106637478 1224.7363176327199 567.80895073525608 1787.7699852455407
leaf_count=527349 11899 3833 3396 2945 4764 2337 8079 11141 5664 13846 2715 7468 3396 10993
internal_value=1.58e-05 0.000137769 0.00934694 0.00166587 -0.0040603 -4.09858e-05 -0.00259663 -0.00488562 0.0065112 -0.00601735 -0.00832756 -0.0113702 -0.00756585 -0.00329681
internal_weight=112401 109144 2068.44 1246.67 3256.25 107076 11545.4 9230.31 2315.13 8758.89 5871.33 3650.73 2425.99 2220.6
internal_count=619825 603162 10174 6341 16663 592988 65639 51896 13743 49559 35713 22005 14537 13708
is_linear=0
shrinkage=0.05


Tree=163
num_leaves=15
num_cat=0
split_feature=53 27 59 69 73 69 69 73 73 74 74 74 69 73
split_gain=24.8923 29.4207 21.2472 23.1994 107.436 127.642 104.608 107.228 93.5876 73.2621 165.208 118.147 64.3822 78.7645
threshold=-0.016323629766702649 0.99194723367691051 6.5000000000000009 -0.013108383864164351 0.44682462513446813 -0.024361428804695603 -0.063160825520753847 0.55444979667663585 0.69074437022209179 0.0033454232616350059 -0.00068714225199073542 0.0081914314068853872 -0.0072368946857750407 0.32263550162315374
decision_type=10 2 8 8 2 10 10 2 2 2 2 2 8 2
left_child=2 -2 3 4 9 6 7 -6 -7 10 -1 -11 13 -5
right_child=1 -3 -4 12 5 8 -8 -9 -10 11 -12 -13 -14 -15
leaf_value=-0.00084887419670975201 -0.0066757716372498679 0.00062791326733022254 -0.0049429309533619162 0.0064270030502970423 0.032762846949114528 0.036227296569798249 -0.0012809615562662643 0.00016537683840242004 0.0099469931071432347 0.02058317621865971 -0.023174873681714163 0.00048490996100522711 0.00015248849016491386 -0.017102814067566825
leaf_weight=7693.4716067705303 2911.7308471985161 2608.0298046506941 1953.5977255403996 509.81601394340396 519.49498811364174 566.3304776865989 3103.8498479314148 482.06028014793992 848.85438279248774 911.72882295399904 918.74418843537569 3540.2518025953323 84834.63322631456 1133.7253399360925
leaf_count=35300 25632 18983 8557 2381 2325 2603 14852 2222 4179 4083 4218 16037 473434 5761
internal_value=4.1264e-05 -0.00322996 0.000210275 0.000306558 0.00190877 0.00775005 0.00326588 0.01723 0.0206443 -0.000563641 -0.00325471 0.00463777 -3.79501e-05 -0.00980929
internal_weight=112536 5519.76 107017 105063 18584.8 5520.59 4105.41 1001.56 1415.18 13064.2 8612.22 4451.98 86478.2 1643.54
internal_count=620567 44615 575952 567395 85819 26181 19399 4547 6782 59638 39518 20120 481576 8142
is_linear=0
shrinkage=0.05


Tree=164
num_leaves=15
num_cat=0
split_feature=73 73 69 73 74 72 74 69 73 24 73 74 73 74
split_gain=25.0897 52.0209 77.1914 43.0909 96.082 123.355 62.1319 80.4047 58.7334 45.392 45.1749 83.0184 43.0869 38.8828
threshold=0.85966211557388317 0.89463898539543163 0.03979728743433953 0.78874629735946666 0.017202852293848995 0.010468589607626201 0.0020408822456374769 0.1598634868860245 0.8108845353126527 0.0347706787288189 0.72511178255081188 -0.011121466290205715 0.8240303397178651 0.0044806490186601886
decision_type=2 2 8 2 2 10 2 8 2 2 2 2 2 2
left_child=3 -2 -3 10 5 6 7 8 -5 -7 -1 -12 13 -8
right_child=1 2 -4 4 -6 9 12 -9 -10 -11 11 -13 -14 -15
leaf_value=0.00024089771359906721 -0.011979360135479742 0.016228531459651308 -0.010598704544613797 0.019681408272686253 0.022367547888029058 -0.015923269372039778 -0.0084539496297415667 0.030610735666427576 0.0014596642497947225 0.0010994907653333944 0.016860836488820394 -0.0045052063002930763 -0.0097460315835734626 0.010195003631039808
leaf_weight=93992.238967709243 1244.925109339878 535.61548289656639 517.74817502684891 644.37666835263371 635.11866886354983 1035.1823352556676 374.54215764626861 449.22290495038033 1369.6097622495145 624.31127376109362 469.56004610098898 8833.6541324295104 727.13880280219018 1023.5853563006967
leaf_count=511646 8153 2593 3143 3483 3078 5629 2333 2373 7573 3037 2314 54607 4118 6053
internal_value=5.91432e-05 -0.00509993 0.00306677 0.000167213 0.00399483 0.00209445 0.00631781 0.0117054 0.00735816 -0.00955098 -8.82023e-05 -0.00340985 4.7923e-05 0.00517461
internal_weight=112477 2298.29 1053.36 110179 6883.09 6247.97 4588.48 2463.21 2013.99 1659.49 103295 9303.21 2125.27 1398.13
internal_count=620133 13889 5736 606244 37677 34599 25933 13429 11056 8666 568567 56921 12504 8386
is_linear=0
shrinkage=0.05


Tree=165
num_leaves=15
num_cat=0
split_feature=2 27 57 1 54 53 5 70 27 73 54 52 73 73
split_gain=27.374 20.7071 51.6765 29.3793 33.3462 32.6402 27.1887 36.991 26.5225 25.4587 24.0041 23.841 23.5767 31.9231
threshold=0.010355446953326465 0.67788404226303112 0.023238763213157657 0.022849769331514839 0.72409415245056163 -0.086005613207817064 0.9706082046031953 0.010976834222674372 0.95429557561874401 0.31214115023612982 0.14179052412509921 0.32707698643207556 0.68564194440841686 0.7626253366470338
decision_type=2 2 10 8 10 8 2 2 2 2 10 8 2 2
left_child=-1 2 -2 4 5 6 7 -3 -8 -4 -10 -11 -7 -14
right_child=1 3 9 -5 -6 12 8 -9 10 11 -12 -13 13 -15
leaf_value=-0.013042893954675406 -0.0039006898391570929 0.0045782597841751305 0.0055468293644177283 -0.00060180349302677222 0.0044755537127654224 0.00010953057920195014 -0.0026359959037849674 -0.0057237653498677229 -0.0012736341633763338 -0.0016418875874529852 0.0038750136999428269 0.0030079615517103293 -0.0078329162474489213 0.00091395691800036881
leaf_weight=389.95830316096544 10402.336973540485 10094.696881130338 2270.0866305232048 38417.837998993695 6866.5632875934243 11640.106769584119 4801.7928050756454 945.11056573316455 3652.0489542447031 8803.0657949857414 5928.45508563146 4001.4864010810852 2516.3009251356125 1773.5436214059591
leaf_count=9742 67979 59646 9946 169321 36072 85645 27349 5304 20098 44506 31455 17704 21636 13873
internal_value=1.45639e-05 6.11402e-05 -0.00119166 0.000429642 0.00125139 0.000715065 0.00182677 0.00369193 0.000393517 0.000679074 0.00191309 -0.000187573 -0.00105911 -0.00422299
internal_weight=112503 112113 25477 86636.5 48218.6 41352.1 25422.1 11039.8 14382.3 15074.6 9580.5 12804.6 15930 4289.84
internal_count=620276 610534 140135 470399 301078 265006 143852 64950 78902 72156 51553 62210 121154 35509
is_linear=0
shrinkage=0.05


Tree=166
num_leaves=15
num_cat=0
split_feature=3 73 68 71 73 71 68 68 71 68 71 68 68 71
split_gain=26.4543 30.123 70.7869 58.6908 54.3676 53.3002 58.2169 43.9513 94.2485 45.9855 51.9882 51.0616 126.632 45.7221
threshold=1.0000000180025095e-35 0.45992848277091986 0.0018470055656507613 -0.028331292793154713 0.44426245987415319 -0.0062088577542453996 0.017742124386131767 -0.015703483484685418 0.0026969276368618016 -0.028726507909595963 -0.022706217132508751 -0.038501890376210206 -0.044340465217828744 -0.029177387244999405
decision_type=2 2 10 2 2 2 10 10 2 10 2 10 10 2
left_child=1 2 4 -3 7 -4 -7 9 -9 11 -11 12 -1 -13
right_child=-2 3 5 -5 -6 6 -8 8 -10 10 -12 13 -14 -15
leaf_value=-0.0036458652653347046 -0.00044495816642011414 -0.023110382691165943 0.029946290579165553 0.0006290378102471266 0.019755891931624824 -0.0096833528939964802 0.017043279903219983 -0.014624683803673766 0.010840218081588721 0.026916866329704855 0.0050476027448620201 0.0018087593981824706 0.025524545718628264 -0.022973202655132353
leaf_weight=1478.4477408956736 86729.297221282497 254.16480783186853 389.40249512158334 18059.788537018001 386.41410236433148 304.63747562654316 574.94335144199431 1100.6359530519694 531.38279101625085 351.3140458855778 1123.8618390168995 340.0823524389416 486.3152207955718 397.51655793935061
leaf_count=7943 418140 1564 2386 153788 2705 2206 4005 7546 3853 1897 7032 1941 2707 2616
internal_value=-2.69419e-05 0.00137904 0.00405384 0.000287145 0.00184001 0.0147643 0.00778188 0.000616461 -0.00631783 0.00333406 0.010402 -0.000548306 0.00366704 -0.0116757
internal_weight=112508 25778.9 7464.95 18314 6195.97 1268.98 879.581 5809.56 1632.02 4177.54 1475.18 2702.36 1964.76 737.599
internal_count=620329 202189 46837 155352 38240 8597 6211 35535 11399 24136 8929 15207 10650 4557
is_linear=0
shrinkage=0.05


Tree=167
num_leaves=15
num_cat=0
split_feature=15 68 71 72 72 71 69 72 71 73 69 70 72 69
split_gain=32.7142 25.7236 23.6546 90.4249 73.4502 69.6843 136.541 93.6611 66.1876 139.381 66.091 64.7524 85.1713 168.006
threshold=23.934439659118656 0.066133540123701109 0.012974427081644537 0.016811436042189602 0.018398349173367027 0.01045523537322879 -0.001070204365532845 0.0055356679949909457 0.0089837969280779379 0.62619060277938854 0.064711581915617003 0.0088836653158068674 0.011975087225437166 0.013319937512278559
decision_type=8 10 2 10 10 2 8 10 2 2 10 2 10 8
left_child=2 -2 5 11 -5 8 -7 -8 -1 -10 -11 12 13 -4
right_child=1 -3 3 4 -6 6 7 -9 9 10 -12 -13 -14 -15
leaf_value=0.00025478691051674697 -0.00083588760554136857 -0.0094628774198404087 -0.023664876267370284 -0.018780717169031211 -0.00081836034396769392 0.019366148578858034 0.0029811281342209221 -0.015106349650726134 0.023865476791092854 -0.019333534643894052 0.0065769690800585867 -0.0020754147956471912 0.013390987252510939 0.0048373586362683088
leaf_weight=38592.595970094204 48451.457836573943 869.90040545351803 538.18752539530396 806.2177935410291 1883.1969217900187 447.6710230819881 1014.7599538713694 2395.3225017730147 909.53517543151975 374.81989854574203 673.66235675662756 3784.4050648212433 2613.7993324324489 9123.4383881650865
leaf_count=211689 266429 4782 2925 4023 8951 2147 7075 13760 5147 2408 4034 20072 13304 53457
internal_value=-2.51071e-05 -0.000989933 0.000728387 0.00221708 -0.00625264 9.95017e-05 -0.00631306 -0.00973096 0.000710963 0.00965522 -0.00278087 0.00363845 0.00540024 0.00322685
internal_weight=112479 49321.4 63157.6 18749.2 2689.41 44408.4 3857.75 3410.08 40550.6 1958.02 1048.48 16059.8 12275.4 9661.63
internal_count=620203 271211 348992 102732 12974 246260 22982 20835 223278 11589 6442 89758 69686 56382
is_linear=0
shrinkage=0.05


Tree=168
num_leaves=15
num_cat=0
split_feature=70 74 70 74 72 71 69 73 73 69 70 72 72 73
split_gain=25.7754 82.2866 144.044 134.923 144.41 129.281 121.366 93.4339 85.5679 78.8994 98.068 76.733 117.041 74.5836
threshold=-0.0085004726424813253 -0.0074225144926458589 -0.0036370913730934258 -0.015850028023123738 0.0063193386886268863 0.014625609852373602 0.034279244020581252 0.5419357717037202 0.69671380519866954 0.12782794237136844 -0.011970254592597483 0.013513676356524231 0.011002083774656059 0.61054381728172313
decision_type=2 2 2 2 10 2 10 2 2 10 2 10 10 2
left_child=9 2 3 -2 7 13 -4 -5 -8 10 -1 12 -12 -6
right_child=1 -3 6 4 5 -7 8 -9 -10 -11 11 -13 -14 -15
leaf_value=8.522940972060882e-05 -0.018017901442463024 -0.00013774864746593773 -0.027488371776404116 -0.018234208683572381 0.025439535286223027 -0.0037652389005860629 -0.0054213258944218936 0.0072726914740683535 0.021219386036494037 0.018171392650309776 -0.0098463221318187046 -0.020423543556061529 0.011274227748648341 0.0090693589854126174
leaf_weight=11570.266740102321 415.20777786523104 87718.122634150088 488.59417871758342 540.75589538365602 2262.4097614157945 663.19242915138602 1340.2424554359168 1021.6754943393171 378.03662650100887 469.86082749627531 2878.9471728913486 1034.2055793702602 839.58422332070768 1025.2595770340413
leaf_count=55619 2054 497124 2349 3042 10841 3396 7302 6006 1928 2150 15331 5072 3910 5216
internal_value=-7.99217e-06 0.00030863 0.00511589 0.0091711 0.0112476 0.0163256 -0.00577018 -0.00161504 0.000528731 -0.00181438 -0.00240045 -0.00843916 -0.0050602 0.0203775
internal_weight=112646 95853.5 8135.37 5928.5 5513.29 3950.86 2206.87 1562.43 1718.28 16792.9 16323 4752.74 3718.53 3287.67
internal_count=621340 539258 42134 30555 28501 19453 11579 9048 9230 82082 79932 24313 19241 16057
is_linear=0
shrinkage=0.05


Tree=169
num_leaves=15
num_cat=0
split_feature=70 68 68 84 73 73 71 74 70 68 72 68 7 68
split_gain=24.7777 103.34 136.686 110.579 164.851 78.1218 69.662 73.4455 87.9124 140.802 146.954 119.585 71.7639 67.1503
threshold=-0.0085004726424813253 -0.068213950842618928 -0.056210340932011597 1.5000000000000002 0.29632481932640081 0.26221519708633428 -0.060255499556660645 -0.0074225144926458589 -0.0036370913730934258 0.046177720651030547 0.0063193386886268863 0.042889840900897987 0.30299189686775213 0.01814153511077166
decision_type=2 10 10 2 2 2 2 2 2 10 10 10 2 10
left_child=1 -1 -3 4 -4 -5 -2 8 9 10 -8 -10 -12 -6
right_child=6 2 3 5 13 -7 7 -9 11 -11 12 -13 -14 -15
leaf_value=0.0070002141553496405 -0.017529357291206228 -0.025401555734668482 0.023356998250034396 -0.021735150773967066 -0.0039712081539757275 -0.004492737218705964 -0.0028872585153966348 5.5203414189088334e-05 -0.010581482178815707 -0.017560221810498221 0.018332686708171939 0.017520504294218305 -0.0010739364576920025 0.010659381181080417
leaf_weight=2821.4861877784133 530.41177202016115 666.51545805856586 845.59428936988115 713.21352460794151 3412.1109931506217 7306.3358914107084 1481.295835884288 87364.052780678496 1559.737999368459 478.12555597350001 3351.1241108961403 489.19736525975168 553.78980098664761 1007.4707405716181
leaf_count=12643 2368 3132 3901 3523 17020 36785 8544 495637 8294 2583 16758 2500 2325 5042
internal_value=6.1361e-05 -0.00171088 -0.00347636 -0.00235806 0.0032681 -0.00605134 0.000371768 0.000473253 0.0050827 0.00819422 0.0105087 -0.00381943 0.0155848 -0.000619541
internal_weight=112580 16772.7 13951.2 13284.7 5265.18 8019.55 95807.7 95277.3 7913.27 5864.34 5386.21 2048.94 3904.91 4419.58
internal_count=621055 82046 69403 66271 25963 40308 539009 536641 41004 30210 27627 10794 19083 22062
is_linear=0
shrinkage=0.05


Tree=170
num_leaves=15
num_cat=0
split_feature=54 58 72 72 72 74 72 72 72 73 73 74 73 73
split_gain=23 39.1065 35.5168 35.5053 52.982 31.6957 46.0659 60.101 66.3405 39.4204 63.1776 36.3295 69.0553 45.7511
threshold=0.23746725171804431 0.0018509559449739756 0.020338352769613269 0.014730440452694895 0.012943550478667023 0.017647080123424533 0.019676754251122478 0.016811436042189602 0.014061937574297191 0.47120265662670141 0.36591522395610815 0.014304503332823517 0.49850323796272283 0.63929668068885814
decision_type=8 2 10 10 10 2 10 10 10 2 2 2 2 2
left_child=1 -1 3 4 -3 11 7 8 9 10 -7 -2 -13 -14
right_child=5 2 -4 -5 -6 6 -8 -9 -10 -11 -12 12 13 -15
leaf_value=-0.0023515140032567927 0.00047905771118638899 0.0018292133906898517 -0.0089227950309620184 0.0072531411471992869 -0.0091858821415834787 0.0029144734686951533 -0.0059522309288023295 0.023370666245638157 -0.011164254605721914 0.0033788699280245475 0.029691040099021845 0.0085567177157188784 -0.022686909344965575 -0.0048237991490189987
leaf_weight=21125.953868439421 71568.630690319464 8869.7330599520355 817.82187535613775 2379.6558263227344 1234.7169840186834 439.98390015587211 825.65778808109462 480.36487892456353 546.75621812790632 1689.5406729932874 436.07799871824682 567.74108968302608 579.32258840091527 933.59913327917457
leaf_count=121577 393731 52551 3760 11246 6227 1998 3723 2204 2496 8264 2045 2672 3059 4964
internal_value=6.1639e-05 -0.00101477 0.00110841 0.00177216 0.000475469 0.000536403 0.00464478 0.00708989 0.00451029 0.00788107 0.0164277 0.000289335 -0.00620764 -0.0117679
internal_weight=112496 34427.9 13301.9 12484.1 10104.5 78067.7 4418.38 3592.72 3112.36 2565.6 876.062 73649.3 2080.66 1512.92
internal_count=620517 195361 73784 70024 58778 425156 20730 17007 14803 12307 4043 404426 10695 8023
is_linear=0
shrinkage=0.05


Tree=171
num_leaves=15
num_cat=0
split_feature=70 73 72 68 73 69 70 69 69 69 72 84 69 68
split_gain=28.2949 127.366 110.787 241.628 168.128 159.958 119.349 93.5306 88.6686 72.0696 65.9827 72.443 65.6638 129.591
threshold=0.0085090477950871008 0.47465904057025915 0.010734383016824724 -0.021990260109305378 0.44426245987415319 -0.016943235881626603 0.014134839642792942 0.03785503841936589 0.063195921480655684 -0.042015798389911645 0.032991603016853339 2.5000000000000004 0.045112159103155143 -0.03380355425179004
decision_type=2 2 10 8 2 10 2 8 10 8 10 2 10 10
left_child=-1 2 3 -2 5 6 -4 -5 -9 10 11 -8 13 -7
right_child=1 -3 4 7 -6 12 9 8 -10 -11 -12 -13 -14 -15
leaf_value=0.00036061894658219403 0.046918714250511168 -0.0052577445586000915 0.020930024540010972 0.02408776268247903 0.024376661012765907 0.0022338802838454386 -0.002737078302495886 -0.020884526853386039 0.0057255365423154233 0.013648255675587471 0.00468792667620081 -0.025592190840655438 -0.0025189119862750278 -0.030350286308479593
leaf_weight=91880.544176470488 395.69685887172818 11250.424612982199 736.86182739213109 477.82816807739437 595.31027532555163 439.59989765658975 847.89257149212062 404.40760338306427 1270.1269737761468 622.01346105709672 973.65943101793528 579.79909761250019 820.71214343048632 978.06357257068157
leaf_count=513839 1804 61353 3280 2551 2829 2086 3988 2140 6494 2777 4244 2653 4024 5035
internal_value=-1.33665e-05 -0.00169776 0.00268424 0.0115166 -0.000741081 -0.00327022 0.00303077 0.0048213 -0.000786741 -0.0013863 -0.0053211 -0.0121322 -0.0138216 -0.0203015
internal_weight=112273 20392.4 9141.97 2548.06 6593.91 5998.6 3760.23 2152.36 1674.53 3023.36 2401.35 1427.69 2238.38 1417.66
internal_count=619097 105258 43905 12989 30916 28087 16942 11185 8634 13662 10885 6641 11145 7121
is_linear=0
shrinkage=0.05


Tree=172
num_leaves=15
num_cat=0
split_feature=13 5 51 54 53 5 71 70 72 71 70 74 72 71
split_gain=23.1199 20.7191 29.6669 22.5405 50.059 45.2778 54.9607 41.5738 39.3236 45.6543 36.6669 55.4981 34.1764 34.1122
threshold=-0.12068118155002593 0.74099683761596691 -0.27345745265483851 0.50345954298973095 -0.19826467335224149 0.96855622529983532 -0.0071565646212548009 0.011197941843420269 0.0037185724359005694 0.012974427081644537 0.016249115578830246 0.013344080187380316 0.020338352769613269 -0.017686145380139347
decision_type=10 2 10 8 10 2 2 2 10 2 2 2 10 2
left_child=-1 2 -2 4 5 7 -7 12 9 -6 11 -9 -3 -5
right_child=1 3 -4 13 8 6 -8 10 -10 -11 -12 -13 -14 -15
leaf_value=-0.0082365452057175138 0.00067053165269084487 0.0030154116145409602 -0.015999751242854014 0.0044317392944063115 0.0020592891198149073 -0.0045041665168938346 0.0013069769497417608 0.00038390515256134944 -0.0024859641733627705 0.026444462007950573 0.0034743870388137749 -0.022294600707840291 0.014574010427006718 0.00040478938393299652
leaf_weight=842.5323172044009 588.19071248918772 13934.84276419878 477.40395415574312 5988.0310967098922 1132.4274973850697 6820.8552596122026 10054.70684581995 568.25621958263218 27236.391782898456 221.63507935963571 850.09578090906143 503.00531325489283 661.2953358143568 42700.820544995368
leaf_count=3847 2649 67331 3942 26357 11298 30643 47890 2701 191474 2048 3825 2335 2846 221744
internal_value=-3.3849e-05 2.8733e-05 -0.00687735 9.58426e-05 -0.000536548 0.000778162 -0.00104308 0.00263839 -0.00207184 0.0062153 -0.00425967 -0.0103724 0.00354871 0.000900855
internal_weight=112580 111738 1065.59 110672 61983.5 33393.1 16875.6 16517.5 28590.5 1354.06 1921.36 1071.26 14596.1 48688.9
internal_count=620930 617083 6591 610492 362391 157571 78533 79038 204820 13346 8861 5036 70177 248101
is_linear=0
shrinkage=0.05


Tree=173
num_leaves=15
num_cat=0
split_feature=15 70 68 71 69 73 73 70 74 74 69 84 84 17
split_gain=31.1802 29.536 75.7897 68.8845 58.2183 74.5924 68.9865 69.556 60.4919 87.8958 78.7913 58.1128 54.4041 50.4621
threshold=26.253390312194828 -0.0092208762653171999 -0.087453853338956819 -0.054346878081560128 -0.082434166222810731 0.39495027065277105 0.45742131769657141 -0.011970254592597483 -0.014015431515872477 -0.017591366544365879 0.03123692981898785 2.5000000000000004 3.5000000000000004 39.503042221069343
decision_type=8 2 10 2 8 2 2 2 2 2 10 2 2 2
left_child=1 2 -1 -3 -4 8 -7 12 9 11 -10 -6 13 -8
right_child=-2 3 4 -5 5 6 7 -9 10 -11 -12 -13 -14 -15
leaf_value=0.013126040557744387 -0.0011414972730419057 -0.018746104719713323 -0.015845847268621597 0.0011285375201243706 0.0087134561682501773 -0.018811964598460792 4.1782977557576392e-05 -0.014233329338242603 -0.018161763240395697 0.022101419909660927 0.0072589172928025402 -0.010377931092869526 -0.013709735491436734 0.017811802332023612
leaf_weight=752.47829462401569 39964.523047087714 429.06159961596131 827.97013350948691 62541.400476168841 1041.5847674552351 881.44016645476222 1419.520929871127 998.22657948173583 616.56718690879643 739.06590881571174 585.58009724318981 632.07089819014072 470.96955312602222 546.01675143092871
leaf_count=3271 219913 1944 3904 351946 4901 4549 6849 5258 3026 3583 2863 3127 2398 2771
internal_value=-2.0381e-05 0.000597843 -0.0019978 0.000990163 -0.00331057 -0.00198362 -0.00641461 -0.00318776 0.0033101 0.00786512 -0.00582132 0.00148461 0.00137724 0.00504338
internal_weight=112446 72482 9511.49 62970.5 8759.01 7931.04 4316.17 3434.73 3614.87 2412.72 1202.15 1673.66 2436.51 1965.54
internal_count=620303 400390 46500 353890 43229 39325 21825 17276 17500 11611 5889 8028 12018 9620
is_linear=0
shrinkage=0.05


Tree=174
num_leaves=15
num_cat=0
split_feature=53 72 70 27 73 72 54 73 71 70 73 71 74 74
split_gain=24.3673 61.6447 59.2971 37.1372 31.5259 54.0366 41.681 37.797 32.5861 30.2495 31.4611 36.0592 29.2291 39.6623
threshold=-0.072470329701900468 0.0089111742563545721 -0.013830194249749182 1.0552515983581545 0.45128867030143743 0.010734383016824724 0.63065251708030712 0.73000267148017894 0.019064009189605716 0.00041008580592460936 0.50397408008575451 -0.010509978048503397 0.0076031466014683255 0.0062898898031562575
decision_type=10 10 2 2 2 10 10 2 2 2 2 2 2 2
left_child=-1 2 -2 9 5 -3 -6 8 -8 10 -4 -12 13 -11
right_child=1 4 3 -5 6 -7 7 -9 -10 12 11 -13 -14 -15
leaf_value=0.00051129963970913787 0.018923434233533168 0.011948056439828374 -0.0086064469891938312 0.0033425428785016005 -0.012183903093718713 -0.004577129964175081 -0.010718587409751684 0.0054306082220473414 0.0023324581293966682 -0.0043469958965772779 0.019145697014299606 0.0016612885569146701 0.002395762016285189 -0.018893456475904759
leaf_weight=88635.715871790424 415.87975375540555 657.06511323526502 653.01999037899077 5397.8656613845378 2271.3012920469046 1904.4599858447909 1551.7237779870629 884.48535769619048 684.9270652718842 3876.0735627450049 314.63218526542187 3249.7993422728032 1299.3950729258358 525.14097419008613
leaf_count=453873 2620 3885 4895 38089 16115 11117 7761 4394 3499 31438 2157 25959 9713 4335
internal_value=0.000130587 -0.00129371 0.000520477 8.75273e-06 -0.00487807 -0.000308222 -0.00704425 -0.00327708 -0.00672939 -0.00180719 0.00140144 0.00325388 -0.00417931 -0.00612154
internal_weight=112321 23685.8 15731.8 15315.9 7953.96 2561.53 5392.44 3121.14 2236.65 9918.06 4217.45 3564.43 5700.61 4401.21
internal_count=619850 165977 119206 116586 46771 15002 31769 15654 11260 78497 33011 28116 45486 35773
is_linear=0
shrinkage=0.05


Tree=175
num_leaves=15
num_cat=0
split_feature=0 3 8 0 53 73 73 71 71 70 74 73 70 73
split_gain=20.9997 23.0001 30.785 28.2734 29.3459 26.6338 23.8986 40.7439 81.3558 39.4391 76.9696 65.3804 35.9457 26.4832
threshold=0.012468064669519665 1.0000000180025095e-35 1.0000000180025095e-35 0.023907000198960308 -0.19826467335224149 0.72160628437995922 0.78874629735946666 0.035684701055288322 0.023918393999338153 0.0059275128878653058 0.0081914314068853872 0.83986985683441173 0.0044416124001145372 0.71822267770767223
decision_type=2 2 2 2 8 2 2 2 2 2 2 2 2 2
left_child=-1 2 -2 4 -3 -4 13 8 9 12 -11 -12 -8 -5
right_child=1 3 5 6 -6 -7 7 -9 -10 10 11 -13 -14 -15
leaf_value=-0.0095326422692038094 0.00053330146245904233 0.0047154044025138932 0.00746365649521143 -6.3568746197489756e-05 -0.0040658078009937369 -0.0026197344350474185 0.0026786061374953472 -0.0096346373772140705 0.018542804458424999 -0.022368701305734002 0.012173298106657609 -0.011947271113320994 0.017943226742322252 -0.003267041142743796
leaf_weight=576.14348151907325 21263.389991678298 1068.3767926618457 3103.1194733064622 63470.010667428374 8159.7992669716477 823.83901247009635 3277.5090437754989 596.45715083926916 816.86347585171461 442.51913315802813 655.95790557563305 476.14130348712206 428.03226786106825 7171.6597613021731
leaf_count=14575 157220 6636 23823 286541 58379 6777 15374 2930 3703 2178 3006 2347 2005 34265
internal_value=-9.33767e-05 -4.38642e-05 0.00128554 -0.00043083 -0.00304517 0.00534697 -0.000118514 0.00273464 0.00395849 0.00167145 -0.0049371 0.00201282 0.00448539 -0.000389207
internal_weight=112330 111754 25190.3 86563.3 9228.18 3926.96 77335.2 6693.48 6097.02 5280.16 1574.62 1132.1 3705.54 70641.7
internal_count=619759 605184 187820 417364 65015 30600 352349 31543 28613 24910 7531 5353 17379 320806
is_linear=0
shrinkage=0.05


Tree=176
num_leaves=15
num_cat=0
split_feature=67 57 69 69 69 69 69 60 13 26 69 69 69 69
split_gain=17.558 48.7432 32.1802 31.1035 32.6278 29.3856 29.1093 19.3489 18.2602 26.9419 19.5976 82.3115 73.5436 49.1038
threshold=0.0096694631502032297 0.007943534757941963 0.061152415350079543 0.099234916269779219 0.13544805347919467 0.027720605023205284 0.093839596956968321 1.5000000000000002 -0.12068118155002593 0.63387712836265575 0.041767353191971786 0.049152795225381858 0.027720605023205284 0.05008200369775296
decision_type=2 10 10 10 10 8 10 10 10 8 10 10 10 10
left_child=1 2 5 6 -5 -1 -2 -6 -3 10 12 -12 -10 -13
right_child=3 8 -4 4 7 -7 -8 -9 9 -11 11 13 -14 -15
leaf_value=-0.0027481793756039229 0.0014311477009643237 -0.0094781866779352839 -0.00096829268958666483 -0.0039018267491131931 0.0067349280830531037 -0.011779632610640436 0.0096434630118804009 -0.0053909429408182368 -0.00010194545116487548 0.0046405651222336608 0.0080451273204122011 -0.015881454998754676 -0.0069908783130086492 3.2652764455405396e-05
leaf_weight=1658.8616862241179 22360.944522833452 502.85728583484888 3498.7634330298752 5334.6581675615162 1375.8138383049518 1980.9808555021882 1124.2782872412354 423.13214844465256 23768.939430272207 2977.6566918399185 3298.2218488641083 480.80149022862315 4618.7003985978663 39111.595284724608
leaf_count=10924 112510 2306 31471 27461 6714 18352 5717 1863 119331 13451 18959 2870 25508 223380
internal_value=-7.12675e-05 -0.000453175 -0.00439762 0.00095005 -0.00193958 -0.00768235 0.00182822 0.00386875 -7.59879e-05 -1.10491e-05 -0.000205994 0.000468475 -0.00122485 -0.000164566
internal_weight=112516 81897.4 7138.61 30618.8 7133.6 3639.84 23485.2 1798.95 74758.8 74255.9 71278.3 42890.6 28387.6 39592.4
internal_count=620817 466552 60747 154265 36038 29276 118227 8577 405805 403499 390048 245209 144839 226250
is_linear=0
shrinkage=0.05


Tree=177
num_leaves=15
num_cat=0
split_feature=28 72 71 73 71 14 68 68 72 68 68 73 84 71
split_gain=30.4234 21.2911 103.812 62.5379 118.493 59.3011 47.4169 93.8144 45.0988 49.9121 56.6376 77.138 85.6093 42.6624
threshold=2.5193262100219731 0.003753507044166327 0.016468616202473644 0.59703505039215099 -0.00061398436082527031 0.85503226518630993 0.0207542022690177 0.014793669804930689 0.004504159791395069 0.049752205610275275 0.042451368644833572 0.56275683641433727 2.5000000000000004 0.0043427059426903733
decision_type=2 8 2 2 2 8 10 10 10 10 10 2 2 2
left_child=1 2 3 4 -1 6 7 -5 9 10 11 12 13 -3
right_child=-2 8 -4 5 -6 -7 -8 -9 -10 -11 -12 -13 -14 -15
leaf_value=0.011239458423311784 -0.012271843275666824 -0.027118046955689687 0.028853787315942826 0.0045577447179976725 -0.024271703834886787 -0.0092087189168176941 0.0031128256941535155 0.039176788949304722 0.0001677148875802583 0.011712965267679232 -0.01925545155812242 0.00016747671847253354 0.005559146166941053 -0.0051553863274163801
leaf_weight=386.57444177009165 493.1575820595026 754.05013310350478 358.64136455766857 519.34696725197136 570.97510877065361 615.20626411587 1661.1178818047047 307.05345202796161 101148.85604241863 450.15180464275181 645.94853230006993 3767.8281224127859 430.10243989527225 318.87847210280597
leaf_count=2685 2290 4935 2224 3956 3843 4907 12740 2329 542224 3015 3852 26472 2728 2144
internal_value=-4.57478e-06 5.05633e-05 0.00344803 0.00113858 -0.00996742 0.00458708 0.00802223 0.0177352 -8.93808e-05 -0.0041676 -0.00539352 -0.00366148 -0.0131976 -0.0206985
internal_weight=112428 111935 4418.92 4060.27 957.55 3102.72 2487.52 826.4 107516 6366.96 5916.81 5270.86 1503.03 1072.93
internal_count=620344 618054 32684 30460 6528 23932 19025 6285 585370 43146 40131 36279 9807 7079
is_linear=0
shrinkage=0.05


Tree=178
num_leaves=15
num_cat=0
split_feature=69 71 71 71 72 71 71 68 72 72 69 68 72 73
split_gain=20.7177 74.3186 118.155 61.5586 60.87 96.9684 111.625 149.902 279.113 238.086 212.039 152.154 129.91 109.722
threshold=0.10132142156362535 0.018401729874312881 0.019246594049036506 -0.02081507537513971 0.0080942544154822844 -0.0002741747885011136 -0.0069423320237547151 0.001090721052605659 0.0064592105336487302 0.0053569187875837096 0.082540497183799758 -0.013692043256014584 0.003753507044166327 0.40509063005447393
decision_type=8 2 2 2 10 2 2 10 10 10 10 10 10 2
left_child=4 3 -3 -2 5 6 7 11 9 -9 -10 -1 -8 -7
right_child=1 2 -4 -5 -6 13 12 8 10 -11 -12 -13 -14 -15
leaf_value=0.0074051925373453502 0.00983177888223866 0.019078541563254052 0.00058644030966123039 -0.0031211635003711665 -0.00077712198416777026 0.024192339025120441 0.012481254827942602 0.017721904807470528 0.037207635458858045 -0.014570796040862519 0.003587447618397801 -0.014543641964913367 -0.0093924964616185855 0.0034914763454695049
leaf_weight=1342.0879651550204 948.258384834975 1013.4425271712244 5542.6675194986165 21645.808610174805 49617.984185354784 652.28722301125526 774.27730824798346 900.83964137360454 1099.3195550385863 1519.2177089322358 816.50334523431957 1891.4698239322752 5085.5341708753258 19479.160717450082
leaf_count=6708 4250 5534 30103 124627 245078 3699 5608 5634 5758 8781 4198 10417 31530 128070
internal_value=-6.67567e-05 -0.00121357 0.00346965 -0.00257343 0.000335244 0.00197957 -0.00131055 0.00269918 0.00876694 -0.00252673 0.0229721 -0.00543904 -0.0064859 0.00417389
internal_weight=112329 29150.2 6556.11 22594.1 83178.7 33560.7 13429.2 7569.44 4335.88 2420.06 1915.82 3233.56 5859.81 20131.4
internal_count=619995 164514 35637 128877 455481 210403 78634 41496 24371 14415 9956 17125 37138 131769
is_linear=0
shrinkage=0.05


Tree=179
num_leaves=15
num_cat=0
split_feature=54 53 74 71 69 72 69 71 71 72 72 84 54 69
split_gain=26.034 53.7311 42.8666 82.8952 41.1108 38.3774 52.5389 31.0211 84.4404 56.5135 76.1306 52.5994 78.0793 73.9836
threshold=0.47431603074073797 -0.11499628797173499 0.017647080123424533 0.011548060458153488 0.011493782978504898 0.0037185724359005694 0.076374165713787093 0.012974427081644537 0.011548060458153488 0.0055356679949909457 0.0070382927078753718 1.5000000000000002 1.2055530548095705 0.1405192241072655
decision_type=8 10 2 2 10 10 10 2 2 10 10 2 8 10
left_child=1 -1 7 4 -4 6 -3 8 -2 -10 -11 -9 -13 -14
right_child=2 5 3 -5 -6 -7 -8 11 9 10 -12 12 13 -15
leaf_value=0.00021076025476647001 0.00033584627097202129 6.9836092926581225e-05 0.027402537360403951 -0.001046147952130889 0.0090655100672487835 -0.0039335929362900139 0.029089737067033779 -0.0012118320649052053 0.0048125002527371801 -0.034106186742665884 -0.0082342960819596529 0.00065323568198135025 0.013011930003760878 -0.0058727827588381694
leaf_weight=46106.599416406825 32640.63608889468 657.98539354838431 486.87590607441962 1544.3496046606451 837.12887102738023 13563.138092562556 194.44027396664023 5793.3856064658612 454.20448121055961 383.86969688534737 1058.9490991346538 4838.7813730053604 3357.3498813826591 607.04602907039225
leaf_count=233886 169099 7551 2096 7098 3809 110294 1927 29907 2761 2138 5525 25653 16214 2853
internal_value=8.24821e-05 -0.000622444 0.000902858 0.0068335 0.0159634 -0.00328566 0.00694989 0.00055532 -0.000261548 -0.0104883 -0.015305 0.00248701 0.00491983 0.0101127
internal_weight=112525 60522.2 52002.6 2868.35 1324 14415.6 852.426 49134.2 34537.7 1897.02 1442.82 14596.6 8803.18 3964.4
internal_count=620811 353658 267153 13003 5905 119772 9478 254150 179523 10424 7663 74627 44720 19067
is_linear=0
shrinkage=0.05


Tree=180
num_leaves=15
num_cat=0
split_feature=17 71 71 71 84 68 68 68 71 68 54 54 67 68
split_gain=20.8062 34.5876 30.75 74.3837 129.413 58.4512 77.0131 60.8227 50.4558 42.2272 44.6723 37.1607 35.2946 34.4415
threshold=94.158046722412124 0.048369815573096282 0.028925438411533836 0.035684701055288322 2.5000000000000004 -0.01183955743908882 0.051063157618045814 0.036895120516419418 0.027181204408407215 0.066133540123701109 0.40263463556766516 1.0513144135475161 -0.0031780067365616556 0.017742124386131767
decision_type=2 2 2 2 2 8 10 10 2 10 8 8 2 8
left_child=2 -2 8 5 11 -4 7 13 9 -1 -11 -5 -8 -7
right_child=1 -3 3 4 -6 6 12 -9 -10 10 -12 -13 -14 -15
leaf_value=0.00014967240230655748 -0.0015220812081968354 -0.014967186661510043 0.026003690440192163 -0.0095806955973429912 0.009081504861208815 -0.00017534998290277858 0.026758546897047344 -0.014565267288978251 -0.013324506301552944 -0.021797623805304367 -0.00064464664029779701 0.0038472301806716756 0.0072804354415454469 0.017821030689315013
leaf_weight=92630.559633605182 9305.2213842403144 494.52798243053257 439.37032627873123 2528.2287784498185 2112.393383031711 752.23468223214149 498.26045880280435 497.31580967828631 701.7254637721926 442.66659311018884 557.77452437579632 640.56446831487119 447.4401625264436 401.01875934004784
leaf_count=510666 55756 2612 2048 13297 10196 3975 2531 2705 3831 2708 2788 3030 2203 2181
internal_value=-1.51461e-05 -0.00221513 0.000195077 0.0031077 -0.000480157 0.00933068 0.00642014 -0.000119279 -6.20156e-05 3.87935e-05 -0.0101273 -0.00686271 0.0177155 0.0061819
internal_weight=112449 9799.75 102650 8316.83 5281.19 3035.64 2596.27 1650.57 94332.7 93631 1000.44 3168.79 945.701 1153.25
internal_count=620527 58368 562159 42166 26523 15643 13595 8861 519993 516162 5496 16327 4734 6156
is_linear=0
shrinkage=0.05


Tree=181
num_leaves=15
num_cat=0
split_feature=54 68 70 70 71 71 71 73 71 71 2 72 71 73
split_gain=21.8891 29.6508 63.0908 71.6064 76.3316 71.8642 42.6299 40.8091 56.5607 44.3342 44.7586 34.577 32.8347 43.995
threshold=0.23746725171804431 0.042889840900897987 0.0053841436747461566 -0.0018060587462969122 0.0064842579886317262 0.01553554041311145 0.019495605491101745 0.7083861529827119 -0.007645966485142707 0.04727261699736119 0.038981882855296142 0.01251419819891453 0.010274483822286131 0.76788634061813366
decision_type=10 10 2 2 2 2 2 2 2 2 2 10 2 2
left_child=1 7 3 -3 -5 -6 -7 9 -9 -1 -11 12 13 -10
right_child=-2 2 -4 4 5 6 -8 8 11 10 -12 -13 -14 -15
leaf_value=-0.00056126040322285176 0.00055871873420450279 -0.0049410137766998773 -0.0049267013168514612 0.02894885680176312 -0.005437993845304947 0.028771592995372037 0.0066215131408374518 0.013898420645539838 -0.017000064027938407 -0.023718273310794531 -0.00041857696803884297 -0.024805735840406407 0.00030318722500551613 -0.00017434548899462939
leaf_weight=36152.554177634418 67671.38710417226 841.02900859154761 1624.4921718556434 508.34594555571675 681.14103305712342 370.39056899398565 525.3560051638633 296.02480944618583 1097.4627637378871 410.07406834512949 405.40333600342274 291.4737216103822 1002.1638473737985 598.76218312047422
leaf_count=200050 366756 4894 9799 2922 4303 2227 3191 1643 8127 2455 1883 1841 6989 3837
internal_value=-8.8141e-06 -0.000865929 0.00295539 0.00733295 0.0122833 0.00676222 0.0159971 -0.00129856 -0.00662984 -0.000823027 -0.0122805 -0.00870189 -0.00687722 -0.0110965
internal_weight=112476 44804.7 4550.75 2926.26 2085.23 1576.89 895.747 40253.9 3285.89 36968 815.477 2989.86 2698.39 1696.22
internal_count=620917 254161 27336 17537 12643 9721 5418 226825 22437 204388 4338 20794 18953 11964
is_linear=0
shrinkage=0.05


Tree=182
num_leaves=15
num_cat=0
split_feature=19 28 5 57 16 67 74 69 69 69 74 74 74 74
split_gain=22.0307 25.8029 24.2102 26.0624 20.7432 19.7572 28.6428 73.7652 62.3455 84.4121 78.0678 94.7306 83.3362 82.0519
threshold=-0.019956167787313458 2.5193262100219731 0.71724092960357677 0.028948049992322925 -5.336902141571044 0.015115236863493921 0.0019295578822493555 0.15252932161092761 -0.060190718621015542 -0.078316114842891679 -0.016539857722818848 -0.011121466290205715 -0.022302128374576565 -0.0033699505729600783
decision_type=10 2 2 10 2 2 2 8 8 8 2 2 2 2
left_child=4 2 3 -2 -1 6 8 -8 9 10 12 -12 -4 -13
right_child=1 -3 5 -5 -6 -7 7 -9 -10 -11 11 13 -14 -15
leaf_value=-0.0012597973533171958 -0.019508664713432516 -0.012215464186716528 -0.0016757313598558339 0.0011138260413747565 -0.0087498987851388748 0.0017878804293564876 -0.00043642983386611044 -0.009466525323309799 0.0012922486219341962 -0.018109925494812041 -0.023379377573627416 0.011551731849430126 0.025110181532970139 -0.012660986774601214
leaf_weight=3636.476519651711 308.45400555245578 402.43017539568245 739.62581354752183 293.27018041163683 1231.4521649181843 19997.926012011245 31972.836528403684 2423.8043548781425 47986.684470368549 947.95697680301964 615.91899496503174 727.40316391922534 466.84180139005184 655.83966946415603
leaf_count=15781 2763 1905 3331 1353 5478 96543 185984 15449 276026 4560 2846 3319 1963 2991
internal_value=0.000117879 0.00026693 0.000314952 -0.00960371 -0.00316864 0.00037187 4.44741e-05 -0.00107531 0.000783256 -0.00508615 -0.00119046 -0.00723959 0.00881027 6.32312e-05
internal_weight=112407 107539 107137 601.724 4867.93 106535 86536.9 34396.6 52140.3 4153.59 3205.63 1999.16 1206.47 1383.24
internal_count=620292 599033 597128 4116 21259 593012 496469 201433 295036 19010 14450 9156 5294 6310
is_linear=0
shrinkage=0.05


Tree=183
num_leaves=15
num_cat=0
split_feature=73 73 73 71 52 59 53 71 73 71 73 73 73 71
split_gain=20.753 39.7617 38.906 29.635 24.6994 20.2112 24.1424 35.0651 48.0022 34.4248 25.3968 41.2676 39.7396 51.973
threshold=0.85966211557388317 0.85278713703155529 0.89463898539543163 0.020084842108190063 0.11709639802575113 6.5000000000000009 -0.31910476088523859 -0.012742594350129364 0.59182497859001171 -0.018380931578576561 0.15441858023405078 0.24076612293720248 0.32263550162315374 0.0091001270338892954
decision_type=2 2 2 2 10 10 8 2 2 2 2 2 2 2
left_child=1 5 4 -4 -2 6 7 8 9 -1 -9 -12 13 -13
right_child=2 -3 3 -5 -6 -7 -8 10 -10 -11 11 12 -14 -15
leaf_value=-0.0014525422246552937 0.0012348950778031623 0.015035825704785025 -0.0086298157582372758 0.0086267561094123379 -0.014893294447905181 -0.0052812607871089139 -0.00031087322754550493 0.013063148705048266 0.011617199291486307 -0.012165939502594349 -0.0091537940104611231 0.024065666143983665 0.0022123652767745642 0.00084146237408951247
leaf_weight=4746.0708387382329 317.68384726904333 431.18548064865172 383.66844552382827 667.3428598716855 912.50212210416794 1775.2913255766034 84585.710305906832 558.4909263253212 600.08538883179426 881.37408563680947 740.23898275196552 481.9190201535821 14939.214268777519 473.55801130831242
leaf_count=20423 2031 2329 2462 3280 6039 7706 493828 2337 2584 3820 3256 2015 66707 2091
internal_value=-4.24e-05 5.5508e-05 -0.0047523 0.00230533 -0.010752 -4.69359e-06 8.25176e-05 0.00150279 -0.00170986 -0.00314909 0.00266674 0.00231006 0.00284937 0.0126831
internal_weight=112494 110213 2281.2 1051.01 1230.19 109782 108007 23421 6227.53 5627.44 17193.4 16634.9 15894.7 955.477
internal_count=620908 607096 13812 5742 8070 604767 597061 103233 26827 24243 76406 74069 70813 4106
is_linear=0
shrinkage=0.05


Tree=184
num_leaves=15
num_cat=0
split_feature=16 13 73 69 72 71 72 69 69 74 73 69 71 71
split_gain=21.8039 22.8842 26.868 66.2322 79.2058 64.3068 84.4262 118.974 112.854 97.5238 92.7654 92.7147 101.26 88.1881
threshold=25.230439186096195 0.049533976241946227 0.68564194440841686 0.13680395483970645 0.0061896902043372401 0.045635942369699485 0.016811436042189602 -0.011117002926766871 -0.0020994962542317803 -0.011121466290205715 0.78874629735946666 0.10072816908359529 -0.0066218213178217402 0.01553554041311145
decision_type=2 10 2 10 10 2 10 8 8 2 2 8 2 2
left_child=1 2 3 -1 -5 6 7 -4 -9 -10 11 12 -11 -12
right_child=-2 -3 5 4 -6 -7 -8 8 9 10 13 -13 -14 -15
leaf_value=0.00048100132172232781 -0.003035964654212396 0.0039827116808722673 0.013485808546730968 0.029120534861573896 -8.1851120813533778e-06 0.012988799014306864 -0.015497320895251444 -0.027639547768768043 0.017891338907089934 0.025582026815435817 -0.0018344387972703312 -0.0099530434579207933 -0.0023767209194050323 0.010873936705739799
leaf_weight=78717.279559619725 4975.8273883908987 4149.2122159153223 1305.7085734978318 435.5489649977535 490.05741602554917 753.57392849214375 1056.6348818372935 411.2416150663048 618.97941893525422 326.55439019948244 3400.928875381127 4778.1928452048451 8585.2815563417971 2267.8501763734967
leaf_count=425673 28772 18232 6485 2042 2408 3968 5428 2443 3196 1821 20332 29244 56832 12860
internal_value=0.000196329 0.000346494 0.000199852 0.00063825 0.0138632 -0.00128523 -0.00176352 -0.00108779 -0.00202723 -0.00148644 -0.00211494 -0.0043413 -0.00132471 0.00325987
internal_weight=112273 107297 103148 79642.9 925.606 23504.9 22751.4 21694.7 20389 19977.8 19358.8 13690 8911.84 5668.78
internal_count=619736 590964 572732 430123 4450 142609 138641 133213 126728 124285 121089 87897 58653 33192
is_linear=0
shrinkage=0.05


Tree=185
num_leaves=15
num_cat=0
split_feature=6 57 72 72 71 72 68 68 68 72 53 72 68 12
split_gain=20.5795 23.9047 25.0361 91.4187 91.6365 46.912 38.1343 89.985 54.1583 37.2032 33.1503 31.511 29.1152 27.9473
threshold=1.1891509890556338 0.0021278010681271557 0.0046126006636768588 0.0040987152606248864 0.017434364184737209 0.0046515460126101979 -0.0020917954389005895 0.0099254120141267794 0.037829346954822547 0.0042985687032341966 -0.022425176575779911 0.0042410269379615792 0.02479304559528828 0.063594188541173949
decision_type=2 10 10 8 2 10 8 10 10 10 8 10 10 10
left_child=1 -1 3 4 13 -4 -5 -8 9 12 -11 -10 -9 -3
right_child=-2 2 5 6 -6 -7 7 8 11 10 -12 -13 -14 -15
leaf_value=-0.0048123836912944036 0.0074040282676472325 -0.0029634314608931209 0.016617872999745306 0.0091671544477517353 0.02234394843487671 0.00017018799464739941 -0.026737522400253823 0.016454579960620785 -0.026286612703417825 -0.0096280174239629472 0.0088632477042280364 -0.0091590676382087167 -0.00073702403932027812 0.0039419382458756305
leaf_weight=2651.265448262915 903.71250356920063 3429.9706223905087 425.47353401593864 319.85807028226554 485.99033148214221 97013.658987121657 579.92405157722533 387.44826339744031 359.76825099624693 1325.9773907195777 287.81927582249045 1060.7099226228893 645.37678138352931 2542.4116888307035
leaf_count=19551 4822 24172 2605 1957 2940 514048 4387 2689 2143 8950 2436 6794 4428 18601
internal_value=-6.92481e-05 -0.000130469 -1.60151e-05 -0.00222929 0.00169281 0.000243706 -0.00732231 -0.00847454 -0.00581124 -0.00156829 -0.00629584 -0.0136504 0.00580808 -2.21764e-05
internal_weight=112419 111516 108864 11425.3 6458.37 97439.1 4966.88 4647.02 4067.1 2646.62 1613.8 1420.48 1032.83 5972.38
internal_count=620523 615701 596150 79497 45713 516653 33784 31827 27440 18503 11386 8937 7117 42773
is_linear=0
shrinkage=0.05


Tree=186
num_leaves=15
num_cat=0
split_feature=27 0 69 1 69 69 73 72 72 72 69 73 72 69
split_gain=22.2659 33.6791 35.3092 19.2939 50.6467 74.8973 66.9265 60.1371 54.1805 46.9391 129.579 122.245 64.7726 121.131
threshold=0.55265751481056224 0.035132488235831268 0.049152795225381858 0.019559413194656376 0.041767353191971786 0.049152795225381858 0.41060118377208715 0.0056571010500192651 0.0042985687032341966 0.012679401785135271 -0.022396825253963467 0.31214115023612982 0.010468589607626201 0.027720605023205284
decision_type=2 2 10 8 10 10 2 10 10 10 8 2 10 8
left_child=1 2 -1 4 8 6 -6 -8 -2 10 -10 -11 13 -12
right_child=3 -3 -4 -5 5 -7 7 -9 9 11 12 -13 -14 -15
leaf_value=0.00023160621435994104 -0.020977599801414129 0.00042434614920731006 -0.0081352994045998678 -0.00035633021306080096 0.029222902241735356 0.0015081134700877814 0.023575408098728129 0.0021811543474498994 0.017764185173634307 0.0039257696377212282 0.0088207795936309334 -0.013776291315069335 -0.008720836813279181 -0.0043505341587183775
leaf_weight=2023.2875806652009 333.61345615796745 6219.3929555565119 3334.2750371005386 58163.638395560905 400.95978043228388 25734.074560623616 412.01464154198766 1493.0694590546191 1015.1383136510849 1818.8845166899264 3044.521128071472 2083.9914596248418 2077.6480125952512 4063.8924082517624
leaf_count=13134 3345 27006 23653 262343 2009 184407 3280 10962 5629 9465 19113 12983 12650 29284
internal_value=-3.66066e-06 -0.00207926 -0.00498099 0.000235282 0.00104525 0.00228384 0.0108966 0.00690706 -0.00136018 -0.000881623 0.000903357 -0.00553753 -0.0009772 0.00129518
internal_weight=112218 11577 5357.56 100641 42477.8 28040.1 2306.04 1905.08 14437.7 14104.1 10201.2 3902.88 9186.06 7108.41
internal_count=619263 63793 36787 555470 293127 200658 16251 14242 92469 89124 66676 22448 61047 48397
is_linear=0
shrinkage=0.05


Tree=187
num_leaves=15
num_cat=0
split_feature=68 69 68 71 57 9 74 71 68 73 74 70 71 70
split_gain=21.1124 51.9033 119.321 87.6367 41.6282 40.0103 38.4973 117.542 83.0197 90.6828 82.9747 133.821 77.7613 98.8641
threshold=-0.074138201773166643 -0.10739394277334212 -0.060296569019556039 0.0068225695285946139 0.057663613930344589 -0.0071037798188626758 -0.019179445691406723 -0.03858648054301738 0.039015367627143867 0.46610021591186529 -0.017201921902596947 -0.014948278665542601 -0.047380616888403886 -0.0052308095619082442
decision_type=8 8 10 2 8 2 2 2 8 2 2 2 2 2
left_child=4 2 -2 -4 5 -1 7 -3 9 -9 11 -8 13 -12
right_child=1 6 3 -5 -6 -7 10 8 -10 -11 12 -13 -14 -15
leaf_value=0.02101418913397702 -0.031318698424409722 0.0097278406836852557 0.013737061916171606 -0.015605552864133565 -0.00017390452604306412 0.0038940314834562668 0.021899041497456351 -0.014092147759597592 -0.030120036923566851 0.0040691152621728658 0.0029545985441525916 -0.0099637642423379674 0.00021505175593261889 -0.029378803491077417
leaf_weight=539.83395030349493 426.48612357117236 1065.2817575689405 533.69733018241823 468.34243390150368 2625.5472301915288 915.3274883069098 1032.2978138718754 1576.2341078259051 410.18359994329512 1206.5777121409774 443.40068429335952 474.83318339660764 100205.69673596509 492.39518871344626
leaf_count=2369 2010 4992 2310 2388 11489 4035 4814 7698 2152 5853 2050 2308 563772 2408
internal_value=6.7246e-05 -6.58914e-05 -0.00950012 3.95809e-06 0.00359332 0.0103453 6.10487e-05 -0.00459174 -0.00938465 -0.00623137 0.000254494 0.0118609 8.03884e-05 -0.0141893
internal_weight=112416 108335 1428.53 1002.04 4080.71 1455.16 106907 4258.28 3193 2782.81 102649 1507.13 101141 935.796
internal_count=620648 602755 6708 4698 17893 6404 596047 20695 15703 13551 575352 7122 568230 4458
is_linear=0
shrinkage=0.05


Tree=188
num_leaves=15
num_cat=0
split_feature=72 72 74 53 54 53 71 74 72 72 74 74 74 57
split_gain=23.126 29.739 29.3573 23.8587 45.0325 36.0869 38.4847 32.6621 43.6899 44.0881 38.0088 36.7494 73.2799 42.2605
threshold=0.054642656818032272 0.049865879118442542 -0.04474180564284324 -0.29873403906822199 0.33129347860813146 -0.11642924323678015 0.042148336768150337 -0.0062917259056121102 0.0088376142084598559 0.011299594305455686 -0.0085253990255296213 -0.0053308736532926551 -0.0049889306537806979 0.035083694383502013
decision_type=8 10 2 10 10 10 2 2 10 10 2 2 2 8
left_child=1 2 -1 -4 5 6 -5 8 -6 -10 -11 13 -13 -9
right_child=-2 -3 3 4 7 -7 -8 11 9 10 -12 12 -14 -15
leaf_value=-0.012631696550321113 -0.012177192852194482 0.013038063791610613 0.00097540401865995805 -0.0005883412257671175 0.0064483011258945171 -0.004933092596638127 -0.012613258711008532 -0.00072786910822136657 -0.00592561334374725 0.00068999604572709964 0.014884389471135885 0.020563005041292697 -0.00021553136051076255 -0.017686858345489269
leaf_weight=456.1120777297765 385.08991710096598 421.75850705802441 37205.872670773417 19420.565237281844 4665.750733749941 8214.0623073577881 679.03814062476158 865.33183308504522 2029.6837378982455 2197.7803186103702 590.84931282699108 419.64539788290858 34231.975394068286 629.47937220148742
leaf_count=2385 1736 1780 177599 110675 24510 73595 3852 5278 9819 10245 2752 2149 191378 2972
internal_value=-0.000101616 -5.90236e-05 -0.000109681 -5.71643e-05 -0.000576775 -0.00214283 -0.00100066 0.000395219 0.00300513 -0.000335468 0.00373991 -0.000290209 4.19652e-05 -0.00793954
internal_weight=112413 112028 111606 111150 73944.2 28313.7 20099.6 45630.5 9484.06 4818.31 2788.63 36146.4 34651.6 1494.81
internal_count=620725 618989 617209 614824 437225 188122 114527 249103 47326 22816 12997 201777 193527 8250
is_linear=0
shrinkage=0.05


Tree=189
num_leaves=15
num_cat=0
split_feature=69 71 71 74 71 71 69 59 71 74 69 74 74 74
split_gain=21.3145 126.149 152.239 140.477 110.296 131.056 98.6536 98.2982 94.3262 81.9352 78.2955 92.2853 91.9927 102.668
threshold=-0.013108383864164351 -0.010246572084724901 0.014794950373470785 0.012771621812134983 0.011771797668188812 0.0023981669219210748 -0.098924212157726274 2.5000000000000004 0.0068225695285946139 -0.0067598388995975247 -0.024361428804695603 -0.0094495052471756918 -0.015850028023123738 -0.03177575767040252
decision_type=8 2 2 2 2 2 10 10 2 2 10 2 2 2
left_child=1 10 3 4 5 9 7 -4 -7 -3 12 -12 13 -1
right_child=-2 2 6 -5 -6 8 -8 -9 -10 -11 11 -13 -14 -15
leaf_value=-0.011145027040540776 -0.00053609661048647085 0.022079903850379095 -0.03022785081346472 0.028302736543317199 0.029869788908735158 -0.020804665638617503 0.0023490947825299934 0.0018042175315754955 0.008381665404190072 0.0032794983622873742 -0.0096346902267765329 0.015944317280850901 -0.0088877931098141124 0.010739664655884457
leaf_weight=816.12833023443818 92908.580738257617 953.33199186436832 504.54570224322379 969.84628659300506 462.64827110990882 712.47634796798229 4397.1570654753596 446.0717538818717 441.65518720075488 1465.2957294248044 529.10857859998941 1015.922525247559 5137.9800191950053 1517.1120929941535
leaf_count=3991 530234 4202 2629 4327 2232 3447 20922 1932 2098 6702 2542 4710 23419 6734
internal_value=-0.000221529 0.00128685 0.00505022 0.0113082 0.00716396 0.00414855 -0.000817117 -0.0153347 -0.00965978 0.0107503 -0.00303528 0.00717895 -0.00515434 0.00306987
internal_weight=112278 19369.3 10353 5005.25 4035.41 3572.76 5347.77 950.617 1154.13 2418.63 9016.25 1545.03 7471.22 2333.24
internal_count=620121 89887 48491 23008 18681 16449 25483 4561 5545 10904 41396 7252 34144 10725
is_linear=0
shrinkage=0.05


Tree=190
num_leaves=15
num_cat=0
split_feature=59 71 84 71 9 71 72 71 72 71 72 71 72 73
split_gain=22.1861 20.4773 125.47 127.45 58.9788 55.2978 52.8063 48.8059 126.421 73.2878 72.158 65.3572 40.4998 96.0498
threshold=6.5000000000000009 0.029663254506886009 2.5000000000000004 0.033001665025949485 -0.023343021050095555 0.03201615437865258 0.0096821007318794745 0.019246594049036506 0.01715600956231356 0.019064009189605716 0.019190592691302303 0.019818781875073913 0.012218077201396229 0.59703505039215099
decision_type=10 2 2 2 2 2 10 2 10 2 10 2 10 2
left_child=1 7 3 5 -5 -3 -6 9 11 -1 -10 -9 13 -8
right_child=-2 2 -4 4 6 -7 12 8 10 -11 -12 -13 -14 -15
leaf_value=0.00017107180980931394 -0.0052843264658340647 0.0037082505315661988 0.0093707602780058324 0.011874146409322398 0.0065120408290896287 0.025234700080417102 -0.032834999273554592 -0.016012440327411542 -0.036056201736227582 0.019099576343333508 -0.0069633240506081955 -0.00044546208226166394 -0.0073355026679250424 0.00017745822288505576
leaf_weight=90352.075114004314 1923.2959772795439 874.85752696543932 3784.5439851246774 384.01968184486032 505.78663575649261 446.12903375551105 543.28689477220178 721.99970718845725 424.52584265545011 504.28685457259417 429.97290286794305 8555.8542556911707 2471.7441249862313 365.9625048507005
leaf_count=505047 8376 4538 18904 1801 2902 2315 3117 4166 2216 2492 1993 47711 12714 1923
internal_value=2.56326e-05 0.000118638 0.00235252 -0.00240571 -0.0066034 0.0111132 -0.00845479 -8.89796e-05 -0.00337869 0.000278222 -0.0216669 -0.00167282 -0.0107064 -0.0196905
internal_weight=112288 110365 9376.33 5591.79 4270.8 1320.99 3886.78 100989 10132.4 90856.4 854.499 9277.85 3380.99 909.249
internal_count=620215 611839 48214 29310 22457 6853 20656 563625 56086 507539 4209 51877 17754 5040
is_linear=0
shrinkage=0.05


Tree=191
num_leaves=15
num_cat=0
split_feature=68 68 68 72 72 70 70 68 70 70 70 70 72 72
split_gain=23.4655 104.735 86.7834 179.377 84.4695 80.2451 79.8445 79.4415 94.7192 62.0459 57.764 85.542 73.5552 97.6363
threshold=0.011834083124995233 0.0133026116527617 0.0048870842438191184 0.0064111214596778163 0.0082560591399669665 -0.017683968879282471 -0.0072101396508514872 0.0034869099035859112 0.0041887781117111453 -0.010116796009242533 0.0075431030709296474 0.0077313620131462821 0.0052435607649385938 0.0058862892910838136
decision_type=10 10 8 10 10 2 2 10 2 2 2 2 10 10
left_child=2 -2 7 -4 -5 -3 9 -1 -9 -7 -8 -12 -13 -14
right_child=1 5 3 4 -6 6 10 8 -10 -11 11 12 13 -15
leaf_value=-0.00016873514079877955 0.012872691890332959 -0.018748236074195589 -0.016567299845127392 0.010980020678271179 -0.0035134062028793511 -0.00018906331417081233 0.00083443434974037577 0.0037905394381615148 0.032715525539299455 0.011848015574702754 -0.0202913934316548 0.010685272764481597 -0.023902218456020533 -0.0021407342622488715
leaf_weight=36523.743973715231 1706.4968775417656 534.96060783602297 2488.483501682058 1218.5539605971426 5523.3742842078209 1796.6153291836381 46354.627924619243 1010.4432070031762 384.91065513156354 2637.9515448082238 668.48433272913098 1027.3782698139548 533.94566745311022 9907.0925889518112
leaf_count=181742 10075 2720 16907 6562 27567 9157 277056 5696 2081 13389 3760 6886 3305 53400
internal_value=7.08919e-05 0.00068558 -0.000778663 -0.00512364 -0.000881444 0.000355887 0.000521252 0.000280081 0.0119456 0.00698187 3.03265e-05 -0.00303897 -0.00201654 -0.0032754
internal_weight=112317 65167.6 47149.5 9230.41 6741.93 63461.1 62926.1 37919.1 1395.35 4434.57 58491.5 12136.9 11468.4 10441
internal_count=620303 379748 240555 51036 34129 369673 366953 189519 7777 22546 344407 67351 63591 56705
is_linear=0
shrinkage=0.05


Tree=192
num_leaves=15
num_cat=0
split_feature=15 72 12 14 54 14 73 70 70 72 84 68 70 68
split_gain=21.4456 20.8189 36.2183 19.7157 28.593 27.3061 57.9854 34.5733 60.0267 49.5153 32.5436 34.5334 26.2564 25.462
threshold=16.158908843994144 0.0040987152606248864 -0.039061533287167542 -0.15484956651926038 0.27179390192031866 -0.016337058506906029 0.31657269597053533 0.0014800503849983218 -0.00462390761822462 0.018182073719799522 1.5000000000000002 -0.068213950842618928 -0.0040907945949584237 -0.014353075530380009
decision_type=8 10 10 8 8 10 2 2 2 10 2 10 2 8
left_child=1 2 -1 12 5 -5 7 8 10 -9 -7 -12 -2 -6
right_child=3 -3 -4 4 13 6 -8 9 -10 -11 11 -13 -14 -15
leaf_value=-0.0039719027624472731 -0.0026178063243909554 0.00084997619715374787 0.013272449398083053 -0.00076113290921391615 0.0025979751500211962 0.010340241525161512 -0.0065882866638885791 0.018366906541861686 -0.018208420455653459 -0.0036184134658709026 0.0060382220978659022 -0.013445866958805439 0.003440357875789701 -0.00052174658716893144
leaf_weight=461.66269487142563 2471.4988524354994 22257.62130927667 863.32569945789874 14895.749501710758 7580.4162038862705 705.55766275897622 7135.3055972140282 591.43928770720959 443.63762965612113 441.12103811465204 436.55858623236418 455.10007668286562 6405.2196058947593 47267.03167656064
leaf_count=3071 10749 121831 6664 80995 35675 3409 53375 2856 2286 2102 2029 2382 28546 265119
internal_value=-0.000125886 0.00121414 0.00727929 -0.000481738 -0.000729991 -0.00212724 -0.00411787 0.00162028 -0.00215434 0.00902992 0.00239033 -0.00394523 0.00175257 -9.01777e-05
internal_weight=112411 23582.6 1324.99 88828.6 79951.9 25104.5 10208.7 3073.41 2040.85 1032.56 1597.22 891.659 8876.72 54847.4
internal_count=621089 131566 9735 489523 450228 149434 68439 15064 10106 4958 7820 4411 39295 300794
is_linear=0
shrinkage=0.05


Tree=193
num_leaves=15
num_cat=0
split_feature=71 71 74 74 74 74 71 74 74 74 73 74 73 74
split_gain=25.9653 19.4095 122.583 36.8133 34.8479 51.2308 104.89 79.2105 42.5339 90.16 107.614 79.5748 63.1947 70.7662
threshold=-0.10309150815010069 -0.060255499556660645 -0.015850028023123738 -0.034833572804927819 -0.028891491703689095 -0.021567674353718754 -0.014009495265781878 -0.02498772460967302 -0.014015431515872477 -0.011782031506299971 0.29116751253604894 -0.0098888655193150026 0.45128867030143743 -0.011121466290205715
decision_type=2 2 2 2 2 2 2 2 2 2 2 2 2 2
left_child=-1 2 -2 -3 -5 6 7 -6 -7 10 -10 12 -11 -14
right_child=1 3 -4 4 5 8 -8 -9 9 11 -12 -13 13 -15
leaf_value=0.010846629896084698 0.0086888728236440126 -0.012882803725121478 -0.02300217781006135 0.0098139447017334212 0.011876319466595278 0.0044637446237827212 -0.024269825111511881 -0.0094354761573425556 -0.029058679803699108 0.01506196375719783 -0.0038917396410589051 -9.9891351493469906e-05 0.014727551390431191 -0.0054673661359900278
leaf_weight=539.50610955432057 636.85508708283305 540.04257632978261 569.03422765247524 902.73275816626847 718.14694695733488 5455.8539290204644 645.11868754029274 1076.7695579454303 538.3121884688735 1553.1815290022641 1903.6537978108972 95382.932055130601 651.23350207693875 1251.6046545226127
leaf_count=2579 2798 2605 2612 4172 3338 26659 3361 5170 2518 7447 9712 537783 3297 6665
internal_value=4.45703e-06 -4.88166e-05 -0.00633167 2.02403e-05 8.47062e-05 3.36815e-06 -0.00714524 -0.000890059 0.000167442 -6.44117e-05 -0.00953548 0.000170526 0.00761256 0.00148507
internal_weight=112365 111825 1205.89 110620 110080 109177 2440.04 1794.92 106737 101281 2441.97 98839 3456.02 1902.84
internal_count=620716 618137 5410 612727 610122 605950 11869 8508 594081 567422 12230 555192 17409 9962
is_linear=0
shrinkage=0.05


Tree=194
num_leaves=15
num_cat=0
split_feature=72 72 72 71 69 70 70 72 72 68 70 70 84 71
split_gain=21.7598 67.0603 66.1943 74.9096 65.8867 53.6829 89.0173 39.7911 39.0845 38.192 43.995 56.2932 46.9907 38.1563
threshold=0.0046126006636768588 0.0046515460126101979 0.0040987152606248864 0.017434364184737209 0.11273750662803651 -0.0015601293416693804 -0.00058230204740539182 0.003753507044166327 0.0033026935998350386 0.037134038284420974 0.0022063588257879023 0.003871326101943851 1.5000000000000002 0.0069754852447658786
decision_type=10 10 8 2 8 2 2 10 10 10 2 2 2 2
left_child=2 -2 3 4 5 7 -7 8 -1 10 13 -12 -13 -8
right_child=1 -3 -4 -5 -6 6 9 -9 -10 -11 11 12 -14 -15
leaf_value=0.0051710741552054313 0.019162706904249018 1.4302383758691977e-05 -0.0064440142628318167 0.019099587979942882 -0.0122996663288786 -0.02503007514844563 -0.0057845500932788372 -0.00022205611827619089 0.026851704978716834 -0.013902182029619851 0.02453544586371556 -0.011115845505469957 0.014027299208120105 0.009930285475978972
leaf_weight=390.50224260240793 449.33507505431771 100051.70449740626 5116.490165669471 522.11429711990058 976.73396532796323 347.8077282756567 1444.3235585074872 559.26573482528329 449.15690709091723 366.27172043733299 438.72828851640224 347.88828318379819 376.79035953618586 516.15634335577488
leaf_count=2868 2705 534476 35294 3222 7277 2557 10689 3723 3143 2582 3039 2563 2831 3816
internal_value=-0.000137225 0.000101812 -0.00216252 0.00109445 -0.000446728 0.00178319 -0.00127796 0.010131 0.0169482 0.00115378 0.0029578 0.0106162 0.0019701 -0.00161774
internal_weight=112353 100501 11852.2 6735.74 6213.63 5236.89 3837.97 1398.92 839.659 3490.16 3123.89 1163.41 724.679 1960.48
internal_count=620785 537181 83604 48310 45088 37811 28077 9734 6011 25520 22938 8433 5394 14505
is_linear=0
shrinkage=0.05


Tree=195
num_leaves=15
num_cat=0
split_feature=71 84 68 69 72 71 69 69 71 72 70 84 69 71
split_gain=21.5111 95.401 138.258 113.496 92.0532 90.9537 131.986 132.101 143.245 161.263 94.3353 91.713 71.7365 112.435
threshold=-0.013176687993109224 1.5000000000000002 -0.087453853338956819 0.071688499301671996 0.02781627140939236 -0.017686145380139347 -0.029061963781714436 -0.020707927644252774 -0.019379357807338234 0.012092315126210453 0.0046999931801110515 1.0000000180025095e-35 -0.086764372885227189 -0.037121023982763283
decision_type=2 2 10 8 10 2 8 10 2 10 2 2 10 2
left_child=1 5 4 12 -3 6 -1 -8 9 10 -9 -11 13 -4
right_child=-2 2 3 -5 -6 -7 7 8 -10 11 -12 -13 -14 -15
leaf_value=-0.0048800856276061443 0.00034879390034944178 0.021494581517665794 -0.039386426176584159 0.003314940181584734 -0.0051431614200376534 -0.0090669692214744111 0.03361448561375581 0.0013753601928908111 0.028197761204218852 0.036842844161205694 -0.021710405527077165 0.0071084831546874769 -0.0069037164887514914 -0.0040135270738867164
leaf_weight=2528.1974044609815 89263.214872488752 817.81981031224132 441.81669096834958 2681.5463539902121 527.90734712965786 1435.5976738203317 483.16379816271365 2783.3708674963564 648.60209728032351 452.55786200240254 515.94697215221822 604.16344898752868 8560.0431857276708 451.83004645630717
leaf_count=11631 509062 3420 2044 13313 2403 7566 2184 13579 3126 2003 2528 2766 42282 2020
internal_value=-2.14755e-06 -0.00136772 -0.00406678 -0.00575467 0.0110842 0.00248223 0.00455931 0.00890894 0.00646152 0.00316788 -0.00228948 0.0200687 -0.00832806 -0.0217441
internal_weight=112196 22932.6 13481 12135.2 1345.73 9451.6 8016 5487.81 5004.64 4356.04 3299.32 1056.72 9453.69 893.647
internal_count=619927 110865 65482 59659 5823 45383 37817 26186 24002 20876 16107 4769 46346 4064
is_linear=0
shrinkage=0.05


Tree=196
num_leaves=15
num_cat=0
split_feature=70 68 68 70 70 68 68 50 1 70 5 70 70 68
split_gain=20.657 75.7379 72.7278 59.2317 43.6089 55.1536 93.2871 58.9579 44.243 44.02 32.4058 32.0365 43.3319 79.1203
threshold=-0.0087212771177291853 -0.068213950842618928 -0.056210340932011597 -0.025290560908615586 -0.006910554599016904 0.012962502893060448 0.0069403417874127635 0.028943182900547985 0.033771643415093429 -0.0076345256529748431 1.0166643261909487 -0.030434315092861649 -0.011970254592597483 0.029002021998167041
decision_type=2 8 8 2 2 10 10 2 8 2 2 2 2 10
left_child=1 3 -3 -1 5 6 7 -2 -7 -9 -5 -4 -13 -14
right_child=4 2 11 10 -6 8 -8 9 -10 -11 -12 12 13 -15
leaf_value=-0.00049492259714997971 -0.0076475848188154094 -0.019238745502881096 -0.013039730911704593 0.02474066050286183 3.9916001664898337e-05 0.015481240131838046 -0.019542179505100139 0.0033418173948644523 -0.002012259958819099 0.02173762680331677 0.0073158537694497346 0.00045815949495062164 -0.0094058345433895019 0.0065940787802011768
leaf_weight=1400.7890333645046 630.24699545092881 655.84474194049835 648.64836649037898 472.55858533084393 91602.130252132192 1503.0325696077198 475.74689461104572 812.63682943768799 472.08139251172543 537.17029830627143 624.75624606572092 8030.4998444803059 3350.9656793363392 995.48944530263543
leaf_count=6493 3252 3150 3303 2018 518273 8144 2531 3985 2026 2543 2724 39415 17159 5049
internal_value=-3.99293e-06 -0.00165618 -0.00311853 0.00633322 0.000274509 0.00511335 0.000103167 0.00489783 0.011311 0.0107686 0.0149755 -0.00229273 -0.00171944 -0.00573457
internal_weight=112213 16179.6 13681.4 2498.1 96033 4430.91 2455.8 1980.05 1975.11 1349.81 1097.31 13025.6 12377 4346.46
internal_count=620065 79311 68076 11235 540754 22481 12311 9780 10170 6528 4742 64926 61623 22208
is_linear=0
shrinkage=0.05


Tree=197
num_leaves=15
num_cat=0
split_feature=15 51 54 69 5 27 59 72 69 72 69 72 72 16
split_gain=21.3821 23.0949 19.8317 32.5174 63.1331 38.2555 31.6552 50.6968 31.3713 73.3113 121.163 43.6155 112.468 92.4733
threshold=15.55005979537964 -0.36005924642086024 0.33129347860813146 -0.013108383864164351 0.86646500229835521 1.4437882304191592 1.5000000000000002 0.021474678069353107 0.034279244020581252 0.010468589607626201 0.027720605023205284 0.01251419819891453 0.013351017143577339 -3.4894125461578365
decision_type=8 8 10 8 2 2 10 10 8 10 10 10 10 2
left_child=1 -1 3 4 -2 8 7 -6 9 10 -5 -10 13 -13
right_child=2 -3 -4 5 6 -7 -8 -9 11 -11 -12 12 -14 -15
leaf_value=-0.0093367481131245399 0.011244106521656234 0.0018767881120118975 0.00056485100954868812 0.0051547577595803182 -0.00049766794420012383 0.0025682941307232751 0.0043616485801908139 -0.015492584420460566 -0.0021432384467496303 -0.010790687600005566 -0.01799746725952318 0.037910495584109048 -0.0035887642001667767 0.0044013156899236358
leaf_weight=460.22336228191853 1424.7708773408085 19904.168977975845 45834.400701763108 2489.6624939180911 6117.6947459839284 4651.2058671973646 2897.6873264424503 610.97608260065317 21790.580117933452 3170.5282271169126 720.16577148623765 370.02803924679756 1362.0487308185548 455.87746493890882
leaf_count=1956 6786 111821 242014 14525 29683 25833 12751 2919 139538 16891 4374 1807 6824 2741
internal_value=0.000153465 0.00161891 -0.000171424 -0.000904036 0.00145961 -0.00165034 1.26901e-06 -0.0018802 -0.0022973 -0.00541066 -7.95011e-05 -0.00146696 0.00524741 0.0196883
internal_weight=112260 20364.4 91895.6 46061.2 11051.1 35010.1 9626.36 6728.67 30358.9 6380.36 3209.83 23978.5 2187.95 825.906
internal_count=620463 113777 506686 264672 52139 212533 45353 32602 186700 35790 18899 150910 11372 4548
is_linear=0
shrinkage=0.05


Tree=198
num_leaves=15
num_cat=0
split_feature=3 72 72 69 68 68 68 71 69 68 74 71 72 74
split_gain=20.0243 45.4414 28.1559 66.3068 41.5263 26.7864 36.9043 33.1653 29.9793 53.388 26.5014 51.1939 52.4086 32.0456
threshold=1.0000000180025095e-35 0.016811436042189602 0.006043023196980358 0.13544805347919467 0.00057709633256308745 0.010540382005274298 0.0048870842438191184 -0.009673495311290024 0.10023048147559167 0.043877916410565383 -0.00060085451696068038 0.00033866609737742698 0.0042985687032341966 -0.0056492823641747228
decision_type=2 8 10 10 10 10 10 2 8 10 2 2 10 2
left_child=1 2 3 4 -1 6 -6 -7 10 -10 11 12 -9 -13
right_child=-2 -3 -4 -5 5 7 -8 8 9 -11 -12 13 -14 -15
leaf_value=0.010675050016456716 -0.00035198642107315582 -0.01137205765382082 0.0028178875452976168 0.020773664043505405 0.0020871444881999123 0.013818486102725775 -0.019616588819916975 0.010490068451389516 -0.012316040455740987 0.0069700507393986233 -0.0030367768876706927 -0.0049983498227026708 -0.019041867452550498 0.015127633865327623
leaf_weight=630.8025277890265 86546.477784644812 685.50013480708003 16258.919760761783 335.69786476157606 319.35046175122261 323.9614637400955 489.35253485478461 245.43531381897628 1449.1903382726014 468.5697816926986 3029.0873403493315 246.94615504518151 358.08877631649375 905.71765658445656
leaf_count=5246 418143 4102 115958 2054 2998 2458 4725 2339 13338 4266 30722 2139 3124 8941
internal_value=1.22047e-05 0.00123608 0.00158535 -0.000691926 -0.00156654 -0.00256439 -0.0111251 -0.00156476 -0.00232772 -0.00759212 -0.000206507 0.00466472 -0.00705688 0.0108099
internal_weight=112293 25746.6 25061.1 8802.2 8466.5 7835.7 808.703 7027 6703.04 1917.76 4785.28 1756.19 603.524 1152.66
internal_count=620553 202410 198308 82350 80296 75050 7723 67327 64869 17604 47265 16543 5463 11080
is_linear=0
shrinkage=0.05


Tree=199
num_leaves=15
num_cat=0
split_feature=69 74 68 74 84 84 68 69 69 84 74 68 74 69
split_gain=27.066 64.2466 63.717 76.715 110.69 101.063 111.018 57.7018 56.5729 82.2911 105.285 92.446 78.2369 69.996
threshold=0.10132142156362535 -0.0043106127995997659 0.033590722829103477 0.009623791556805374 3.5000000000000004 1.5000000000000002 0.01952229626476765 0.12366035953164102 0.090995021164417281 2.5000000000000004 -0.0024369691964238878 0.039957420900464065 -0.0026918275980278845 0.095358736813068404
decision_type=10 2 10 2 2 2 10 10 10 2 2 10 2 10
left_child=8 -2 3 4 5 -3 -7 -8 -1 10 13 12 -11 -10
right_child=1 2 -4 -5 -6 6 7 -9 9 11 -12 -13 -14 -15
leaf_value=0.00010343541926855801 0.003090664451889694 -0.012968329996688847 -0.00036822325810548993 0.0029638555267226096 -0.023726606750490896 0.02522870503628204 -0.007830069202610963 0.013687683729645307 0.0039474501444615208 0.024891442470974356 0.0054739769574862727 -0.0040523293066898718 0.0068738001573563218 -0.020470606217957973
leaf_weight=81380.531466908753 5892.6474737543613 2424.7726433742791 10213.207114808261 1674.1087854001671 1057.1278750896454 400.46910379640758 1512.5274282768369 382.11413562484086 448.50006018020213 1151.0366724319756 2714.1111936792731 800.41115656122565 1274.6489674579352 823.94523827172816
leaf_count=450119 30880 13780 57959 8534 6146 2144 8731 2012 2492 5738 14938 4718 6968 4527
internal_value=7.92821e-05 -0.00142669 -0.00293454 -0.00644696 -0.00917451 -0.00587196 0.00164905 -0.00344126 0.000479838 0.00472077 -8.75095e-05 0.0106444 0.0154906 -0.0119003
internal_weight=112150 23557 17664.3 7451.12 5777.01 4719.88 2295.11 1894.64 88593.2 7212.65 3986.56 3226.1 2425.69 1272.45
internal_count=619686 130186 99306 41347 32813 26667 12887 10743 489500 39381 21957 17424 12706 7019
is_linear=0
shrinkage=0.05


Tree=200
num_leaves=15
num_cat=0
split_feature=79 60 72 72 68 69 72 72 70 68 71 68 70 68
split_gain=17.8633 18.3994 37.8194 83.5036 68.02 102.927 76.8799 47.5296 123.285 126.197 120.358 155.656 70.733 53.2899
threshold=-0.063099931925535188 1.0000000180025095e-35 0.011299594305455686 0.010734383016824724 -0.014353075530380009 0.054390531033277519 0.0089646033011376875 0.013164927251636984 0.006220349809154869 -0.023032579571008679 -0.007645966485142707 0.017273475416004661 0.014547865837812425 0.025959110818803314
decision_type=8 8 10 8 8 8 10 10 2 8 2 8 2 8
left_child=-1 -2 3 4 5 6 -3 8 9 -4 -11 -12 -10 -13
right_child=1 2 7 -5 -6 -7 -8 -9 12 10 11 13 -14 -15
leaf_value=-0.0023453244782786127 0.00083339616520282378 -0.010543432678500031 0.024891993470918378 -0.014030415564418922 -0.0018632514145108176 0.023877141160031187 0.0093815466347301757 -0.00039350525510102737 -0.01188742389114758 -0.010864059489464079 0.028256289753503756 -0.013716108562609309 0.0064238184048297274 0.0070103859557905119
leaf_weight=7572.5141420122236 52157.180621480569 834.19228967279196 1020.8953955695033 1294.3307215962559 26080.5720680058 638.24041261896491 1125.1568487025797 16266.004307331517 1365.027079526335 883.77391894347966 811.04161826148629 420.193972337991 847.36734667792916 1101.5619607660919
leaf_count=44040 326812 3761 4435 6161 129163 2815 5008 73494 6387 3874 3766 2115 3817 5435
internal_value=-1.72818e-06 0.000167747 -0.000491225 -0.00165719 -0.00109405 0.00660647 0.000888031 0.00104726 0.00467573 0.00966282 0.00476712 0.0107101 -0.0048767 0.00123511
internal_weight=112418 104846 52688.4 29972.5 28678.2 2597.59 1959.35 22715.9 6449.86 4237.47 3216.57 2332.8 2212.39 1521.76
internal_count=621083 577043 250231 146908 140747 11584 8769 103323 29829 19625 15190 11316 10204 7550
is_linear=0
shrinkage=0.05


Tree=201
num_leaves=15
num_cat=0
split_feature=29 7 73 15 53 27 57 52 71 71 54 71 74 74
split_gain=19.7912 17.4911 23.2628 21.3388 26.271 20.3275 23.4889 24.8773 19.1139 79.0246 54.6754 53.7818 130.506 46.6032
threshold=0.52232569456100475 0.070272825658321394 0.30249074101448065 12.784933567047121 -0.042631616815924638 0.90657380223274242 0.033286157995462425 0.1362024322152138 -0.013176687993109224 -0.017686145380139347 0.20494264364242556 -0.011045068968087433 -0.010353708174079655 -0.001689549535512924
decision_type=2 2 2 8 8 2 10 10 2 2 8 2 2 2
left_child=1 2 -1 4 -4 -5 -7 -8 9 10 -3 12 -10 -11
right_child=-2 8 3 5 -6 6 7 -9 11 13 -12 -13 -14 -15
leaf_value=0.010293244989319114 -0.0022182912534591294 -0.0034073778936111522 0.0090722147664190917 -0.0020315624420575002 -0.0036122104962152501 0.0046521478758583066 0.0014546453854762127 -0.012953687042809983 -0.016244146439362624 -0.013171979396301376 0.0024478062263633645 0.0001486114615222353 0.013338632098727968 -0.0014207736037329069
leaf_weight=784.87156478688121 8700.158714003861 6657.3238714151084 1628.4173461422324 4454.8806445617229 537.50365660339594 3727.8144734911621 982.52410328388214 419.93883218057454 451.26240945979953 1990.1175397001207 9907.9748209826648 68521.324166726321 1952.9433688092977 1463.8840544223785
leaf_count=4949 50589 31078 11864 42590 5163 33544 6709 2480 2221 9731 44680 357806 9295 7265
internal_value=7.07143e-05 0.000263358 0.00201347 0.00145217 0.00592226 0.000436956 0.00258028 -0.0029208 2.19266e-05 -0.00134205 9.4067e-05 0.000407056 0.00774174 -0.00821003
internal_weight=112181 103481 12536 11751.1 2165.92 9585.16 5130.28 1402.46 90944.8 20019.3 16565.3 70925.5 2404.21 3454
internal_count=619964 569375 107299 102350 17027 85323 42733 9189 462076 92754 75758 369322 11516 16996
is_linear=0
shrinkage=0.05


Tree=202
num_leaves=15
num_cat=0
split_feature=53 68 71 72 72 74 24 71 71 72 72 72 71 71
split_gain=24.3149 41.5694 62.943 55.8462 48.0365 50.6959 35.3164 28.9673 48.4315 28.647 28.6298 65.4335 51.8195 102.674
threshold=-0.098719567060470567 0.033590722829103477 0.0034675771603360776 0.0057623712345957765 0.0083139939233660715 -0.00092799347476102401 0.060224186629056937 0.0108777335844934 0.0089837969280779379 0.0099148382432758825 0.0097154779359698313 0.0063708887901157149 -0.0082825054414570314 -0.0028535831952467556
decision_type=10 10 2 10 10 2 2 2 2 10 10 10 2 2
left_child=-1 7 3 -3 5 -5 -4 8 10 -9 11 -2 -13 -14
right_child=1 2 6 4 -6 -7 -8 9 -10 -11 -12 12 13 -15
leaf_value=0.00044072286031176253 -0.0044001709104787715 -0.0044827101049741257 -0.0023926132311356749 0.007415100073408675 0.0011064295153112929 0.028291333969589452 0.00596107402632505 -0.0086231353997481674 0.01140898363600115 -0.0014288432530832926 -0.0054146402498374772 0.0087266892288270347 -0.017069338902882925 0.0045818309972446916
leaf_weight=80634.358008272946 5432.4746326263994 604.0767577663064 6327.6774328649044 546.52229254879057 569.35343256033957 635.39110993780196 1570.8934908956289 3207.537215333432 700.49124105274677 2435.9516601916403 4255.7686372790486 2442.8470749910921 739.50260659307241 2022.8258199393749
leaf_count=406601 45173 4424 46033 3236 3040 4119 7957 23507 5173 14511 23644 14140 4764 13315
internal_value=-1.94215e-05 -0.0011974 0.00141604 0.00857124 0.0130739 0.0187813 -0.000725768 -0.0024593 -0.00134669 -0.00552582 -0.00195389 -0.000565574 0.00343724 -0.00125506
internal_weight=112126 31491.3 10253.9 2355.34 1751.27 1181.91 7898.57 21237.4 15593.9 5643.49 14893.4 10637.7 5205.18 2762.33
internal_count=619637 213036 68809 14819 10395 7355 53990 144227 106209 38018 101036 77392 32219 18079
is_linear=0
shrinkage=0.05


Tree=203
num_leaves=15
num_cat=0
split_feature=73 73 68 69 71 1 71 69 68 68 73 73 73 69
split_gain=18.9243 76.0217 60.6767 104.318 89.7627 64.8445 58.839 70.8573 54.2976 59.2832 151.009 102.151 158.15 142.872
threshold=0.68877029418945324 0.69456070661544811 0.033590722829103477 0.11711912974715234 0.018401729874312881 0.019893558695912365 -0.0066218213178217402 0.06681345030665399 0.032032359391450889 0.011834083124995233 0.54025754332542431 0.44426245987415319 0.45992848277091986 0.056628640741109855
decision_type=2 2 10 10 2 8 2 10 10 10 2 2 2 10
left_child=2 -2 3 8 -5 -4 -7 -8 9 10 11 -1 13 -13
right_child=1 -3 5 4 -6 6 7 -9 -10 -11 -12 12 -14 -15
leaf_value=-0.00097319116878717682 -0.011702302374288194 -0.00051476966645846935 0.0087836949946254704 -0.011434560255494089 0.009299547969197049 0.01540210975910164 -0.013789712950718406 0.0015750128166265275 -0.0097461291379552749 0.0025072178318089971 -0.0080705510806923005 0.010438146898538406 0.0020181395251162057 0.044219031691383567
leaf_weight=30308.195324938744 1606.634863987565 25030.533090749756 4137.8588627018034 3256.0438792034984 613.46545353718102 585.27755068987608 907.20234508067369 4117.2109565772116 1314.2151044700295 23761.346968481317 5844.0621890537441 1345.3603198882192 9017.3582789003849 401.99898925796151
leaf_count=147515 9653 148664 27440 18719 3241 2493 4214 18723 7570 139826 33319 7140 49893 1912
internal_value=-3.00614e-05 -0.00119369 0.000332095 -0.000145253 -0.00813191 0.00404349 0.000537571 -0.0012211 0.00028509 0.000472966 -0.000557607 0.000513077 0.0046947 0.0184172
internal_weight=112247 26637.2 85609.6 75862 3869.51 9747.55 5609.69 5024.41 71992.5 70678.3 46917 41072.9 10764.7 1747.36
internal_count=620322 158317 462005 409135 21960 52870 25430 22937 387175 379605 239779 206460 58945 9052
is_linear=0
shrinkage=0.05


Tree=204
num_leaves=15
num_cat=0
split_feature=3 72 73 73 70 70 70 70 72 72 58 58 84 70
split_gain=21.6212 32.1459 40.1842 54.3677 49.8505 54.1382 47.1938 33.2992 31.5408 69.7321 36.0904 41.4496 26.4678 25.8199
threshold=1.0000000180025095e-35 0.016811436042189602 0.45992848277091986 0.44426245987415319 0.010333086363971235 0.0059275128878653058 0.0079406942240893858 -0.0014947883319109676 0.013739499729126694 0.014730440452694895 0.0082697411999106425 -0.0081638395786285383 3.5000000000000004 -0.012489960994571446
decision_type=2 8 2 2 2 2 2 2 10 10 2 2 2 2
left_child=1 2 3 8 5 12 -7 -5 10 -10 11 13 -4 -1
right_child=-2 -3 4 7 -6 6 -8 -9 9 -11 -12 -13 -14 -15
leaf_value=0.023057038811465674 -0.00039383220813438201 -0.009389740390935597 0.0009254143614180699 0.0054341335601144816 -0.0089871069669142604 0.014244414250390129 0.00057707195688529753 0.027792099544708571 -0.020111034305543937 0.0068509743121632424 0.016080696659019435 0.0011210808876390462 -0.0044677884881271284 0.0051773729570715439
leaf_weight=370.13330015726388 86480.449737232178 680.07690427452326 11402.198642427102 301.66391617618501 1325.8266435470432 1325.9482923652977 1199.7104525174946 378.83128439448774 417.50231556780636 537.99224116653204 617.6323441490531 3865.4986170269549 2831.3007514607161 446.9857443831861
leaf_count=1913 418020 4099 98063 2071 10165 11323 10238 2611 2516 2991 3402 25677 24339 2532
internal_value=-1.54016e-05 0.00125761 0.00155064 0.00478317 0.00030889 0.00104922 0.00778018 0.018103 0.00330767 -0.00501632 0.00481489 0.00329784 -0.000149775 0.0134572
internal_weight=112182 25701.3 25021.2 6936.24 18085 16759.2 2525.66 680.495 6255.74 955.495 5300.25 4682.62 14233.5 817.119
internal_count=619960 201940 197841 43713 154128 143963 21561 4682 39031 5507 33524 30122 122402 4445
is_linear=0
shrinkage=0.05


Tree=205
num_leaves=15
num_cat=0
split_feature=68 73 68 70 68 74 73 72 58 70 74 68 74 74
split_gain=19.7035 46.7793 133.44 94.2178 70.4319 44.3372 53.7926 51.766 38.0041 35.6006 57.7838 121.222 102.957 88.2291
threshold=-0.074138201773166643 0.21545944362878802 -0.070670504122972475 -0.015494504012167452 -0.060296569019556039 -0.0026918275980278845 0.11478942260146142 0.016343498602509502 -0.019109893590211865 -0.030434315092861649 -0.02498772460967302 -0.0082385642454028112 -0.019179445691406723 -0.018208967521786686
decision_type=8 2 8 2 10 2 2 10 2 2 2 10 2 2
left_child=5 2 -2 -4 -3 7 -7 -1 -9 -6 11 -11 -12 -14
right_child=1 4 3 -5 9 6 -8 8 -10 10 12 -13 13 -15
leaf_value=0.019868179601756047 -0.030682955690789555 0.016664687791690318 -0.022646854960307116 0.00056271326423061477 -0.011867176371239067 0.0043918543188619964 -0.014283540238498468 -0.0050826226346626785 0.0094783123166768991 0.028596456893658757 -0.011562244390555585 -0.0028676893087076407 0.024003989256707992 0.00013272806771945315
leaf_weight=635.68642350845039 444.78335107117891 633.03714944981039 485.45794963091612 3718.7643896918744 611.29772365093231 969.70737458579242 626.52442743629217 765.043944850564 1055.3389563430101 532.49254674650729 1877.403427451849 698.81834610365331 378.60187247209251 98897.357294945046
leaf_count=2761 2076 2887 2410 17565 3074 4158 2711 3613 4598 2458 9480 3240 1768 557775
internal_value=7.63596e-05 -5.18951e-05 -0.00495308 -0.00216466 0.000168439 0.00349503 -0.00298157 0.00769929 0.00336452 6.54409e-05 0.000137838 0.01086 6.25877e-06 0.000226173
internal_weight=112330 108278 4649.01 4204.22 103629 4052.3 1596.23 2456.07 1820.38 102996 102385 1231.31 101153 99276
internal_count=620574 602733 22051 19975 580682 17841 6869 10972 8211 577795 574721 5698 569023 559543
is_linear=0
shrinkage=0.05


Tree=206
num_leaves=15
num_cat=0
split_feature=13 73 73 72 69 72 72 69 72 72 71 72 68 68
split_gain=21.1138 19.8918 128.313 73.5726 169.243 107.76 99.8235 96.4933 92.1703 99.9522 85.7802 70.8413 104.346 99.2153
threshold=-0.12068118155002593 0.32263550162315374 0.32778233289718633 0.0085598342120647448 0.03979728743433953 0.010240829084068538 0.0071378787979483613 0.013319937512278559 0.013739499729126694 0.014061937574297191 -0.015909668989479538 0.012679401785135271 -0.044340465217828744 -0.040725640952587121
decision_type=10 2 2 10 10 10 10 10 10 10 2 10 10 8
left_child=-1 3 -3 6 7 -6 -2 8 11 -10 -8 12 -5 -13
right_child=1 2 -4 4 5 -7 10 -9 9 -11 -12 13 -14 -15
leaf_value=-0.0078656757848250842 0.011556678937951922 -0.026361267259290166 -4.3184398876831235e-05 -0.0049851114528389594 0.0065956720453296067 0.039167144801660898 -0.021049717534062255 -0.016836380728791355 -0.019443181588955999 0.0010023386711771165 0.0024931897106635396 0.034964884734351886 0.012984756943211568 0.0051510987609821954
leaf_weight=825.47754071094096 551.27522437274456 455.43055919930339 93685.759628115222 1505.5043009668589 525.77847165241838 490.15374090522528 1091.6640908941627 672.83204018138349 634.00024913996458 8318.6712407637388 593.3487034086138 519.62476735748351 1723.0730207413435 598.47739421762526
leaf_count=3804 2783 2510 533740 7187 2336 2028 5326 3434 3005 37692 3067 2358 7946 2712
internal_value=5.31973e-05 0.000112595 -0.000173291 0.00167432 0.00293736 0.0225389 -0.00676626 0.00149701 0.00243648 -0.000465627 -0.0127937 0.00840116 0.00461578 0.0191938
internal_weight=112191 111366 94141.2 17224.4 14988.1 1015.93 2236.29 13972.2 13299.4 8952.67 1685.01 4346.68 3228.58 1118.1
internal_count=619928 616124 536250 79874 68698 4364 11176 64334 60900 40697 8393 20203 15133 5070
is_linear=0
shrinkage=0.05


Tree=207
num_leaves=15
num_cat=0
split_feature=28 68 84 74 74 68 72 73 73 73 74 74 68 73
split_gain=18.1359 29.8041 21.7325 89.4376 93.8112 73.3986 63.5946 52.696 133.462 124.19 64.5557 83.9429 135.991 294.722
threshold=1.4584350585937502 0.049752205610275275 3.5000000000000004 -0.014473744202405213 -0.0087665244936943037 -0.074138201773166643 0.010734383016824724 0.57494938373565685 0.56048390269279491 0.60697093605995189 0.015859296545386318 0.0071679097600281247 -0.042685111984610551 0.32263550162315374
decision_type=2 10 2 2 2 10 10 2 2 2 2 2 10 2
left_child=2 -2 -1 5 6 -4 -5 8 10 -9 11 12 -6 -14
right_child=1 -3 3 4 7 -7 -8 9 -10 -11 -12 -13 13 -15
leaf_value=0.00057140629499456089 -0.0030152780741747025 0.0073690456394511702 0.0065270713789112797 0.0040741526476030659 -0.032442809049412956 -0.017780451255091891 0.022929177579680923 0.016120528350845428 -0.026109536105024946 -0.0012079169859569774 -0.015926592605305569 0.009068819290860097 0.02683083440948407 -0.0078814908374006173
leaf_weight=82563.612689057365 8175.8788696769625 745.17806780338287 399.4416769258678 1584.3941747397184 381.73560779355466 1319.4718516506255 616.36118724010885 1174.2879494074732 650.10180829651654 8138.3903272133321 788.73766933754086 1580.9649165850133 736.58583089895546 3369.7455389145762
leaf_count=460170 40527 3693 1851 8148 1743 6946 2803 6996 3864 49466 3748 8246 3424 18801
internal_value=2.10525e-05 -0.00214059 0.000207916 -0.00123866 -0.000248871 -0.0121268 0.00943467 -0.00152069 -0.00463467 0.000992072 -0.00256385 -0.000803869 -0.00429405 -0.00160481
internal_weight=112225 8921.06 103304 20740.2 19021.3 1718.91 2200.76 16820.5 7507.87 9312.68 6857.77 6069.03 4488.07 4106.33
internal_count=620426 44220 576206 116036 107239 8797 10951 96288 39826 56462 35962 32214 23968 22225
is_linear=0
shrinkage=0.05


Tree=208
num_leaves=15
num_cat=0
split_feature=15 71 68 71 69 72 72 69 71 71 68 71 71 69
split_gain=19.9969 20.7023 58.9573 57.6872 68.2724 90.5381 79.6746 53.0166 49.0354 87.4934 68.0513 56.7037 79.0513 105.681
threshold=11.31924343109131 0.029663254506886009 0.066133540123701109 0.035684701055288322 0.099641803652048125 0.014730440452694895 0.0096821007318794745 0.10540635511279108 0.019246594049036506 0.019818781875073913 0.050766840577125556 0.012974427081644537 0.01045523537322879 -0.001070204365532845
decision_type=8 2 10 2 10 8 10 8 2 2 10 2 2 8
left_child=-1 2 8 7 5 6 -5 -3 11 -10 -11 12 -2 -14
right_child=1 3 -4 4 -6 -7 -8 -9 9 10 -12 -13 13 -15
leaf_value=0.0036326564130326716 0.00021971523187017128 0.011197507642802494 -0.01111837781261564 0.011004577023542038 0.011719929627666536 0.0032975566053028028 -0.013346180413968853 -0.0047452240846575476 -0.020134970873687347 -0.0041418792165721354 0.00773000664082022 0.0034279180495792603 0.012096705430527016 -0.0080725718325491674
leaf_weight=3824.1675775758922 70014.797505995259 2426.4872288443148 1223.6366049703211 390.03918888233602 959.47442483156919 2938.2415531184524 2147.1817335225642 657.32488707639277 724.05871412716806 7169.4693902041763 1441.5188693366945 12073.14820022136 728.24498352967203 5445.6960049625486
leaf_count=21759 384413 12314 6721 2156 4996 14214 11430 3655 4203 39660 7898 69568 3438 33543
internal_value=8.39979e-05 -4.15865e-05 -0.000256177 0.00218416 -0.000512605 -0.00267359 -0.00957431 0.00779491 -0.000118866 -0.00356301 -0.00214781 0.000245768 -0.000258871 -0.0056778
internal_weight=112163 108339 98820.6 9518.75 6434.94 5475.46 2537.22 3083.81 97596.9 9335.05 8610.99 88261.9 76188.7 6173.94
internal_count=619968 598209 549444 48765 32796 27800 13586 15969 542723 51761 47558 490962 421394 36981
is_linear=0
shrinkage=0.05


Tree=209
num_leaves=15
num_cat=0
split_feature=71 71 69 70 70 69 70 69 70 70 69 71 70 69
split_gain=21.1998 134.669 72.6404 66.1846 115.147 76.1071 66.8027 70.9646 58.6626 132.552 121.344 90.2999 62.1996 148.318
threshold=-0.024940954521298405 -0.024129430763423439 0.10465455800294877 0.014134839642792942 0.010333086363971235 -0.05704184249043464 0.0030824779532849793 1.0000000180025095e-35 -0.001307874626945704 -0.002195091918110847 0.017730028368532661 -0.026439282111823555 -0.0076345256529748431 -0.0072368946857750407
decision_type=2 2 8 2 2 10 2 10 2 2 10 2 2 10
left_child=2 -2 3 4 6 -5 8 -8 9 11 -10 12 -1 -14
right_child=1 -3 -4 5 -6 -7 7 -9 10 -11 -12 -13 13 -15
leaf_value=-0.0022468680002291348 0.024631666592375808 2.5674516769505096e-05 0.017962309729420839 -0.0007001677198727619 0.023067960735770381 -0.028450726364481024 -0.0015732225345559702 -0.029988910798779314 -0.0067330692905002848 -0.029200991489457952 0.029089095941723223 -0.020292414608665967 0.018497887059785258 -0.014775403214536492
leaf_weight=5820.5199481919408 549.19320818223059 99450.00750481151 427.13660106062889 474.86083447746933 441.31747688725591 506.22653370909393 437.47925786860287 433.79199855402112 490.89333470910788 440.67325881496072 440.67265793681145 572.09267862699926 1140.2641653716564 463.89827912859619
leaf_count=27558 2484 560284 1872 2069 2010 2514 2070 2114 2308 2075 2039 2788 5038 2292
internal_value=-7.59059e-05 0.000163259 -0.00205263 -0.00280042 -0.00165194 -0.0151616 -0.00273874 -0.0159007 -0.0014991 -0.00281708 0.0103414 -0.00132851 0.000158044 0.00884385
internal_weight=112089 99999.2 12089.8 11662.7 10681.6 981.087 10240.3 871.271 9369.01 8437.45 931.566 7996.78 7424.68 1604.16
internal_count=619515 562768 56747 54875 50292 4583 48282 4184 44098 39751 4347 37676 34888 7330
is_linear=0
shrinkage=0.05


Tree=210
num_leaves=15
num_cat=0
split_feature=69 74 71 72 70 10 68 69 71 74 74 71 72 72
split_gain=18.5128 75.2349 89.8101 86.4227 84.2619 60.3439 55.6986 54.3764 99.167 147.586 113.472 71.1404 59.2845 144.502
threshold=0.10132142156362535 -0.0042312266305088988 0.018063968978822235 0.0086673786863684672 0.010115843266248705 0.015263429842889311 0.049116047099232681 0.093839596956968321 0.011167324613779785 -0.001002732489723712 0.0095059340819716471 -0.018380931578576561 0.0072139161638915547 0.0065413338597863921
decision_type=10 2 2 8 2 2 10 10 2 2 2 2 10 10
left_child=7 -2 5 4 -4 6 -3 -1 10 -10 11 -9 13 -13
right_child=1 2 3 -5 -6 -7 -8 8 9 -11 -12 12 -14 -15
leaf_value=-1.3289286142393215e-05 0.0035698422140164731 -0.0099453881072606633 0.0012548297007209598 0.010698520998649118 -0.021352173207657088 -0.0015182541069929734 0.0049939583944186277 0.016707259910294578 0.03929636044168066 0.0066831564905990987 0.023385592242021171 -0.0084895933427591042 -0.015009546242454326 0.025374125062016112
leaf_weight=83056.292887147516 5988.1218646038324 5971.8534753043205 2266.5668930821121 2038.007407637313 493.5389363784343 6133.4999721646309 690.48997859843075 381.41484606266022 437.1493948996067 1574.0155050046742 446.93708489090204 1263.4732416067272 1102.3757232911885 408.56759107485414
leaf_count=459377 31329 34268 12890 10456 2940 34840 3832 1692 2319 9159 2241 7436 5687 2067
internal_value=-2.22766e-05 -0.00126708 -0.00291442 0.00291501 -0.00285005 -0.00510088 -0.0083919 0.000308887 0.00506692 0.0139314 9.36887e-05 -0.00326842 -0.00606473 -0.000113245
internal_weight=112252 23582.1 17594 4798.11 2760.11 12795.8 6662.34 88670.2 5613.93 2011.16 3602.77 3155.83 2774.42 1672.04
internal_count=620533 130555 99226 26286 15830 72940 38100 489978 30601 11478 19123 16882 15190 9503
is_linear=0
shrinkage=0.05


Tree=211
num_leaves=15
num_cat=0
split_feature=15 68 71 68 68 71 71 72 72 4 72 72 84 71
split_gain=18.3039 23.3526 36.3094 23.0677 58.3547 80.0509 56.1658 53.2514 34.826 31.9785 31.1326 102.94 128.333 43.2374
threshold=17.309823036193851 0.064594607800245299 0.019246594049036506 0.049116047099232681 0.051386155188083656 0.0070872006472200164 0.011167324613779785 0.0055872322991490373 0.0074609280563890943 0.19166667014360431 0.01018012408167124 0.010468589607626201 1.5000000000000002 0.03762465342879296
decision_type=8 10 2 10 10 2 2 10 10 8 10 10 2 2
left_child=-1 3 -3 10 6 9 -5 -7 -8 -6 13 12 -12 -2
right_child=1 2 -4 4 5 7 8 -9 -10 -11 11 -13 -14 -15
leaf_value=0.00094496723294955484 -0.0015434616278348513 -0.016351652167872953 -0.0010910603612968265 0.025862565742726325 -0.022100360068239816 0.020402520023478463 0.012175792946220607 0.0010923792933155642 -0.0071963606359030877 -0.0038879779612013576 0.033730594453125616 7.2021529337561841e-05 0.0010386305069413923 0.01215215090268282
leaf_weight=29717.215590305626 47263.556260671467 577.22476117499173 1163.9323442112654 450.17869886569679 464.87079914286733 399.53300204128027 574.88610752113163 2795.4683741834015 376.00738605484366 500.04519420675933 510.51226088963449 26020.614541124552 710.75499053485692 573.4999276753515
leaf_count=165222 278711 3458 6164 2389 3333 2366 3489 15388 2066 2355 2425 125448 3550 3171
internal_value=-0.000118617 -0.000502351 -0.00621471 -0.000378256 0.00272614 -0.000253655 0.0115125 0.00356322 0.00452038 -0.0127989 -0.000608526 0.00074052 0.0148674 -0.00137676
internal_weight=112098 82381.1 1741.16 80639.9 5560.99 4159.92 1401.07 3195 950.893 964.916 75078.9 27241.9 1221.27 47837.1
internal_count=619535 454313 9622 444691 31386 23442 7944 17754 5555 5688 413305 131423 5975 281882
is_linear=0
shrinkage=0.05


Tree=212
num_leaves=15
num_cat=0
split_feature=23 22 74 74 72 69 69 74 72 84 69 69 84 74
split_gain=18.4886 17.647 32.3316 34.5968 39.9218 30.869 53.6421 67.5806 37.6173 30.5373 24.5016 68.5494 78.7342 87.1688
threshold=-0.11327045783400534 84.600070953369155 0.0058923510368913421 0.0071679097600281247 0.0064690886065363893 0.076374165713787093 -0.013108383864164351 0.0013881663326174023 0.0078211487270891684 1.5000000000000002 0.10132142156362535 0.090995021164417281 2.5000000000000004 -0.0027642073109745975
decision_type=2 8 2 2 10 10 8 2 10 2 10 10 2 2
left_child=-1 10 5 -4 -5 6 7 9 -8 -3 11 -2 13 -13
right_child=1 2 3 4 -6 -7 8 -9 -10 -11 -12 12 -14 -15
leaf_value=-0.0092678218728050737 0.00021027279413334389 -0.0093649034893170651 -0.013411014358288979 0.0079354530857383282 -0.0052281819920192707 0.0027825933014460186 -0.00069323526460127009 0.023282066282019218 -0.0085621710561461992 0.0067727214934574891 -0.0013526720522030161 -0.011157062865812521 0.012235766753871129 0.0061921177720773157
leaf_weight=533.74297436326742 68926.474054798484 502.72167468629777 960.17706808634102 695.21616004034877 3146.4338501226157 5250.3222438655794 3305.1145004648715 407.05804891511798 2803.1309363227338 674.54151503369212 19053.992047453299 1052.7096043359488 2633.8876822572201 2261.7878884952515
leaf_count=2406 373061 2519 6201 4816 17163 32379 24703 1981 16427 3334 103604 5753 13829 12120
internal_value=-7.03164e-05 -2.55311e-05 -0.00147116 -0.00497052 -0.00283157 -0.000170057 -0.00218629 0.00598662 -0.00431246 -0.000139295 0.000247699 0.000655085 0.00580031 0.000664901
internal_weight=112207 111674 17744.7 4801.83 3841.65 12942.9 7692.57 1584.32 6108.25 1177.26 93928.9 74874.9 5948.39 3314.5
internal_count=620296 617890 109523 28180 21979 81343 48964 7834 41130 5853 508367 404763 31702 17873
is_linear=0
shrinkage=0.05


Tree=213
num_leaves=15
num_cat=0
split_feature=73 68 68 74 74 68 73 70 70 72 74 73 70 52
split_gain=17.6532 63.9626 121.286 79.9376 68.8952 116.167 113.621 85.8541 61.2637 58.1848 79.6532 56.8495 56.3279 51.1362
threshold=0.68223786354064953 0.036895120516419418 0.038245297968387611 -1.0000000180025095e-35 -0.0056492823641747228 0.041905201971530921 0.64591929316520702 0.0044416124001145372 0.00037784231244586414 0.017020166851580146 0.012607926037162544 0.63929668068885814 0.0002705992956180126 0.4269565641880036
decision_type=2 10 10 2 2 10 2 2 2 10 2 2 2 8
left_child=1 -1 3 -3 6 -6 -4 8 -7 13 12 -10 -11 -2
right_child=9 2 4 -5 5 7 -8 -9 11 10 -12 -13 -14 -15
leaf_value=-6.3783870470450248e-06 -0.0016460613009766573 0.037266671427255475 0.0063574214296218279 0.007498282374111551 -0.0054427181043029153 0.0056853340021430984 -0.019611962200604585 0.0025881571004707049 0.015740586150408391 -0.0049178879000562207 0.0064996371938422243 0.040301468505719605 -0.028337727768339729 0.0036671039259040974
leaf_weight=77116.292506573722 20883.260985093191 432.20550290495157 865.25524001196027 473.21530416421592 1517.4758142642677 508.59493253938854 803.97337683476508 1374.3917521070689 535.12615624815226 460.4859043713659 468.33758945949376 444.05546468682587 584.83230882696807 5771.911797972396
leaf_count=415958 133082 2148 4442 2614 8401 2755 4330 7019 2733 2268 2360 2183 3036 27153
internal_value=4.50731e-05 0.00040805 0.00499707 0.0219602 0.0024259 0.00571743 -0.00619287 0.0116327 0.0199149 -0.001038 -0.0105411 0.0271737 -0.0181651 -0.000494605
internal_weight=112239 84070.6 6954.29 905.421 6048.87 4379.64 1669.23 2862.17 1487.78 28168.8 1513.66 979.182 1045.32 26655.2
internal_count=620482 452583 36625 4762 31863 23091 8772 14690 7671 167899 7664 4916 5304 160235
is_linear=0
shrinkage=0.05


Tree=214
num_leaves=15
num_cat=0
split_feature=27 1 59 79 54 70 73 74 69 70 73 70 73 73
split_gain=23.1481 33.847 29.5919 34.8539 42.1643 33.8716 72.3158 105.302 53.996 46.8273 95.2079 51.8823 37.3627 62.7333
threshold=1.2908593416213991 0.01644419971853495 1.5000000000000002 0.016341791488230232 0.63065251708030712 0.011197941843420269 0.45992848277091986 0.012607926037162544 1.0000000180025095e-35 0.0097987498156726378 0.50397408008575451 0.0090978634543716925 0.50397408008575451 0.46427723765373236
decision_type=2 8 8 8 8 2 2 2 10 2 2 2 2 2
left_child=2 -2 3 -1 5 9 7 -7 -9 11 -11 12 13 -5
right_child=1 -3 -4 4 -6 6 -8 8 -10 10 -12 -13 -14 -15
leaf_value=-0.0035287557325808824 0.0046232708999758816 0.00015584930655762228 0.0010889412154795439 -0.0013294834101652603 0.0017064822507690579 0.018775558047702704 -0.012620267816015357 0.0011165109179100392 -0.016943509723999731 0.02259120356692906 -0.0044428663605750067 -0.013315764372374292 0.00058920833766331509 -0.010219426000184205
leaf_weight=11042.451131964102 5898.1804524939507 15017.016618732363 23804.99319001101 12376.548452977091 16077.508903443813 576.40537432767451 1943.1361371055245 1096.1397392433137 653.82548017054796 613.71907049417496 675.86981036514044 847.54194506630301 19229.377755993977 2354.3940530288965
leaf_count=81187 41063 68494 107496 64356 83488 2947 11196 5205 3565 3202 4300 4953 124879 13802
internal_value=-8.26936e-05 0.00141729 -0.000426461 -0.000961078 -0.000458218 -0.00132059 -0.0055267 0.000426975 -0.00568904 -0.000821713 0.00849756 -0.00116932 -0.000862355 -0.0027563
internal_weight=112207 20915.2 91291.9 67486.9 56444.5 40367 4269.51 2326.37 1749.97 36097.5 1289.59 34807.9 33960.3 14730.9
internal_count=620133 109557 510576 403080 321893 238405 22913 11717 8770 215492 7502 207990 203037 78158
is_linear=0
shrinkage=0.05


Tree=215
num_leaves=15
num_cat=0
split_feature=13 6 68 18 72 72 71 72 71 71 68 70 72 72
split_gain=19.6434 25.2767 24.0959 23.1296 22.1627 54.7065 73.7931 50.9242 93.8931 130.725 86.8432 86.4431 70.9856 79.7488
threshold=0.04757268354296685 1.1891509890556338 0.017982721328735355 71.987541198730483 0.0046126006636768588 0.0040987152606248864 0.016166814602911476 0.0053966774139553317 -0.0066218213178217402 0.00052272941684350382 0.025471455417573455 -0.0024086254416033621 0.0058862892910838136 0.0056083500385284433
decision_type=10 2 8 2 10 8 2 10 2 2 10 2 10 10
left_child=1 4 3 -2 5 6 -1 8 11 10 -10 -6 13 -9
right_child=2 -3 -4 -5 7 -7 -8 12 9 -11 -12 -13 -14 -15
leaf_value=-0.0013319626758435904 0.0008514135703009398 0.0085939301509313001 0.0042861677880416289 -0.011663101047957395 0.001205834218465548 -0.0065572907880053662 0.015943135879949839 8.8464905492261845e-05 0.0025074190893929899 0.0060567284859754742 -0.021159093280176847 0.034745492296367406 -0.00010994658269744708 -0.01319370816532037
leaf_weight=5668.3395490180701 1501.4074206724763 783.57853222638369 5002.7987487763166 479.11356028541923 338.90984810888767 4708.0013917982578 683.71322944201529 2262.1402335483581 696.7099735122174 4736.8825156800449 858.34589322656393 435.77645403333008 81826.747247260064 2248.0902215819806
leaf_count=41867 6410 4285 22887 2230 2032 33328 4373 14402 4477 31370 5479 2656 430406 14326
internal_value=-0.000125475 -0.000295954 0.00244061 -0.00221939 -0.000363453 -0.00247882 0.000549607 -0.000112731 0.00396497 0.00192785 -0.0106075 0.0202749 -0.000446909 -0.00654648
internal_weight=112231 105247 6983.32 1980.52 104464 11060.1 6352.05 93403.6 7066.62 6291.94 1555.06 774.686 86337 4510.23
internal_count=620528 589001 31527 8640 584716 79568 46240 505148 46014 41326 9956 4688 459134 28728
is_linear=0
shrinkage=0.05


Tree=216
num_leaves=15
num_cat=0
split_feature=72 69 72 72 69 69 71 72 73 73 68 69 72 73
split_gain=21.8334 143.441 40.3018 55.3457 64.8366 85.1597 60.4481 65.9327 54.3082 78.9308 65.0043 53.1785 41.054 78.4775
threshold=0.0034436949063092475 0.076374165713787093 0.004504159791395069 0.0043264497071504602 0.04287268407642842 0.054390531033277519 0.016849424690008167 0.0036549860378727321 0.56275683641433727 0.62440380454063427 0.035280939191579826 0.085437994450330748 0.0053966774139553317 0.71115124225616466
decision_type=8 10 10 8 10 10 2 8 2 2 10 10 10 2
left_child=1 -1 3 4 -2 -6 7 -7 -9 10 -10 -5 13 -4
right_child=2 -3 12 11 5 6 -8 8 9 -11 -12 -13 -14 -15
leaf_value=-0.0003408209170380941 -0.021252435281323548 0.034032529349527454 0.0064710687016776005 -0.016202152021530841 0.01428970884129039 -0.019642617673814856 0.012231927593317744 -0.014291548829962511 0.017317061827218396 -0.0051355037960516704 -0.0072371560626729742 0.003720635049295113 4.1956547780119986e-05 -0.0044622539485890227
leaf_weight=1964.0692368112504 369.42869543097913 348.94088811613619 6362.899433715269 1303.3577073980123 888.79137553833425 595.41036121733487 622.60056293569505 732.45711026154459 931.0460966527462 2222.7245580162853 371.18962114676833 445.22884003072977 92895.484922291711 2202.6128578558564
leaf_count=15196 2546 2626 40648 9735 6389 4216 3822 4513 6355 15615 2084 2937 489224 14982
internal_value=0.000171982 0.00496892 7.062e-05 -0.00323817 -0.00117352 2.35235e-05 -0.00231404 -0.00420156 -0.00200112 0.000585936 0.0103163 -0.0111371 0.00034753 0.00365765
internal_weight=112256 2313.01 109943 8482.23 6733.65 6364.22 5475.43 4852.83 4257.42 3524.96 1302.24 1748.59 101461 8565.51
internal_count=620888 17822 603066 58212 45540 42994 36605 32783 28567 24054 8439 12672 544854 55630
is_linear=0
shrinkage=0.05


Tree=217
num_leaves=15
num_cat=0
split_feature=69 74 71 69 69 71 84 69 74 74 70 74 74 71
split_gain=21.5739 76.9256 65.3821 59.7816 60.912 71.9119 58.5823 103.223 61.2317 96.5282 82.6857 74.2457 65.21 63.0053
threshold=0.10023048147559167 -0.0042312266305088988 0.044031837955117233 0.090995021164417281 0.086077798157930388 -0.014376746024936436 3.5000000000000004 0.12238149344921113 0.0074146899860352286 0.0022695042425766592 0.0072740830946713695 0.0047885745298117408 0.0018584022182039919 0.015875146724283699
decision_type=10 2 2 10 10 2 2 10 2 2 2 2 2 2
left_child=3 -2 6 4 -1 -6 8 -8 9 12 13 -11 -3 -10
right_child=1 2 -4 -5 5 -7 7 -9 10 11 -12 -13 -14 -15
leaf_value=0.00027463529369216105 0.0034519111605542177 -0.0019788547749915253 0.013406459554877851 0.0049974534293715477 0.013953787679519894 -0.0089314983267852026 -0.017312383887134242 0.00038073280323562417 0.022833636165052181 -0.017104374068187902 -0.0022698731104660998 -0.0034639191001796057 0.01458256240912742 0.00089095222903853291
leaf_weight=77930.63115526177 6239.2940129414201 5923.7132405303419 579.22072460874915 6404.3417812120169 376.29766913317144 3136.3150629233569 1853.9700583126396 1477.2330795247108 749.18931210413575 1955.6066730692983 2294.0687329862267 2038.6571699064225 650.54374077357352 576.33181655965745
leaf_count=429994 32607 33361 3035 34905 1949 19032 11112 8110 3982 11487 12539 11864 3476 3119
internal_value=-1.49865e-05 -0.00133199 -0.00298219 0.000349994 -1.60306e-05 -0.0064472 -0.00353137 -0.00948866 -0.00212697 -0.00404843 0.00347904 -0.0101684 -0.000320391 0.0133711
internal_weight=112185 24337.8 18098.5 87847.6 81443.2 3512.61 17519.3 3331.2 14188.1 10568.5 3619.59 3994.26 6574.26 1325.52
internal_count=620572 134692 102085 485880 450975 20981 99050 19222 79828 60188 19640 23351 36837 7101
is_linear=0
shrinkage=0.05


Tree=218
num_leaves=15
num_cat=0
split_feature=72 72 69 5 0 0 73 72 72 72 69 73 84 72
split_gain=23.7115 39.4516 70.3432 34.2451 28.4796 24.8283 21.3667 21.3361 52.9232 43.8167 51.2191 56.3454 44.1114 51.3142
threshold=0.002932130941189826 0.003391561447642744 0.063195921480655684 0.95065057277679454 0.012468064669519665 0.023455074056982998 0.66647708415985119 0.0046126006636768588 0.0046515460126101979 0.0040987152606248864 0.054912677034735687 0.63929668068885814 1.5000000000000002 0.0039886354934424171
decision_type=10 10 10 2 2 2 2 10 10 10 8 2 2 10
left_child=6 2 5 -4 -3 -2 -1 9 -9 10 11 -6 -12 -14
right_child=1 4 3 -5 7 -7 -8 8 -10 -11 12 -13 13 -15
leaf_value=-0.020119523144898246 -0.012927506036771936 -0.011871091706662212 0.032726457198295457 0.0094385615321930013 0.00067294345702671168 0.0059214560543372329 -0.0017030947828643121 0.016877101920329911 9.4237490868874084e-05 -0.0055446970530728303 -0.0079445819159098801 0.026431524361454291 -0.0009554233955555273 0.016751486243235844
leaf_weight=266.35857318527997 309.51086465269327 501.34489756263793 290.0682984162122 357.92341763339937 474.60220953822136 376.44501248002052 370.95090701244771 461.96494350768626 99500.501905126497 4983.5667594820261 1501.678135342896 374.92684417963028 1828.7768527157605 516.73384537547827
leaf_count=1937 3565 12903 2243 2492 2989 1922 3237 2677 525607 32858 9954 2563 12127 3031
internal_value=-5.0086e-05 5.31975e-06 0.00852018 0.0202021 -9.85673e-05 -0.00264695 -0.00959201 -4.36593e-05 0.000173478 -0.00228377 0.00118074 0.0122164 -0.00128147 0.0030001
internal_weight=112115 111478 1333.95 647.992 110144 685.956 637.309 109643 99962.5 9680.28 4696.72 849.529 3847.19 2345.51
internal_count=620105 614931 10222 4735 604709 5487 5174 591806 528284 63522 30664 5552 25112 15158
is_linear=0
shrinkage=0.05


Tree=219
num_leaves=15
num_cat=0
split_feature=69 69 84 74 73 69 69 58 74 73 73 69 72 72
split_gain=22.7982 51.7452 88.656 137.873 98.8549 122.566 51.3762 49.622 46.9325 45.9388 155.534 71.2782 68.2979 92.965
threshold=0.10132142156362535 0.093839596956968321 2.5000000000000004 0.011724049225449564 0.66733390092849743 0.097612064331769957 0.099641803652048125 0.001974999788217247 0.0075109722092747697 0.48414604365825659 0.46228538453578955 0.12782794237136844 0.0067631176207214603 0.0065863379277288922
decision_type=8 10 2 2 2 10 10 2 2 2 2 8 10 10
left_child=1 7 3 4 6 -6 -3 -1 -4 10 -2 -12 13 -11
right_child=9 2 8 -5 5 -7 -8 -9 -10 12 11 -13 -14 -15
leaf_value=-0.0010214224449476784 -0.00086608984191409812 -0.018682393991201446 0.0154600473403256 0.026311440406759274 0.023144091390238087 -0.0083630545511504516 0.0021189036876831653 0.0015509206359265041 -0.001305081792146723 -0.0039570710311259893 0.0081823653047535111 0.038326593275812261 0.00024124704629730341 -0.024255309225342823
leaf_weight=45804.703422633931 3843.1767813265324 1110.885792888701 1987.4761599693447 403.22405972331762 551.30183864198625 677.48517292737961 401.18904825858772 31724.167120125145 525.86447656154633 10276.031810825691 398.3726313225925 389.9121958296746 13579.848872901872 587.51108059845865
leaf_count=256568 19941 5847 10400 2088 3170 4194 2136 168858 2881 63676 2209 2148 73094 3493
internal_value=-5.28924e-05 0.00036837 0.0049804 -0.000620051 -0.00466334 0.00584551 -0.0131857 3.12232e-05 0.011961 -0.00125788 0.00330317 0.023386 -0.00212309 -0.00507612
internal_weight=112261 83186.3 5657.43 3144.09 2740.86 1228.79 1512.07 77528.9 2513.34 29074.9 4631.46 788.285 24443.4 10863.5
internal_count=620703 456142 30716 17435 15347 7364 7983 425426 13281 164561 24298 4357 140263 67169
is_linear=0
shrinkage=0.05


Tree=220
num_leaves=15
num_cat=0
split_feature=70 68 74 74 70 68 69 84 69 74 70 84 84 72
split_gain=24.1051 82.4774 71.0188 91.8467 117.08 199.057 95.1801 86.5403 65.2518 60.2501 58.4435 59.6404 57.5678 73.0918
threshold=-0.0087212771177291853 -0.087453853338956819 -0.016539857722818848 -0.0087665244936943037 -0.0061706644482910624 0.0034869099035859112 0.030398579314351085 2.5000000000000004 0.12782794237136844 -0.0085253990255296213 -0.025290560908615586 1.5000000000000002 1.5000000000000002 0.0094039468094706553
decision_type=2 8 2 2 2 10 10 2 10 2 2 2 2 10
left_child=1 10 -2 4 5 -4 -6 -8 12 -5 11 -1 13 -3
right_child=2 8 3 9 6 -7 7 -9 -10 -11 -12 -13 -14 -15
leaf_value=-0.010367628804775099 -0.021381190996179477 -0.007369104379245474 0.034654447428328954 -0.01993888749651648 -0.016521537100068758 0.0052023629128445581 -0.0026671779636986822 0.020814514270526354 0.016509966409883087 0.0001176599504917062 0.022043145171669234 0.013520639537697452 -0.0061507674139355123 0.0044162923851454716
leaf_weight=497.61878840439022 365.48840598762035 2004.674237659201 805.80733982659876 366.00555904395878 701.38276620954275 1948.6235609482974 1174.9873548541218 577.68107252754271 409.19252063892782 90077.127447808161 550.86605108529329 528.69995917566121 8406.119148010388 3781.4267606232315
leaf_count=2315 1852 10521 3752 1971 3405 10099 6200 2888 1852 511150 2319 2389 42383 17800
internal_value=2.04136e-05 -0.00176439 0.0003213 0.000406453 0.00685629 0.0139127 -0.00108821 0.00514659 -0.00293928 3.42997e-05 0.0090626 0.00194995 -0.00351127 0.000327411
internal_weight=112196 16178.6 96017.1 95651.6 5208.48 2754.43 2454.05 1752.67 14601.4 90443.1 1577.18 1026.32 14192.2 5786.1
internal_count=620896 79579 541317 539465 26344 13851 12493 9088 72556 513121 7023 4704 70704 28321
is_linear=0
shrinkage=0.05


Tree=221
num_leaves=15
num_cat=0
split_feature=27 53 24 3 69 69 68 71 69 68 68 69 71 71
split_gain=22.8453 40.3614 21.9565 20.9525 34.8603 47.1424 38.8115 34.4721 40.578 30.2161 41.9442 57.5458 31.0559 71.613
threshold=0.506870597600937 -0.022425176575779911 -0.035843662917613976 1.0000000180025095e-35 -0.042015798389911645 -0.014973873272538183 -0.038501890376210206 -0.033527091145515435 -0.074945528060197816 -0.030491796322166916 -0.019749879837036129 0.034879148006439216 -0.0002741747885011136 -0.0011099837720394132
decision_type=2 10 2 2 8 8 8 2 10 10 10 8 2 2
left_child=1 2 -1 4 7 -6 -7 -2 -9 -8 11 -11 13 -12
right_child=3 -3 -4 -5 5 6 9 8 -10 10 12 -13 -14 -15
leaf_value=0.003640456772794909 -0.016170429049626515 -0.018565388408526347 -0.0030641727319810057 -0.00014464581272817618 0.01335605887706149 0.014001743797813673 -0.009889024055837272 0.0097005899011822477 -0.011518115034725936 0.00099493522607013891 -0.00046918371966930535 0.027434336455888331 0.0024949990010492556 -0.023845150124079686
leaf_weight=1515.3993979692459 520.73712350428104 363.70984395779669 6128.0466278009117 79353.38014857471 867.37564340420067 597.92862366139889 588.51841334998608 479.85875250026584 407.22327727451921 476.01659640669823 6887.0624561626464 353.6048029884696 13188.658115930855 334.02733403816819
leaf_count=6750 2840 3344 33913 383236 5086 3286 3707 2662 2488 2911 51784 1851 113009 3096
internal_value=5.31194e-05 -0.00251872 -0.00173188 0.000251249 0.00152263 0.00198521 0.00153965 -0.00609101 -5.98684e-05 0.00119203 0.00150358 0.0124566 0.00105247 -0.00158197
internal_weight=112062 8007.16 7643.45 104054 24701 23293.2 22425.8 1407.82 887.082 21827.9 21239.4 829.621 20409.7 7221.09
internal_count=619963 44007 40663 575956 192720 184730 179644 7990 5150 176358 172651 4762 167889 54880
is_linear=0
shrinkage=0.05


Tree=222
num_leaves=15
num_cat=0
split_feature=8 3 79 31 19 4 27 69 73 72 72 73 73 72
split_gain=21.4478 23.9071 19.8309 19.9701 19.0068 19.2051 36.6792 45.55 32.9804 35.2249 83.5496 102.884 96.1063 61.0922
threshold=1.0000000180025095e-35 0.075000001117587103 -0.054950386285781853 18.746318817138675 -0.019956167787313458 0.27500000596046453 1.2908593416213991 -0.13803395628929135 0.85966211557388317 0.013351017143577339 0.014131831005215647 0.44682462513446813 0.36591522395610815 0.013739499729126694
decision_type=2 2 10 2 8 8 2 8 2 10 10 2 2 10
left_child=4 2 -2 -4 -1 6 7 -6 9 -9 11 12 13 -11
right_child=1 -3 3 -5 5 -7 -8 8 -10 10 -12 -13 -14 -15
leaf_value=-0.0035097503256962879 -0.0072103809823654656 -0.00024026507875300935 0.0028537018130973431 0.0089446290921040943 0.010641473079507359 0.0014543108903697184 0.0019448963623811552 -0.0003115280633272093 -0.010430384815284728 0.0029684868204965312 -0.0010668104309632727 -0.00035246331023264309 -0.041519970917033043 -0.022854839355031582
leaf_weight=3950.0038899332285 352.56404175050557 5778.8234372101724 4143.5505329407752 1994.5369865112007 840.78545099683106 18867.529888523743 14446.575860671699 50201.769880825654 904.93168439529836 392.37546080350876 8218.5602798387408 1105.9579287804663 390.85377308912575 533.30290530435741
leaf_count=17156 3415 25830 29248 14943 3556 82414 78680 304886 6743 2025 40689 5682 2233 2729
internal_value=0.000127349 0.00209926 0.00417937 0.00484424 -0.000115137 2.50305e-05 -0.000325174 -0.000849374 -0.00100754 -0.000865697 -0.00347738 -0.0116175 -0.0210067 -0.0119941
internal_weight=112122 12269.5 6490.65 6138.09 99852.6 95902.6 77035.1 62588.5 61747.8 60842.8 10641.1 2422.49 1316.53 925.678
internal_count=620229 73436 47606 44191 546793 529637 447223 368543 364987 358244 53358 12669 6987 4754
is_linear=0
shrinkage=0.05


Tree=223
num_leaves=15
num_cat=0
split_feature=22 68 74 74 69 84 69 71 84 71 68 73 73 73
split_gain=19.3357 58.875 44.3794 72.1569 70.6255 59.1619 36.8706 35.4855 81.9259 91.4593 43.3554 87.9282 73.7657 57.4313
threshold=84.057701110839858 -0.021990260109305378 0.0058923510368913421 0.0071679097600281247 -0.013108383864164351 1.5000000000000002 0.0023779070470482115 0.029663254506886009 2.5000000000000004 0.033001665025949485 0.032032359391450889 0.48096726834774023 0.56950047612190258 0.37594781816005712
decision_type=8 10 2 2 8 2 10 2 2 2 8 2 2 2
left_child=7 -2 4 -4 5 -3 -6 -1 9 -9 11 13 -13 -10
right_child=1 2 3 -5 6 -7 -8 8 10 -11 -12 12 -14 -15
leaf_value=-1.1287267383738978e-06 -0.011036610858688303 0.0005285987939700732 -0.017204291489200524 -0.0016724590909525166 -0.0096303617707807904 0.023546200093607778 0.00056381053058642667 0.011859690128632576 0.014737380830237552 -0.0050904361959382451 0.0017218119460573639 0.040699386191685782 0.011398157688910063 -0.0088620757013700407
leaf_weight=86533.942298462614 1474.976622838527 522.53160746209323 932.34424932673573 3634.8823677934706 958.71810188516974 590.55551368743181 10503.871798625216 1055.0238001309335 586.56469445303082 3138.9762766547501 1015.7093702349812 428.99643611349165 441.82145118527114 445.14150615781546
leaf_count=470469 7507 2583 6192 21106 6877 2868 67709 5236 2648 16123 5001 2083 2255 2169
internal_value=-1.45329e-05 -0.00148575 -0.000658038 -0.00487376 0.00087568 0.0128417 -0.00029647 0.000278088 0.00367053 -0.000808471 0.0100884 0.0145228 0.0261312 0.0045678
internal_weight=112264 18617.9 17142.9 4567.23 12575.7 1113.09 11462.6 93646.2 7112.23 4194 2918.23 1902.52 870.818 1031.71
internal_count=620826 114842 107335 27298 80037 5451 74586 505984 35515 21359 14156 9155 4338 4817
is_linear=0
shrinkage=0.05


Tree=224
num_leaves=15
num_cat=0
split_feature=27 70 52 73 69 69 69 58 73 69 70 70 73 74
split_gain=25.4614 34.3992 38.6481 37.5918 57.6945 34.3977 42.3781 57.4823 33.8211 39.2342 69.7124 49.2195 38.2009 36.8455
threshold=0.72853112220764171 0.00060407954151742171 0.0051137907430529603 0.31657269597053533 -0.043922567740082734 -0.048130543902516358 0.062147533521056182 -0.0073657773900777093 0.49487873911857611 0.038939435034990318 -0.0014947883319109676 -0.0028480315813794728 0.51984739303588878 -0.0046694681514054528
decision_type=2 2 10 2 10 8 8 2 2 10 2 2 2 2
left_child=1 2 -1 4 -3 -5 -7 -8 9 10 11 -4 -10 -11
right_child=-2 3 8 5 -6 6 7 -9 12 13 -12 -13 -14 -15
leaf_value=0.012860334184704112 0.00053217853832841593 -0.0032436091525363184 -8.3420392748613102e-05 0.0092142745541642888 0.015530290910225295 -0.0073907478960367982 0.010721784012677628 -0.0030673048373716268 0.012844657859118326 -0.0028544513987309832 0.017727238082055338 -0.017856546555826112 0.00099786333435329016 -0.016750599716152344
leaf_weight=605.67524196207523 79827.734855221584 999.08589466661215 2779.0213899407536 508.4844659846276 679.9574841670692 5465.8710778336972 819.30376798287034 8539.4119069259614 731.2195258717984 1151.5408832635731 476.46519743651152 443.05945293791592 8334.5032401736826 810.60266836360097
leaf_count=2988 438728 4557 13513 2398 3163 31679 3952 51373 3996 5944 2435 2317 49026 4462
internal_value=5.26796e-05 -0.00113056 0.000586946 -0.00267788 0.00440614 -0.00345598 -0.00389649 -0.00184999 7.37752e-05 -0.00295558 8.11493e-05 -0.00257504 0.0019665 -0.00865107
internal_weight=112172 32344.2 15332.1 17012.1 1679.04 15333.1 14824.6 9358.72 14726.4 5660.69 3698.55 3222.08 9065.72 1962.14
internal_count=620531 181803 84681 97122 7720 89402 87004 55325 81693 28671 18265 15830 53022 10406
is_linear=0
shrinkage=0.05


Tree=225
num_leaves=15
num_cat=0
split_feature=59 14 70 71 54 71 84 74 74 74 84 70 74 73
split_gain=21.9761 16.3247 32.5455 28.7744 28.373 33.3603 36.952 31.9747 108.036 44.1153 36.1572 51.4339 51.3816 69.8832
threshold=6.5000000000000009 -0.15941079705953595 -0.0049934315029531709 0.042148336768150337 0.23746725171804431 -0.037121023982763283 1.5000000000000002 0.0081914314068853872 0.0075109722092747697 0.0089735719375312346 3.5000000000000004 0.0028111279243603353 -0.0020624514436349268 0.22272879630327228
decision_type=10 8 2 2 8 2 2 2 2 2 2 2 2 2
left_child=1 2 -1 -4 7 6 -6 8 10 -9 -3 12 13 -12
right_child=-2 4 3 -5 5 -7 -8 9 -10 -11 11 -13 -14 -15
leaf_value=-0.0026648366708540466 -0.0052159734342467337 -8.6298683815877857e-05 0.004574613034063397 -0.0076552898075150757 0.013237226829923055 0.00030437613508749428 0.001119025426149517 -0.020022484127055443 0.019967105440362537 -0.0034466420665354922 0.0093217800531002377 -0.015102090965631421 0.0063469803656360999 -0.011209900206843648
leaf_weight=2667.4131606891751 1910.2746266946197 17692.619005400687 7077.3459567893296 507.04270112514496 1053.6441925484687 69027.623394048773 1544.7388055045158 426.39075514301658 615.58560856804252 5126.9944369774312 529.72370157763362 991.3605873696506 1155.6781315617263 1794.1761069819331
leaf_count=11581 8343 107456 31289 2389 4779 385871 7112 2697 3669 28173 2481 6435 7579 10516
internal_value=8.69392e-05 0.000179319 0.00207847 0.003748 -1.56473e-05 0.000514167 0.00606487 -0.00135475 -0.000524554 -0.00475304 -0.00110245 -0.00511445 -0.00223377 -0.0065099
internal_weight=112121 110210 10251.8 7584.39 99958.5 71626 2598.38 28332.5 22779.1 5553.39 22163.6 4470.94 3479.58 2323.9
internal_count=620370 612027 45259 33678 566768 397762 11891 169006 138136 30870 134467 27011 20576 12997
is_linear=0
shrinkage=0.05


Tree=226
num_leaves=15
num_cat=0
split_feature=59 69 72 72 73 72 74 74 72 74 74 74 84 72
split_gain=20.4503 17.6979 90.7665 124.093 153.399 146.944 103.312 200.153 126.896 150.023 96.875 89.2707 74.4431 174.268
threshold=6.5000000000000009 -0.011117002926766871 0.012776139657944443 0.014131831005215647 0.45128867030143743 0.013739499729126694 0.0013881663326174023 0.0072750300168991098 0.015333235263824465 -0.016539857722818848 -0.022302128374576565 0.0062898898031562575 2.5000000000000004 0.010734383016824724
decision_type=10 8 10 10 2 10 2 2 10 2 2 2 2 10
left_child=1 2 12 4 5 -4 8 11 -5 10 -10 -8 -1 -14
right_child=-2 -3 3 6 -6 -7 7 -9 9 -11 -12 -13 13 -15
leaf_value=0.013198394647964747 -0.0053158300370406003 -0.00035193343384797623 0.010986509136564642 0.015399837989684027 -0.029537985808729589 -0.017503265430433144 0.013948015371493403 0.0010975130569336653 -0.0027513338781306094 -0.011963933064562371 0.018538382443626805 0.04106989555445114 -0.02443782840759999 0.010226718536757396
leaf_weight=2528.5714431088418 1874.0842050015926 91207.422348108143 939.49230837263167 840.24523983150721 741.25713934190571 855.15570760145783 954.94554314576089 4236.0820617545396 1603.9820194728673 3432.6969430409372 789.69866577908397 447.67168986238539 511.52644967287779 1179.5433856025338
leaf_count=11964 8198 523038 4419 3813 3737 4153 4353 19509 7604 16077 3373 1982 2540 5645
internal_value=-0.000150591 -6.23297e-05 0.0013229 -0.000518231 -0.0105668 -0.00261073 0.0015595 0.00653526 -0.00265254 -0.00527788 0.00432026 0.0228339 0.0077844 -0.000340873
internal_weight=112142 110268 19060.9 14841.2 2535.91 1794.65 12305.3 5638.7 6666.62 5826.38 2393.68 1402.62 4219.64 1691.07
internal_count=620405 612207 89169 69020 12309 8572 56711 25844 30867 27054 10977 6335 20149 8185
is_linear=0
shrinkage=0.05


Tree=227
num_leaves=15
num_cat=0
split_feature=22 63 13 1 67 69 69 69 69 69 73 27 73 54
split_gain=19.0707 24.2826 17.1725 21.5677 28.9916 28.6108 30.7308 92.3317 44.3827 43.649 41.6413 41.0807 38.8225 35.1601
threshold=95.152786254882827 0.65657392144203197 0.041315237060189254 0.019559413194656376 0.020998558960855011 -0.13153804093599317 0.041767353191971786 0.048066878691315658 0.027720605023205284 0.021252671256661419 0.36591522395610815 0.54760316014289867 0.41060118377208715 0.48850095272064215
decision_type=8 10 10 8 2 8 10 10 10 10 2 2 2 8
left_child=2 -2 3 4 5 -1 8 12 9 -7 -11 -9 -8 -10
right_child=1 -3 -4 -5 -6 6 7 11 13 10 -12 -13 -14 -15
leaf_value=0.015820784083813596 -0.013038929139100437 -0.0013320646827901551 0.0022728207495835485 -0.0007144844265944035 0.0060071234978540623 -0.0011975372154609996 0.026000782924800306 -0.0068462361920423424 -0.010661151621884121 -0.0047285973308663944 0.016284144043796838 0.0010100442357433483 0.0081299144225954606 0.0019631428466768907
leaf_weight=290.28501418791711 603.69335435889661 1601.9348053820431 8421.8025648221374 57387.763321569189 2470.4459189623594 9966.2769326530397 362.91802923567593 1779.7580742333084 2019.8089598212391 344.67385259084404 711.44346793554723 23670.804085122421 1755.3402822501957 753.50163490697742
leaf_count=1328 4071 10532 38263 260482 14171 63949 1843 14692 14621 2180 4884 171344 13288 4775
internal_value=1.20616e-05 -0.00458069 0.000104614 -7.54722e-05 0.000755578 0.000442755 0.000331038 0.00129497 -0.00159479 -0.000170043 0.00944641 0.000458181 0.0112995 -0.00723643
internal_weight=112140 2205.63 109935 101513 44125.3 41654.8 41364.5 27568.8 13795.7 11022.4 1056.12 25450.6 2118.26 2773.31
internal_count=620423 14603 605820 567557 307075 292904 291576 201167 90409 71013 7064 186036 15131 19396
is_linear=0
shrinkage=0.05


Tree=228
num_leaves=15
num_cat=0
split_feature=54 70 68 74 58 4 27 53 68 68 70 68 74 74
split_gain=18.1697 29.9862 32.7276 38.2695 32.6654 30.6733 29.1489 44.1671 27.9096 45.4955 41.3777 40.9566 77.3679 57.1307
threshold=0.76449438929557811 0.016821727156639103 0.058868773281574256 0.00097623257897794258 0.025166367180645469 0.15833333879709247 1.0201197266578677 -0.14678697288036344 0.038245297968387611 0.035280939191579826 0.01308769825845957 0.048109779134392745 -0.0045683633070439092 0.00078868729178793739
decision_type=8 2 10 2 2 10 2 10 10 10 2 10 2 2
left_child=6 2 4 -4 -2 -3 7 8 9 -1 11 -10 -13 -14
right_child=1 5 3 -5 -6 -7 -8 -9 10 -11 -12 12 13 -15
leaf_value=0.00039229234466839591 0.00078167992941077238 0.018458364912905107 0.018084832475730141 0.0015458672497595345 -0.0066518984218668052 0.0023396573904015134 0.00090914713148844905 -0.0030506213149052645 -0.006229272235408599 0.011474891006459653 -0.01831914192037197 -0.017165747603888438 0.018733114240698994 0.0012064799522101153
leaf_weight=23119.856600522995 30749.630171786994 476.70670144073665 567.42683099396527 892.42694202624261 1542.4815567135811 758.66174581088126 29224.640092307702 17998.471934005618 2694.0475355964154 954.71207253262401 400.59209975786507 417.22432826086879 628.58308774605393 1715.7821363266557
leaf_count=112567 155105 2203 2647 4352 6778 3253 162544 136076 13769 4884 2051 2132 3193 8993
internal_value=9.33342e-05 0.00103828 0.000756915 0.00805366 0.000424654 0.00865785 -0.000335255 -0.00109405 8.31252e-05 0.000836371 -0.00300956 -0.00185397 0.00242141 0.00596542
internal_weight=112141 34987.3 33752 1459.85 32292.1 1235.37 77153.9 47929.3 29930.8 24074.6 5856.23 5455.64 2761.59 2344.37
internal_count=620547 174338 168882 6999 161883 5456 446209 283665 147589 117451 30138 28087 14318 12186
is_linear=0
shrinkage=0.05


Tree=229
num_leaves=15
num_cat=0
split_feature=5 57 62 69 17 27 72 73 69 69 69 74 74 74
split_gain=17.9624 22.1984 16.295 22.9855 19.2496 26.1904 21.4245 44.325 75.896 70.0327 40.8527 30.1426 153.739 71.2792
threshold=0.71724092960357677 0.029255601577460769 1.0000000180025095e-35 0.021252671256661419 86.555656433105483 0.76745495200157177 0.004504159791395069 0.56275683641433727 0.11361549049615861 0.05397953279316426 0.052791556343436248 -0.0014396875631064174 -0.0013157994253560899 -0.0059043532237410537
decision_type=2 10 2 8 2 2 10 2 10 8 8 2 2 2
left_child=1 -1 4 -4 6 -6 7 8 10 -9 -2 13 -13 -8
right_child=2 -3 3 -5 5 -7 11 9 -10 -11 -12 12 -14 -15
leaf_value=-0.017551618090512238 -0.0038563954753578693 -9.0349854579552914e-05 -0.010181633853525799 0.00064491140095727494 -0.004466542173946114 -0.00030416003975175754 0.0011786657839126546 0.019621572862062106 0.010278468421792065 -0.0014713490592478972 -0.021199518997978915 0.027303156864070807 0.0011222266211692907 -0.0034363233597809388
leaf_weight=318.8540609460324 569.50092777982354 407.87018693238497 935.32944892346859 1016.0513956695795 5108.5434975940734 14448.953503878787 23219.49351852946 409.26551579684019 393.78169610537589 6398.7410748433322 850.68874127604067 557.91958361305296 44478.788691408932 13067.182153200731
leaf_count=2851 3558 1867 4119 4491 31736 83748 116409 2940 2073 45661 6024 3102 241460 70824
internal_value=-0.000104212 -0.00788582 -5.27702e-05 -0.00456989 2.81364e-05 -0.00139313 0.000337293 -0.00203123 -0.00895338 -0.000176422 -0.0143205 0.000588625 0.00145255 -0.000483725
internal_weight=112181 726.724 111454 1951.38 109503 19557.5 89945.4 8621.98 1813.97 6808.01 1420.19 81323.4 45036.7 36286.7
internal_count=620863 4718 616145 8610 607535 115484 492051 60256 11655 48601 9582 431795 244562 187233
is_linear=0
shrinkage=0.05


Tree=230
num_leaves=15
num_cat=0
split_feature=15 27 4 69 7 28 68 12 19 54 66 51 69 68
split_gain=18.3755 15.6654 27.0051 19.7818 17.0576 14.7763 29.1799 24.0119 23.5645 19.7992 20.6102 19.3859 19.1118 46.6928
threshold=1.0000000180025095e-35 0.37356159090995794 0.35833333432674414 0.049591720104217536 1.2232502698898318 0.78276312351226818 0.060565302148461349 0.054517023265361793 -0.0099337026476860029 0.17879831790924075 -0.2293874844908714 -0.030908593907952305 -0.013108383864164351 -0.015703483484685418
decision_type=10 2 8 8 2 2 10 8 10 8 10 10 10 10
left_child=-1 2 3 -2 5 6 7 8 -3 10 -7 -9 13 -10
right_child=1 4 -4 -5 -6 9 -8 11 12 -11 -12 -13 -14 -15
leaf_value=-0.0099478348970937821 0.00018010198672596992 -0.0046895773439877171 0.0039161480413979991 -0.011820271932197444 -0.010513925406992239 0.0018533770677984828 -0.0086871746561803746 0.0011567793525457096 0.0027563877157136623 0.00030441691233705449 -0.0022118939508114122 -0.003826758867599252 0.0026080518103697606 0.016415763688606696
leaf_weight=451.1069253180176 516.00349231436849 853.76542479544878 714.87424929812551 1014.9561621602625 364.47534786164761 3811.3101202733815 695.52793374471366 7879.7052359525114 1825.4841146357358 65888.409225927666 16962.657148255035 2582.685711055994 7573.6653776559979 946.04587910696864
leaf_count=2145 2788 3735 3113 6295 1610 17301 4082 40596 8327 365511 97787 19880 42691 4399
internal_value=1.29593e-05 5.40994e-05 -0.00407025 -0.00780068 0.000139144 0.00017572 0.00132148 0.00164671 0.00325467 -0.000119978 -0.00146552 -7.59077e-05 0.00391418 0.00746119
internal_weight=112081 111630 2245.83 1530.96 109384 109019 22356.9 21661.4 11199 86662.4 20774 10462.4 10345.2 2771.53
internal_count=620260 618115 12196 9083 605919 604309 123710 119628 59152 480599 115088 60476 55417 12726
is_linear=0
shrinkage=0.05


Tree=231
num_leaves=15
num_cat=0
split_feature=72 72 74 74 26 54 74 68 68 73 68 73 74 74
split_gain=19.4513 41.0018 74.1764 38.3053 19.1314 36.1445 43.802 65.9029 82.3963 42.2476 46.3817 36.2003 58.445 53.4604
threshold=0.002932130941189826 0.003391561447642744 -0.00068714225199073542 0.0025200622621923689 -0.11796428263187407 0.23746725171804431 0.018441225402057174 -0.021990260109305378 -0.0039589225780218831 0.59182497859001171 0.050766840577125556 0.71822267770767223 -0.002982269623316824 -0.0019750091014429923
decision_type=8 8 2 2 10 8 2 10 10 2 10 2 2 2
left_child=-1 2 -2 -4 -3 -6 11 -8 -9 -10 -11 -7 -13 -14
right_child=1 4 3 -5 5 6 7 8 9 10 -12 12 13 -15
leaf_value=-0.0088600374710953618 0.025097459096791203 0.001087590721379229 -0.0069757533948773195 0.014518818748432605 -0.0023562622959472017 0.00044050269686806559 -0.0080832369715507051 0.029641448839624253 -0.0065624952010260029 0.018192080900392101 -0.0007652171616268264 0.0035570377469184063 -0.018920684281674295 -0.0034016054957680913
leaf_weight=614.80248322896659 444.50673799030483 25270.541317828 599.98059166036546 303.95982511155307 19687.56053939648 48833.875076912344 631.87648817151785 425.71334333159029 520.39874574542046 751.7555066421628 558.38341690413654 3072.1217136643827 579.17345549538732 9769.4926939653233
leaf_count=5026 3207 116219 4604 2474 125759 270893 2999 1993 2555 3562 2741 16157 3544 58406
internal_value=-6.2537e-05 -1.32156e-05 0.0086203 0.000331807 -0.000119727 -0.000479466 8.80165e-05 0.00609669 0.010086 0.00540181 0.0101679 -0.000191673 -0.00249057 -0.00428757
internal_weight=112064 111449 1348.45 903.94 110101 84830.4 65142.8 2888.13 2256.25 1830.54 1310.14 62254.7 13420.8 10348.7
internal_count=620139 615113 10285 7078 604828 488609 362850 13850 10851 8858 6303 349000 78107 61950
is_linear=0
shrinkage=0.05


Tree=232
num_leaves=15
num_cat=0
split_feature=57 68 68 68 69 68 68 68 72 84 69 69 69 72
split_gain=18.4279 17.8535 25.6147 27.824 141.059 26.5939 95.3844 113.828 88.471 89.7595 80.3894 49.1793 49.0141 207.05
threshold=0.22188157588243487 -0.13279618322849271 -0.09988760948181151 -0.087453853338956819 -0.12291077151894568 -0.044340465217828744 -0.038501890376210206 -0.036629233509302132 0.011002083774656059 1.5000000000000002 -0.078316114842891679 -0.071767471730709062 -0.092393949627876268 0.018020819872617725
decision_type=8 8 8 8 10 10 10 10 10 2 8 8 8 10
left_child=1 -1 -3 4 -4 12 8 -8 -7 -10 -9 -12 13 -5
right_child=-2 2 3 5 -6 6 7 10 9 -11 11 -13 -14 -15
leaf_value=0.0072926138910364416 -0.0041765060796934116 -0.010631919120457309 -0.0093629501189631849 -0.035117026082636733 0.02558688863799688 0.026232753679849664 -0.016780597038780341 0.013037066533669227 -0.0068147446719718924 0.018311513651697853 -0.014086971337798286 0.00010943998809048462 -0.00046469446239063113 0.00066570892901615501
leaf_weight=845.62779532000422 2570.3946515154094 549.19840266555548 579.79453633725643 557.17721979878843 557.44048973545432 633.90990031510592 989.50089243985713 1190.6467358581722 826.81817606464028 608.60632328875363 604.01096137799323 94547.940544161014 5666.6799555644393 1406.2120327558368
leaf_count=3764 12784 2440 2503 2701 2326 2903 5039 5539 4191 2780 2918 537925 26554 6294
internal_value=-2.24416e-08 9.83314e-05 4.17074e-05 9.68777e-05 0.00784218 1.38571e-05 0.000232327 5.95379e-06 0.0108287 0.00389153 0.000180086 1.78524e-05 -0.00282886 -0.00961533
internal_weight=112134 109564 108718 108169 1137.24 107032 99401.4 97332.1 2069.33 1435.42 96342.6 95152 7630.07 1963.39
internal_count=620661 607877 604113 601673 4829 596844 561295 551421 9874 6971 546382 540843 35549 8995
is_linear=0
shrinkage=0.05


Tree=233
num_leaves=15
num_cat=0
split_feature=68 73 68 73 73 74 74 68 68 69 74 73 68 69
split_gain=15.0194 104.678 111.134 94.0321 131.984 129.96 151.425 92.3285 86.4123 78.8491 78.2108 76.3294 72.6966 166.541
threshold=0.011834083124995233 0.5419357717037202 -0.0024913050001487132 0.44426245987415319 0.45128867030143743 -0.017591366544365879 -0.0085253990255296213 0.0133026116527617 -0.0070073197130113831 -0.023623042739927765 0.013344080187380316 0.368222326040268 -0.014353075530380009 0.034879148006439216
decision_type=10 2 10 2 2 2 2 10 10 8 2 2 10 10
left_child=1 3 -3 12 -5 -6 -7 -2 -8 -10 -11 -9 13 -1
right_child=7 2 -4 4 5 6 8 11 9 10 -12 -13 -14 -15
leaf_value=-0.0013166729507835635 0.011899642635310577 0.015596577684555916 -0.0091420931657708645 0.020263081737611488 0.025737341671538357 -0.015875117439440364 -0.0076938627552711296 0.02164640314932819 0.025614394642301214 0.0057634931393965192 -0.015582608659085416 2.7675370211512212e-05 -0.0055071307338124594 0.012615830685306126
leaf_weight=20256.735163446516 1712.5970290191472 487.81494155526161 5250.8099713604897 1127.4861088618636 547.28687022253871 1168.975765036419 1463.055531648919 400.95594249293208 452.27820854447782 5842.4302439261228 453.51466461829841 63009.900740371086 7541.1929091028869 2388.7438501659781
leaf_count=96797 10031 2325 30421 5669 2552 6254 7518 1989 2091 33933 2412 368158 39520 11000
internal_value=-1.34647e-05 -0.000694775 -0.0070157 0.000186245 0.0041293 0.00227842 0.000883766 0.000478066 0.00328601 0.00567437 0.0042036 0.000167765 -0.00125868 0.000157908
internal_weight=112104 46980.3 5738.62 41241.7 11055 9927.54 9380.25 65123.5 8211.28 6748.22 6295.94 63410.9 30186.7 22645.5
internal_count=620670 240492 32746 207746 60429 54760 52208 380178 45954 38436 36345 370147 147317 107797
is_linear=0
shrinkage=0.05


Tree=234
num_leaves=15
num_cat=0
split_feature=73 69 69 71 73 72 69 71 72 84 70 70 69 69
split_gain=21.0921 45.1712 64.1034 64.1564 28.1038 55.7944 58.0035 82.1847 74.9655 63.7548 36.2782 38.5207 32.4418 29.2889
threshold=0.85966211557388317 0.060251720249652869 0.0023779070470482115 0.015875146724283699 0.78874629735946666 0.010468589607626201 0.11900227144360544 0.01553554041311145 0.0059294532984495172 1.5000000000000002 0.0095623321831226366 0.003342844895087183 0.15252932161092761 0.12782794237136844
decision_type=2 10 8 2 2 10 10 2 10 2 2 2 10 10
left_child=4 2 -2 -4 12 6 7 9 13 -6 11 -7 -1 -8
right_child=1 -3 3 -5 5 10 8 -9 -10 -11 -12 -13 -14 -15
leaf_value=-5.0658820921629436e-05 -0.019298540158788874 -0.016876578510433192 -0.0073192571506200069 0.014319927641642971 0.01784340483303927 -0.0013491919792870469 -0.00037906644160398489 0.026595710945944741 0.0064707105935441532 -0.0041380901957528285 0.0055503897758314713 -0.018406054287272499 -0.013670919987252504 -0.020334707319074174
leaf_weight=102584.56859499868 354.79812258481979 565.1980581395328 630.89294690266252 727.56784618459642 566.78548813983798 802.47974580712616 316.60991051793098 681.27276645042002 2007.0664712395519 763.69000450335443 696.89546665735543 555.47346914000809 429.06605355627835 429.84825581870973
leaf_count=567194 2178 3667 4202 3896 3324 4101 2159 4055 9895 4739 3490 3038 2311 2555
internal_value=-1.76555e-06 -0.00475272 -0.000678374 0.00429026 9.72147e-05 0.00320319 0.00616907 0.0126005 0.00144159 0.00528933 -0.00367135 -0.00840988 -0.000108711 -0.0119874
internal_weight=112112 2278.46 1713.26 1358.46 109834 6820.12 4765.27 2011.75 2753.52 1330.48 2054.85 1357.95 103014 746.458
internal_count=620804 13943 10276 8098 606861 37356 26727 12118 14609 8063 10629 7139 569505 4714
is_linear=0
shrinkage=0.05


Tree=235
num_leaves=15
num_cat=0
split_feature=69 68 68 72 72 72 70 72 68 70 63 68 54 72
split_gain=28.5782 104.163 141.477 74.2643 130.767 96.0592 90.6272 66.8441 73.2453 130.206 75.8496 65.4577 63.4885 60.3927
threshold=-0.013108383864164351 -0.012698640115559099 -0.0050752747338265172 0.013164927251636984 0.011404855176806452 0.014131831005215647 -0.0023072280455380674 0.015535487327724697 -0.074138201773166643 -0.00065787375206127752 0.87273314595222484 -0.044340465217828744 0.28017809987068182 0.013739499729126694
decision_type=8 8 10 10 10 10 2 10 10 2 10 10 8 10
left_child=1 3 12 4 -1 6 13 -7 -9 11 -11 -10 -3 -5
right_child=-2 2 -4 5 -6 7 -8 8 9 10 -12 -13 -14 -15
leaf_value=-0.010717818765995334 -0.00049060007894576464 0.035316875977770182 0.0035753450140014751 0.0088866035466683008 0.015493770172737864 0.0087051884949251 -0.030898306824540585 0.0031542010011125013 -0.024673552417055822 0.005681073543052838 -0.011965025920242017 -0.0059400749513030433 0.010195613254874145 -0.016320189124494674
leaf_weight=677.34076222032309 92811.568056380376 551.84616430103779 4934.9857538603246 423.28044787608087 1544.9114478584379 1574.9180402960628 521.96088164672256 3333.0025727823377 1075.1795127391815 1979.2691320776939 867.64479424618185 831.88387481123209 475.59446792304516 518.13833942264318
leaf_count=3150 530818 2526 23466 2025 7127 7051 2625 14788 5218 9199 4112 4135 2064 2470
internal_value=-0.000126459 0.0016231 0.00711162 -0.000832145 0.00749227 -0.00250017 -0.0143925 -0.000685949 -0.00252334 -0.00650212 0.000280072 -0.0165754 0.0238988 -0.00501244
internal_weight=112122 19310 5962.43 13347.5 2222.25 11125.3 1463.38 9661.9 8086.98 4753.98 2846.91 1907.06 1027.44 941.419
internal_count=620774 89956 28056 61900 10277 51623 7120 44503 37452 22664 13311 9353 4590 4495
is_linear=0
shrinkage=0.05


Tree=236
num_leaves=15
num_cat=0
split_feature=68 73 71 68 72 68 72 69 72 72 72 69 73 68
split_gain=16.2884 112.144 106.317 107.286 103.998 91.8861 87.0764 83.7099 82.0313 81.5188 75.5741 87.0615 203.33 124.577
threshold=0.011834083124995233 0.5419357717037202 -0.0090665640309452993 0.0133026116527617 0.012218077201396229 -0.0024913050001487132 0.0057172416709363469 0.054390531033277519 0.016811436042189602 0.006341558415442706 0.0059583475813269624 0.092637337744236006 0.56275683641433727 0.028709637932479385
decision_type=10 2 2 10 10 10 10 8 10 10 10 8 2 10
left_child=1 -1 10 4 -4 -3 7 -7 -5 -8 -2 12 -12 -14
right_child=2 5 3 8 -6 6 9 -9 -10 -11 11 -13 13 -15
leaf_value=0.00023564764836708665 0.02174903884466137 0.013286023929656242 0.0058285917113719589 -7.924731168458001e-05 0.037236598815630684 0.023678333041806082 -0.028452432264737867 -0.0057816466299332979 -0.010667905296826076 -0.0093659867102256471 -0.013681135309412937 -0.0040908456382737169 0.030811585666115505 0.0077359379547824354
leaf_weight=41176.760920492932 748.27033656649292 491.26527147367597 1130.1606140825897 56112.99030563049 335.79429963231087 336.78982745483518 662.01694097742438 782.69590594246984 1880.7392153292894 3486.9907255284488 716.20991821028292 1774.2913453131914 929.03729468211532 1576.6028004996479
leaf_count=207472 4315 2326 7103 333226 1687 2457 4279 6021 9505 17926 3625 8799 4792 7498
internal_value=3.11049e-05 -0.000679062 0.000542337 -8.56922e-05 0.0132265 -0.00720743 -0.00913991 0.00321236 -0.000424418 -0.0124725 0.00703184 0.00478861 0.0096761 0.0163804
internal_weight=112141 46936.5 65204.1 59459.7 1465.95 5759.76 5268.49 1119.49 57993.7 4149.01 5744.41 4996.14 3221.85 2505.64
internal_count=621031 240481 380550 351521 8790 33009 30683 8478 342731 22205 29029 24714 15915 12290
is_linear=0
shrinkage=0.05


Tree=237
num_leaves=15
num_cat=0
split_feature=68 49 74 70 71 74 68 73 72 73 58 53 42 68
split_gain=16.8749 39.9651 22.4136 78.8282 75.2762 65.9938 51.6804 68.7522 57.8891 57.8235 51.9229 25.9945 28.4204 27.9815
threshold=-0.13279618322849271 -0.23675721883773801 -0.021567674353718754 -0.022202525287866589 -0.060255499556660645 -0.022302128374576565 -0.01657590456306934 0.46610021591186529 0.01715600956231356 0.58129978179931652 -0.0028188124997541304 -0.28978309035301203 1.0000000180025095e-35 -0.068213950842618928
decision_type=8 2 2 2 2 2 8 2 10 2 2 8 2 8
left_child=1 -1 5 -4 -5 6 8 -8 10 -9 -2 12 -6 -13
right_child=2 -3 3 4 11 -7 7 9 -10 -11 -12 13 -14 -15
leaf_value=-0.001500706531282257 0.016289605276435359 0.017371952520222531 0.018371914504206308 -0.016939255927164231 0.0012531290802228689 -0.020967941824718714 -0.025508105436943842 0.011746782100883554 -0.0073433449020845381 -0.012241185419319371 -0.0035606703303907132 0.007327536292388425 0.0089339225731646637 -0.00030893670754082378
leaf_weight=686.42244100570679 944.43294278159738 462.70098446682096 587.25517043843865 630.05715473555028 24956.01791247353 468.0772648062557 414.56411724165082 446.88366464152932 783.6428098436445 548.27760535664856 498.34776771068573 1208.2927045188844 1255.9015672337264 78066.221718038432
leaf_count=3130 4481 2067 2608 2885 111291 2354 2021 2148 3622 2736 2483 5526 5597 467204
internal_value=0.000181186 0.00618279 0.000118395 0.000258001 0.000156035 -0.00350294 -0.00120335 -0.00866146 0.00353658 -0.00145953 0.00945585 0.000259739 0.00162441 -0.000191633
internal_weight=111957 1149.12 110808 106704 106116 4104.23 3636.15 1409.73 2226.42 995.161 1442.78 105486 26211.9 79274.5
internal_count=620153 5197 614956 595111 592503 19845 17491 6905 10586 4884 6964 589618 116888 472730
is_linear=0
shrinkage=0.05


Tree=238
num_leaves=15
num_cat=0
split_feature=70 68 84 68 69 69 69 70 70 72 72 69 69 71
split_gain=20.384 60.3905 91.0161 123.361 86.3859 75.2534 112.316 83.7777 84.2533 73.4477 67.6563 58.02 90.3239 53.9598
threshold=-0.0087212771177291853 -0.068213950842618928 1.5000000000000002 -0.040725640952587121 -0.060190718621015542 0.049591720104217536 0.03123692981898785 -0.011451073456555603 -0.015494504012167452 0.0067859278060495862 0.014131831005215647 -0.074945528060197816 0.045545944944024093 -0.03858648054301738
decision_type=2 10 2 10 10 10 10 2 2 10 10 8 10 2
left_child=1 4 5 10 13 6 7 8 -3 -7 -4 -5 -13 -1
right_child=-2 2 3 11 -6 9 -8 -9 -10 -11 -12 12 -14 -15
leaf_value=-0.0057305646844945969 0.00034663004624360802 0.0012153291902939475 -0.01180219681834126 0.0126937248845372 0.022817930914354152 0.0097800753752865319 0.027568215593066922 -0.015970858116508654 0.023993743796881125 -0.010436456135418139 -0.037209644235562465 -0.011180279428656091 0.00078124612471657591 0.0097660062359045639
leaf_weight=1330.4636183716357 95868.365889313631 1639.5898984316736 694.95412546209991 482.62147351540625 541.40176702849567 607.11606469377875 536.68677466362715 482.57591367512941 530.06444614194334 1649.9825721681118 425.6189808100462 3110.58757218346 3190.6866606827825 957.04485313594341
leaf_count=6191 540700 7903 3357 2232 2412 3031 2403 2601 2554 8299 2252 16205 16046 4169
internal_value=6.95406e-05 -0.00157151 -0.0029779 -0.00640151 0.00505278 0.00199383 0.00692962 0.00266547 0.00686483 -0.00497945 -0.0216963 -0.00384688 -0.00513185 0.000767158
internal_weight=112048 16179.4 13350.5 7904.47 2828.91 5446.02 3188.92 2652.23 2169.65 2257.1 1120.57 6783.9 6301.27 2287.51
internal_count=620355 79655 66883 40092 12772 26791 15461 13058 10457 11330 5609 34483 32251 10360
is_linear=0
shrinkage=0.05


Tree=239
num_leaves=15
num_cat=0
split_feature=72 68 68 68 69 71 69 70 68 68 70 69 70 68
split_gain=21.0779 25.5354 30.431 30.4177 141.016 37.7224 78.8731 35.164 44.8046 44.004 18.8987 87.9721 75.9985 54.7059
threshold=0.054642656818032272 -0.13279618322849271 -0.09988760948181151 -0.087453853338956819 -0.12291077151894568 -0.054346878081560128 -0.013108383864164351 -0.027834935113787648 -0.081325836479663835 -0.03380355425179004 -0.0085004726424813253 0.12782794237136844 -0.011970254592597483 -0.068213950842618928
decision_type=8 8 8 8 10 2 8 2 8 10 2 10 2 10
left_child=1 -1 -3 4 -4 6 -5 9 -9 -7 11 12 13 -10
right_child=-2 2 3 5 -6 7 -8 8 10 -11 -12 -13 -14 -15
leaf_value=0.0084051193429871707 -0.011407523152283699 -0.011748087891207883 -0.0083807046019053321 -0.025828882982030663 0.027188361623005794 -0.0008676839311073355 0.0031866819146774057 0.017493133907036655 0.01477485882207452 -0.021652326993151269 0.00036469514635214335 0.019240734659586152 -0.0076388278830817908 -0.00073648978308486161
leaf_weight=906.24242107197642 389.88702416419983 536.30496451444924 587.59420624002814 417.79844878800213 514.00643027946353 659.47157506085932 513.30732996016741 362.17796894162893 604.28611883148551 405.74516662023962 93562.968306501396 475.36937080137432 4531.1254368629307 7605.5424363445491
leaf_count=4169 1764 2358 2538 2041 2136 3115 2416 1546 2635 2217 530049 2140 23732 37742
internal_value=5.129e-05 9.2311e-05 2.35524e-05 8.18808e-05 0.00831109 -1.93597e-06 -0.00996906 8.47433e-05 0.000175017 -0.00891238 0.000114645 -0.00165449 -0.00244857 0.000421812
internal_weight=112072 111682 110776 110239 1101.6 109138 931.106 108207 107141 1065.22 106779 13216.3 12741 8209.83
internal_count=620598 618834 614665 612307 4674 607633 4457 603176 597844 5332 596298 66249 64109 40377
is_linear=0
shrinkage=0.05


Tree=240
num_leaves=15
num_cat=0
split_feature=8 3 78 24 53 54 53 1 27 58 74 74 26 19
split_gain=19.9938 30.9752 21.8957 17.7857 17.4035 30.7674 30.923 25.5338 25.2465 26.6191 20.5619 30.6161 21.4984 20.1955
threshold=1.0000000180025095e-35 0.075000001117587103 0.0024707864504307513 0.014576003421097996 -0.2928404808044433 0.27179390192031866 -0.034605873748660081 0.010918685235083105 1.8402579426765444 0.0019156170310452583 -0.01344077894464135 -0.011782031506299971 1.0000000180025095e-35 -0.0081791337579488737
decision_type=2 2 10 2 10 10 10 10 2 2 2 2 10 10
left_child=4 2 -2 -3 13 6 8 -7 9 -6 12 -12 -9 -1
right_child=1 3 -4 -5 5 7 -8 10 -10 -11 11 -13 -14 -15
leaf_value=-0.0014832334210377256 -0.0008710813124266566 0.0012051443333863741 0.0058147870420824166 -0.0045427010471560452 -0.0040851414381491251 0.0048048587346298278 -0.01317255978469286 0.00936335521303845 0.0052144455073195022 -0.0001584876333196842 -0.011022623352715345 -0.0005606334374809222 0.00072357932466413858 0.0012340331559797242
leaf_weight=9274.5027420911938 1633.5951702697203 3672.8212960660458 4852.5243393797427 2111.5509504340589 11206.307796154171 2463.2090312438086 646.08574267849326 1010.0129043497145 1094.2871103063226 7017.0895021595061 702.47372121363878 37949.154677582905 2454.6211833097041 25945.849756261334
leaf_count=40803 14410 16370 33194 9495 72917 28229 8710 4647 6228 43787 3385 199486 11727 126830
internal_value=-0.000141302 0.00176244 0.00413213 -0.000897291 -0.000375607 -0.000863396 -0.00249417 -0.000132699 -0.0021304 -0.00257406 -0.000422549 -0.000753577 0.00326195 0.000518283
internal_weight=112034 12270.5 6486.12 5784.37 99763.6 64543.2 19963.8 44579.5 19317.7 18223.4 42116.3 38651.6 3464.63 35220.4
internal_count=620218 73469 47604 25865 546749 379116 131642 247474 122932 116704 219245 202871 16374 167633
is_linear=0
shrinkage=0.05


Tree=241
num_leaves=15
num_cat=0
split_feature=5 18 8 3 31 14 26 71 69 71 69 69 69 74
split_gain=18.4462 18.2523 17.1883 28.9576 23.0765 20.5536 15.5535 32.1819 45.8838 60.4497 95.2588 37.8956 42.6269 67.6492
threshold=0.71724092960357677 40.974388122558601 1.0000000180025095e-35 0.075000001117587103 18.746318817138675 -0.018895286135375496 -0.11796428263187407 0.004519339883700014 -0.045439498499035828 -0.0071565646212548009 -0.060190718621015542 -0.10739394277334212 -0.078316114842891679 0.020043097436428074
decision_type=2 2 2 2 2 8 8 2 10 2 8 8 10 2
left_child=1 -1 6 4 5 -4 7 8 9 10 -2 -9 -13 -14
right_child=2 -3 3 -5 -6 -7 -8 11 -10 -11 -12 12 13 -15
leaf_value=0.00089530682607748724 -0.0036964976712118703 -0.01488474953604094 0.0076608997768140494 -0.00088451371358969164 0.0082861292075494895 -0.0001399443376248512 -0.00062010659012001182 -0.008629837235798429 -0.0028035477626040129 0.015244078507005702 0.020245438865580175 0.017277673076479209 0.0044478174849377225 -0.012733425238869812
leaf_weight=324.24367644824088 2454.1664327830076 408.21696402318776 1134.8161637075245 5745.9134726189077 2099.5848408713937 3216.3860357888043 77770.0890566241 623.86440091580153 8499.0893059000373 875.20550753176212 489.71094532310963 558.78001346439123 7232.5518139787018 612.51475396007299
leaf_count=1542 10850 3223 7015 25693 15833 23746 445748 2873 38808 3753 2100 2554 33832 2783
internal_value=-0.000126361 -0.0079813 -7.39615e-05 0.00169644 0.00399318 0.00190746 -0.000291967 0.000903284 -0.000758702 0.00378739 0.000341274 0.00316937 0.00405451 0.00309186
internal_weight=112045 732.461 111313 12196.7 6450.79 4351.2 99116 21345.9 12318.2 3819.08 2943.88 9027.71 8403.85 7845.07
internal_count=620353 4765 615588 72287 46594 30761 543301 97553 55511 16703 12950 42042 39169 36615
is_linear=0
shrinkage=0.05


Tree=242
num_leaves=15
num_cat=0
split_feature=70 73 73 73 72 69 69 72 72 70 60 73 73 23
split_gain=19.3075 93.5112 99.6778 163.958 109.518 222.63 119.828 80.1709 85.006 78.9091 50.9422 49.0403 59.2874 53.7686
threshold=0.0085090477950871008 0.47465904057025915 0.44426245987415319 0.45742131769657141 0.010908138938248159 0.034879148006439216 -0.016943235881626603 0.0090119163505733031 0.0079975952394306677 0.014134839642792942 1.5000000000000002 0.59182497859001171 0.60157483816146862 0.035306032747030265
decision_type=2 2 2 2 10 8 10 10 10 2 8 2 2 2
left_child=-1 2 4 -4 5 -2 9 8 -7 -6 -8 13 -13 -3
right_child=1 11 3 -5 6 7 10 -9 -10 -11 -12 12 -14 -15
leaf_value=0.00016603493554396612 0.034108582978447564 -0.01236531126714982 0.037288566274034624 0.00053743762075583474 0.016801421338489223 0.0055429740780568023 -0.0066662606589864299 0.015965247384833632 -0.025590883624229295 -0.0013839959497569598 -0.022494505896056786 0.014695963344085608 -0.0035085509197480577 0.0046115404375615668
leaf_weight=91590.205504439771 647.21570372581482 2843.2325703511015 496.22395750880241 758.50089288316667 734.72589471191168 424.02265372872353 1416.7416083160788 421.91315507143736 437.54865652695298 2991.132714368403 794.61823661625385 466.29186428338289 7370.5491245193407 552.09175350889564
leaf_count=514241 3018 16020 2435 3894 3248 2245 7574 2018 2246 13598 3561 2325 41084 2437
internal_value=-0.000143566 -0.00153607 0.00222309 0.0152518 0.000128623 0.0104421 -0.00323708 -0.00166356 -0.0103805 0.00223748 -0.0124296 -0.00458848 -0.00240803 -0.00959938
internal_weight=111945 20354.8 9122.64 1254.72 7867.92 1930.7 5937.22 1283.48 861.571 3725.86 2211.36 11232.2 7836.84 3395.32
internal_count=619944 105703 43837 6329 37508 9527 27981 6509 4491 16846 11135 61866 43409 18457
is_linear=0
shrinkage=0.05


Tree=243
num_leaves=15
num_cat=0
split_feature=54 5 69 69 69 6 69 71 69 11 69 71 71 84
split_gain=18.241 27.8721 45.6389 88.6048 50.279 35.1635 30.4592 30.061 43.7507 33.949 39.5507 29.4514 101.227 29.0186
threshold=0.47431603074073797 0.91172391176223766 -0.013108383864164351 -0.024361428804695603 0.060251720249652869 0.5287688970565797 0.1405192241072655 0.016318576410412792 0.085437994450330748 -0.021135441958904263 0.10662260279059411 -0.012742594350129364 -0.00143447401933372 1.5000000000000002
decision_type=8 2 10 10 10 2 10 2 10 10 10 2 2 2
left_child=1 2 3 11 5 -4 -3 9 -9 -6 -11 -1 -13 -14
right_child=-2 6 4 -5 7 -7 -8 8 -10 10 -12 12 13 -15
leaf_value=-0.0057579945309568911 0.00064176909407264522 -0.0014020615001846596 -0.0002683348748627395 0.021050635720295093 -0.0030873152904271543 -0.0081888485365304905 0.012559524893943217 0.024150628596450292 0.0038900085982374061 0.0089325557846109179 -0.0064706957186763843 0.025254899185070453 -0.0090992610554496024 0.004250092550245734
leaf_weight=853.33154900558293 51878.399216243997 44013.967439379543 3177.8190980721265 761.51457986421883 2542.2037850040942 2497.5609023822471 384.23408282361925 353.5094110313803 1017.6134441383183 1747.5886887479573 538.29362596571445 478.19825664535165 619.83249743655324 1141.2393514262512
leaf_count=3968 267235 256413 17751 3670 13758 17651 2182 2233 6307 14274 4233 2157 3101 5456
internal_value=-4.51014e-05 -0.000637752 0.00117039 0.00589037 -0.000365227 -0.00376218 -0.00127843 0.00274574 0.00925074 0.000883089 0.00529292 0.00210153 0.00510888 -0.000473237
internal_weight=112005 60126.9 15728.7 3854.12 11874.6 5675.38 44398.2 6199.21 1371.12 4828.09 2285.88 3092.6 2239.27 1761.07
internal_count=620389 353154 94559 18352 76207 35402 258595 40805 8540 32265 18507 14682 10714 8557
is_linear=0
shrinkage=0.05


Tree=244
num_leaves=15
num_cat=0
split_feature=72 72 74 69 70 74 74 71 71 69 72 74 0 72
split_gain=18.3926 18.6003 25.9143 17.8942 54.228 59.9572 73.3415 66.6777 93.3318 64.311 64.018 79.8649 61.8892 61.0618
threshold=0.054642656818032272 0.049865879118442542 -0.04474180564284324 0.10132142156362535 0.017422479577362541 0.0022695042425766592 0.0041607425082474956 0.018063968978822235 0.019246594049036506 0.13793270289897921 0.0052435607649385938 0.0076031466014683255 0.050044933333992965 0.0050268047489225873
decision_type=8 10 2 8 2 2 2 2 2 10 10 2 2 10
left_child=1 2 -1 -4 5 7 -7 13 -9 -10 11 -8 -12 -5
right_child=-2 -3 3 4 -6 6 10 8 9 -11 12 -13 -14 -15
leaf_value=-0.011974846172805158 -0.010635301545366828 0.010264567889569046 0.0003593400384502639 -0.0088879064400817602 0.01673983124579766 -0.012786592925679184 -0.0040407808426339174 0.022780507360805228 0.0071546804541854012 -0.013003132204286401 -0.005923858748757279 0.021059703850470221 0.0047451596828833329 0.00052216389477769613
leaf_weight=445.06232576072216 400.10094792954624 427.30838321149349 81804.269969814457 2008.0376437846571 410.43037327192724 1994.7963124103844 644.11532980203629 733.65506142750382 1582.4051248133183 516.69847219996154 6913.3626769119874 608.75656022690237 1683.326816663146 11823.4474791307
leaf_count=2386 1821 1818 450435 13222 1918 12055 4271 3752 8633 2499 41377 3546 7368 65311
internal_value=-6.59037e-05 -2.706e-05 -6.75386e-05 -1.8599e-05 -0.00108744 -0.00134988 -0.0040681 0.000583422 0.00755789 0.00215467 -0.0022912 0.00822545 -0.00383166 -0.000849413
internal_weight=111996 111596 111168 110723 28919 28508.6 11844.4 16664.2 2832.76 2099.1 9849.56 1252.87 8596.69 13831.5
internal_count=620412 618591 616773 614387 163952 162034 68617 93417 14884 11132 56562 7817 48745 78533
is_linear=0
shrinkage=0.05


Tree=245
num_leaves=15
num_cat=0
split_feature=17 71 58 71 6 68 69 71 23 73 68 69 69 28
split_gain=14.5761 42.0465 21.3473 19.892 45.8751 43.736 44.8683 41.1325 35.1767 34.0859 79.5245 69.7475 81.8675 31.5343
threshold=92.436656951904311 0.048369815573096282 -0.0025656074285507198 0.029663254506886009 0.23386877775192264 0.066133540123701109 0.036011641845107085 0.027181204408407215 0.0043219244107604035 0.44682462513446813 0.0048870842438191184 -0.074945528060197816 -0.098924212157726274 0.96956571936607372
decision_type=2 2 2 2 2 10 10 2 2 2 10 8 10 2
left_child=3 2 -2 5 -5 7 -7 -1 -9 11 -11 12 -6 -12
right_child=1 -3 -4 4 9 6 -8 8 -10 10 13 -13 -14 -15
leaf_value=0.0003023543059501121 0.0037691817071508846 -0.014318656428980586 -0.0018595227258622539 0.013873345773718569 -0.0075608110323431904 -0.020457617245567907 -9.9155265699256361e-05 -0.0017588353940807544 -0.022339753591258529 0.020462716552922158 -0.0028812879484174311 -0.011366244496646723 0.021597287356156434 0.0060718902829274774
leaf_weight=90350.016373951919 2033.5816456153989 602.08385890908539 9583.9218940166757 815.37726823426783 492.07862303778529 512.03001634404063 562.19997390732169 477.41375435702503 359.96426818333566 612.39152499474585 2135.3442348837852 1260.969905205071 454.30147444084287 1806.6265648119152
leaf_count=498923 11276 3194 58380 3920 2275 2764 3182 2727 1991 2977 11313 6348 2070 9365
internal_value=8.37129e-05 -0.00154557 -0.000871854 0.000283261 0.00274426 8.08734e-05 -0.00990217 0.000199551 -0.0107652 0.00138373 0.00385264 -0.0037047 0.00651575 0.00122698
internal_weight=112058 12219.6 11617.5 99838.7 7577.09 92261.6 1074.23 91187.4 837.378 6761.71 4554.36 2207.35 946.38 3941.97
internal_count=620705 72850 69656 547855 38268 509587 5946 503641 4718 34348 23655 10693 4345 20678
is_linear=0
shrinkage=0.05


Tree=246
num_leaves=15
num_cat=0
split_feature=5 11 54 14 69 73 68 69 71 14 71 69 68 71
split_gain=17.2421 19.1943 17.2167 33.4748 27.6088 28.8979 67.7051 96.3593 44.1169 43.9178 40.4885 42.7865 85.3153 89.9651
threshold=0.74099683761596691 0.0082731307484209555 0.26893828809261328 -0.17495924234390256 0.13680395483970645 0.32263550162315374 -0.028726507909595963 -0.074945528060197816 -0.028331292793154713 0.010553673375397922 0.042148336768150337 -0.011117002926766871 -0.010905845556408165 0.015249760355800392
decision_type=2 8 8 10 10 2 10 10 2 10 2 10 10 2
left_child=1 -1 3 -2 5 -5 -7 -8 -9 10 11 12 -10 -14
right_child=2 -3 -4 4 -6 6 7 8 9 -11 -12 -13 13 -15
leaf_value=-0.0016869564588310182 0.0029005281350268385 -0.015417136957039746 0.00052260577457689892 0.0010015801460345865 0.012300092026210026 -0.015715537545751831 0.020531556334054204 -0.015243625925327079 -0.012270052459747521 -0.0060916164583612632 -0.012862977371907607 -0.0011687526538848591 0.021906599554474545 -0.0054475488738754824
leaf_weight=820.71937712281942 5282.230681899935 360.91076503694057 72752.863395087421 8318.0931075569242 354.5646763369441 910.50641229189932 459.73486107587814 634.72471728734672 427.92430391907692 4994.3962415494025 654.80335551686585 14660.266109671444 921.73636730387807 438.72637278586626
leaf_count=4226 23290 2921 393478 39717 1988 4884 2267 3477 2149 40393 3748 91095 4568 2196
internal_value=7.53242e-06 -0.00597481 7.18587e-05 -0.000789721 -0.00138516 -0.00153857 -0.00241525 -0.00188655 -0.00234875 -0.00197164 -0.000765707 -0.000276605 0.00700259 0.01311
internal_weight=111992 1181.63 110811 38057.7 32775.5 32420.9 24102.8 23192.3 22732.6 22097.9 17103.5 16448.7 1788.39 1360.46
internal_count=620397 7147 613250 219772 196482 194494 154777 149893 147626 144149 103756 100008 8913 6764
is_linear=0
shrinkage=0.05


Tree=247
num_leaves=15
num_cat=0
split_feature=57 69 57 73 69 84 73 70 69 69 79 52 70 73
split_gain=19.6734 20.3149 44.7783 36.5094 23.991 84.1601 53.4602 28.107 25.3073 24.4721 17.614 16.1038 35.4287 61.9259
threshold=0.22188157588243487 -0.13803395628929135 0.046875672414898879 0.063547253608703627 -0.10739394277334212 1.5000000000000002 0.20574606955051425 0.010524414479732515 -0.098924212157726274 -0.092393949627876268 0.54740378260612499 0.32707698643207556 0.027393514290452007 0.15441858023405078
decision_type=8 8 10 2 8 2 2 2 8 8 10 8 2 2
left_child=1 2 -1 -4 5 7 -7 -3 -6 -10 -2 12 13 -11
right_child=10 4 3 -5 8 6 -8 -9 9 11 -12 -13 -14 -15
leaf_value=0.01853283629361004 -0.0072622542046076981 -0.020556966478687846 0.0096227744829998386 -0.008974451907582592 0.010807638231418499 0.012205460487924953 -0.0075748397698805611 -0.0048846323590472033 -0.011454039710957237 0.012357455034874955 0.0014028225653058861 0.0014068188446442198 -0.013796412759631961 -0.00020461675867991213
leaf_weight=469.6880423091352 1680.110942476429 714.30026252567768 502.98473679274321 533.51889279484749 548.3122244477272 787.41278641298413 588.66729673556983 485.84485611133277 443.63118368387222 983.01506816595793 893.7992572337389 21400.827826877125 461.62891597859561 81388.526698559523
leaf_count=1992 8913 3449 2166 2258 2530 3382 2818 2283 2120 4504 3927 100092 2406 477280
internal_value=5.27031e-05 0.000154624 0.00590198 5.59504e-05 7.37827e-05 -0.00468384 0.00375013 -0.0143053 0.000190697 0.000134057 -0.00425949 0.000184471 -0.000131467 -5.32202e-05
internal_weight=111882 109308 1506.19 1036.5 107802 2576.23 1376.08 1200.15 105226 104678 2573.91 104234 82833.2 82371.5
internal_count=620120 607280 6416 4424 600864 11932 6200 5732 588932 586402 12840 584282 484190 481784
is_linear=0
shrinkage=0.05


Tree=248
num_leaves=15
num_cat=0
split_feature=73 69 71 68 72 69 69 74 73 74 69 71 69 72
split_gain=20.0503 71.1183 51.4439 72.1274 70.8678 65.5767 112.594 77.2219 82.9835 68.8768 66.5816 114.04 67.1872 93.0593
threshold=0.68223786354064953 0.1405192241072655 0.045635942369699485 0.046663746237754829 0.016811436042189602 -0.011117002926766871 -0.0020994962542317803 -0.011121466290205715 0.78874629735946666 0.0032269024522975092 0.10072816908359529 -0.0069423320237547151 0.095358736813068404 0.0086673786863684672
decision_type=2 10 2 10 10 8 8 2 2 2 8 2 10 10
left_child=1 -1 4 -4 5 9 -7 -8 10 -2 11 -9 -13 -14
right_child=2 -3 3 -5 -6 6 7 8 -10 -11 -12 12 13 -15
leaf_value=0.00015515869238669631 0.017019385310667514 0.018519181621466131 0.025694549884459739 -0.0018572481169477587 -0.012908708251660704 -0.025553010680894661 0.014091562342550636 0.027006993452829503 0.0028105375501703139 -0.0047803167246684231 -0.0080726223430843021 -0.0037201962100344476 0.019455270426610886 -0.011842950753536259
leaf_weight=83260.316775221378 960.82219106703997 520.57419350929558 408.59111726656556 546.33166366070509 1324.635492419824 475.94053117185831 784.09681841358542 332.84602658450603 6921.490698358044 572.32746959291399 5698.3103744583204 9044.2354395557195 730.4336518291384 341.61802890524268
leaf_count=449636 4561 2496 2016 2946 6868 2890 3977 1765 39738 2859 34548 59841 4396 1974
internal_value=-0.000116421 0.00027146 -0.00127087 0.0100757 -0.00167297 -0.00109272 -0.00172604 -0.00124012 -0.00176711 0.00890328 -0.00372981 -0.00135605 -0.002315 0.00946456
internal_weight=111923 83780.9 28141.7 954.923 27186.8 25862.1 24329 23853 23068.9 1533.15 16147.4 10449.1 10116.3 1072.05
internal_count=620511 452132 168379 4962 163417 156549 149129 146239 142262 7420 102524 67976 66211 6370
is_linear=0
shrinkage=0.05


Tree=249
num_leaves=15
num_cat=0
split_feature=69 71 70 71 71 70 71 70 71 68 71 74 74 71
split_gain=15.7964 54.9283 56.8591 66.6768 60.5743 107.157 100.213 121.965 60.0286 84.2078 73.1984 56.2829 79.5473 55.2737
threshold=0.10332852974534036 0.044031837955117233 0.0066101797856390485 -0.0041437128093093625 0.0089837969280779379 -0.0053473636507987967 0.0068225695285946139 0.0052992564160376796 0.02282422594726086 0.01952229626476765 0.018401729874312881 0.0021985392086207871 0.00073325508856214594 0.019246594049036506
decision_type=8 2 2 2 2 2 2 2 2 8 2 2 2 2
left_child=-1 2 4 -4 6 -6 7 11 9 -7 -11 12 -2 -12
right_child=1 -3 3 -5 5 8 -8 -9 -10 10 13 -13 -14 -15
leaf_value=0.00030944966101400791 -0.0017690439171827771 0.01262209530112233 0.0071828028769597768 -0.0080948068598181693 0.026789299265286233 0.022867916948507327 -0.014080363810672248 0.020897701045079233 -0.0072502870058406685 -0.0010310549824172532 0.021994488120372746 -0.010456325100999976 0.017529692321009625 0.0037259274724905363
leaf_weight=84177.907447737642 7503.3919655457139 704.11156568676233 828.78901170007885 4864.5379934683442 432.44593666866422 510.36899303458631 1629.8639019588009 600.92457552999258 1575.4225160703063 5098.1843705102801 668.10717503167689 1670.7100387485698 564.81407597288489 1076.5314859449863
leaf_count=463160 41746 3644 4251 28143 2102 2762 9704 3199 8651 29925 3441 10420 3410 5831
internal_value=-3.1509e-05 -0.00106634 -0.00142753 -0.00586212 -0.00024171 0.00276958 -0.00259708 -0.000775117 0.00157755 0.0034762 0.00199861 -0.00213247 -0.00039801 0.0108073
internal_weight=111906 27728.2 27024.1 5693.33 21330.8 9361.06 11969.7 10339.8 8928.61 7353.19 6842.82 9738.92 8068.21 1744.64
internal_count=620389 157229 153585 32394 121191 52712 68479 58775 50610 41959 39197 55576 45156 9272
is_linear=0
shrinkage=0.05


end of trees

feature_importances:
spy_c_sma200=475
spy_rv20=393
spy_ret5=392
breadth50=351
spy_c_sma50=350
univ_ret1=289
spy_ret1=256
atr_pct=203
relvol=112
entry_weekday=90
dist_hi252=67
dist_lo252=62
range20=47
hit3_60=40
atr_ratio=32
resist_room=32
adx14=28
rv20=25
sma20_slope=20
gap_last=18
hit3_20=17
bb_squeeze=16
sma50_200=14
rsi14=14
gap_up_count20=11
relvol5=10
dist_hi60=10
c_sma200=8
rsi2=8
stoch_d=8
rs_today=8
fib_ext_room=8
bb_width=7
roc5=7
dist_lo20=7
dist_lo60=7
bb_pctb=6
roc1=6
roc60=6
di_diff=5
c_sma10=4
macd_hist=4
c_sma50=3
gap_dn_count20=3
close_loc=3
roc20=2
log_dollar_vol=2
dist_hi20=2
gap_dn_filled=2
rs5=2
fib_room_up=2
c_sma20=1
obv_slope=1
cdl_evening_star=1
rs20=1
rs60=1
fib_retr=1

parameters:
[boosting: gbdt]
[objective: binary]
[metric: binary_logloss]
[tree_learner: serial]
[device_type: cpu]
[data_sample_strategy: bagging]
[data: ]
[valid: ]
[num_iterations: 250]
[learning_rate: 0.05]
[num_leaves: 15]
[num_threads: 4]
[seed: 7]
[deterministic: 0]
[force_col_wise: 0]
[force_row_wise: 0]
[histogram_pool_size: -1]
[max_depth: -1]
[min_data_in_leaf: 2000]
[min_sum_hessian_in_leaf: 0.001]
[bagging_fraction: 0.7]
[pos_bagging_fraction: 1]
[neg_bagging_fraction: 1]
[bagging_freq: 1]
[bagging_seed: 17422]
[bagging_by_query: 0]
[feature_fraction: 0.6]
[feature_fraction_bynode: 1]
[feature_fraction_seed: 7040]
[extra_trees: 0]
[extra_seed: 6516]
[early_stopping_round: 0]
[early_stopping_min_delta: 0]
[first_metric_only: 0]
[max_delta_step: 0]
[lambda_l1: 0]
[lambda_l2: 10]
[linear_lambda: 0]
[min_gain_to_split: 0]
[drop_rate: 0.1]
[max_drop: 50]
[skip_drop: 0.5]
[xgboost_dart_mode: 0]
[uniform_drop: 0]
[drop_seed: 15215]
[top_rate: 0.2]
[other_rate: 0.1]
[min_data_per_group: 100]
[max_cat_threshold: 32]
[cat_l2: 10]
[cat_smooth: 10]
[max_cat_to_onehot: 4]
[top_k: 20]
[monotone_constraints: ]
[monotone_constraints_method: basic]
[monotone_penalty: 0]
[feature_contri: ]
[forcedsplits_filename: ]
[refit_decay_rate: 0.9]
[cegb_tradeoff: 1]
[cegb_penalty_split: 0]
[cegb_penalty_feature_lazy: ]
[cegb_penalty_feature_coupled: ]
[path_smooth: 0]
[interaction_constraints: ]
[verbosity: -1]
[saved_feature_importance_type: 0]
[use_quantized_grad: 0]
[num_grad_quant_bins: 4]
[quant_train_renew_leaf: 0]
[stochastic_rounding: 1]
[linear_tree: 0]
[max_bin: 255]
[max_bin_by_feature: ]
[min_data_in_bin: 3]
[bin_construct_sample_cnt: 200000]
[data_random_seed: 61]
[is_enable_sparse: 1]
[enable_bundle: 1]
[use_missing: 1]
[zero_as_missing: 0]
[feature_pre_filter: 1]
[pre_partition: 0]
[two_round: 0]
[header: 0]
[label_column: ]
[weight_column: ]
[group_column: ]
[ignore_column: ]
[categorical_feature: ]
[forcedbins_filename: ]
[precise_float_parser: 0]
[parser_config_file: ]
[objective_seed: 15521]
[num_class: 1]
[is_unbalance: 0]
[scale_pos_weight: 1]
[sigmoid: 1]
[boost_from_average: 1]
[reg_sqrt: 0]
[alpha: 0.9]
[fair_c: 1]
[poisson_max_delta_step: 0.7]
[tweedie_variance_power: 1.5]
[lambdarank_truncation_level: 30]
[lambdarank_norm: 1]
[label_gain: ]
[lambdarank_position_bias_regularization: 0]
[eval_at: ]
[multi_error_top_k: 1]
[auc_mu_weights: ]
[num_machines: 1]
[local_listen_port: 12400]
[time_out: 120]
[machine_list_filename: ]
[machines: ]
[gpu_platform_id: -1]
[gpu_device_id: -1]
[gpu_device_id_list: ]
[gpu_use_dp: 0]
[num_gpu: 1]

end of parameters

pandas_categorical:null
