tree
version=v4
num_class=1
num_tree_per_iteration=1
label_index=0
max_feature_idx=84
objective=binary sigmoid:1
feature_names=atr_pct rv20 range20 hit3_20 hit3_60 atr_ratio bb_pctb bb_width bb_squeeze c_sma10 c_sma20 c_sma50 c_sma200 sma20_slope sma50_200 adx14 di_diff rsi2 rsi14 macd_hist macd_cross_up stoch_k stoch_d roc1 roc5 roc20 roc60 relvol relvol5 obv_slope updown_vol log_dollar_vol cdl_doji cdl_hammer cdl_inv_hammer cdl_shooting_star cdl_hanging_man cdl_bull_engulf cdl_bear_engulf cdl_piercing cdl_dark_cloud cdl_morning_star cdl_evening_star cdl_three_white cdl_three_black cdl_bull_harami cdl_bear_harami cdl_bull_marubozu cdl_bear_marubozu dist_hi20 dist_lo20 dist_hi60 dist_lo60 dist_hi252 dist_lo252 breakout20 support_test resist_room gap_last gap_up_count20 gap_dn_count20 gap_up_held gap_dn_filled close_loc rs5 rs20 rs60 rs_today spy_c_sma50 spy_c_sma200 spy_ret1 spy_ret5 spy_rv20 breadth50 univ_ret1 fib_retr fib_near fib_golden fib_room_up fib_ext_room ew_w3 ew_w4 ew_w5 ew_abc entry_weekday
feature_infos=[0.00084742775652557611:2.4562599658966064] [0.00029228333733044565:1.3647491931915283] [0.00023471232270821929:0.66007202863693237] [0:1] [0:0.86666667461395264] [0.04751284047961235:2.7999999523162842] [-0.56213229894638062:1.5597584247589111] [0.0014199427096173167:47.003089904785156] [0:1] [-0.82683050632476807:3.3606364727020264] [-0.85076415538787842:4.7464570999145508] [-0.9200894832611084:7.304898738861084] [-0.99844801425933838:30.576053619384766] [-0.50781476497650146:5.0965557098388672] [-0.99808782339096069:2.9697189331054688] [5.3136930465698242:84.801483154296875] [-100:87.014190673828125] [0:100] [0:100] [-0.62161046266555786:1.3406126499176025] [0:1] [0:100] [0:100] [-0.80082643032073975:5.4884505271911621] [-0.84804540872573853:28.884578704833984] [-0.91705334186553955:477.66665649414062] [-0.99234431982040405:477.66665649414062] [0:20] [0:4] [-2:2] [-17.363920211791992:17.972127914428711] [16.811246871948242:24.506065368652344] [0:1] [0:1] [0:1] [0:1] [0:1] [0:1] [0:1] [0:1] [0:1] [0:1] [0:1] [0:1] [0:1] [0:1] [0:1] [0:1] [0:1] [-0.9751209020614624:0] [0:477.66665649414062] [-0.99330127239227295:0] [0:477.66665649414062] [-0.9998742938041687:0] [0:793.855712890625] [0:1] [0:1] [0.0010000000474974513:12.052165985107422] [-0.81983470916748047:4.8580279350280762] [0:15] [0:13] [0:1] [0:1] [0:1] [-0.82677340507507324:28.881172180175781] [-0.96466821432113647:477.68197631835938] [-1.0596973896026611:477.615478515625] [-0.79575997591018677:5.4887018203735352] [-0.27945837378501892:0.13230858743190765] [-0.26594445109367371:0.17232657968997955] [-0.10782753676176071:0.10501933842897415] [-0.15625929832458496:0.17460031807422638] [0.0019243131391704082:0.055708035826683044] [0:0.9513055682182312] [-0.13294798135757446:0.10407586395740509] [-1.6717556715011597:783.4244384765625] [0:9.6393814086914062] [0:1] [-0.99710077047348022:9.6393814086914062] [-0.99675410985946655:16.201692581176758] [0:1] [0:1] [0:0] [0:1] [0:4]
tree_sizes=1778 1813 1803 1807 1813 1809 1822 1809 1830 1808 1817 1804 1811 1815 1812 1818 1807 1816 1825 1823 1814 1815 1817 1831 1820 1820 1823 1824 1823 1818 1827 1823 1817 1828 1826 1826 1826 1816 1826 1819 1808 1827 1830 1826 1829 1827 1828 1826 1816 1841 1811 1847 1823 1821 1819 1831 1835 1830 1826 1820 1819 1838 1835 1837 1819 1842 1827 1840 1817 1827 1833 1838 1829 1823 1815 1836 1840 1836 1835 1845 1827 1829 1841 1827 1836 1836 1834 1829 1827 1824 1812 1814 1817 1821 1850 1822 1829 1836 1816 1829 1829 1838 1843 1826 1832 1830 1826 1850 1829 1828 1833 1844 1828 1830 1856 1823 1829 1835 1827 1830 1826 1842 1824 1850 1837 1824 1818 1845 1828 1831 1824 1824 1836 1848 1835 1815 1825 1814 1829 1837 1816 1824 1832 1833 1816 1843 1831 1823 1808 1841 1833 1827 1829 1823 1825 1831 1820 1834 1796 1821 1837 1817 1822 1842 1841 1816 1825 1827 1843 1824 1850 1827 1842 1815 1838 1813 1826 1835 1827 1831 1828 1828 1828 1815 1833 1843 1832 1836 1829 1833 1818 1821 1822 1842 1821 1815 1832 1833 1824 1826 1828 1826 1845 1823 1817 1826 1834 1835 1828 1822 1833 1842 1828 1846 1824 1839 1821 1844 1829 1848 1830 1832 1831 1824 1835 1832 1831 1831 1833 1830 1840 1832 1851 1839 1831 1839 1826 1820 1828 1821 1839 1814 1821 1835 1848 1826 1836 1810 1825 1824

Tree=0
num_leaves=15
num_cat=0
split_feature=3 3 57 3 57 73 3 7 7 18 18 73 25 18
split_gain=28823.5 4153.13 4135.77 1396.19 1212.08 959.231 674.209 512.087 456.359 431.201 427.116 370.697 318.616 308.848
threshold=0.075000001117587103 0.17500000447034839 0.036244060844182975 1.0000000180025095e-35 0.033286157995462425 0.31657269597053533 0.32500000298023229 0.064404677599668517 0.091888584196567549 60.700119018554695 57.587543487548835 0.36005610227584844 -0.015297321602702139 61.013332366943366
decision_type=2 2 10 2 10 2 2 2 2 2 2 2 8 2
left_child=2 4 3 7 13 -4 10 -1 -7 -9 -3 -6 -5 -2
right_child=1 6 5 12 11 8 -8 9 -10 -11 -12 -13 -14 -15
leaf_value=-0.90041612455772047 -0.85107440715814986 -0.82235401281904197 -0.83414877861300807 -0.86388043516413837 -0.81976108203190512 -0.87539835342226524 -0.81370762606383895 -0.88232529928338033 -0.85661565831325914 -0.89798280777149653 -0.83795939424581367 -0.84030553837221023 -0.87936699915040839 -0.865710997237221
leaf_weight=13434.92451402545 9786.183199942112 13227.184125006199 3312.1307542324066 4589.7446069419384 2920.2901211678982 5389.3254396021366 15992.453472495079 12963.167638659477 8063.3814843595028 6731.5835825502872 6624.8891229331493 8925.5145590305328 12123.001070380211 5692.0448181629181
leaf_count=64219 46778 63226 15832 21939 13959 25761 76444 61964 38543 32177 31667 42664 57948 27208
internal_value=-0.85675 -0.832555 -0.879696 -0.88692 -0.847244 -0.858212 -0.821364 -0.892865 -0.864149 -0.887695 -0.82755 -0.835214 -0.875121 -0.856459
internal_weight=129776 63168.6 66607.3 49842.4 27324 16764.8 35844.5 33129.7 13452.7 19694.8 19852.1 11845.8 16712.7 15478.2
internal_count=620329 301946 318383 238247 130609 80136 171337 158360 64304 94141 94893 56623 79887 73986
is_linear=0
shrinkage=1


Tree=1
num_leaves=15
num_cat=0
split_feature=0 0 0 0 0 71 0 71 71 0 68 71 27 71
split_gain=38075.9 5588.25 3614.08 932.678 624.808 544.235 441.22 279.62 270.964 270.618 222.99 189.523 165.61 148.675
threshold=0.027802539058029655 0.019495052285492424 0.036887247115373618 0.023680896498262886 0.014977000188082458 -0.0065066625829786054 0.04711440950632096 -0.0082825054414570314 -0.0082825054414570314 0.032262645661830909 -0.087453853338956819 0.00064298618235625337 0.90315562486648571 0.0019161274540238085
decision_type=2 2 2 2 2 2 2 2 2 2 10 2 2 2
left_child=1 4 5 8 -1 10 13 -5 -3 -7 -2 -8 -6 -4
right_child=2 3 6 7 12 9 11 -9 -10 -11 -12 -13 -14 -15
leaf_value=-0.056218135659774626 0.057519113406681581 -0.010994039576319229 0.035219554237808835 0.0049798722720148722 -0.044583015806979404 0.0028421464088655072 0.045786196866071709 -0.010064899448682003 -0.025632335276856041 0.014737260766873954 0.021562300063813586 0.036488546676312739 -0.034844840567315599 0.025550269221698254
leaf_weight=8597.9166124463081 453.96689316630363 4018.1423083692789 7320.0720922350883 4006.5022152364254 9084.1639110147953 11062.559298813343 10234.921171233058 13391.996977210045 15209.275852560997 8419.4767920821905 7103.4439358264208 12697.621907055378 9025.6608278751373 9145.3672482669353
leaf_count=41766 2150 19309 34645 19166 43978 52866 48202 64288 73344 40064 33802 59794 43683 43315
internal_value=5.48412e-05 -0.0276822 0.0264963 -0.0149929 -0.0450716 0.0124131 0.0361562 -0.00659954 -0.0225805 0.00798774 0.0237953 0.0406563 -0.0397516 0.0298677
internal_weight=129771 63333.7 66437.4 36625.9 26707.7 27039.4 39398 17398.5 19227.4 19482 7557.41 22932.5 18109.8 16465.4
internal_count=620372 305534 314838 176107 129427 128882 185956 83454 92653 92930 35952 107996 87661 77960
is_linear=0
shrinkage=0.05


Tree=2
num_leaves=15
num_cat=0
split_feature=0 0 0 0 0 71 69 71 0 0 73 69 27 5
split_gain=34655.9 5263.1 3059.51 793.744 658.603 514.163 346.541 330.701 327.303 253.888 209.872 166.783 164.12 162.156
threshold=0.027802539058029655 0.020153836347162727 0.038095442578196533 0.016315237618982795 0.022885529324412349 -0.0065066625829786054 -0.12003959342837332 -0.0082825054414570314 0.032792858779430396 0.04711440950632096 0.31214115023612982 0.030398579314351085 0.93701761960983287 1.2511587738990786
decision_type=2 2 2 2 2 2 8 2 2 2 2 8 2 2
left_child=1 3 5 -1 -3 10 13 -6 -7 -8 11 -2 -5 -4
right_child=2 4 6 12 7 8 9 -9 -10 -11 -12 -13 -14 -15
leaf_value=-0.051680067411843916 0.029048501108694714 -0.022344456285379836 0.060777787208646017 -0.039622527970300241 0.0036797671668238074 0.0034232485415467149 0.027816525228989031 -0.011277872848676799 0.015902133313468011 0.036595888551661404 0.017900806033329216 0.062364220829234179 -0.029395705620272439 0.026265402055983496
leaf_weight=12855.032619431615 2248.6218291372061 12544.184833958745 1732.908782273531 8863.4885338395834 4790.3014963716269 12192.851249590516 13721.660236135125 16094.925005704165 9233.6822807639837 21476.70059543848 5691.5222053527832 456.40735283493996 7406.724320217967 450.95327520370483
leaf_count=63777 10535 61027 8033 43608 22904 58163 64204 77707 43612 99610 26873 2139 36309 2088
internal_value=-5.47271e-05 -0.0268356 0.0248731 -0.0423705 -0.0132922 0.0129228 0.034401 -0.00784702 0.00880589 0.0331822 0.0234054 0.0348787 -0.0349879 0.0538034
internal_weight=129760 62554.7 67205.3 29125.2 33429.4 29823.1 37382.2 20885.2 21426.5 35198.4 8396.55 2705.03 16270.2 2183.86
internal_count=620589 305332 315257 143694 161638 141322 173935 100611 101775 163814 39547 12674 79917 10121
is_linear=0
shrinkage=0.05


Tree=3
num_leaves=15
num_cat=0
split_feature=0 0 0 0 0 71 0 0 68 71 73 71 71 5
split_gain=31107.8 3905.32 3809.13 628.251 487.524 443.388 443.055 318.382 221.712 202.317 194.413 179.834 166.002 120.9
threshold=0.026164467446506027 0.034917909651994712 0.018735888414084915 0.022326637059450153 0.04667965508997441 -0.0065066625829786054 0.014977000188082458 0.029598927125334743 -0.087453853338956819 -0.0082825054414570314 0.32263550162315374 -0.0082825054414570314 0.001149674935732037 1.3054794669151308
decision_type=2 2 2 2 2 2 2 2 10 2 2 2 2 2
left_child=2 5 6 11 10 8 -1 -7 -2 -5 -3 -4 13 -6
right_child=1 4 3 9 12 7 -8 -9 -10 -11 -12 -13 -14 -15
leaf_value=-0.053716710994369712 0.050219362794493662 0.035445320655781737 -0.014136232949884054 -0.00062403986755196284 0.04143342139351304 -0.0036164136911312297 -0.038956540460544864 0.0087086315005720071 0.014742019986539047 -0.013777241570499563 0.022558827903996784 -0.027295544049280196 0.031360099175763462 0.022332569444217881
leaf_weight=8177.8333867490292 459.70637336373329 3560.6564014703035 3293.7166055738926 3775.4610327929258 10027.720059543848 9658.0222971737385 14050.825367286801 11432.652752220631 7665.6581597775221 12961.13499417901 17425.853266224265 12917.300088599324 13143.297247171402 944.76675109565258
leaf_count=41665 2117 16448 16141 18099 45783 46399 70441 54171 36029 63072 81040 63873 60228 4324
internal_value=2.17743e-05 0.0211364 -0.0284167 -0.0176174 0.0303599 0.00689212 -0.0444085 0.0030656 0.0168085 -0.0108123 0.024761 -0.0246322 0.0352199 0.0398106
internal_weight=129495 74318.3 55176.3 32947.6 45102.3 29216 22228.7 21090.7 8125.36 16736.6 20986.5 16211 24115.8 10972.5
internal_count=619830 346539 273291 161185 207823 138716 112106 100570 38146 81171 97488 80014 110335 50107
is_linear=0
shrinkage=0.05


Tree=4
num_leaves=15
num_cat=0
split_feature=0 0 0 0 0 73 0 0 73 71 27 71 72 69
split_gain=28311.6 3550.08 3436.14 579.585 453.248 436.369 381.367 311.097 208.626 220.266 199.359 197.925 177.586 177.324
threshold=0.026289514265954498 0.018625820055603984 0.034917909651994712 0.022326637059450153 0.041196960955858238 0.32263550162315374 0.014977000188082458 0.030631781555712227 0.6410336196422578 0.051627470180392272 0.84296813607215892 -0.0082825054414570314 0.016811436042189602 -0.048130543902516358
decision_type=2 2 2 2 2 2 2 2 2 2 2 2 10 10
left_child=1 6 5 11 -4 -2 -1 -7 9 13 -5 -3 -10 -6
right_child=2 3 4 10 8 7 -8 -9 12 -11 -12 -13 -14 -15
leaf_value=-0.051781208144551609 0.021488958506262808 -0.012849520160080076 0.02083643976711657 -0.016747049119876515 0.043135821412348424 -0.00079729250829321222 -0.037849589464208827 0.010578883838749798 0.028328458795641838 0.010366406702698587 -0.0058727647986648616 -0.026490705939712957 0.0079521769561594347 0.03277357386643006
leaf_weight=7981.8782444149256 4198.5759229660034 3371.6843474060297 13180.021118730307 7435.0255658179522 5849.3862873315811 14071.630391448736 13401.625330403447 10477.507540941238 9026.7938204109669 908.71044181287289 9754.5847609937191 13125.002346754074 1223.6212108135223 15421.25047250092
leaf_count=41716 19578 16637 60827 36242 26414 67234 68403 49281 41036 4113 47484 65717 5553 69975
internal_value=3.02795e-05 -0.0271404 0.0201541 -0.0170178 0.0286861 0.00661238 -0.0430717 0.00406036 0.0318689 0.0346117 -0.0105832 -0.0237121 0.0259062 0.0356421
internal_weight=129427 55069.8 74357.5 33686.3 45609.8 28747.7 21383.5 24549.1 32429.8 22179.3 17189.6 16496.7 10250.4 21270.6
internal_count=620210 276199 344011 166080 207918 136093 110119 116515 147091 100502 83726 82354 46589 96389
is_linear=0
shrinkage=0.05


Tree=5
num_leaves=15
num_cat=0
split_feature=4 1 4 73 49 4 73 1 73 1 68 27 4 73
split_gain=19579.8 3928.72 2380.57 1380.26 839.787 586.432 493.295 459.058 361.757 283.59 243.176 232.61 225.445 203.195
threshold=0.075000002980232253 0.012704359833151104 0.15833333879709247 0.31657269597053533 -0.052935903891921036 0.041666667908430106 0.6320498287677766 0.0091191297397017496 0.31657269597053533 0.016001719981431965 -0.017871867865324017 0.83986821770668041 0.29166667163372045 0.62619060277938854
decision_type=8 10 10 2 2 10 2 10 2 8 10 2 10 2
left_child=1 7 4 -3 8 11 -4 -1 -2 -6 -9 -5 -8 -7
right_child=2 3 6 5 9 13 12 10 -10 -11 -12 -13 -14 -15
leaf_value=-0.046165304409234449 0.029431307451366302 0.012677165254110426 0.030972688442298509 -0.02673763637754771 -0.013194346376537559 -0.00098138734998414975 0.013942856065968201 -0.010710556713303532 0.011222934454157285 0.0028578468798279035 -0.033296718300038969 -0.015318726948357198 0.025732131772458429 -0.013781823833369879
leaf_weight=8048.2150341421366 3582.1333670765162 5487.9979721754789 22931.168192088604 7870.7707305848598 3739.0239005535841 7497.1366548240185 8552.138634249568 1308.0130547732115 11454.252413779497 10331.415290445089 14927.191437244415 10432.336701974273 7793.8207882791758 5278.3777482658625
leaf_count=42710 16225 25842 103327 39372 18490 36085 39452 6601 53375 49002 76994 51721 35097 25826
internal_value=-0.000150902 -0.0207807 0.0182065 -0.0104227 0.00736591 -0.0145046 0.0262361 -0.0363673 0.0155774 -0.00141414 -0.0314847 -0.020241 0.0195763 -0.0062767
internal_weight=129234 60850 68384 36566.6 29106.8 31078.6 39277.1 24283.4 15036.4 14070.4 16235.2 18303.1 16346 12775.5
internal_count=620119 305151 314968 178846 137092 153004 177876 126305 69600 67492 83595 91093 74549 61911
is_linear=0
shrinkage=0.05


Tree=6
num_leaves=15
num_cat=0
split_feature=4 4 1 49 68 68 1 1 51 68 69 69 68 4
split_gain=17741.2 3061.52 2738.34 913.453 831.775 418.914 405.845 373.902 342.984 307.322 286.959 286.393 347.136 273.184
threshold=0.058333335444331176 0.15833333879709247 0.012704359833151104 -0.054694747552275651 -0.014353075530380009 0.0064536212012171754 0.0091191297397017496 0.016001719981431965 -0.098171077668666826 -0.01657590456306934 0.034879148006439216 0.034879148006439216 -0.068213950842618928 0.27500000596046453
decision_type=8 10 10 2 10 10 10 8 10 10 10 8 10 10
left_child=2 3 6 9 11 -3 -1 -5 -6 10 -2 12 -4 -7
right_child=1 5 4 7 8 13 -8 -9 -10 -11 -12 -13 -14 -15
leaf_value=-0.044883408366657725 0.018598125847593194 0.032157462393418289 0.02281578309096954 -0.013268103483121818 -0.0085272224846743849 0.015922128610760995 -0.03074112220377086 0.0019012248572730626 -0.021381076486813408 0.0085315113383960597 0.055192934904602121 0.028890358305848091 -0.0076498455656589352 0.026098713925870917
leaf_weight=7759.4511436969042 4971.6183608025312 13117.786728933454 1192.5776614695787 5909.8738965988159 8002.5136121809483 12788.014371186495 15143.70922781527 12939.078190237284 14861.275793835521 12842.190565630794 595.03182002902031 940.81987826526165 4192.6915794312954 13781.358538925648
leaf_count=42169 22483 58327 5499 29539 39162 58407 79275 61529 74954 59946 2726 4566 20063 61447
internal_value=-8.10813e-05 0.0151729 -0.0226108 0.00487725 -0.0124497 0.0248346 -0.0355499 -0.00285946 -0.0168878 0.0127962 0.0226018 0.0035917 -0.000873393 0.0212085
internal_weight=129038 76945 52093 37257.8 29189.9 39687.2 22903.2 18849 22863.8 18408.8 5566.65 6326.09 5385.27 26569.4
internal_count=620092 354404 265688 176223 144244 178181 121444 91068 114116 85155 25209 30128 25562 119854
is_linear=0
shrinkage=0.05


Tree=7
num_leaves=15
num_cat=0
split_feature=0 0 0 0 71 0 0 0 71 71 27 27 71 68
split_gain=21862.8 2935.22 2729.83 392.853 390.123 368.667 355.941 275.027 204.782 156.961 153.645 143.754 138.198 136.72
threshold=0.025434809736907486 0.034510018303990371 0.018510864116251472 0.043866660445928581 -0.0090665640309452993 0.020900378935039047 0.014612839557230474 0.029457627795636657 -0.0082825054414570314 -0.0052936824504286042 0.83098897337913524 1.016146779060364 0.0013411640538834038 -0.087453853338956819
decision_type=2 2 2 2 2 2 2 2 2 2 2 2 2 10
left_child=2 4 6 9 13 11 -1 -6 -7 -3 -10 -4 -5 -2
right_child=1 3 5 12 7 8 -8 -9 10 -11 -12 -13 -14 -15
leaf_value=-0.049949271535807027 0.04119499070528803 0.025353179779683391 -0.028592138670110179 0.031684691023327292 -0.0038992991213430868 -0.0028438415765499239 -0.035568806502373596 0.0068203334804309151 -0.02082687092656936 0.015463922646520856 -0.010724311279090588 -0.016167599931062492 0.024663639030177688 0.012712374139420061
leaf_weight=6555.6035246253014 440.7966833114624 5868.8367312252522 6529.2135379910469 13104.874293193221 12121.554354563355 4363.4008329808712 13163.786192134023 11797.557910203934 6683.1271717995405 12983.994955122471 8706.1984461694956 3696.7614281177521 15788.475661426783 7090.076126024127
leaf_count=36683 1965 26367 33882 57515 58606 21333 70689 55254 33633 58878 43644 19059 69846 32954
internal_value=6.59281e-05 0.0163779 -0.025926 0.024189 0.00451546 -0.0164131 -0.0403724 0.00138856 -0.0124127 0.0185542 -0.0151222 -0.0241208 0.027858 0.0144319
internal_weight=128894 79196.2 49698.1 47746.2 31450 29978.7 19719.4 23919.1 19752.7 18852.8 15389.3 10226 28893.3 7530.87
internal_count=620308 361385 258923 212606 148779 151551 107372 113860 98610 85245 77277 52941 127361 34919
is_linear=0
shrinkage=0.05


Tree=8
num_leaves=15
num_cat=0
split_feature=4 4 51 57 4 57 51 69 71 69 71 51 71 74
split_gain=14598.3 2395.45 2087.13 889.166 599.36 475.29 325.97 307.872 251.392 229.328 222.312 186.382 161.746 233.857
threshold=0.058333335444331176 0.17500000447034839 -0.081005297601222978 0.042277174070477493 0.025000001303851608 0.035465616732835777 -0.065919917076826082 -0.048130543902516358 -0.017686145380139347 0.0096080959774553793 0.051627470180392272 -0.11125133931636809 -0.017081339843571183 -0.019179445691406723
decision_type=8 10 10 10 10 10 10 8 2 8 2 10 2 2
left_child=2 3 5 6 8 9 -2 10 -4 -1 -3 -5 -9 -14
right_child=1 7 4 11 -6 -7 -8 12 -10 -11 -12 -13 13 -15
leaf_value=0.00095037415689902451 0.0053402090856411915 0.037736145720739703 -0.014725808900176629 0.019730378116559904 -0.01981700092948115 0.0010580207070964201 -0.0056117449705610258 0.03021287850636814 -0.035696403904146044 -0.018168435480472405 0.0059238404679297181 0.0074453118397025371 -0.012410091141618665 0.020231322318238161
leaf_weight=1904.1635580956936 14024.636732921004 4702.6318754553795 1571.3484148830175 9186.4134464114904 11897.438654020429 8433.3520169407129 13159.451370120049 4143.5529173463583 18273.57428959012 8861.3660236895084 626.27832227945328 4674.2549561560154 554.02261991798878 26588.328349456191
leaf_count=9305 65682 20425 8291 41332 61561 40728 64103 18115 100035 45574 2746 21787 2442 117895
internal_value=-5.25271e-05 0.0135907 -0.0208501 0.00529461 -0.0287196 -0.00783109 3.84014e-05 0.0228866 -0.0340442 -0.014789 0.0340155 0.0155958 0.0209807 0.0195607
internal_weight=128601 77659.6 50941.2 41044.8 31742.4 19198.9 27184.1 36614.8 19844.9 10765.5 5328.91 13860.7 31285.9 27142.4
internal_count=620021 354527 265494 192904 169887 95607 129785 161623 108326 54879 23171 63119 138452 120337
is_linear=0
shrinkage=0.05


Tree=9
num_leaves=15
num_cat=0
split_feature=0 0 0 0 0 0 71 27 27 73 69 27 71 73
split_gain=18183.5 2410.38 2310.24 407.645 382.706 308.954 290.177 194.714 169.536 165.797 155.022 144.151 109.684 126.255
threshold=0.025434809736907486 0.018278241157531742 0.033337868750095374 0.021887119859457019 0.041521076112985618 0.014243142679333689 -0.0090665640309452993 1.0120325088500979 0.82185235619544994 0.31657269597053533 -0.12003959342837332 0.84296813607215892 0.055846257135272033 0.6410336196422578
decision_type=2 2 2 2 2 2 2 2 2 2 10 2 2 2
left_child=1 5 6 7 9 -1 -2 -3 -8 -4 -6 -5 13 -12
right_child=2 3 4 11 10 -7 8 -9 -10 -11 12 -13 -14 -15
leaf_value=-0.04870079398059337 0.012095426889350891 -0.025714587303737414 0.025812829198062229 -0.015435784996235342 0.034426357140716186 -0.034315975141521723 -0.0047805075005984176 -0.013943064491022773 0.0041700923502897176 0.012985150234462875 0.025811869407292048 -0.0056057776648142038 0.0046388122406813065 0.018784081846974388
leaf_weight=5430.4314463734627 6804.1233603060246 9628.7160456031561 3019.8156235963106 6531.9671940803528 3305.3874610513449 12646.696513667703 9397.838612049818 5599.7091562896967 12078.47024539113 15429.779917791486 19260.684518635273 8719.2265748679638 801.94825126230717 9802.9865526407957
leaf_count=31820 31415 50912 13411 32953 14266 70431 44865 29281 57662 69656 83684 43517 3524 42946
internal_value=-7.06156e-05 -0.024199 0.0145937 -0.0156114 0.0208857 -0.0386618 0.00310549 -0.021398 0.000252989 0.0150976 0.0240994 -0.00982325 0.0229454 0.0234487
internal_weight=128458 48556.7 79901 30479.6 51620.6 18077.1 28280.4 15228.4 21476.3 18449.6 33171 15251.2 29865.6 29063.7
internal_count=620343 258914 361429 156663 227487 102251 133942 80193 102527 83067 144420 76470 130154 126630
is_linear=0
shrinkage=0.05


Tree=10
num_leaves=15
num_cat=0
split_feature=2 2 2 2 57 27 2 27 2 27 68 70 72 18
split_gain=15242.1 2231.92 2021.87 486.481 283.048 260.764 247.798 235.034 215.418 197.312 169.382 140.324 127.602 115.903
threshold=0.024394569918513302 0.016533961519598964 0.033171005547046668 0.020215806551277641 0.028630021959543232 0.82494017481803905 0.045997291803359992 1.0371316075325014 0.012087246868759395 0.8460710644721986 -0.015703483484685418 -0.006910554599016904 0.0063193386886268863 59.025920867919929
decision_type=2 2 2 2 10 2 2 2 2 2 8 2 10 2
left_child=1 8 4 5 9 -3 11 13 -1 -2 -10 -4 -6 -5
right_child=2 3 6 7 12 -7 -8 -9 10 -11 -12 -13 -14 -15
leaf_value=-0.04765516181631009 -0.0063812706425057236 -0.029006387654117501 0.024806351757380989 -0.0099867291422409063 0.00093818302899992777 -0.01578450549761902 0.02421279551832475 -0.0014969994399450829 -0.011732965742998144 0.0048031432713756279 -0.035238557388820473 0.014958160960216876 0.011344241931081168 -0.020761011373699789
leaf_weight=3643.1146080344915 7879.9061078578234 6042.1277171969414 4491.8394213467836 8699.1226601749659 3946.2880466282368 9875.1582962572575 22211.261201098561 6784.8081990927458 833.876664057374 7873.7560808956623 11651.118522390723 19176.729296326637 11633.822636917233 3517.9805137217045
leaf_count=21729 37746 32725 19665 43669 18440 52331 95677 33584 4565 37352 66607 85059 53472 18107
internal_value=-0.000287314 -0.0214834 0.0137268 -0.0143712 0.00393447 -0.0208185 0.0204122 -0.00896238 -0.0368638 -0.000791746 -0.0336793 0.0168368 0.00871078 -0.0131037
internal_weight=128261 51047.3 77213.6 34919.2 31333.8 15917.3 45879.8 19001.9 16128.1 15753.7 12485 23668.6 15580.1 12217.1
internal_count=620728 273317 347411 180416 147010 85056 200401 95360 92901 75098 71172 104724 71912 61776
is_linear=0
shrinkage=0.05


Tree=11
num_leaves=15
num_cat=0
split_feature=0 0 0 0 73 69 0 0 0 73 73 73 73 73
split_gain=15388.5 2179.01 1993.03 337.079 303.889 281.845 257.338 241.558 226.517 153.53 110.977 95.1543 88.2611 87.3595
threshold=0.025315033271908764 0.018625820055603984 0.034715661779046066 0.014977000188082458 0.31657269597053533 0.032231312245130546 0.021996567025780681 0.050044933333992965 0.029457627795636657 0.32263550162315374 0.47465904057025915 0.22272879630327228 0.45992848277091986 0.47120265662670141
decision_type=2 2 2 2 2 10 2 2 2 2 2 2 2 2
left_child=1 3 4 -1 5 11 10 9 -6 -4 -3 -2 -8 -5
right_child=2 6 7 13 8 -7 12 -9 -10 -11 -12 -13 -14 -15
leaf_value=-0.044972252558859692 0.018551354555998694 -0.011060033446624122 0.024721893282559464 -0.022115917508855554 -0.0027569667152865418 0.053221214435434185 -0.0024629240385800823 0.023540035749641752 0.006227435021114433 0.01467395005072156 -0.021365918898733571 0.0032686339799085579 -0.011538228841089335 -0.033058103843447491
leaf_weight=6773.3840725719929 2189.8474137634039 3520.9291549474001 4621.171097099781 2366.6459189653397 14179.737086683512 439.93820866942406 3600.7911926060915 21762.497488081455 13867.345217257738 22076.105846941471 10538.27056196332 1906.2080531865358 10529.696639493108 9558.6448872536421
leaf_count=41583 9945 18553 20047 13377 68521 1983 17929 93107 64257 97317 56664 8770 53518 54780
internal_value=4.30883e-06 -0.0227913 0.0131942 -0.0360232 0.0036302 0.0156225 -0.0140047 0.0196227 0.00168584 0.0164218 -0.0187947 0.0114644 -0.009229 -0.0309069
internal_weight=127931 46888.4 81042.9 18698.7 32583.1 4535.99 28189.7 48459.8 28047.1 26697.3 14059.2 4096.06 14130.5 11925.3
internal_count=620351 256404 363947 109740 153476 20698 146664 210471 132778 117364 75217 18715 71447 68157
is_linear=0
shrinkage=0.05


Tree=12
num_leaves=15
num_cat=0
split_feature=1 4 1 73 4 69 73 4 73 73 69 4 1 73
split_gain=10117.4 2657.26 1170.45 849.511 444.117 406.727 354.623 321.711 254.527 240.282 231.241 204.868 156.743 150.091
threshold=0.01546638458967209 0.12500000372529033 0.010728572029620411 0.32263550162315374 0.041666667908430106 0.034279244020581252 0.6410336196422578 0.041666667908430106 0.45992848277091986 0.62440380454063427 -0.12003959342837332 0.20833333581686023 0.0071712590288370856 0.15441858023405078
decision_type=10 8 8 2 10 8 2 8 2 2 8 8 10 2
left_child=2 3 12 5 -5 13 10 8 -4 -6 -3 -8 -1 -2
right_child=1 6 7 4 9 -7 11 -9 -10 -11 -12 -13 -14 -15
leaf_value=-0.045376647353905689 0.022828606854993938 0.036042676008682176 -0.0088898158623389005 -0.012958364563698211 0.0041846412244317382 0.053325783284610129 0.0041161879753142967 -0.0078788252477797211 -0.023472019914206884 -0.0063921922497746893 0.01880586774047352 0.015024540788069324 -0.030938170455949467 0.0060925263436887849
leaf_weight=2329.2381277233362 1940.8530023545027 2090.3265685737133 4090.511654317379 9870.7109464406967 12925.353735908866 626.07905250787735 6522.4083329439163 9449.6142107397318 11315.459693208337 9170.8673509210348 29146.023129537702 12702.025218725204 11133.289988964796 4312.6388413012028
leaf_count=14719 8542 8800 21640 50677 60756 2822 29795 48068 63032 44241 126354 55183 65953 19689
internal_value=-0.0001068 0.00911451 -0.0215955 -0.000715542 -0.00414655 0.01521 0.0166807 -0.0151541 -0.0196085 -0.000206098 0.0199705 0.0113277 -0.0334681 0.0113149
internal_weight=127625 89307.3 38318.1 38846.5 31966.9 6879.57 50460.8 24855.6 15406 22096.2 31236.3 19224.4 13462.5 6253.49
internal_count=620271 406859 213412 186727 155674 31053 220132 132740 84672 104997 135154 84978 80672 28231
is_linear=0
shrinkage=0.05


Tree=13
num_leaves=15
num_cat=0
split_feature=0 0 0 0 27 73 69 0 27 0 73 69 68 0
split_gain=12960.4 2121.34 1492.13 280.99 270.226 269.457 242.861 197.309 189.466 145.042 129.673 124.354 123.095 118.941
threshold=0.023907000198960308 0.032970210537314422 0.01757542043924332 0.04184937663376332 0.83986821770668041 0.31657269597053533 0.033356655389070518 0.014243142679333689 0.93024995923042308 0.020471171475946907 0.31214115023612982 -0.12003959342837332 -0.074138201773166643 0.030779752880334858
decision_type=2 2 2 2 2 2 10 2 2 2 2 10 8 2
left_child=2 5 7 10 -4 6 12 -1 13 -6 -3 -5 -2 -7
right_child=1 3 4 11 9 8 -8 -9 -10 -11 -12 -13 -14 -15
leaf_value=-0.04479556008642286 0.027653504438815618 0.021413983861407047 -0.022469663846184127 0.028864161553144637 -0.017652958738717514 -0.0066423672020735208 0.046816681158581674 -0.032264253490740129 0.0036079499215210006 -0.0077088516616572941 0.010506119266489228 0.018676443360590319 0.0043593500598238374 0.0040532311082281626
leaf_weight=4910.590876147151 675.07307226955891 3246.1733628958464 10786.799744933844 3364.0373868197203 6536.0040803402662 12913.791441783309 448.24076245725155 9361.1840177178383 13029.967760294676 8403.7995309531689 17166.312494918704 29973.089187085629 3328.0568313896656 3246.5083612054586
leaf_count=31842 3010 14094 58907 14140 36402 63012 1995 56164 62499 43739 76363 127791 15395 15028
internal_value=-6.97808e-05 0.0107196 -0.0236399 0.0168816 -0.0164364 0.000872234 0.0123168 -0.0366043 -0.000876623 -0.0120682 0.0122504 0.0197128 0.00834671 -0.00449251
internal_weight=127390 87391.3 39998.4 53749.6 25726.6 33641.6 4451.37 14271.8 29190.3 14939.8 20412.5 33337.1 4003.13 16160.3
internal_count=620381 393327 227054 232388 139048 160939 20400 88006 140539 80141 90457 141931 18405 78040
is_linear=0
shrinkage=0.05


Tree=14
num_leaves=15
num_cat=0
split_feature=0 0 0 71 71 71 70 72 0 70 68 71 0 0
split_gain=11791.3 1791.25 1531.79 296.608 274.776 257.077 241.246 235.645 219.616 213.275 371.382 327.619 187.179 182.268
threshold=0.024140638299286369 0.032792858779430396 0.01757542043924332 0.0013411640538834038 -0.0082825054414570314 0.0019161274540238085 -0.044312106445431702 0.014131831005215647 0.014243142679333689 -0.0061706644482910624 -0.087453853338956819 -0.010246572084724901 0.04711440950632096 0.020900378935039047
decision_type=2 2 2 2 2 2 2 10 2 2 8 2 2 2
left_child=2 5 8 6 -4 -2 -3 -8 -1 10 -9 -12 -5 -6
right_child=1 3 4 12 13 -7 7 9 -10 -11 11 -13 -14 -15
leaf_value=-0.044588645526547149 0.005911740203734887 -0.013503982236614961 -0.0055073758115565426 0.0088602628685746174 -0.022756974626496545 -0.0030864133758911395 0.017746035110363895 0.067487467776176327 -0.031238259980824468 0.020866355003677724 0.012517241473677122 0.060032738237674035 0.016760569929023448 -0.013382587504611368
leaf_weight=4794.7754104882479 14214.767530784011 522.42319770157337 5582.9131552278996 16496.637806102633 10278.556105345488 17949.982709974051 17780.81443579495 832.79362885653973 9157.7128085643053 3339.1121887713671 1226.9007688760757 509.6548567712307 13810.322035342455 10594.537087485194
leaf_count=31976 66921 2198 29419 72715 58368 86798 76391 3475 55987 14145 5189 2166 58548 56010
internal_value=-0.000149161 0.010249 -0.022452 0.0157689 -0.0153727 0.000890798 0.0198982 0.0206402 -0.0358548 0.029305 0.0401485 0.0267263 0.0124646 -0.0180075
internal_weight=127092 86683.4 40408.5 54518.7 26456 32164.8 24211.7 23689.3 13952.5 5908.46 2569.35 1736.56 30307 20873.1
internal_count=620306 388546 231760 234827 143797 153719 103564 101366 87963 24975 10830 7355 131263 114378
is_linear=0
shrinkage=0.05


Tree=15
num_leaves=15
num_cat=0
split_feature=2 2 2 27 27 2 2 57 2 51 27 70 57 69
split_gain=9621.99 1653.08 1131.67 404.246 222.242 221.821 192.925 175.401 155.176 132.727 127.171 121.761 107.246 87.0229
threshold=0.024394569918513302 0.016415116377174858 0.033362880349159248 0.9266379475593568 0.96913447976112377 0.019805302843451503 0.011824679095298054 0.018679264001548294 0.045997291803359992 -0.10024238750338553 1.0079106092453005 -0.006910554599016904 0.017794603481888775 -0.12003959342837332
decision_type=2 2 2 2 2 2 2 10 2 8 2 2 10 10
left_child=1 6 4 5 7 -3 -1 -2 11 -5 -8 -4 -7 -9
right_child=2 3 8 9 -6 12 10 13 -10 -11 -12 -13 -14 -15
leaf_value=-0.043681709870760616 -0.0062809682286618269 -0.023836548216195359 0.020260868338780158 0.00091861725399492345 0.0084729120100992417 -0.017822976593104122 -0.033395979629822159 0.01851753221787298 0.018677639537212957 -0.0089357774467699862 -0.022437666076807583 0.011108415843823261 -0.0077086698143763012 0.0024693475338353949
leaf_weight=2862.5759474337101 6964.1257833987474 7035.1468030363321 4510.978336930275 4820.7100146710873 13198.235441744328 4860.7069996893406 6749.7690342068672 905.8431513607502 22743.006621852517 11709.771283224225 4534.5922750234604 19035.308108180761 5734.449897736311 10959.361901864409
leaf_count=19426 33450 40492 19254 24163 60826 25922 42579 4082 95576 62586 28062 82700 29462 50912
internal_value=-9.65103e-05 -0.0176438 0.010728 -0.0116858 0.00350071 -0.0169512 -0.0320124 1.28486e-05 0.0157267 -0.00606317 -0.0290162 0.0128697 -0.0123612 0.0037091
internal_weight=126625 48307.7 78316.9 34160.8 32027.6 17630.3 14146.9 18829.3 46289.3 16530.5 11284.4 23546.3 10595.2 11865.2
internal_count=619492 272692 346800 182625 149270 95876 90067 88444 197530 86749 70641 101954 55384 54994
is_linear=0
shrinkage=0.05


Tree=16
num_leaves=15
num_cat=0
split_feature=0 0 0 0 27 73 73 69 27 69 73 69 70 0
split_gain=9674.7 1618 1180.65 300.843 268.988 209.703 206.413 183.964 171.76 170.175 142.181 135.171 114.243 113.634
threshold=0.025315033271908764 0.018278241157531742 0.033337868750095374 0.014243142679333689 0.8158058524131776 0.31657269597053533 0.63069283962249767 0.03123692981898785 0.73445886373519909 -0.037229469045996659 0.45992848277091986 -0.12003959342837332 -0.0072101396508514872 0.020790025591850284
decision_type=2 2 2 2 2 2 2 10 2 8 2 8 2 2
left_child=1 3 5 -1 13 7 11 -2 -7 -8 -6 -4 -11 -3
right_child=2 4 6 -5 10 8 9 -9 -10 12 -12 -13 -14 -15
leaf_value=-0.042639655128895428 0.0086337651148783029 -0.025078849218313971 0.027340535352476665 -0.027306236640699613 -0.00021512163071366102 -0.0060413093975773173 0.036815637819525404 0.042089141548874665 0.0029786395253825512 0.021917294925808906 -0.010560601042699562 0.015832520882710383 0.0080521866478756084 -0.014265689176537633
leaf_weight=4541.2463423162699 3567.8354242742062 3693.3779513835907 2787.5163411051035 11256.65609100461 4450.8486549258232 7580.2282077074051 572.98242455720901 456.00256438553333 17313.903426706791 1630.8791234642267 13078.88255751133 32030.090455442667 16218.310724809766 7291.3449318557978
leaf_count=31919 16165 21434 11539 70545 23078 36254 2445 1978 82064 6975 70512 136449 69884 38782
internal_value=-7.76671e-05 -0.0189055 0.0100783 -0.0317381 -0.0117871 0.00194451 0.0144951 0.01252 0.000230755 0.010205 -0.00793547 0.0167614 0.0093306 -0.0179209
internal_weight=126470 44312.4 82157.7 15797.9 28514.5 28918 53239.8 4023.84 24894.1 18422.2 17529.7 34817.6 17849.2 10984.7
internal_count=620023 256270 363753 102464 153806 136461 227292 18143 118318 79304 93590 147988 76859 60216
is_linear=0
shrinkage=0.05


Tree=17
num_leaves=15
num_cat=0
split_feature=2 2 2 27 71 69 71 2 71 71 27 2 2 69
split_gain=7851.59 1415.33 944.61 340.204 332.176 269.526 205.738 195.558 182.825 152.739 141.134 131.127 113.405 105.359
threshold=0.024057340808212761 0.016415116377174858 0.033362880349159248 0.76146817207336437 0.0019161274540238085 -0.13153804093599317 -0.0082825054414570314 0.011523970402777197 0.0013411640538834038 -0.017686145380139347 1.0120325088500979 0.019186363555490974 0.019805302843451503 -0.029061963781714436
decision_type=2 2 2 2 2 8 2 2 2 2 2 2 2 8
left_child=1 7 4 12 5 -2 13 -1 -4 -9 -6 -8 -3 -5
right_child=2 3 8 6 10 -7 11 9 -10 -11 -12 -13 -14 -15
leaf_value=-0.043137982859548021 0.046406072897584111 -0.025410038516163899 0.017514514891963665 -0.015639956420883765 -0.0046860551806311157 0.0072477031664717924 -0.016286338319451813 -0.0073235562629030892 0.011184578555893832 -0.028981484908926953 0.0045160339496811393 -0.0070762178242320594 -0.014260383244368319 0.0034793850687035938
leaf_weight=2390.0998074412346 443.54001879692078 3870.1652371883392 20069.77083902061 835.23008294403553 12258.656023904681 14611.385588228703 5953.4331855028868 891.88902519643307 26661.183066040277 10388.585149794817 6300.3716484755278 11071.810704946518 5692.2535740882158 4875.5549619942904
leaf_count=17156 1887 23015 84310 4080 58541 66900 34546 5423 113741 67919 29455 58243 30445 25082
internal_value=-0.000120015 -0.0165984 0.00930893 -0.0108848 0.00291532 0.0084314 -0.00755123 -0.0300797 0.0139063 -0.0272771 -0.0015614 -0.0103045 -0.0187948 0.000660638
internal_weight=126314 45969 80344.9 32298.4 33614 15054.9 22736 13670.6 46731 11280.5 18559 17025.2 9562.42 5710.79
internal_count=620743 265909 354834 175411 156783 68787 121951 90498 198051 73342 87996 92789 53460 29162
is_linear=0
shrinkage=0.05


Tree=18
num_leaves=15
num_cat=0
split_feature=0 0 0 71 0 71 73 0 0 68 72 72 73 71
split_gain=8057.2 1228.39 1185.79 277.763 222.923 201.593 176.059 174.844 148.275 138.488 119.902 116.491 162.72 114.129
threshold=0.024140638299286369 0.017104342579841617 0.032792858779430396 -0.0082825054414570314 0.04711440950632096 0.0019161274540238085 0.31214115023612982 0.020900378935039047 0.013568683061748745 0.051386155188083656 0.0064592105336487302 0.013351017143577339 0.67787650227546703 0.0019161274540238085
decision_type=2 2 2 2 2 2 2 2 2 10 10 8 2 2
left_child=1 8 5 -3 9 6 -2 -5 -1 10 -4 12 -7 -12
right_child=2 3 4 7 -6 11 -8 -9 -10 -11 13 -13 -14 -15
leaf_value=-0.042035538714036765 0.015826084983544455 -0.0035657255035662534 0.0048113227693397827 -0.020312782880821875 0.016138377696365228 0.0032832450033922298 0.0022402863035550463 -0.011258504431515477 -0.029222702838000127 -0.001038656915339462 0.01647948254805388 -0.012044324271723333 -0.0072459155285723529 0.0089855998058355202
leaf_weight=3241.8507832884789 3018.7071268111467 5746.0408039987087 6291.5076335817575 11101.811089649796 25889.296640604734 8857.7715585827827 11235.751518502831 10355.817147567868 8133.315165579319 2691.6034896969795 10147.687163293362 2872.2749096006155 6249.8332812637091 10270.851780623198
leaf_count=24155 13514 31033 27406 66339 107771 43051 53331 56037 54268 11747 43386 13809 30393 44709
internal_value=-8.06932e-05 -0.0191144 0.00831009 -0.0133367 0.0127531 0.000687503 0.00512647 -0.0159503 -0.032908 0.00976775 0.0108567 -0.0028326 -0.00107445 0.0127162
internal_weight=126104 38578.8 87525.3 27203.7 55290.9 32234.3 14254.5 21457.6 11375.2 29401.7 26710 17979.9 15107.6 20418.5
internal_count=620949 231832 389117 153409 235019 154098 66845 122376 78423 127248 115501 87253 73444 88095
is_linear=0
shrinkage=0.05


Tree=19
num_leaves=15
num_cat=0
split_feature=2 2 2 27 27 2 2 2 68 53 74 68 27 69
split_gain=6410.89 1151.56 952.217 337.883 250.928 175.815 152.203 129.473 126.803 124.407 128.674 120.431 100.662 78.5176
threshold=0.022426685318350795 0.030613576993346218 0.015700994990766052 1.0417341589927676 0.69702827930450451 0.040847076103091247 0.011523970402777197 0.019805302843451503 -0.015703483484685418 -0.28978309035301203 -0.0070947986096143714 -0.01657590456306934 0.79735517501831066 -0.045439498499035828
decision_type=2 2 2 2 2 2 2 2 8 8 2 8 2 8
left_child=2 4 6 7 -2 12 -1 -4 -8 -6 -11 -5 -3 -7
right_child=1 5 3 11 9 13 8 -9 -10 10 -12 -13 -14 -15
leaf_value=-0.041274122647207062 -0.0077643457446910456 0.0048218833857962282 -0.020016708448576136 0.0087428150477928453 0.010615092783430993 0.019715098442593341 -0.0034901399627219401 -0.011221767484739272 -0.028125931753811308 0.0084952647793781685 -0.0010999538308746274 -0.0069489910114692455 0.011354122862679937 0.013208945981723589
leaf_weight=2247.8101187497377 7808.8542006462812 9806.3540713638067 9924.7044228166342 1421.2427938580513 3965.7654869407415 5771.4517697244883 561.89725005626678 7322.8985240757465 8024.5550048053265 4438.082495868206 16281.236596703529 8425.146615922451 14877.180840671062 24735.491129338741
leaf_count=17065 38327 43041 59951 7237 18271 23771 3495 39716 55086 20658 78564 46879 64573 103320
internal_value=8.08413e-05 0.00750984 -0.0170913 -0.0120739 4.19292e-05 0.0119058 -0.0296161 -0.0162913 -0.0265197 0.0025135 0.000958451 -0.00467744 0.00876198 0.0144459
internal_weight=125613 87684.4 37928.3 27094 32493.9 55190.5 10834.3 17247.6 8586.45 24685.1 20719.3 9846.39 24683.5 30506.9
internal_count=619954 390525 229429 153783 155820 234705 75646 99667 58581 117493 99222 54116 107614 127091
is_linear=0
shrinkage=0.05


Tree=20
num_leaves=15
num_cat=0
split_feature=0 0 0 27 72 68 72 71 68 27 69 58 68 71
split_gain=6896.1 1079.95 1007.65 249.813 214.275 218.398 251.758 194.717 257.951 182.744 153.049 141.64 118.557 250.824
threshold=0.023680896498262886 0.030631781555712227 0.016449724324047569 0.82795938849449169 0.0065413338597863921 0.051386155188083656 0.016811436042189602 0.0019161274540238085 0.033791629597544677 0.93701761960983287 -0.11277545988559722 -0.028681304305791851 0.023563451133668426 0.051627470180392272
decision_type=2 2 2 2 10 10 10 2 10 2 10 2 10 2
left_child=2 9 -1 -4 -3 7 -7 8 10 -2 11 -6 13 -9
right_child=1 4 3 -5 5 6 -8 12 -10 -11 -12 -13 -14 -15
leaf_value=-0.032930729176173089 -0.0046184163258861724 0.0055608991438172162 -0.019588495685893208 -0.0097134596469903838 0.0010832687182245788 0.0078086159235548104 -0.022425835842820891 0.015462796284927608 0.033487044082207158 0.003610453470897201 0.013259757816226507 0.029499749261690491 0.0056522496145938904 -0.0079236369707813611
leaf_weight=9057.1412386968732 14882.155236572027 13876.617835789919 10639.389996632934 16177.086889475584 521.01568196713924 3579.071231842041 842.03079535067081 12023.805701881647 2130.2531139403582 12325.801912158728 16946.047703847289 2785.7820042520761 8446.0826773643494 1261.1709044128656
leaf_count=66056 73079 59893 63303 92682 2137 15392 3593 51455 9058 59168 71511 11505 36388 5334
internal_value=6.5976e-06 0.00742224 -0.0185161 -0.0136372 0.0110457 0.0126124 0.00201263 0.013674 0.0169496 -0.000890601 0.0151945 0.0250392 0.0102939 0.0132384
internal_weight=125493 89619.8 35873.6 26816.5 62411.9 48535.3 4421.1 44114.2 22383.1 27208 20252.8 3306.8 21731.1 13285
internal_count=620554 398513 222041 155985 266266 206373 18985 187388 94211 132247 85153 13642 93177 56789
is_linear=0
shrinkage=0.05


Tree=21
num_leaves=15
num_cat=0
split_feature=2 2 2 27 27 27 68 2 2 68 21 79 53 74
split_gain=5399.31 1281.28 522.01 281.92 183.032 174.162 151.831 134.243 114.535 83.3108 82.2629 81.6712 81.1098 98.895
threshold=0.025232919491827491 0.016415116377174858 0.039882384240627296 0.82795938849449169 1.0079106092453005 0.69702827930450451 -0.01657590456306934 0.020323263481259349 0.01949305180460215 -0.015703483484685418 70.123970031738295 0.12933687865734103 -0.28978309035301203 -0.0074225144926458589
decision_type=2 2 2 2 2 2 8 2 2 8 8 10 10 2
left_child=1 4 5 7 -1 10 11 -3 -8 -6 -2 -5 -7 -14
right_child=2 3 -4 6 9 12 8 -9 -10 -11 -12 -13 13 -15
leaf_value=-0.031589760916099836 0.0025375945640006004 -0.019653002581457621 0.013121862233592527 -0.001582547132952531 0.001255216578838991 0.010198702796066611 -0.011839472520491607 -0.0096905569453435529 -0.0036798845301193421 -0.021232869476890723 -0.0064245444532952034 0.013986414180369373 0.011268374650699305 0.003074900182476613
leaf_weight=7557.8343149647117 7192.1059613525867 5707.800122782588 32423.305945083499 2013.3005922883749 450.59216443449259 10530.950478821993 6523.0201732814312 8380.124433144927 12630.256065219641 4649.5545172095299 3963.0439901798964 1436.0933028459549 4693.1239510327578 17040.292083784938
leaf_count=54477 32451 35133 134581 10270 2835 46202 38324 44572 65263 32825 18499 6798 20701 77437
internal_value=-5.33072e-05 -0.0129246 0.00832223 -0.0081883 -0.0266359 0.00473594 -0.00472472 -0.013738 -0.00646352 -0.0192475 -0.00064925 0.004921 0.00659745 0.00484857
internal_weight=125191 49348.6 75842.8 36690.6 12658 43419.5 22602.7 14087.9 19153.3 5100.15 11155.1 3449.39 32264.4 21733.4
internal_count=620368 290497 329871 200360 90137 195290 120655 79705 103587 35660 50950 17068 144340 98138
is_linear=0
shrinkage=0.05


Tree=22
num_leaves=15
num_cat=0
split_feature=0 0 0 0 73 73 69 0 73 0 70 74 69 74
split_gain=5808.41 1072.24 791.582 228.34 179.592 137.319 152.906 121.069 111.02 106.103 103.56 100.376 102.873 99.3109
threshold=0.022996764630079273 0.030631781555712227 0.016315237618982795 0.041196960955858238 0.45992848277091986 0.31657269597053533 0.03123692981898785 0.018962838687002662 0.63431328535079967 0.012468064669519665 -0.00042434559145476664 -0.04474180564284324 -0.12003959342837332 0.00034107784449588513
decision_type=2 2 2 2 2 2 10 2 2 2 2 2 10 2
left_child=2 5 9 8 -4 6 -2 -6 -3 -1 -7 -5 -13 -10
right_child=1 3 4 11 7 10 -8 -9 13 -11 -12 12 -14 -15
leaf_value=-0.04256071061687889 0.0036611984760862291 0.0089821071988957155 -0.0055267206644264814 -0.0096924955413782155 -0.021388649375474657 0.0011556006414526676 0.034185370209677289 -0.012945125929536217 0.0083947640244480589 -0.02852250709722692 -0.0052782001772814328 0.021533459778336015 0.01213191448973098 -0.0018713640440046302
leaf_weight=1760.6521948203444 3250.2657043784857 17421.370488926768 5313.3457803577185 487.39373327791691 6638.0226389169693 10330.587368056178 460.13460180163383 12014.929594218731 3966.5838175266981 6596.0295724719763 15830.256239905953 3215.2832795530558 31848.244388878345 5772.511384293437
leaf_count=14637 15067 75898 30433 2000 43518 50770 2040 69480 17525 49068 78767 13137 132170 25644
internal_value=-3.55787e-05 0.00633542 -0.0182803 0.0100486 -0.01365 -0.00146079 0.00752828 -0.0159598 0.00659288 -0.0315275 -0.0027381 0.0126862 0.0129999 0.00231419
internal_weight=124906 92582.6 32323 62711.4 23966.3 29871.2 3710.4 18653 27160.5 8356.68 26160.8 35550.9 35063.5 9739.1
internal_count=620154 413018 207136 266374 143431 146644 17107 112998 119067 63705 129537 147307 145307 43169
is_linear=0
shrinkage=0.05


Tree=23
num_leaves=15
num_cat=0
split_feature=3 79 73 3 71 27 12 69 59 69 7 18 69 69
split_gain=2796.92 960.083 366.006 345.46 255.809 229.417 149.746 146.701 129.754 119.804 119.001 123.722 113.694 114.155
threshold=0.075000001117587103 0.085139945149421706 0.31657269597053533 0.22500000149011615 -0.0065066625829786054 1.0079106092453005 -0.1278855428099632 0.03979728743433953 1.0000000180025095e-35 -0.13153804093599317 0.049442796036601074 62.694404602050788 -0.051937524229288094 0.013319937512278559
decision_type=2 8 2 2 2 2 8 10 10 8 2 2 8 10
left_child=1 5 7 4 -2 10 -6 9 -4 -3 -1 -12 -11 -14
right_child=3 2 8 -5 6 -7 -8 -9 -10 12 11 -13 13 -15
leaf_value=-0.028636826476488082 0.0099511702958120837 0.030376395745859205 -0.0070085010217004352 0.010489867678856762 0.0089997890547630754 -0.0093298063861651601 -0.00087385733879895083 0.03307251350186325 0.0012225524419061981 -0.0094036508183265779 -0.013585904157118515 -0.023539961654945971 0.014899245554100334 -0.0090020762687176552
leaf_weight=2622.8002911359072 10672.031480386853 477.92323604226112 16738.497763358057 31522.924011752009 4621.7090028524399 10312.464906066656 22459.759188272059 607.09858071058989 6700.8677401468158 1110.2005184069276 9254.3534100353718 4764.5456866249442 2167.5437706038356 640.90651531517506
leaf_count=19499 46422 2093 91939 131005 20077 63441 104298 2892 33338 5039 56022 30735 10340 3183
internal_value=-7.00315e-05 -0.00844395 -0.00203482 0.00662646 0.00339873 -0.0152038 0.000813874 0.0102282 -0.00465588 0.00700581 -0.0188361 -0.0169833 0.00408544 0.00943222
internal_weight=124674 55397.2 28443 69276.4 37753.5 26954.2 27081.5 5003.67 23439.4 4396.57 16641.7 14018.9 3918.65 2808.45
internal_count=620323 318521 148824 301802 170797 169697 124375 23547 125277 20655 106256 86757 18562 13523
is_linear=0
shrinkage=0.05


Tree=24
num_leaves=15
num_cat=0
split_feature=0 0 0 27 27 73 0 74 74 74 0 59 54 74
split_gain=4974.78 864.3 726.168 181.245 178.705 166.813 114.217 113.487 135.284 116.328 94.5167 88.6681 95.0953 83.1492
threshold=0.02255518734455109 0.031090458855032924 0.016315237618982795 1.0120325088500979 0.73445886373519909 0.62440380454063427 0.013568683061748745 0.00034107784449588513 -0.018208967521786686 0.0051390535663813361 0.019819412380456928 1.5000000000000002 0.83429446816444408 0.0058923510368913421
decision_type=2 2 2 2 2 2 2 2 2 2 2 10 8 2
left_child=2 4 6 10 -2 11 -1 8 -7 -9 -4 12 -3 -11
right_child=1 5 3 -5 -6 7 -8 9 -10 13 -12 -13 -14 -15
leaf_value=-0.038820901415279413 -0.0067351929873123717 0.0070777920378588396 -0.020744452695444393 -0.0072528482905059354 0.0013509100656302719 -0.015569173889783428 -0.026189933889909107 -0.003123449221039229 0.011261768351368091 0.021745484168380232 -0.012364449932184331 0.013900194437878089 0.014185554875331845 0.0046958287646671924
leaf_weight=2832.2496596872807 9590.5461965054274 17144.369717895985 6956.5764441341162 8242.0141518265009 23692.697840332985 488.33989559113979 5277.4029521644115 5345.6599691659212 8620.7775078713894 791.28402736783028 6647.6678291559219 15663.525178954005 6505.4067513346672 6766.4522215276957
leaf_count=24157 48246 72803 45874 48915 115919 2050 39691 22929 36743 3388 38872 64908 27375 28917
internal_value=-0.000116255 0.0055065 -0.0178704 -0.0131169 -0.000980419 0.00902672 -0.0306436 0.0055378 0.00980787 0.0025181 -0.0166617 0.0109783 0.00903811 0.00650728
internal_weight=124565 94609.1 29955.9 21846.3 33283.2 61325.8 8109.65 22012.5 9109.12 12903.4 13604.2 39313.3 23649.8 7557.74
internal_count=620787 423278 197509 133661 164165 259113 63848 94027 38793 55234 84746 165086 100178 32305
is_linear=0
shrinkage=0.05


Tree=25
num_leaves=15
num_cat=0
split_feature=0 0 0 71 71 74 68 68 69 68 73 74 74 68
split_gain=4511.89 881.859 637.068 191.07 178.874 182.064 153.99 159.977 148.518 269.532 143.836 139.811 182.494 292.343
threshold=0.021996567025780681 0.030326780863106254 0.016579302027821544 -0.0082825054414570314 0.0013411640538834038 -0.019179445691406723 0.051386155188083656 0.042700149118900306 0.03979728743433953 -0.019402277655899521 0.47120265662670141 -0.0077274651266634456 -0.04474180564284324 -0.087453853338956819
decision_type=2 2 2 2 2 2 10 10 8 8 2 2 2 8
left_child=2 3 -1 8 6 -6 7 11 -2 -10 -4 12 -3 -14
right_child=1 4 10 -5 5 -7 -8 -9 9 -11 -12 -13 13 -15
leaf_value=-0.029192920326666053 -0.0015238373856101002 -0.010801285010323583 -0.004990897967520995 -0.0037701279311738393 -0.019855600808096893 0.0066056029760220769 -0.013272703640706922 0.031970269326763716 0.048311087723290569 0.0073100694955540932 -0.015227894489222141 0.0085300708698847812 0.043945075318558166 0.014707987549590068
leaf_weight=8607.6302008405328 4080.6222690343857 587.52348370850086 4539.488477319479 24821.392708733678 652.9079961925745 34972.3222810179 608.83067260682583 959.75129024684429 444.90539079904556 3424.8567254692316 14211.650863185525 17078.790590003133 949.64531584084034 8153.303839340806
leaf_count=68581 19258 2415 26873 126119 2737 149353 2572 4045 2034 16589 89448 71771 3851 34013
internal_value=-1.08941e-05 0.00505963 -0.0179345 -0.00160958 0.00847636 0.00611521 0.0114415 0.0119887 0.00513198 0.0121363 -0.0127536 0.0112607 0.0160594 0.017803
internal_weight=124094 96734.9 27358.8 32771.8 63963.1 35625.2 28337.8 27729 7950.38 3869.76 18751.1 26769.3 9690.47 9102.95
internal_count=619659 434757 184902 164000 270757 152090 118667 116095 37881 18623 116321 112050 40279 37864
is_linear=0
shrinkage=0.05


Tree=26
num_leaves=15
num_cat=0
split_feature=0 0 0 27 70 69 0 27 0 68 0 68 27 27
split_gain=4226.02 795.623 703.927 189.165 179.424 275.732 169.487 135.641 108.841 91.2997 84.5913 69.2973 67.0301 66.2832
threshold=0.022885529324412349 0.030040274374186996 0.016315237618982795 1.0120325088500979 -0.044312106445431702 -0.13803395628929135 0.038882218301296241 1.0890802741050722 0.012468064669519665 0.057005966082215316 0.020153836347162727 0.053030095994472511 0.92333272099494945 0.54760316014289867
decision_type=2 2 2 2 2 8 2 2 2 10 2 10 2 2
left_child=2 7 8 10 -3 -6 11 9 -1 13 -4 -7 -10 -2
right_child=1 4 3 -5 5 6 -8 -9 12 -11 -12 -13 -14 -15
leaf_value=-0.040906563761082933 -0.011134853657278088 -0.019665780908435473 -0.018887503472570871 -0.0059197209087332829 0.030083452330757932 0.0055602058469894633 0.010117000529052692 0.0034851078999404909 -0.03106710449819949 -0.019302900869849701 -0.011111424270776426 -0.0044497093698074126 -0.020412098041043273 -0.0021485385651727317
leaf_weight=1594.0988589823246 2338.1565377265215 559.25325235724449 7589.53687697649 8736.9608555287123 1444.5407208651304 22633.298096716404 38607.35011073947 8600.3596589416265 3227.7439082860947 923.96845224499702 6602.8715932965279 1864.6297385245562 2911.5148029178381 16344.739539563656
leaf_count=14563 11841 2307 50768 52067 5850 99508 159529 41786 25967 4710 38612 8344 22988 81412
internal_value=-2.52043e-05 0.00526656 -0.0161262 -0.0117176 0.00830501 0.00855035 0.00805275 -0.00174735 -0.0291656 -0.00404313 -0.0152801 0.00479681 -0.0260554 -0.00327853
internal_weight=123979 93316.3 30662.7 22929.4 65109.1 64549.8 63105.3 28207.2 7733.36 19606.9 14192.4 24497.9 6139.26 18682.9
internal_count=620252 415287 204965 141447 275538 273231 267381 139749 63518 97963 89380 107852 48955 93253
is_linear=0
shrinkage=0.05


Tree=27
num_leaves=15
num_cat=0
split_feature=1 3 1 57 53 72 73 27 73 72 69 74 70 54
split_gain=2497.99 525.757 373.024 333.285 176.642 175.76 158.711 141.328 135.882 149.105 232.911 160.902 119.824 116.159
threshold=0.014170780312269928 0.12500000372529033 0.0091191297397017496 0.0262532401829958 -0.19423895329236981 0.0064592105336487302 0.45992848277091986 0.73149186372756969 0.6410336196422578 0.016811436042189602 -0.011117002926766871 0.012607926037162544 -0.0072101396508514872 0.4651802927255631
decision_type=10 2 8 10 8 10 2 2 2 10 8 2 2 10
left_child=2 3 -1 7 -4 -5 -6 -2 -3 10 -10 -11 -12 -8
right_child=1 8 4 5 6 -7 13 -9 9 11 12 -13 -14 -15
leaf_value=-0.025673438094843883 -0.010860051420589037 0.0088312609976631939 0.00062181187556030948 -0.0032030080387628183 -0.0037235984709711408 0.0063157578060899725 -0.017948520142051033 -0.0021072599658558942 0.028700959875494272 -0.021261725465129406 0.0201734980341325 0.012913929614591299 0.0023510310957157911 -0.007874776500280881
leaf_weight=5259.5219125524163 6947.0274980664253 34331.07972471416 2923.1697590127587 6760.8453124165535 3930.4697760939598 17097.918309345841 10123.112029403448 13700.600960023701 959.9700683504343 1127.884489223361 996.35235996544361 485.98969176411629 15086.2409529984 4021.4790664166212
leaf_count=43783 37141 143842 16713 32968 23486 78998 67741 70457 4062 4757 4218 2049 65046 25035
internal_value=-8.66242e-05 0.00360023 -0.0137719 -0.000406212 -0.0107801 0.00361822 -0.0126234 -0.00505602 0.00696484 0.00352741 0.00490439 -0.0109542 0.00346702 -0.015092
internal_weight=123752 97493.9 26257.8 44506.4 20998.2 23858.8 18075.1 20647.6 52987.5 18656.4 17042.6 1613.87 16082.6 14144.6
internal_count=620296 443538 176758 219564 132975 111966 116262 107598 223974 80132 73326 6806 69264 92776
is_linear=0
shrinkage=0.05


Tree=28
num_leaves=15
num_cat=0
split_feature=2 2 2 71 71 53 69 69 71 2 68 71 74 69
split_gain=3004.14 628.193 495.622 213.583 156.718 138.347 130.27 143.182 123.163 121.84 120.578 186.305 140.988 115.936
threshold=0.022426685318350795 0.015066210180521013 0.030613576993346218 -0.0082825054414570314 -0.0065066625829786054 -0.28978309035301203 0.13364221900701526 0.14803105592727664 0.001149674935732037 0.0097572309896349924 0.018417733721435074 0.055846257135272033 -0.0075496714562177649 0.03979728743433953
decision_type=2 2 2 2 2 8 10 10 2 2 10 2 2 8
left_child=1 9 4 -3 13 -6 -5 -8 -4 -1 11 12 -10 -2
right_child=2 3 8 6 5 -7 7 -9 10 -11 -12 -13 -14 -15
leaf_value=-0.043822157852342357 0.0001871797546212684 -0.00069793557322413884 0.010477922388040668 -0.012147106289296187 0.0071636822178774654 -0.0037952933890475684 0.023126718560266032 -0.013793306203188197 -0.0031045354523856483 -0.02287674047736963 0.0033948653669765151 -0.010031290718843145 0.013958152978836178 0.01135255049497232
leaf_weight=779.97426199913025 4916.7295392453671 6202.7256555408239 23848.983536735177 20049.441606134176 3359.122310847044 19840.228908583522 554.27125569432974 482.11858192831278 1387.4962157309055 6870.2242946028709 20322.934290081263 1073.6441798210144 9317.8351319730282 4401.1197605580091
leaf_count=7355 22100 34671 98668 124555 15762 98050 3424 2924 5783 56130 86117 4471 39159 20298
internal_value=4.38876e-07 -0.0124111 0.004903 -0.00885536 -6.22486e-06 -0.0022061 -0.0112535 0.00598419 0.0077556 -0.0250666 0.00573052 0.00975406 0.0117459 0.00546746
internal_weight=123407 34938.8 88468.1 27288.6 32517.2 23199.4 21085.8 1036.39 55950.9 7650.2 32101.9 11779 10705.3 9317.85
internal_count=619467 229059 390408 165574 156210 113812 130903 6348 234198 63485 135530 49413 44942 42398
is_linear=0
shrinkage=0.05


Tree=29
num_leaves=15
num_cat=0
split_feature=0 0 0 27 69 72 27 71 84 72 84 71 72 68
split_gain=3307.55 640.497 502.148 190.632 163.982 195.421 160.015 150.724 244.052 165.18 137.782 130.568 124.286 122.475
threshold=0.022326637059450153 0.029172640293836597 0.0161805609241128 0.96540021896362316 -0.12003959342837332 0.017317797988653186 1.0461570024490359 0.040163846686482436 2.5000000000000004 0.0065413338597863921 1.5000000000000002 -0.0031491612317040558 0.0065863379277288922 -0.018249039538204666
decision_type=2 2 2 2 8 10 2 2 2 10 2 2 10 8
left_child=2 6 -1 -4 5 -3 -2 9 13 -6 -7 -12 -11 -9
right_child=1 4 3 -5 7 10 -8 8 -10 12 11 -13 -14 -15
leaf_value=-0.026889416006162771 -0.0049738022455047583 0.040471918079311636 -0.015613069958412874 -0.0058735879415625063 0.002446740622214727 -0.0045612929330849537 0.0030915905910883692 -0.031408147473070878 0.013582133148059559 0.033317443286901949 0.0062482899626515633 0.035222846883900198 0.0081146884781683765 -0.0059702624384560133
leaf_weight=7045.6848186254501 17921.178080171347 729.80662858486176 11654.656493119895 8857.8335687741637 15686.179938450456 893.06697231531143 9351.3139393031597 667.67080238461494 1289.3193073868752 485.59507477283478 827.25013019144535 732.60695524513721 45731.007022172213 1589.7538724839687
leaf_count=61241 91558 2967 76350 54587 67466 3625 46136 2812 5492 2078 3350 2983 193212 6800
internal_value=-0.000113888 0.00427326 -0.0153775 -0.0114122 0.00684874 0.0179189 -0.00220818 0.00630776 -0.00370783 0.00688211 0.0110718 0.0199942 0.00838664 -0.0135993
internal_weight=123463 95904.7 27558.2 20512.5 68632.3 3182.73 27272.5 65449.5 3546.74 61902.8 2452.92 1559.86 46216.6 2257.42
internal_count=620657 428479 192178 130937 290785 12925 137694 277860 15104 262756 9958 6333 195290 9612
is_linear=0
shrinkage=0.05


Tree=30
num_leaves=15
num_cat=0
split_feature=2 2 2 71 73 53 2 69 68 69 2 73 71 72
split_gain=2439.83 674.702 319.905 188.107 178.071 145.405 142.875 118.871 108.088 134.154 104.556 104.151 147.821 137.486
threshold=0.019805302843451503 0.029059126041829589 0.014510520268231632 -0.0090665640309452993 0.47120265662670141 -0.21743769943714139 0.045997291803359992 0.08826725929975511 -0.087453853338956819 -0.024361428804695603 0.0097572309896349924 0.6410336196422578 0.042148336768150337 0.016811436042189602
decision_type=2 2 2 2 2 8 2 8 10 10 2 2 2 10
left_child=2 3 10 7 -4 -5 11 8 -2 -10 -1 12 -3 -13
right_child=1 6 4 5 -6 -7 -8 -9 9 -11 -12 13 -14 -15
leaf_value=-0.042061148568031725 0.024855874073422681 0.007221627241246165 -0.0021158328995359611 0.0025308401346033262 -0.014014215297830302 -0.0058823522624956003 0.0095960361587098704 0.016618182179217979 -0.012520595763122786 0.0037919173229541978 -0.021954458017076031 0.002459798181750216 -0.013769957417699331 -0.016981390172247125
leaf_weight=743.34242313355207 461.46475672721863 24382.98391635716 4143.7014291137457 6676.7815815210342 13083.027786932886 22170.404143616557 23402.301197588444 1594.9933584332466 1612.8735373914242 5632.7281894236803 5404.1158116161823 11968.37349703908 859.55144706368446 974.13653598725796
leaf_count=7397 1966 103546 25543 32889 88625 116332 95447 7671 7449 26760 46477 52057 3747 4190
internal_value=-0.000124334 0.00328351 -0.0146607 -0.00194138 -0.0111551 -0.00393489 0.00651978 0.00423839 0.00165815 0.000148494 -0.0244501 0.00463243 0.00650166 0.000984549
internal_weight=123111 99736.6 23374.2 38149.2 17226.7 28847.2 61587.3 9302.06 7707.07 7245.6 6147.46 38185 25242.5 12942.5
internal_count=620096 452054 168042 193067 114168 149221 258987 43846 36175 34209 53874 163540 107293 56247
is_linear=0
shrinkage=0.05


Tree=31
num_leaves=15
num_cat=0
split_feature=0 0 0 69 73 73 54 68 69 68 0 74 0 73
split_gain=2733.37 540.034 489.031 174.783 144.804 131.26 119.366 111.875 106.264 94.6072 93.2168 92.4745 89.26 80.3519
threshold=0.022996764630079273 0.0161805609241128 0.037131877616047866 -0.13153804093599317 0.47120265662670141 0.67617759108543407 0.59588435292243969 0.042889840900897987 0.11659540981054307 0.032959738746285445 0.012468064669519665 -0.002982269623316824 0.018735888414084915 0.32263550162315374
decision_type=2 2 2 8 2 2 8 10 10 10 2 2 2 2
left_child=1 10 3 -2 -3 6 7 13 -8 -10 -1 -7 -6 -5
right_child=2 4 -4 5 12 11 8 -9 9 -11 -12 -13 -14 -15
leaf_value=-0.037127990338233524 0.027558709951338085 -0.0027103387183653963 0.0078741541609861701 0.0048525397136653008 -0.017120505916213644 0.0042785425855001438 0.0083763377103977087 0.018714866964227413 -0.014993183212652157 0.010172107222445692 -0.022590822150199832 -0.0060162149267347087 -0.0094175449285518048 -0.0022309131031917726
leaf_weight=1426.3521342873573 584.89635024964809 5673.7253192141652 44510.221038386226 5128.9065784066916 5592.5636353865266 2734.2584125101566 9116.8289760053158 759.21248057484627 992.83181162178516 586.37081208825111 5375.5114338696003 10659.327887222171 11654.792915388942 18113.020502090454
leaf_count=14663 2490 33908 183195 22845 40439 12999 42360 3666 4699 2777 46628 51591 71413 86383
internal_value=-0.000124322 -0.0133243 0.00408696 0.00062295 -0.0096453 0.000289686 0.00191262 -4.57465e-05 0.006303 -0.0056439 -0.0256893 -0.00391295 -0.0119238 -0.000666359
internal_weight=122909 29722.9 93185.9 48675.7 22921.1 48090.8 34697.2 24001.1 10696 1579.2 6801.86 13393.6 17247.4 23241.9
internal_count=620056 207051 413005 229810 145760 227320 162730 112894 49836 7476 61291 64590 111852 109228
is_linear=0
shrinkage=0.05


Tree=32
num_leaves=15
num_cat=0
split_feature=0 0 0 27 71 70 69 71 69 71 0 27 69 70
split_gain=2491.88 607.154 380.604 162.993 147.384 143.758 248.155 155.311 163.035 146.158 135.334 109.264 90.0902 104.109
threshold=0.020900378935039047 0.028465678915381435 0.014612839557230474 0.82795938849449169 -0.0082825054414570314 -0.044312106445431702 -0.13803395628929135 0.040163846686482436 0.07906664535403253 -0.030130613595247265 0.042496256530284889 0.70330381393432628 0.041767353191971786 0.005644191289320589
decision_type=2 2 2 2 2 2 8 2 10 2 2 2 8 2
left_child=2 4 -1 -4 12 -3 9 10 -9 -7 -8 -6 -2 -14
right_child=1 5 3 -5 11 6 7 8 -10 -11 -12 -13 13 -15
leaf_value=-0.030136051315599544 -0.0020237232646236379 -0.019105568973803982 -0.018566967344182679 -0.0087055222473856626 -0.010625380073363371 0.011283218123883276 0.0039159274772340991 -0.0099682169060457161 0.015594609948973019 0.042629511233018544 0.008475809243374632 -0.0027239964545919329 0.013212357755556646 -0.0092927059261910302
leaf_weight=3717.5722087994218 3650.2583276480436 571.30737268924713 6859.1443559974432 10840.505788110197 5890.3224645704031 811.43106773495674 35720.181509807706 2914.7797724753618 783.3189115524292 692.46731026470661 29927.844977214932 16972.95803900063 2865.7579698711634 618.17245262861252
leaf_count=36602 17821 2353 49808 74134 32276 3263 156582 12401 3378 2795 122204 89844 14180 3093
internal_value=-0.000110283 0.00316266 -0.0156032 -0.0125355 -0.0028061 0.00566963 0.00587207 0.005434 -0.00452613 0.0259028 0.00599568 -0.0047634 0.00346446 0.009204
internal_weight=122836 101419 21417.2 17699.7 29997.5 71421.3 70850 69346.1 3698.1 1503.9 65648 22863.3 7134.19 3483.93
internal_count=620734 460190 160544 123942 157214 302976 300623 294565 15779 6058 278786 122120 35094 17273
is_linear=0
shrinkage=0.05


Tree=33
num_leaves=15
num_cat=0
split_feature=0 0 0 70 69 0 72 69 70 72 72 54 53 70
split_gain=2298.02 630.616 301.459 123.679 236.388 117.851 101.899 93.973 93.5294 91.3961 83.987 76.6929 68.651 65.5038
threshold=0.020471171475946907 0.028742549009621147 0.014977000188082458 -0.044312106445431702 -0.13803395628929135 0.041196960955858238 0.019190592691302303 0.13544805347919467 -0.0037059200694784518 0.016811436042189602 0.0046126006636768588 0.50345954298973095 -0.21090430021286008 -0.012843514792621134
decision_type=2 2 2 2 8 2 10 10 2 8 10 10 8 2
left_child=2 8 -1 -3 6 9 -5 13 11 10 -6 -2 -10 -4
right_child=1 3 7 4 5 -7 -8 -9 12 -11 -12 -13 -14 -15
leaf_value=-0.027565791655586591 -0.00087120718291436154 -0.017242923272829291 0.00071462904245351427 0.043263271650159439 -0.0038708284431561561 0.0074162956387246242 0.015588846282283284 0.009350372841660258 0.0010116173941383335 -0.0050258308347721787 0.004925967819411679 0.010585777563142877 -0.0056792787957437758 -0.01395327911085808
leaf_weight=4217.6453386321664 6196.2150133103132 578.64664404094219 803.47026071697474 517.53032985329628 2996.4469529241323 34474.436792373657 955.07058396935463 471.58590487390757 4761.1638096123934 3018.5561238378286 28047.829805985093 1900.710380807519 19612.503871798515 14123.845995679498
leaf_count=41806 31582 2390 5198 2084 13369 140894 3839 3358 24728 13097 122994 9650 105372 100545
internal_value=-4.60188e-05 0.00293999 -0.015727 0.00559243 0.00578361 0.00535543 0.0255409 -0.0124687 -0.00282617 0.0032681 0.00407591 0.001828 -0.0043724 -0.0131638
internal_weight=122676 103059 19616.5 70588.5 70009.9 68537.3 1472.6 15398.9 32470.6 34062.8 31044.3 8096.93 24373.7 14927.3
internal_count=620906 469999 150907 298667 296277 290354 5923 109101 171332 149460 136363 41232 130100 105743
is_linear=0
shrinkage=0.05


Tree=34
num_leaves=15
num_cat=0
split_feature=0 0 0 71 73 71 72 69 74 54 71 72 68 72
split_gain=2015.63 511.579 325.167 141.125 131.615 183.788 144.421 325.194 214.213 121.801 121.649 168.134 113.424 113.029
threshold=0.020900378935039047 0.028600482270121578 0.014243142679333689 -0.017686145380139347 0.6410336196422578 0.051627470180392272 0.016811436042189602 -0.011117002926766871 0.012607926037162544 0.45569024980068212 0.0076207381207495936 0.0064592105336487302 0.042200284078717239 0.0048463891725987205
decision_type=2 2 2 2 2 2 10 8 2 8 2 10 10 10
left_child=2 10 -1 9 5 12 7 -6 -8 -4 11 -2 13 -3
right_child=1 4 3 -5 6 -7 8 -9 -10 -11 -12 -13 -14 -15
leaf_value=-0.029168476657033083 -0.0063452750872212554 -0.0025371791045033783 -0.0043524151957977384 -0.012963037990022444 0.028814548891110361 -0.011334031559522756 -0.021516155036606185 0.0018508038188960016 0.014133195733818386 0.029429934432979456 -0.0063131977464268981 0.0037545606991096444 0.023828021297490995 0.0075478025051558418
leaf_weight=3059.886574909091 6430.7654490023851 2968.4708802253008 1359.8732119575143 16239.185912236571 1173.765069976449 1359.7708080857992 1381.1608902662992 20231.17076176405 596.35546717047691 321.42225913703442 12498.661228388548 11429.230919957161 1001.9749184250832 42388.346664503217
leaf_count=32031 34210 12745 8717 117854 4958 5734 5889 87007 2519 2065 67115 57983 4245 177747
internal_value=-1.65364e-05 0.00290103 -0.0141203 -0.0115361 0.00522078 0.00672649 0.00214639 0.00334216 -0.0107484 0.00224176 -0.00253185 0.000116444 0.00725856 0.00688736
internal_weight=122440 101460 20980.4 17920.5 71101 47718.6 23382.5 21404.9 1977.52 1681.3 30358.7 17860 46358.8 45356.8
internal_count=620819 460152 160667 128636 300844 200471 100373 91965 8408 10782 159308 92193 194737 190492
is_linear=0
shrinkage=0.05


Tree=35
num_leaves=15
num_cat=0
split_feature=0 0 0 27 27 72 73 69 72 69 69 4 73 69
split_gain=1919.8 474.995 307.028 171.649 133.584 116.726 108.51 143.772 108.184 96.5414 109.057 95.4619 103.504 185.082
threshold=0.020790025591850284 0.028465678915381435 0.014977000188082458 0.8158058524131776 1.3273023366928103 0.0065413338597863921 0.68223786354064953 0.12981175631284717 0.0065863379277288922 -0.12003959342837332 -0.10739394277334212 0.22500000149011615 0.6410336196422578 0.034279244020581252
decision_type=2 2 2 2 2 10 2 10 10 10 10 10 2 10
left_child=2 4 -1 -4 6 -3 7 -2 -7 -10 -11 12 13 -12
right_child=1 5 3 -5 -6 8 -8 -9 9 10 11 -13 -14 -15
leaf_value=-0.026414781199591005 -0.0026601673173772145 0.0012914203146758797 -0.017716740821097126 -0.0070799308744614146 0.0050871865689043998 0.02910403187017771 -0.0093787268178121639 0.026722439051710165 0.012444908582517608 -0.011131576381983976 0.00055438295241311156 0.0080897809722520891 -0.0018586549002139905 0.0099218371951609024
leaf_weight=4028.0325319617987 18072.802287742496 16562.042496234179 6006.2866726964712 10331.076383799314 4842.920259386301 496.15792089700699 6775.9946036636829 416.18500991165638 5053.0697181671858 993.72536496818066 10381.737686723471 20770.074204713106 6600.3435181379318 10708.363127917051
leaf_count=41598 94895 71275 44703 71800 24801 2109 36877 2244 20750 4123 44215 84948 29245 46095
internal_value=-5.11421e-05 0.00275586 -0.0140594 -0.0109989 -0.00251249 0.00497231 -0.00397067 -0.00198468 0.00608023 0.00586535 0.00519069 0.00552762 0.00360357 0.0053131
internal_weight=122039 101673 20365.4 16337.4 30107.9 71565.5 25265 18489 55003.5 54507.3 49454.2 48460.5 27690.4 21090.1
internal_count=619678 461577 158101 116503 158817 302760 134016 97139 231485 229376 208626 204503 119555 90310
is_linear=0
shrinkage=0.05


Tree=36
num_leaves=15
num_cat=0
split_feature=0 0 0 0 68 1 69 1 0 68 68 69 68 68
split_gain=1697.57 401.115 268.917 112.037 107.142 102.041 89.5654 80.1991 78.199 77.2123 67.5779 116.404 152.666 72.8382
threshold=0.020900378935039047 0.028600482270121578 0.014243142679333689 0.042841654270887382 -0.019749879837036129 0.020241793245077137 0.13544805347919467 0.027778526768088344 0.018278241157531742 -0.028726507909595963 0.0048870842438191184 0.041767353191971786 -0.019402277655899521 0.0072760654147714385
decision_type=2 2 2 2 8 8 10 8 2 10 10 8 8 10
left_child=2 5 -1 7 9 -2 8 10 -6 -4 11 -3 -13 -12
right_child=1 3 4 -5 6 -7 -8 -9 -10 -11 13 12 -14 -15
leaf_value=-0.027235091026798282 -0.00089506538799451066 0.0035018263074606919 -0.0056378900413117617 0.0067277648143232354 -0.016084828205463197 -0.0083982908388245455 0.007540509696604733 -0.0012759625169680901 -0.0090295869061680478 0.020454906056242464 -0.015241663190952187 0.039154150686885436 0.010177710187099743 0.002759434747227832
leaf_weight=2923.2238090783358 24739.991537719965 7163.2017600685358 824.53797574341297 33100.331616178155 8071.3757599443197 5538.1542500406504 563.58133645355701 9335.1071786433458 7753.276351891458 419.75875887274742 570.8613378405571 527.09012086689472 3057.8314027041197 17394.290166094899
leaf_count=31973 131042 30751 5155 134729 65149 28232 4048 39948 51473 2704 2498 2203 13192 77147
internal_value=-0.000105999 0.00254968 -0.0132046 0.00460069 -0.0108644 -0.00226979 -0.011938 0.00274896 -0.012636 0.00325732 0.0040575 0.00719197 0.0145352 0.00217927
internal_weight=121983 101427 20555.8 71148.7 17632.5 30278.1 16388.2 38048.4 15824.7 1244.3 28713.3 10748.1 3584.92 17965.2
internal_count=620244 459742 160502 300468 128529 159274 120670 165739 116622 7859 125791 46146 15395 79645
is_linear=0
shrinkage=0.05


Tree=37
num_leaves=15
num_cat=0
split_feature=0 0 0 27 70 69 27 71 71 84 70 72 27 71
split_gain=1606.77 326.677 313.214 146.111 141.41 159.579 122.459 120.4 120.301 138.295 125.961 190.557 118.795 118.693
threshold=0.021887119859457019 0.017104342579841617 0.030477266758680347 1.3372598290443423 -0.044312106445431702 -0.13803395628929135 0.91990244388580333 0.0064842579886317262 0.036813231185078628 2.5000000000000004 0.027393514290452007 0.023218872956931595 0.66464596986770641 -0.030130613595247265
decision_type=2 2 2 2 2 8 2 2 2 2 2 10 2 2
left_child=1 6 3 7 -4 13 -1 -2 10 -10 11 -7 -3 -6
right_child=2 12 4 -5 5 8 -8 -9 9 -11 -12 -13 -14 -15
leaf_value=-0.025464767205895751 0.00042421641738448986 -0.016664776491238226 -0.020102446354240328 0.0065261098023674862 0.0079240026172406747 0.0051267161265435247 -0.013291948594379889 -0.0061526208140763317 -0.009427161961244478 0.0083587903008787139 -0.016918121344663178 0.02381419467501426 -0.005294437012485196 0.036778083215464927
leaf_weight=4289.5172042325139 15528.420741170645 2789.8221843838692 552.0621040314436 5291.9136662483215 765.94426330924034 55734.047688797116 4064.1082775518298 12597.65933445096 2997.4504900723696 1707.5340407341719 619.2587233632803 1389.3156454563141 12914.636382997036 668.36280703544617
leaf_count=41150 77389 19449 2279 26006 3070 232970 37476 65592 12657 7174 2556 5657 84577 2685
internal_value=-6.87921e-06 -0.0115807 0.00283959 -0.00108824 0.00487656 0.00509554 -0.0195656 -0.00252269 0.00471466 -0.00296824 0.00534108 0.00558531 -0.00732364 0.0215311
internal_weight=121910 24058.1 97852 33418 64434 63881.9 8353.63 28126.1 62447.6 4704.98 57742.6 57123.4 15704.5 1434.31
internal_count=620687 182652 438035 168987 269048 266769 78626 142981 261014 19831 241183 238627 104026 5755
is_linear=0
shrinkage=0.05


Tree=38
num_leaves=15
num_cat=0
split_feature=1 73 69 53 54 27 68 69 68 1 72 72 69 72
split_gain=833.639 257.754 488.552 249.607 459.331 226.441 174.491 200.372 174.313 146.84 136.425 133.006 123.191 161.665
threshold=0.014170780312269928 0.31657269597053533 0.03979728743433953 -0.29873403906822199 0.52992379665374767 0.94052088260650646 -0.021990260109305378 -0.011117002926766871 -0.019749879837036129 0.010234802030026914 0.013164927251636984 0.011975087225437166 0.013319937512278559 0.016343498602509502
decision_type=10 2 10 8 8 2 10 10 10 8 10 10 10 10
left_child=5 2 12 -3 6 9 10 11 -4 -1 -5 -8 13 -2
right_child=1 3 8 4 -6 -7 7 -9 -10 -11 -12 -13 -14 -15
leaf_value=-0.021108315870959189 0.011839740864853066 0.0055979175692870671 0.061053885077207638 -0.0030276316672373611 0.0031374196047681858 -0.0032537103794558933 0.030436768873988159 -0.0063079924093503272 0.02174461086356028 -0.0092859212816142518 -0.032289136242612364 0.0026482945321996496 -0.0098042570405902311 0.0010294138622390747
leaf_weight=3813.1417427882552 7423.0685428157449 21737.370891146362 499.29048751294613 643.53111071884632 34071.885562725365 11740.846130907536 520.68248562514782 20994.651572309434 672.82048185169697 8505.0284415483475 1045.0633571445942 2296.1022666096687 1204.4879773035645 6471.5687552616
leaf_count=35989 31743 91916 2080 2962 154289 82776 2524 107121 2823 58065 4830 10769 5344 26923
internal_value=0.000107641 0.0021631 0.00790557 0.00101311 -0.000660507 -0.0082265 -0.00573435 -0.00462767 0.0388642 -0.0129597 -0.0212209 0.00787449 0.00547819 0.00680908
internal_weight=121640 97580.5 16271.2 81309.3 59571.9 24059 25500 23811.4 1172.11 12318.2 1688.59 2816.78 15099.1 13894.6
internal_count=620154 443324 68913 374411 282495 176830 128206 120414 4903 94054 7792 13293 64010 58666
is_linear=0
shrinkage=0.05


Tree=39
num_leaves=15
num_cat=0
split_feature=0 0 0 73 69 4 69 73 69 69 28 73 54 69
split_gain=1336.23 310.237 235.667 109.997 192.585 110.849 107.468 107.062 158.561 89.5582 88.4051 87.1602 82.8681 81.638
threshold=0.020366174168884758 0.028334339149296287 0.014612839557230474 0.32263550162315374 0.03979728743433953 0.25833334028720861 -0.048130543902516358 0.66647708415985119 0.12981175631284717 -0.060190718621015542 0.91749295592308056 0.47120265662670141 0.63065251708030712 -0.12003959342837332
decision_type=2 2 2 2 10 8 8 2 10 10 2 2 8 8
left_child=2 7 -1 4 10 12 9 8 -2 -7 -3 -4 -5 -12
right_child=1 3 11 5 -6 6 -8 -9 -10 -11 13 -13 -14 -15
leaf_value=-0.024557726402631531 -0.00055806854761259004 0.011623057004246805 -0.0026194317633656877 -0.00042878819876862085 0.029312181451587239 0.0086612835566765353 0.0050251990986126052 -0.0063157790504031258 0.030469362629084864 0.034653369891130839 0.011788691649088467 -0.011784151036042578 0.0044687247568037129 0.00025747708631851217
leaf_weight=3268.1311121061444 21127.758209303021 5024.5387784093618 3347.6394078060985 22723.812026977539 979.08990074694157 813.20434512197971 20123.913957223296 9532.102070838213 409.94162738323212 560.47329987585545 2046.2016263753176 11622.844383239746 13921.738686740398 6056.1531184017658
leaf_count=36728 111740 20672 23132 99057 3964 3283 82216 52573 2208 2263 8273 89100 60287 25093
internal_value=6.78412e-05 0.0022707 -0.0124054 0.00406725 0.00802714 0.00310533 0.00595491 -0.00190692 4.63639e-05 0.0194401 0.00641845 -0.00973789 0.0014325 0.00318056
internal_weight=121558 103319 18238.6 72249.1 14106 58143.1 21497.6 31069.8 21537.7 1373.68 13126.9 14970.5 36645.6 8102.35
internal_count=620589 471629 148960 305108 58002 247106 87762 166521 113948 5546 54038 112232 159344 33366
is_linear=0
shrinkage=0.05


Tree=40
num_leaves=15
num_cat=0
split_feature=0 0 0 68 73 73 68 72 72 72 72 72 72 52
split_gain=1316.89 325.092 210.634 109.474 103.266 102.398 187.401 211.59 186.413 161.511 298.424 131.383 319.79 187.39
threshold=0.020047173835337165 0.027802539058029655 0.013060470111668112 0.057005966082215316 0.15441858023405078 0.32263550162315374 -0.021990260109305378 0.013164927251636984 0.016343498602509502 0.011299594305455686 0.010734383016824724 0.013739499729126694 0.014131831005215647 0.25652970373630529
decision_type=2 2 2 8 2 2 10 10 8 10 10 10 10 8
left_child=2 3 -1 4 -2 8 7 -7 9 10 -3 -11 -13 -14
right_child=1 5 -4 -5 -6 6 -8 -9 -10 11 -12 12 13 -15
leaf_value=-0.030141618192009334 0.019670602381352421 0.010676206101821377 -0.01102408683223282 -0.015146667167284526 -0.0019090248365599258 0.0078395391781249657 0.0037003890169598854 -0.019496208594772229 0.0012309227254291618 0.027425857630319433 -0.030896800563087846 -0.01783649255831336 0.028302520923738136 -0.005154546734030028
leaf_weight=1585.4053089693189 555.59350499510765 2467.0385297685862 15351.728784292936 1535.436398178339 28075.757303908467 1134.453353241086 57082.209616482258 1853.4834652543068 6210.06662940979 2169.6399092525244 512.87273533642292 712.88861325383186 1741.0645950436592 546.31799584627151
leaf_count=19274 2646 10162 122186 8534 153068 4738 243652 7825 25483 8998 2139 2931 7154 2216
internal_value=9.94842e-05 0.00219421 -0.0128303 -0.00218377 -0.00148355 0.00396867 0.00306099 -0.0091259 0.00776091 0.0127291 0.00344167 0.0180653 0.0112276 0.020324
internal_weight=121534 104597 16937.1 30166.8 28631.4 74430 60070.1 2987.94 14359.9 8149.82 2979.91 5169.91 3000.27 2287.38
internal_count=621006 479546 141460 164248 155714 315298 256215 12563 59083 33600 12301 21299 12301 9370
is_linear=0
shrinkage=0.05


Tree=41
num_leaves=15
num_cat=0
split_feature=0 0 0 70 68 68 70 72 68 8 68 68 68 72
split_gain=1191.25 289.557 199.691 124.018 108.822 107.497 154.872 118.93 109.216 81.4041 86.3826 74.6758 74.6243 204.337
threshold=0.019495052285492424 0.030477266758680347 0.013060470111668112 -0.044312106445431702 0.057005966082215316 -0.074138201773166643 -0.0063952023629099122 0.019676754251122478 -0.093524657189846025 1.0000000180025095e-35 -0.081325836479663835 -0.019749879837036129 0.051386155188083656 0.017020166851580146
decision_type=2 2 2 2 8 8 2 10 10 2 10 8 10 10
left_child=2 4 -1 -3 9 6 8 -8 -5 10 -2 -4 -7 -14
right_child=1 3 11 5 -6 12 7 -9 -10 -11 -12 -13 13 -15
leaf_value=-0.030195778321552288 0.019405261887605552 -0.019292383804881772 0.003453953626182451 0.036784148816436629 -0.012332902444386912 0.0041964598996417218 0.018648437987796078 -0.0085118678216891397 0.010006647597862671 0.0052930571626005627 -0.0019823173391346539 -0.012235015774743643 0.0020136297190396185 -0.02486125127920388
leaf_weight=1555.832286849618 468.73600605130196 562.23086354136467 802.88941020518541 818.52120932936668 2168.6406847387552 54925.407087445259 662.33205066621304 996.803865686059 723.34534078836441 4731.0619344487786 34427.861728399992 12592.892377875745 5085.067693695426 811.34757593274117
leaf_count=19388 2090 2324 5543 3284 11776 228931 2670 4015 2937 25695 182845 104317 21465 3433
internal_value=-6.84352e-05 0.0017893 -0.0132787 0.00388756 -0.00145315 0.0040941 0.0130124 0.00237737 0.0243673 -0.000854795 -0.00168956 -0.0112928 0.00362268 -0.00172019
internal_weight=121333 106381 14951.6 64585.1 41796.3 64022.8 3201 1659.14 1541.87 39627.7 34896.6 13395.8 60821.8 5896.42
internal_count=620713 491465 129248 269059 222406 266735 12906 6685 6221 210630 184935 109860 253829 24898
is_linear=0
shrinkage=0.05


Tree=42
num_leaves=15
num_cat=0
split_feature=0 0 0 73 71 68 74 68 73 71 68 72 68 73
split_gain=1058 239.931 194.564 131.195 224.377 189.467 153.791 145.733 129.703 112.744 111.786 104.505 174.212 118.53
threshold=0.021887119859457019 0.015445953700691463 0.037131877616047866 0.31657269597053533 0.016849424690008167 -0.028726507909595963 0.0071679097600281247 -0.074138201773166643 0.20574606955051425 -0.0069423320237547151 -0.019749879837036129 0.013164927251636984 -0.01183955743908882 0.86850854754447948
decision_type=2 2 2 2 2 10 2 10 2 2 10 10 10 2
left_child=1 -1 3 4 5 6 7 -2 -9 -3 -7 13 -13 -5
right_child=2 9 -4 11 -6 10 -8 8 -10 -11 -12 12 -14 -15
leaf_value=-0.020177187658867068 0.015466523582437292 -2.1676664639660762e-05 0.0046148948199454011 0.00045873546567442973 -0.015900450091920693 0.043141848195337028 0.023321373863524501 -0.021193418080956636 0.0020431948766642481 -0.0092861458235685562 0.013435489952857944 -0.019195406336282157 -0.00077534715425564061 -0.018084396400051186
leaf_weight=4394.9140484035015 1209.9118562191725 4234.2271684482694 44957.290534839034 39272.755629107356 965.80218234658241 574.37278266251087 953.78211942315102 865.51959553360939 1907.3265053927898 14622.513150453568 721.13229267299175 1963.2977963835001 3675.1998505741358 871.11834186315536
leaf_count=48953 5192 27685 183662 191162 4490 2543 4225 3851 8472 106003 3187 9310 17621 4337
internal_value=-8.0493e-05 -0.00966614 0.00219602 0.000142959 0.00641316 0.00989111 0.00539907 0.00105942 -0.00526 -0.00720695 0.0268356 -0.00084402 -0.00721175 5.19477e-05
internal_weight=121189 23251.7 97937.5 52980.2 7197.85 6232.05 4936.54 3982.76 2772.85 18856.7 1295.51 45782.4 5638.5 40143.9
internal_count=620693 182641 438052 254390 31960 27470 21740 17515 12323 133688 5730 222430 26931 195499
is_linear=0
shrinkage=0.05


Tree=43
num_leaves=15
num_cat=0
split_feature=0 0 27 0 27 73 72 70 70 70 54 72 4 73
split_gain=955.871 315.247 155.535 155.308 101.417 100.492 147.511 168.806 144.671 133.776 105.702 109.604 97.8387 95.0904
threshold=0.018962838687002662 0.027408272027969364 0.68754306435585033 0.013568683061748745 0.83390966057777416 0.62440380454063427 0.016811436042189602 -0.0072101396508514872 0.0096726929768919962 0.0002705992956180126 0.46978406608104711 0.049865879118442542 0.12500000372529033 0.7626253366470338
decision_type=2 2 2 2 2 2 10 2 2 2 8 10 8 2
left_child=3 2 -2 -1 -5 10 7 13 9 -8 11 -3 -9 -7
right_child=1 5 -4 4 -6 6 8 12 -10 -11 -12 -13 -14 -15
leaf_value=-0.026178699342727371 -0.0094320665177422686 0.0018728822352360526 -0.00096580051613649243 -0.016734556052717117 -0.0068886655202608912 0.0075462455645338702 -0.0077638481070221007 -0.0052980856832814836 0.0048412718479852379 -0.040558648663470059 0.0070591985732166053 0.023632558083083979 0.0023343082581974272 0.030576896692286144
leaf_weight=1902.9892481341958 6903.3461729586124 25807.750424325466 25208.55357182771 4280.5941816419363 6766.9617043882608 1263.052116677165 694.85071706771851 5451.4886122643948 766.17759324610233 561.76634909212589 21936.970329418778 582.10315921902657 18152.782293051481 692.96572376787663
leaf_count=24180 40601 109327 140402 37738 55298 5338 2966 25307 3250 2419 91573 2343 76680 2909
internal_value=-0.000175191 0.00136413 -0.00278823 -0.013006 -0.0107153 0.00312083 0.000712448 0.00174278 -0.0122515 -0.0226291 0.00449501 0.00236162 0.000570083 0.0158194
internal_weight=120972 108022 32111.9 12950.5 11047.6 75909.9 27583.1 25560.3 2022.79 1256.62 48326.8 26389.9 23604.3 1956.02
internal_count=620331 503115 181003 117216 93036 322112 118869 110234 8635 5385 203243 111670 101987 8247
is_linear=0
shrinkage=0.05


Tree=44
num_leaves=15
num_cat=0
split_feature=0 0 0 69 70 8 69 53 74 69 69 70 70 70
split_gain=880.785 257.946 158.746 122.015 114.254 101.917 92.2921 90.1623 86.2751 143.37 127.202 77.7821 122.199 138.106
threshold=0.019284108653664592 0.037131877616047866 0.013568683061748745 -0.13803395628929135 -0.044312106445431702 1.0000000180025095e-35 -0.13803395628929135 -0.30827760696411127 -0.0059043532237410537 0.03979728743433953 0.049152795225381858 -0.0035025934921577568 -0.0085004726424813253 -0.011143666692078112
decision_type=2 2 2 8 2 2 8 8 2 8 8 2 2 2
left_child=2 3 -1 -2 -3 7 -6 -5 9 11 -11 12 13 -9
right_child=1 4 -4 5 6 -7 -8 8 -10 10 -12 -13 -14 -15
leaf_value=-0.025472954848469904 0.026555238459103198 -0.018963129124849362 -0.009774319079610674 0.0043392655810917113 0.018031929820902643 0.0048495955858086576 0.0042708482364501171 -0.0033329482416439554 -0.0033452375443914261 0.02774324035830035 0.0042613738014063316 -0.024864172736111478 0.012194626305681409 -0.032747628731431576
leaf_weight=1857.6634821891785 401.33232069015503 508.1174755692482 11987.570454701781 5882.4875963032246 1245.0790878236294 7131.0162817239761 43100.929940313101 2863.9625506997108 37691.784013316035 634.38401164114475 5557.6133283749223 429.33597142994404 1029.5785943940282 454.25105771422386
leaf_count=24113 1687 2100 100174 26955 4996 36763 175978 13446 193649 3076 27765 2058 5011 2186
internal_value=-3.59318e-05 0.00150087 -0.0118975 -0.000586667 0.0043894 -0.000767563 0.00466119 -0.00150271 -0.00220967 0.00169181 0.006708 -0.00481047 -0.00277769 -0.007446
internal_weight=120775 106930 13845.2 62075.7 44854.1 61674.4 44346 54543.4 48660.9 10969.1 6192 4777.13 4347.79 3318.21
internal_count=619957 495670 124287 312596 183074 310909 180974 274146 247191 53542 30841 22701 20643 15632
is_linear=0
shrinkage=0.05


Tree=45
num_leaves=15
num_cat=0
split_feature=0 0 0 71 70 71 70 73 84 70 71 73 70 84
split_gain=792.675 259.785 126.569 115.069 114.37 205.838 124.352 301.479 125.327 121.237 113.926 110.246 106.416 138.392
threshold=0.018510864116251472 0.027541783638298515 0.01037111133337021 0.0013411640538834038 -0.0031570887658745046 -0.054346878081560128 -0.044312106445431702 0.077547188848257079 3.5000000000000004 -0.015494504012167452 0.0076207381207495936 0.30249074101448065 0.0097987498156726378 3.5000000000000004
decision_type=2 2 2 2 2 2 2 2 2 2 2 2 2 2
left_child=2 10 -1 4 6 -6 -3 -8 -9 -10 11 -2 13 -7
right_child=1 3 -4 -5 5 12 7 8 9 -11 -12 -13 -14 -15
leaf_value=-0.042127190658610751 0.0097638860402235895 -0.014751856162418973 -0.011678705126964718 0.0011287105141040801 -0.026627148069403746 -0.0022032595526327867 0.037271104143356687 0.0093262308248405184 -0.019899315557895397 0.0037578468793744465 -0.0059007161290047889 -0.0014036560507888684 0.0096337111134513626 0.011000606013319373
leaf_weight=344.04403344541788 2518.1005710810423 570.97395554184914 11008.574817568064 42151.398710668087 589.33140926063061 9127.9124355763197 870.57437129318714 12356.039056822658 720.93169759213924 2081.8277043253183 13784.535284556448 17552.548847191036 4608.8564033657312 2525.06690941751
leaf_count=4912 12523 2374 102551 180609 2389 38536 3514 51390 2981 8670 80770 99707 19200 10605
internal_value=-6.77761e-05 0.00123697 -0.0126377 0.00286689 0.00505614 0.00215242 0.00800066 0.00881981 0.00716235 -0.00237641 -0.00240262 1.60891e-06 0.00321112 0.000664846
internal_weight=120811 109458 11352.6 75602.9 33451.5 16851.2 16600.3 16029.4 15158.8 2802.76 33855.2 20070.6 16261.8 11653
internal_count=620731 513268 107463 320268 139659 70730 68929 66555 63041 11651 193000 112230 68341 49141
is_linear=0
shrinkage=0.05


Tree=46
num_leaves=15
num_cat=0
split_feature=0 0 71 0 54 71 15 70 73 71 70 73 73 73
split_gain=752.751 205.575 149.456 143.994 129.77 112.074 105.889 100.078 88.1492 79.3084 73.8031 107.537 70.3724 120.413
threshold=0.019495052285492424 0.038882218301296241 -0.0065066625829786054 0.014243142679333689 0.47891333699226385 -0.017686145380139347 24.460620880126957 -0.044312106445431702 0.85966211557388317 -0.017686145380139347 -0.022202525287866589 0.15441858023405078 0.57494938373565685 0.31214115023612982
decision_type=2 2 2 2 8 2 8 2 2 2 2 2 2 2
left_child=3 2 4 -1 12 -6 -4 -3 -8 -5 11 -9 13 -2
right_child=1 7 6 9 5 -7 8 10 -10 -11 -12 -13 -14 -15
leaf_value=-0.021872110026788849 0.0048732927083555344 -0.018075511368230116 -2.4523570085609432e-05 0.0044637598350344863 0.016930059017911038 0.0033595887054017962 -0.0042383390052848306 0.032037770211680007 -0.023640836838984308 -0.0098828884990446765 0.0038911122966633518 0.0056857606334558154 0.0087820923546957849 -0.0062115159325442579
leaf_weight=2471.9936963692307 4339.7302619218826 494.10314410924911 28666.768338821828 1051.8888622745872 2692.0877926200628 3496.5892882943153 17909.694809474051 568.43829314410686 595.83006070554256 10797.634051442146 38713.292606115341 1188.0223054289818 2049.5646749734879 5600.217288300395
leaf_count=32010 19284 2053 146114 7534 12111 16482 90316 2286 3115 89686 157559 4793 10122 27074
internal_value=-0.00015301 0.00129695 -0.000443866 -0.01091 0.00340683 0.00928056 -0.00192817 0.00407353 -0.00487548 -0.00860664 0.00434835 0.0143471 0.000369752 -0.00137191
internal_weight=120636 106314 65350.5 14321.5 18178.2 6188.68 47172.3 40963.9 18505.5 11849.5 40469.8 1756.46 11989.5 9939.95
internal_count=620539 491309 324618 129230 85073 28593 239545 166691 93431 97220 164638 7079 56480 46358
is_linear=0
shrinkage=0.05


Tree=47
num_leaves=15
num_cat=0
split_feature=0 27 0 0 27 71 69 71 72 72 69 70 72 72
split_gain=696.312 196.274 175.363 149.989 127.296 78.3569 79.8612 125.791 122.257 101.497 106.12 92.5868 84.2367 128.86
threshold=0.021773579530417923 1.0371316075325014 0.038882218301296241 0.014804635662585499 0.72539108991622936 0.055846257135272033 -0.048130543902516358 -0.03858648054301738 0.023218872956931595 0.015731807798147205 -0.12003959342837332 -0.0089198113419115526 0.016811436042189602 0.015333235263824465
decision_type=2 2 2 2 2 2 10 2 10 10 10 2 10 10
left_child=1 3 4 -1 -2 6 7 9 11 -4 -11 -9 13 -8
right_child=2 -3 5 -5 -6 -7 12 8 -10 10 -12 -13 -14 -15
leaf_value=-0.024040472963497012 -0.0037562084068391791 -0.0016992723207049469 0.01637069682854693 -0.0094006935634648753 0.0014898825458100338 -0.0082699712087004728 0.0037154984194094028 -0.0042562147350380906 0.026925400430558362 0.0013931446138245966 -0.026991452859168142 0.012828496350886842 -0.0056662613468934052 0.02333246777485536
leaf_weight=2042.1742312833667 16015.687037870288 7926.4627087712288 547.46937893331051 12145.708766445518 41517.044059380889 1193.5807104110718 28882.958750650287 1006.4106418341398 1216.4724181741476 916.67938880622387 503.08127477765083 3657.6882749348879 2281.5207739025354 852.6157638579607
leaf_count=26181 77962 61049 2202 92603 196512 4918 117562 4056 4890 3714 2052 14784 9379 3455
internal_value=1.19147e-05 -0.00800446 0.00181065 -0.0115234 2.91018e-05 0.0043064 0.00468492 0.00920314 0.0128592 -0.00173558 -0.00878316 0.00914077 0.00357492 0.00428564
internal_weight=120706 22114.3 98591.2 14187.9 57532.7 41058.5 39864.9 7847.8 5880.57 1967.23 1419.76 4664.1 32017.1 29735.6
internal_count=621319 179833 441486 118784 274474 167012 162094 31698 23730 7968 5766 18840 130396 121017
is_linear=0
shrinkage=0.05


Tree=48
num_leaves=15
num_cat=0
split_feature=0 0 27 72 71 84 68 71 74 72 68 70 74 71
split_gain=630.635 214.329 182.308 135.047 112.688 169.003 88.3813 323.145 195.235 164.248 123.43 91.3395 110.588 235.1
threshold=0.02310941927134991 0.014030149672180416 0.8158058524131776 0.0046126006636768588 0.048369815573096282 2.5000000000000004 -0.074138201773166643 -0.03858648054301738 -0.0070947986096143714 0.016343498602509502 -0.13279618322849271 0.027393514290452007 0.017647080123424533 0.011548060458153488
decision_type=2 2 2 10 2 2 8 2 2 10 10 2 2 2
left_child=1 -1 -3 -2 6 -6 7 9 -9 -5 -11 12 -8 -14
right_child=3 2 -4 4 5 -7 11 8 -10 10 -12 -13 13 -15
leaf_value=-0.021768861361944097 -0.0044640631300197978 -0.011050522524248272 -0.0022019700759635763 0.020665528489416746 -0.016506561334342976 0.011172322270907312 0.0020901729717753307 0.045886218198144597 0.010993394868396917 0.0043355435198806349 -0.022117781471288307 -0.017801768805468295 0.022194828341301001 -0.00093464303821815897
leaf_weight=2180.3354038223624 7681.3403812497854 9192.848019644618 15859.000674679875 595.07587836682796 1755.9895673394203 793.62061640620232 74019.205719321966 741.45669184625149 877.47376810014248 837.12095330655575 915.3282056748867 545.45366923511028 2117.4103247672319 2270.3577135652304
leaf_count=29465 35315 69848 110844 2431 7640 3457 326512 3035 3577 3432 3735 2354 9114 9885
internal_value=-7.43124e-05 -0.00676599 -0.00545209 0.0018825 0.00245335 -0.00788093 0.00277202 0.0100463 0.0271576 -0.00181939 -0.00952849 0.00240535 0.00254817 0.0102521
internal_weight=120382 27232.2 25051.8 93149.8 85468.5 2549.61 82918.9 3966.46 1618.93 2347.53 1752.45 78952.4 78407 4387.77
internal_count=620644 210157 180692 410487 375172 11097 364075 16210 6612 9598 7167 347865 345511 18999
is_linear=0
shrinkage=0.05


Tree=49
num_leaves=15
num_cat=0
split_feature=4 27 57 74 69 69 70 53 68 68 72 70 72 68
split_gain=418.428 228.537 161.548 117.717 187.571 155.27 105.247 97.2215 90.6271 84.7219 190.257 90.821 153.783 114.252
threshold=0.10833333432674409 0.83390966057777416 0.016284883022308353 -0.015850028023123738 0.03979728743433953 0.060251720249652869 0.027393514290452007 -0.19826467335224149 -0.087453853338956819 0.051386155188083656 0.016811436042189602 -0.00085779608343727876 0.014978718478232624 -0.039862519130110734
decision_type=8 2 10 2 8 10 2 8 10 10 10 2 10 8
left_child=1 2 -1 4 8 -6 7 -5 -3 11 -11 -2 13 -13
right_child=9 3 -4 6 5 -7 -8 -9 -10 10 -12 12 -14 -15
leaf_value=-0.011615424811861992 0.0060696142457208908 0.017729889814017203 -0.0032172090909490074 0.0035900238009578065 0.049402924145615701 0.010944256702187382 -0.027074601020764671 -0.0025988521349933516 -0.0064696305532375821 0.00096393180631506768 -0.024029060572528793 0.023097614838683757 0.0097512233514447429 -0.00018679609541203266
leaf_weight=9899.6490856073797 22487.53425797075 506.73582858964801 13590.601862743497 8517.6286014504731 403.90784038603306 738.96760479733348 382.05733320116997 24794.87223026529 1529.6697619259357 5765.7549118325114 867.20362532138824 528.1252573877573 5165.2726884335279 25100.723219417036
leaf_count=71379 93757 2135 77623 41766 2081 3960 1728 159349 7460 25267 3727 2142 21210 106776
internal_value=3.12983e-05 -0.00290654 -0.00675996 -0.000450573 0.00873104 0.0248467 -0.00131925 -0.00101582 -0.000390648 0.00299117 -0.00233495 0.00365452 0.00188949 0.00030184
internal_weight=120279 60364.1 23490.3 36873.8 3179.28 1142.88 33694.6 33312.5 2036.41 59914.6 6632.96 53281.7 30794.1 25628.8
internal_count=620360 367481 149002 218479 15636 6041 202843 201115 9595 252879 28994 223885 130128 108918
is_linear=0
shrinkage=0.05


Tree=50
num_leaves=15
num_cat=0
split_feature=4 73 73 27 69 69 73 5 72 70 72 68 69 73
split_gain=386.378 228.469 136.34 128.955 125.428 111.375 109.596 105.937 100.516 199.902 132.463 97.4001 95.8361 140.969
threshold=0.041666667908430106 0.45992848277091986 0.85966211557388317 1.2641428709030154 0.13680395483970645 0.067052286118268981 0.89463898539543163 0.71724092960357677 0.010734383016824724 0.011871221940964462 0.0098339947871863859 -0.087453853338956819 0.034879148006439216 0.37594781816005712
decision_type=8 2 2 2 8 10 2 2 10 2 10 10 10 2
left_child=1 4 7 -3 8 6 -4 -2 9 10 -1 -10 -13 -14
right_child=2 3 5 -5 -6 -7 -8 -9 11 -11 -12 12 13 -15
leaf_value=-1.9318636338668773e-05 -0.016076155080503588 -0.0096474065944453079 -0.016787729987088228 0.00019417942674390196 0.02826214465497532 -0.031329736003031912 0.0071708750105435488 0.0021939154040653982 0.016890222946336381 0.041483063257414972 0.032435296648223588 -0.011643956994411543 0.03056716087833395 -0.0095987476722909169
leaf_weight=4023.4571807309985 790.89731656387448 16905.256919998676 924.49138350039721 4143.4436705932021 412.06355199962854 480.77003466337919 967.2021699026227 86459.88150479272 446.25836310908198 346.21164962276816 331.04773047566414 3098.4802489914 360.85412604361773 523.31151312962174
leaf_count=25563 3806 132571 4701 29330 2824 2341 4495 387601 1955 2054 1940 16463 1890 3138
internal_value=4.83389e-05 -0.0048027 0.00170446 -0.00771091 0.0016141 -0.0100972 -0.00456467 0.00202648 0.000381738 0.00546856 0.00251668 -0.00501743 -0.00750835 0.00695267
internal_weight=120214 30590.4 89623.2 21048.7 9541.68 2372.46 1891.69 87250.8 9129.62 4700.72 4354.5 4428.9 3982.65 884.166
internal_count=620672 217728 402944 161901 55827 11537 9196 391407 53003 29557 27503 23446 21491 5028
is_linear=0
shrinkage=0.05


Tree=51
num_leaves=15
num_cat=0
split_feature=57 72 53 64 68 72 72 68 79 68 70 74 68 72
split_gain=329.977 187.468 142.313 139.535 115.232 144.116 152.963 115.435 85.9731 85.5179 84.646 185.777 295.216 149.886
threshold=0.022470920346677307 0.0064592105336487302 -0.19619399309158322 0.032868398353457458 0.051386155188083656 0.017020166851580146 0.011813174001872541 0.049752205610275275 0.01470076944679022 0.050360605120658881 -0.0031570887658745046 -0.001379391993395984 -0.019749879837036129 0.0073923869058489808
decision_type=10 10 8 2 10 10 10 10 8 10 2 2 10 10
left_child=2 9 -1 8 7 6 -6 10 -4 -2 13 12 -12 -3
right_child=1 4 3 -5 5 -7 -8 -9 -10 -11 11 -13 -14 -15
leaf_value=0.0011758450587552403 -0.003084445705732409 0.018554026923707643 -0.011672531896318809 8.5901126296181849e-05 -0.0090019504440601254 -0.028506876178868337 0.014059982097562511 0.023451495134561587 -0.0051237905144470618 0.0097317129924263737 -0.027774048250798974 0.0041369646989912138 1.815842077899362e-05 0.0048425562814830942
leaf_weight=12859.886638257653 18000.749254208058 2219.5771696195006 7002.497136451304 9724.1879771538079 2011.2273064889014 542.67289098352194 1106.0398339033127 757.64343567937613 17695.968701124191 1393.3347608372569 1212.4754756018519 22296.605332680047 4375.2845348492265 18971.064945369959
leaf_count=60849 92504 10437 53217 49682 9110 2337 4748 3405 117735 6836 5281 100719 20234 83436
internal_value=-5.8794e-05 0.0020514 -0.00331143 -0.00498768 0.00357808 -0.00497514 -0.000800535 0.00420714 -0.00698446 -0.00215915 0.00390532 0.00209391 -0.00605125 0.00628681
internal_weight=120169 72886.7 47282.5 34422.7 53492.6 3659.94 3117.27 49832.7 24698.5 19394.1 49075 27884.4 5587.76 21190.6
internal_count=620530 339047 281483 220634 239707 16195 13858 223512 170952 99340 220107 126234 25515 93873
is_linear=0
shrinkage=0.05


Tree=52
num_leaves=15
num_cat=0
split_feature=0 0 27 0 27 71 84 12 69 71 71 69 74 53
split_gain=545.131 161.511 163.114 113.031 102.379 99.3373 250.849 92.7408 84.5513 148.932 219.025 208.311 205.309 159.254
threshold=0.018735888414084915 0.027931459248065952 0.62529692053794872 0.01037111133337021 0.89629167318344127 0.040163846686482436 2.5000000000000004 0.14791309833526614 -0.013108383864164351 -0.011045068968087433 -0.00143447401933372 -0.023623042739927765 -0.0028469613753259178 -0.19231779873371121
decision_type=2 2 2 2 2 2 2 8 10 2 2 10 2 8
left_child=3 2 -2 -1 -5 8 7 -7 9 -3 -11 12 -12 -14
right_child=1 5 -4 4 -6 6 -8 -9 -10 10 11 -13 13 -15
leaf_value=-0.039784627490826313 -0.010028931775410251 0.00098991429545812015 -0.00025674106260917506 -0.014523344537635225 -0.0049387975492631402 -0.019910735245302822 0.011045367208048065 0.0028173025475036685 0.0018953320677259019 0.024590594537741376 -0.011557526042441086 0.026153519038973706 0.017767036243254618 -0.00096746741344916538
leaf_weight=306.71988512948155 4986.6145349517465 8292.0288942009211 29376.172211267054 5252.3969465717673 5955.0650323703885 1953.3183891922235 1493.5155012756586 578.8978973031044 52335.1907556355 2050.9274609982967 1806.9342193603516 1098.2120434194803 2242.6450631469488 2282.9899986237288
leaf_count=4867 29850 33933 165287 52870 54542 8368 6291 2459 221929 8504 7572 4620 9290 9746
internal_value=5.77325e-05 0.00115584 -0.00167735 -0.0102817 -0.00943956 0.00246913 -0.00516019 -0.0147242 0.00290789 0.00588664 0.0101634 0.00615376 0.00264958 0.00833498
internal_weight=120012 108497 34362.8 11514.2 11207.5 74134.7 4025.73 2532.22 70108.9 17773.7 9481.71 7430.78 6332.57 4525.64
internal_count=620128 507849 195137 112279 107412 312712 17118 10827 295594 73665 39732 31228 26608 19036
is_linear=0
shrinkage=0.05


Tree=53
num_leaves=15
num_cat=0
split_feature=0 0 27 71 84 69 54 53 71 71 71 69 69 71
split_gain=445.97 182.726 155.556 98.6124 162.452 102.58 93.718 133.13 111.891 87.7671 84.3247 136.08 83.2019 75.8034
threshold=0.023680896498262886 0.012468064669519665 0.76438334584236156 0.048369815573096282 2.5000000000000004 -0.12003959342837332 0.76449438929557811 -0.27220255136489863 -0.017686145380139347 -0.024940954521298405 -0.060255499556660645 -0.13803395628929135 -0.14871805161237714 -0.0082825054414570314
decision_type=2 2 2 2 2 8 10 10 2 2 2 10 10 2
left_child=1 -1 -3 5 -5 10 7 -7 9 -8 12 -12 -2 -4
right_child=3 2 13 4 -6 6 8 -9 -10 -11 11 -13 -14 -15
leaf_value=-0.026831511847049572 -0.012361080293217421 -0.010401646526794261 0.0034803915238652465 -0.016522186236890737 0.010611271154771919 0.0028830953014786897 0.0058230573760593898 -0.0017642927866747327 0.0030814436871348665 0.023474277133540309 0.031020808519694493 0.0056555229583075024 0.014605573159424535 -0.0039091623870507802
leaf_weight=950.31591824814677 633.28319665789604 8262.122003056109 4479.6041435971856 1735.7739880234003 798.3076705634594 32214.700964510441 1608.0149049758911 29522.962352350354 20562.544982746243 1255.7192778140306 910.99907702207565 1254.7820152789354 505.05838450789452 15296.909609295428
leaf_count=14590 2575 65080 28758 7582 3446 137114 6574 136921 88077 5182 3706 5171 2055 113749
internal_value=1.94514e-05 -0.00538026 -0.00464391 0.00173995 -0.00796627 0.00201884 0.00168278 0.000660788 0.0043747 0.0136177 0.0106496 0.0164185 -0.000373541 -0.00223443
internal_weight=119991 28989 28038.6 91002.1 2534.08 88468.1 85163.9 61737.7 23426.3 2863.73 3304.12 2165.78 1138.34 19776.5
internal_count=620580 222177 207587 398403 11028 387375 373868 274035 99833 11756 13507 8877 4630 142507
is_linear=0
shrinkage=0.05


Tree=54
num_leaves=15
num_cat=0
split_feature=0 73 71 0 4 27 53 73 84 73 84 74 74 74
split_gain=429.917 142.04 160.124 125.498 106.161 106.009 98.5372 119.698 94.2966 92.6571 85.8628 126.012 167.926 146.375
threshold=0.018735888414084915 0.66733390092849743 0.051627470180392272 0.01037111133337021 0.12500000372529033 0.89961436390876781 -0.27497917413711542 0.31657269597053533 1.5000000000000002 0.32778233289718633 1.0000000180025095e-35 0.020718611776828769 0.0021378471283242111 -0.015850028023123738
decision_type=2 2 2 2 8 2 10 2 2 2 2 2 2 2
left_child=3 2 6 -1 -3 -5 -2 10 -4 -9 -8 12 13 -12
right_child=1 4 8 5 -6 -7 7 9 -10 -11 11 -13 -14 -15
leaf_value=-0.041112339079954208 0.0047481119740504334 -0.0051731875052660591 -0.025150524403646443 -0.013480201808069178 0.00073180806172402598 -0.0036599048349548729 0.017326412588262469 -0.019991747155765998 -0.00028923836091414729 0.00019798775397263411 0.0124586064821883 -0.018098149234905599 0.019690783436332647 -0.0065486318357684736
leaf_weight=289.77281080186367 30408.198377929628 13222.38271650672 822.43008056282997 5186.9885760731995 17913.020044505596 5854.112703487277 1510.5893713459373 567.15868554264307 704.37792061269283 36905.855149336159 1665.8733471333981 572.07772585749626 1664.4805593639612 2550.6327160820365
leaf_count=4870 130132 73790 3641 53196 76653 53868 6731 2667 3067 182706 7244 2488 7506 11423
internal_value=0.000106557 0.00107461 0.00222211 -0.00915652 -0.00177674 -0.0082814 0.00254557 0.00107081 -0.0137575 -0.000112838 0.0066336 0.0041076 0.00629474 0.00097253
internal_weight=119838 108507 77371.7 11330.9 31135.4 11041.1 75844.9 45436.7 1526.81 37473 7963.65 6453.06 5880.99 4216.51
internal_count=619982 508048 357605 111934 150443 107064 350897 220765 6708 185373 35392 28661 26173 18667
is_linear=0
shrinkage=0.05


Tree=55
num_leaves=15
num_cat=0
split_feature=2 57 27 72 68 72 71 71 73 70 2 72 68 73
split_gain=247.151 144.875 176.406 149.382 124.746 129.501 114.897 114.886 104.134 103.876 99.9862 99.7371 205.372 103.749
threshold=0.015827028080821041 0.016068315133452419 0.73149186372756969 0.0064592105336487302 0.051386155188083656 0.017020166851580146 0.013157180976122619 0.018401729874312881 0.49850323796272283 -4.1544528357917436e-05 0.0089192357845604437 0.0065863379277288922 0.022985205054283146 0.68564194440841686
decision_type=2 10 2 10 10 10 2 2 2 2 2 10 10 2
left_child=10 2 -2 6 11 7 -3 -6 -8 -10 -1 12 -5 -14
right_child=1 3 -4 4 5 -7 8 -9 9 -11 -12 -13 13 -15
leaf_value=-0.036713168110862421 -0.0080849552222696259 -0.0036277149779397333 0.00014124804862839378 -0.0078189915522893141 -0.010027291137665826 -0.026025700409685472 0.029292644276622922 0.0073825876292602805 0.019233797400064576 -0.0016847614425617278 -0.0077052171173206709 0.0031905344202147732 0.047710339340972026 0.015274527709609071
leaf_weight=301.28204912319779 9406.7518802806735 17717.251217767596 21163.554824382067 583.24156280606985 1959.3372264578938 627.32332277297974 414.21794011443853 1816.6893542557955 754.83785653114319 2642.6810331940651 6981.0295496955514 54313.11694586277 428.66923328489065 596.42452103644609
leaf_count=4926 52420 88170 112289 2801 8927 2732 2001 7996 3779 13026 73141 242953 2041 2800
internal_value=-3.3874e-05 0.000544677 -0.00239184 0.00164155 0.00291747 -0.00517707 -0.0019333 -0.00165382 0.00593135 0.00300559 -0.00895403 0.00355566 0.0157899 0.0291683
internal_weight=119706 112424 30570.3 81853.8 60324.8 4403.35 21529 3776.03 3811.74 3397.52 7282.31 55921.5 1608.34 1025.09
internal_count=620002 541935 164709 377226 270250 19655 106976 16923 18806 16805 78067 250595 7642 4841
is_linear=0
shrinkage=0.05


Tree=56
num_leaves=15
num_cat=0
split_feature=57 23 51 15 70 69 57 53 14 70 69 23 13 53
split_gain=228.278 183.944 107.803 61.0377 59.8133 139.109 125.662 56.9263 96.4632 82.0837 68.8533 56.8502 52.5889 47.4173
threshold=0.0089931674301624315 0.023736183531582359 -0.049255991354584687 26.857818603515629 -0.044312106445431702 -0.13803395628929135 0.081673044711351409 -0.33000591397285456 0.10910252481698991 -0.013830194249749182 0.034879148006439216 0.010582234244793655 0.16020391881465915 -0.19423895329236981
decision_type=10 2 10 8 2 8 10 10 10 2 10 2 8 8
left_child=1 3 4 -1 -2 6 -6 12 -9 10 -10 13 -7 -4
right_child=2 -3 11 -5 5 7 -8 8 9 -11 -12 -13 -14 -15
leaf_value=-0.0057310838294041839 -0.013788785952638681 0.0027878653012766551 0.0037859573862112487 -0.012782310019573889 0.03195729603758915 0.0036998651508836616 0.0032849022916311178 -0.00097314534683337704 0.0030204425859974514 0.0026411141819219024 0.024906057953715918 0.0022094118555414416 -0.012059064800217709 -0.0045934841558873665
leaf_weight=9399.3498931527138 602.10788372904062 5436.5218140669167 1899.5721679143608 4573.4372061789036 713.57542584836483 27438.205443236977 815.26173208653927 32762.970788784325 654.96420628577471 13946.320241346955 794.75875937193632 5549.5121602676809 530.28982842713594 14700.100290820003
leaf_count=64858 2525 25285 9357 32390 2927 117937 3302 167379 2786 62672 3442 27723 2197 96091
internal_value=-4.95183e-05 -0.00501195 0.000910148 -0.00804651 0.00178172 0.00190421 0.0167883 0.00160313 0.000560925 0.00382396 0.0151069 -0.00216875 0.00339687 -0.00363289
internal_weight=119817 19409.3 100408 13972.8 78258.5 77656.3 1528.84 76127.5 48159 15396 1449.72 22149.2 27968.5 16599.7
internal_count=620871 122533 498338 97248 365167 362642 6229 356413 236279 68900 6228 133171 120134 105448
is_linear=0
shrinkage=0.05


Tree=57
num_leaves=15
num_cat=0
split_feature=2 73 2 73 68 68 14 8 14 9 74 73 68 73
split_gain=217.791 169.668 123.452 104.29 104.93 115.56 104.353 101.554 68.7893 68.5351 64.3515 61.0944 117.582 113.739
threshold=0.025585096329450611 0.45992848277091986 0.010355446953326465 0.44426245987415319 0.017742124386131767 -0.015703483484685418 0.047116655856370933 1.0000000180025095e-35 -0.061215814203023904 -0.0049336575902998439 -0.0030673610744997855 0.6410336196422578 0.037134038284420974 0.64713975787162792
decision_type=2 2 2 2 10 8 8 2 8 2 2 2 10 2
left_child=1 3 -3 4 5 6 -1 8 -4 -8 -6 12 -2 -13
right_child=11 2 7 -5 10 -7 9 -9 -10 -11 -12 13 -14 -15
leaf_value=-0.0015749347529059451 0.0020255220121813268 -0.028396140206118428 0.0010788548436818739 0.017190025636224758 0.033960621733688426 -0.0075260634216335375 0.018641101595750866 0.0023030365756321713 -0.0064404924850857709 0.00042193350347956884 0.0036902297102939861 -0.01644564247006787 0.013279738634775938 0.00026091016297772473
leaf_weight=3447.7905820347369 48272.106036216021 529.77350245416164 3486.3753202930093 1077.1448661535978 357.30308749526739 3603.8045456111431 1458.5664126910269 4955.5944282338023 23690.521053884178 796.65404068678617 341.58545904606581 1053.449780613184 2428.6332213133574 24239.196867570281
leaf_count=18493 203359 8420 20712 6899 2317 22500 7678 35751 167724 5011 2153 4543 10317 104866
internal_value=-5.18754e-05 -0.00286208 -0.0046756 0.00248195 0.000882994 -0.000528879 0.00389816 -0.0042758 -0.00547583 0.0122355 0.0194266 0.00156596 0.00256713 -0.00044115
internal_weight=119738 43745.1 32662.3 11082.8 10005.7 9306.82 5703.01 32132.5 27176.9 2255.22 698.889 75993.4 50700.7 25292.6
internal_count=620743 297658 232607 65051 58152 53682 31182 224187 188436 12689 4470 323085 213676 109409
is_linear=0
shrinkage=0.05


Tree=58
num_leaves=15
num_cat=0
split_feature=0 27 57 0 68 27 74 68 74 57 74 68 68 70
split_gain=334.095 101.479 153.302 88.0513 79.6983 75.7452 74.9101 71.912 93.0268 113.788 98.0298 72.2652 235.435 321.792
threshold=0.017692252062261108 0.65456205606460582 0.018007689155638221 0.01037111133337021 -0.081325836479663835 0.89629167318344127 -0.04474180564284324 -0.074138201773166643 -0.015850028023123738 0.084688778966665282 -0.02498772460967302 -0.028726507909595963 -0.024779885075986382 0.0011106399470008912
decision_type=2 2 10 2 10 2 2 8 2 10 2 8 8 2
left_child=3 2 -2 -1 -4 -5 -3 8 10 -10 -8 -9 13 -13
right_child=1 6 4 5 -6 -7 7 11 9 -11 -12 12 -14 -15
leaf_value=-0.037646145582779372 -0.0085216632716258144 -0.016381904823189648 0.018688690387869536 -0.013953759250638643 -0.00032109744275829314 -0.0042549709514052275 0.00449218444066326 -0.0028110173233745414 0.012519593199283963 -0.011120868609318817 0.034002872948309414 0.051014584606103176 0.0014024301386466548 -4.0339682204495831e-05
leaf_weight=264.12769416347146 6957.0398030355573 578.407455727458 561.54343636333942 3765.5202441290021 15604.925016000867 4340.0956278555095 528.63843134045601 9730.8040457293391 1193.6998011469841 872.30592964589596 600.32024121284485 559.46966059505939 73326.098199509084 673.77748968452215
leaf_count=4847 37465 2428 2320 41941 70811 43345 2163 42585 4944 3526 2471 2485 355748 3034
internal_value=-9.98071e-05 0.000625722 -0.00232145 -0.00972728 0.000350354 -0.00877225 0.00139976 0.00151918 0.00887065 0.00253266 0.0203452 0.00123951 0.00176845 0.0233451
internal_weight=119557 111187 23123.5 8369.74 16166.5 8105.62 88063.5 87485.1 3194.96 2066.01 1128.96 84290.1 74559.3 1233.25
internal_count=620113 529980 110596 90133 73131 85286 419384 416956 13104 8470 4634 403852 361267 5519
is_linear=0
shrinkage=0.05


Tree=59
num_leaves=15
num_cat=0
split_feature=4 73 54 73 73 54 74 57 8 73 73 74 74 73
split_gain=211.64 170.548 137.745 125.225 121.224 92.1052 88.8485 70.7583 70.0104 64.4014 64.9018 103.892 97.9759 73.104
threshold=0.091666668653488173 0.68564194440841686 0.46978406608104711 0.30249074101448065 0.15441858023405078 1.0000000180025095e-35 0.017202852293848995 0.057663613930344589 1.0000000180025095e-35 0.85966211557388317 0.81560149788856517 0.013344080187380316 -0.002982269623316824 0.71822267770767223
decision_type=8 2 8 2 2 10 2 8 2 2 2 2 2 2
left_child=1 2 4 -4 7 -3 -5 -1 -6 10 13 12 -12 -2
right_child=9 5 3 6 8 -7 -8 -9 -10 -11 11 -13 -14 -15
leaf_value=0.020598836646632843 0.0026053141438405984 -0.020687962629642672 0.02317258841496718 0.0015051160891278094 -0.0042568393809494934 -0.0061521235420122188 0.025420942706836938 0.00083627418762056657 0.0041390687247557104 -0.0068149883365166784 0.021008666643395554 0.030886572350200116 -0.0013277946754708904 -0.0022244639097461607
leaf_weight=823.13449527323246 52088.303783603013 1214.5180391669273 762.42303016036749 10894.495509125292 25468.110841218382 10133.239212714136 392.79199098050594 994.43622760102153 2743.1070522554219 2025.0259705074131 686.89245551079512 468.1684161759913 1657.6303591281176 9213.6561577916145
leaf_count=3855 219529 9339 3767 67434 156114 72135 2161 4184 19943 9377 2994 2004 7319 40539
internal_value=5.26687e-05 -0.00228765 -0.000819901 0.0036942 -0.00263191 -0.0077247 0.00235914 0.00985001 -0.00343929 0.00194319 0.00222083 0.0096346 0.00527772 0.00187916
internal_weight=119566 53426.3 42078.5 12049.7 30028.8 11347.8 11287.3 1817.57 28211.2 66139.7 64114.7 2812.69 2344.52 61302
internal_count=620694 338932 257458 73362 184096 81474 69595 8039 176057 281762 272385 12317 10313 260068
is_linear=0
shrinkage=0.05


Tree=60
num_leaves=15
num_cat=0
split_feature=0 73 69 69 69 71 71 84 73 54 71 69 54 68
split_gain=310.618 141.361 300.296 163.928 153.304 198.949 179.466 131.108 128.74 124.448 120.817 145.975 119.23 105.669
threshold=0.017692252062261108 0.68564194440841686 0.13544805347919467 -0.038954747840762131 0.11515964940190317 0.012974427081644537 0.042148336768150337 1.5000000000000002 0.66095155477523815 0.46978406608104711 -0.017686145380139347 0.032231312245130546 0.72409415245056163 0.0048870842438191184
decision_type=2 2 10 8 10 2 2 2 2 8 2 8 10 8
left_child=-1 2 4 -3 6 -6 9 -8 -4 -2 11 -11 -5 -13
right_child=1 3 8 12 5 -7 7 -9 -10 10 -12 13 -14 -15
leaf_value=-0.0094108961665332405 0.00071622813741406891 0.023796475177562601 0.042484203985433844 -0.0054484634626265939 -0.010715298879098539 0.0068562108723792016 -0.021025306131218974 0.00036350359130202204 0.0065861974085362754 0.0022424235313726086 0.0033289689647701612 0.023560505828587611 0.0016155889069219519 0.0043956564482426482
leaf_weight=8299.5926390513778 42188.513965919614 569.79831793159246 620.68791397660971 17788.651687555015 5356.9621381983161 2293.6954754292965 1417.6917103230953 1437.5367310196161 420.51311026513577 2593.8985307216644 23934.613950446248 2442.9251353666186 8985.0119301453233 1025.1803432181478
leaf_count=90278 202970 2637 2980 92208 25784 11072 6497 6373 2033 10815 110931 10459 40415 4443
internal_value=-8.63274e-05 0.00061119 0.00163048 -0.00250959 0.00129274 -0.00544522 0.00198033 -0.0102929 0.0281865 0.00246715 0.00492866 0.0112288 -0.00307811 0.0179243
internal_weight=119375 111076 83732.2 27343.5 82691 7650.66 75040.4 2855.23 1041.2 72185.1 29996.6 6062 26773.7 3468.11
internal_count=619895 529617 394357 135260 389344 36856 352488 12870 5013 339618 136648 25717 132623 14902
is_linear=0
shrinkage=0.05


Tree=61
num_leaves=15
num_cat=0
split_feature=57 27 72 1 69 27 72 72 69 72 70 72 70 74
split_gain=179.851 165.139 140.097 112.897 96.7916 79.048 63.7566 103.097 154.482 77.3551 88.5922 72.8008 76.76 87.5892
threshold=0.018461651168763641 1.0120325088500979 0.0063193386886268863 0.010234802030026914 0.015642936341464523 0.54760316014289867 0.0056083500385284433 0.0051020644605159768 0.12782794237136844 0.0053569187875837096 -0.0014947883319109676 0.0058862892910838136 -0.0038064969703555103 -0.0003306776779936626
decision_type=10 2 10 10 8 2 8 10 10 10 2 10 2 2
left_child=1 3 4 -1 -2 -5 7 8 -6 10 -9 -8 -13 -14
right_child=2 -3 -4 5 6 -7 11 9 -10 -11 -12 12 13 -15
leaf_value=-0.015067239000536149 0.021258383302398331 0.0016886404140994333 0.0025653833667934429 -0.010751050779247144 -0.0049250741083730308 -0.0027424271035255067 -0.015659785587684317 -0.0012240315643334055 0.024948611453631048 -0.0010394035083308995 0.02134833663786051 -0.015016197371232623 0.013600332466834994 -0.0056402187424097151
leaf_weight=2562.493253596127 417.67581347748637 13588.330758631229 60365.978299383074 3657.084171205759 9891.0854130014777 19373.098705779761 1783.5780549608171 678.59094077721238 442.69233091548085 1926.3994469679892 1194.2982793077826 989.26618089899421 917.74749052897096 1622.3953050933778
leaf_count=30695 2170 79883 274417 20650 54394 108965 9093 3580 2222 10035 6217 5041 4644 8286
internal_value=1.09098e-05 -0.00276542 0.00136693 -0.00513002 -0.00227462 -0.00401827 -0.00279075 -0.00103339 -0.00362242 0.0059996 0.0132068 -0.00745477 -0.00327585 0.00133742
internal_weight=119411 39181 80229.7 25592.7 19863.7 23030.2 19446.1 14133.1 10333.8 3799.29 1872.89 5312.99 3529.41 2540.14
internal_count=620292 240193 380099 160310 105682 129615 103512 76448 56616 19832 9797 27064 17971 12930
is_linear=0
shrinkage=0.05


Tree=62
num_leaves=15
num_cat=0
split_feature=0 73 68 74 71 71 73 71 68 74 68 58 74 68
split_gain=262.704 125.145 147.098 108.319 106.69 127.573 236.953 160.049 140.431 190.583 129.065 125.161 106.794 105.659
threshold=0.017692252062261108 0.68564194440841686 0.033791629597544677 -0.002982269623316824 0.042148336768150337 0.029663254506886009 0.44916975498199468 0.016166814602911476 -0.0024913050001487132 0.0078995502553880232 0.0094100432470440882 0.0049984839279204616 -0.0051671923138201228 0.028709637932479385
decision_type=2 2 10 2 2 2 2 2 8 2 10 2 2 10
left_child=-1 2 4 -3 5 7 8 11 9 -7 -8 -2 -9 -14
right_child=1 3 -4 -5 -6 6 10 12 -10 -11 -12 -13 13 -15
leaf_value=-0.0087456903355445561 0.000114274136456016 0.0036367225144767674 0.0074968696081803426 -0.0040707475805876877 -0.0085752759704990997 0.024601197151449299 0.039502772912387102 -0.023419786341844523 -0.023003751686996268 -0.015946796247900623 0.012222446204948098 0.0052453299596698505 -0.001724295240226658 -0.020594504135319311
leaf_weight=8224.6801361404359 44748.533989697695 5779.6910068243742 9015.8495645225048 21448.674304150045 2942.9727954939008 657.11729074269533 699.90782971680164 804.88021078705788 573.40848256647587 503.28780131787062 1150.3779357597232 16173.141560040414 5652.3253857642412 844.30033642798662
leaf_count=90497 212703 27728 43481 107211 13297 2888 3227 3715 2613 2244 5688 73357 27071 4174
internal_value=-0.000129006 0.000510219 0.00146741 -0.00243397 0.000739275 0.00112217 0.0103036 0.000638383 -0.00297853 0.00702884 0.0226987 0.00147708 -0.00635187 -0.00420455
internal_weight=119219 110994 83766.1 27228.4 74750.3 71807.3 3584.1 68223.2 1733.81 1160.41 1850.29 60921.7 7301.51 6496.63
internal_count=619894 529397 394458 134939 350977 337680 16660 321020 7745 5132 8915 286060 34960 31245
is_linear=0
shrinkage=0.05


Tree=63
num_leaves=15
num_cat=0
split_feature=4 73 69 69 54 71 71 54 72 72 53 69 58 27
split_gain=188.345 158.428 366.276 150.293 163.819 156.982 145.564 119.75 111.82 146.115 107.989 99.6306 81.7525 76.9301
threshold=0.12500000372529033 0.68223786354064953 0.13364221900701526 0.107115026563406 0.50868558883667003 -0.017686145380139347 0.042148336768150337 1.0000000180025095e-35 0.006978219375014306 0.0074609280563890943 -0.048859726637601845 0.085437994450330748 0.0021115513518452649 0.6328435242176057
decision_type=8 2 10 10 8 2 2 10 10 10 10 8 2 2
left_child=1 2 3 4 6 11 10 -3 -5 -10 12 -6 -1 -9
right_child=-2 7 -4 8 5 -7 -8 13 9 -11 -12 -13 -14 -15
leaf_value=-0.0023163251395422906 0.0019737015711483205 -0.020071292683328811 0.037205461079486628 -0.015337227320832285 0.011331796076158909 0.0024688117245158601 -0.021506785498533125 -0.013798512655424498 0.016909233932323142 -0.0078233018959128209 -0.0093828460818520497 0.03764276479668309 0.0033103761263254304 -0.003386254410696204
leaf_weight=17633.616952072829 54581.597596682608 1473.3255328163505 619.97513402253389 3001.3939828649163 1360.8759092278779 9049.7835876606405 909.36360768228769 2108.434979557991 771.32961007207632 2524.7830083556473 3660.2320554964244 486.84942353889346 10170.483153495938 10990.101148180664
leaf_count=97172 228253 10882 3751 19193 6461 53492 4835 14840 4718 14718 31720 2477 54499 73389
internal_value=-0.000189728 -0.00201314 -0.000680084 -0.00116134 -0.000110273 0.00518947 -0.0018953 -0.00660085 -0.00837179 -0.00200195 -0.00132185 0.0184297 -0.00025768 -0.00507153
internal_weight=119342 64760.5 50188.7 49568.7 43271.2 10897.5 32373.7 14571.9 6297.51 3296.11 31464.3 1847.73 27804.1 13098.5
internal_count=620400 392147 293036 289285 250656 62430 188226 99111 38629 19436 183391 8938 151671 88229
is_linear=0
shrinkage=0.05


Tree=64
num_leaves=15
num_cat=0
split_feature=4 73 69 53 5 69 73 69 73 69 71 69 73 69
split_gain=169.347 124.836 158.459 105.308 90.2672 85.5487 198.663 99.701 72.9443 103.31 103.735 71.4938 71.2288 217.037
threshold=0.058333335444331176 0.47120265662670141 0.13680395483970645 -0.14678697288036344 0.71724092960357677 -0.037229469045996659 0.15441858023405078 -0.13153804093599317 0.85966211557388317 0.067052286118268981 0.019246594049036506 0.154151126742363 0.31657269597053533 0.03979728743433953
decision_type=8 2 8 8 2 10 2 10 2 10 2 8 2 10
left_child=1 2 5 -3 -2 7 -7 -1 -6 10 -10 -5 13 -8
right_child=4 3 -4 11 8 6 12 -9 9 -11 -12 -13 -14 -15
leaf_value=0.012011392276103898 -0.015664053723428953 0.00031394863341425278 0.026082879907675733 -0.0058793198602046324 0.0016564144077802552 0.036907811835496414 0.00020522235431905697 -0.013227017585725309 -0.014572204764425195 -0.029285887832337255 0.0095727417874976045 -0.016763934558146655 -0.0022540896911352223 0.033535941735057022
leaf_weight=476.84397761896253 772.41321494057775 7062.8960722945631 596.77230123057961 16447.335843898356 77740.617302440107 380.96347943693399 2411.0318664088845 2012.7339756265283 854.35365787148476 428.78588478267193 906.9159477725625 1655.7248437143862 6847.0878146439791 602.52233872562647
leaf_count=2072 3658 43227 3935 133042 340138 1882 12638 10038 4308 2079 4143 13661 42355 3034
internal_value=-6.4322e-05 -0.00279272 0.00111942 -0.00486422 0.00123726 -7.02906e-05 0.00195203 -0.00836424 0.00140253 -0.00757634 -0.00215559 -0.00688354 0.000565502 0.00695816
internal_weight=119197 38493.9 13328 25166 80703.1 12731.2 10241.6 2489.58 79930.7 2190.06 1761.27 18103.1 9860.64 3013.55
internal_count=620210 265884 75954 189930 354326 72019 59909 12110 350668 10530 8451 146703 58027 15672
is_linear=0
shrinkage=0.05


Tree=65
num_leaves=15
num_cat=0
split_feature=0 72 68 72 68 68 69 72 70 72 69 72 4 74
split_gain=235.158 99.7495 142.923 154.475 131.418 181.659 248.873 240.863 124.398 122.577 202.662 212.377 115.996 116.794
threshold=0.01757542043924332 0.0062138757202774295 0.051386155188083656 0.016811436042189602 0.033791629597544677 0.038457298651337631 -0.042015798389911645 0.0065863379277288922 -0.0028955959714949127 0.0056083500385284433 0.13544805347919467 0.0051020644605159768 0.12500000372529033 0.00097623257897794258
decision_type=2 10 10 10 10 10 10 10 2 8 10 10 10 2
left_child=-1 9 4 8 -3 7 -7 -6 -4 10 11 -2 -10 -14
right_child=1 2 3 -5 5 6 -8 -9 12 -11 -12 -13 13 -15
leaf_value=-0.0082809132296529347 -0.0042083670539759168 0.0011633315473494935 -0.018922792953714004 -0.023665117115473824 0.040818048677934343 0.028292578619132421 0.0003533166202947361 0.0095660703140442623 -0.0095000664640737444 -0.0078240932868008217 0.0246345905561773 0.0077828122976712107 0.021262454777258587 0.00049386786724303015
leaf_weight=7846.8310327939689 14043.873346604407 63739.215662449598 944.13088949024677 973.27390769124031 746.96316413581371 864.35600386559963 9018.3556609004736 3383.9494693726301 1808.3008327782154 6739.7507154420018 789.73229482024908 4998.5890250653028 918.77764970809221 2498.2924453616142
leaf_count=88199 74099 293862 4396 4383 3687 4097 43131 16505 10335 34324 3853 25579 3920 10721
internal_value=7.9683e-05 0.000668923 0.0015057 -0.00525827 0.00212767 0.00650988 0.00282305 0.0153021 -0.00232089 -0.00200409 -2.32772e-05 -0.00105829 0.000709191 0.00612385
internal_weight=119314 111468 84895.6 7142.78 77752.8 14013.6 9882.71 4130.91 6169.5 26571.9 19832.2 19042.5 5225.37 3417.07
internal_count=621091 532892 395037 33755 361282 67420 47228 20192 29372 137855 103531 99678 24976 14641
is_linear=0
shrinkage=0.05


Tree=66
num_leaves=15
num_cat=0
split_feature=0 0 71 70 70 73 74 70 74 73 74 70 84 74
split_gain=206.283 102.115 98.7226 113.071 215.697 110.991 94.7455 116.672 116.957 186.809 135.847 113.835 147.118 143.186
threshold=0.019284108653664592 0.01037111133337021 0.0019161274540238085 -0.0085004726424813253 -0.0073174638673663131 0.68223786354064953 0.0092724086716771143 0.011871221940964462 0.0075109722092747697 0.5419357717037202 0.0057009411975741395 0.020869231782853607 2.5000000000000004 0.02202530670911074
decision_type=2 2 2 2 2 2 2 2 2 2 2 2 2 2
left_child=1 -1 -2 -4 -5 6 7 8 10 -10 -6 12 -8 -13
right_child=2 -3 3 4 5 -7 11 -9 9 -11 -12 13 -14 -15
leaf_value=-0.037164191744627643 0.0023082431511022706 -0.0054922814048801371 -0.010072181072960916 0.02550779214541898 0.0025269187052787204 -0.0035891608339739551 -0.012931374393206144 0.02793990994529269 0.039661984933119385 0.0038869674921561802 -0.0094979089831827377 0.027877001997972634 0.0023511983305834088 -0.0030429715091473911
leaf_weight=250.30623259022832 48400.552555419505 12202.038461934775 3069.5252331420779 792.36697047203779 21594.646912075579 19805.045752637088 3779.7960012257099 435.14314263314009 512.23959496617317 1219.7472156211734 2625.336888872087 580.24358654022217 2689.736462071538 1019.3381163552403
leaf_count=4955 218926 119528 13634 3641 103178 96311 17480 2004 2314 5812 12499 2521 12457 4419
internal_value=-7.15831e-05 -0.00615823 0.000640442 -0.000748535 -0.000226958 -0.000607389 0.00110704 0.00255684 0.00212064 0.0146345 0.0012201 -0.0036313 -0.00658376 0.00827667
internal_weight=118976 12452.3 106524 58123.2 55053.6 54261.3 34456.2 26387.1 25952 1731.99 24220 8069.11 6469.53 1599.58
internal_count=619679 124483 495196 276270 262636 258995 162684 125807 123803 8126 115677 36877 29937 6940
is_linear=0
shrinkage=0.05


Tree=67
num_leaves=15
num_cat=0
split_feature=2 57 72 27 71 68 68 68 71 71 72 69 69 68
split_gain=142.465 116.899 124.181 117.82 88.1812 206.263 280.022 162.543 157.613 151.764 147.022 108.761 144.091 383.261
threshold=0.0097572309896349924 0.010770289227366449 0.0062138757202774295 0.8158058524131776 0.0084506296552717703 0.053030095994472511 0.033791629597544677 0.038457298651337631 0.0089837969280779379 0.0092656523920595663 0.0064295832999050626 0.11515964940190317 0.041767353191971786 -0.021990260109305378
decision_type=2 10 10 2 2 10 10 10 2 2 10 10 10 10
left_child=-1 3 -3 -2 5 6 11 -8 -6 -10 -11 12 -4 -14
right_child=1 2 4 -5 8 -7 7 -9 9 10 -12 -13 13 -15
leaf_value=-0.029050810240786974 -0.0074575992420586297 -0.0021987653061786962 0.00040097028265420099 -0.00011551199570389856 -0.024923615924146603 -0.018482297106393788 0.027264333833174427 0.0086438004489629156 0.026442352983094542 0.023117455997395512 -0.00088631000197832231 -0.007820855007551324 0.04168899960399304 0.0049483408663085031
leaf_weight=408.5620926246047 9090.2692391015589 23762.422500021756 21558.528652761132 13676.039513710886 625.14758868888021 1051.1411156393588 1680.724222432822 3873.3360676243901 532.99273853003979 644.70492225885391 24871.133504334837 2464.7589286193252 737.74586561322212 14114.255039762706
leaf_count=7392 58712 133784 97335 82855 3047 4850 8152 18607 2568 3390 117165 11760 3177 67304
internal_value=6.83691e-05 0.00017105 0.000935603 -0.00304909 0.001968 0.00330638 0.00382592 0.0143175 -0.0003144 0.000285535 -0.000270992 0.00232371 0.00301239 0.00680019
internal_weight=119092 118683 95916.9 22766.3 72154.5 45480.5 44429.3 5554.06 26674 26048.8 25515.8 38875.3 36410.5 14852
internal_count=620098 612706 471139 141567 337355 211185 206335 26759 126170 123123 120555 179576 167816 70481
is_linear=0
shrinkage=0.05


Tree=68
num_leaves=15
num_cat=0
split_feature=0 27 0 69 73 69 71 68 58 69 71 73 73 73
split_gain=195.245 148.248 103.916 69.4829 164.08 108.356 88.7591 101.344 76.431 60.1158 59.3886 50.8252 53.8088 87.3802
threshold=0.026289514265954498 1.1903344988822939 0.014243142679333689 0.1269701570272446 0.68344220519065868 0.13364221900701526 0.0076207381207495936 0.051386155188083656 0.0049085838254541167 0.10817828029394151 -0.028331292793154713 0.27296082675457006 0.44426245987415319 0.46228538453578955
decision_type=2 2 2 10 2 10 2 8 2 8 2 2 2 2
left_child=1 2 -1 6 5 -5 7 8 9 10 -4 -12 -13 -14
right_child=-2 -3 3 4 -6 -7 -8 -9 -10 -11 11 12 13 -15
leaf_value=-0.017052642837383641 0.0014011764756116602 0.0026708901679022446 -0.01260572491099876 0.0047050885745712201 -0.0067663501576373649 0.0431348150194251 -0.0082666446729343489 -0.026427605252274895 0.0059517109636287565 -0.011029715244262573 0.015439805076935105 -0.0087028261460579803 0.025497481795237566 -0.00051402072863917852
leaf_weight=1588.4909095466137 80618.493487015367 9029.2453532218933 1111.692036986351 375.45411561429501 1093.8997952714562 353.85489073395729 10084.097629092634 412.57271567732096 2741.3437175154686 2063.2827658206224 468.52085310965776 1914.2260483801365 328.84811516851187 6838.7246272936463
leaf_count=25234 344159 60449 6197 2593 7320 2259 71362 2853 17438 14861 2611 11904 2088 48802
internal_value=3.4899e-06 -0.00293015 -0.00465211 -0.00393732 0.00547621 0.0236821 -0.00460021 -0.0022681 -0.00160699 -0.00323872 -0.0017221 -0.000443348 -0.00127882 0.000713248
internal_weight=119023 38404.3 29375 27786.5 1823.21 729.309 25963.3 15879.2 15466.6 12725.3 10662 9550.32 9081.8 7167.57
internal_count=620130 275971 215522 190288 12172 4852 178116 106754 103901 86463 71602 65405 62794 50890
is_linear=0
shrinkage=0.05


Tree=69
num_leaves=15
num_cat=0
split_feature=73 69 72 74 74 74 72 69 69 54 69 72 74 74
split_gain=123.254 381.706 308.21 143.012 212.325 184.748 146.795 278.468 226.701 141.065 183.519 329.06 225.396 232.647
threshold=0.31657269597053533 0.03979728743433953 0.010240829084068538 0.0016212739865295591 -0.015850028023123738 0.018441225402057174 0.019335029646754268 -0.11277545988559722 -0.067468378692865358 0.72409415245056163 -0.013108383864164351 0.011975087225437166 -0.0059896605089306823 0.0072750300168991098
decision_type=2 10 10 2 2 2 8 10 10 10 8 10 2 2
left_child=1 3 -3 4 -1 -5 7 -6 -9 10 11 -2 -13 -14
right_child=9 2 -4 5 6 -7 -8 8 -10 -11 -12 12 13 -15
leaf_value=0.0065362114549721842 0.026545099503840382 0.011847597350400529 0.06038371971003878 0.014239263670465652 0.013900376213080271 -0.0037153993583132305 -0.027338029371558964 -0.037559276300329861 -0.006108988481905827 0.0024873098251546443 -0.0026523916672936999 -0.014399993537828868 0.016293777996314335 -0.0053950015395810057
leaf_weight=4364.94660179317 1477.2988686896861 987.30838417634368 484.12050526961684 3909.5134246088564 1444.4416705407202 2252.7320688143373 826.47195629402995 688.1243074350059 3230.1121115460992 26078.353508789092 66668.380888026208 1825.0229474715889 2622.3871072232723 2324.3558044731617
leaf_count=18840 7178 4486 2040 17438 6281 9589 3486 3016 14858 117240 385977 8289 11904 10648
internal_value=3.13425e-06 0.00379096 0.0281165 0.00163422 -0.00189978 0.00768019 -0.00785028 -0.00480162 -0.0117139 -0.000679303 -0.00178177 0.00524925 0.000571143 0.00611242
internal_weight=119184 18187.8 1471.43 16716.3 10554.1 6162.25 6189.15 5362.68 3918.24 100996 74917.4 8249.06 6771.77 4946.74
internal_count=621270 80034 6526 73508 46481 27027 27641 24155 17874 541236 423996 38019 30841 22552
is_linear=0
shrinkage=0.05


Tree=70
num_leaves=15
num_cat=0
split_feature=0 27 0 69 73 69 74 74 69 73 53 74 74 71
split_gain=189.21 104.287 126.997 86.7757 198.98 101.481 160.639 140.044 112.291 232.59 114.657 118.057 169.025 145.314
threshold=0.015445953700691463 0.67788404226303112 0.037131877616047866 0.13544805347919467 0.66095155477523815 0.10132142156362535 -0.0049889306537806979 0.019013540819287304 0.041767353191971786 0.31657269597053533 -0.18264872580766675 -0.0014396875631064174 -0.00040419158176518971 0.01405667280778289
decision_type=2 2 2 10 2 8 2 2 10 2 10 2 2 2
left_child=-1 2 -2 5 -5 8 -7 -8 10 -10 11 13 -13 -3
right_child=1 3 -4 4 -6 6 7 -9 9 -11 -12 12 -14 -15
leaf_value=-0.011382379688416615 -0.0055085572904325416 0.00061823009819110195 0.0014060973483680235 0.035968564023740691 0.0039503904252491074 0.0057708917815587936 -0.0062079901035705688 0.017790630724314114 0.025530690168008519 0.0029836788424126466 -0.0041703703572261563 0.028230218580258721 0.0038533795295312085 -0.016120188816595712
leaf_weight=3525.2860022373497 14635.266979724169 8391.7915309742093 12142.785519585013 548.08393368124962 3745.4669386968017 4478.0020079314709 13252.667448349297 627.59986019134521 1176.2022494450212 32214.710643202066 12208.049141228199 757.30979795008898 9799.1591710150242 1523.4613395929337
leaf_count=48812 83763 35994 49435 2629 17911 22150 68854 2851 5111 167949 62424 3299 42692 6568
internal_value=1.17998e-05 0.000360526 -0.00237368 0.00118593 0.00811168 0.000832813 -0.00245485 -0.00511086 0.00174655 0.00378531 -0.000337093 0.00194975 0.00562721 -0.00196725
internal_weight=119026 115501 26778.1 88722.5 4293.55 84429 18358.3 13880.3 66070.7 33390.9 32679.8 20471.7 10556.5 9915.25
internal_count=620442 571630 133198 438432 20540 417892 93855 71705 324037 173060 150977 88553 45991 42562
is_linear=0
shrinkage=0.05


Tree=71
num_leaves=15
num_cat=0
split_feature=57 67 72 73 69 73 27 70 69 74 73 22 54 72
split_gain=112.706 138.938 102.906 128.167 114.634 98.0391 86.2154 74.677 112.759 72.3463 63.1233 60.6345 60.2181 80.9531
threshold=0.012634363491088154 0.019450485706329349 0.0062138757202774295 0.47465904057025915 0.084356073290109648 0.39495027065277105 0.67464014887809765 -0.0016195489442907272 0.11977357789874078 -0.04474180564284324 0.5419357717037202 40.385627746582038 0.58924397826194774 0.0080942544154822844
decision_type=10 2 10 2 8 2 2 2 10 2 2 10 8 8
left_child=1 6 3 5 10 -2 -1 -7 -9 -4 -5 -6 13 -11
right_child=2 -3 9 4 11 7 -8 8 -10 12 -12 -13 -14 -15
leaf_value=-0.01040523190741788 -0.0097924514043612534 0.0033494090523875004 -0.015211058549230988 -0.0095878263017677469 -0.012188605593549316 0.0029224141891291203 -0.0029733930743474773 0.041303328820038891 0.0083726075661179865 0.0047676410165193549 0.0016242724914702614 -0.0040361842927731295 0.0038302940327945532 -0.00040990632504793781
leaf_weight=5274.3956489749253 551.75789784267545 6785.7999540306628 610.43707355484366 1440.7963634058833 3917.5974251180887 853.47995382919908 14975.908404070884 455.64712690189481 603.36297832801938 9796.1797547154129 9307.1111260391772 5477.3086470738053 26130.808093264699 32802.193444646895
leaf_count=36107 3053 31973 2566 8394 20902 4531 103445 2491 3088 52401 54774 29448 115017 152534
internal_value=-1.64755e-06 -0.00283895 0.000832853 -0.00209601 -0.00341373 0.00864533 -0.00491327 0.0139879 0.0227951 0.00178792 0.000113734 -0.00744502 0.0019411 0.000781593
internal_weight=118983 27036.1 91946.7 22607.1 20142.8 2464.25 20250.3 1912.49 1059.01 69339.6 10747.9 9394.91 68729.2 42598.4
internal_count=620724 171525 449199 126681 113518 13163 139552 10110 5579 322518 63168 50350 319952 204935
is_linear=0
shrinkage=0.05


Tree=72
num_leaves=15
num_cat=0
split_feature=0 27 54 71 69 14 70 71 2 0 71 69 71 70
split_gain=147.209 92.2989 85.4315 154.835 131.556 121.084 117.404 85.054 73.7161 73.0858 67.514 136.816 127.552 127.529
threshold=0.016449724324047569 0.55265751481056224 0.51939997076988231 -0.017686145380139347 0.032231312245130546 -0.086770068854093538 0.016821727156639103 0.040163846686482436 0.0089192357845604437 0.03598324395716191 -0.012742594350129364 -0.043922567740082734 0.0014283647760748865 -0.00065787375206127752
decision_type=2 2 8 2 8 10 2 2 2 2 2 10 2 2
left_child=8 9 5 4 -4 7 -5 10 -1 -2 -3 12 -12 -14
right_child=1 2 3 6 -6 -7 -8 -9 -10 -11 11 -13 13 -15
leaf_value=-0.034495682087415526 -0.0078374726255063861 -0.0015321660203920055 0.0010076319135408336 0.00085891986446932651 0.016739672592322976 -0.0018729584040881404 0.015785733212941289 -0.010582902544212671 -0.0068686903025296829 -6.5426587696123219e-05 0.034112410259195779 0.0035572072298040783 -0.010736053637943973 0.021776251257382473
leaf_weight=244.79302516579628 5750.8877433463931 4051.2374601811171 2236.7155547216535 36622.254138581455 3268.8888716250658 40936.088278509676 1356.543101221323 1050.0684429481626 4948.7894885800779 6369.3095264732838 746.27134788781404 10009.227870449424 520.2101943641901 692.70423151552677
leaf_count=4937 32680 16997 9313 173196 13974 217551 5860 4594 61215 25977 3073 45423 2221 2911
internal_value=-1.10524e-05 0.000365572 0.000858172 0.00253337 0.0103618 -0.000397871 0.0013961 0.00313866 -0.00823464 -0.00375659 0.00404414 0.00593139 0.0179811 0.00785819
internal_weight=118804 113610 101490 43484.4 5505.6 58005.8 37978.8 17069.7 5193.58 12120.2 16019.7 11968.4 1959.19 1212.91
internal_count=619922 553770 495113 202343 23287 292770 179056 75219 66152 58657 70625 53628 8205 5132
is_linear=0
shrinkage=0.05


Tree=73
num_leaves=15
num_cat=0
split_feature=0 22 54 71 69 74 73 69 71 71 0 74 71 69
split_gain=140.651 88.7582 87.9561 139.846 123.682 114.87 114.69 107.5 289.449 92.2395 81.573 73.5108 102.828 85.7574
threshold=0.01757542043924332 91.29233551025392 0.46978406608104711 -0.017686145380139347 0.07906664535403253 -0.021567674353718754 0.55444979667663585 -0.13803395628929135 -0.030130613595247265 0.042148336768150337 0.011161927599459888 -0.0059896605089306823 -0.012742594350129364 0.086077798157930388
decision_type=2 8 8 2 8 2 2 10 2 2 2 2 2 8
left_child=10 2 7 4 -4 -5 -6 8 -2 -9 -1 12 -7 -13
right_child=1 -3 3 5 6 11 -8 9 -10 -11 -12 13 -14 -15
leaf_value=-0.029544390579650411 -0.004171346672605711 -0.0050028461063949233 0.0047495931952971299 -0.018952734162471431 0.03144972377668747 -0.010174300929300306 0.0063585833313912045 -0.00057825221974121483 0.039881746350247084 -0.011218428838792226 -0.0054870192624967215 0.0034031678350252845 0.0085879443412142237 -0.0016009404822801207
leaf_weight=361.32470621168613 1001.3770101964474 7181.5666177272797 4610.0505551099777 682.5404604151845 998.50445232540369 822.58728231489658 841.8742595538497 51837.203227721155 582.52893967926502 2110.2384697347879 7197.441717736423 15516.795494414866 6007.8675126209855 19076.651354327798
leaf_count=7377 4086 36743 19333 2891 4255 3660 3633 256112 2399 10044 80344 72103 27243 89964
internal_value=-7.91403e-05 0.000369456 0.000740563 0.00229468 0.00914448 0.00124342 0.0200683 -0.000618534 0.0121791 -0.000996461 -0.00667453 0.00158068 0.00631685 0.000643973
internal_weight=118829 111270 104088 48556.9 6450.43 42106.4 1840.38 55531.3 1583.91 53947.4 7558.77 41423.9 6830.45 34593.4
internal_count=620187 532466 495723 223082 27221 195861 7888 272641 6485 266156 87721 192970 30903 162067
is_linear=0
shrinkage=0.05


Tree=74
num_leaves=15
num_cat=0
split_feature=0 8 0 73 68 68 70 70 73 73 69 71 71 73
split_gain=127.606 80.9781 103.257 80.5194 53.4847 85.5454 133.759 93.3779 88.3208 81.7981 103.539 63.7369 55.7784 122.695
threshold=0.014977000188082458 1.0000000180025095e-35 0.026782554574310783 0.86850854754447948 0.063369292765855803 0.044960986822843559 0.010642533190548422 -0.0016639155801385639 0.15441858023405078 0.6645338535308839 0.081008844077587142 0.01045523537322879 0.0089837969280779379 0.62619060277938854
decision_type=2 2 2 2 8 10 2 2 2 2 10 2 2 2
left_child=-1 2 3 4 5 8 7 -7 -2 -9 -11 12 -10 -14
right_child=1 -3 -4 -5 -6 6 -8 9 11 10 -12 -13 13 -15
leaf_value=-0.010721168945653033 0.017023281395608172 0.0039802912737416929 0.00072821220886828367 -0.02059922523934787 -0.016382393043705736 -0.0089916628614737214 -0.024565722860480445 0.03597106709409869 -0.0023237048568308613 0.024882206565364655 4.385447151865623e-05 -0.0070043444587030703 0.027233277856374239 -0.008706015487445172
leaf_weight=2769.3848979882896 537.04992079734802 12150.463045671582 71483.841314435005 604.92981114983559 653.0493051558733 523.92841108888388 308.37741657346487 356.91468556970358 18592.392322078347 684.6380553394556 1059.5999086052179 8069.286290794611 487.62101929634809 447.16152940690517
leaf_count=41682 2643 64440 303743 4414 4151 3447 2025 2193 118789 4588 7307 54344 3245 3133
internal_value=-0.000133804 0.00011995 -0.000332229 -0.0026768 -0.00232862 -0.00202803 0.00608375 0.00976381 -0.0028757 0.014461 0.00987952 -0.00326897 -0.0017226 0.0101312
internal_weight=118729 115959 103809 32324.9 31720 31067 2933.46 2625.08 28133.5 2101.15 1744.24 27596.5 19527.2 934.783
internal_count=620144 578462 514022 210279 205865 201714 19560 17535 182154 14088 11895 179511 125167 6378
is_linear=0
shrinkage=0.05


Tree=75
num_leaves=15
num_cat=0
split_feature=0 15 0 27 71 27 70 70 69 69 69 26 8 69
split_gain=115.289 95.8002 73.8399 138.967 79.1635 64.5523 57.5835 60.0532 63.2064 73.1236 56.8131 55.7191 48.8497 46.441
threshold=0.015609228983521463 17.227429389953617 0.037131877616047866 1.2035927176475527 0.0076207381207495936 0.83390966057777416 -0.0096167018637061102 0.0085936025716364401 0.13544805347919467 0.14803105592727664 -0.098924212157726274 -0.11796428263187407 1.0000000180025095e-35 -0.071767471730709062
decision_type=2 8 2 2 2 2 2 2 10 8 8 8 2 8
left_child=5 12 3 4 10 -1 -6 8 -8 -10 -3 -9 -2 -12
right_child=1 2 -4 -5 6 -7 7 11 9 -11 13 -13 -14 -15
leaf_value=-0.017051248689356077 0.0018545238063154804 0.011773444216410474 0.0013191988775049445 0.0030924018320509263 -0.023995360111721913 -0.0033890977271592536 -0.0047628729528480527 0.0052104272864397089 0.025600157666698587 -0.0020748200017675395 -0.017371528457470375 -0.013885437932084334 0.0070347117291547053 -0.0013555821449834388
leaf_weight=1391.6582800149918 23956.516909815371 802.29660797119141 34616.705336019397 11746.648919843137 413.47783427685499 2273.647420309484 11504.880443990231 436.15723170340061 370.1763422191143 637.70026472955942 452.40342837572098 2825.9219599142671 5612.4014499485493 21639.884779073298
leaf_count=20954 119870 3482 140816 61330 2122 30562 67061 2149 1986 3477 2133 15838 29252 119189
internal_value=0.000108748 0.000387279 -0.000461658 -0.00167451 -0.00310766 -0.00860868 -0.0057827 -0.00529043 -0.00370966 0.00824138 -0.00121449 -0.0113241 0.00283981 -0.00169127
internal_weight=118680 115015 85446.3 50829.5 39082.9 3665.31 16188.3 15774.8 12512.8 1007.88 22894.6 3262.08 29568.9 22092.3
internal_count=620221 568705 419583 278767 217437 51516 92633 90511 72524 5463 124804 17987 149122 121322
is_linear=0
shrinkage=0.05


Tree=76
num_leaves=15
num_cat=0
split_feature=18 54 53 71 71 73 71 67 73 54 71 71 2 73
split_gain=105.567 115.597 180.815 147.628 89.4498 267.267 128.55 76.1007 70.1382 65.2459 62.8935 142.611 62.3016 54.6079
threshold=63.599555969238288 0.35038423538208013 -0.15829881280660626 -0.017686145380139347 -0.031000258401036259 0.11478942260146142 0.042148336768150337 0.01650984771549702 0.31657269597053533 0.7865220606327058 0.012974427081644537 0.0108777335844934 0.019390258006751541 0.42729598283767706
decision_type=2 8 10 2 2 2 2 2 2 10 2 2 2 2
left_child=1 2 4 12 -1 -6 -7 9 -4 -2 11 -5 -3 -12
right_child=7 3 8 10 5 6 -8 -9 -10 -11 13 -13 -14 -15
leaf_value=-0.0058935864182869876 -0.0079966552606331644 0.024335508201496638 0.0019945199650360135 0.00086660261627071909 0.031891307814010492 0.0016358855069350581 -0.014323358810087129 0.0014723896466945822 -0.0078067733683980208 -0.00064358231325076557 -0.0030407992192859417 -0.011028202749401063 0.0072920410578856667 0.0050863298037006959
leaf_weight=4498.8405591696501 8966.7198056168854 573.00202588364482 2182.3465474583209 26437.293537627906 703.62546275556087 28331.321500457823 1310.6252243369818 5447.2193333134055 11035.104689691216 4546.7990186065435 2474.5026559047401 2775.2573785744607 7085.5300973281264 12362.080456126481
leaf_count=18975 62205 3802 11301 134404 2898 134464 5983 25792 83923 21927 10865 14152 29649 60226
internal_value=-9.59874e-05 0.000554058 -0.00121113 0.00219471 0.000678037 0.00165392 0.000925651 -0.00351495 -0.00618819 -0.00552492 0.00107983 -0.000266818 0.00859728 0.00372972
internal_weight=118730 99769.5 48061.9 51707.7 34844.4 30345.6 29641.9 18960.7 13217.5 13513.5 44049.1 29212.6 7658.53 14836.6
internal_count=620566 510642 257544 253098 162320 143345 140447 109924 95224 84132 219647 148556 33451 71091
is_linear=0
shrinkage=0.05


Tree=77
num_leaves=15
num_cat=0
split_feature=0 27 0 0 54 53 71 73 71 65 68 73 68 73
split_gain=113.205 78.3328 77.2443 72.6507 62.1225 102.836 104.363 203.384 92.9488 79.9309 72.4053 109.382 93.1471 69.6771
threshold=0.017461302690207962 0.54219520092010509 0.034917909651994712 0.01037111133337021 0.46056012809276586 -0.19826467335224149 -0.031000258401036259 0.11478942260146142 -0.017686145380139347 0.15696088224649432 -0.028726507909595963 0.32263550162315374 -0.024779885075986382 0.31657269597053533
decision_type=2 2 2 2 8 10 2 2 2 10 10 2 10 2
left_child=3 2 -2 -1 5 6 -3 -8 9 -6 11 -9 -12 -7
right_child=1 4 -4 -5 8 13 7 10 -10 -11 12 -13 -14 -15
leaf_value=-0.034501927667088282 -0.0083927308749783772 -0.0060489382243450887 2.6753989416181058e-05 -0.005249500453203982 0.010114123204233542 0.0031384863148641883 0.029672028474396952 -0.00042016252803200849 0.0012232612856959626 -0.0061130489974152808 0.022696887376843014 -0.021654532264729423 0.0024204828244645156 -0.0043824454293931135
leaf_weight=209.39148208126426 4842.1929859891534 4067.2440729662776 6211.3920414149761 6959.0254806354642 5291.8462867215276 3718.1161651834846 663.10783745348454 3303.8234732449055 41416.383469179273 878.77835181355476 571.59715412557125 732.93794295936823 21987.499368935823 17747.439866021276
leaf_count=4847 27475 16948 25374 80626 22463 17500 2721 13910 194559 3598 2439 3135 100530 104062
internal_value=-6.48386e-05 0.00032719 -0.00366578 -0.00615085 0.000767212 -0.00041374 0.00141288 0.00252804 0.00207714 0.00779701 0.00184037 -0.00431958 0.00294407 -0.00307887
internal_weight=118601 111432 11053.6 7168.42 100379 52791.8 31326.2 27259 47587 6170.62 26595.9 4036.76 22559.1 21465.6
internal_count=620187 534714 52849 85473 481865 261245 139683 122735 220620 26061 120014 17045 102969 121562
is_linear=0
shrinkage=0.05


Tree=78
num_leaves=15
num_cat=0
split_feature=72 71 72 72 57 23 72 68 53 74 12 68 71 74
split_gain=91.3438 130.461 219.932 92.772 91.9585 82.1545 66.3939 82.6766 60.6992 54.4767 51.3669 51.2839 105.076 50.7863
threshold=0.0046126006636768588 0.016849424690008167 0.0040987152606248864 0.0046515460126101979 0.0089931674301624315 0.024324482306838039 0.0043264497071504602 0.037134038284420974 -0.50229865312576283 0.0039850496686995038 -0.58841848373413075 0.063369292765855803 0.020084842108190063 -0.04474180564284324
decision_type=10 2 8 10 10 2 10 10 10 2 10 10 2 2
left_child=1 6 -3 -2 5 9 7 10 -8 -5 -1 13 -13 -6
right_child=3 2 -4 4 11 -7 8 -9 -10 -11 -12 12 -14 -15
leaf_value=-0.013040345942374616 0.022878876290057949 0.031712595019305276 -0.014067675037871381 -0.0021119607128131102 -0.013059514944389963 0.0024130414252125907 0.0068833630627960765 -0.013624748221589381 -0.015425443555182229 -0.009027758545821064 0.00023369919344264011 -0.016926453419338818 0.0034943729583920406 0.0013287912285839356
leaf_weight=808.92059840634465 450.69438277930021 620.20452529937029 441.68542008474469 6052.8275498598814 607.76209253445268 4808.3255942612886 345.67375088483095 1632.6372424028814 2289.4563849493861 5380.7802940756083 6620.7382265478373 1166.4161060377955 1350.0728347785771 86148.147304743528
leaf_count=5502 2701 4034 2715 42720 2571 22020 1770 9703 15887 35720 44332 5762 6120 419642
internal_value=8.87582e-06 -0.00398616 0.012717 0.000490252 0.000392462 -0.00306698 -0.00551204 -0.0034732 -0.012484 -0.00537166 -0.00122713 0.00102213 -0.0060004 0.0012265
internal_weight=118724 12759.3 1061.89 105965 105514 16241.9 11697.4 9062.3 2635.13 11433.6 7429.66 89272.4 2516.49 86755.9
internal_count=621199 83943 6749 537256 534555 100460 77194 59537 17657 78440 49834 434095 11882 422213
is_linear=0
shrinkage=0.05


Tree=79
num_leaves=15
num_cat=0
split_feature=79 72 71 68 68 69 74 69 68 69 74 74 69 72
split_gain=75.3234 70.0789 141.425 57.0558 90.1479 56.4286 142.955 128.114 440.878 187.629 180.322 196.549 145.472 202.692
threshold=0.026131268590688709 0.0046126006636768588 0.017434364184737209 -0.0020917954389005895 0.0082364007830619829 0.10132142156362535 -0.0042312266305088988 0.041767353191971786 -0.017871867865324017 0.049591720104217536 -0.019179445691406723 -0.015850028023123738 0.027720605023205284 0.0097481328994035738
decision_type=10 10 2 10 10 10 2 8 8 10 2 2 10 10
left_child=-1 2 3 -2 -5 7 -7 12 9 -9 -10 -12 13 -3
right_child=1 5 -4 4 -6 6 -8 8 10 -11 11 -13 -14 -15
leaf_value=-0.0024567873990362318 0.013433409365110697 0.010733432899155147 0.020390338268424044 -0.02522167980499327 -0.0045559481191922904 0.0064124181935424256 -0.0041336608907506884 0.043583057802708713 -0.020684053319626923 0.012706913131444826 0.030829315338533538 0.0025624592497345893 -0.0074531349515154074 -0.00063441498306965002
leaf_weight=24772.103199154139 387.39825541898608 4623.0694073922932 571.0870336741209 557.4394402243197 7701.0057863630354 4285.312508624047 12749.697946567088 898.35250123217702 804.04067622125149 1099.7172097824514 618.82513411343098 28169.228452280164 5922.3585726208985 25515.078066259623
leaf_count=148709 2291 23396 3368 3607 47760 20921 64114 3953 3715 5069 2886 147560 30574 113140
internal_value=-4.8353e-06 0.000642198 -0.00349583 -0.00509532 -0.00597969 0.00109293 -0.00147849 0.00174056 0.00406474 0.026737 0.00252539 0.00318058 -0.000296071 0.00111235
internal_weight=118675 93902.6 9216.93 8645.84 8258.45 84685.7 17035 67650.7 31590.2 1998.07 29592.1 28788.1 36060.5 30138.1
internal_count=621063 472354 57026 53658 51367 415328 85035 330293 163183 9022 154161 150446 167110 136536
is_linear=0
shrinkage=0.05


Tree=80
num_leaves=15
num_cat=0
split_feature=5 4 27 73 73 4 72 71 72 72 68 73 71 72
split_gain=83.4634 76.704 148.937 134.202 89.8036 77.3056 67.1286 120.803 97.2313 145.446 136.299 226.54 87.6102 86.048
threshold=0.71724092960357677 0.22500000149011615 1.0552515983581545 0.15441858023405078 0.84792029857635509 0.025000001303851608 0.016811436042189602 0.014794950373470785 0.014730440452694895 0.013164927251636984 -0.0055076719727367154 0.31214115023612982 0.03201615437865258 0.011299594305455686
decision_type=2 8 2 2 2 10 10 2 10 10 10 2 2 10
left_child=-1 2 3 -2 5 -5 8 -8 9 13 11 -11 -9 -7
right_child=1 -3 -4 4 -6 6 7 12 -10 10 -12 -13 -14 -15
leaf_value=-0.015365173160626364 0.011454519915147498 0.0023251329895413188 0.0022677040167158199 -0.0058470978941719655 -0.016437950762230615 -0.0012808634578380222 0.0024829354716347798 -0.029479019115726837 0.010697386793021407 0.0091982046274163756 0.0028464918980668327 -0.032177429561132342 -0.0063117417972702499 0.0063914851204892476
leaf_weight=855.60438120365143 1761.8153445534408 31578.857077822089 30275.151151012629 11547.339732449502 1126.6394272632897 29816.715376906097 1385.576762560755 785.34936751425266 1787.9359816238284 447.27870056778193 917.37150710821152 1220.7772570252419 852.45383849367499 4154.7735840566456
leaf_count=4762 7520 129521 162996 99813 7506 154106 6172 3660 8295 1917 4347 5707 3939 19860
internal_value=0.000104002 0.000217789 -0.000555487 -0.00208727 -0.00253078 -0.00223163 -0.00122126 -0.0083816 -0.00065465 -0.00121263 -0.0126212 -0.0210941 -0.0175323 -0.000340917
internal_weight=118514 117658 86079.2 55804 54042.2 52915.6 41368.2 3023.38 38344.9 36556.9 2585.43 1668.06 1637.8 33971.5
internal_count=620121 615359 485838 322842 315322 307816 208003 13771 194232 185937 11971 7624 7599 173966
is_linear=0
shrinkage=0.05


Tree=81
num_leaves=15
num_cat=0
split_feature=0 73 27 70 70 8 59 70 73 9 74 74 70 73
split_gain=89.2587 88.2436 95.4616 80.2952 71.9883 68.1743 73.273 84.4381 70.7497 122.193 148.472 219.517 202.41 74.0061
threshold=0.011692701838910581 0.68743640184402477 0.82185235619544994 -0.0014585852622985838 -0.0017418519128113983 1.0000000180025095e-35 1.5000000000000002 0.027393514290452007 0.30249074101448065 0.006865367991849781 0.0016212739865295591 -0.015850028023123738 -0.025290560908615586 0.12987624853849414
decision_type=2 2 2 2 2 2 10 2 2 2 2 2 2 2
left_child=-1 5 3 4 -3 6 7 8 9 10 11 12 13 -2
right_child=1 2 -4 -5 -6 -7 -8 -9 -10 -11 -12 -13 -14 -15
leaf_value=-0.021529763442043458 0.013791116473193253 -0.0017852608343230051 0.00016299932968343492 -0.0079504922050415948 0.019860657413180622 0.0050325184305814652 0.0030301825001009799 -0.021723222149846459 -0.0010998421320852732 -0.0064663697039520768 0.017349961118884871 -0.0058070348095311955 0.028063049609374554 -0.010792434917125565
leaf_weight=469.9921397715807 513.68255150318146 2631.0480228960514 16532.042402654886 9314.9285066537559 439.52978387102485 8788.9149962961674 19866.509230367839 453.71618767082691 49418.290425375104 2413.5997421704233 2212.1410693824291 3513.1445022150874 1214.9033674523234 726.98607835918665
leaf_count=9829 2148 13886 89493 52500 2411 48504 83488 2023 270878 11244 9832 15790 5289 3191
internal_value=-1.20078e-05 7.5485e-05 -0.00232403 -0.00564114 0.0013676 0.000854233 0.000396534 -0.000469121 -0.00030484 0.00340102 0.00631654 0.00220512 0.013645 -0.000585053
internal_weight=118509 118039 28917.5 12385.5 3070.58 89121.9 80333 60466.5 60012.7 10594.5 8180.86 5968.72 2455.57 1240.67
internal_count=620506 610677 158290 68797 16297 452387 403883 320395 318372 47494 36250 26418 10628 5339
is_linear=0
shrinkage=0.05


Tree=82
num_leaves=15
num_cat=0
split_feature=79 54 53 73 73 68 26 73 68 13 53 0 68 73
split_gain=97.8221 86.1846 115.022 68.3645 80.3328 72.9501 74.6919 63.6959 67.0537 62.8878 59.4515 58.7617 58.1148 56.6801
threshold=0.016341791488230232 0.33129347860813146 -0.19826467335224149 0.68223786354064953 0.79190412163734447 0.051063157618045814 0.069173436611890807 0.31657269597053533 -0.021990260109305378 -0.12068118155002593 -0.003427849966101348 0.023680896498262886 0.03649848327040673 0.30249074101448065
decision_type=8 8 10 2 2 10 8 2 10 10 8 2 10 2
left_child=11 2 -2 9 10 -6 -7 -4 -9 -3 12 -1 -5 -11
right_child=1 3 7 4 5 6 -8 8 -10 13 -12 -13 -14 -15
leaf_value=-0.0068644154692757298 0.00083885938817369302 -0.013635155756915705 0.0020658259933215048 0.0036318478816031031 0.010304625828909241 0.0092712690141720979 -0.010391712758902692 -0.019716585487522392 -0.0049984844768913459 0.0080396660165559537 -0.012929437295932586 -0.0012867447523755822 -0.005185652309979639 0.0024786142102032199
leaf_weight=7227.0304126851261 28980.971409831196 549.07084161415696 3069.4476208500564 2932.4520972073078 2423.2061063945293 792.43300027027726 1204.1748333796859 817.34111566841602 12359.767423998564 5326.8865709379315 1454.1398105919361 13605.567385941744 5114.5267595760524 32557.257377929986
leaf_count=64770 130959 2306 15183 15344 12100 3671 5647 4400 89653 22932 8321 60942 24937 158904
internal_value=-0.000114641 0.000549447 -0.00104916 0.00193038 -0.00107118 0.00449127 -0.00258037 -0.0044155 -0.00592567 0.00301758 -0.00366077 -0.00322406 -0.00197189 0.00326247
internal_weight=118414 97581.7 45227.5 52354.1 13920.9 4419.81 1996.61 16246.6 13177.1 38433.2 9501.12 20832.6 8046.98 37884.1
internal_count=620069 494357 240195 254162 70020 21418 9318 109236 94053 184142 48602 125712 40281 181836
is_linear=0
shrinkage=0.05


Tree=83
num_leaves=15
num_cat=0
split_feature=0 27 0 69 27 69 72 69 72 69 74 74 72 70
split_gain=89.1189 76.0874 115.137 89.4489 87.9634 92.977 105.816 276.824 86.571 82.7735 95.1649 201.224 169.308 78.5988
threshold=0.012775254435837271 1.2908593416213991 0.040287425741553314 -0.13803395628929135 0.54760316014289867 0.041767353191971786 0.012679401785135271 -0.022396825253963467 0.014131831005215647 0.025208490900695327 0.0013881663326174023 0.0072750300168991098 0.015535487327724697 0.010524414479732515
decision_type=2 2 2 8 2 10 8 8 8 8 2 2 10 2
left_child=-1 2 3 -2 -5 6 7 -6 -8 10 12 -12 -10 -7
right_child=1 -3 -4 4 5 13 8 -9 9 -11 11 -13 -14 -15
leaf_value=-0.01574037920533513 0.022395125425307777 0.0028457311717027694 0.0020988438896391882 -0.007182999047150195 0.020315045190754121 0.0010987803854228138 -0.01617264725869318 -0.0034654377569567638 0.012953429794504848 -0.022259679134055427 0.026548560183711323 -0.0050799280003444303 -0.017004779246179033 -0.007268732566188589
leaf_weight=875.19765578210354 375.57448337227106 21844.606797393411 30686.977654218674 6693.1216228827834 1351.8611123859882 33495.5495396927 2435.6551354154944 12061.311865318567 622.62236343324184 595.69237533956766 712.09085129573941 1648.7238862849772 1858.4612434208393 3053.0799331106246
leaf_count=16953 1559 107057 124377 38974 6833 199792 12347 69296 2948 2961 3452 7861 8701 16697
internal_value=6.4984e-05 0.000184105 -0.00042437 -0.0016175 -0.00176071 -0.00113207 -0.00375815 -0.00105535 -0.00835558 -0.00483083 -0.00264512 0.00453189 -0.00946501 0.000398005
internal_weight=118311 117435 95590.7 64903.7 64528.2 57835 21286.4 13413.2 7873.25 5437.59 4841.9 2360.81 2481.08 36548.6
internal_count=619808 602855 495798 371421 369862 330888 114399 76129 38270 25923 22962 11313 11649 216489
is_linear=0
shrinkage=0.05


Tree=84
num_leaves=15
num_cat=0
split_feature=54 53 74 72 54 15 74 69 28 72 53 53 69 74
split_gain=72.8436 118.414 73.7798 107.021 70.525 66.899 57.6885 51.4793 54.6191 56.7366 51.9107 50.1476 45.6067 58.0846
threshold=0.66962340474128734 -0.15665987133979795 -0.0073224001098424188 0.0088376142084598559 0.33129347860813146 22.537690162658695 0.017647080123424533 -0.011117002926766871 0.84221363067626964 0.013006654102355244 -0.44621203839778895 -0.066653195768594728 0.069094255566596999 -0.012972702737897633
decision_type=10 10 2 10 10 8 2 8 2 10 8 10 10 2
left_child=1 5 3 12 11 -1 -4 8 -7 -10 -9 -3 -2 -14
right_child=2 4 6 -5 -6 7 -8 10 9 -11 -12 -13 13 -15
leaf_value=0.0024129071043295738 0.0042147289358634007 -0.0038925764011612449 0.00037859504665938644 0.0012238118106300828 -0.00097635486172303627 0.0094618401675732114 0.010088204594036676 0.003459750499098017 0.010940561600755391 -0.0024206485026514774 -0.003310235228628099 -0.010579301734111424 0.03472430751561989 0.013892752039716039
leaf_weight=28572.901880290359 702.8247760348022 9822.3875148594379 23069.109490722418 3151.222876790911 16741.166724380106 2065.2702996879816 1628.4933581501245 3349.8858391307294 954.33609603345394 4502.2648794725537 18040.853278040886 3927.2490241639316 450.55229664221406 1336.416103605181
leaf_count=137481 3070 66071 105835 13260 105434 8779 6952 13836 4165 18887 90263 37982 1954 6076
internal_value=9.00872e-05 -0.00063849 0.00220234 0.00735636 -0.0031567 0.000697504 0.00102264 -0.000997993 0.00255762 -6.80914e-05 -0.0022489 -0.00580878 0.0150821 0.0193091
internal_weight=118315 87976.3 30338.6 5641.02 30490.8 57485.5 24697.6 28912.6 7521.87 5456.6 21390.7 13749.6 2489.79 1786.97
internal_count=620045 482898 137147 24360 209487 273411 112787 135930 31831 23052 104099 104053 11100 8030
is_linear=0
shrinkage=0.05


Tree=85
num_leaves=15
num_cat=0
split_feature=53 54 71 84 71 69 70 53 71 27 71 74 70 71
split_gain=81.6626 116.958 147.347 137.315 127.037 110.411 100.338 88.3746 78.4614 78.3569 72.9219 68.5316 73.5968 71.3253
threshold=-0.28978309035301203 0.33129347860813146 -0.017686145380139347 1.5000000000000002 -0.019872837699949738 0.099234916269779219 0.016821727156639103 -0.11499628797173499 0.011548060458153488 0.47029121220111852 0.039475556463003166 -0.021567674353718754 -0.018269026651978489 -0.054346878081560128
decision_type=8 8 2 2 2 8 2 10 2 2 2 2 2 2
left_child=11 7 3 4 -3 -5 9 10 -8 -4 -2 -1 -13 -14
right_child=1 2 6 5 -6 -7 8 -9 -10 -11 -12 12 13 -15
leaf_value=-0.0067275363355828706 -0.00089409423056856024 0.010727937366830585 -0.0085995744783591913 -0.0027808870339628626 0.038571880925877523 0.018528583879087131 0.026179566991199062 -0.0075790455979011483 0.0032786442862003436 -0.00031099929327417611 -0.01478542097282412 0.021109482548853722 -0.014707871610254306 0.0028679034207588936
leaf_weight=1987.9871724843979 19518.494915623218 2610.3354891464114 3026.2178408317268 3284.8932143114507 479.71240255236626 735.41742179915309 591.24152902886271 8703.6710973680019 998.67848331108689 46858.67797716707 982.90381084382534 531.72465676814318 579.8671420738101 27398.529958613217
leaf_count=8181 107386 11628 15802 14710 2254 3370 2720 72534 4566 251405 4925 2176 2357 116170
internal_value=-2.10521e-06 -0.000776448 0.000512154 0.00725367 0.015161 0.00115346 -0.000420298 -0.00336067 0.0119052 -0.00081544 -0.00156697 0.0022264 0.00285289 0.00249851
internal_weight=118288 87790.2 58585.2 7110.36 3090.05 4020.31 51474.8 29205.1 1589.92 49884.9 20501.4 30498.1 28510.1 27978.4
internal_count=620184 491300 306455 31962 13882 18080 274493 184845 7286 267207 112311 128884 120703 118527
is_linear=0
shrinkage=0.05


Tree=86
num_leaves=15
num_cat=0
split_feature=18 54 71 70 70 12 5 70 70 70 50 71 71 71
split_gain=74.1752 79.2726 117.078 120.669 89.3058 73.3532 72.5933 71.0525 69.7734 159.004 69.1885 68.1151 73.0201 65.3026
threshold=65.807651519775405 0.33129347860813146 -0.017686145380139347 0.018066717311739925 0.016821727156639103 0.030411557294428352 0.80834025144577037 0.015564654953777792 0.0097987498156726378 0.0052992564160376796 0.094915602356195464 -0.031000258401036259 0.042148336768150337 0.012974427081644537
decision_type=2 8 2 2 2 10 2 2 2 2 2 2 2 2
left_child=1 5 3 8 7 11 -2 13 9 -3 -6 -1 -13 -4
right_child=6 2 4 -5 10 -7 -8 -9 -10 -11 -12 12 -14 -15
leaf_value=-0.005714075437557641 -0.025537965511224409 0.0092063579476545088 -0.00073126098340594984 -0.017440628987181815 0.024103293411807402 -0.0061574299263848524 -0.0028211443886731512 -0.015854738288065027 0.023289107217003703 -0.019742474013482891 0.0041363713484620541 0.00097256275748189628 -0.0097103038155060151 0.0032558967620084159
leaf_weight=5074.5122811645269 351.12082173675299 6585.2424096465111 31187.423143148422 459.83074390888214 677.46649109572172 6139.2999869212508 13770.451826296747 656.97627783566713 731.12096152082086 501.79734861850739 1190.5312769338489 34059.227952353656 1668.4062303975224 15298.987647436559
leaf_count=22059 2850 28900 161577 1943 3228 46502 79916 2974 3149 2197 4957 177931 7893 74740
internal_value=-4.28531e-06 0.000456555 0.0017046 0.00720077 0.000775016 -0.00106665 -0.00340365 0.000348995 0.0086705 0.00713171 0.0114676 -0.000299339 0.000471118 0.000581357
internal_weight=118352 104231 57289.4 8277.99 49011.4 46941.4 14121.6 47143.4 7818.16 7087.04 1868 40802.1 35727.6 46486.4
internal_count=620816 538050 283665 36189 247476 254385 82766 239291 34246 31097 8185 207883 185824 236317
is_linear=0
shrinkage=0.05


Tree=87
num_leaves=15
num_cat=0
split_feature=15 73 0 73 71 0 73 68 68 68 73 73 68 73
split_gain=74.1693 82.8124 57.831 49.4153 44.6751 64.6091 46.7953 114.334 78.9091 58.4016 72.7774 77.448 72.5779 88.0443
threshold=23.318488121032718 0.85966211557388317 0.020582651719450954 0.78874629735946666 0.0064842579886317262 0.02888734266161919 0.30249074101448065 -0.028726507909595963 -0.028726507909595963 0.011834083124995233 0.53385818004608165 0.50754529237747203 -0.014353075530380009 0.36005610227584844
decision_type=8 2 2 2 2 2 2 10 10 10 2 2 10 2
left_child=-1 2 -2 4 6 -6 8 -8 -4 10 11 12 13 -9
right_child=1 -3 3 -5 5 -7 7 9 -10 -11 -12 -13 -14 -15
leaf_value=0.0011934386883289913 -0.0053113703553871842 -0.014360784019530261 0.0021023544472266865 0.0056219636863961281 -0.0075397118586009284 -0.00088007031942799973 -0.016235960479310998 0.022535648385193903 0.018903056823856876 0.0027077384718605713 -0.011873253899145302 0.014871080542187427 -0.0064851858507320188 -0.0015738883566089293
leaf_weight=63135.462986722589 6867.0500543788075 1180.5657901205122 5761.7945211678743 3164.4122935384512 5048.9295148029923 13014.023085385561 1111.7921301871538 536.16023944318295 785.96889548003674 10228.324016205966 1781.8668713569641 720.03087002038956 3660.6230709329247 1231.008269533515
leaf_count=334007 66610 6774 24089 14576 28426 54893 4816 2321 3300 47103 8035 3254 16419 5415
internal_value=2.36718e-05 -0.00131684 -0.00102859 -0.000402451 -0.000838079 -0.00274471 0.000496415 -0.000744791 0.0041448 0.000212129 -0.00300626 -0.000421165 -0.00247339 0.00582661
internal_weight=118228 55092.5 53912 47044.9 43880.5 18063 25817.6 19269.8 6547.76 18158 7929.69 6147.82 5427.79 1767.17
internal_count=620038 286031 279257 212647 198071 83319 114752 87363 27389 82547 35444 27409 24155 7736
is_linear=0
shrinkage=0.05


Tree=88
num_leaves=15
num_cat=0
split_feature=0 5 54 53 54 71 69 68 74 68 74 72 74 70
split_gain=84.7433 66.1526 65.6675 95.0886 65.153 55.4672 80.9681 238.94 170.899 158.61 142.488 132.068 121.298 297.902
threshold=0.011692701838910581 0.71724092960357677 0.69614091515541088 -0.11642924323678015 0.27179390192031866 0.048369815573096282 -0.011117002926766871 -0.012698640115559099 -0.0094495052471756918 -0.0039589225780218831 0.013596884906291963 0.017020166851580146 0.0063494150526821622 -0.0027122492901980873
decision_type=2 2 10 10 10 2 8 10 2 10 2 10 2 2
left_child=-1 -2 3 5 -5 6 7 12 -9 -10 11 -11 13 -3
right_child=1 2 -4 4 -6 -7 -8 8 9 10 -12 -13 -14 -15
leaf_value=-0.021427023826767446 -0.013889608698161937 0.0019994949318417913 0.0023279977933815714 -0.0078006597441492272 -0.0016474016822326085 -0.0084409742131423323 -0.00019821111330760359 -0.0085567515563994886 0.041664341749317275 0.02760548380984424 -0.0077725065366241256 0.0016745419653724808 0.0082607396925014395 -0.021724852340983734
leaf_weight=446.57847725972533 822.4256263487041 5799.2993718758225 28796.39756051451 5746.7737368680537 17055.186095934361 1661.87450652197 48786.285146612674 685.46033098548651 608.79621424525976 1542.1052853316069 606.90636352449656 720.22125661373138 3154.2229015603662 1703.8274226337671
leaf_count=9828 3958 24564 128685 47062 113223 7406 246277 3011 2631 6993 2714 3104 13292 7303
internal_value=7.22762e-05 0.00015567 0.00025569 -0.000422076 -0.00320095 0.000549074 0.000785248 0.00402049 0.0141621 0.0186513 0.0136406 0.019394 4.89192e-05 -0.00340963
internal_weight=118136 117690 116867 88071 22802 65269 63607.1 14820.8 4163.49 3478.03 2869.23 2262.33 10657.3 7503.13
internal_count=620051 610223 606265 477580 160285 317295 309889 63612 18453 15442 12811 10097 45159 31867
is_linear=0
shrinkage=0.05


Tree=89
num_leaves=15
num_cat=0
split_feature=0 73 73 73 68 71 12 58 71 68 68 71 68 68
split_gain=72.3489 55.0283 69.7683 143.96 77.9636 116.556 125.325 84.7831 74.8102 183.462 73.9467 184.559 68.8692 63.6347
threshold=0.012468064669519665 0.85966211557388317 0.78874629735946666 0.72511178255081188 0.051063157618045814 0.019818781875073913 0.042613301426172263 -0.0045124788302928201 0.003070256439968944 0.043498912826180465 0.051063157618045814 0.0034675771603360776 0.048859318718314178 0.057005966082215316
decision_type=2 2 2 2 10 2 8 2 2 10 10 2 10 10
left_child=-1 2 3 4 12 7 -7 -6 9 -5 -4 -12 -2 -13
right_child=1 -3 10 8 5 6 -8 -9 -10 -11 11 13 -14 -15
leaf_value=-0.015898868565162743 0.00046150336835000294 -0.0071444723227296614 0.0094060869818602903 -0.0045112059564366173 0.018445837597269067 0.041971500939835357 0.0035848005136500903 -0.0068285046855356751 -0.0080422421930260307 0.032904899767007438 -0.032059104101307669 0.015238389945930278 -0.012963305812942997 -0.0013911632712412343
leaf_weight=698.83694975078106 94601.947741232812 2538.1094934307039 4127.6988632045686 1735.7124690823257 474.73486756533384 450.7392266727984 398.61469972133636 1041.9669153690338 7781.8778433836997 393.37750903144479 400.52743234112859 840.43339110538363 955.06977000832558 1773.4669269248843
leaf_count=14563 483202 13837 21526 9512 2175 2233 2032 5264 43654 1936 2001 4359 5045 8870
internal_value=2.71482e-05 0.000123202 0.000284244 -3.29402e-05 0.000548476 0.00949502 0.0242074 0.00115149 -0.00577225 0.00252342 0.00506654 -0.00088711 0.000325983 0.00399335
internal_weight=118213 117514 114976 107834 97923.1 2366.06 849.354 1516.7 9910.97 2129.09 7142.13 3014.43 95557 2613.9
internal_count=620209 605646 591809 555053 499951 11704 4265 7439 55102 11448 36756 15230 488247 13229
is_linear=0
shrinkage=0.05


Tree=90
num_leaves=15
num_cat=0
split_feature=15 73 4 73 69 69 72 27 74 73 71 69 71 71
split_gain=72.4656 82.7051 69.5153 68.1726 139.225 93.4861 109.448 68.3812 58.3172 54.7844 94.0647 49.0848 46.301 45.9016
threshold=22.537690162658695 0.85966211557388317 0.12500000372529033 0.30249074101448065 0.034279244020581252 0.013319937512278559 0.016343498602509502 0.9132375717163087 -0.0043106127995997659 0.19408389180898669 -0.03858648054301738 0.034879148006439216 -0.02081507537513971 0.030089153908193115
decision_type=8 2 8 2 8 10 10 2 2 2 2 10 2 2
left_child=-1 2 3 4 5 6 8 -5 -2 10 -8 -9 -10 -13
right_child=1 -3 -4 7 -6 -7 9 11 12 -11 -12 13 -14 -15
leaf_value=0.0013803490348282405 0.002241287463577722 -0.013737217030503355 0.0010330871214800346 -0.00605796654042828 0.028888552863620139 -0.018519938813636058 -0.014143540269361647 -0.0066584001588817117 0.00712362766775251 -0.020516211197233965 0.013457665022402346 4.0660551382428851e-05 0.027599110051056017 0.016558213734241857
leaf_weight=59337.93112854287 1182.0452324599028 1255.9041005708277 26993.964416597039 12884.335024267435 456.5238570868969 571.62452075630426 632.48612144216895 2853.171567235142 524.91455124691129 492.91722049564123 584.16836841776967 9463.4276530221105 594.92635720595717 430.17337928339839
leaf_count=314385 5410 7237 112628 85622 2085 2863 2644 16239 2405 2292 2518 59192 2765 2424
internal_value=0.000147112 -0.00109488 -0.000817206 -0.0024455 0.00286643 0.000217101 0.0029265 -0.00349064 0.0100254 -0.00663471 -0.000889337 -0.000892895 0.0181494 0.000774837
internal_weight=118259 58920.6 57664.7 30670.7 5039.61 4583.08 4011.46 25631.1 2301.89 1709.57 1216.65 12746.8 1119.84 9893.6
internal_count=620709 306324 299087 186459 22982 20897 18034 163477 10580 7454 5162 77855 5170 61616
is_linear=0
shrinkage=0.05


Tree=91
num_leaves=15
num_cat=0
split_feature=27 74 68 71 71 73 73 73 73 84 72 72 73 74
split_gain=73.0819 50.8911 49.5866 125.738 103.791 171.79 54.7379 86.8108 115.141 92.1497 121.83 81.5016 68.3604 175.138
threshold=0.54760316014289867 -0.04474180564284324 0.066133540123701109 0.020084842108190063 0.03842632286250592 0.83436530828475963 0.86850854754447948 0.78874629735946666 0.79456016421318065 1.0000000180025095e-35 0.013739499729126694 0.0052032878156751403 0.72511178255081188 -0.011121466290205715
decision_type=2 2 10 2 2 2 2 2 2 2 10 10 2 2
left_child=-1 -2 6 -4 5 -5 7 12 -9 -10 11 -11 -3 -14
right_child=1 2 3 4 -6 -7 -8 8 9 10 -12 -13 13 -15
leaf_value=-0.0037301584315966568 -0.014125108227777343 0.00080215397251702069 -0.022388853898966748 -0.014008202677286542 -0.017878759754344949 0.026579022742962796 -0.010804165907312341 0.026785448281474663 0.018140503066497768 -0.016851342447902071 -0.02244217831565469 0.0065539829651958953 0.028269423186300963 -0.0056590876052401828
leaf_weight=11907.602819994092 589.72712772712111 88265.363675385714 817.55899875611067 427.38855920732021 457.38541254028678 639.37870843708515 1023.6085524968803 623.09484285861254 961.08508319780231 406.85813488438725 478.17331102117896 3468.0760272704065 390.2056379802525 7715.7459601312876
leaf_count=61545 2508 460185 4099 2178 2157 2970 6342 3601 4973 2711 2201 17937 1892 45115
internal_value=-1.7368e-05 0.000398989 0.000481371 -0.00669791 0.00180983 0.0103391 0.0006447 0.000760292 0.00662296 0.00421302 0.00110356 0.00405943 0.000398452 -0.00399301
internal_weight=118171 106264 105674 2341.71 1524.15 1066.77 103332 102309 5937.29 5314.19 4353.11 3874.93 96371.3 8105.95
internal_count=620414 558869 556361 11404 7305 5148 544957 538615 31423 27822 22849 20648 507192 47007
is_linear=0
shrinkage=0.05


Tree=92
num_leaves=15
num_cat=0
split_feature=15 73 13 72 84 72 73 5 54 50 72 73 8 53
split_gain=77.3232 64.6412 109.903 136.938 115.31 186.343 76.1689 105.417 71.5023 69.5887 56.7906 50.3403 50.0893 53.1938
threshold=23.831904411315922 0.31657269597053533 0.051768479868769653 0.016343498602509502 1.5000000000000002 0.011404855176806452 0.20574606955051425 1.0166643261909487 0.72409415245056163 0.099629063159227385 0.0091139776632189768 0.20574606955051425 1.0000000180025095e-35 -0.082172390073537813
decision_type=8 2 8 10 2 10 2 2 10 2 10 2 2 10
left_child=12 2 3 4 9 10 7 -5 -3 11 -6 -2 13 -1
right_child=1 8 -4 6 5 -7 -8 -9 -10 -11 -12 -13 -14 -15
leaf_value=0.0012956610721285135 0.0099788755227837728 -0.0037187126425517942 -0.020107429272709292 0.013860168110794999 -0.0047010562520460458 0.012312070676291864 -0.015812419558524513 -0.0066333258177209368 0.00071780935045177461 -0.00056295091415409899 -0.026610337514922523 0.027475868565365387 0.0044833660370539588 -0.002468223879405762
leaf_weight=44323.177776318043 654.81114939972758 29621.79861844331 515.84795369952917 937.65141272544861 909.89861495047808 1916.8072862960398 987.08135337010026 1847.5047013647854 13091.369826070964 453.06034228950739 432.33669281750917 1174.5455269850791 9164.784972500056 11898.811085890979
leaf_count=215825 2913 171001 2191 3918 4230 8325 4299 7677 59469 1946 2005 5335 51982 78220
internal_value=-8.97558e-05 -0.00151784 0.00213638 0.00338862 0.00838474 0.00233333 -0.0039535 0.000290923 -0.00235909 0.0169776 -0.0119027 0.0213012 0.00105787 0.000498776
internal_weight=117929 52542.7 9829.55 9313.7 5541.46 3259.04 3772.24 2785.16 42713.2 2282.42 1342.24 1829.36 65386.8 56222
internal_count=619336 273309 42839 40648 24754 14560 15894 11595 230470 10194 6235 8248 346027 294045
is_linear=0
shrinkage=0.05


Tree=93
num_leaves=15
num_cat=0
split_feature=2 73 72 72 74 74 73 73 70 70 72 73 71 70
split_gain=68.2848 62.3894 104.9 156.174 104.779 95.2853 112.077 163.301 113.445 159.537 101.945 89.5949 106.959 84.1109
threshold=0.010355446953326465 0.68743640184402477 0.016811436042189602 0.013996415771543981 0.012607926037162544 -0.0074225144926458589 0.78874629735946666 0.83061772584915172 0.0049661637749522933 0.002252972219139338 0.011813174001872541 0.78125637769699108 -0.0002741747885011136 0.0002705992956180126
decision_type=2 2 10 10 2 2 2 2 2 2 10 2 2 2
left_child=-1 -2 3 5 13 11 -7 8 9 -8 -9 12 -3 -4
right_child=1 2 4 -5 -6 6 7 10 -10 -11 -12 -13 -14 -15
leaf_value=-0.018848030833465198 0.000604125582176061 -0.0024746998513022209 -0.0068767903386106281 0.016988323238139407 0.0040857374788108259 -0.0053358450750401222 0.0090877196610487706 -0.0079961864478505368 -0.00096988460265562924 0.040716649541030547 0.017388669974114819 -0.0059463374385547571 0.025852251899951634 -0.034298360931217714
leaf_weight=475.09332263469696 88931.554662011564 528.92516555264592 495.02567160129547 1106.7664245031774 534.15731440857053 16342.216011893004 1575.0050396993756 3401.209684561938 1450.4441224224865 527.92990554869175 437.88679973036051 755.30482180044055 883.31895152106881 651.54393063485622
leaf_count=9848 452306 2707 2258 4893 2382 94164 8264 19028 7728 3073 1973 3853 4488 3007
internal_value=-0.000127173 -4.99604e-05 -0.00207698 -0.00132015 -0.0141593 -0.0021087 -0.00302599 0.00208063 0.00979136 0.0171831 -0.00506314 0.00790332 0.0153002 -0.0226211
internal_weight=118096 117621 28689.7 27009 1680.73 25902.2 23734.7 7392.48 3553.38 2102.93 3839.1 2167.55 1412.24 1146.57
internal_count=619972 610124 157818 150171 7647 145278 134230 40066 19065 11337 21001 11048 7195 5265
is_linear=0
shrinkage=0.05


Tree=94
num_leaves=15
num_cat=0
split_feature=15 57 72 8 54 73 68 72 68 73 53 68 74 74
split_gain=63.3908 55.4632 53.0061 49.5804 44.5566 70.8139 97.3544 89.6177 82.0103 77.0617 69.789 64.2602 77.4407 64.1145
threshold=26.253390312194828 0.01003949483856559 0.0059826329816132793 1.0000000180025095e-35 0.23991904407739642 0.62974125146865856 0.042200284078717239 0.017020166851580146 0.050766840577125556 0.79190412163734447 -0.15665987133979795 0.023373599164187912 -0.0022299487609416242 -0.010585037525743244
decision_type=8 10 10 2 8 2 10 10 10 2 10 10 2 2
left_child=3 -2 -3 4 10 6 11 9 -9 13 -1 -6 -13 -7
right_child=1 2 -4 -5 5 7 -8 8 -10 -11 -12 12 -14 -15
leaf_value=0.00021969468653091487 -0.0054898522045221387 -0.0042355182675498397 0.00039791836810858016 0.0042160520142230885 0.0036671337483136636 0.014192531042296844 0.022703141660384198 -0.00079551414344235488 -0.026183213891368164 0.006231237815494518 -0.0064142731723360671 0.0054995864588448951 -0.0081059498458800686 -0.0026184468288951226
leaf_weight=15761.885779544711 7116.9857598803937 7972.2992741577327 27217.769812051207 10055.620034758002 21342.212418634444 583.69238577410579 602.53535735979676 620.32947527617216 644.29702906310558 3750.961553234607 5286.3592206910253 1676.2802201807499 2747.1657678820193 12746.419959399849
leaf_count=75116 47697 45388 126773 57078 104786 2770 2958 2687 2882 19036 40440 8455 14083 70239
internal_value=8.28522e-05 -0.00146751 -0.00065269 0.000948051 0.000447779 0.00134064 0.00299991 -0.00104456 -0.0138339 -9.01385e-05 -0.00144871 0.00253052 -0.00294931 -0.00187225
internal_weight=118125 42307.1 35190.1 75817.8 65762.1 44713.9 26368.2 18345.7 1264.63 17081.1 21048.2 25765.7 4423.45 13330.1
internal_count=620388 219858 172161 400530 343452 227896 130282 97614 5569 92045 115556 127324 22538 73009
is_linear=0
shrinkage=0.05


Tree=95
num_leaves=15
num_cat=0
split_feature=27 69 71 18 72 69 72 71 72 69 71 69 71 72
split_gain=65.7987 88.0715 102.629 64.6227 50.6031 144.504 138.092 133.773 131.764 325.181 167.99 181.031 137.743 181.731
threshold=1.3273023366928103 -0.13803395628929135 -0.030130613595247265 65.807651519775405 0.013164927251636984 -0.020707927644252774 0.012776139657944443 -0.0099539100192487222 0.014131831005215647 0.045545944944024093 -0.00143447401933372 -0.10739394277334212 -0.012742594350129364 0.018608886748552326
decision_type=2 8 2 2 8 8 10 2 10 8 2 10 2 10
left_child=1 2 -1 4 5 6 7 -3 9 -6 12 -12 -10 -14
right_child=-2 3 -4 -5 8 -7 -8 -9 10 -11 11 -13 13 -15
leaf_value=-0.00048249823496121573 0.0026255655314527957 0.005486779476671956 0.025958283297941545 -0.0043561563248726469 -0.021111373471663523 -0.00011037923893301798 -0.011895636950225363 0.02917329357978965 0.0015555384674293266 0.0067888067505325889 -0.025158762483014116 -0.0019902098417862763 0.03074955467944919 -0.0055822180672970914
leaf_weight=803.0214603357017 20023.73378848657 1316.4182677529752 665.3330069668591 10754.234830774367 2647.2039933688939 64833.709822379053 522.63567132502794 1088.2127077095211 3830.390723913908 1714.2050621472299 941.97373715043068 7394.8695969395339 1062.9964647181332 502.72471919283271
leaf_count=3293 99657 5936 2769 65427 12470 354429 2435 5160 16362 7889 4119 33583 4652 2085
internal_value=1.4363e-05 -0.000518957 0.0115928 -0.000704222 -0.000246327 0.00038103 0.0112282 0.0162825 -0.00259461 -0.0101551 -0.000187866 -0.00463501 0.00667872 0.0191227
internal_weight=118102 98077.9 1468.35 96609.6 85855.3 67761 2927.27 2404.63 18094.4 4361.41 13733 8336.84 5396.11 1565.72
internal_count=620266 520609 6062 514547 449120 367960 13531 11096 81160 20359 60801 37702 23099 6737
is_linear=0
shrinkage=0.05


Tree=96
num_leaves=15
num_cat=0
split_feature=27 69 72 68 73 69 72 72 71 71 71 73 68 71
split_gain=69.4644 81.6451 313.284 126.046 90.0637 85.8687 138.617 141.733 127.345 127.585 130.331 110.185 160.233 126.047
threshold=0.47892376780509954 0.13544805347919467 0.005167735507711769 0.040844514966011054 0.79190412163734447 0.107115026563406 0.012776139657944443 0.014061937574297191 -0.02081507537513971 0.012974427081644537 0.0068225695285946139 0.72511178255081188 0.057005966082215316 0.042148336768150337
decision_type=2 10 10 10 2 8 10 10 2 2 2 2 8 2
left_child=-1 5 -3 -4 -5 11 8 -8 -7 10 -10 12 13 -2
right_child=1 2 3 4 -6 6 7 -9 9 -11 -12 -13 -14 -15
leaf_value=-0.0049893784223541439 0.0015062528487724024 0.042747867798118108 0.014809833101851064 -0.011369250635177441 0.0045992938230758583 0.020343013465562179 0.025528735912711521 -0.0086932095968656475 -0.0040730750762560898 0.0017220193549120023 -0.014921236895902199 -0.0039270955546892947 0.029250930781386776 -0.0098016426454594473
leaf_weight=6746.4352014362812 71567.238383781165 519.25629400834441 1417.5372383370996 1632.3798263035715 1901.1513365358114 505.69274080172181 801.51804217323661 475.94911038130522 8614.5373938083649 5208.1537030525506 4078.3354323729873 11599.042163601145 499.59798736125231 2542.3562901504338
leaf_count=34406 371578 2756 6582 8424 8963 2314 3676 2030 48309 28639 22949 65299 2472 11871
internal_value=-6.66846e-05 0.000231957 0.00618275 0.00226945 -0.00278894 -7.60115e-05 -0.00305483 0.0128101 -0.00416225 -0.00486547 -0.00756769 0.000604426 0.00130935 0.00111706
internal_weight=118109 111363 5470.32 4951.07 3533.53 105892 19684.2 1277.47 18406.7 17901 12692.9 86208.2 74609.2 74109.6
internal_count=620268 585862 26725 23969 17387 559137 107917 5706 102211 99897 71258 451220 385921 383449
is_linear=0
shrinkage=0.05


Tree=97
num_leaves=15
num_cat=0
split_feature=2 15 54 53 27 69 54 18 2 74 13 4 70 27
split_gain=57.1433 55.6832 50.3749 62.8973 63.1813 70.6274 67.0847 67.4526 46.2961 49.3223 36.275 52.2483 43.4726 39.0555
threshold=0.010355446953326465 16.158908843994144 0.76449438929557811 -0.27220255136489863 1.4582684040069582 -0.13153804093599317 0.27179390192031866 66.705013275146499 0.020012477412819866 -0.0096426550298929197 -0.081658639013767229 0.37500000000000006 -0.00085779608343727876 0.50037088990211498
decision_type=2 8 10 8 2 8 8 2 2 2 10 8 2 2
left_child=-1 -2 3 -3 5 -5 -7 10 9 -6 -8 13 -13 -12
right_child=1 2 -4 4 8 6 7 -9 -10 -11 11 12 -14 -15
leaf_value=-0.017178513224832777 0.0022118276620756152 0.0010980348803386419 0.0016643455353456274 0.015228901435941048 0.028467044743647519 -0.005866236030064198 -0.015357663825470361 -0.0072275380973059805 -8.0662224516108566e-05 0.0057307627164610384 -0.0085816208539916516 0.015823454222902517 0.0014669829859542251 -0.00048999175701084968
leaf_weight=471.33108198083937 24375.183400169015 22351.51777555421 21289.008322689682 528.15797819197178 276.83769226819277 13826.162723638117 398.99692632257938 4532.805541548878 4548.5296246409416 1469.5077527277172 1600.3111632242799 841.79814277216792 1390.2554680071771 20191.943603429943
leaf_count=9941 129011 95751 94033 2225 1695 88619 1677 30728 20775 11384 9118 3545 5992 116149
internal_value=1.41896e-05 8.45388e-05 -0.000471729 -0.00110385 -0.00209601 -0.0027763 -0.00300209 -0.00163294 0.00258156 0.00947657 -0.000592084 -0.000340568 0.00692782 -0.00108786
internal_weight=118092 117621 93245.8 71956.8 49605.3 43310.4 42782.3 28956.1 6294.88 1746.35 24423.3 24024.3 2232.05 21792.3
internal_count=620643 610702 481691 387658 291907 258053 255828 167209 33854 13079 136481 134804 9537 125267
is_linear=0
shrinkage=0.05


Tree=98
num_leaves=15
num_cat=0
split_feature=5 73 69 69 71 73 68 69 71 84 27 84 68 68
split_gain=59.2544 54.8399 229.309 92.9592 186.006 110.52 173.498 125.306 93.0491 109.015 88.5895 86.3773 129.581 122.828
threshold=0.71724092960357677 0.68223786354064953 0.13680395483970645 0.11515964940190317 0.012974427081644537 0.60302037000656139 0.027206992730498317 0.1211938224732876 0.042148336768150337 1.5000000000000002 0.75553262233734142 1.5000000000000002 0.028709637932479385 0.034101765602827079
decision_type=2 2 10 10 2 2 10 10 2 2 2 2 10 10
left_child=-1 2 3 8 5 -5 -7 -8 -2 -10 -3 13 -13 -6
right_child=1 10 -4 4 11 6 7 -9 9 -11 -12 12 -14 -15
leaf_value=-0.013278036324235493 0.0012086566593663911 -0.0056559083349366499 0.02665385265081531 -0.016026472030378297 -0.018983975285331658 -0.013204289201940731 -0.0089650968542781505 0.025257194230739289 -0.017953400960468678 0.0017392469542532735 8.2673221176035954e-05 0.037209962492168042 0.0043245407034389191 0.013469109890805537
leaf_weight=840.82585924677551 75525.217840705067 10226.808504117653 826.24395861849189 3107.5726334843785 596.59720847010612 1501.5797451995313 418.22743947803974 712.23197926580906 1388.2942097298801 1409.6702171452343 19605.065951120108 438.20558661967516 912.72001704573631 551.79172587022185
leaf_count=4787 387901 58100 4074 16515 3118 7860 2319 3838 6679 6434 108891 2057 4977 2948
internal_value=-0.000130643 -3.52113e-05 0.000596681 0.000344913 -0.0047038 -0.0096564 -0.00210326 0.0126286 0.000876527 -0.00806099 -0.00188583 0.00666288 0.0151868 -0.00340887
internal_weight=118061 117220 87388.4 86562.1 8238.93 5739.61 2632.04 1130.46 78323.2 2797.96 29831.9 2499.31 1350.93 1148.39
internal_count=620498 615711 448720 444646 43632 30532 14017 6157 401014 13113 166991 13100 7034 6066
is_linear=0
shrinkage=0.05


Tree=99
num_leaves=15
num_cat=0
split_feature=54 53 73 69 72 68 69 69 71 72 68 69 72 69
split_gain=55.8983 100.874 59.3827 124.957 103.724 68.4575 114.38 75.5853 72.6989 116.527 68.6143 61.3441 133.361 61.1987
threshold=0.50345954298973095 -0.19826467335224149 0.31657269597053533 0.03979728743433953 0.0090555334463715571 0.050766840577125556 0.045112159103155143 0.088959712535142912 -0.011045068968087433 0.0067380368709564218 0.011507555376738312 -0.013108383864164351 0.011975087225437166 0.11618308350443841
decision_type=10 10 2 10 10 10 10 10 2 10 10 10 10 10
left_child=1 -1 3 -3 5 8 -7 -8 9 10 -4 12 -6 -9
right_child=-2 2 4 -5 11 6 7 13 -10 -11 -12 -13 -14 -15
leaf_value=0.00063601829546265632 0.0014651479081346616 -0.00079497978277633563 -0.015421849007989272 0.025254982922451926 0.022723381693404404 -0.018850786794890176 0.03909194299215428 -0.010167691349623566 -0.0039180255513311087 0.018891195513528143 0.010082427844123977 -0.010895759378601351 -0.0073265213962807278 0.020029135382453999
leaf_weight=46725.40272182785 41218.846694724634 3911.3332407437265 636.80638064071536 511.67850694432855 450.05463373661041 267.88896856456995 278.42337116971612 265.4317664578557 13577.330886175856 949.29596285149455 436.35289575532079 6472.5591277945787 1860.472095683217 424.38973954319954
leaf_count=219771 194568 19284 4692 2490 2595 2173 2020 2017 109400 5764 3102 39001 9914 3194
internal_value=-1.98758e-05 -0.000817319 -0.0030772 0.0022688 -0.00400069 -0.00170079 0.00957887 0.0175569 -0.00260016 0.00622283 -0.00505432 -0.00840234 -0.00140057 0.00843064
internal_weight=117986 76767.4 30042 4423.01 25619 16835.9 1236.13 968.245 15599.8 2022.46 1073.16 8783.09 2310.53 689.822
internal_count=619985 425417 205646 21774 183872 132362 9404 7231 122958 13558 7794 51510 12509 5211
is_linear=0
shrinkage=0.05


Tree=100
num_leaves=15
num_cat=0
split_feature=0 74 69 72 15 73 69 4 74 70 74 73 72 73
split_gain=65.8871 53.494 73.0678 124.87 53.6073 61.3526 61.4844 51.8524 50.7756 67.5765 76.3029 78.3183 56.9892 77.2491
threshold=0.012468064669519665 -0.04474180564284324 -0.13803395628929135 0.019190592691302303 23.318488121032718 0.86850854754447948 0.03979728743433953 0.10833333432674409 -0.015850028023123738 -0.0087212771177291853 -0.0087665244936943037 0.44916975498199468 0.019676754251122478 0.22272879630327228
decision_type=2 2 8 10 8 2 8 8 2 2 2 2 10 2
left_child=-1 -2 3 -3 -4 7 -7 8 -6 -10 11 -11 13 -12
right_child=1 2 4 -5 5 6 -8 -9 9 10 12 -13 -14 -15
leaf_value=-0.015546556063285859 -0.014573067316170394 0.028353487800132488 0.00097979230215026092 -0.00062273965373094208 0.0054108323214270854 0.0010169734681940207 -0.024057273319415269 0.00058176067129461979 -0.012309667942686564 0.024979465979967669 0.012598830306015517 -0.0017605095647137622 -0.0203818101983511 -0.0033229875342360308
leaf_weight=671.11981808580458 612.14118684083223 607.39898893237114 62080.212204959244 933.63398673385382 1837.0239166244864 422.62190694361925 567.48351965099573 26842.000879008323 1864.4319907613099 492.18043465912342 783.53201407194138 599.51420149579644 456.29076343402267 19228.953920397907
leaf_count=14543 2603 2518 324168 3812 8981 2379 3389 113145 10065 2484 3579 3712 2091 123007
internal_value=-4.04987e-05 4.95142e-05 0.000127448 0.0109074 -1.77229e-05 -0.00118403 -0.0134513 -0.000948387 -0.00257383 -0.00320204 -0.00240912 0.0104123 -0.0030977 -0.00269363
internal_weight=117999 117327 116715 1541.03 115174 53094 990.105 52103.9 25261.9 23424.9 21560.5 1091.69 20468.8 20012.5
internal_count=620476 605933 603330 6330 597000 272832 5768 267064 153919 144938 134873 6196 128677 126586
is_linear=0
shrinkage=0.05


Tree=101
num_leaves=15
num_cat=0
split_feature=0 27 69 68 72 68 68 73 68 68 26 69 69 69
split_gain=49.1045 41.0637 52.8215 306.367 90.5781 91.3807 192.464 121.882 120.946 116.954 112.304 129.914 169.21 105.734
threshold=0.011692701838910581 0.55265751481056224 0.041767353191971786 -0.021990260109305378 0.0042985687032341966 0.053030095994472511 0.087568700313568129 0.73830732703208934 0.017742124386131767 0.018832515925168995 0.57770305871963512 -0.011117002926766871 -1.0000000180025095e-35 0.015642936341464523
decision_type=2 2 10 10 10 10 10 2 10 10 8 8 8 8
left_child=-1 -2 4 -4 -3 8 7 -7 -6 -10 11 -11 -13 -14
right_child=1 2 3 -5 5 6 -8 -9 9 10 -12 12 13 -15
leaf_value=-0.017161675667512054 -0.0027919319037521873 -0.019685392577866778 0.032877471492444056 0.0008117551380428592 -0.0014698194915952895 0.0025929441060496112 0.017875318036514414 -0.019506492394967004 0.028119739998855871 0.012746043354841134 0.028584904595759759 -0.032623322368161352 0.015750218843956606 -0.0033964379562525858
leaf_weight=410.89009727537632 12243.558004558086 634.1346598751843 744.09353334084153 61204.286480143666 31166.75111681968 864.07081505656242 579.85933173075318 2214.7365158461034 523.16582182049751 2047.3901711627841 421.08233575895429 409.41784279420972 903.71822531893849 3409.9530519917607
leaf_count=9780 62849 4381 3211 333986 147208 4158 2522 11599 2684 9377 1901 2126 4511 19362
internal_value=-0.000113849 -5.27091e-05 0.000266561 0.00120216 -0.00107584 -0.000793871 -0.00833722 -0.0133159 -8.20972e-05 0.00551881 0.00383789 0.00225889 -0.00230446 0.000641955
internal_weight=117777 117366 105123 61948.4 43174.3 42540.1 3658.67 3078.81 38881.5 7714.73 7191.56 6770.48 4723.09 4313.67
internal_count=619655 609875 547026 337197 209829 205448 18279 15757 187169 39961 37277 35376 25999 23873
is_linear=0
shrinkage=0.05


Tree=102
num_leaves=15
num_cat=0
split_feature=27 0 69 68 68 68 72 72 71 71 68 72 69 72
split_gain=68.9673 76.3497 52.6797 279.133 99.5263 152.399 92.1397 101.305 89.9002 147.347 95.0406 193.52 178.817 154.952
threshold=0.62918037176132213 0.040287425741553314 0.041767353191971786 -0.021990260109305378 0.087568700313568129 0.053030095994472511 0.0042985687032341966 0.0052032878156751403 -0.028331292793154713 -0.017686145380139347 0.049752205610275275 0.0073252643924206504 0.084356073290109648 0.012679401785135271
decision_type=2 2 10 10 10 10 10 10 2 2 10 10 10 10
left_child=1 -1 4 -4 5 6 -2 -8 -5 -10 13 12 -12 -11
right_child=2 -3 3 8 -6 -7 7 -9 9 10 11 -13 -14 -15
leaf_value=-0.0050477125778254639 -0.019745864955569143 0.0011587781154299825 0.032185173889228487 -0.012205923859544028 0.020261332500164108 -0.012228568144737899 0.018902592486931363 -0.00024647026711842362 0.011344733177312657 -0.00058270984019171042 0.035541322446645346 -0.0061869909617715598 0.0079900544840192135 0.011768537374404933
leaf_weight=12315.755938230082 582.81058731675148 8281.0958656519651 726.45105914026499 1213.178007978946 545.1041367650032 2824.3312471695244 694.44712451100349 35323.285149473697 3546.1559485718608 44286.278290240094 761.64777193963528 1723.2424808498472 2526.913827965036 2683.7240299452096
leaf_count=74561 4211 33616 3131 5569 2354 14578 4185 169856 16814 252402 4168 8383 14095 12840
internal_value=7.50342e-05 -0.002553 0.000630767 0.00160023 -0.000763156 -0.00105891 -0.000193886 0.000127881 0.00120306 0.00149816 0.000824384 0.00736228 0.0144595 0.000125358
internal_weight=118034 20596.9 97437.6 57467.6 39970 39424.9 36600.5 36017.7 56741.1 55528 51981.8 5011.8 3288.56 46970
internal_count=620763 108177 512586 317402 195184 192830 178252 174041 314271 308702 291888 26646 18263 265242
is_linear=0
shrinkage=0.05


Tree=103
num_leaves=15
num_cat=0
split_feature=5 8 54 68 84 71 68 63 68 71 13 71 12 54
split_gain=60.0498 57.1226 48.6741 63.9139 137.012 205.169 127.509 81.4288 50.4724 140.255 59.614 47.8163 44.6266 53.5425
threshold=0.71724092960357677 1.0000000180025095e-35 0.69614091515541088 -0.068213950842618928 1.5000000000000002 -0.0071565646212548009 -0.060296569019556039 0.17647266387939456 0.059724392369389541 0.024664591997861866 0.014432767406105997 -0.03858648054301738 -0.19522825628519055 0.20013214647769931
decision_type=2 2 10 8 2 2 8 8 10 2 10 2 8 8
left_child=-1 2 3 4 -2 7 -5 -6 12 -10 -11 -9 -8 -14
right_child=1 -3 -4 6 5 -7 8 11 9 10 -12 -13 13 -15
leaf_value=-0.013248553880486631 -0.0053653590517710762 0.0032530310208373023 0.001612611705773931 -0.025591183474848705 0.02044242924097989 0.035633054902324976 0.002464293122281639 -0.0074927505862985916 -0.017276167692068089 0.019418223176598963 -0.0050734180864355129 0.010121938988062507 -0.0036810456952215314 -0.00041429862867710035
leaf_weight=840.82830857113004 2028.5982204973698 12662.941465480253 25195.234913596883 525.28801011666656 565.76438415050507 668.15806616097689 8872.9634290598333 1092.9923926219344 1560.4937349930406 470.71780103258789 507.51214800402522 582.21938378363848 17370.700344143435 45077.64100581035
leaf_count=4815 8489 72574 112303 2263 2377 2790 36933 4538 9007 2381 2585 2425 101670 255686
internal_value=-1.3249e-05 8.28427e-05 -0.000301517 -0.000909625 0.00459342 0.0115325 -0.00127549 0.00422038 -0.00109912 -0.00801302 0.00678904 -0.00134703 -0.000851922 -0.00132342
internal_weight=118022 117181 104518 79323 4937.73 2909.13 74385.3 2240.98 73860 2538.72 978.23 1675.21 71321.3 62448.3
internal_count=620836 616021 543447 431144 20619 12130 410525 9340 408262 13973 4966 6963 394289 357356
is_linear=0
shrinkage=0.05


Tree=104
num_leaves=15
num_cat=0
split_feature=5 53 70 70 70 70 72 72 72 72 84 72 72 72
split_gain=60.457 49.572 44.8243 44.1469 89.7926 74.7204 66.8124 102.249 56.8451 115.954 161.13 278.395 156.531 153.264
threshold=0.71724092960357677 -0.48431113362312311 -0.044312106445431702 -0.00028305046726018185 9.570699330652134e-05 0.00050973703037016105 0.010637854225933554 0.006008327007293702 0.023218872956931595 0.015731807798147205 1.5000000000000002 0.016511161811649803 0.014730440452694895 0.017317797988653186
decision_type=2 10 2 2 2 2 10 10 10 8 2 10 10 8
left_child=1 -1 -2 8 -5 6 7 -6 9 12 13 -12 -4 -11
right_child=2 -3 3 4 5 -7 -8 -9 -10 10 11 -13 -14 -15
leaf_value=-0.0026736357247379087 -0.013279191993505907 -0.027132168618470683 0.0014013537914565563 -0.0094745256298743707 -0.0020840122239540221 -0.00059008534544812829 -0.011112828741918809 0.017553085674733897 0.012684270466658746 0.0023636330816451763 -0.034013423556656708 0.0068581886378150762 0.01789893412010397 -0.028315830963323452
leaf_weight=486.82344560138881 602.50240725651383 353.83997078426182 43259.989878602326 2706.520294001326 1071.836598854512 59725.657833859324 422.65363005921245 1719.2375483382493 1079.9799735695124 612.77110840752721 481.08496152237058 2738.382220454514 1477.3709043264389 1194.2740850709379
leaf_count=2111 2574 2685 227603 15742 7078 318852 1950 8970 4490 2747 2205 11918 6456 5216
internal_value=0.000115075 -0.0131663 0.000211545 0.000282455 -0.000574145 -0.000189966 0.00722483 0.0100315 0.00138833 0.00114069 -0.00605232 0.000664333 0.00195003 -0.0179566
internal_weight=117933 840.663 117092 116490 65645.9 62939.4 3213.73 2791.07 50843.9 49763.9 5026.51 3219.47 44737.4 1807.05
internal_count=620597 4796 615801 613227 352592 336850 17998 16048 260635 256145 22086 14123 234059 7963
is_linear=0
shrinkage=0.05


Tree=105
num_leaves=15
num_cat=0
split_feature=27 57 69 70 70 69 69 74 70 74 71 74 70 69
split_gain=46.8965 54.1454 51.7 161.046 81.2292 76.9748 145.745 137.841 123.156 109.492 161.86 165.817 159.545 107.602
threshold=0.47892376780509954 0.049665804952383048 0.13544805347919467 -0.0066560849081724873 0.010642533190548422 0.10132142156362535 0.090995021164417281 -0.0048494727816432706 0.017422479577362541 -0.0096426550298929197 0.0098527432419359701 -0.001162211818154901 0.0002705992956180126 0.086077798157930388
decision_type=2 10 10 2 2 8 10 2 2 2 2 2 2 10
left_child=1 -1 5 -4 -5 6 13 -7 -9 -8 12 -12 -11 -2
right_child=2 -3 3 4 -6 7 9 8 -10 10 11 -13 -14 -15
leaf_value=-0.0071418772016495187 0.00050983461780127045 0.0024419550537342072 0.031565039609556318 0.0049786443780464682 -0.012616495951686771 0.0042750221209597204 0.026601053298875472 -0.0053502273799956911 0.021961334716562763 -0.011057088637155713 0.036507022812090603 0.0076403188430090394 0.0097756147644975765 -0.0085145195879810631
leaf_weight=4537.1077262759209 71963.808972755447 2174.3268005568534 506.8458507321775 4177.2615890577435 768.01086641103029 5643.028266524896 677.89069502055645 17213.342779109254 413.20967463031411 1934.5041640624404 660.94291796162724 1955.3370018191636 1732.8106165491045 3452.0445453412831
leaf_count=25426 375069 9031 2378 20403 3805 29249 3284 96360 1894 9899 3646 11004 9264 19248
internal_value=1.76448e-05 -0.00403796 0.000262983 0.00500637 0.00222614 1.77404e-05 0.00073509 -0.002521 -0.00469789 0.00765189 0.00556859 0.0150441 -0.0012138 9.56846e-05
internal_weight=117810 6711.43 111099 5452.12 4945.27 105647 82377.3 23269.6 17626.6 6961.49 6283.59 2616.28 3667.31 75415.9
internal_count=619960 34457 585503 26586 24208 558917 431414 127503 98254 37097 33813 14650 19163 394317
is_linear=0
shrinkage=0.05


Tree=106
num_leaves=15
num_cat=0
split_feature=14 70 73 69 70 69 68 68 73 69 73 70 69 73
split_gain=47.6325 59.0271 55.6874 166.384 86.8906 84.23 90.0508 120.27 102.138 160.872 81.4512 77.4136 70.668 107.916
threshold=-0.16908052563667295 -0.0085004726424813253 0.68564194440841686 0.13544805347919467 -0.0072101396508514872 0.11214033514261247 0.015655843541026119 0.032959738746285445 0.56950047612190258 0.12019995972514154 0.49650216102600103 -0.0038064969703555103 0.090995021164417281 0.46427723765373236
decision_type=8 2 2 10 2 10 10 10 2 10 2 2 10 2
left_child=1 -1 3 5 -4 12 -7 11 10 -10 -9 -8 -2 -14
right_child=2 -3 4 -5 -6 6 7 8 9 -11 -12 -13 13 -15
leaf_value=-0.0051299660070885586 -3.3108687237244857e-05 0.0048778649839732614 0.0078255703392976755 0.019182018994522786 -0.0031853423389806654 0.016301309531570132 0.0054058567624302271 0.00089669048887114616 -0.0084064606835207688 0.022531250415459253 -0.025181223740016412 -0.012464775915620091 0.01886768332399897 0.0026151812791577588
leaf_weight=1765.2367167025805 61505.142259979621 8689.7845968976617 1926.5456008799374 1139.4743628576398 24027.736452618614 480.26221728697419 688.79975771158934 843.9244205635041 694.5522058326751 1037.6747797876596 453.53120141476393 4744.5534482505172 1147.9429624322802 8705.8270105086267
leaf_count=7225 322172 36393 9616 5649 140278 2283 3492 4642 3903 5674 2502 25336 5563 45401
internal_value=-3.52068e-05 0.00318484 -0.000348947 0.000293853 -0.00236532 2.34787e-05 -0.00454792 -0.00574892 0.0022292 0.0101494 -0.00834183 -0.0101935 0.000596961 0.00452577
internal_weight=117851 10455 107396 81441.7 25954.3 80302.2 8943.3 8463.04 3029.68 1732.23 1297.46 5433.35 71358.9 9853.77
internal_count=620129 43618 576511 426617 149894 420968 47832 45549 16721 9577 7144 28828 373136 50964
is_linear=0
shrinkage=0.05


Tree=107
num_leaves=15
num_cat=0
split_feature=27 51 69 70 74 74 74 70 72 70 69 68 74 74
split_gain=42.9419 102.654 64.8291 87.1558 53.9706 44.99 63.3757 57.1182 95.1836 71.2828 42.1806 244.079 119.473 199.641
threshold=0.72853112220764171 -0.052984185516834252 -0.13803395628929135 0.00073174724821001302 -0.04474180564284324 -0.021567674353718754 -0.017201921902596947 -0.010116796009242533 0.013513676356524231 -0.0075178586412221185 0.041767353191971786 -0.021990260109305378 -0.019179445691406723 -0.017201921902596947
decision_type=2 10 10 2 2 2 2 2 10 2 10 10 2 2
left_child=1 2 3 -1 -2 -4 -7 8 -8 -9 -6 -12 -13 -14
right_child=4 -3 5 -5 10 6 7 9 -10 -11 11 12 13 -15
leaf_value=0.01966640225773944 -0.014841140919882645 -0.0062156420176344498 -0.013715221637606249 -0.0036262865857407331 -0.0007169898158630012 0.018226215970175749 -0.0006885422564782965 0.013914146519655033 -0.026918779022991248 -0.00055703264556158591 0.031720641144638601 -0.014447189854407065 0.036677488795056272 0.0012593234556819188
leaf_weight=925.47576946765184 556.43739314749837 8791.478194957599 627.48684307932854 698.99783470481634 33744.920450652018 444.99246232956648 973.82389456033707 878.16803917661309 526.80745915696025 20311.531705964357 652.53057428449392 1185.2573676593602 391.27222639322281 47141.852975768968
leaf_count=4461 2391 60781 2681 3515 164534 1911 4458 3986 2323 97922 2803 5467 1810 261356
internal_value=-6.9436e-05 -0.00156251 5.06617e-05 0.00968288 0.000540573 -0.000611612 -0.000250438 -0.000620663 -0.0100141 4.89792e-05 0.000645322 0.00157642 0.00116624 0.00155852
internal_weight=117851 34178.8 25387.3 1624.47 83672.3 23762.8 23135.3 22690.3 1500.63 21189.7 83115.8 49370.9 48718.4 47533.1
internal_count=620399 182038 121257 7976 438361 113281 110600 108689 6781 101908 435970 271436 268633 263166
is_linear=0
shrinkage=0.05


Tree=108
num_leaves=15
num_cat=0
split_feature=73 71 74 70 72 72 74 54 53 74 71 74 70 84
split_gain=42.7923 58.1248 64.9062 63.1998 42.5227 108.954 61.0834 42.219 90.1223 73.8188 88.3661 88.3285 69.7233 82.5838
threshold=0.85966211557388317 0.019246594049036506 0.0039850496686995038 0.00464178016409278 0.054642656818032272 0.049865879118442542 -0.04474180564284324 0.34712725877761846 -0.066653195768594728 0.017202852293848995 0.011548060458153488 0.022791717201471332 -0.00028305046726018185 1.5000000000000002
decision_type=2 2 2 2 8 10 2 8 10 2 2 2 2 2
left_child=4 2 -2 -3 5 6 -1 8 -8 12 11 -11 -9 -14
right_child=1 3 -4 -5 -6 -7 7 9 -10 10 -12 -13 13 -15
leaf_value=-0.016350159428364829 -0.0048116580259795656 -0.0099408217079293357 -0.027767482536958238 0.01303828418905869 -0.01535427703043999 0.025110532504568347 -0.00026289379520069489 0.0024951857811167243 -0.0079825206037977027 0.02325792814078486 0.00019710628862802264 -0.0013723327940079052 -0.0038923914055061428 0.0011317491830993408
leaf_weight=550.57149537652731 799.61948027275503 588.56533624790609 496.2475085221231 588.49519887007773 430.54060027003288 427.61823040619493 44656.532936442643 27544.540621396154 4120.5437203403562 1228.661971706897 1774.3307997696102 513.96925161406398 13670.591701831669 20331.633035900071
leaf_count=2374 5045 3044 2900 2930 1775 1785 231018 135814 40673 5432 8031 2242 71071 105819
internal_value=1.02882e-05 -0.00648416 -0.0137478 0.0015611 0.000150191 0.000209661 0.00011439 0.000195447 -0.000916528 0.00102909 0.00806398 0.0160271 0.000625847 -0.000888757
internal_weight=117722 2472.93 1295.87 1177.06 115250 114819 114391 113841 48777.1 65063.7 3516.96 1742.63 61546.8 34002.2
internal_count=619953 13919 7945 5974 606034 604259 602474 600100 271691 328409 15705 7674 312704 176890
is_linear=0
shrinkage=0.05


Tree=109
num_leaves=15
num_cat=0
split_feature=15 73 73 68 72 72 70 72 71 68 72 74 74 73
split_gain=50.4138 51.1533 37.5673 93.5404 116.805 82.1519 125.273 119.004 117.642 108.368 107.869 125.45 118.873 105.094
threshold=23.318488121032718 0.87868535518646251 0.31657269597053533 -0.021990260109305378 0.013164927251636984 0.021474678069353107 0.0018512189271859827 0.031940873712301261 0.018063968978822235 -0.074138201773166643 0.015109094325453045 -0.0096426550298929197 -0.0043106127995997659 0.19408389180898669
decision_type=8 2 2 10 10 8 2 10 2 8 10 2 2 2
left_child=-1 2 5 4 -4 6 9 -7 -8 -2 11 13 -13 -11
right_child=1 -3 3 -5 -6 7 8 -9 -10 10 -12 12 -14 -15
leaf_value=0.0010497278183251876 0.014281654517700432 -0.013714887010125033 0.00077570173011027579 -0.00098574492841101255 -0.024153682514753316 -0.027164099054090996 0.019694592302891015 -0.00011388537356203772 -0.0039768984048956435 -0.0091893825451715341 -0.021997327614737387 -0.030009502555067638 -0.0013122874785156803 0.015972595355862675
leaf_weight=63019.738914757967 1038.4600007757545 772.72085029259324 889.84266060963273 41939.768699549139 984.13617336191237 524.14166164025664 1900.346500178799 1703.071785621345 719.61160195991397 587.30448914691806 665.0503738168627 513.42740973830223 1165.0977579504251 1361.4484941400588
leaf_count=334077 4348 4647 4073 228578 4551 2254 8336 7039 3241 2617 2931 2372 5366 5957
internal_value=8.55049e-05 -0.00102406 -0.000839921 -0.00147559 -0.0123749 0.00189524 0.00427262 -0.00657272 0.0132025 -0.000132694 -0.0036451 -0.000229053 -0.0102159 0.00838122
internal_weight=117784 54764.4 53991.7 43813.7 1873.98 10178 7950.75 2227.21 2619.96 5330.79 4292.33 3627.28 1678.53 1948.75
internal_count=620387 286310 281663 237202 8624 44461 35168 9293 11577 23591 19243 16312 7738 8574
is_linear=0
shrinkage=0.05


Tree=110
num_leaves=15
num_cat=0
split_feature=15 57 69 54 8 71 84 69 69 71 71 2 52 69
split_gain=51.1648 41.5977 56.4638 37.4311 32.592 31.4201 44.9254 34.6261 56.2301 70.2338 34.8689 30.6017 29.5375 30.515
threshold=21.980247497558597 0.038678413257002837 -0.13153804093599317 0.37747371196746832 1.0000000180025095e-35 0.040163846686482436 1.5000000000000002 -0.013108383864164351 -0.092393949627876268 -0.0066218213178217402 0.019246594049036506 0.032978052273392684 0.21706612408161166 -0.013108383864164351
decision_type=8 10 8 10 2 2 2 8 10 2 2 2 10 8
left_child=4 2 -2 5 12 7 -7 8 -4 -10 -11 -6 -1 -14
right_child=1 -3 3 -5 11 6 -8 -9 9 10 -12 -13 13 -15
leaf_value=-0.0001438822561197987 0.0174650293246695 0.00044230861285104767 -0.011829330545419217 -0.00065942042096173929 0.0059541434561056136 -0.024724140602260841 -0.0025785183221435715 -0.0044565697184242208 -0.0062736390100161027 0.020440199068405458 0.0034573942202912955 -0.00048658645780784595 0.0074618907047250107 0.0013586887298830345
leaf_weight=36368.297823594883 351.95508988946676 27054.177536066622 569.56461445428431 16221.505727168173 5811.6637935303152 422.6822110041976 492.082973388955 14113.870696833357 737.49780053086579 696.73411983810365 536.48952531255782 2697.2575746774673 2642.5303519181907 9015.9120757244527
leaf_count=200959 1491 118411 2531 90111 36943 2234 2482 93287 3665 3458 2516 10984 10989 39876
internal_value=-2.0297e-05 -0.00102207 -0.00218223 -0.00239198 0.00106406 -0.00399038 -0.012968 -0.00348978 0.00187815 0.00587952 0.0131394 0.00391431 0.000558366 0.00274726
internal_weight=117732 61196.6 34142.4 33790.4 56535.7 17568.9 914.765 16654.2 2540.29 1970.72 1233.22 8508.92 48026.7 11658.4
internal_count=619937 320186 201775 200284 299751 110173 4716 105457 12170 9639 5974 47927 251824 50865
is_linear=0
shrinkage=0.05


Tree=111
num_leaves=15
num_cat=0
split_feature=22 54 71 73 84 53 73 27 73 73 74 74 74 72
split_gain=52.5479 53.9789 77.1425 190.524 78.0433 77.3662 74.0704 62.6996 60.2913 92.5413 90.4057 96.7377 68.782 79.6644
threshold=91.29233551025392 0.32794035971164709 -0.031000258401036259 0.11478942260146142 1.0000000180025095e-35 -0.19826467335224149 0.40509063005447393 0.80038499832153331 0.6410336196422578 0.64713975787162792 -0.017201921902596947 -0.010850483551621435 0.017647080123424533 0.016811436042189602
decision_type=10 8 2 2 2 10 2 2 2 2 2 2 2 10
left_child=1 2 4 -4 -1 -5 7 -6 -3 -10 -11 -12 13 -13
right_child=-2 8 3 5 6 -7 -8 -9 9 10 11 12 -14 -15
leaf_value=0.0068890694127801896 -0.0039222421927305228 0.0025015648230102515 0.024668373731664302 0.0010486467670659861 0.0053607249114875737 -0.0034670651760335424 -0.027119116786589716 -0.010024094301086771 -0.015488884886706043 -0.023500076605563802 0.017598165723432459 -0.00024832301273021337 0.011311364669798204 -0.015730678618425403
leaf_weight=896.15079259872437 7819.4814681950957 38590.620308963582 743.83337424695492 24425.187511188909 823.69835207983851 15493.408183114603 502.7547981441021 3258.4459675103426 997.46352039650083 393.27058773487806 778.18291977979243 21020.451692827046 1215.6702954135835 855.07369298487902
leaf_count=3981 46825 187771 3130 112343 3630 113563 2435 14306 5155 1745 3640 112817 5400 3837
internal_value=3.5536e-05 0.000317225 -0.000985592 -0.00023435 -0.00654827 -0.000704444 -0.00918398 -0.00691422 0.00125875 -0.000640177 -2.36008e-05 0.000372876 -0.000214991 -0.000860411
internal_weight=117814 109994 46143.5 40662.4 5481.05 39918.6 4584.9 4082.14 63850.7 25260.1 24262.6 23869.4 23091.2 21875.5
internal_count=620578 573753 253388 229036 24352 225906 20371 17936 320365 132594 127439 125694 122054 116654
is_linear=0
shrinkage=0.05


Tree=112
num_leaves=15
num_cat=0
split_feature=22 15 0 27 0 69 54 71 70 4 0 27 69 69
split_gain=46.8461 39.2048 36.3514 33.2695 62.0127 65.7804 48.8624 76.1557 70.8612 59.3145 54.6424 49.7297 46.1667 86.4102
threshold=95.152786254882827 1.0000000180025095e-35 0.011692701838910581 1.3273023366928103 0.052879661321640022 -0.13803395628929135 0.68712383508682262 -0.017686145380139347 0.016821727156639103 0.075000002980232253 0.017221262678503994 0.37356159090995794 0.13680395483970645 0.14803105592727664
decision_type=10 10 2 2 2 8 8 2 2 10 2 2 10 10
left_child=1 -1 -3 4 5 -4 12 9 10 -8 -9 -12 -7 -14
right_child=-2 2 3 -5 -6 6 7 8 -10 -11 11 -13 13 -15
leaf_value=-0.013695943973909564 -0.0070562248003950131 -0.015032063048658943 0.016424506313355122 0.0020942312234943821 0.0026554093893098258 -0.0019002833289524766 0.023563463645810911 -0.013687718404349056 0.018020853541654658 0.0048859179519080186 -0.014859050655411987 0.00057443820551753347 0.021067991902889403 -0.0057876154904658124
leaf_weight=502.54065037891269 2321.8437006622553 382.24108245223761 543.78611467406154 19533.14929664135 16108.112484246492 53754.036402329803 577.21074290573597 728.32143641263247 529.77170757576823 1567.5362174771726 526.26687789708376 19540.433776795864 606.46776407957077 575.9728088490665
leaf_count=2166 14334 9361 2264 95962 65133 307231 2821 8914 2361 6441 2633 94018 3380 3395
internal_value=-3.98023e-05 0.000101874 0.000163369 0.000215364 -0.000170898 -0.000747813 -0.000868991 0.00104038 0.000135146 0.00999859 -0.000328951 0.000162482 -0.00168474 0.00804766
internal_weight=117798 115476 114973 114591 95057.9 78949.8 78406 23469.5 21324.8 2144.75 20795 20066.7 54936.5 1182.44
internal_count=620414 606080 603914 594553 498591 433458 431194 117188 107926 9262 105565 96651 314006 6775
is_linear=0
shrinkage=0.05


Tree=113
num_leaves=15
num_cat=0
split_feature=27 1 4 73 73 68 74 73 68 74 1 68 68 53
split_gain=47.213 72.8164 65.8455 79.4645 89.4846 80.3905 131.067 68.3166 126.814 172.521 91.8194 72.586 176.108 71.265
threshold=1.3179758787155154 0.027377053163945678 0.25833334028720861 0.15441858023405078 0.16806954890489581 -0.068213950842618928 -0.019179445691406723 0.68743640184402477 0.041905201971530921 -0.0056492823641747228 0.020353329367935661 0.038457298651337631 0.036166118457913406 -0.0018400204135105012
decision_type=2 8 8 2 2 10 2 2 10 2 10 10 10 8
left_child=2 -2 3 5 -5 6 -1 8 11 -10 -11 12 -6 -9
right_child=1 -3 -4 4 7 -7 -8 13 9 10 -12 -13 -14 -15
leaf_value=0.019795408796637853 0.0043296337643225031 -0.0019330699157212115 0.0019148887030367584 -0.025726917872249812 -0.0011755779087999638 0.024650943857700197 -0.0056054109326950626 -0.0030056327443954336 -0.011110831181875426 0.026977771178586997 0.0046716530275320257 -0.012862826882935652 0.019400404432900448 -0.013490271815269112
leaf_weight=756.84837568551302 13488.120305221528 7066.4577420800924 22421.824314549565 369.01487215235829 49403.6619908344 519.57440355047584 1494.8848560452461 15384.210717244074 687.91985790990293 1133.1077731829137 781.80453748255968 1256.390759928152 1052.2844105456024 1803.3577687479556
leaf_count=3189 73405 28985 92143 1676 276818 2376 6262 94793 3715 7021 3448 6982 6037 13176
internal_value=3.91791e-07 0.00217669 -0.00046064 -0.00117438 -0.0014951 0.00711863 0.00298204 -0.00136646 -0.000496771 0.0102506 0.0179424 -0.00103959 -0.000742696 -0.00411291
internal_weight=117619 20554.6 97064.9 74643.1 71871.8 2771.31 2251.73 71502.7 54315.2 2602.83 1914.91 51712.3 50455.9 17187.6
internal_count=620026 102390 517636 425493 413666 11827 9451 411990 304021 14184 10469 289837 282855 107969
is_linear=0
shrinkage=0.05


Tree=114
num_leaves=15
num_cat=0
split_feature=0 69 15 70 70 70 74 70 70 70 68 68 68 68
split_gain=41.2319 45.127 44.2081 43.2967 57.6806 40.6125 111.983 141.152 118.656 104.621 90.1156 148.235 115.993 146.784
threshold=0.013568683061748745 0.061813157051801688 15.363063335418703 -0.0092208762653171999 -0.011143666692078112 -0.00028305046726018185 0.0010728423949331047 -0.0028480315813794728 -0.0016195489442907272 -0.00073868883191607882 -0.087453853338956819 -0.042685111984610551 -0.038501890376210206 -0.028726507909595963
decision_type=2 10 8 2 2 2 2 2 2 2 10 10 10 10
left_child=1 -1 3 4 -2 6 10 -8 -9 -10 -4 -12 -13 -14
right_child=2 -3 5 -5 -6 -7 7 8 9 -11 11 12 13 -15
leaf_value=-0.019222686563655479 -0.0003063930908338827 -5.7687618679607306e-05 0.0094784102965825082 0.0031344694881129845 -0.019853991272110752 -0.0012441275850425949 -0.0021175543148930732 0.035206620884177968 -0.0043290568770645429 0.023376349400006168 -0.0096731425671889616 0.019526418476970175 -0.01352664438195815 0.00092425557147706263
leaf_weight=570.47162534482777 2085.2880068570375 652.47003632225096 2368.7850181609392 17479.347410816699 450.85994850844145 53922.452202741057 1529.7820949144661 661.26146888360381 684.9295392781496 662.94566925987601 3971.1042021773756 775.59659603983164 1856.4955513626337 30009.223956413567
leaf_count=11227 9631 12858 9980 92546 2121 280547 7286 3166 3530 3503 17344 3508 8548 154439
internal_value=1.4468e-05 -0.00908108 0.000110753 0.00224853 -0.00384577 -0.000333104 0.000822243 0.00932535 0.0180055 0.00936951 4.80932e-05 -0.00056446 0.000546315 7.83673e-05
internal_weight=117681 1222.94 116458 20015.5 2536.15 96442.6 42520.1 3538.92 2009.14 1347.88 38981.2 36612.4 32641.3 31865.7
internal_count=620234 24085 596149 104298 11752 491851 211304 17485 10199 7033 193819 183839 166495 162987
is_linear=0
shrinkage=0.05


Tree=115
num_leaves=15
num_cat=0
split_feature=0 70 69 57 73 15 69 84 70 70 54 13 70 70
split_gain=41.2003 39.5079 57.9279 60.1808 54.159 39.5002 41.7918 57.1137 56.4844 62.3515 39.6752 35.9843 48.094 111.092
threshold=0.012775254435837271 -0.030434315092861649 -0.13803395628929135 0.081673044711351409 0.12987624853849414 23.318488121032718 -0.10739394277334212 1.5000000000000002 0.020869231782853607 0.024425289593636993 0.51939997076988231 0.16020391881465915 -0.012489960994571446 -0.0085004726424813253
decision_type=2 2 8 10 2 8 8 2 2 2 10 8 2 2
left_child=-1 4 3 -3 -2 6 7 -4 -8 -10 11 12 -7 -14
right_child=1 2 5 -5 -6 10 8 -9 9 -11 -12 -13 13 -15
leaf_value=-0.011359734337317656 0.0030390035075295602 0.019744297969551548 -0.018471903136472834 -0.00077279134468247667 -0.014558456359028924 0.0042139901856022861 0.00096484340346988853 0.0016223157553804598 0.02543100543347698 0.0027303981456820422 0.00089218349422114009 -0.017076840813999624 -0.015051360719740409 -0.0016392763285400962
leaf_weight=773.76526323705912 745.60299054533243 760.9062791466713 635.62182623893023 664.98659026622772 1037.1797065883875 3032.4071973748505 58730.594317968935 778.61418925225735 487.3701710626483 779.10767786204815 19663.557233642787 378.71311109513044 1626.1866191625595 27474.094988830388
leaf_count=16917 3129 3162 2751 2730 4655 14154 308451 3322 2222 3485 92924 1642 8166 151949
internal_value=6.57722e-05 0.000142432 0.000257218 0.0102371 -0.00722287 0.000131047 0.000990409 -0.00747522 0.00119117 0.0115969 -0.000880441 -0.0019525 -0.00176899 -0.00239369
internal_weight=117569 116795 115012 1425.89 1782.78 113586 61411.3 1414.24 59997.1 1266.48 52175 32511.4 32132.7 29100.3
internal_count=619659 602742 594958 5892 7784 589066 320231 6073 314158 5707 268835 175911 174269 160115
is_linear=0
shrinkage=0.05


Tree=116
num_leaves=15
num_cat=0
split_feature=5 0 8 59 70 70 69 69 74 70 70 5 74 74
split_gain=45.1282 48.8503 47.8322 40.4795 78.159 79.0215 46.981 67.6957 86.0159 56.8469 56.174 72.3211 55.9789 78.1983
threshold=0.71724092960357677 0.052305147051811225 1.0000000180025095e-35 1.5000000000000002 0.027393514290452007 0.022399511188268665 -0.060190718621015542 -0.12003959342837332 0.0015047373017296197 0.0090978634543716925 -0.010116796009242533 0.99281615018844616 -0.02498772460967302 -0.019179445691406723
decision_type=2 2 2 10 2 2 8 10 2 2 2 2 2 2
left_child=1 -1 3 4 5 6 7 10 -9 -10 -2 -12 -8 -14
right_child=2 -3 -4 -5 -6 -7 12 8 9 -11 11 -13 13 -15
leaf_value=-0.025302798790687798 0.013156391797979592 -0.00097385233116274923 0.0028634468296063298 0.0012404754907531844 -0.020767313415961483 0.014895665991847072 0.010039384653941729 -0.0162063181619982 0.013117318669790327 -0.0088917029030619373 0.0074551663243447161 -0.018346094668255021 -0.01231185911557988 -0.00062663198776122643
leaf_weight=358.71994121186435 691.89416750520468 470.38606514036655 12646.939179336652 27839.267831370234 486.14184188097715 777.91444482654333 1185.3160754181445 2038.3185648266226 512.8941208049655 658.51295654475689 554.67974786832929 514.67245442420244 1452.7998722121119 67535.368961770087
leaf_count=2859 2926 1920 72413 118585 2252 3563 5502 9310 2318 3048 2361 2153 6825 384454
internal_value=-0.000122087 -0.0116761 -3.91457e-05 -0.000391518 -0.000986216 -0.000856836 -0.00102187 -0.00571424 -0.010026 0.000774289 0.00215582 -0.00501774 -0.000688704 -0.000874456
internal_weight=117724 829.106 116895 104248 76408.5 75922.4 75144.5 4970.97 3209.73 1171.41 1761.25 1069.35 70173.5 68988.2
internal_count=620489 4779 615710 543297 424712 422460 418897 22116 14676 5366 7440 4514 396781 391279
is_linear=0
shrinkage=0.05


Tree=117
num_leaves=15
num_cat=0
split_feature=73 68 72 69 72 72 72 73 68 69 69 72 72 69
split_gain=50.9801 198.288 218.968 201.722 160.766 356.116 168.023 166.202 190.229 157.061 138.723 126.712 135.925 208.636
threshold=0.32263550162315374 -0.021990260109305378 0.013164927251636984 -0.011117002926766871 0.01251419819891453 0.013424264732748272 0.017020166851580146 0.57494938373565685 -0.010905845556408165 -0.023623042739927765 -0.0072368946857750407 0.016343498602509502 0.0085598342120647448 0.03123692981898785
decision_type=2 10 10 8 10 10 10 2 10 10 8 8 10 10
left_child=11 2 -2 4 -3 -6 9 8 -8 -7 -5 12 -1 -14
right_child=1 3 -4 10 5 6 7 -9 -10 -11 -12 -13 13 -15
leaf_value=-0.0053108717646259719 0.0025101479572632581 0.019196644933742391 -0.021294003755299121 -0.024680204593058454 -0.021733661673246894 0.011459708443018994 -0.0068003216486559178 -0.0083067270349331448 0.028549046173471371 0.047922221460138782 -0.00057249615353730464 -0.0031495908209095941 0.0054890043242557035 0.029194917003116574
leaf_weight=2358.2825365886092 1645.0469706319273 2169.9461542610079 2324.1135288402438 590.86299361661077 1132.1914300918579 824.66239842772484 621.98942472226918 1548.3927829898894 957.6383847091347 458.10716065950692 86870.445223335177 6726.7072949092835 8552.2328827474266 1032.4463777989149
leaf_count=11433 7574 10362 10838 2841 5383 3704 2874 6940 4113 2017 481585 28630 38105 4463
internal_value=-6.00557e-05 -0.000511457 -0.0114467 -5.42578e-05 0.00769186 0.00316154 0.00958652 0.00330854 0.0146748 0.0247513 -0.000738164 0.00233606 0.00542582 0.00807033
internal_weight=117813 99143.4 3969.16 95174.2 7712.93 5542.98 4410.79 3128.02 1579.63 1282.77 87461.3 18669.7 11943 9584.68
internal_count=620862 538231 18412 519819 35393 25031 19648 13927 6987 5721 484426 82631 54001 42568
is_linear=0
shrinkage=0.05


Tree=118
num_leaves=15
num_cat=0
split_feature=74 68 74 70 68 68 73 74 70 68 73 68 73 74
split_gain=43.4236 43.5585 139.475 144.481 67.181 164.069 336.634 144.1 131.87 174.524 132.021 224.678 116.036 212.298
threshold=-0.04474180564284324 -0.074138201773166643 -0.015850028023123738 -0.025290560908615586 -0.028726507909595963 -0.024779885075986382 0.35803896188735967 0.018441225402057174 0.0085090477950871008 -0.020527383312582966 0.28004266321659094 -0.021990260109305378 0.31214115023612982 1.0000000180025095e-35
decision_type=2 8 2 2 10 10 2 2 2 10 2 10 2 2
left_child=-1 2 3 -2 12 6 -6 8 10 -10 -7 -12 13 -3
right_child=1 4 -4 -5 5 7 -8 -9 9 -11 11 -13 -14 -15
leaf_value=-0.013251617192858754 0.0040860377879369898 -0.0069117299455303859 -0.001706391971504375 0.037603492411685112 0.0336288814571419 0.019127031683394812 -0.01505586529414521 0.009412141060763296 0.027387635879986827 -0.0059588288217011544 -0.030064763077101299 0.00050168959408799596 -0.01222354065161786 0.0077021284615949705
leaf_weight=599.91920484788716 750.52024752646685 6037.3388149924576 2406.1036628969014 556.16930179297924 998.34652323834598 929.22692932374775 540.78946183435619 4007.0792513955384 395.17373174056411 12628.776790130883 595.73778176307678 80062.731913473457 2898.7067406941205 4209.0849387999624
leaf_count=2603 3124 27094 9972 2333 4516 4228 2557 18699 1821 65966 2829 442330 13381 18714
internal_value=5.50179e-05 0.000124365 0.00544608 0.0185294 -5.04859e-05 0.0003907 0.0165363 0.000137066 -0.000256713 -0.00492679 0.00048929 0.000272229 -0.0034098 -0.000906909
internal_weight=117616 117016 3712.79 1306.69 113303 100158 1539.14 98618.7 94611.6 13024 81587.7 80658.5 13145.1 10246.4
internal_count=620167 617564 15429 5457 602135 542946 7073 535873 517174 67787 449387 445159 59189 45808
is_linear=0
shrinkage=0.05


Tree=119
num_leaves=15
num_cat=0
split_feature=14 71 71 27 70 54 71 73 68 70 70 71 71 84
split_gain=42.4868 49.3808 56.7599 41.5968 52.7277 46.1098 75.9797 141.202 73.1706 79.2128 102.509 71.127 57.554 112.884
threshold=-0.15941079705953595 0.036813231185078628 0.029663254506886009 0.48632764816284185 -0.002195091918110847 0.27179390192031866 -0.033527091145515435 0.12987624853849414 -0.068213950842618928 -0.0030284329550340767 -0.030434315092861649 0.042148336768150337 -0.017686145380139347 1.5000000000000002
decision_type=8 2 2 2 2 8 2 2 10 2 2 2 2 2
left_child=1 2 -1 4 -2 6 8 -8 9 10 -5 -9 13 -7
right_child=3 -3 -4 5 -6 12 7 11 -10 -11 -12 -13 -14 -15
leaf_value=0.0031210429425105757 0.0032333170999735979 -0.0070453494313373654 0.01870515035208448 -0.013239571351274263 -0.0069636859526473263 0.010827100828359616 0.022214851171577 -0.00068424493633901184 -0.015627410014488873 -0.017392970678539201 0.014900130848621738 -0.013914688776451545 0.00020505076260111233 -0.00042630569779490072
leaf_weight=9746.4077419992536 1745.7448781933635 1099.0023952275515 612.26110522076488 495.23852584138513 4572.6608677823097 3946.7823157329112 650.09160468354821 27132.268797468394 1752.8130017518997 551.90552866086364 892.69211931526661 1045.4248552136123 58246.515402942896 5100.151715317741
leaf_count=40855 8650 4640 2538 2121 24840 17689 2768 161918 8373 2271 3801 5562 311221 22835
internal_value=9.77398e-05 0.00298895 0.00405931 -0.000214638 -0.00414565 3.45928e-05 -0.00151103 -0.00064478 -0.00825364 -0.00154481 0.0048365 -0.00117987 0.000781647 0.0044896
internal_weight=117590 11457.7 10358.7 106132 6318.41 99813.9 32520.4 28827.8 3692.65 1939.84 1387.93 28177.7 67293.4 9046.93
internal_count=620082 48033 43393 572049 33490 538559 186814 170248 16566 8193 5922 167480 351745 40524
is_linear=0
shrinkage=0.05


Tree=120
num_leaves=15
num_cat=0
split_feature=5 66 15 72 69 72 68 71 68 72 68 72 74 72
split_gain=41.9829 36.8331 35.7916 35.1817 74.0171 36.5004 35.2512 58.8604 51.3255 48.4446 35.167 144.923 113.559 86.9204
threshold=0.71724092960357677 -0.12413652613759039 16.158908843994144 0.013102645520120861 -0.020707927644252774 0.011894440744072201 -0.01183955743908882 0.00033866609737742698 0.039957420900464065 0.014131831005215647 -0.087453853338956819 0.017317797988653186 -0.011990816798061131 0.040826499462127692
decision_type=2 10 8 10 8 10 8 2 8 10 8 10 2 10
left_child=1 -1 3 4 5 -2 9 -8 -9 -5 11 -4 -13 -14
right_child=2 -3 10 6 -6 -7 7 8 -10 -11 -12 12 13 -15
leaf_value=-0.0021912487134916623 0.026677777736742792 -0.023455285441588321 0.028192219203150622 -0.018405174248912966 0.0020019189237786678 0.0062530963114070803 0.013982322827426381 0.0051763076772237552 -0.011974294245591259 -0.0021650167046961678 -0.0005948586898226611 0.010886671552800101 -0.025964951113564429 0.0012783325199659053
leaf_weight=484.46919079683721 445.20450166240335 344.26161118969321 536.60384923964739 613.11350632831454 18669.795539434999 436.44258343428373 723.56601806357503 918.43681643903255 813.85948988609016 1758.4186741244048 89622.993757922202 1115.1071391105652 534.82821413874626 630.95305347442627
leaf_count=2126 2041 2688 2261 2910 104749 2010 3121 4427 3668 7774 473067 4688 2204 2556
internal_value=-5.22596e-05 -0.0111988 2.77674e-05 0.00173159 0.00267521 0.0167505 -0.00208779 0.00210786 -0.00290379 -0.00642325 -0.000421711 0.00506865 -0.000470741 -0.0113347
internal_weight=117648 828.731 116819 24378.8 19551.4 881.647 4827.39 2455.86 1732.3 2371.53 92440.5 2817.49 2280.89 1165.78
internal_count=620290 4814 615476 130700 108800 4051 21900 11216 8095 10684 484776 11709 9448 4760
is_linear=0
shrinkage=0.05


Tree=121
num_leaves=15
num_cat=0
split_feature=72 72 74 27 70 74 68 72 68 73 68 68 74 74
split_gain=50.8521 82.8669 51.3897 46.0852 70.7941 84.196 79.4318 86.9609 82.3002 101.724 77.4726 72.7532 71.2726 152.757
threshold=0.054642656818032272 0.049865879118442542 -0.04474180564284324 0.83986821770668041 -0.00033516644907649601 0.0013881663326174023 -0.039862519130110734 0.019190592691302303 -0.023032579571008679 0.33144247531890875 -0.0020917954389005895 0.0048870842438191184 0.0092724086716771143 0.0071679097600281247
decision_type=8 10 2 2 2 2 8 10 10 2 10 10 2 2
left_child=1 2 -1 4 5 -4 7 -6 9 -8 -7 12 13 -10
right_child=-2 -3 3 -5 6 10 8 -9 11 -11 -12 -13 -14 -15
leaf_value=-0.015422454045287262 -0.017072349534407637 0.021769817582282962 0.00022057659651049575 0.00085278261909530893 0.018905967891278234 0.02860410520385151 -0.0046171656649492713 -0.0072631032648829731 0.0029891458734215134 -0.031229605640120412 0.0042744891409861171 -0.0038607214545077042 -0.004999818232445101 0.034996594696952633
leaf_weight=533.48777741007507 427.91751217469573 425.42058140039444 18891.164698105305 66266.504880165681 838.13446701318026 492.18339944630861 974.50867044739425 500.46862786263227 2639.1095775961876 562.58393486775458 951.72308846190572 21883.392453636974 1793.3695163205266 424.55822513252497
leaf_count=2323 1768 1794 99374 345284 3695 2252 4531 2152 14075 2725 4884 124370 8884 2209
internal_value=-6.57177e-05 -2.15956e-06 -8.33505e-05 -1.16167e-05 -0.00115829 0.00111302 -0.00271767 0.00914073 -0.00328206 -0.0144964 0.0127074 -0.00263226 0.00289912 0.00752412
internal_weight=117605 117177 116751 116218 49951.2 20335.1 29616.1 1338.6 28277.5 1537.09 1443.91 26740.4 4857.04 3063.67
internal_count=620320 618552 616758 614435 269151 106510 162641 5847 156794 7256 7136 149538 25168 16284
is_linear=0
shrinkage=0.05


Tree=122
num_leaves=15
num_cat=0
split_feature=0 69 71 71 70 71 71 70 72 69 69 71 69 70
split_gain=38.8943 35.8088 118.731 142.731 142.234 131.338 121.503 105.821 96.6764 113 95.2668 80.1773 76.7667 111.765
threshold=0.011692701838910581 0.10132142156362535 0.018063968978822235 0.019246594049036506 0.00041008580592460936 -0.0015623159124515949 0.012974427081644537 0.0046999931801110515 0.0055125355720520028 0.10753752291202547 0.12019995972514154 -0.0030016209930181499 0.12782794237136844 -0.0078371237032115442
decision_type=2 8 2 2 2 2 2 2 10 8 8 2 10 2
left_child=-1 -2 4 7 6 10 8 -4 -3 -10 -6 -12 -11 -14
right_child=1 2 3 -5 5 -7 -8 -9 9 12 11 -13 13 -15
leaf_value=-0.015739494224174217 0.00049091107513702943 -0.010746132704444307 0.034113048024013146 0.0010290159068845723 -0.0083019492886045512 -0.0095067190450884576 0.016429312314442925 0.0038375173076210193 0.017789305882463431 -0.0039131266031323837 0.0040452959228869743 0.029523252298242098 0.028995959863187978 0.0012399408201764935
leaf_weight=385.29440216161311 86591.233205787838 1961.126135725528 618.78527526184916 5860.6916032843292 1114.16047815606 9862.6788065321743 1126.3510857969522 538.74943426996469 941.56265676766634 4997.4977053329349 1199.4986007586122 407.78981862962246 459.12807213142514 1602.8274821452796
leaf_count=9801 448135 11693 3159 30056 5685 54146 5872 2900 4649 26359 6130 2140 2094 7828
internal_value=-8.20124e-05 -2.92371e-05 -0.00149647 0.00421111 -0.00318966 -0.00682558 0.000939117 0.0201755 -0.000826972 0.00161469 0.00289025 0.010652 -0.000564732 0.00753039
internal_weight=117667 117282 30690.8 7018.23 23672.6 12584.1 11088.5 1157.53 9962.14 8001.02 2721.45 1607.29 7059.45 2061.96
internal_count=620647 610846 162711 36115 126596 68101 58495 6059 52623 40930 13955 8270 36281 9922
is_linear=0
shrinkage=0.05


Tree=123
num_leaves=15
num_cat=0
split_feature=8 53 54 53 74 68 68 73 74 72 69 69 74 74
split_gain=42.6774 50.899 52.464 56.2025 42.5686 73.9987 47.7173 75.5927 61.214 45.0235 50.8292 46.072 59.008 99.9102
threshold=1.0000000180025095e-35 -0.33412322402000422 0.27179390192031866 -0.11499628797173499 -0.0070947986096143714 0.051386155188083656 -0.0050752747338265172 0.39495027065277105 -0.015180052258074282 0.003753507044166327 0.080389901995658888 0.084976848214864745 -0.0014396875631064174 -0.00055568764219060529
decision_type=2 10 10 10 2 10 10 2 2 10 10 10 2 2
left_child=1 -1 3 -3 5 6 8 -8 -4 10 -6 12 -11 -14
right_child=-2 2 4 -5 9 -7 7 -9 -10 11 -12 -13 13 -15
leaf_value=0.0013759340606257948 0.0027613142480392176 -0.0016942019891457449 0.0054782783534037833 -0.0076355997114108121 0.0022796371517021137 -0.015417809939279624 0.02459143083273857 0.0048868952819957961 -0.0083184757752978195 -0.0045123136742789222 0.021823008690938339 -0.0031094396478924171 0.014816533319532768 0.00064760810392531175
leaf_weight=31650.017432259396 12767.909902065992 19231.563710415736 1742.7708089761436 5012.290941754356 1484.1243863366544 509.01329933293164 528.94722162932158 5141.8071427624673 1475.3264285642654 4705.6231702081859 419.93302838690579 16979.057757979259 1349.7632848881185 14647.722610017285
leaf_count=143685 73559 103090 7717 43667 10384 2464 2439 25413 6854 25026 2632 89702 7144 76739
internal_value=3.31137e-05 -0.000299251 -0.00102338 -0.0029252 -8.16955e-05 0.00294161 0.00400909 0.00676492 -0.000852975 -0.000799998 0.00668135 -0.0011797 0.000403661 0.0018516
internal_weight=117646 104878 73227.9 24243.9 48984.1 9397.86 8888.85 5670.75 3218.1 39586.2 1904.06 37682.2 20703.1 15997.5
internal_count=620515 546956 403271 146757 256514 44887 42423 27852 14571 211627 13016 198611 108909 83883
is_linear=0
shrinkage=0.05


Tree=124
num_leaves=15
num_cat=0
split_feature=5 0 68 71 71 72 72 53 1 72 71 72 71 68
split_gain=42.3113 35.9052 33.9407 90.3266 147.338 76.5832 251.32 35.1025 50.4221 44.9029 72.2142 49.2207 60.2975 80.3988
threshold=0.71724092960357677 0.053548973053693778 0.063369292765855803 0.036813231185078628 0.029663254506886009 0.014507370535284283 0.012446424458175899 -0.14678697288036344 0.022849769331514839 0.003753507044166327 0.013157180976122619 0.0046126006636768588 0.01045523537322879 0.051386155188083656
decision_type=2 2 8 2 2 8 10 10 10 10 2 10 2 10
left_child=1 -1 7 4 5 6 -4 8 -2 10 -9 -11 13 -13
right_child=2 -3 3 -5 -6 -7 -8 9 -10 11 -12 12 -14 -15
leaf_value=-0.022980391840830464 0.0025100630460087366 -0.0019335593769246517 -0.010699863483706724 -0.021590575880283364 0.017845139484439575 -0.020551281761605204 0.028199403841595885 0.0021573932030629632 -0.00027362116142133538 -0.006640674012947179 0.02705977885266499 0.0012553134986055493 -0.0033550911891773935 -0.014916708121426077
leaf_weight=359.21446157433093 27637.892814991996 453.64621950685978 1833.6674755830318 635.55507289245725 783.1503038033843 713.53487662412226 525.96684348583221 1958.1011650413275 39516.651880435646 3905.9070168491453 332.42909519188106 23875.373035175726 14184.710486102849 784.10214320011437
leaf_count=2913 150949 1855 9872 3009 3665 3289 2255 16442 164313 30496 2574 138520 85111 4936
internal_value=-0.000102491 -0.0114007 -2.2816e-05 -0.00427969 -0.00137825 -0.00631902 -0.00194673 0.00014798 0.000872225 -0.000931808 0.00587344 -0.00129772 -0.000758897 0.00073525
internal_weight=117500 812.861 116687 4491.87 3856.32 3073.17 2359.63 112195 67154.5 45040.6 2290.53 42750.1 38844.2 24659.5
internal_count=620199 4768 615431 22090 19081 15416 12127 593341 315262 278079 19016 259063 228567 143456
is_linear=0
shrinkage=0.05


Tree=125
num_leaves=15
num_cat=0
split_feature=15 68 73 73 73 69 84 69 73 73 74 69 74 68
split_gain=45.5814 35.4006 34.3469 67.6488 83.5857 57.9818 60.2294 110.072 54.9162 54.8018 70.8578 53.302 51.412 49.8543
threshold=17.309823036193851 0.066133540123701109 0.86850854754447948 0.78874629735946666 0.79456016421318065 -0.026671154424548146 1.0000000180025095e-35 0.034279244020581252 0.8108845353126527 0.72511178255081188 -0.011121466290205715 0.074017386883497252 -0.0034210348967462774 0.049752205610275275
decision_type=8 10 2 2 2 10 2 10 2 2 2 8 2 10
left_child=-1 2 3 9 -5 -6 13 -8 -9 -2 -11 -12 -13 -7
right_child=1 -3 -4 4 5 6 7 8 -10 10 11 12 -14 -15
leaf_value=0.0015761165477143524 -0.00038780044259324986 -0.0079313093501902476 -0.01047067730251494 0.024095085604151432 0.02131096510282926 0.00060539296809093983 -0.021916948720778318 0.014761868471048678 -0.0015634074552290452 0.016018589406324942 -0.0018904081099839665 0.003330369779708014 -0.01424746342661571 0.025013504453260255
leaf_weight=30918.257866885513 72630.111536793411 1632.174346851185 848.35690939426422 512.99441378749907 384.89818344265223 404.09646620973945 551.78098738007247 664.8232120834291 2170.4026447739452 361.0403291489929 3074.4537756498903 496.24959482438862 2458.5315026752651 424.91345142573118
leaf_count=165347 376768 8155 5647 2912 2163 2076 3106 3492 10981 1705 18068 2759 14974 2182
internal_value=-7.16352e-05 -0.000659935 -0.000519365 -0.000417789 0.00514976 0.00298972 0.00127062 -0.00169553 0.00230308 -0.000778707 -0.0052141 -0.00650996 -0.011294 0.0132649
internal_weight=117533 86614.8 84982.7 84134.3 5113.91 4600.91 4216.02 3387.01 2835.23 79020.4 6390.28 6029.23 2954.78 829.01
internal_count=620335 454988 446833 441186 26912 24000 21837 17579 14473 414274 37506 35801 17733 4258
is_linear=0
shrinkage=0.05


Tree=126
num_leaves=15
num_cat=0
split_feature=74 68 74 84 71 72 69 69 74 72 72 69 72 68
split_gain=34.925 40.4307 115.36 190.469 162.16 212.424 71.0679 196.286 58.6531 172.253 161.427 87.7804 105.275 83.9001
threshold=-0.04474180564284324 -0.074138201773166643 -0.015850028023123738 1.5000000000000002 -0.060255499556660645 0.021474678069353107 -0.10739394277334212 -0.12003959342837332 0.017647080123424533 0.019676754251122478 0.018020819872617725 -0.048130543902516358 0.013102645520120861 0.0018470055656507613
decision_type=2 8 2 2 2 10 8 10 2 10 10 10 10 10
left_child=-1 2 3 -2 -4 -6 7 -3 -8 10 11 -10 13 -13
right_child=1 6 4 -5 5 -7 8 -9 9 -11 -12 12 -14 -15
leaf_value=-0.01201117025478937 -0.0014490698986977576 0.0091903388951874946 -0.023899689604838646 0.03664606037570238 0.022844083801963205 -0.010907171615473268 -0.00026647527232635191 -0.026711161143695945 0.023743425771726848 -0.015360130492265051 0.034925887449598562 0.021750786258696853 -0.0087344750676033398 0.0025280856552871468
leaf_weight=595.62757103331387 673.10827421024442 676.90152211487293 589.52581731230021 628.82381220906973 923.59767911210656 922.42841752432287 105865.52158941887 848.67413199692965 560.02423511818051 887.16206931881607 506.15479119867086 813.68754852749407 1321.5520856939256 1836.330815365538
leaf_count=2600 2829 2907 2434 2629 3900 3775 568264 3817 2559 3818 2223 3766 6003 8969
internal_value=-3.50817e-05 2.68795e-05 0.00513653 0.0170897 -0.00129683 0.00601124 -0.00014209 -0.0108255 4.65904e-06 0.00484154 0.00842249 0.00539182 0.00275096 0.00848999
internal_weight=117649 117053 3737.48 1301.93 2435.55 1846.03 113316 1525.58 111790 5924.91 5037.75 4531.59 3971.57 2650.02
internal_count=620493 617893 15567 5458 10109 7675 602326 6724 595602 27338 23520 21297 18738 12735
is_linear=0
shrinkage=0.05


Tree=127
num_leaves=15
num_cat=0
split_feature=27 53 54 53 5 71 71 71 70 70 70 70 70 70
split_gain=39.0832 56.4794 49.72 79.3314 66.8342 47.7006 56.1887 47.7969 48.2373 56.0995 50.2151 59.0019 63.3846 57.3993
threshold=1.2908593416213991 -0.012199868448078631 0.47431603074073797 -0.19826467335224149 0.96855622529983532 -0.017686145380139347 -0.013603275176137684 -0.0099539100192487222 0.016821727156639103 -0.00033516644907649601 -0.016523967497050759 -0.012489960994571446 -0.010116796009242533 -0.006910554599016904
decision_type=2 10 8 10 2 2 2 2 2 2 2 2 2 2
left_child=1 2 3 4 -1 -4 -7 -8 9 10 -9 -12 -13 -14
right_child=-2 -3 5 -5 -6 6 7 8 -10 -11 11 12 13 -15
leaf_value=0.0025888373916947765 0.0018669206157505395 -0.0068855320668529023 0.0055425233984467311 -0.0035697726216997378 -0.0023099243888617992 -0.0092899335877805102 0.0089034990479667907 -0.01374460360232879 0.010031505722596977 -0.0015823245493879349 0.018639399086410505 -0.015325938941496239 0.01191255563929797 0.0017334185021919213
leaf_weight=15874.96805556491 21938.410657005385 3304.3727197032422 5116.2589197456837 21841.88522490114 12385.865644089878 1429.0549654457718 1716.2728510405868 437.40243395417929 1235.7307248748839 20586.384426256642 587.35762134753168 467.44183397479355 1627.3917129933834 9016.1140096969903
leaf_count=73088 109424 26881 21899 151105 55493 6632 8108 1877 5326 102917 2584 2147 7674 45190
internal_value=-3.59106e-05 -0.000472603 -0.000242352 -0.00130738 0.000441801 0.00102155 0.00039681 0.000787342 0.00037464 7.00114e-06 0.00270213 0.0033283 0.00250287 0.00329953
internal_weight=117565 95626.5 92322.1 50102.7 28260.8 42219.4 37103.2 35674.1 33957.8 32722.1 12135.7 11698.3 11110.9 10643.5
internal_count=620345 510921 484040 279686 128581 204354 182455 175823 167715 162389 59472 57595 55011 52864
is_linear=0
shrinkage=0.05


Tree=128
num_leaves=15
num_cat=0
split_feature=14 71 74 74 71 5 69 69 73 73 69 68 68 69
split_gain=33.2508 44.3157 41.9361 60.9516 45.3899 38.1883 37.4989 41.6811 37.1403 32.4997 181.583 214.637 142.979 145.392
threshold=-0.17495924234390256 0.036813231185078628 -0.0014977295650169251 -0.00025381952582392836 0.02350313309580088 0.71724092960357677 -0.013108383864164351 0.059602085500955589 0.39235964417457586 0.31657269597053533 0.03979728743433953 -0.019749879837036129 -0.021990260109305378 0.022645376622676853
decision_type=8 2 2 2 2 2 10 10 2 2 10 10 10 8
left_child=1 2 -1 -4 6 -2 8 -8 -5 10 -7 -12 13 -11
right_child=5 -3 3 4 -6 9 7 -9 -10 12 11 -13 -14 -15
leaf_value=-0.00023804108445951548 -0.012325282801774202 -0.0074951414882753449 0.021745942389602403 0.00039586764334422213 0.016550088455864528 0.00020023634013547863 -0.0073866406668846186 0.0049104501830561764 0.018249166522845212 -0.015843992419801094 0.041433269197026973 0.0020816787479908958 -0.0001854145581688865 0.0069537861001614729
leaf_weight=3717.2914730776101 646.28840400464833 948.55004025250673 587.6990103200078 533.48852939903736 684.17101972550154 14906.459120826796 1218.9551599211991 1558.7229234557599 632.89669765532017 2798.5764025449753 596.30829767882824 811.31740410625935 86936.655635846779 924.76496008783579
leaf_count=15364 4058 3994 2455 2161 2841 66420 5176 6593 2588 13434 2555 3655 484653 4201
internal_value=-4.59866e-05 0.00272824 0.00382095 0.00670864 0.00475641 -0.000300948 0.0026739 -0.00049314 0.0101561 -0.000227157 0.00182662 0.0189268 -0.000596891 -0.0101783
internal_weight=117502 9881.77 8933.22 5215.93 4628.23 107620 3944.06 2777.68 1166.39 106974 16314.1 1407.63 90660 3723.34
internal_count=620148 41172 37178 21814 19359 578976 16518 11769 4749 574918 72630 6210 502288 17635
is_linear=0
shrinkage=0.05


Tree=129
num_leaves=15
num_cat=0
split_feature=22 72 72 71 73 69 72 69 14 72 72 71 71 73
split_gain=33.0503 32.0523 109.014 203.71 109.387 137.926 94.7578 72.7775 46.6888 46.3425 144.712 118.898 134.658 107.59
threshold=95.540431976318374 0.0046126006636768588 0.0040987152606248864 0.017434364184737209 0.50397408008575451 0.05397953279316426 0.0046515460126101979 0.11273750662803651 0.12135988101363183 0.0053966774139553317 0.0058862892910838136 -0.0066218213178217402 0.00052272941684350382 0.47813309729099279
decision_type=10 10 8 2 2 8 10 8 8 10 10 2 2 2
left_child=1 2 3 4 -1 -6 -3 -7 -4 11 13 -8 -13 -11
right_child=-2 6 8 -5 5 7 9 -9 -10 10 -12 12 -14 -15
leaf_value=-0.025190043739358143 -0.0064874607886095089 0.023057386980500187 -0.010579371895132608 0.032553621632018748 0.02686846990314859 0.00157965941706975 0.022379219672310824 -0.013559264394482545 -0.00022001610688263831 0.010369384496078491 0.00046292482695958379 -0.010116063216144925 0.0062222150846081188 -0.010968446914330181
leaf_weight=410.91736108995974 1921.8677860181779 449.12538309022784 3840.3386318795383 491.09554712660611 470.57764230109751 4540.3090707212687 786.03348339535296 951.70971212722361 1516.4425843060017 672.63453141413629 90660.929583074525 1706.1717674005777 4748.2206011731178 4461.2840020917356
leaf_count=2494 11980 2673 26389 3052 3310 31452 4699 6787 8269 3820 449854 10196 29796 26243
internal_value=-1.50661e-06 0.000106776 -0.00231374 0.00185753 -0.000554973 0.00118211 0.000392832 -0.00106363 -0.00765263 0.00029181 9.68959e-08 0.00414602 0.00189434 -0.00815809
internal_weight=117628 115706 12221.4 6864.61 6373.51 5962.6 103484 5492.02 5356.78 103035 95794.8 7240.43 6454.39 5133.92
internal_count=621014 609034 81753 47095 44043 41549 527281 38239 34658 524608 479917 44691 39992 30063
is_linear=0
shrinkage=0.05


Tree=130
num_leaves=15
num_cat=0
split_feature=72 72 70 68 69 24 69 84 68 70 69 68 68 69
split_gain=36.1431 91.7887 39.6275 65.3159 41.2637 53.3516 38.5961 130.089 197.194 81.5341 45.0858 205.999 155.355 152.715
threshold=0.054642656818032272 0.049865879118442542 -0.030434315092861649 -0.087453853338956819 -0.13803395628929135 -0.051692856475710862 -0.10739394277334212 1.5000000000000002 -0.074138201773166643 0.00041008580592460936 -0.013108383864164351 -0.015703483484685418 -0.0050752747338265172 -0.042015798389911645
decision_type=8 10 2 10 8 2 8 2 10 2 8 10 10 10
left_child=1 2 3 -1 5 -4 7 9 -9 -6 11 -8 13 -13
right_child=-2 -3 4 -5 6 -7 10 8 -10 -11 -12 12 -14 -15
leaf_value=0.0034301240678172788 -0.01437367026806995 0.022841480831299363 -0.0014697265367277939 -0.01599827607049744 -0.030235586498997213 0.021894196595636514 -0.0025304389913136001 0.025898933677644877 -0.011834932557528125 -0.0031463436037586683 -0.00028145885844354515 0.011518083417617619 0.0053146146491952284 0.046207880938284443
leaf_weight=763.5474915895611 427.01103779673576 429.42036511749029 483.14178520441055 979.17336207255721 642.01707668602467 481.92119864746928 8286.4403239805251 587.59983427077532 813.79901831783354 488.3954769000411 96604.446245392784 882.09851465374231 5080.3425209838897 494.11421982944012
leaf_count=3222 1769 1814 1992 4477 2821 2060 36857 2454 3559 2114 527737 3915 23200 2239
internal_value=-2.11953e-05 3.24028e-05 -5.35607e-05 -0.007515 6.03084e-05 0.0103023 -2.73841e-05 -0.00611951 0.0040581 -0.0186619 0.000111675 0.00268616 0.00937478 0.0242166
internal_weight=117443 117016 116587 1742.72 114844 965.063 113879 2531.81 1401.4 1130.41 111347 14743 6456.56 1376.21
internal_count=620230 618461 616647 7699 608948 4052 604896 10948 6013 4935 593948 66211 29354 6154
is_linear=0
shrinkage=0.05


Tree=131
num_leaves=15
num_cat=0
split_feature=8 58 71 69 71 69 69 69 69 71 71 74 69 74
split_gain=40.1256 32.8567 76.7558 82.7437 125.73 86.7444 162.277 88.5355 146.002 89.7535 62.838 60.5573 52.0949 56.2943
threshold=1.0000000180025095e-35 0.0038702714955434207 0.012026709970086815 0.011493782978504898 -0.007645966485142707 0.021252671256661419 0.025208490900695327 0.044458262622356422 0.049152795225381858 -0.0086274417117238027 0.012571706436574461 0.013079097028821709 -0.019174007698893544 -0.0019750091014429923
decision_type=2 2 2 8 2 8 8 8 8 2 2 2 10 2
left_child=1 -1 3 4 12 -5 -7 -8 -9 -10 -4 -6 13 -3
right_child=-2 2 10 5 11 6 7 8 9 -11 -12 -13 -14 -15
leaf_value=-0.00086251687355450891 0.0027330522264813442 0.0082643360052805995 -0.018677907832594761 -0.01508128694487116 0.013012786358023979 0.032227012303135377 -0.0090279033453404735 0.026001940428720328 0.0084639386941328925 -0.0010888992006690545 -0.0013039684877216671 0.033884027352896397 0.01409358743657293 -0.0060580288308425658
leaf_weight=69868.85370788537 12750.192328516394 1159.0090374238789 533.2724183332175 779.70042150653899 1094.961728811264 419.12874745577574 1899.3332495708019 618.70744461752474 3281.9664181713015 9708.4042499121279 12447.558965209872 516.41641579195857 823.1968446969986 1650.7796868383884
leaf_count=376428 73655 4960 2749 3857 4873 2036 9395 3150 15163 50902 60828 2222 3633 6997
internal_value=8.57462e-05 -0.000236557 0.00101532 0.00281716 0.00828997 0.00109533 0.00189618 0.00105623 0.0024692 0.00132924 -0.00203154 0.0198694 0.00311359 -0.000141843
internal_weight=117551 104801 34932.4 21951.6 5244.36 16707.2 15927.5 15508.4 13609.1 12990.4 12980.8 1611.38 3632.99 2809.79
internal_count=620848 547193 170765 107188 22685 84503 80646 78610 69215 66065 63577 7095 15590 11957
is_linear=0
shrinkage=0.05


Tree=132
num_leaves=15
num_cat=0
split_feature=28 64 69 72 68 69 72 73 68 68 73 68 73 73
split_gain=33.544 37.6693 43.8968 262.478 105.695 64.8283 86.3566 82.3108 98.8287 80.0686 192.014 152.163 105.509 193.055
threshold=1.4728105068206789 -0.066498115658760057 0.13544805347919467 0.005073605105280877 0.040844514966011054 0.10968041792511941 0.012679401785135271 0.72511178255081188 0.057005966082215316 0.011834083124995233 0.54025754332542431 -0.0024913050001487132 0.44426245987415319 0.45128867030143743
decision_type=2 2 10 8 10 10 10 2 10 10 2 10 2 2
left_child=1 -1 5 -4 -5 7 -7 8 9 10 12 -12 -3 -14
right_child=-2 2 3 4 -6 6 -8 -9 -10 -11 11 -13 13 -15
leaf_value=0.0035315045995610427 -0.0029374445853253771 -0.0010286848126715774 0.038101983020698151 0.012705443763788552 -0.0040119781513423261 -0.0047357050736227188 0.018802958880313952 -0.0035858582235645062 0.024499852730405121 0.0026645639348644792 0.017945860715004574 -0.012234598695860688 0.025634431181215323 0.00263123690222118
leaf_weight=8132.7291046120226 8858.4434895925224 26551.897766364738 511.95268344506621 1307.0709417536855 3341.4757576845586 10536.757456248626 394.8860636241734 12137.035802433267 429.54423876293004 30409.583884535357 448.47316710092127 4810.1855765301734 1012.8131113946438 8459.0187216550112
leaf_count=34023 41517 125516 2661 6134 16777 58864 1780 71940 2165 177645 2111 27210 5112 46366
internal_value=1.91545e-05 0.00026083 -4.56064e-06 0.00448223 0.000705783 -0.000248246 -0.00386901 0.000221912 0.000863115 0.000718097 -0.000716014 -0.00963155 0.000587766 0.00511539
internal_weight=117342 108483 100351 5160.5 4648.55 95190.2 10931.6 84258.6 72121.5 71692 41282.4 5258.66 36023.7 9471.83
internal_count=619821 578304 544281 25572 22911 518709 60644 458065 386125 383960 206315 29321 176994 51478
is_linear=0
shrinkage=0.05


Tree=133
num_leaves=15
num_cat=0
split_feature=69 74 71 72 74 72 74 69 69 72 72 69 69 72
split_gain=38.392 125.758 130.424 136.675 118.042 114.471 121.632 102.472 123.872 105.682 201.02 208.638 227.708 230.017
threshold=0.10132142156362535 0.0022695042425766592 0.012974427081644537 0.0067380368709564218 0.0041607425082474956 0.0049440893344581136 0.0076031466014683255 0.090995021164417281 0.086077798157930388 0.0080942544154822844 0.0065029829274863013 0.063195921480655684 0.070080220699310317 0.0069313293788582095
decision_type=8 2 2 10 2 10 2 10 10 10 10 10 10 10
left_child=7 2 3 -2 -3 6 -6 8 9 10 -1 -12 -13 -14
right_child=1 4 -4 -5 5 -7 -8 -9 -10 -11 11 12 13 -15
leaf_value=-3.7019634922770995e-05 -0.0066435436106990669 -0.015802274794782228 0.0080487745949738478 0.0037925067970226269 -0.0042258554436042806 -0.0046572935259056149 0.031772336916795714 0.0061480139559141464 -0.0089270648616207472 -0.00098157786843996726 0.002626816399476217 0.038441803757489984 0.036210979395607246 0.002305150036436685
leaf_weight=18876.870245933533 6336.7913090791553 2187.9808302484453 5013.715889967978 6194.8443598635495 469.46110795624554 10009.839764021337 455.05263005383313 7414.2779802884907 3690.4167172126472 47919.447098566219 5248.3136573974043 996.5775699056685 650.78575666435063 2064.7935439962894
leaf_count=122962 36469 12147 26213 31028 3074 52773 2722 39495 20786 225024 28730 5232 3286 10641
internal_value=-6.50458e-06 -0.00152708 0.00124187 -0.00148571 -0.00522746 -0.00309892 0.0136431 0.00053047 5.51444e-06 0.000441777 0.00289143 0.00905389 0.0181091 0.0105337
internal_weight=117529 30667.7 17545.4 12531.6 13122.3 10934.4 924.514 86861.5 79447.2 75756.8 27837.3 8960.47 3712.16 2715.58
internal_count=620582 164426 93710 67497 70716 58569 5796 456156 416661 395875 170851 47889 19159 13927
is_linear=0
shrinkage=0.05


Tree=134
num_leaves=15
num_cat=0
split_feature=72 72 69 72 69 68 69 68 68 68 69 17 68 72
split_gain=35.9858 97.8506 99.6294 73.2667 67.2851 46.1793 67.9097 49.7555 75.7617 43.5935 42.1722 76.6409 38.7902 49.8899
threshold=0.0046126006636768588 0.0040987152606248864 0.11829928308725358 0.0046515460126101979 0.11515964940190317 0.037134038284420974 0.068202320486307158 1.0000000180025095e-35 0.0092393355444073694 0.027024324052035812 0.054912677034735687 42.785005569458015 0.016908494755625728 0.0034436949063092475
decision_type=10 8 10 10 8 8 8 10 10 10 10 2 10 10
left_child=1 2 4 -2 10 6 7 -3 -9 -8 11 -1 -12 -14
right_child=3 5 -4 -5 -6 -7 9 8 -10 -11 12 -13 13 -15
leaf_value=-0.0030413191676602188 0.020247207200484146 0.008179846648356975 0.025974384079706293 0.00031584063655359522 -0.014288165740890061 -0.014458632034682718 0.020446922679149156 -0.028559100017915607 -0.0067032323273207087 -0.00046955268083864461 -0.0089048252582344129 0.025342585878065683 0.0088252405220231069 -0.0025441062122112139
leaf_weight=462.58309040032327 453.12667873315513 334.10159259475768 381.80437758564949 104335.81311458535 720.62548518367112 1637.0170683767647 311.72977322712541 529.50288597308099 1532.8377452082932 1101.6770067382604 980.74494420364499 475.33573058620095 1633.652192980051 2328.6730655860156
leaf_count=3049 2689 1981 2216 532826 5384 9859 1905 3884 10597 7263 6744 3335 12047 15431
internal_value=0.000102148 -0.00244037 0.00147758 0.000403951 2.36661e-05 -0.00745707 -0.00441866 -0.00953067 -0.0124254 0.00425486 0.00179864 0.0114592 -5.38287e-05 0.00215385
internal_weight=117219 12430.3 6983.42 104789 6601.61 5446.87 3809.85 2396.44 2062.34 1413.41 5880.99 937.919 4943.07 3962.33
internal_count=619210 83695 48206 535515 45990 35489 25630 16462 14481 9168 40606 6384 34222 27478
is_linear=0
shrinkage=0.05


Tree=135
num_leaves=15
num_cat=0
split_feature=2 13 68 25 68 68 69 74 84 74 74 69 69 69
split_gain=30.2554 30.2522 30.2811 71.9123 61.1319 42.2122 240.925 79.7368 290.093 143.045 106.196 141.67 112.209 62.5662
threshold=0.010355446953326465 -0.12068118155002593 -0.13279618322849271 -0.21974353492259976 -0.09988760948181151 -0.087453853338956819 -0.12291077151894568 -0.019179445691406723 3.5000000000000004 -0.022302128374576565 -0.017201921902596947 0.043823914602398879 -0.0086297993548214418 0.07267846912145616
decision_type=2 10 8 10 8 8 10 2 2 2 2 10 8 8
left_child=-1 -2 3 -3 -4 6 -6 8 9 13 11 12 -9 -7
right_child=1 2 4 -5 5 7 -8 10 -10 -11 -12 -13 -14 -15
leaf_value=-0.013130226705822255 -0.009007045492494788 -0.0046774606430192078 -0.015575560003515856 0.021654268617184391 -0.012241094308789342 0.0023537862505889941 0.032895653227300557 0.015954629351456577 -0.031438394945174024 -0.015381427485465697 0.00013409985735307037 0.033827580536540232 -0.015877593741477857 0.022016215076592772
leaf_weight=425.72632509097457 900.84168680012226 506.88051773607731 611.41638195514679 514.62808398157358 604.90344094485044 2247.7840732075274 561.05916503816843 652.53710284084082 913.67403044551611 1098.00096969679 106904.88722576015 533.06686624512076 465.7623857408762 484.24151099100709
leaf_count=9868 3795 2125 2556 2155 2541 10018 2296 2861 4146 5039 566016 2407 2166 2198
internal_value=2.07401e-05 6.97105e-05 0.000140909 0.00866958 6.44558e-05 0.00014935 0.00957367 5.15284e-05 -0.00628685 -0.000220563 0.000329057 0.0128733 0.00267356 0.00590646
internal_weight=117425 117000 116099 1021.51 115077 114466 1165.96 113300 4743.7 3830.03 108556 1651.37 1118.3 2732.03
internal_count=620187 610319 606524 4280 602244 599688 4837 594851 21401 17255 573450 7434 5027 12216
is_linear=0
shrinkage=0.05


Tree=136
num_leaves=15
num_cat=0
split_feature=70 74 70 23 74 71 73 70 73 71 27 0 74 74
split_gain=34.5097 98.3033 61.9482 88.6231 59.6683 256.026 129.787 125.78 125.052 77.1309 36.2037 60.2402 42.5668 47.9207
threshold=-0.030434315092861649 -0.028891491703689095 -0.034306820482015603 -0.052479896694421761 -0.021567674353718754 -0.041597483679652207 0.35803896188735967 -0.022202525287866589 0.55444979667663585 -0.060255499556660645 0.65456205606460582 0.021996567025780681 0.025787819176912311 0.017647080123424533
decision_type=2 2 2 2 2 2 2 2 2 2 2 2 2 2
left_child=2 -2 3 -1 5 -3 -7 -6 -8 -9 11 -11 13 -12
right_child=1 4 -4 -5 7 6 8 9 -10 10 12 -13 -14 -15
leaf_value=-0.015744346284346542 0.018183855087246469 0.025361546694520284 -0.020769553735105861 0.01127202860622141 0.022785811309741319 -0.031905352215391446 0.006194858903058837 -0.015417220767802413 -0.024044555283564778 -0.0081470916487440034 0.00045713685441937978 -0.00066481122165058934 -0.0067757433045410459 0.0061074857035677346
leaf_weight=532.61112077534199 732.046337261796 473.8079188503325 548.41719973832369 679.02348755672574 597.71843245439231 728.46978380158544 844.48611716926098 797.79139881394804 560.9909743629396 3101.7120300754905 82207.858588980511 19868.284231632948 1929.2299611773342 3922.0535891763866
leaf_count=2284 3107 2030 2522 2999 2617 3268 3864 3361 2600 31767 442762 90977 8454 18258
internal_value=-6.22898e-05 4.36473e-05 -0.006991 -0.000635513 -7.33645e-05 -0.00753578 -0.0149243 0.000100385 -0.00595969 -2.28955e-05 8.90978e-05 -0.00167827 0.00055025 0.000715113
internal_weight=117525 115764 1760.05 1211.63 115032 2607.75 2133.95 112425 1405.48 111827 111029 22970 88059.1 86129.9
internal_count=620870 613065 7805 5283 609958 11762 9732 598196 6464 595579 592218 122744 469474 461020
is_linear=0
shrinkage=0.05


Tree=137
num_leaves=15
num_cat=0
split_feature=72 72 74 70 69 70 71 74 70 74 71 68 71 72
split_gain=42.7425 102.738 45.2506 41.1763 74.6241 51.3523 106.632 160.8 40.9215 95.1946 91.8099 168.551 144.897 98.4139
threshold=0.054642656818032272 0.049865879118442542 -0.04474180564284324 0.027393514290452007 -0.045439498499035828 0.020869231782853607 0.0014283647760748865 0.02202530670911074 0.01308769825845957 0.018441225402057174 0.016166814602911476 0.038457298651337631 -0.025613646954298016 0.01018012408167124
decision_type=8 10 2 2 10 2 2 2 2 2 2 10 2 10
left_child=1 2 -1 5 -5 8 -7 -8 9 -4 11 12 -10 -14
right_child=-2 -3 3 4 -6 6 7 -9 10 -11 -12 -13 13 -15
leaf_value=-0.014407236778099514 -0.015581161192676524 0.024369514426665115 0.00019594987632370913 0.0041101772608433135 -0.023582432366794196 -0.01049599341917659 0.035241186091975074 0.00065346499074941532 -0.019727779395833957 0.018061507050462038 -0.01073908066766353 -0.024165902287457047 -0.0058151946234253748 0.013799221273737471
leaf_weight=528.03665831871331 423.38535080850124 426.23711015284061 105342.65527012572 468.87602652981877 489.97050800733268 530.52345671691 587.16517205536366 769.33420800045133 512.31840911135077 740.94119194149971 2745.3195380941033 570.89154972881079 862.41968627274036 2412.7262751627713
leaf_count=2319 1755 1807 564516 2027 2264 2348 2624 3491 2228 3503 13208 2997 4360 11036
internal_value=9.21385e-05 0.000150188 5.95407e-05 0.000126611 -0.0101381 0.000213014 0.0083714 0.0157732 7.62727e-05 0.000322423 -0.00359492 0.000919452 0.00475429 0.00863232
internal_weight=117411 116987 116561 116033 958.847 115074 1887.02 1356.5 113187 106084 7103.68 4358.36 3787.46 3275.15
internal_count=620483 618728 616921 614602 4291 610311 8463 6115 601848 568019 33829 20621 17624 15396
is_linear=0
shrinkage=0.05


Tree=138
num_leaves=15
num_cat=0
split_feature=27 0 0 69 72 69 74 74 70 71 69 73 74 70
split_gain=34.2648 49.6156 41.493 54.1515 44.6877 127.471 116.809 185.287 109.559 107.629 105.883 102.281 98.0873 132.77
threshold=1.2908593416213991 0.076850529760122313 0.053548973053693778 -0.13803395628929135 0.013351017143577339 -0.074945528060197816 0.0015047373017296197 0.0043391454964876184 -0.0024086254416033621 0.030724386684596542 0.011493782978504898 0.58129978179931652 0.019536812789738182 0.012144471053034069
decision_type=2 2 2 8 8 8 2 2 2 2 8 2 2 2
left_child=2 -2 3 -1 5 -5 8 11 -6 -10 12 -8 13 -9
right_child=1 -3 -4 4 6 -7 7 10 9 -11 -12 -13 -14 -15
leaf_value=0.015021518303861206 0.0023749727688723338 -0.0070863722162174516 0.0019011585588983926 0.029351955290926515 -0.0044494499218386951 -0.00065726620939007645 0.034524021417904914 0.0004047741386470197 -0.027043730642646133 -0.00019745981847664321 -0.011550980882633271 0.0028107651753975752 -0.0077158814162943297 0.027303689266777523
leaf_weight=519.51517879590392 20475.234748646617 1476.5614740252495 15623.270047619939 345.77833670377731 4851.8911562021822 66024.532629525289 566.18119703419507 1309.8583041615784 1232.6320443637669 533.88568145036697 2038.1097771152854 458.45867267623544 1307.5845425333828 696.26101181283593
leaf_count=2203 103549 5987 63298 1627 22516 382636 2606 6132 5936 2601 10052 2270 6032 3156
internal_value=-4.51983e-05 0.00173563 -0.000454647 -0.000915559 -0.00102176 -0.000496525 -0.00370192 0.00112779 -0.00834975 -0.0189769 -0.00261222 0.0204987 0.00290382 0.00982966
internal_weight=117460 21951.8 95508 79884.7 79365.2 66370.3 12994.9 6376.45 6618.41 1766.52 5351.81 1024.64 3313.7 2006.12
internal_count=620601 109536 511065 447767 445564 384263 61301 30248 31053 8537 25372 4876 15320 9288
is_linear=0
shrinkage=0.05


Tree=139
num_leaves=15
num_cat=0
split_feature=69 74 69 69 72 72 73 69 84 69 69 72 72 72
split_gain=35.2125 112.333 107.323 107.949 111.302 149.537 207.736 178.417 229.538 205.365 200.303 180.034 146.251 133.301
threshold=0.10132142156362535 -0.0043106127995997659 0.090995021164417281 0.084976848214864745 0.0080942544154822844 0.0064690886065363893 0.30744580924510961 0.063195921480655684 2.5000000000000004 0.030398579314351085 0.070080220699310317 0.0069313293788582095 0.0083628594875335711 0.0064295832999050626
decision_type=8 2 10 10 10 8 2 10 2 10 10 10 10 10
left_child=2 -2 3 4 5 13 -7 8 9 -8 -9 -12 -6 -1
right_child=1 -3 -4 -5 12 6 7 10 -10 -11 11 -13 -14 -15
leaf_value=0.0010849656134752411 0.0039212695752428167 -0.0031456150059516585 0.0062653592718957558 -0.0075213775865083784 -0.016664580692707914 -0.012606203788178595 0.01581218183994092 0.04036133509814889 0.018258114084497314 -0.013534172044943674 0.037317631836901018 0.0049489406822889256 -0.00051662768874746626 -0.026685636708402311
leaf_weight=18018.29370380193 7420.2444371171296 23119.916558841243 7483.8389641027898 4483.8196117430925 1436.3667321894318 1041.9429570380598 855.37964312918484 872.47215408086777 1855.611386006698 1908.5896256156266 549.55893366783857 1866.9018445480615 45930.129385894164 432.73300298675895
leaf_count=118045 37936 126017 39850 25309 7299 4990 4731 4620 10327 10718 2759 9618 215215 2358
internal_value=3.19296e-05 -0.00142788 0.000546041 5.23727e-06 0.000457552 0.00299334 0.0082927 0.0110586 0.00470444 -0.00442794 0.0199422 0.0124338 -0.00100972 0.000419558
internal_weight=117276 30540.2 86735.6 79251.8 74768 27401.5 8950.46 7908.51 4619.58 2763.97 3288.93 2416.46 47366.5 18451
internal_count=619792 163953 455839 415989 390680 168166 47763 42773 25776 15449 16997 12377 222514 120403
is_linear=0
shrinkage=0.05


Tree=140
num_leaves=15
num_cat=0
split_feature=73 73 18 72 72 72 72 72 70 74 69 72 72 73
split_gain=36.8038 171.708 82.7215 101.55 138.684 342.922 199.627 139.543 135.98 122.171 118.729 131.453 188.551 97.7627
threshold=0.32263550162315374 0.32778233289718633 58.880411148071296 0.016343498602509502 0.011299594305455686 0.010734383016824724 0.0085598342120647448 0.0071378787979483613 0.0014800503849983218 -0.012972702737897633 0.016753543168306354 0.013739499729126694 0.014131831005215647 0.21545944362878802
decision_type=2 2 2 8 10 10 10 10 2 2 10 10 10 2
left_child=2 -2 3 4 5 6 7 -1 9 -8 11 -6 -13 -9
right_child=1 -3 -4 -5 10 -7 8 13 -10 -11 -12 12 -14 -15
leaf_value=0.017377185401737494 -0.02944345876423959 -0.00036789805844665487 -0.009454261281585585 -0.002132180494550209 0.017634262739465733 -0.033217833661893931 0.02737776553929527 0.002687081531558189 0.039652163411280389 -0.0037367152585769097 0.030959736624423303 -0.018975946457457565 0.0088415962440245768 -0.022126148162810777
leaf_weight=510.62500953301787 500.41395778395236 98499.196378301829 1464.5086382962763 6325.9260011855513 2241.5843550525606 679.66825169511139 516.33708228543401 654.05673840269446 484.80962174013257 782.44824585318565 643.07820328325033 802.55069134943187 2424.3602151162922 992.18593226000667
leaf_count=2544 2483 536575 7180 27000 9807 3212 2238 3107 2144 3551 2806 3492 10384 4773
internal_value=-0.000135061 -0.000517825 0.00190997 0.00289063 0.00585061 -0.000687535 0.00499332 -0.00523481 0.0173222 0.00874764 0.0107863 0.00836174 0.00188597 -0.0123111
internal_weight=117522 98999.6 18522.1 17057.6 10731.7 4620.13 3940.46 2156.87 1783.59 1298.79 6111.57 5468.5 3226.91 1646.24
internal_count=621296 539058 82238 75058 48058 21569 18357 10424 7933 5789 26489 23683 13876 7880
is_linear=0
shrinkage=0.05


Tree=141
num_leaves=15
num_cat=0
split_feature=22 0 72 72 74 68 70 74 74 72 68 71 70 70
split_gain=34.3426 32.4572 31.3979 84.1429 37.8659 30.5699 272.795 62.0338 117.623 113.878 153.955 76.0547 183.387 69.9551
threshold=91.29233551025392 0.012468064669519665 0.054642656818032272 0.049865879118442542 -0.04474180564284324 -0.087453853338956819 -0.010116796009242533 -0.019179445691406723 -0.02498772460967302 0.017317797988653186 -0.014353075530380009 -0.047380616888403886 -0.0052308095619082442 -0.030434315092861649
decision_type=10 2 8 10 2 8 2 2 2 10 10 2 2 2
left_child=1 -1 3 4 -3 6 -6 8 9 10 13 12 -9 -7
right_child=-2 2 -4 -5 5 7 -8 11 -10 -11 -12 -13 -14 -15
leaf_value=-0.01177660979895718 -0.003120484645440126 -0.012865280737270319 -0.013155071103875657 0.022740461493502628 0.026016687504665716 0.0066244220696049551 -0.011294430150862306 0.0053860133432816161 -0.01319188038260766 -0.016481258385122596 -0.0095319191839624094 0.00072202205967819089 -0.031548285691179533 0.032839010807193203
leaf_weight=541.26734244264662 7731.2250430062413 529.13796066492796 416.40279941260815 411.33273451775312 931.0921815931797 465.41316245868802 1013.1555512882769 743.65338046848774 2342.9148685410619 565.10377377271652 659.71285191550851 99898.733965996653 599.57513521239161 568.60820117965341
leaf_count=12798 46714 2327 1715 1750 3911 2130 4179 3256 10672 2397 3038 520355 2711 2505
internal_value=9.81777e-05 0.000325309 0.000386398 0.000439463 0.000352684 0.000418759 0.00661541 0.000304319 -0.00536698 0.00277154 0.00925415 0.000562601 -0.0112116 0.0212163
internal_weight=117417 109686 109145 108728 108317 107788 1944.25 105844 4601.75 2258.84 1693.73 101242 1343.23 1034.02
internal_count=620458 573744 560946 559231 557481 555154 8090 547064 20742 10070 7673 526322 5967 4635
is_linear=0
shrinkage=0.05


Tree=142
num_leaves=15
num_cat=0
split_feature=16 58 70 69 69 74 74 73 15 70 74 26 69 73
split_gain=35.4834 37.1033 63.3406 65.1632 97.5208 87.859 111.003 55.7578 51.2651 50.9534 50.4884 49.9138 50.3964 89.1209
threshold=22.742204666137699 0.0038702714955434207 -0.00028305046726018185 0.011493782978504898 0.016753543168306354 0.0008592881786171348 0.0081914314068853872 0.41785703599452978 59.551424026489265 -0.017683968879282471 0.02202530670911074 0.5356757938861848 0.063195921480655684 0.32263550162315374
decision_type=2 2 2 8 8 2 2 2 8 2 2 8 10 2
left_child=1 8 9 5 -5 -4 7 -7 11 -3 -6 12 13 -1
right_child=-2 2 3 4 10 6 -8 -9 -10 -11 -12 -13 -14 -15
leaf_value=0.0020349874102184944 -0.0034015497675712195 -0.0085879401878008708 -0.016007707448502731 -0.022101612899719868 -0.0011128816118313742 0.0321554623163623 0.0028780456272798679 0.009710321521699811 -0.016551784533306798 0.005769427520339385 0.013304977364289435 0.0061876190256315178 0.00087879958952240549 -0.003259068799593721
leaf_weight=10964.643425375223 7436.0055660214275 652.35497171059251 460.68489775434136 534.34186421334743 18343.409497369081 528.20601436123252 4354.7429694738239 595.44813605770469 482.26650967821479 9469.7558726929128 617.99438440427184 2788.4137870576233 31362.020194800571 28845.169300932437
leaf_count=49252 41039 2863 2035 2552 95263 2300 19107 2679 2166 45042 2844 12278 177936 163418
internal_value=-6.11491e-05 0.000164952 0.00149343 0.00016161 -0.00123556 0.00474236 0.00651325 0.0204519 -0.0004697 0.00483655 -0.000636206 -0.000362612 -0.000620074 -0.00180081
internal_weight=117435 109999 35556.9 25434.8 19495.7 5939.08 5478.4 1123.65 74442.5 10122.1 18961.4 73960.2 71171.8 39809.8
internal_count=620774 579735 174685 126780 100659 26121 24086 4979 405050 47905 98107 402884 390606 212670
is_linear=0
shrinkage=0.05


Tree=143
num_leaves=15
num_cat=0
split_feature=54 71 71 68 68 74 74 84 72 72 69 73 68 74
split_gain=37.7748 43.6679 82.7247 80.6641 128.908 77.291 79.2638 73.866 71.9686 138.013 154.97 223.658 142.706 94.5107
threshold=0.23991904407739642 0.01045523537322879 0.012571706436574461 0.051386155188083656 0.049752205610275275 -0.0085253990255296213 0.0035756295546889309 2.5000000000000004 0.0063193386886268863 0.0080942544154822844 0.11515964940190317 0.60697093605995189 0.001090721052605659 -0.00085763400420546521
decision_type=10 2 2 10 10 2 2 2 10 10 10 2 10 2
left_child=-1 3 -3 4 8 -4 -7 -5 -2 10 12 -12 13 -10
right_child=1 2 5 7 -6 6 -8 -9 9 -11 11 -13 -14 -15
leaf_value=-0.0010502381198994593 -0.0012865340841288109 -0.0075270379034486998 -0.0095185409352578406 -0.016486188484718497 0.029689365357500559 0.0045671377082405224 -0.0016225446318298914 0.0036130133828410436 -0.009107331408211284 0.00095092690124599477 -0.021240732999427331 0.0089802786889439535 0.017286212757538555 0.013069262558623139
leaf_weight=47046.652984388173 12259.40911122039 3907.9773097299039 1817.2564965710044 1117.4139981269836 412.45446668565273 9514.7923444658518 11310.332844253629 763.72145297005773 1040.773978581652 20008.784678990021 943.28538107685745 1701.4386589042842 4586.6039897985756 875.19913996942341
leaf_count=256476 74472 21669 8351 5950 2037 50243 57527 3967 5063 92550 5082 8546 23825 4319
internal_value=4.61085e-05 0.000780282 -0.0008189 0.00175164 0.00220784 0.000341707 0.00120629 -0.00835017 0.00192705 0.00327826 0.00836248 -0.00183796 0.0125076 0.001038
internal_weight=117306 70259.4 26550.4 43709.1 41827.9 22642.4 20825.1 1881.14 41415.5 29156.1 9147.3 2644.72 6502.58 1915.97
internal_count=620077 363601 137790 225811 215894 116121 107770 9917 213857 139385 46835 13628 33207 9382
is_linear=0
shrinkage=0.05


Tree=144
num_leaves=15
num_cat=0
split_feature=15 70 68 72 72 72 72 73 73 73 4 84 70 70
split_gain=36.5658 37.0824 33.1554 57.1261 106.668 100.72 41.5778 31.0554 64.159 104.81 102.008 62.6043 59.6717 74.0935
threshold=14.277834415435793 -0.0092208762653171999 0.066133540123701109 0.011813174001872541 0.014507370535284283 0.0076183883938938388 0.013164927251636984 0.86850854754447948 0.78874629735946666 0.79456016421318065 0.5416666865348817 1.0000000180025095e-35 0.0049661637749522933 0.0026426272233948116
decision_type=8 2 8 10 10 8 10 2 2 2 8 2 2 2
left_child=1 -1 7 5 6 -4 -5 8 -2 -10 11 -11 13 -13
right_child=2 -3 3 4 -6 -7 -8 -9 9 10 -12 12 -14 -15
leaf_value=-0.0042598513503437178 -0.00037286816994716875 0.0032942484938038767 0.0027592980865255171 0.0016472859399799277 -0.014949669698956478 -0.027258049511064777 0.020075024352281153 -0.0088817406094070309 0.024698550544550536 0.011951444313392668 0.027163860966079048 -0.0012191141038675249 -0.009958997690779927 0.021788211885734873
leaf_weight=1847.6562278978527 92418.129428146407 13000.392703827471 488.91893568262458 866.53051102347672 782.73918810114264 637.06977465935051 464.98539005964994 995.54152609594166 596.23147428222001 989.38920290209353 385.80076122283936 2036.7444475572556 1478.4268309939653 412.30666304007173
leaf_count=8736 487339 71554 2705 3991 3484 3332 1998 6571 3361 5102 1743 10696 7902 2227
internal_value=3.38131e-05 0.002352 -0.000302021 -0.00527134 -0.000410473 -0.0143146 0.0081842 -0.000139374 -4.99557e-05 0.00500119 0.0027441 0.000776761 -0.00206151 0.00272711
internal_weight=117401 14848 102553 3240.24 2114.26 1125.99 1331.52 99312.6 98317 5898.9 5302.67 4916.87 3927.48 2449.05
internal_count=620741 80290 540451 15510 9473 6037 5989 524941 518370 31031 27670 25927 20825 12923
is_linear=0
shrinkage=0.05


Tree=145
num_leaves=15
num_cat=0
split_feature=5 53 8 53 54 27 53 65 19 23 68 1 12 73
split_gain=35.4962 28.4728 28.1917 32.3607 81.9151 58.1667 32.0053 35.8486 27.9868 27.0795 30.7528 25.378 52.7938 41.2419
threshold=0.71724092960357677 -0.49330514669418329 1.0000000180025095e-35 -0.20231702178716657 0.47431603074073797 1.5597286224365237 -0.029745216481387612 -0.062690101563930498 0.0056402233894914397 -0.087781231850385652 -0.13279618322849271 0.01966511178761721 0.20016029477119449 0.48096726834774023
decision_type=2 10 2 10 10 2 10 10 10 2 8 8 8 2
left_child=1 -1 3 9 5 6 7 -5 -4 -2 -11 12 -12 -14
right_child=2 -3 8 4 -6 -7 -8 -9 -10 10 11 -13 13 -15
leaf_value=-0.0021948038455317006 -0.0073362426991843577 -0.021030702503878593 0.0031317739773944545 -0.007712536260218273 0.00093493536817585701 0.0041510413528209394 -0.0093019655568117848 -0.0022167558434088262 -0.0050047879809952114 0.01017967915193508 0.0046270485057129801 0.00013044065900851614 0.0057065346416513363 -0.0071493769611285524
leaf_weight=473.0978482849896 999.6130269318819 341.79085354693234 11472.254719600081 3589.4768228512257 26845.223214622587 2536.6830156315118 2375.3918821606785 16992.369903495535 1155.020148422569 873.76044715940952 9142.0500863753259 37638.832116018981 899.89447538554668 1980.3079496361315
leaf_count=2065 4128 2751 67161 21915 133899 15388 25011 111285 5028 3647 49302 158435 5313 15099
internal_value=8.11426e-05 -0.0102544 0.00015431 -0.000116961 -0.000992581 -0.00302184 -0.00381587 -0.0031785 0.00238415 0.000772351 0.000934164 0.000769478 0.00276838 -0.00312681
internal_weight=117316 814.889 116501 103874 52339.1 25493.9 22957.2 20581.8 12627.3 51534.5 50534.8 49661.1 12022.3 2880.2
internal_count=620427 4816 615611 543422 307498 173599 158211 133200 72189 235924 231796 228149 69714 20412
is_linear=0
shrinkage=0.05


Tree=146
num_leaves=15
num_cat=0
split_feature=2 1 57 68 72 72 68 68 72 68 68 72 72 72
split_gain=27.7533 30.0875 26.69 37.9013 111.098 80.6517 44.407 150.554 422.247 109.019 85.5923 187.521 123.723 153.501
threshold=0.010355446953326465 0.0061962513718754062 0.20129700750112536 -0.087453853338956819 0.017317797988653186 0.031940873712301261 -0.028726507909595963 -0.024779885075986382 0.013164927251636984 -0.023032579571008679 -0.038501890376210206 0.013739499729126694 0.012679401785135271 0.010819060262292625
decision_type=2 10 8 8 10 10 10 10 10 10 10 8 10 10
left_child=1 -1 3 4 -2 -6 10 8 -8 -9 11 12 13 -5
right_child=2 -3 -4 6 5 -7 7 9 -10 -11 -12 -13 -14 -15
leaf_value=-0.029366628170546479 0.024513359814617247 -0.0020432014124875881 -0.0045432483514918215 0.015029324470649884 -0.010662086317735455 0.0097832949272832689 0.037805107680439209 -0.022575993133847935 -0.01543138454855089 6.72885445401371e-05 -0.0094414205366935913 -0.0060387424743836068 0.021385692012554497 -0.0080992403251733801
leaf_weight=158.96701724641025 603.88127889484167 253.62220787256956 3392.5990047343075 1284.0014412067831 909.08108291402459 1005.0885833799839 887.65334007516503 524.55441404506564 629.17494000867009 95271.473918534815 3613.1120640709996 6085.7655625641346 1179.6213915236294 1600.374779574573
leaf_count=4624 2562 5182 15216 5852 3803 4172 3978 2519 2993 513593 16939 26526 5249 7247
internal_value=-0.000226012 -0.0130165 -0.000179794 -4.90863e-05 0.00600458 6.83875e-05 -0.000186849 0.000189224 0.0157664 -5.90437e-05 -0.00284414 -0.000488666 0.0078169 0.00221297
internal_weight=117399 412.589 116986 113594 2518.05 1914.17 111076 97312.9 1516.83 95796 13762.9 10149.8 4064 2884.38
internal_count=620455 9806 610649 595433 10537 7975 584896 523083 6971 516112 61813 44874 18348 13099
is_linear=0
shrinkage=0.05


Tree=147
num_leaves=15
num_cat=0
split_feature=71 71 69 69 69 72 71 71 72 70 70 70 84 71
split_gain=32.7653 198.508 117.003 98.8267 72.427 254.499 102.072 228.203 169.79 141.243 129.554 223.62 102.672 95.6741
threshold=-0.024940954521298405 -0.023610853590071198 0.089535947889089598 0.023124567233026031 -0.013108383864164351 0.012567020021378996 -0.010246572084724901 0.0019161274540238085 0.015731807798147205 -0.0085004726424813253 -0.0061706644482910624 0.0097987498156726378 1.5000000000000002 -0.011586693115532396
decision_type=2 2 8 10 8 10 2 2 10 2 2 2 2 2
left_child=2 3 -1 -2 5 13 8 10 -7 -9 -8 -12 -11 -3
right_child=1 4 -4 -5 -6 6 7 9 -10 12 11 -13 -14 -15
leaf_value=-0.0035512510779241789 0.0072208949810737529 0.00066917949113475862 0.015957986935637387 0.036671193904974218 -0.00034803696015608585 -0.024169008651736955 0.030736450827969497 -0.018065884010231844 0.0049516731562136949 -0.0070994093475857129 -0.0069734567205436892 0.032265084221180712 0.0066597195434382238 0.025773058816246898
leaf_weight=11911.054930398241 618.20847976766527 501.16181811131537 811.6400514729321 528.31552211008966 90106.553158754483 990.77291538380086 908.06135356426239 1116.7492320034653 995.78719275631011 2209.1119404025376 1012.4189161211252 553.82740302570164 3475.9201328158379 1560.8875846695155
leaf_count=53395 2812 2302 3562 2371 498447 4472 3951 4995 4196 9991 4491 2375 15567 7396
internal_value=9.97062e-05 0.000391246 -0.00229511 0.0209913 0.00016089 0.00360012 0.000636752 0.00284137 -0.00962023 -0.00189302 0.0158113 0.00701803 0.00131007 0.0197045
internal_weight=117300 104578 12722.7 1146.52 103431 13324.7 11262.6 9276.09 1986.56 6801.78 2474.31 1566.25 5685.03 2062.05
internal_count=620323 563366 56957 5183 558183 59736 50038 41370 8668 30553 10817 6866 25558 9698
is_linear=0
shrinkage=0.05


Tree=148
num_leaves=15
num_cat=0
split_feature=72 72 74 72 74 74 73 71 71 74 69 5 74 69
split_gain=38.1648 57.044 31.8493 88.1599 94.5408 52.6262 107.833 93.2125 191.473 122.494 95.5403 49.8927 43.8884 85.9836
threshold=0.054642656818032272 0.049865879118442542 0.025787819176912311 0.020338352769613269 0.030341344885528091 0.017647080123424533 0.60302037000656139 0.011548060458153488 -0.0073139155283570281 0.021271942183375362 0.041767353191971786 0.95065057277679454 0.015060005243867637 -0.013108383864164351
decision_type=8 10 2 10 2 2 2 2 2 2 8 2 2 10
left_child=1 2 5 4 -4 12 7 8 10 -9 -7 -8 -1 -14
right_child=-2 -3 3 -5 -6 6 11 9 -10 -11 -12 -13 13 -15
leaf_value=3.1606799113585872e-05 -0.014739451039932631 0.018116641196955201 -0.01085365399039627 -0.020075489877754007 0.017139301530747469 -0.018491212347796025 0.0042666001808239163 -0.018255497735068522 0.028756636927609703 0.010610753719822221 0.011445640864139631 0.024830558929279892 0.0070172947790864016 -0.01343145260784125
leaf_weight=107545.20676800236 426.98179180175066 425.98704429343343 649.69867354631424 719.81527886725962 545.8525957390666 575.57472919858992 462.96226260252297 1036.6796542126685 692.16921065561473 558.26687179505825 480.01720767468214 826.84560832194984 749.8872847892344 1589.9374140575528
leaf_count=575482 1776 1827 2906 3082 2512 2577 2216 4956 3170 2564 2192 3832 3447 7877
internal_value=9.44147e-06 6.45879e-05 -3.00837e-06 -0.0063804 0.00196324 0.000104205 0.00531866 0.00056512 0.00851799 -0.00814851 -0.00489815 0.017539 -0.000116089 -0.00687589
internal_weight=117286 116859 116433 1915.37 1195.55 114518 4632.52 3342.71 1747.76 1594.95 1055.59 1289.81 109885 2339.82
internal_count=620416 618640 616813 8500 5418 608313 21507 15459 7939 7520 4769 6048 586806 11324
is_linear=0
shrinkage=0.05


Tree=149
num_leaves=15
num_cat=0
split_feature=27 0 0 28 68 68 52 28 68 68 74 74 74 74
split_gain=31.4113 52.323 37.8168 31.8253 32.4881 36.7004 43.2403 29.7344 25.8967 107.697 91.1041 146.552 66.5446 97.5395
threshold=0.72539108991622936 0.014440089929848911 0.051116438582539565 1.1091222763061526 0.053736645728349693 0.044960986822843559 0.093972429633140578 1.4441692829132082 0.011834083124995233 0.0133026116527617 -0.00092799347476102401 -0.0059043532237410537 0.0092724086716771143 0.011466891970485451
decision_type=2 2 2 2 10 10 10 2 10 10 2 2 2 2
left_child=1 -1 3 4 5 -3 -7 8 10 -10 11 -2 -12 -14
right_child=7 2 -4 -5 -6 6 -8 -9 9 -11 12 -13 13 -15
leaf_value=-0.018603902533418839 0.00017115187989492426 -0.0015784931272364807 0.0019901948038544117 -0.007503391584937011 -0.0084872595988105867 0.021076239112026371 0.0018781850649994261 -0.0022454612286737434 0.016278537178262231 0.0011742370413621779 0.0052567387760517311 -0.010110341330765915 -0.013751914060032259 0.0016487218449900737
leaf_weight=423.42240928299725 11882.794405516237 19756.596926715225 7545.3819327354431 2402.2416927367449 1527.5915139727294 362.87454532831907 1385.6845409162343 8995.4785579871386 1204.9424925036728 41359.783883042634 9042.2207676637918 4882.9589363131672 1268.7237864397466 5238.0679755266756
leaf_count=8721 55988 108599 30612 13047 8620 2093 7558 42252 6941 232870 47191 25099 6665 24077
internal_value=-4.72771e-05 -0.00134369 -0.00111652 -0.00203856 -0.00146559 -0.000963102 0.00595951 0.000469128 0.000795496 0.00160554 -0.000271654 -0.00282753 0.00248427 -0.00137066
internal_weight=117279 33403.8 32980.4 25435 23032.7 21505.2 1748.56 83875 74879.5 42564.7 32314.8 16765.8 15549 6506.79
internal_count=620333 179250 170529 139917 126870 118250 9651 441083 398831 239811 159020 81087 77933 30742
is_linear=0
shrinkage=0.05


Tree=150
num_leaves=15
num_cat=0
split_feature=5 0 54 53 1 53 69 74 74 70 69 70 70 74
split_gain=27.9209 35.1365 25.8948 79.3528 42.3784 52.5426 40.3772 37.3785 89.75 62.3328 32.9774 32.3454 39.8372 29.1531
threshold=0.71724092960357677 0.054222337901592262 0.31264142692089086 -0.11499628797173499 0.018419863656163219 -0.3378517478704452 -0.011117002926766871 0.0015047373017296197 0.0081914314068853872 -0.00462390761822462 -0.063160825520753847 -0.0087212771177291853 -0.011451073456555603 0.017202852293848995
decision_type=2 2 8 10 10 10 10 2 2 2 10 2 2 2
left_child=1 -1 3 4 11 -6 7 9 -9 -7 -10 12 -2 -4
right_child=2 -3 13 -5 5 6 -8 8 10 -11 -12 -13 -14 -15
leaf_value=-0.020762920580493806 0.00048651864537348048 0.0001332066973979633 0.00040340602980429844 -0.0055721937050519322 0.0010836389466428217 0.0012554982750577637 -0.005793515910979926 0.021477440486842546 0.0051647834191008296 -0.015006226509069347 -0.010115420649667117 0.0034248319357589375 -0.016067428297103035 0.0046524630866663667
leaf_weight=354.57539770193398 1502.0006796531379 448.55730405449867 66677.488639816642 7477.2469921410084 12899.314296446741 1950.0725248232484 7434.3298545517027 590.60700507462025 790.71690256893635 833.63275068253279 621.98316217213869 11046.759381167591 469.21171548962593 4287.2026533149183
leaf_count=2902 7809 1840 342898 65535 53625 8424 34950 2565 3420 3689 2773 68729 2609 19018
internal_value=-1.08367e-06 -0.00923412 6.331e-05 -0.00086603 5.78535e-05 -0.00114189 -0.00348984 9.24281e-05 0.00528596 -0.00365066 -0.00158659 0.00237209 -0.00351506 0.000660724
internal_weight=117384 803.133 116581 45615.9 38138.6 25120.7 12221.3 4787.01 2003.31 2783.71 1412.7 13018 1971.21 70964.7
internal_count=620786 4742 616044 254128 188593 109446 55821 20871 8758 12113 6193 79147 10418 361916
is_linear=0
shrinkage=0.05


Tree=151
num_leaves=15
num_cat=0
split_feature=69 69 71 71 69 71 71 69 84 71 71 69 71 84
split_gain=29.4341 109.045 80.2315 63.2408 59.8161 107.89 132.622 84.8502 165.154 103.15 78.8733 85.0671 71.2397 96.4545
threshold=0.13544805347919467 0.14803105592727664 0.021054031327366832 0.0091001270338892954 0.10132142156362535 0.013349533546715977 0.0049472139216959485 0.093839596956968321 2.5000000000000004 0.0098527432419359701 0.0014283647760748865 0.099234916269779219 0.042148336768150337 2.5000000000000004
decision_type=10 10 2 2 8 2 2 10 2 2 2 10 2 2
left_child=4 2 3 -2 7 6 -6 12 9 10 11 -9 -1 -14
right_child=1 -3 -4 -5 5 -7 -8 8 -10 -11 -12 -13 13 -15
leaf_value=0.00044766516600696537 0.0098921834645813601 -0.0021885826007835038 -0.0020425089150284243 0.029701826002185017 -0.00099976563427339195 0.0027740990904511634 -0.010077778202431956 0.0066694620272610616 0.015996567404249498 0.0095192909242859027 -0.024510474928565402 -0.019601696990065268 -0.012956138392741345 0.0049522967000427409
leaf_weight=77634.321158086881 1086.1799415536225 3469.5522755533457 758.87705333530903 646.43232278898358 10672.248630490154 7471.8525777347386 6450.0410467237234 918.99445045180619 2517.8007866591215 1347.1536691039801 538.81441078707576 451.20419271849096 2238.5585836265236 1123.0117705222219
leaf_count=409739 5209 16800 3729 3178 57747 40520 37064 4654 13230 7490 3056 2240 10811 5161
internal_value=0.00012293 0.00354295 0.0115013 0.0174111 -6.04368e-05 -0.0022365 -0.00442338 0.000556536 0.00640721 -0.00103395 -0.00849197 -0.00206093 0.000138719 -0.00697646
internal_weight=117325 5961.04 2491.49 1732.61 111364 24594.1 17122.3 86769.9 5773.97 3256.17 1909.01 1370.2 80995.9 3361.57
internal_count=620628 28916 12116 8387 591712 135331 94811 456381 30670 17440 9950 6894 425711 15972
is_linear=0
shrinkage=0.05


Tree=152
num_leaves=15
num_cat=0
split_feature=72 72 72 68 69 1 69 68 57 70 69 69 74 72
split_gain=28.3344 91.6608 83.1162 81.7727 91.1042 72.1069 52.3668 51.7794 48.84 43.6905 120.403 179.662 160.564 103.622
threshold=0.0046126006636768588 0.0040987152606248864 0.0046515460126101979 0.039015367627143867 0.11273750662803651 0.017631910741329197 0.054912677034735687 0.016908494755625728 0.029899446293711666 0.0085090477950871008 0.011493782978504898 0.021252671256661419 0.0095059340819716471 0.014061937574297191
decision_type=10 8 10 10 8 10 10 10 10 2 8 8 2 10
left_child=1 3 -2 4 6 -5 8 -8 -1 -4 12 -12 -11 -13
right_child=2 -3 9 5 -6 -7 7 -9 -10 10 11 13 -14 -15
leaf_value=0.022472079049488784 0.021202856654866389 -0.0073368664838969868 0.00049360765216346209 0.028083423942727143 -0.016345351889465041 -0.00037942667054356076 -0.010765480346771045 0.0022450137880850774 -0.00041995932826489771 0.023742048953928389 -0.02488587468465888 -0.0017361319758282196 0.00045563513814779753 -0.017393412096468819
leaf_weight=515.20277363993227 453.5335428006947 5401.8318025097251 83676.286217287183 488.97297155298293 802.00318820588291 401.13873998075724 974.76721771247685 3413.096285238862 418.12775408662856 827.42484676837921 1022.2249225713313 11446.038311721757 6383.3954596891999 1154.591340597719
leaf_count=4100 2675 35347 432329 3871 5829 1824 6757 23754 2212 3668 5115 59166 28531 5553
internal_value=-0.000190113 -0.0024479 7.71474e-05 0.0013228 -0.00074455 0.0153946 0.00163303 -0.000663184 0.0123208 -1.655e-05 -0.0020648 -0.00482901 0.00315688 -0.00318346
internal_weight=117379 12415.1 104963 7013.31 6123.2 890.112 5321.19 4387.86 933.331 104510 20833.7 13622.9 7210.82 12600.6
internal_count=620731 83694 537037 48347 42652 5695 36823 30511 6312 534362 102033 69834 32199 64719
is_linear=0
shrinkage=0.05


Tree=153
num_leaves=15
num_cat=0
split_feature=27 7 0 58 73 74 73 73 72 73 72 58 74 74
split_gain=30.0915 33.0148 32.5661 26.6299 46.4049 59.4143 44.0253 36.4276 89.5982 52.3409 49.9433 36.2599 35.0887 65.0992
threshold=0.39206133782863622 1.2232502698898318 0.036887247115373618 0.0021809684112668042 0.67617759108543407 -0.0074225144926458589 0.67171767354011547 0.8203302025794984 0.0067631176207214603 0.85966211557388317 0.016811436042189602 0.010200629476457836 -0.010850483551621435 -0.017201921902596947
decision_type=2 2 2 2 2 2 2 2 10 2 10 2 2 2
left_child=2 3 -1 -2 6 -6 12 10 -9 11 -7 -10 13 -5
right_child=1 -3 -4 4 5 7 -8 8 9 -11 -12 -13 -14 -15
leaf_value=-0.011162594979489276 -0.00031741713146997918 -0.013975509632678518 -0.000428003339091054 0.0049018628416992432 0.012749972140951936 -0.0024256982182890795 0.017316420574518661 -0.0091845593943278864 0.0084175605273939785 -0.0012884157709152138 -0.016802584349050059 0.028195600146446995 0.0024954613849171511 -0.010829892628056854
leaf_weight=1196.8195771593601 67163.080184189603 395.30047713220119 1706.3721023201942 1221.0338248685002 707.18527513742447 9663.3747947085649 467.08319145441055 865.57539053447545 492.87358071655035 551.86323773302138 634.91374777257442 449.02840752899647 30273.804895564914 1404.0182085651904
leaf_count=7847 364124 1610 6988 5440 3317 53937 2562 5041 2442 2658 2980 1941 152697 6477
internal_value=0.000141765 0.000269652 -0.00487639 0.000320317 0.00123676 -0.00125213 0.00223377 -0.00204387 0.00354945 0.0109403 -0.00332751 0.0180434 0.00201444 -0.00352149
internal_weight=117192 114289 2903.19 113894 46730.8 13364.8 33365.9 12657.6 2359.34 1493.77 10298.3 941.902 32898.9 2625.05
internal_count=620061 605226 14835 603616 239492 72316 167176 68999 12082 7041 56917 4383 164614 11917
is_linear=0
shrinkage=0.05


Tree=154
num_leaves=15
num_cat=0
split_feature=71 71 69 68 74 74 71 68 69 71 68 68 69 71
split_gain=30.1877 141.554 109.304 94.3232 81.9321 105.488 73.596 67.9937 156.811 146.293 97.1723 87.7562 275.359 174.468
threshold=-0.024940954521298405 -0.023610853590071198 0.089535947889089598 -0.010905845556408165 -0.028891491703689095 -0.021567674353718754 -0.014009495265781878 -0.015703483484685418 0.032231312245130546 -0.037121023982763283 0.025959110818803314 -0.068213950842618928 -0.051937524229288094 -0.03858648054301738
decision_type=2 2 8 10 2 2 2 10 10 2 10 10 10 2
left_child=2 3 7 -2 -3 6 -6 8 11 -10 -9 12 13 -1
right_child=1 4 -4 -5 5 -7 -8 10 9 -11 -12 -13 -14 -15
leaf_value=-0.0099142559703487652 0.0024064873098832416 0.016378912627996272 0.015215949911441588 0.030946585796938566 -0.00091874984793772715 9.1909049185479085e-05 -0.02495265398745166 -0.014447848192625845 0.037374683410612695 0.0018661396481374334 0.0071970638628699804 -0.008925547025801674 0.034222556828371491 0.022978154517505817
leaf_weight=2363.3099872823805 548.12697287462652 750.88760148175061 817.51707343012094 607.90843477100134 573.80492550693452 101336.70875641331 708.19769599847496 2460.2219215705991 453.78830818831921 777.40894236601889 649.64417756535113 4120.468752251938 542.77169594727457 475.89300336875021
leaf_count=10006 2513 3266 3584 2700 2633 548825 3353 11559 1967 3505 2971 18824 2303 2008
internal_value=-5.18447e-05 0.000227532 -0.00235665 0.0175512 3.21135e-05 -8.90845e-05 -0.0142858 -0.00358144 -0.00131647 0.0151494 -0.0099177 -0.00403519 0.00193179 -0.0043397
internal_weight=117187 104526 12661 1156.04 103370 102619 1282 11843.5 8733.64 1231.2 3109.87 7502.44 3381.97 2839.2
internal_count=620017 563290 56727 5213 558077 554811 5986 53143 38613 5472 14530 33141 14317 12014
is_linear=0
shrinkage=0.05


Tree=155
num_leaves=15
num_cat=0
split_feature=72 72 74 69 72 70 70 74 74 71 74 70 68 68
split_gain=36.1296 56.2373 33.6915 31.9714 101.633 46.9107 81.8584 75.6466 66.7417 168.73 87.2138 59.3405 70.4338 43.0652
threshold=0.054642656818032272 0.049865879118442542 -0.04474180564284324 -0.13803395628929135 0.019190592691302303 -0.034306820482015603 -0.030434315092861649 -0.028891491703689095 -0.021567674353718754 -0.040122648701071732 -0.02498772460967302 -0.022202525287866589 -0.093524657189846025 0.0054042488336563119
decision_type=8 10 2 8 10 2 2 2 2 2 2 2 8 10
left_child=1 2 -1 4 -4 -5 -7 -8 9 -9 -11 -10 -13 -12
right_child=-2 -3 3 5 -6 6 7 8 11 10 13 12 -14 -15
leaf_value=-0.012346763074023819 -0.014383876931358345 0.018210644296318405 0.022267095226748908 0.014229306839293894 -0.0081434198065363696 -0.020686335721383765 0.01644417247896518 0.017652178045514985 0.016710951143552293 0.00082545373400305503 -0.028623104923151812 -0.019667479801250564 7.7491758620389618e-05 -0.010111514271556619
leaf_weight=539.6790511906147 424.01300119236112 415.62585493177176 596.94475370272994 564.69215434975922 494.57688527554274 470.47437410615385 684.68697516620159 496.25984986312687 523.56339682266116 623.14742244593799 847.51849416457117 443.52666462026536 109494.36990167387 520.71739581413567
leaf_count=2396 1766 1789 2542 2467 2048 2216 2911 2212 2287 2857 3871 1873 586067 2431
internal_value=1.55305e-05 6.90694e-05 2.67615e-06 6.13111e-05 0.00853902 -2.01248e-05 -9.18848e-05 -4.80547e-06 -0.000105965 -0.00818851 -0.0146841 7.67828e-05 -3.94769e-06 -0.0217025
internal_weight=117140 116716 116300 115760 1091.52 114669 114104 113634 112949 2487.64 1991.38 110461 109938 1368.24
internal_count=619733 617967 616178 613782 4590 609192 606725 604509 601598 11371 9159 590227 587940 6302
is_linear=0
shrinkage=0.05


Tree=156
num_leaves=15
num_cat=0
split_feature=73 68 69 1 73 73 69 73 73 70 69 69 69 70
split_gain=28.013 124.004 131.788 81.8681 75.8023 73.5936 120.57 102.093 129.479 80.9175 76.4676 141.059 89.2738 71.0149
threshold=0.68564194440841686 0.033590722829103477 0.11515964940190317 0.020000037737190727 0.64291685819625866 0.7626253366470338 0.10072816908359529 0.72511178255081188 0.71286427974700939 0.012600572779774668 0.067333016544580473 0.080389901995658888 0.099234916269779219 0.00690349005162716
decision_type=2 10 10 8 2 2 8 2 2 2 8 8 8 2
left_child=1 2 -1 -3 -5 6 7 8 -2 -8 -7 -12 -13 -10
right_child=5 3 -4 4 -6 10 9 -9 13 -11 11 12 -14 -15
leaf_value=0.00045195355381396301 -0.0012778306942025494 0.011253928529974519 -0.0076251358019669511 0.0067364352484502333 -0.0050246364768892354 -0.0031355120247389956 -0.011477115510830135 -0.0058066548653548438 0.019032757772702642 0.011570261215032218 0.028067407387860316 -0.012399886442703666 0.0048383174076788212 -0.0047374182936566729
leaf_weight=73285.142767269164 3962.8514007721096 4087.729784078896 5413.8777437265962 3369.9544782266021 2294.6686916314065 5127.0124785844237 4861.2802746742964 4895.356940638274 1585.7342683076859 405.21134908311069 587.96869761496782 843.79953456483781 6250.1232996433973 386.90876121260226
leaf_count=377653 23824 26362 28869 14407 9950 27589 27586 29213 9220 2017 3111 5336 33585 2028
internal_value=0.00011312 0.000554733 -0.000104585 0.00586993 0.00197171 -0.00123792 -0.00348745 -0.000467624 0.00393815 -0.00968525 0.00158966 0.00474329 0.00277332 0.0143702
internal_weight=117358 88451.4 78699 9752.35 5664.62 28906.2 16097.3 10830.9 5935.49 5266.49 12808.9 7681.89 7093.92 1972.64
internal_count=620750 457241 406522 50719 24357 163509 93888 64285 35072 29603 69621 42032 38921 11248
is_linear=0
shrinkage=0.05


Tree=157
num_leaves=15
num_cat=0
split_feature=5 8 64 72 72 68 1 69 72 74 72 72 74 70
split_gain=31.9852 34.1034 33.0084 30.7554 70.5394 55.2467 53.3748 53.3037 39.358 97.6175 85.9437 75.6442 90.3963 120.825
threshold=0.71724092960357677 1.0000000180025095e-35 0.030878781341016296 0.0046126006636768588 0.0040987152606248864 0.039015367627143867 0.01851749233901501 0.11273750662803651 0.0053569187875837096 0.0077021429315209397 0.0058862892910838136 0.0052782909478992232 0.0022695042425766592 -0.0014947883319109676
decision_type=2 2 2 10 8 10 10 8 10 2 10 10 2 2
left_child=-1 3 -3 4 5 7 -7 -2 9 11 -10 12 13 -5
right_child=1 2 -4 8 -6 6 -8 -9 10 -11 -12 -13 -14 -15
leaf_value=-0.0099041774378491911 0.00076007385360033018 0.003487644709028433 -0.004137335693665283 -0.0058503996085692862 -0.0074500863987059587 0.024206841105060755 -0.0018408733391068856 -0.01482305658948236 -0.0068493835197032948 0.02368626648699286 0.00015012167480079447 0.017578623402794726 -0.010237120181208209 0.012748553527311919
leaf_weight=800.69483613967896 4602.1263270806521 11046.247493982315 1619.8088551983237 1601.2561860848218 4587.3816025163978 446.88450348936021 342.98504459112883 612.94256128184497 4622.5524524822831 555.89287382178009 82227.714951422065 668.94729147665203 1544.113526634872 1898.833067856729
leaf_count=4788 31448 64959 7449 9338 29563 3471 1544 4295 27309 3129 407121 4111 9772 11921
internal_value=-7.06795e-06 6.18707e-05 0.00251002 -0.00023733 -0.00278895 0.000778324 0.0130145 -0.00109632 5.31852e-05 0.003876 -0.000223168 0.00191043 -0.000198108 0.00424729
internal_weight=117178 116378 12666.1 103712 10592.3 6004.94 789.87 5215.07 93119.3 6269.04 86850.3 5713.15 5044.2 3500.09
internal_count=620218 615430 72408 543022 70321 40758 5015 35743 472701 38271 434430 35142 31031 21259
is_linear=0
shrinkage=0.05


Tree=158
num_leaves=15
num_cat=0
split_feature=28 68 68 71 71 73 73 73 73 70 68 82 73 74
split_gain=25.588 33.5409 31.0903 92.2881 81.4263 131.78 29.9148 106.297 71.3513 115.133 55.4364 86.9806 92.566 78.6285
threshold=1.4584350585937502 0.049752205610275275 0.066133540123701109 0.020084842108190063 0.03842632286250592 0.83436530828475963 0.78874629735946666 0.79456016421318065 0.72511178255081188 -0.00022463045752374453 0.053736645728349693 inf 0.8240303397178651 0.0053889299742877492
decision_type=2 8 10 2 2 2 2 2 2 2 10 8 2 2
left_child=2 -2 6 -4 5 -5 8 -8 -1 -10 11 12 13 -9
right_child=1 -3 3 4 -6 -7 7 10 9 -11 -12 -13 -14 -15
leaf_value=0.00055775552424330041 -0.0034340893379421287 0.0069337680693584459 -0.019078092588525931 -0.011682219698782484 -0.016137573442934396 0.023605442223196736 0.022310305801370001 0.00048547736860310339 0.0035448589477367239 -0.0086284400688434598 -0.0052024199134691005 0.020247613409556667 -0.007611322251310778 0.019698627317156103
leaf_weight=89889.13514553383 8462.7616006080061 849.8740312885493 801.33621452003717 440.06844279170036 438.03541648760438 635.90510722622275 668.60957424528897 1333.2808550279588 3025.8051595538855 5391.9460936747491 2085.407333811745 735.28610911220312 1590.110943576321 877.18771077692509
leaf_count=474689 39934 3950 4214 2276 2140 2935 3739 6921 16883 33145 12089 4271 8623 4555
internal_value=3.17104e-05 -0.00248149 0.000248805 -0.0054701 0.00181027 0.00919827 0.000374706 0.00346288 0.000145376 -0.00425367 0.00152891 0.00462834 0.00156132 0.00816427
internal_weight=117225 9312.64 107912 2315.35 1514.01 1075.97 105597 7289.88 98306.9 8417.75 6621.27 4535.87 3800.58 2210.47
internal_count=620364 43884 576480 11565 7351 5211 564915 40198 524717 50028 36459 24370 20099 11476
is_linear=0
shrinkage=0.05


Tree=159
num_leaves=15
num_cat=0
split_feature=22 73 72 27 70 73 69 72 69 72 72 24 70 73
split_gain=29.0185 38.1485 45.1054 33.7912 28.7269 53.1906 31.5129 71.4479 29.5961 76.9066 105.018 94.0836 79.2717 54.3393
threshold=84.861423492431655 0.39235964417457586 0.018182073719799522 1.0242075324058535 -0.030434315092861649 0.12987624853849414 -0.13803395628929135 0.019190592691302303 -0.092393949627876268 0.019335029646754268 0.015535487327724697 -0.015073555521667002 -0.0089198113419115526 0.31657269597053533
decision_type=10 2 10 2 2 2 8 10 8 10 10 2 2 2
left_child=4 -2 3 -3 5 -1 7 -6 9 10 -8 -11 -12 -10
right_child=1 2 -4 -5 6 -7 8 -9 13 11 12 -13 -14 -15
leaf_value=0.0040086503236875246 -0.0085308216621990309 -0.0034171717488107305 0.011986449801995978 0.0013595283749630101 0.022216290808013267 -0.013762271154042816 0.0072007990150276847 -0.0010131452055669604 0.0037846993256044703 0.019230080542243948 -0.032209918367742736 -0.0091694082563844748 -0.0086290095007839612 3.2895550793990491e-05
leaf_weight=733.40717422962189 1911.6528458986431 9767.8678654562682 624.76575706899166 5951.6950605642051 525.4334010630846 967.41314755938947 665.40141354314983 864.89851052127779 10935.14948056452 627.24604936316609 519.89553741365671 529.350810687989 1123.7141829989851 81626.85145287402
leaf_count=3139 9460 61164 2860 33808 2254 4459 2847 3601 49039 2611 2338 2354 4878 436347
internal_value=-3.5129e-05 -0.00186643 -0.00108222 -0.00160892 0.00030232 -0.00612067 0.000415076 0.00786167 0.000306454 -0.0042233 -0.00948132 0.00626503 -0.0162376 0.00047649
internal_weight=117375 18256 16344.3 15719.6 99118.8 1700.82 97417.9 1390.33 96027.6 3465.61 2309.01 1156.6 1643.61 92562
internal_count=621159 107292 97832 94972 513867 7598 506269 5855 500414 15028 10063 4965 7216 485386
is_linear=0
shrinkage=0.05


Tree=160
num_leaves=15
num_cat=0
split_feature=58 70 84 74 74 74 70 72 70 74 74 70 70 70
split_gain=28.4044 54.2669 44.1928 133.571 96.7176 69.4493 70.9936 81.1521 80.6446 76.6966 56.2139 156.551 259.141 134.096
threshold=0.0049984839279204616 -0.00028305046726018185 3.5000000000000004 -0.020331063307821747 -0.028891491703689095 -0.0070947986096143714 -0.0080688684247434122 0.011404855176806452 -0.0067627644166350356 -0.011782031506299971 -0.014844747260212897 -0.013830194249749182 -0.015955476090312001 -0.014230762608349322
decision_type=2 2 2 2 2 2 2 10 2 2 2 2 2 2
left_child=2 -2 10 4 -4 6 7 9 -8 -5 11 12 -1 -12
right_child=1 -3 3 5 -6 -7 8 -9 -10 -11 13 -13 -14 -15
leaf_value=0.0040144533888783205 0.0045307783583447741 4.5799095525796406e-05 -0.0063467784292165659 -0.023720364901369438 -0.037337100823491412 -0.0032791290830024855 0.031943531068119674 0.0092372760565068764 0.0056960864751375443 0.003041499231656016 -0.018224234002044239 -0.010620509133429464 0.036327332288287544 -2.7216356049863734e-05
leaf_weight=4958.3750040847808 9342.2133482750505 24189.940589565784 572.7614884339273 545.57829404622316 446.40806877240539 12711.650514891371 399.31093225441873 940.57639369927347 1047.8697372544557 512.81389625743032 1020.2408529203385 1387.5444784555584 699.8335393704474 58482.784651687369
leaf_count=22487 43281 118123 2529 2763 2123 72034 2079 4215 5378 2733 4811 6500 3287 328212
internal_value=6.68574e-05 0.00129631 -0.000425636 -0.00268591 -0.0201518 -0.00157245 0.00471418 -0.00139756 0.0131079 -0.0108466 0.000158082 0.00437785 0.0080681 -0.000342233
internal_weight=117258 33532.2 83725.7 17177 1019.17 16157.8 3446.15 1998.97 1447.18 1058.39 66548.8 7045.75 5658.21 59503
internal_count=620555 161404 459151 93854 4652 89202 17168 9711 7457 5496 365297 32274 25774 333023
is_linear=0
shrinkage=0.05


Tree=161
num_leaves=15
num_cat=0
split_feature=28 68 68 71 71 73 70 73 71 71 69 84 70 84
split_gain=38.3396 29.5872 29.5369 80.9906 115.729 70.8327 85.0559 84.3033 35.2655 103.18 161.426 103.068 106.291 210.181
threshold=1.4584350585937502 0.049752205610275275 0.063369292765855803 0.036813231185078628 0.03201615437865258 0.73830732703208934 1.0000000180025095e-35 0.89463898539543163 -0.025613646954298016 -0.023610853590071198 0.014510776847600939 1.0000000180025095e-35 -0.0018460244755260644 3.5000000000000004
decision_type=2 8 8 2 2 2 2 2 2 2 8 2 2 2
left_child=2 -2 8 4 5 6 -4 -7 11 10 -10 -1 -13 -14
right_child=1 -3 3 -5 -6 7 -8 -9 9 -11 -12 12 13 -15
leaf_value=0.0082136014912717933 -0.0040313002714095388 0.0056120221318929275 0.019836980021853221 -0.020762824206180204 0.021324893764406758 -0.016150266896587238 -0.0064305806204093471 0.010096371685816105 -4.1517145161888507e-05 0.00048178548545587774 0.033847417893568543 -0.0010165175264807624 -0.021350420587072694 0.010578314940544306
leaf_weight=1896.7722123414278 8460.4173001330346 869.12339186854661 519.593450948596 598.78110146522522 488.82157180458307 1478.9773081410676 728.85279273986816 377.72317225113511 852.71285533159971 91471.154433876276 587.67882913909853 6196.2825800478458 1950.6496222354472 692.28781125508249
leaf_count=8427 39965 4022 2352 2908 2267 8203 3449 1804 3900 500231 2701 27950 8913 3068
internal_value=-5.46594e-05 -0.0031279 0.00021148 -0.00389773 -0.00103807 -0.00461567 0.00457253 -0.0107852 0.000378066 0.000691641 0.0139232 -0.0023338 -0.00460385 -0.0129787
internal_weight=117170 9329.54 107840 4192.75 3593.97 3105.15 1248.45 1856.7 103648 92911.5 1440.39 10736 8839.22 2642.94
internal_count=620160 43987 576173 20983 18075 15808 5801 10007 555190 506832 6601 48358 39931 11981
is_linear=0
shrinkage=0.05


Tree=162
num_leaves=15
num_cat=0
split_feature=69 69 68 4 69 68 84 68 69 50 68 68 68 68
split_gain=28.8118 99.4398 80.9869 113.882 40.6208 108.096 88.8593 62.9231 62.7729 42.8636 46.8895 37.6793 120.095 111.152
threshold=0.14803105592727664 0.13680395483970645 0.043877916410565383 0.10833333432674409 0.11214033514261247 0.049116047099232681 3.5000000000000004 0.015655843541026119 0.12517624348402026 0.12282821908593179 0.03070078790187836 0.011834083124995233 0.0048870842438191184 0.0133026116527617
decision_type=10 10 10 10 10 10 2 10 10 2 10 10 10 10
left_child=1 4 -3 -4 11 7 8 -6 -7 10 -9 12 -1 -13
right_child=-2 2 3 -5 5 6 -8 9 -10 -11 -12 13 -14 -15
leaf_value=0.00036819868608803591 -0.0045204594671118944 0.0227765125834434 0.018807769872639664 -0.010759216438469945 0.012669266339009406 0.031489762437321718 -0.010306594913123655 -0.012177222369355516 0.0068370145975822794 -0.00082856006390312747 -0.0038337301734382937 0.014441162748578207 -0.0062760920442885091 0.00078712070222826001
leaf_weight=40556.482778957114 3439.6185769177973 840.14955772273242 593.7714719530195 697.50131503120065 496.42872876487672 446.37447945214808 387.9650984685868 3132.1188548784703 611.64427697658539 3418.4264433402568 3658.1317591518164 1527.2292090244591 8160.9071374759078 49112.730028511956
leaf_count=194846 16663 3833 3396 2945 2337 2617 2209 17926 3507 15455 21588 8863 44426 279214
internal_value=-1.87614e-05 0.00011788 0.0107904 0.00287675 -8.70688e-05 -0.0028147 0.0099724 -0.0045496 0.0174354 -0.0053985 -0.00769456 0.000246762 -0.000745881 0.00120168
internal_weight=117079 113640 2131.42 1291.27 111508 12151.1 1445.98 10705.1 1058.02 10208.7 6790.25 99357.3 48717.4 50640
internal_count=619825 603162 10174 6341 592988 65639 8333 57306 6124 54969 39514 527349 239272 288077
is_linear=0
shrinkage=0.05


Tree=163
num_leaves=15
num_cat=0
split_feature=27 1 79 74 74 74 58 54 53 28 73 69 69 69
split_gain=33.7447 43.6346 38.8967 37.85 73.2389 71.1092 62.6441 35.742 56.4838 47.4427 36.5535 40.771 35.095 35.6173
threshold=1.3273023366928103 0.03411120921373368 0.017854024656116966 -0.021567674353718754 -0.027035157196223732 -0.020331063307821747 -0.0019973973976448174 0.23991904407739642 -0.14678697288036344 0.83733341097831737 0.51774471998214733 -0.011117002926766871 0.041127776727080352 0.065287370234727873
decision_type=2 8 8 2 2 2 2 8 10 2 2 10 10 10
left_child=2 -2 -1 4 -4 -5 -6 8 9 -7 -11 -12 -13 -14
right_child=1 -3 3 5 6 7 -8 -9 -10 10 11 12 13 -15
leaf_value=-0.0025485196714006564 0.0031478959691283235 -0.0024312706985524617 0.0016232638355187729 0.020478690257027601 -0.020939202625623699 0.0030292005029260304 0.00031956600767527694 0.00099623757350725088 -0.0063293298987982145 -0.0041065270643974019 0.011370275396220814 -0.0088293098792076152 0.0083429709144588436 -0.0014726102447964531
leaf_weight=16712.548878196627 15595.03169740364 4511.4557133987546 1816.1352036427706 425.29289668798447 952.61486288905144 7421.479702744633 540.98483504727483 50202.168331276625 4561.6105653569102 8118.0490144398063 808.55078978091478 1037.2921919338405 1282.8216047007591 3233.6651570945978
leaf_count=105923 81575 18458 7940 1944 4304 36107 2517 253760 37635 37260 3680 5446 7147 16871
internal_value=3.15757e-05 0.00189547 -0.000354483 0.000101842 -0.00512571 0.000326912 -0.0132883 0.000212467 -0.00127419 -0.000218923 -0.00188459 0.000952493 -0.000581897 0.00132759
internal_weight=117220 20106.5 97113.2 80400.7 3309.73 77090.9 1493.6 76665.6 26463.5 21901.9 14480.4 6362.33 5553.78 4516.49
internal_count=620567 100033 520534 414611 14761 399850 6821 397906 144146 106511 70404 33144 29464 24018
is_linear=0
shrinkage=0.05


Tree=164
num_leaves=15
num_cat=0
split_feature=73 69 73 73 19 72 72 74 69 74 69 69 72 72
split_gain=28.6343 69.1635 87.8709 52.7639 43.4118 26.7265 38.1983 38.2357 27.1901 95.9069 83.7565 103.342 109.096 144.123
threshold=0.85966211557388317 0.060251720249652869 0.89463898539543163 0.85278713703155529 0.0030722601804882292 0.054642656818032272 0.049865879118442542 -0.04474180564284324 0.10132142156362535 -0.0043106127995997659 0.090995021164417281 0.084976848214864745 0.0080942544154822844 0.0065029829274863013
decision_type=2 10 2 2 10 8 10 2 8 2 10 10 10 10
left_child=3 2 -2 5 -4 6 7 -1 10 -10 11 12 13 -9
right_child=1 -3 4 -5 -6 -7 -8 8 9 -11 -12 -13 -14 -15
leaf_value=-0.013028092734240718 -0.010851802609217344 -0.019692959981857761 -0.00035480850301194755 0.017097893072830463 0.022034577641980541 -0.01231648381439592 0.015032594178976941 0.00060421770819180792 0.0037751332843090333 -0.0027937183962519832 0.0058140963792414112 -0.0073034292161923593 -0.00092299180050617639 0.0084782302923139975
leaf_weight=543.56110046431422 940.74729304015636 613.0779190864414 420.36007051356137 447.82964380830526 435.75401439145207 422.46628163009882 418.77174644544721 18294.539392156526 7394.6076216828078 22259.55172929354 7059.53025646694 4401.076978193596 44998.155121114105 8508.0006658565253
leaf_count=2432 5748 3654 2498 2348 1989 1761 1813 119249 37779 121513 36794 24893 212775 44887
internal_value=4.41904e-05 -0.00533826 -0.000358642 0.000157688 0.011164 8.98261e-05 0.000136929 8.06296e-05 0.000144881 -0.00115498 0.00060792 0.000124907 0.000581186 0.00310592
internal_weight=117158 2409.94 1796.86 114748 856.114 114300 113878 113459 112915 29654.2 83261.3 76201.8 71800.7 26802.5
internal_count=620133 13889 10235 606244 4487 603896 602135 600322 597890 159292 438598 401804 376911 164136
is_linear=0
shrinkage=0.05


Tree=165
num_leaves=15
num_cat=0
split_feature=2 22 1 52 73 73 70 70 70 70 73 73 70 70
split_gain=31.2837 25.6009 21.9614 21.3477 52.9855 129.987 66.4786 185.665 145.294 152.836 68.8929 86.9921 60.3988 58.7335
threshold=0.010355446953326465 97.004173278808608 0.0056461812928318986 0.31782174110412603 0.32263550162315374 0.32778233289718633 0.001661030750256032 0.003342844895087183 -0.012489960994571446 -0.015494504012167452 0.12987624853849414 0.22272879630327228 -0.023748123086988922 -0.0087212771177291853
decision_type=2 8 10 8 2 2 2 2 2 2 2 2 2 2
left_child=2 3 -1 4 6 -6 8 -8 9 10 -2 -12 -13 -10
right_child=1 -3 -4 -5 5 -7 7 -9 13 -11 11 12 -14 -15
leaf_value=-0.03070327201195169 0.010834224203708991 -0.0092813936632726527 -0.0056482412565636722 0.0014194093367884319 -0.027433985761177612 -0.00061238795550066334 0.032593310474300106 0.003527595886743699 -0.016229808961715868 0.024750181446814068 -0.014101301847844651 -0.0061420581436838423 0.013217814403665699 -0.0029901428888540384
leaf_weight=120.77936877124012 1452.4124675132334 717.68040971830487 282.61814012378454 25024.851111602038 444.4586423560977 75193.833543609828 617.65919413790107 4436.9382214918733 1030.3205270022154 905.54195106774569 1013.8646809086204 724.30298852548003 885.23348605632782 4336.9103333763778
leaf_count=3722 6233 4451 6020 109942 2272 425087 2721 19549 4692 4144 4510 3255 3966 19712
internal_value=1.91349e-05 6.7732e-05 -0.0137111 0.000126336 -0.000229212 -0.0007736 0.00244281 0.0071367 0.000145476 0.00628867 0.00213646 -0.0027018 0.0045216 -0.00555715
internal_weight=117187 116784 403.398 116066 91041.5 75638.3 15403.2 5054.6 10348.6 4981.36 4075.81 2623.4 1609.54 5367.23
internal_count=620276 610534 9742 606083 496141 427359 68782 22270 46512 22108 17964 11731 7221 24404
is_linear=0
shrinkage=0.05


Tree=166
num_leaves=15
num_cat=0
split_feature=3 4 27 68 73 73 71 73 84 68 71 71 68 71
split_gain=32.7163 39.2084 40.1442 41.1637 50.9285 36.1262 38.9293 28.2552 45.4746 76.6235 49.1379 70.9192 49.3104 33.0631
threshold=1.0000000180025095e-35 0.025000001303851608 1.2480008006095888 0.041905201971530921 0.68344220519065868 0.72160628437995922 0.0056712266523391017 0.78874629735946666 1.0000000180025095e-35 0.056261774152517326 0.035684701055288322 0.025067974813282493 0.068374454975128188 0.014794950373470785
decision_type=2 10 2 10 2 2 2 2 2 10 2 2 10 2
left_child=1 2 3 -1 -5 6 -3 -2 9 -9 11 12 13 -10
right_child=7 5 -4 4 -6 -7 -8 8 10 -11 -12 -13 -14 -15
leaf_value=-0.0024664009622689196 -0.00068826245886844392 0.0027869640255343002 0.0045435825733162131 0.021660850035391851 0.00029777721382729327 -0.0017319795327452481 0.0097415296339072362 0.01838887156720212 -0.0012746828956454277 -0.0056662697675508725 -0.014124016827156562 0.01561693600035041 -0.014407744914615101 0.0081524198286081363
leaf_weight=10619.2525646016 82807.96418020688 5499.4485656879842 3654.9477350395173 395.39631226472557 895.56152292154729 2274.2670021392405 3174.6594456918538 977.18827371671796 3232.2215257771313 492.23767676576972 509.56959559395909 803.97200278565288 540.90222056210041 1294.694934759289
leaf_count=95928 380915 31170 27224 3077 9020 16043 19727 4451 15601 2396 2377 3707 2503 6190
internal_value=3.54604e-05 0.00158006 -3.29449e-05 -0.00144 0.00695709 0.00387117 0.00534057 -0.000416388 0.0024485 0.0103469 0.00061641 0.00191746 -0.000282334 0.00143349
internal_weight=117172 26513.5 15565.2 11910.2 1290.96 10948.4 8674.11 90658.8 7850.79 1469.43 6381.36 5871.79 5067.82 4526.92
internal_count=620329 202189 135249 108025 12097 66940 50897 418140 37225 6847 30378 28001 24294 21791
is_linear=0
shrinkage=0.05


Tree=167
num_leaves=15
num_cat=0
split_feature=15 68 70 72 68 69 69 73 68 69 69 72 73 72
split_gain=41.0657 31.3865 32.6259 25.4675 82.7422 69.4089 77.7239 61.8953 60.3299 75.9556 89.6472 84.9905 67.7103 72.6176
threshold=22.635874748229984 0.066133540123701109 0.0039322245866060266 0.0074609280563890943 0.049116047099232681 0.09630198031663896 0.11400846391916276 0.74991038441658031 0.028709637932479385 -0.011117002926766871 0.0083855912089347857 0.017317797988653186 0.51774471998214733 0.014348696917295458
decision_type=8 10 2 10 10 8 8 2 10 8 8 10 2 10
left_child=3 -2 -3 4 -1 7 -7 -6 -5 11 -11 -10 -12 -14
right_child=1 2 -4 8 5 6 -8 -9 9 10 12 -13 13 -15
leaf_value=0.0011179612356151697 -0.00082824479051990237 -0.019202581588331245 -0.0013847872970377748 0.0012636290793878616 0.036726179385320315 -0.013316439838388504 0.010851121674170763 0.01013327077113434 0.01436725071464541 -0.026365896341142073 -0.023888889240257519 -0.0093460924038325788 -0.00089531186335403917 -0.016158149399301543
leaf_weight=21576.338981289417 56530.7194533851 467.79340974055231 559.40745849348605 26108.427069956437 382.03087004646659 441.33894895203412 1260.5239463467151 520.18271421268582 1091.0450807996094 473.83777092769742 398.51562208682299 566.88040829636157 5884.6981958243996 888.52258060500026
leaf_count=130661 297944 2406 2921 126174 1974 2378 6703 3107 4933 2360 2037 2508 30008 4089
internal_value=-3.40902e-05 -0.000986538 -0.00960602 0.000885853 0.00213636 0.0105378 0.00454264 0.0216729 3.16064e-05 -0.00342347 -0.00552693 0.00625173 -0.00411531 -0.00291839
internal_weight=117150 57557.9 1027.2 59592.3 24180.4 2604.08 1701.86 902.214 35411.9 9303.5 7645.57 1657.93 7171.74 6773.22
internal_count=620203 303271 5327 316932 144823 14162 9081 5081 172109 45935 38494 7441 36134 34097
is_linear=0
shrinkage=0.05


Tree=168
num_leaves=15
num_cat=0
split_feature=16 69 73 73 73 54 53 71 71 69 69 69 69 71
split_gain=26.5378 30.3903 29.1369 27.6699 27.4179 24.5956 38.2214 51.1984 53.6988 159.212 153.454 134.611 154.869 124.964
threshold=20.44498443603516 -0.05704184249043464 0.85966211557388317 0.90521198511123668 0.57494938373565685 0.23746725171804431 -0.11499628797173499 -0.013176687993109224 0.014625609852373602 -0.020707927644252774 -0.098924212157726274 -0.071767471730709062 0.047683771699666984 -0.0073139155283570281
decision_type=2 10 2 2 2 8 10 2 2 10 10 10 10 2
left_child=3 -2 4 5 -3 6 7 -1 9 13 -10 -12 -13 -9
right_child=1 2 -4 -5 -6 -7 -8 8 10 -11 11 12 -14 -15
leaf_value=-0.0034741145688354349 -0.013707890230325854 -0.0057925993865846842 -0.014199904481659323 0.010460394849587731 0.00051217262064465403 0.00075361521603172551 -0.0055150463943063428 -0.0085248616219775735 -0.028495637106232975 0.00045663054316065135 0.0223808402465136 -0.009952634597156465 0.0056685820458236948 0.020010563235958286
leaf_weight=8949.4236326403916 552.09065759927034 2314.2295310106128 436.77255237102509 653.71665984019637 6676.2486489731818 71375.910490326583 3909.4587394148111 471.15631564334035 516.53199197351933 12593.286177935079 578.63500085286796 3364.9650011789054 2985.2936502266675 1947.370669580996
leaf_count=40323 3165 12341 2609 3115 37798 370248 35954 2026 2392 67588 2572 16634 15959 8616
internal_value=5.36162e-05 -0.00241137 -0.00173599 0.000282976 -0.00111536 0.000219643 -0.000859454 -0.000278361 0.000996157 0.00271747 -0.00247343 -0.000495263 -0.00261164 0.0144393
internal_weight=117325 9979.34 9427.25 107346 8990.48 106692 35316.1 31406.7 22457.2 15011.8 7445.43 6928.89 6350.26 2418.53
internal_count=621340 55913 52748 565427 50139 562312 192064 156110 115787 78230 37557 35165 32593 10642
is_linear=0
shrinkage=0.05


Tree=169
num_leaves=15
num_cat=0
split_feature=3 72 68 70 72 68 84 72 70 71 70 70 74 73
split_gain=28.7235 60.5622 77.1558 71.0274 67.6286 54.7217 70.7154 53.519 61.1356 51.709 53.0377 80.2962 51.9176 65.2637
threshold=1.0000000180025095e-35 0.013739499729126694 -0.015703483484685418 0.010333086363971235 0.014131831005215647 -0.028726507909595963 1.5000000000000002 0.016811436042189602 -0.0058136973530054084 -0.028331292793154713 0.016821727156639103 0.010524414479732515 0.0074146899860352286 0.48865681886672979
decision_type=2 8 8 2 10 10 2 10 2 2 2 2 2 2
left_child=1 2 3 5 -3 6 -1 8 -6 -4 11 12 -11 -14
right_child=-2 4 9 -5 7 -7 -8 -9 -10 10 -12 -13 13 -15
leaf_value=0.013072241552070499 -0.00038990454057651004 -0.024816987880563683 -0.015266993331544135 0.029694391007481759 -0.0096306099479249816 0.014384586781152382 -0.010207481046572785 -0.01240841439407284 0.015704583280841872 0.0010546525852381022 0.021370597285170913 -0.011056520452554137 0.029126773262538638 0.0054638024498717156
leaf_weight=556.27657890319824 90655.159699123353 402.48658952862024 459.45905815437436 380.35008637234569 392.28936354070902 1201.2605037819594 759.49056080728769 724.98197910748422 576.22487446852028 17347.563138382509 320.96802976354957 1246.9668422453105 336.09302652068436 1894.6671930048615
leaf_count=3025 418145 2413 2706 2091 2081 7056 4311 4090 3474 142356 1977 9400 2310 15620
internal_value=3.40167e-05 0.00147843 0.00217697 0.00982419 -0.00665937 0.00671596 -0.000340977 -0.00222357 0.00544921 0.00114739 0.00151108 0.00119489 0.00198044 0.00914301
internal_weight=117254 26599.1 24503.1 2897.38 2095.98 2517.03 1315.77 1693.5 968.514 21605.7 21146.3 20825.3 19578.3 2230.76
internal_count=621055 202910 190852 16483 12058 14392 7336 9645 5555 174369 171663 169686 160286 17930
is_linear=0
shrinkage=0.05


Tree=170
num_leaves=15
num_cat=0
split_feature=72 72 74 53 54 60 74 72 74 74 74 73 74 74
split_gain=31.0699 36.3892 28.9873 27.9094 47.2449 47.0395 45.7249 64.3295 48.6889 43.9933 45.3541 73.1252 49.1483 60.6478
threshold=0.054642656818032272 0.049865879118442542 -0.04474180564284324 -0.35402038693428034 0.21232864260673526 1.0000000180025095e-35 0.017647080123424533 0.019335029646754268 -0.02498772460967302 0.014304503332823517 -0.019179445691406723 0.31214115023612982 -0.0061176270246505729 -0.0054176535923033944
decision_type=8 10 2 8 8 10 2 10 2 2 2 2 2 2
left_child=1 2 -1 -4 5 -5 8 -8 -6 10 11 -10 -12 -14
right_child=-2 -3 3 4 6 -7 7 -9 9 -11 12 -13 13 -15
leaf_value=-0.011511564260787307 -0.013347592824032356 0.014691095067299193 0.0017881372775402464 -0.00047507349012204669 0.0093198568684068409 -0.0053526731833362642 0.0083370071227433281 -0.011326289764484909 0.0085732967725441252 -0.0075591071045498755 0.0030781251555460536 -0.01556833205139984 -0.0093409697691200326 -5.6126719239807941e-05
leaf_weight=527.52625070884824 419.43141264468431 417.27373339980841 20734.322552904487 12993.738101961091 1385.4525674711913 7970.0762801207602 3194.4579983353615 469.1348965279758 437.0186349786818 1918.5896432269365 12779.603405019268 1055.441571444273 1811.4887458942831 51070.655814407393
leaf_count=2362 1746 1814 86495 86167 6211 40359 14941 2076 1904 9771 64358 5046 9818 287449
internal_value=7.68492e-05 0.00012621 7.27159e-05 0.000126468 -0.000236024 -0.00233112 0.000356764 0.00579508 7.32077e-05 -0.000113583 0.000100229 -0.00848923 0.000296726 -0.000375887
internal_weight=117184 116765 116348 115820 95085.7 20963.8 74121.8 3663.59 70458.3 69072.8 67154.2 1492.46 65661.7 52882.1
internal_count=620517 618771 616957 614595 528100 126526 401574 17017 384557 378346 368575 6950 361625 297267
is_linear=0
shrinkage=0.05


Tree=171
num_leaves=15
num_cat=0
split_feature=54 23 70 68 70 70 70 84 70 68 69 73 72 72
split_gain=26.1779 31.8884 48.3825 38.3881 114.45 99.0714 82.259 121.39 103.846 104.727 160.071 97.0793 190.953 89.379
threshold=0.71464002132415783 0.050126429647207267 0.027393514290452007 -0.087453853338956819 -0.010116796009242533 -0.027834935113787648 -0.0085004726424813253 1.5000000000000002 -0.006910554599016904 0.012962502893060448 -0.060190718621015542 0.36591522395610815 0.013621942140161993 0.009231119882315399
decision_type=10 2 2 8 2 2 2 2 2 10 10 2 10 10
left_child=1 2 3 4 5 -1 7 11 9 10 -8 12 13 -5
right_child=-2 -3 -4 6 -6 -7 8 -9 -10 -11 -12 -13 -14 -15
leaf_value=0.0034698168623154509 0.0013288214240252179 0.0049351427276082185 -0.01389566894760795 0.0018305591948403874 -0.008385594451884722 0.030171276461401095 0.021216879922935649 -0.0084978930168437463 -0.00040741796319012058 0.021146521913319449 -0.0088606438023574891 -0.0057617571652410016 -0.0074395693504112409 0.027848140650818837
leaf_weight=842.06523725949228 28082.665817109868 2683.5768853500485 667.80573237501085 484.05058101378381 866.98733414523304 584.97036299668252 678.47877455130219 7368.4801306128502 67812.015729505569 1115.4116102848202 1227.6825107503682 2367.4976915996522 1124.8480510544032 1037.9448720347136
leaf_count=3625 126214 11303 3096 2361 3615 2541 3086 36213 392818 6156 6299 12095 5020 4655
internal_value=-1.62122e-06 -0.000422178 -0.000589558 -0.000484029 0.00588252 0.0145491 -0.000660221 -0.0044183 -2.71949e-06 0.00905116 0.0019 0.00158157 0.00814686 0.0196396
internal_weight=116944 88861.8 86178.2 85510.4 2294.02 1427.04 83216.4 12382.8 70833.6 3021.57 1906.16 5014.34 2646.84 1522
internal_count=619097 492883 481580 478484 9781 6166 468703 60344 408359 15541 9385 24131 12036 7016
is_linear=0
shrinkage=0.05


Tree=172
num_leaves=15
num_cat=0
split_feature=13 5 60 75 52 72 27 53 54 72 71 25 70 70
split_gain=25.4313 25.2124 37.668 27.5839 25.961 40.9501 31.2844 34.3277 35.165 33.5615 48.3994 31.4889 39.4899 100.792
threshold=-0.12068118155002593 0.74099683761596691 1.5000000000000002 0.76046165823936474 0.31782174110412603 0.049865879118442542 1.505376994609833 -0.098719567060470567 0.38434880971908575 0.0037185724359005694 0.0069754852447658786 -0.04636894911527633 -0.0085004726424813253 -0.006910554599016904
decision_type=10 2 10 10 8 10 2 10 10 10 2 10 2 2
left_child=-1 2 3 -2 5 6 7 11 9 10 -9 -3 -13 -14
right_child=1 4 -4 -5 -6 -7 -8 8 -10 -11 -12 12 13 -15
leaf_value=-0.0083143146273295995 -0.0042202072707800738 -0.0013369028808113883 0.002571801232078215 -0.025552825229916167 0.0015885372677976819 0.016199602309299562 0.0022666698518425182 -0.0044242723986811314 -0.0008509129110091892 -0.0059464256277385079 0.027703690554532465 -0.0035624375591555278 0.015546636091906943 0.0010242049792022155
leaf_weight=901.66671230643988 288.77377069555223 25700.758460018784 517.0867870375514 320.1598730776459 24438.644332094118 366.90923395752907 10372.991033544764 310.99022657983005 13735.370687836781 7158.7077627908438 175.99196894653141 4141.4611378964037 1238.9906119629741 27584.385781474411
leaf_count=3847 1773 117414 2190 2628 107569 1564 52862 3860 85625 62927 2027 19870 6145 150629
internal_value=4.11439e-06 6.92873e-05 -0.00734304 -0.0156679 0.000142354 -0.000247073 -0.000315595 -0.000650464 -0.00236509 -0.00508062 0.00751036 -2.52609e-05 0.000997445 0.00165364
internal_weight=117253 116351 1126.02 608.934 115225 90786.6 90419.6 80046.7 21381.1 7645.69 486.982 58665.6 32964.8 28823.4
internal_count=620930 617083 6591 4401 610492 502923 501359 448497 154439 68814 5887 294058 176644 156774
is_linear=0
shrinkage=0.05


Tree=173
num_leaves=15
num_cat=0
split_feature=15 3 69 71 69 73 73 0 71 68 69 69 68 73
split_gain=39.6101 25.895 45.9194 47.7621 39.2136 66.5348 43.7048 39.3791 36.7804 43.0595 39.31 34.7675 137.513 104.708
threshold=27.63224029541016 1.0000000180025095e-35 -0.042015798389911645 -0.033527091145515435 0.1269701570272446 0.68344220519065868 0.30249074101448065 0.016974219121038917 0.028925438411533836 0.053736645728349693 0.058149492368102081 -0.013108383864164351 -0.012698640115559099 0.55444979667663585
decision_type=8 2 8 2 10 2 2 2 2 10 8 8 10 2
left_child=1 2 3 -1 6 -6 -4 -8 9 -9 -10 12 -3 -14
right_child=-2 11 4 -5 5 -7 7 8 10 -11 -12 -13 13 -15
leaf_value=-0.021919995245322635 -0.0013848204915121924 -0.0015480763763397176 0.011366606157042785 5.0223460869431312e-05 0.024631910975170396 0.00072361873241429857 -0.0034041828222243688 0.0027522058179480957 0.0010984184756885492 -0.011659029991238856 0.025331131418031307 -0.00050422754087922834 0.020789267315740594 0.0042727111854342211
leaf_weight=376.58472679741681 36722.577226385474 7748.4210638590157 1192.0368479061872 686.8274474684149 525.01831784844398 639.39532711543143 3272.2439499069005 11430.217830397189 313.20551765710115 533.16147751733661 351.730468288064 48864.669917285442 1391.7544287145138 3065.1865843459964
leaf_count=1975 193244 33346 6614 3897 3511 4417 44203 73324 2085 3704 2324 228396 5884 13379
internal_value=-2.45161e-05 0.00059697 0.0021919 -0.00786179 0.00278148 0.0116215 0.00217282 0.00147687 0.00274334 0.00210075 0.0141022 9.21127e-05 0.00247804 0.00946528
internal_weight=117113 80390.5 19320.4 1063.41 18257 1164.41 17092.6 15900.6 12628.3 11963.4 664.936 61070 12205.4 4456.94
internal_count=620303 427059 146054 5872 140182 7928 132254 125640 81437 77028 4409 281005 52609 19263
is_linear=0
shrinkage=0.05


Tree=174
num_leaves=15
num_cat=0
split_feature=53 72 70 27 70 5 73 71 71 70 73 70 70 70
split_gain=27.5284 69.8642 64.0778 45.833 36.9881 35.8558 32.1824 30.2973 79.7101 75.8696 70.1538 78.1895 86.382 95.963
threshold=-0.072470329701900468 0.0089111742563545721 -0.013830194249749182 1.064667880535126 0.00041008580592460936 0.95591187477111828 0.50397408008575451 -0.013176687993109224 -0.017686145380139347 0.0029740554746240382 0.63929668068885814 0.0052992564160376796 0.0097987498156726378 0.014134839642792942
decision_type=10 10 2 2 2 2 2 2 2 2 2 2 2 2
left_child=7 2 -2 4 6 -3 -4 8 10 -10 11 -1 -13 -14
right_child=1 5 3 -5 -6 -7 -8 -9 9 -11 -12 12 13 -15
leaf_value=0.0011235483377503906 0.019349109905968224 -0.0098205969410250019 -0.0083947674140006767 0.003661591311071577 -0.0045299376848500572 -0.0028260048685662606 0.003317349472802501 0.00096329409898321817 -0.011571770073049879 0.0065007964867719497 0.012605465554636859 -0.020945124132647815 0.013906777495074447 -0.0089132928329168967
leaf_weight=12788.353392012417 428.53520763106644 2729.6116032488644 685.36967791616917 5506.0088052265346 5996.2643190398812 5571.1050857175142 3743.7504146508873 71743.803768988699 2884.2077046912163 719.51839791610837 1061.6635485254228 872.79641154594719 632.11831744760275 1621.9812067560852
leaf_count=56626 2620 17234 4964 37105 46048 29537 28469 361545 13898 3379 4821 3935 2754 6915
internal_value=8.1762e-05 -0.00140196 0.000494179 -2.48158e-05 -0.00197338 -0.00513516 0.00149017 0.000478185 -0.00121255 -0.00795541 0.000222617 -0.000610806 -0.00768493 -0.00248069
internal_weight=116985 24660.6 16359.9 15931.4 10425.4 8300.72 4429.12 92324.4 20580.6 3603.73 16976.9 15915.2 3126.9 2254.1
internal_count=619850 165977 119206 116586 79481 46771 33433 453873 92328 17277 75051 70230 13604 9669
is_linear=0
shrinkage=0.05


Tree=175
num_leaves=15
num_cat=0
split_feature=74 73 73 74 73 71 71 74 70 74 74 5 74 53
split_gain=26.3475 80.3636 70.2477 31.6487 85.4338 68.0295 175.59 100.432 86.9893 45.7614 73.6523 41.6991 34.7036 32.6529
threshold=0.025787819176912311 0.20574606955051425 0.368222326040268 0.017647080123424533 0.60302037000656139 0.011548060458153488 -0.0073139155283570281 0.021271942183375362 0.018066717311739925 0.015060005243867637 0.014611667487770321 0.98392713069915783 0.014304503332823517 -0.41436080634593958
decision_type=2 2 2 2 2 2 2 2 2 2 2 2 2 10
left_child=3 -2 -3 9 5 6 8 -7 -5 10 12 -6 -1 -11
right_child=1 2 -4 4 11 7 -8 -9 -10 13 -12 -13 -14 -15
leaf_value=-1.0124218175853198e-05 0.0060988052095103306 -0.028271554412854172 -0.0046520262796144784 0.0082072768817308597 0.0049627316902770349 -0.016092901184541725 0.026227277703752994 0.0096397723778698166 -0.020164746166020708 0.0040689250540232201 0.020234352419351929 0.023030389129492488 -0.013761385447942252 -0.010216760877336264
leaf_weight=106773.86874333769 915.18432515487075 476.07965681701899 907.70923262834549 532.53891886770725 588.13121298700571 1098.7621412239969 688.82569212466478 568.10144831985235 529.88965720497072 507.11742892302573 438.53279666230083 707.11566706933081 450.7867437992245 1804.83267788589
leaf_count=571947 3827 2118 4163 2436 2816 5249 3134 2602 2376 2300 2286 3243 2273 8989
internal_value=-6.87639e-05 -0.00535689 -0.0129226 3.76963e-05 0.00404536 -0.000109713 0.00675333 -0.00731749 -0.00599944 -0.000134418 1.53576e-05 0.0149273 -6.92143e-05 -0.00707922
internal_weight=116987 2298.97 1383.79 114689 4713.36 3418.12 1751.25 1666.86 1062.43 109975 107663 1295.25 107225 2311.95
internal_count=619759 10108 6281 609651 21856 15797 7946 7851 4812 587795 576506 6059 574220 11289
is_linear=0
shrinkage=0.05


Tree=176
num_leaves=15
num_cat=0
split_feature=69 69 69 69 69 69 84 57 52 14 84 84 69 69
split_gain=22.011 75.4249 45.3813 105.319 101.463 98.7722 56.7989 85.7697 47.7177 47.2727 43.9731 94.8002 69.1215 88.3308
threshold=-0.013108383864164351 -0.024361428804695603 0.036011641845107085 0.027720605023205284 0.021252671256661419 0.018991113640367988 1.0000000180025095e-35 0.027123294770717624 0.17838686704635623 0.17052754759788516 3.5000000000000004 2.5000000000000004 -0.045439498499035828 -0.071767471730709062
decision_type=8 10 8 10 10 10 2 10 10 10 2 2 10 10
left_child=1 10 3 4 5 6 7 -2 -9 -5 11 -1 13 -13
right_child=2 -3 -4 9 -6 -7 -8 8 -10 -11 -12 12 -14 -15
leaf_value=-0.0011180790446227117 -0.0078705663512806095 0.0079431991636588692 0.00015301118733533956 -0.012146677429305815 0.0079123005083787546 -0.017784046168795375 -0.0031406454756971662 0.0064862254543705741 0.02643348747587726 0.0062773318076808334 -0.0050862223929238476 0.0072366374674989803 -0.004151662215644082 0.028964260580877088
leaf_weight=9864.7680849209428 695.715491194278 3657.8208426460624 79379.829520139843 3267.27805698663 2753.022831523791 989.4744704272598 8305.6255121789873 836.7664987873286 465.58499757573009 383.37669505737722 3353.1886385418475 1836.2952399272472 785.35614356771111 622.73692445270717
leaf_count=43894 3859 16559 440975 17652 14371 5255 41493 3782 1992 1711 14917 8036 3634 2687
internal_value=-4.55425e-05 0.00145916 -0.000357527 -0.00264636 -0.000677279 -0.00277637 -0.00131933 0.00622953 0.0137644 -0.0102 1.45079e-05 0.00132211 0.00872228 0.0128341
internal_weight=117197 20120.2 97076.7 17696.8 14046.2 11293.2 10303.7 1998.07 1302.35 3650.65 16462.3 13109.2 3244.39 2459.03
internal_count=620817 89727 531090 90115 70752 56381 51126 9633 5774 19363 73168 58251 14357 10723
is_linear=0
shrinkage=0.05


Tree=177
num_leaves=15
num_cat=0
split_feature=16 52 68 73 68 68 84 72 72 68 68 68 71 72
split_gain=28.6217 30.0885 33.2667 85.0642 42.2336 60.6188 132.749 41.0415 103.566 242.634 181.478 94.4945 118.074 108.367
threshold=25.230439186096195 0.40935800969600683 -0.13279618322849271 0.041484083980321891 -0.09988760948181151 -0.087453853338956819 2.5000000000000004 0.013351017143577339 0.014131831005215647 -0.0062756247352808705 -0.030491796322166916 -0.014353075530380009 -0.0060160553548485032 0.010908138938248159
decision_type=2 10 8 2 8 8 2 8 10 8 10 8 2 10
left_child=1 2 3 -1 -4 6 -6 11 9 10 -9 12 -7 -14
right_child=-2 -3 4 -5 5 7 -8 8 -10 -11 -12 -13 13 -15
leaf_value=-0.0066097177166543775 -0.0035912661329241544 0.0024895218319283753 -0.013587480347438945 0.021326814886560123 -0.0044861230034639668 0.0016414857167996466 0.030150825723807635 -0.0058984966368332671 -0.00032278647919856737 0.0052547942842018211 -0.033401439573783283 -0.0004273604200342461 0.027902255031739032 0.0060660899229231218
leaf_weight=495.92929404973984 5280.3833023030311 12440.441168311983 576.8445247001946 584.93026902154088 595.94354528933764 7187.3409100305289 502.69276095181704 1212.8580221496522 13131.0932200104 1655.1937540303916 1186.8097701668739 69846.961863297969 912.54952065087855 1498.9158492814749
leaf_count=2107 28878 52744 2478 2508 2513 33719 2104 5645 60119 7803 5911 402114 4660 7041
internal_value=2.40248e-06 0.000172396 -0.00011786 0.00856565 -0.000214195 -0.000133878 0.0114914 -0.000267225 -0.00248196 -0.00945615 -0.0195829 0.000212126 0.00486104 0.0144105
internal_weight=117109 111829 99388.1 1080.86 98307.2 97730.4 1098.64 96631.7 17186 4054.86 2399.67 79445.8 9598.81 2411.47
internal_count=620344 591466 538722 4615 534107 531629 4617 527012 79478 19359 11556 447534 45420 11701
is_linear=0
shrinkage=0.05


Tree=178
num_leaves=15
num_cat=0
split_feature=69 71 71 68 72 73 72 73 73 71 68 73 71 73
split_gain=29.8461 91.8324 116.241 81.377 110.375 89.3562 137.599 64.1165 108.355 82.9086 72.3788 102.647 121.956 75.7832
threshold=0.10132142156362535 0.018063968978822235 0.019246594049036506 0.032032359391450889 0.011299594305455686 0.79190412163734447 0.005167735507711769 0.48414604365825659 0.46228538453578955 -0.0062088577542453996 0.033590722829103477 0.66248425841331493 0.0068225695285946139 0.75795969367027294
decision_type=8 2 2 8 10 2 8 2 2 2 10 2 2 2
left_child=-1 7 -3 4 -4 6 -5 8 9 -2 -9 12 -12 -13
right_child=1 2 3 5 -6 -7 -8 10 -10 -11 11 13 -14 -15
leaf_value=0.00045803328160804667 0.0090269999268606689 0.018010751352334937 -0.0036678574311808788 0.020434086556881684 0.023475188212816297 0.0095461117217780795 -0.010737911569317134 -0.0068385287790050991 0.020424705226037898 -0.0077176558385115461 0.020258068344273489 -0.010839025861102421 -0.0010830369307061668 0.00017841196990693058
leaf_weight=86425.737181190401 1222.8844821639359 1165.6037794612348 698.49957781098783 394.87736163474619 791.70338168367743 1101.9850465040654 2839.2887953650206 10485.385869845748 719.51428985223174 1836.5092034004629 1083.1304450239986 2593.3452284038067 1724.7126084081829 3896.7945912517607
leaf_count=455481 5887 6034 3739 2041 3896 5775 14652 58509 3894 9575 5559 14597 9472 20884
internal_value=-1.68448e-05 -0.0013598 0.00366869 0.000773511 0.0108128 -0.00269364 -0.00688069 -0.00285289 0.00310872 -0.00101697 -0.00399264 -0.000779412 0.00719201 -0.00423386
internal_weight=116980 30554.2 6991.96 5826.35 1490.2 4336.15 3234.17 23562.3 3778.91 3059.39 19783.4 9297.98 2807.84 6490.14
internal_count=619995 164514 36137 30103 7635 22468 16693 128377 19356 15462 109021 50512 15031 35481
is_linear=0
shrinkage=0.05


Tree=179
num_leaves=15
num_cat=0
split_feature=22 69 71 74 71 72 72 84 71 72 69 69 84 74
split_gain=26.36 27.4368 98.822 121.753 88.4675 71.6738 128.467 65.0668 63.9116 108.962 58.8675 94.1839 77.7382 152.11
threshold=95.540431976318374 0.10132142156362535 0.018063968978822235 -0.0049889306537806979 0.019246594049036506 0.0087636248208582419 0.0071378787979483613 2.5000000000000004 -0.0016955306055024264 0.0070382927078753718 0.090995021164417281 0.084976848214864745 2.5000000000000004 -0.0024369691964238878
decision_type=10 10 2 2 2 10 10 2 2 10 10 10 2 2
left_child=1 10 3 8 -4 6 -6 -7 -3 -10 11 -1 13 -12
right_child=-2 2 4 -5 5 7 -8 -9 9 -11 12 -13 -14 -15
leaf_value=0.00061213461455789054 -0.0057574842199882926 -0.0029323760376090968 0.017254012233070267 -0.0054503286504511833 0.0035114192995587116 0.00062396083257065327 -0.02017535880977174 0.017830324568137251 0.0011012757131189518 0.021898004067866537 -0.013574406692211598 -0.0069182616323953221 0.010645373211503922 0.0070102130950337894
leaf_weight=79272.141504280269 1880.4822691120207 1968.2782361134887 1072.3962139971554 13809.104621000588 1746.3307560998946 1288.5767273698002 839.89479000121355 948.85252895578742 1678.4588963650167 999.2177461180836 1324.030735373497 4371.716677390039 3249.0763245671988 2732.3383358735591
leaf_count=417819 11915 9587 5492 74120 9506 6169 4437 4556 9034 4787 6982 24789 17015 14603
internal_value=9.88584e-05 0.000194863 -0.00129541 -0.0030956 0.00433502 0.00143312 -0.00422911 0.00796773 0.00390001 0.00891451 0.000593972 0.000217772 0.00489509 0.000274373
internal_weight=117181 115300 24351.1 18455.1 5896.05 4823.65 2586.23 2237.43 4645.95 2677.68 90949.3 83643.9 7305.45 4056.37
internal_count=620811 608896 127688 97528 30160 24668 13943 10725 23408 13821 481208 442608 38600 21585
is_linear=0
shrinkage=0.05


Tree=180
num_leaves=15
num_cat=0
split_feature=14 71 68 71 54 71 68 68 72 68 84 71 71 68
split_gain=28.2284 25.2176 44.8734 44.697 25.0708 39.3231 70.879 98.6057 68.9014 67.5093 61.988 50.016 48.2007 46.8572
threshold=-0.18013088405132291 0.036813231185078628 0.055550768971443183 0.019495605491101745 0.23746725171804431 -0.031000258401036259 -0.038501890376210206 -0.028726507909595963 0.015535487327724697 -0.074138201773166643 2.5000000000000004 -0.011586693115532396 -0.078407391905784593 -0.024779885075986382
decision_type=8 2 10 2 8 2 10 10 10 10 2 2 2 10
left_child=1 2 -1 -4 5 12 8 -8 11 -10 -11 -7 -2 -9
right_child=4 -3 3 -5 -6 6 7 13 9 10 -12 -13 -14 -15
leaf_value=0.0021593084281509721 0.0048149353928347918 -0.0053293596593356257 0.0030567863955868221 0.024207607116016217 0.00027666152129964021 0.0073748564291442227 -0.015566608792426296 0.013066800794007339 0.013187735183115898 -0.015544254591331984 0.0061332704326438085 0.027281586636233875 -0.0088562562996989218 -0.0013152731337214558
leaf_weight=7470.2940895613283 803.67099522426724 885.62713311612606 515.00137076154351 481.18452480621636 77000.893262892962 885.46282286196947 1205.3439157791436 571.56352245993912 648.62641116604209 766.17205122485757 566.00528926216066 490.09342927113175 3141.3874910026789 21680.803167318925
leaf_count=31045 3463 3754 2237 1998 406771 4102 6036 2749 2794 3519 2527 2265 14518 132749
internal_value=2.33984e-05 0.00265692 0.00349762 0.0134123 -0.000205381 -0.0014118 -0.000725025 -0.00169803 0.0060602 7.71402e-05 -0.006357 0.0146131 -0.00606609 -0.000940159
internal_weight=117112 9352.11 8466.48 996.186 107760 30759.1 26814.1 23457.7 3356.36 1980.8 1332.18 1375.56 3945.06 22252.4
internal_count=620527 39034 35280 4235 581493 174722 156741 141534 15207 8840 6046 6367 17981 135498
is_linear=0
shrinkage=0.05


Tree=181
num_leaves=15
num_cat=0
split_feature=70 70 68 70 70 71 73 70 71 68 68 68 73 84
split_gain=25.3302 111.762 98.5322 98.9232 94.4719 114.582 172.948 93.5269 83.9447 120.537 83.2785 81.6502 160.634 135.729
threshold=-0.0085004726424813253 -0.011970254592597483 0.026314339600503448 -0.010116796009242533 -0.006910554599016904 -0.012742594350129364 0.38919657468795782 -0.0076345256529748431 -0.047380616888403886 -0.087453853338956819 0.010540382005274298 -0.087453853338956819 0.20574606955051425 3.5000000000000004
decision_type=2 2 8 2 2 2 2 2 2 10 10 10 2 2
left_child=1 11 -3 -4 5 7 -7 -2 9 -6 -8 -1 -13 -14
right_child=4 2 3 -5 8 6 10 -9 -10 -11 -12 12 13 -15
leaf_value=0.010677974522334892 -0.016523743362575588 -0.012207150102865766 -0.015011811927789423 0.012169090758702678 0.0011980520422067717 0.039039026041995301 -0.0085367511209003318 0.0083933438200449843 0.00017449655110924475 -0.028057188104107109 0.013709104167770676 -0.01742726362555513 0.0047318981297827531 -0.0099070429578164976
leaf_weight=1795.2332696467638 696.4583586268127 3726.1728057358414 495.19934310205281 983.18741159141064 774.57724972069263 539.09847738780081 580.92506960593164 797.34956042654812 94238.216479223222 634.32231502234936 1463.7342146094888 1270.3589430619031 7117.5408324431628 2025.8000349886715
leaf_count=7757 3336 18330 2435 4685 3202 2402 3020 3747 512768 2938 7550 5759 33301 9687
internal_value=3.59972e-06 -0.00175537 -0.00788289 0.00302491 0.000310889 0.00775481 0.014109 -0.00325638 -7.23333e-06 -0.0120783 0.00737786 0.000861051 -0.000839924 0.00148121
internal_weight=117138 17413.5 5204.56 1478.39 99724.7 4077.57 2583.76 1493.81 95647.1 1408.9 2044.66 12208.9 10413.7 9143.34
internal_count=620917 81954 25450 7120 538963 20055 12972 7083 518908 6140 10570 56504 48747 42988
is_linear=0
shrinkage=0.05


Tree=182
num_leaves=15
num_cat=0
split_feature=8 53 28 5 74 3 2 5 74 74 22 19 70 4
split_gain=24.9822 30.3793 30.7269 36.7034 46.4444 29.8059 28.2243 27.0136 25.3846 34.4755 27.2505 24.7509 24.0524 23.9836
threshold=1.0000000180025095e-35 -0.3378517478704452 1.7242063879966738 1.2310561537742617 -0.011505473405122755 0.075000001117587103 0.028058376163244251 0.77458232641220104 -0.021567674353718754 -0.017591366544365879 29.594026565551761 -0.0037325007142499085 -0.0033121517626568671 0.37500000000000006
decision_type=2 8 2 2 2 2 2 2 2 2 10 10 2 10
left_child=1 8 3 7 6 -2 -5 -3 10 -10 -1 -11 -13 -9
right_child=5 2 -4 4 -6 -7 -8 13 9 11 -12 12 -14 -15
leaf_value=0.00092736042398311447 0.0045849547394592625 -0.0076770889344984581 -0.0057162264692188491 0.022685579966706733 0.0013083156893075373 -0.00024916661958092481 0.0055983934853226468 -0.00065884207021113072 0.014300061440533871 -0.00052743555379234806 -0.012965647997921159 -0.00081538117181832726 0.0044322098842387832 0.0030933498557332659
leaf_weight=864.1772244349122 6702.9135041609406 1299.0849977247417 2704.9464565049857 457.27285886742175 3140.6685990113765 6071.7788237892091 518.86311858892441 70391.983680417761 552.96396128833294 7387.8707049749792 585.22082485258579 2880.4905328787863 8980.0655474793166 4523.134889125824
leaf_count=3620 47605 7524 12557 2186 15202 25882 2172 399800 2330 30557 2473 12021 37995 18368
internal_value=0.000202838 -5.28918e-05 -0.000484638 -0.000307788 0.00428496 0.00228891 0.0137518 -0.0005564 0.00163356 0.0021017 -0.0047326 0.00174402 0.00315815 -0.000431914
internal_weight=117061 104287 83036 80331 4116.8 12774.7 976.136 76214.2 21250.8 19801.4 1449.4 19248.4 11860.6 74915.1
internal_count=620292 546805 457809 445252 19560 73487 4358 425692 88996 82903 6093 80573 50016 418168
is_linear=0
shrinkage=0.05


Tree=183
num_leaves=15
num_cat=0
split_feature=73 71 71 71 71 84 74 74 73 71 73 12 71 12
split_gain=25.5472 59.1826 56.2586 80.2276 128.124 129.592 74.5511 98.1755 70.8307 68.1382 67.5503 76.9965 61.1234 60.458
threshold=0.68223786354064953 0.051627470180392272 0.003070256439968944 -0.0002741747885011136 0.001149674935732037 2.5000000000000004 0.0069500510580837735 0.0025200622621923689 0.78874629735946666 0.045635942369699485 0.8108845353126527 -0.09219015389680861 -0.019872837699949738 0.19665338844060901
decision_type=2 2 2 2 2 2 2 2 2 2 2 10 2 8
left_child=1 -1 3 12 5 -5 7 -6 9 -4 11 -10 -2 -14
right_child=2 -3 8 4 6 -7 -8 -9 10 -11 -12 -13 13 -15
leaf_value=0.00055961042963278008 0.013065523566621041 -0.0093934073267332944 -0.0054289658132156927 0.043813219273697246 -0.00084133901968277015 0.004928097658721149 -0.016345751527907845 0.0280900854130962 -0.0073453198804562195 0.0099019513618914968 -0.0013183616859559872 0.016221337612131348 -0.0080108705067018261 0.003744778313590295
leaf_weight=85961.762355290353 635.05229705013335 1509.9875230193138 13810.66981853731 438.25133116729558 1043.0511448085308 415.92736998386681 423.75527126714587 397.59654714539647 466.42889575660229 755.88442797027528 5443.5720733143389 1285.9220704287291 2762.2907493580133 1798.572701189667
leaf_count=445690 3015 7028 81782 2549 6520 2545 2582 2360 2423 3698 29131 7274 15312 8999
internal_value=-4.33527e-05 0.000386742 -0.00131074 0.00229717 0.00923987 0.0251549 0.00185307 0.00728188 -0.00262331 -0.00462717 0.00143386 0.00994244 -0.00134612 -0.00337699
internal_weight=117149 87471.7 29677 7914.5 2718.58 854.179 1864.4 1440.65 21762.5 14566.6 7195.92 1752.35 5195.92 4560.86
internal_count=620908 452718 168190 43882 16556 5094 11462 8880 124308 85480 38828 9697 27326 24311
is_linear=0
shrinkage=0.05


Tree=184
num_leaves=15
num_cat=0
split_feature=13 73 69 69 72 72 5 69 71 70 73 72 74 70
split_gain=28.7709 30.4503 80.4986 69.9494 58.8807 88.8668 83.0244 55.2945 113.097 117.548 78.4779 86.0309 81.6447 168.043
threshold=-0.12068118155002593 0.68223786354064953 0.13680395483970645 -0.038954747840762131 0.016811436042189602 0.013996415771543981 0.96421846747398388 0.11515964940190317 0.012974427081644537 -4.1544528357917436e-05 0.60302037000656139 0.007652473635971547 -0.0022299487609416242 -0.0012326514115557072
decision_type=10 2 10 8 10 10 2 10 2 2 2 10 2 2
left_child=-1 2 7 -3 5 -5 -6 -2 10 -10 12 -12 13 -9
right_child=1 3 -4 4 6 -7 -8 8 9 -11 11 -13 -14 -15
leaf_value=-0.0087320023125411657 0.00096788592017830056 0.015786918759437468 0.015690797039101052 -0.001514539186326818 -0.021247703924869365 0.012886963110500305 0.00053792935987486735 -0.022424769353343334 0.027957765415133524 0.00026062856134936136 0.0069454014519171577 -0.01132233164287536 -0.019242842969819263 0.015233973324186405
leaf_weight=890.89129300042987 77460.821610311046 587.56699839420617 877.71591223590076 26124.242645487189 867.31707626022398 1107.0104275550693 871.04247620515525 545.87611684575677 462.28175533749163 2029.1591219063848 1487.5751507952809 1121.5086113624275 1855.8349448796362 624.37471371144056
leaf_count=3797 400204 2714 4148 151947 4206 4919 4000 2874 2372 10781 8278 5773 10319 3404
internal_value=0.000168876 0.00023797 0.000711556 -0.00114721 -0.001496 -0.000924571 -0.0103909 0.000556126 -0.00336503 0.005491 -0.00728328 -0.00092019 -0.0127484 -0.00237352
internal_weight=116913 116022 86465.1 29557.2 28969.6 27231.3 1738.36 85587.4 8126.61 2491.44 5635.17 2609.08 3026.09 1170.25
internal_count=619736 615939 448153 167786 165072 156866 8206 444005 43801 13153 30648 14051 16597 6278
is_linear=0
shrinkage=0.05


Tree=185
num_leaves=15
num_cat=0
split_feature=72 72 71 72 68 68 68 68 68 72 68 53 72 72
split_gain=21.5927 92.383 114.664 54.8421 30.1439 49.5478 81.0255 55.623 53.2665 43.7393 29.4873 27.3385 28.1303 94.0436
threshold=0.0046126006636768588 0.0040987152606248864 0.017434364184737209 0.0046515460126101979 0.037829346954822547 0.018573354929685596 0.02479304559528828 -0.0020917954389005895 0.0094100432470440882 0.0042410269379615792 0.028709637932479385 -0.011345697101205586 0.0054426691494882115 0.0058862892910838136
decision_type=10 8 2 10 10 10 10 8 8 10 10 10 10 10
left_child=1 2 -1 -2 5 7 -7 -3 -9 -6 -8 12 -5 -14
right_child=3 4 -4 11 9 6 10 8 -10 -11 -12 -13 13 -15
leaf_value=-0.00013830061830434349 0.017144877898085858 0.0069039329552019876 0.023696689092339407 0.003175846836695403 -0.027178099438406225 0.020260566340326004 -0.015777597433726861 -0.0269196841817693 -0.0067196116164320993 -0.0078863620885747526 -0.00057777345811180604 -0.0044673868154916216 -0.0070508476165204396 0.00033591409471528144
leaf_weight=6494.3615578580648 462.34089109115303 340.43150418624282 537.08573449403048 7415.2724540531635 388.18861172161996 407.65715278312564 411.41760120540857 574.83901021070778 759.24495379067957 1177.4464791882783 1317.3053074218333 3208.5564847644418 4517.8984240554273 89056.4900447689
leaf_count=45117 2714 2005 3221 44387 2215 2716 2704 4313 5305 7346 8851 23781 26435 439413
internal_value=-8.77609e-05 -0.00205906 0.00171336 0.000146119 -0.00698666 -0.00456627 0.000487393 -0.0109784 -0.0155591 -0.0128117 -0.00426511 6.90556e-05 0.000213612 -2.14441e-05
internal_weight=117069 12408 7031.45 104661 5376.53 3810.9 2136.38 1674.52 1334.08 1565.64 1728.72 104198 100990 93574.4
internal_count=620523 83793 48338 536730 35455 25894 14271 11623 9618 9561 11555 534016 510235 465848
is_linear=0
shrinkage=0.05


Tree=186
num_leaves=15
num_cat=0
split_feature=27 51 69 65 69 74 74 73 73 72 70 70 72 69
split_gain=25.8436 39.84 36.8438 36.2607 25.4474 85.7668 84.7462 76.9563 88.5136 89.5533 141.695 113.069 93.9857 88.7637
threshold=0.55265751481056224 -0.03783705830574035 0.015642936341464523 -0.0078907301649451238 0.10132142156362535 0.0022695042425766592 0.019013540819287304 0.75795969367027294 0.62238013744354259 0.006978219375014306 -0.0014947883319109676 -8.2165359344799058e-05 0.0060695961583405742 0.1269701570272446
decision_type=2 10 10 8 8 2 2 2 2 10 2 2 10 10
left_child=1 2 -1 -4 -2 7 -7 8 9 10 -6 -12 -13 -10
right_child=4 -3 3 -5 5 6 -8 -9 13 -11 11 12 -14 -15
leaf_value=0.0039119338517260632 0.00072603427526841469 -0.0087274792166626841 -0.005947988921777155 0.001133815977962859 -0.013902961975994549 -0.005611760183539212 0.010180445950307638 0.0088202654623957561 -0.0096528561010234895 0.0086688961502250621 0.02634972489026341 0.0068271400519859891 -0.017228813996745859 0.0051688632492361448
leaf_weight=2836.3667474128306 77853.875164901838 1935.9111338388175 4046.4042078796774 3255.428815856576 1550.2301332559437 10517.973345937207 914.98184161260724 2820.77157012932 3579.6930155903101 3691.3231672421098 498.77744900807738 1399.2657562531531 560.35625010170043 1398.3403121344745
leaf_count=13036 409828 14576 20605 15576 8613 58167 4151 14698 20978 18349 2727 7694 3237 7028
internal_value=1.52926e-05 -0.00217419 -0.000915458 -0.00279342 0.000267763 -0.00105678 -0.00434011 0.00136647 -0.000297594 0.00306038 -0.0021129 0.00534793 -0.000104237 -0.00548739
internal_weight=116860 12074.1 10138.2 7301.83 104786 26931.7 11433 15498.8 12678 7699.95 4008.63 2458.4 1959.62 4978.03
internal_count=619263 63793 49217 36181 555470 145642 62318 83324 68626 40620 22271 13658 10931 28006
is_linear=0
shrinkage=0.05


Tree=187
num_leaves=15
num_cat=0
split_feature=70 69 70 69 71 68 69 74 74 70 71 68 69 71
split_gain=24.3582 113.138 144.007 106.459 115.712 92.1362 238.73 112.31 87.6747 161.189 147.492 157.976 125.657 110.727
threshold=-0.0085004726424813253 0.12782794237136844 -0.011970254592597483 0.030398579314351085 -0.017686145380139347 -0.087453853338956819 -0.086764372885227189 -0.022302128374576565 -0.0074225144926458589 -0.0034433820983394976 -0.02081507537513971 0.046177720651030547 0.036011641845107085 -0.012742594350129364
decision_type=2 10 2 10 2 10 8 2 2 2 2 10 10 2
left_child=1 2 5 -4 -5 7 -7 -1 9 10 -2 13 -11 -12
right_child=8 -3 3 4 -6 6 -8 -9 -10 12 11 -13 -14 -15
leaf_value=0.0015097894257033472 0.027343429091983049 0.022123155789223359 -0.017764426139012995 0.016972233035869748 -0.0082265315282336517 -0.032578322663874636 0.00062576050189006938 0.027452552243486385 -8.7993447132761571e-05 -0.028142349787845272 -0.0075253436880569763 -0.018565296378733311 0.00022265475790563807 0.01248455983657785
leaf_weight=1137.6099227089435 946.43819980509579 476.04056980274618 2180.2071384228766 566.68842707015574 2162.355537770316 563.36024789325893 9684.931359892711 649.91615528427064 91233.511585924774 506.71350264921784 830.96525524184108 574.14990353770554 1597.1772922445089 3940.7852262295783
leaf_count=4877 4246 2165 10637 2498 11018 2482 45477 2856 496730 2323 4156 2954 8215 20014
internal_value=6.05537e-05 -0.00166379 -0.00234469 -0.00955248 -0.00295112 0.000600758 -0.00122948 0.0110424 0.000362206 0.00524836 0.00925095 0.00600279 -0.00670975 0.00899153
internal_weight=117051 17421.1 16945.1 4909.25 2729.04 12035.8 10248.3 1787.53 99629.7 8396.23 6292.34 5345.9 2103.89 4771.75
internal_count=620648 82010 79845 24153 13516 55692 47959 7733 538638 41908 31370 27124 10538 24170
is_linear=0
shrinkage=0.05


Tree=188
num_leaves=15
num_cat=0
split_feature=72 72 74 53 54 74 71 71 84 53 1 72 72 74
split_gain=27.7597 34.1401 26.1555 29.428 45.5442 48.5885 49.3484 44.2198 71.6054 39.8347 48.8175 39.4862 45.7203 38.1036
threshold=0.054642656818032272 0.049865879118442542 -0.04474180564284324 -0.29873403906822199 0.37747371196746832 0.017647080123424533 0.011548060458153488 0.039475556463003166 2.5000000000000004 -0.11499628797173499 0.022849769331514839 0.014730440452694895 0.016811436042189602 0.021271942183375362
decision_type=8 10 2 8 8 2 2 2 2 10 10 10 10 2
left_child=1 2 -1 -4 7 -6 13 9 -9 10 -5 -12 -13 -7
right_child=-2 -3 3 4 5 6 -8 8 -10 -11 11 12 -14 -15
leaf_value=-0.011037306260312669 -0.012842093829800186 0.014297817520450685 0.0013646146132572368 0.0010345161579241933 6.4555318490791717e-05 0.021853033029582317 0.00031824544063116593 -0.019949513170297757 0.0032627752463249742 -0.004170817577587394 -0.0071912237066571591 0.013666050700795105 -0.003437694261739991 0.0043409642059226549
leaf_weight=533.38079875335097 415.12709601223469 403.58661655336618 28137.940548049286 16161.988418933004 51638.243260445073 696.93939302116632 1324.9401821289212 822.82899721711874 548.61433143541217 10064.979992346838 3881.1748869381845 547.32556963711977 1298.1135512962937 564.90670093521476
leaf_count=2385 1736 1780 119191 94587 269767 3108 6090 4824 2973 86328 17568 2326 5571 2491
internal_value=-8.86327e-05 -4.21395e-05 -9.31618e-05 -4.17541e-05 -0.000493855 0.000400174 0.00707384 -0.00194826 -0.0107076 -0.00156908 -0.000371374 -0.00433405 0.0016813 0.014109
internal_weight=117040 116625 116221 115688 87550.1 54225 2586.79 33325 1371.44 31953.6 21888.6 5726.61 1845.44 1261.85
internal_count=620725 618989 617209 614824 495633 281456 11689 214177 7797 206380 120052 25465 7897 5599
is_linear=0
shrinkage=0.05


Tree=189
num_leaves=15
num_cat=0
split_feature=71 71 69 69 69 71 71 74 74 71 69 69 69 74
split_gain=21.0638 121.492 95.8814 89.7532 69.9472 134.002 176.012 147.724 205.275 150.931 127.642 193.876 125.928 171.708
threshold=-0.024940954521298405 -0.023610853590071198 0.10383970662951471 0.023124567233026031 0.015642936341464523 0.0023981669219210748 -0.010246572084724901 0.0024025390157476072 0.0052914952393621215 0.03201615437865258 -0.067468378692865358 -0.013108383864164351 -0.020707927644252774 -0.0075496714562177649
decision_type=2 2 8 10 8 2 2 2 2 2 10 10 10 2
left_child=2 3 -1 -2 5 6 12 9 -9 10 -7 -12 -3 -14
right_child=1 4 -4 -5 -6 7 -8 8 -10 -11 11 -13 13 -15
leaf_value=-0.003054221903071236 0.002858969428965324 -0.0080524314857374664 0.018884951713234878 0.030780075365781479 -0.00081298249463965981 -0.029917437447326507 0.014104803744884174 0.023240985247626356 -2.5863205338197075e-05 0.0060361152699438649 0.0064613399308342508 -0.019830491847971435 -0.011197523505624507 0.022155820176822254
leaf_weight=12090.160759460181 609.8541589807719 2268.1932212058455 509.48606925830245 538.94138867966831 82930.189825521782 831.63967628590763 4446.369373716414 1131.3296235185117 5595.7985961027443 1488.9561669249088 1299.0004452746361 1503.9422550313175 598.72803220152855 1050.8371557332575
leaf_count=54596 2790 10058 2216 2384 463819 3870 20570 5577 25897 6687 5916 7889 2919 4933
internal_value=-0.000222605 1.07653e-05 -0.0021528 0.0161103 -0.000170091 0.00246644 0.00730807 -0.000954037 0.00391571 -0.00734311 -0.0128256 -0.00766611 -0.000422003 0.0100553
internal_weight=116893 104294 12599.6 1148.8 103145 20214.8 8364.13 11850.7 6727.13 5123.54 3634.58 2802.94 3917.76 1649.57
internal_count=620121 563309 56812 5174 558135 94316 38480 55836 31474 24362 17675 13805 17910 7852
is_linear=0
shrinkage=0.05


Tree=190
num_leaves=15
num_cat=0
split_feature=71 71 72 84 73 71 71 70 70 72 72 73 73 84
split_gain=27.5551 71.1215 103.783 68.8108 110.373 103.639 99.2318 161.58 90.5625 61.6106 130.701 86.9696 70.1402 57.1968
threshold=-0.025613646954298016 -0.023610853590071198 0.012867634184658529 1.0000000180025095e-35 0.37594781816005712 -0.028331292793154713 -0.03255916200578212 -0.014948278665542601 -0.0014585852622985838 0.015731807798147205 0.014131831005215647 0.20574606955051425 0.18154882639646533 1.5000000000000002
decision_type=2 2 10 2 2 2 2 2 2 10 10 2 2 2
left_child=3 2 -2 6 9 8 7 -1 -6 10 11 -5 -11 -13
right_child=1 -3 -4 4 5 -7 -8 -9 -10 12 -12 13 -14 -15
leaf_value=-0.0027905791745132802 0.017751621881659838 0.00010808999682300855 -0.0099236841673025454 -0.015569520440771293 -0.0088472654252943501 0.0045458214376700064 -0.0090764967116865533 0.030752343997305094 -0.031945082936269957 -0.0028477795457363363 0.018261820645383339 0.012540309800863068 -0.022731783121977579 -0.0021482371661434604
leaf_weight=737.57884455285966 1253.7134296894073 103137.54471279308 455.41744870692492 900.90382596291602 913.65269678644836 584.12538040056825 729.845622850582 686.73221964016557 800.33258750475943 1820.3277837075293 984.61070965975523 901.80717535875738 577.95309329219162 2418.6058788895607
leaf_count=3239 5740 558172 2061 4140 4261 2669 3322 2959 3784 7702 4270 4117 2634 11145
internal_value=1.58385e-05 0.00027622 0.0103624 -0.00224687 -0.00400881 -0.0135856 0.00583357 0.0134838 -0.0197554 -0.0011005 0.0019552 -0.00188244 -0.00771405 0.00186677
internal_weight=116903 104847 1709.13 12056.5 9902.32 2298.11 2154.16 1424.31 1713.99 7604.21 5205.93 4221.32 2398.28 3320.41
internal_count=620215 565973 7801 54242 44722 10714 9520 6198 8045 34008 23672 19402 10336 15262
is_linear=0
shrinkage=0.05


Tree=191
num_leaves=15
num_cat=0
split_feature=15 28 70 70 72 70 68 70 68 70 68 68 72 68
split_gain=26.3595 25.0644 24.5522 67.5876 120.73 93.0465 58.1298 78.2323 94.6225 84.3026 149.461 156.392 132.386 112.662
threshold=1.0000000180025095e-35 2.1931998729705815 0.0085090477950871008 0.0097987498156726378 0.0081780562177300471 0.010524414479732515 0.015264729969203474 0.01308769825845957 -0.020527383312582966 0.016821727156639103 -0.021990260109305378 -0.03380355425179004 0.020338352769613269 -0.052953198552131646
decision_type=10 2 2 2 10 2 8 2 10 2 10 10 10 10
left_child=-1 2 -2 4 -4 -5 7 8 -7 -9 11 12 13 -11
right_child=1 -3 3 5 -6 6 -8 9 -10 10 -12 -13 -14 -15
leaf_value=-0.011388900392201261 0.00054688011821784016 -0.0074112090589059237 0.0023710146954732127 0.01073135121553173 -0.015144532102664003 0.023632836966930616 -0.004742499176018506 -0.0092684878842167143 0.0017668498752241336 -0.0020054831376864601 0.014694075716135978 -0.029195159761027035 -0.009217603860307795 0.03220222731198269
leaf_weight=488.74335328117013 94266.10768645443 1081.3802423048764 1792.931097695604 1803.6420152448118 2163.6124795749784 770.7604630254209 6685.4267419781536 2175.5963625367731 1355.57361083664 472.22851944342256 1629.0915024913847 506.09968829341233 1262.9817580915987 478.58755593560636
leaf_count=2161 508600 4784 10640 9465 10597 3525 33680 10246 7225 2039 7430 2434 5411 2066
internal_value=8.13433e-05 0.00013046 0.00020179 -0.00133971 -0.00722129 2.13956e-05 -0.00124433 0.00146141 0.00976643 -0.00125596 0.0027644 -0.00440857 0.00136373 0.0153687
internal_weight=116933 116444 115363 21096.5 3956.54 17140 15336.3 8650.92 2126.33 6524.59 4348.99 2719.9 2213.8 950.816
internal_count=620303 618142 613358 104758 21237 83521 74056 40376 10750 29626 19380 11950 9516 4105
is_linear=0
shrinkage=0.05


Tree=192
num_leaves=15
num_cat=0
split_feature=8 19 73 68 14 73 73 72 73 73 72 70 70 14
split_gain=24.7632 28.6778 26.7531 49.8329 29.6417 35.0713 28.4893 31.1451 23.3194 91.8673 64.851 106.069 87.2044 69.7831
threshold=1.0000000180025095e-35 0.0054310970008373269 0.71822267770767223 0.036895120516419418 -0.0087875477038323862 0.6592841148376466 0.66095155477523815 0.0054426691494882115 0.62440380454063427 0.62079501152038585 0.016811436042189602 0.0096726929768919962 0.0002705992956180126 -0.21485193073749539
decision_type=2 10 2 10 8 2 2 10 2 2 10 2 2 8
left_child=8 2 3 6 -5 -6 -2 -8 9 -1 13 12 -12 -10
right_child=1 -3 -4 4 5 -7 7 -9 10 -11 11 -13 -14 -15
leaf_value=2.6460197573147279e-05 0.00110670452957056 -0.0051503666320278692 -0.0017280682546534929 0.022251216428760306 0.016727097051867364 -0.0019077537594041169 0.01948109759032636 0.0023404987545920229 0.0078635343103406578 0.017534696380892167 -0.007315561575125468 0.0047131099082758773 -0.033921401259910451 -0.00138086855571818
leaf_weight=64600.663083724678 6382.9252342451364 1259.8965555801988 2564.6985319834203 496.42720079235733 486.68597354367375 509.81648130901158 464.72952679358423 607.08841257169843 2158.9374827314168 748.02355870604515 719.48001577891409 758.00190254673362 538.15914183109999 34736.277522560209
leaf_count=324025 37046 5514 15674 2502 2618 3056 3586 3503 9020 4155 3294 3478 2598 201020
internal_value=-9.28849e-05 0.00198423 0.00276882 0.00405827 0.0123659 0.00726917 0.00238021 0.00988387 -0.000347507 0.000229523 -0.00131641 -0.0100271 -0.0188783 -0.000837945
internal_weight=117032 12772.3 11512.4 8947.67 1492.93 996.502 7454.74 1071.82 104260 65348.7 38910.9 2015.64 1257.64 36895.2
internal_count=621089 73499 67985 52311 8176 5674 44135 7089 547590 328180 219410 9370 5892 210040
is_linear=0
shrinkage=0.05


Tree=193
num_leaves=15
num_cat=0
split_feature=59 67 57 74 74 73 74 74 74 74 71 74 73 74
split_gain=24.8194 21.8516 37.6899 30.5023 26.7565 31.629 84.2393 197.784 129.555 108.236 138.538 171.632 106.214 56.2573
threshold=8.5000000000000018 0.0090647907927632349 0.007943534757941963 0.0059964945539832124 -0.04474180564284324 0.31214115023612982 -0.015850028023123738 -0.0041170166805386535 -0.017591366544365879 -0.0070947986096143714 -0.040122648701071732 -0.011782031506299971 0.28450997173786169 -0.016539857722818848
decision_type=8 2 10 2 2 2 2 2 2 2 2 2 2 2
left_child=1 2 3 -1 -4 6 8 9 -6 10 -8 -12 -9 -7
right_child=-2 -3 4 -5 5 13 7 12 -10 -11 11 -13 -14 -15
leaf_value=-0.0010497553120585217 -0.0099324949545984316 0.0011007590859297698 -0.01279106706180811 -0.0076689500906844971 0.0042923525447792965 -0.0069852383413376261 -0.025515990202181905 0.0029410798003740601 0.030464948081463022 -0.027327333955068263 -0.012263898255624761 0.021191589301531949 0.024793947935858467 -0.00011749451740053654
leaf_weight=4043.2180447597057 620.98291826620698 32951.902634300292 402.77682860195637 3050.903208155185 2214.0254196077585 3123.4106081947684 583.49935777485371 4867.7475837208331 592.79630851373076 724.98801245726645 835.03005684912205 691.94329492002726 618.36925134435296 61670.777000309899
leaf_count=36579 2595 160073 1812 22114 9557 14313 2573 21590 2602 3359 3722 3094 2810 333923
internal_value=-4.28072e-05 1.08152e-05 -0.000419809 -0.0039032 -9.55733e-05 -2.65468e-05 0.00243473 -9.49947e-05 0.00990849 -0.0107951 -0.00501388 0.0029356 0.00544486 -0.000449582
internal_weight=116992 116371 83419.5 7094.12 76325.4 75922.6 11128.4 8321.58 2806.82 2835.46 2110.47 1526.97 5486.12 64794.2
internal_count=620716 618121 458048 58693 399355 397543 49307 37148 12159 12748 9389 6816 24400 348236
is_linear=0
shrinkage=0.05


Tree=194
num_leaves=15
num_cat=0
split_feature=15 69 71 71 69 72 84 70 71 69 69 72 68 70
split_gain=26.379 22.8235 129.25 192.254 128.749 122.289 103.584 114.05 91.63 121.304 89.3522 107.911 79.1698 122.88
threshold=1.0000000180025095e-35 -0.013108383864164351 -0.010246572084724901 0.014794950373470785 -0.098924212157726274 0.020338352769613269 2.5000000000000004 0.00690349005162716 -0.0030016209930181499 -0.038954747840762131 -0.078316114842891679 0.01715600956231356 -0.087453853338956819 -0.010116796009242533
decision_type=10 8 2 2 10 10 2 2 2 10 10 10 10 2
left_child=-1 2 12 6 5 -5 8 -8 -4 -10 -6 -12 13 -2
right_child=1 -3 3 4 10 -7 7 -9 9 -11 11 -13 -14 -15
leaf_value=-0.011674004225919576 0.015559200325091411 -0.00045170588395230773 0.021324062667133617 -0.03177144446055221 0.016837971725163509 0.0028021273298767368 0.012558645191810217 0.037870472035170855 -0.0078584586688058965 0.015366167342999698 0.011207871577110895 -0.0068550266008089696 -0.0055723239369353519 -0.0072757132886534922
leaf_weight=487.14899494126439 1264.6053761336952 96377.870073504746 754.08817346207798 591.71828882396221 854.40333145298064 442.22910639643669 1392.2456062007695 656.47829365544021 1406.9056968763471 922.19057317264378 1214.5710425153375 2536.2152665406466 6987.7681342810392 1087.1684921048582
leaf_count=2154 5524 528753 3358 2797 3791 1899 6318 2843 6321 4179 5620 11422 31285 4521
internal_value=-0.000181041 -0.00013198 0.00139973 0.00513013 -0.00124355 -0.0170988 0.0121226 0.0208139 0.00629868 0.00136356 0.00234557 -0.000991691 -0.00290332 0.00501706
internal_weight=116976 116488 20110.6 10771 5639.14 1033.95 5131.91 2048.72 3083.18 2329.1 4605.19 3750.79 9339.54 2351.77
internal_count=620785 618631 89878 48548 25529 4696 23019 9161 13858 10500 20833 17042 41330 10045
is_linear=0
shrinkage=0.05


Tree=195
num_leaves=15
num_cat=0
split_feature=71 84 68 69 72 84 68 68 68 72 72 69 68 69
split_gain=24.9964 123.235 133.742 144.676 106.595 91.6613 90.0481 179.725 93.0438 90.3435 103.086 139.316 125.947 88.0892
threshold=-0.013176687993109224 1.5000000000000002 -0.087453853338956819 0.071688499301671996 0.02781627140939236 3.5000000000000004 0.020147094503045086 0.0082364007830619829 0.0027379508828744297 0.0089646033011376875 0.010468589607626201 0.03123692981898785 -0.039862519130110734 0.004932673182338477
decision_type=2 2 10 8 10 2 10 8 10 10 10 10 10 10
left_child=1 6 4 -4 -3 -5 7 8 9 -1 13 12 -12 -11
right_child=-2 2 3 5 -6 -7 -8 -9 -10 10 11 -13 -14 -15
leaf_value=-0.0081255579684606921 0.00037777548895463785 0.021901794748974905 -0.00892305784668662 -0.0024185549891311241 -0.0061805229919474902 0.016792849914512808 0.016979443624352903 -0.020874267796903438 0.022989782625837275 0.029585994940422217 0.0022862623769006299 0.02034591008366949 -0.019687732296172159 0.0047351876292039486
leaf_weight=1679.8293056376278 93053.89012988843 805.56816510111094 9809.292869143188 1856.8867421206087 570.87921298108995 921.22649016045034 1002.8546524606645 822.53183695487678 560.9909389782697 675.71572341769934 2670.6940185837448 764.55929006077349 852.05026879906654 752.51818050630391
leaf_count=8376 509062 3420 46346 8948 2403 4365 4654 3986 2751 3048 11683 3370 4042 3473
internal_value=8.25165e-06 -0.00143938 -0.00445282 -0.00607231 0.0102941 0.00398936 0.00286258 0.00123246 0.0035412 0.00203684 0.0050326 0.00114399 -0.0030693 0.0166164
internal_weight=116799 23745.6 13963.9 12587.4 1376.45 2778.11 9781.74 8778.89 7956.36 7395.37 5715.54 4287.3 3522.74 1428.23
internal_count=619927 110865 65482 59659 5823 13313 45383 40729 36743 33992 25616 19095 15725 6521
is_linear=0
shrinkage=0.05


Tree=196
num_leaves=15
num_cat=0
split_feature=28 68 68 70 68 52 68 22 1 68 70 68 68 4
split_gain=24.4195 31.3746 20.9643 46.6737 28.4654 20.6789 37.0154 24.9515 20.1359 31.4386 32.0707 29.9509 30.1414 25.2472
threshold=1.4065824151039126 0.049752205610275275 0.066133540123701109 0.0030824779532849793 0.087568700313568129 0.32707698643207556 -0.037337061017751687 91.29233551025392 0.013052678667008879 0.041905201971530921 0.0083465380594134348 -0.019749879837036129 -0.030491796322166916 0.025000001303851608
decision_type=2 10 10 2 10 8 8 8 8 10 2 10 10 10
left_child=2 -2 5 -4 -5 7 -7 8 9 11 -11 12 -1 -13
right_child=1 -3 3 4 -6 6 -8 -9 -10 10 -12 13 -14 -15
leaf_value=0.0023305616838113618 -0.0029591602520777516 0.0065496343618850518 -0.012855277948759531 -0.0044153666928042432 0.010493425389091562 -0.0073635261712174591 0.0023163244624933477 -0.003737858625375047 -0.00011720101574412461 0.011220581713761163 -0.0082892200564894571 -0.0017161927343905224 0.018985349750717244 0.0034425101466273398
leaf_weight=715.08472850732505 10342.19913748838 937.45571150630713 948.69496230594814 777.86686718836427 529.67933228239417 1031.4935997966677 19211.467931710184 4146.8076758440584 65943.183009818196 1437.5814631655812 239.04309716075659 6333.2359283212572 431.38942100480199 3778.2269483096898
leaf_count=4830 49393 4424 4777 4284 2329 4369 85376 29317 315986 12905 2199 69463 2855 27558
internal_value=4.64109e-05 -0.00216378 0.000282845 -0.00447434 0.0016579 0.000387206 0.00181969 3.77623e-05 0.000236705 0.00203969 0.00840634 0.0010849 0.00870732 0.000212894
internal_weight=116803 11279.7 105524 2256.24 1307.55 103268 20243 83024.6 78877.7 12934.6 1676.62 11257.9 1146.47 10111.5
internal_count=620065 53817 566248 11390 6613 554858 89745 465113 435796 119810 15104 104706 7685 97021
is_linear=0
shrinkage=0.05


Tree=197
num_leaves=15
num_cat=0
split_feature=15 72 69 3 72 54 27 69 5 69 72 72 1 59
split_gain=28.6055 26.755 36.8859 26.1006 26.6437 22.8573 32.3249 43.1002 73.9834 53.1647 45.7322 39.4414 39.0329 36.14
threshold=15.273221492767336 0.013102645520120861 -0.020707927644252774 0.075000001117587103 0.01230259705334902 1.1486259102821352 1.4437882304191592 -0.013108383864164351 0.92681896686553966 -0.0072368946857750407 0.011975087225437166 0.013856045436114075 0.021673654206097129 1.0000000180025095e-35
decision_type=8 10 8 2 10 10 2 8 2 8 10 10 8 10
left_child=1 2 -1 -4 -5 6 7 8 10 11 -2 -9 -8 -10
right_child=5 -3 3 4 -6 -7 12 9 13 -11 -12 -13 -14 -15
leaf_value=0.013618417211009749 0.019135627251185353 -0.0018387678503820665 0.0043285146841073718 -0.00060455548809945918 0.011544751943467718 0.0017524804010665169 0.0049181691278891802 -0.018100026226021981 -0.0048071413724560148 -0.0012469840793760895 0.0047906084636971692 0.00092063681562173688 -0.0009909357424991059 0.0015705469420122535
leaf_weight=741.82245805859566 640.2231858279556 3845.9225313961506 7608.0072469748557 7034.2949350997806 472.15413903445005 13091.542010137811 5669.8226275946945 808.2679717708379 3639.0487342718989 57826.440897248685 3917.6524895709008 407.26456093415618 5496.0944529399276 5668.4102477170527
leaf_count=3375 3109 17738 52660 30470 2011 55844 32995 4124 17423 333648 17632 1880 23212 24342
internal_value=0.000162192 0.00189887 0.00280601 0.00226668 0.000173976 -0.000190114 -0.00049278 -0.000876509 0.00163131 -0.00146562 0.00684307 -0.0117716 0.0020113 -0.000925497
internal_weight=116867 19702.2 15856.3 15114.5 7506.45 97164.8 84073.2 72907.3 13865.3 59042 4557.88 1215.53 11165.9 9307.46
internal_count=620463 106254 88516 85141 32481 514209 458365 402158 62506 339652 20741 6004 56207 41765
is_linear=0
shrinkage=0.05


Tree=198
num_leaves=15
num_cat=0
split_feature=74 69 72 74 68 71 71 72 72 69 68 72 72 71
split_gain=25.6331 90.6998 108.154 29.7808 29.0819 53.171 115.327 82.4181 141.387 38.257 35.4083 100.29 108.912 108.744
threshold=0.025787819176912311 -0.078316114842891679 0.017317797988653186 0.022791717201471332 0.066133540123701109 0.036813231185078628 0.03201615437865258 0.014507370535284283 0.01234284369274974 0.036011641845107085 0.049752205610275275 0.0073252643924206504 0.0068242857232689866 0.023918393999338153
decision_type=2 10 10 2 8 2 2 10 10 10 10 10 10 2
left_child=3 -2 -3 4 10 6 7 8 9 -6 -1 12 13 -12
right_child=1 2 -4 -5 5 -7 -8 -9 -10 -11 11 -13 -14 -15
leaf_value=-0.00010689339311413564 0.0058415629769709709 0.00033924810619329542 -0.028908883258164209 0.009240519514873707 -0.018942038705546796 -0.018615738821185251 0.021962101996209973 -0.023709292612830134 0.021988830276041517 -0.0018260622390837797 0.0014564418727093372 -0.0023300610481758965 0.025043016212011333 0.029128874927259126
leaf_weight=102245.71359799989 1009.9000023957342 634.87472354061902 618.98873061314225 870.53819488734007 585.08643964491785 552.96153297275305 422.93300462514162 508.79459612816572 476.42098392359912 728.56319302693009 3010.0695738084614 4041.0214126259089 810.44868010096252 392.68351740017533
leaf_count=546414 4325 2944 2709 4014 2999 2740 1918 2365 2032 3963 17636 20146 4187 2161
internal_value=-2.36233e-05 -0.00528058 -0.014214 8.0631e-05 9.73885e-06 -0.00462654 -0.00172674 -0.00616114 -0.00106939 -0.00953486 0.000147545 0.00329561 0.00868412 0.00472588
internal_weight=116909 2263.76 1253.86 114645 113775 3274.76 2721.8 2298.87 1790.07 1313.65 110500 8254.22 4213.2 3402.75
internal_count=620553 9978 5653 610575 606561 16017 13277 11359 8994 6962 590544 44130 23984 19797
is_linear=0
shrinkage=0.05


Tree=199
num_leaves=15
num_cat=0
split_feature=69 74 74 72 69 9 72 84 84 72 69 68 68 72
split_gain=32.0841 74.2504 82.9992 127.37 79.1288 51.2864 49.266 129.916 55.6688 48.571 74.7024 54.2847 77.1515 73.4416
threshold=0.10132142156362535 0.0022695042425766592 0.0047885745298117408 0.0047871635761111983 0.15864480286836627 0.037503086030483253 0.01251419819891453 2.5000000000000004 3.5000000000000004 0.0062138757202774295 0.11900227144360544 0.034307973459362991 0.038457298651337631 0.010573982726782562
decision_type=8 2 2 10 10 2 10 2 2 10 10 10 8 10
left_child=-1 4 5 -4 6 -3 8 -8 -2 10 -5 13 -13 -11
right_child=1 2 3 9 -6 -7 7 -9 -10 11 -12 12 -14 -15
leaf_value=0.00055891199574649257 0.00088128504990960888 -0.014765208789997195 0.020155367787012275 -0.00099705430705481824 0.01976727427930473 0.00088048928393245213 -0.0034139287836206841 0.03035937650670914 -0.0067479744857963974 -0.010408800272322348 -0.022116086045051612 0.017191484671629322 -0.0010353408572647397 0.002900330220375732
leaf_weight=86263.883949140087 12873.727601613849 2399.0214362982661 601.0313701890409 875.98047550581396 523.01123534329236 667.92265635728836 711.61476614512503 462.73267576284707 2925.9776687156409 2713.4102064501494 793.90116432867944 744.04449419863522 2519.4441627189517 1667.6501096412539
leaf_count=455382 69338 14304 3755 5109 2470 3148 3372 2174 16330 14521 4420 3952 13417 7994
internal_value=6.62012e-05 -0.00132801 -0.00419146 -0.00196307 0.000797783 -0.0113661 0.000201993 0.0100379 -0.000534967 -0.00341039 -0.0111094 -0.00171628 0.00316003 -0.00534761
internal_weight=116743 30479.5 12982.4 9915.46 17497.1 3066.94 16974.1 1174.35 15799.7 9314.43 1669.88 7644.55 3263.49 4381.06
internal_count=619686 164304 70620 53168 93684 17452 91214 5546 85668 49413 9529 39884 17369 22515
is_linear=0
shrinkage=0.05


Tree=200
num_leaves=15
num_cat=0
split_feature=70 68 68 71 69 69 71 68 69 73 69 69 70 68
split_gain=22.4427 39.58 26.9473 36.0113 74.1089 24.8489 124.826 112.933 77.0815 75.832 31.9966 44.3407 93.3447 76.1337
threshold=-0.030434315092861649 -0.087453853338956819 -0.13279618322849271 -0.060255499556660645 -0.13803395628929135 -0.10739394277334212 0.012026709970086815 -0.060296569019556039 -0.098924212157726274 0.12987624853849414 -0.092393949627876268 -0.078316114842891679 0.027393514290452007 -0.068213950842618928
decision_type=2 10 8 2 8 8 2 10 8 2 8 8 2 8
left_child=1 -1 -2 -4 -5 6 7 9 -7 -6 -10 -12 13 -13
right_child=2 -3 3 4 5 8 -8 -9 10 -11 11 12 -14 -15
leaf_value=0.0024108906149161594 0.009477093363779077 -0.012576019172738756 -0.010222237288705867 0.018692021416636222 0.0061383808718207984 0.019931592516324086 -0.022206956182236726 0.019548582455192986 -0.012990039744399998 -0.021440597777631222 0.0086960205601460186 0.016646422290785192 -0.019499249085021958 -4.3063666316409035e-05
leaf_weight=818.73283413052559 745.85369752719998 936.89554065838456 844.27067914046347 522.45070544444025 489.91568434238434 477.89799766428769 722.17090904712677 605.24104782566428 461.01611705124378 490.19923239201307 1459.7383653484285 677.7154285646975 603.25174037180841 107167.57308326103
leaf_count=3521 3129 4417 3675 2276 2091 2109 3373 2640 2073 2107 6455 2915 2812 577490
internal_value=-1.84002e-05 -0.00561284 6.72878e-05 5.18166e-06 8.20323e-05 -5.53671e-06 -0.00512965 0.00273995 0.000101586 -0.00773233 1.39243e-05 6.96469e-05 -4.72568e-05 6.33492e-05
internal_weight=117023 1755.63 115267 114521 113677 113155 2307.53 1585.36 110847 980.115 110369 109908 108449 107845
internal_count=621083 7938 613145 610016 606341 604065 10211 6838 593854 4198 591745 589672 583217 580405
is_linear=0
shrinkage=0.05


Tree=201
num_leaves=15
num_cat=0
split_feature=15 71 53 5 54 73 74 74 74 74 71 74 75 74
split_gain=23.767 20.9212 19.9062 34.4811 34.3877 45.1788 47.3503 77.0415 45.1855 41.2942 36.0419 37.1624 32.2606 30.6965
threshold=11.31924343109131 0.012571706436574461 -0.29873403906822199 0.77458232641220104 0.34712725877761846 0.26681958138942724 0.0028388046193867926 -0.016539857722818848 -0.021567674353718754 0.011466891970485451 -0.033527091145515435 0.0081914314068853872 0.74407982826232921 0.010730986949056389
decision_type=8 2 8 2 8 2 2 2 2 2 2 2 10 2
left_child=1 -1 -2 12 5 6 7 8 -5 -8 -7 -12 -4 -13
right_child=2 -3 3 4 -6 10 9 -9 -10 -11 11 13 -14 -15
leaf_value=0.0014373093035282215 0.0011501264192046992 0.0092563340319476838 -0.00096236997558869428 0.0011268932947899539 0.00048180189380625862 -0.012626797299877 0.019712729293389793 -0.007853400480724488 0.02121820151614175 0.0026955586063708327 -0.0011461161374010092 -0.012097336557815209 -0.0165299550154018 -0.0033205520802270846
leaf_weight=2678.7682491019368 27892.024677652866 1250.1921554561704 702.81154019013047 714.09955802187324 54379.086193051189 830.74238547869027 649.95190316624939 1582.0433727540076 451.47174121439457 783.39470366388559 19650.468137003481 1462.6866487488151 624.3537826333195 3116.4386505708098
leaf_count=15028 118367 6696 3977 3266 283685 4453 3024 7727 2042 3547 135295 9751 4594 18512
internal_value=0.000124678 0.0039425 -8.59228e-06 -0.000389141 -0.000261731 -0.00164415 0.00316222 -0.000687323 0.00902334 0.0104951 -0.00244696 -0.00209287 -0.00835486 -0.00614433
internal_weight=116769 3928.96 112840 84947.5 83620.4 29241.3 4180.96 2747.61 1165.57 1433.35 25060.3 24229.6 1327.17 4579.13
internal_count=619964 21724 598240 479873 471302 187617 19606 13035 5308 6571 168011 163558 8571 28263
is_linear=0
shrinkage=0.05


Tree=202
num_leaves=15
num_cat=0
split_feature=53 72 74 68 71 72 71 72 72 84 71 71 72 68
split_gain=25.1264 45.062 51.3059 47.8455 68.2731 111.544 37.5476 44.7599 45.1026 36.612 32.4765 73.0687 54.1354 74.1938
threshold=-0.080972030758857713 0.0089347213506698626 -0.0067598388995975247 0.033242782577872283 0.0034675771603360776 0.0057623712345957765 0.0091001270338892954 0.0084346784278750437 0.0070814942009747037 1.5000000000000002 -0.0082825054414570314 -0.0037254578201100226 0.0064111214596778163 0.00057709633256308745
decision_type=10 10 2 10 2 10 2 10 10 2 2 2 10 10
left_child=-1 2 -2 10 5 -5 -6 8 -8 -10 12 -12 -4 -14
right_child=1 -3 3 4 6 -7 7 -9 9 -11 11 -13 13 -15
leaf_value=0.00036401354939312382 0.0066440697761050022 -0.0042147718907536965 -0.0079216554254624687 -0.0087581527694331075 -0.0082716123576932737 0.022578387237271069 0.0036109971636922784 0.01990960152771433 0.0022890534976709341 -0.017422434177063222 -0.018521656051327298 -0.0029178142324813154 -0.0055151231005092644 0.024141026295171418
leaf_weight=89391.380088968202 2547.0530422367156 9205.5814494099468 599.46558883041143 411.95365923084319 1137.2444736678153 873.49463726766407 2818.8925816304982 310.28338331542909 410.32165962830186 536.62020109593868 834.74501201696694 6768.8838270828128 361.42917575873435 486.121531477198
leaf_count=437777 16111 51501 4403 2983 8316 5368 20490 2015 2423 3354 6209 53562 2114 3011
internal_value=-4.14802e-05 -0.00136878 8.04891e-05 -0.000998227 0.00227281 0.0125457 -0.00027933 0.00196532 0.000437998 -0.00894654 -0.00334691 -0.00465292 0.0035006 0.0115776
internal_weight=116693 27302.1 18096.5 15549.5 6498.81 1285.45 5213.36 4076.12 3765.83 946.942 9050.65 7603.63 1447.02 847.551
internal_count=619637 181860 130359 114248 44949 8351 36598 28282 26267 5777 69299 59771 9528 5125
is_linear=0
shrinkage=0.05


Tree=203
num_leaves=15
num_cat=0
split_feature=73 69 73 69 69 11 71 73 69 71 68 74 74 71
split_gain=26.271 75.1864 56.7224 59.229 47.8794 45.4755 45.0666 52.45 94.798 105.714 87.8787 91.205 82.0947 78.5477
threshold=0.68564194440841686 0.13680395483970645 0.69456070661544811 0.10332852974534036 -0.038954747840762131 0.017159087583422664 0.055846257135272033 0.7626253366470338 -0.0072368946857750407 -0.0079321078956127149 0.026815566234290603 0.013596884906291963 -0.0028469613753259178 0.0066752100829035052
decision_type=2 10 2 10 8 10 2 2 10 2 10 2 2 2
left_child=1 -1 3 -2 -4 -3 7 8 12 -10 13 -12 -6 -11
right_child=2 5 4 -5 6 -7 -8 -9 9 10 11 -13 -14 -15
leaf_value=0.00022630000354800363 -0.0042881434011990552 0.023809666513250838 0.013402894520372483 -0.022600248804309223 -0.036560952448791408 0.0026075161915512218 0.01581943004589596 0.0010148874408693221 0.020782363798539719 0.020606481744668104 -0.0036274633799444956 -0.024767316025261454 -0.0083018057260268244 -0.0028894204268915587
leaf_weight=87105.605764746666 1886.818143915385 531.34505482576787 580.39393462054431 569.29803665541112 355.04328281804919 479.81035115011036 382.28644960001111 12658.888492397964 473.77961183153093 679.65665258094668 8961.2296402938664 531.571777747944 898.37103394791484 730.14613041840494
leaf_count=452441 11356 2351 2673 3091 1912 2419 1790 69004 2296 4459 53345 2813 5667 4705
internal_value=-4.35303e-05 0.000384454 -0.00135689 -0.0086071 -0.000675533 0.0138729 -0.000998927 -0.00125932 -0.00353777 -0.00209278 -0.00310497 -0.00483606 -0.0165325 0.00850316
internal_weight=116824 88116.8 28707.5 2456.12 26251.4 1011.16 25671 25288.7 12629.8 11376.4 10902.6 9492.8 1253.41 1409.8
internal_count=620322 457211 163111 14447 148664 4770 145991 144201 75197 67618 65322 56158 7579 9164
is_linear=0
shrinkage=0.05


Tree=204
num_leaves=15
num_cat=0
split_feature=3 72 73 73 70 70 70 72 72 58 73 73 72 70
split_gain=27.3491 47.7459 38.5114 50.2047 43.3116 44.6065 56.45 39.9263 62.7448 53.296 32.2873 43.8198 81.9133 28.86
threshold=1.0000000180025095e-35 0.016811436042189602 0.45992848277091986 0.44426245987415319 0.010642533190548422 0.0059275128878653058 0.0083465380594134348 0.010734383016824724 0.0091804503463208693 0.0071815508417785176 0.35803896188735967 0.29116751253604894 0.014131831005215647 -0.0014947883319109676
decision_type=2 8 2 2 2 2 2 10 10 2 2 2 10 2
left_child=1 2 3 7 5 -4 -7 8 9 -1 11 12 -9 -5
right_child=-2 -3 4 13 -6 6 -8 10 -10 -11 -12 -13 -14 -15
leaf_value=0.0010421157589765554 -0.0003628215072412716 -0.011197189149639269 0.00017198619828817389 0.0059050807984263598 -0.0084051972840867208 0.012997195438787463 -0.0016925766742325163 -0.013534916729343538 0.019163295595621941 0.020395939255419927 -0.010666760696668281 0.013082989327750158 0.013865413644384234 0.026524703174606312
leaf_weight=2824.0226930640638 90333.243008157238 714.16421202197671 14619.10685052909 308.48426358960569 1230.3357546068728 1629.1565413996577 1084.6790866293013 737.24937251769006 787.85130611434579 397.19285650923848 680.47571084648371 588.84400178492069 419.97355396673083 387.83936962671578
leaf_count=18391 418020 4099 122402 2071 9138 13647 8941 4040 4550 2186 4361 3446 2057 2611
internal_value=5.09948e-05 0.00146605 0.00182223 0.00494243 0.000621449 0.00126666 0.00714126 0.00354742 0.00660549 0.00348428 -0.00151143 0.002097 -0.00355733 0.0176028
internal_weight=116743 26409.4 25695.2 7131.93 18563.3 17332.9 2713.84 6435.61 4009.07 3221.22 2426.54 1746.07 1157.22 696.324
internal_count=619960 201940 197841 43713 154128 144990 22588 39031 25127 20577 13904 9543 6097 4682
is_linear=0
shrinkage=0.05


Tree=205
num_leaves=15
num_cat=0
split_feature=72 72 72 74 73 74 72 72 74 73 74 72 74 68
split_gain=22.5607 71.5941 49.1688 47.9923 72.03 88.0795 49.011 47.2802 46.5755 42.5751 36.9049 40.093 33.2709 38.2006
threshold=0.0046126006636768588 0.0040987152606248864 0.0046515460126101979 0.0076031466014683255 0.56275683641433727 -0.00060085451696068038 0.0037185724359005694 0.0030523155583068733 0.00073325508856214594 0.62619060277938854 0.0016212739865295591 0.0035453670425340538 0.0097516253590583819 0.037134038284420974
decision_type=10 8 10 2 2 2 10 10 2 2 2 10 2 8
left_child=1 3 -2 4 6 7 -1 -6 -7 -9 11 -10 13 -3
right_child=2 12 -4 -5 5 8 -8 9 10 -11 -12 -13 -14 -15
leaf_value=-0.0010463152455160976 0.016278188622419695 -0.0045528090550465373 0.0002115784402297252 0.01591163786288138 -0.0043236710427216997 -0.011621011968567459 -0.023110885586410678 0.028429735004113291 -0.0020990560391705784 0.0095942998064302426 -0.0023060265562207158 0.01984943779769956 0.0089794904022192541 -0.014205003293204394
leaf_weight=503.3273365367204 468.38308141753078 3595.0364703834057 104048.05284368619 513.50542503595352 356.83769541792572 911.49441737495363 495.37508846260607 451.34287579543889 371.14196285791695 909.28758348710835 2060.1995214540511 458.51072793267667 325.21116063557565 1433.6253063511103
leaf_count=3003 2715 24376 534178 3466 2654 6388 2921 3032 2761 6407 14629 3064 2137 8843
internal_value=4.59638e-05 -0.00197097 0.00028513 0.00134636 0.000176166 0.00241764 -0.0121114 0.0117801 -0.00183216 0.0160042 0.00128479 0.0101228 -0.00632187 -0.00732729
internal_weight=116901 12384.9 104516 7031.02 6517.52 5518.81 998.702 1717.47 3801.35 1360.63 2889.85 829.653 5353.87 5028.66
internal_count=620574 83681 536893 48325 44859 38935 5924 12093 26842 9439 20454 5825 35356 33219
is_linear=0
shrinkage=0.05


Tree=206
num_leaves=15
num_cat=0
split_feature=13 73 73 68 69 68 72 73 69 68 73 71 68 71
split_gain=25.6339 21.2808 153.197 79.9087 86.3617 79.6799 118.815 77.5195 76.545 164.115 97.3451 90.395 86.6247 85.7516
threshold=-0.12068118155002593 0.62440380454063427 0.62238013744354259 0.042200284078717239 0.11515964940190317 0.034307973459362991 0.0067631176207214603 0.59492427110672008 0.099641803652048125 0.017273475416004661 0.46937304735183721 0.0043427059426903733 0.010797230992466213 0.042148336768150337
decision_type=10 2 2 10 10 10 10 2 10 10 2 2 10 2
left_child=-1 2 3 4 5 8 -7 -6 13 12 -11 -12 -10 -2
right_child=1 -3 -4 -5 7 6 -8 -9 9 10 11 -13 -14 -15
leaf_value=-0.0083583690115297104 0.00033202421322214582 -0.00071736284611000848 0.030595735687384568 0.011667179511296423 -0.0095385436508838989 -0.0030874716066552851 0.025860110290277273 0.0087646530484853293 0.0068433572710722979 0.018731543236338851 -0.014550066243800577 0.0049504149130505971 0.027641333016628369 -0.0092032064135558339
leaf_weight=885.15007816255093 56040.215831210837 44839.563996668905 415.21049979887903 1554.6325344070792 3609.3268533684313 659.50759640336037 751.61658165417612 680.39478222839534 1002.1728293467313 493.52118557132781 1264.3779622800648 1106.3340773787349 1008.1965088546276 2451.4153960570693
leaf_count=3804 283537 255407 2414 7807 19836 3413 3664 3611 4590 2375 6793 5902 5008 11767
internal_value=7.0302e-05 0.000135402 0.000673705 0.000493476 0.000240314 0.000695695 0.0124045 -0.00662183 0.000433031 0.00644612 -0.00124702 -0.00546726 0.0173587 -6.91072e-05
internal_weight=116762 115876 71036.9 70621.7 69067.1 64777.4 1411.12 4289.72 63366.2 4874.6 2864.23 2370.71 2010.37 58491.6
internal_count=619928 616124 360717 358303 350496 327049 7077 23447 319972 24668 15070 12695 9598 295304
is_linear=0
shrinkage=0.05


Tree=207
num_leaves=15
num_cat=0
split_feature=27 53 73 72 68 68 73 73 73 24 73 70 70 68
split_gain=21.7856 44.2725 36.9807 43.2005 42.1871 52.9356 39.9774 28.2714 27.7945 27.0161 25.5975 44.5513 41.4164 33.1379
threshold=0.71263328194618236 -0.053316922858357423 0.71822267770767223 0.007019561482593418 0.053030095994472511 0.044571999460458762 0.7626253366470338 0.83061772584915172 0.81560149788856517 0.32973633706569677 0.15441858023405078 -0.0092208762653171999 -0.006910554599016904 0.051063157618045814
decision_type=2 10 2 10 10 10 2 2 2 2 2 2 2 10
left_child=1 2 10 6 5 -5 -4 -8 -6 -2 -1 -12 -13 -14
right_child=9 -3 3 4 8 -7 7 -9 -10 -11 11 12 13 -15
leaf_value=0.0075754875816461224 0.00046395074615209522 -0.0058469425228383594 -0.016808411985375415 -0.0011789485279069195 -0.016432488923716845 0.018242406729593534 0.003537715223417272 -0.011449965889913203 -0.00033643534909425768 -0.011320212908745467 -0.0065982627229052007 0.010615478859198602 -5.9754289030268087e-05 0.013348431901702783
leaf_weight=1190.1262486837804 84889.364938156679 4305.6682832054794 999.35099297761917 1066.9684525001794 478.94858472049236 511.95358577184379 674.27133616432548 574.22564215026796 595.00485082902014 479.18249095976353 2229.8203393239528 1018.7805025875568 17318.803264142945 463.40755456872284
leaf_count=5257 448934 32140 6233 5425 2417 2402 3691 3375 2881 1956 10291 4818 88456 2150
internal_value=-1.78499e-05 -0.00114311 -0.000394483 -0.00432123 5.18688e-06 0.00519346 -0.00940462 -0.00339183 -0.00760013 0.000396487 0.000473097 6.77661e-05 0.000861453 0.000296971
internal_weight=116796 31427.3 27121.7 4900.72 2652.88 1578.92 2247.85 1248.5 1073.95 85368.5 22220.9 21030.8 18801 17782.2
internal_count=620426 169536 137396 26424 13125 7827 13299 7066 5298 450890 110972 105715 95424 90606
is_linear=0
shrinkage=0.05


Tree=208
num_leaves=15
num_cat=0
split_feature=15 68 68 23 3 72 69 70 52 70 68 68 5 72
split_gain=26.501 21.6335 37.2856 24.7411 21.1982 47.2272 37.098 34.8713 36.9358 25.5135 23.5974 33.3683 30.3657 29.0916
threshold=23.831904411315922 0.077983114868402495 0.066133540123701109 0.050126429647207267 1.0000000180025095e-35 0.013739499729126694 -0.038954747840762131 0.016821727156639103 0.25936487317085272 0.01308769825845957 -0.020527383312582966 -0.028726507909595963 1.0257171988487246 0.012608291115611793
decision_type=8 10 10 2 2 10 10 2 10 2 10 8 2 10
left_child=1 2 3 4 5 7 -7 8 9 10 11 -1 13 -12
right_child=-2 -3 -4 -5 -6 6 -8 -9 -10 -11 12 -13 -14 -15
leaf_value=0.0028652285147635361 -0.00077238879868617399 0.008828682217773982 -0.010558423934444835 0.0061686286363721197 4.7084380233826994e-05 -0.017319315749022426 0.0013799474310985489 0.020092446567153015 0.015647125524767241 -0.011773287562822823 0.0038296812265492738 0.02111094740508113 -0.0021426116299973607 -0.013302428572299725
leaf_weight=701.62098082713783 51740.209940123372 807.11611988954246 724.71069546975195 2044.0866615399718 45784.845702279359 522.88947820104659 525.37839859165251 279.90897588245571 510.41281528584659 315.15093935281038 8620.3698508422822 383.14085586369038 3520.5051349122077 245.51869569718838
leaf_count=3998 273736 3682 3851 8552 211776 2911 3412 1623 3025 2243 71526 2121 25731 1781
internal_value=7.18584e-05 0.000744046 0.000641013 0.000770566 0.000589911 0.00217948 -0.008023 0.00291818 0.00256813 0.00207291 0.00240533 0.00944364 0.00178181 0.0033408
internal_weight=116726 64985.7 64178.5 63453.8 61409.7 15624.9 1048.27 14576.6 14296.7 13786.3 13471.2 1084.76 12386.4 8865.89
internal_count=619968 346232 342550 338699 330147 118371 6323 112048 110425 107400 105157 6119 99038 73307
is_linear=0
shrinkage=0.05


Tree=209
num_leaves=15
num_cat=0
split_feature=71 71 69 70 70 69 69 71 71 70 69 69 71 71
split_gain=23.2336 110.905 49.7739 51.6227 134.47 74.8727 43.0549 141.771 150.66 110.012 101.145 83.1766 78.1753 62.6618
threshold=-0.024940954521298405 -0.024129430763423439 0.10383970662951471 0.014134839642792942 0.010333086363971235 -0.05704184249043464 -0.048130543902516358 0.0023981669219210748 -0.0071565646212548009 -0.00065787375206127752 -0.092393949627876268 -0.092393949627876268 0.048369815573096282 0.029663254506886009
decision_type=2 2 8 2 2 10 8 2 2 2 10 10 2 2
left_child=2 -2 3 4 -1 -5 7 8 11 10 -9 -3 13 -11
right_child=1 6 -4 5 -6 -7 -8 9 -10 12 -12 -13 -14 -15
leaf_value=-0.0028394136663826711 0.022278683470216852 -0.0086231505694716586 0.013207316111872508 0.00066757314733684409 0.024828660674410745 -0.026005918854121176 -0.00018020397452928616 -0.025749420712781541 0.025538639516515239 0.001897106686685926 -0.0014696155983548276 0.013776580004486304 -0.0088701986302061418 0.020127286873513082
leaf_weight=10538.563985893503 556.78473609685898 829.79985987395048 502.57328589260578 502.48935569822788 448.26139240525663 541.08889995142817 96273.425306631252 719.71046268194914 1235.18988484703 1064.9864026494324 1043.799787260592 808.68033438175917 761.43203565385193 838.99253755249083
leaf_count=47973 2484 3616 2181 2069 2010 2514 527821 3357 5340 4715 4723 3534 3469 3709
internal_value=-2.34266e-05 0.000221428 -0.00205641 -0.00270449 -0.00168901 -0.013278 0.000100717 0.00379942 0.0124277 -0.00181435 -0.0114678 0.00244886 0.00459164 0.00999346
internal_weight=116666 104133 12533 12030.4 10986.8 1043.58 103576 7302.59 2873.67 4428.92 1763.51 1638.48 2665.41 1903.98
internal_count=619515 562768 56747 54566 49983 4583 560284 32463 12490 19973 8080 7150 11893 8424
is_linear=0
shrinkage=0.05


Tree=210
num_leaves=15
num_cat=0
split_feature=69 71 71 74 74 71 72 69 71 68 73 68 70 73
split_gain=25.9563 82.3991 99.8005 85.8847 77.6533 79.0483 103.902 76.0829 107.911 105.681 115.391 154.189 93.1454 92.4718
threshold=0.10132142156362535 0.018063968978822235 0.019246594049036506 0.0023406461114063863 -0.0048494727816432706 0.0048204998020082721 0.0087086684070527571 0.12517624348402026 -0.0015623159124515949 0.049116047099232681 0.61806431412696849 0.016010948456823829 0.0064802425913512715 0.68743640184402477
decision_type=8 2 2 2 2 2 10 8 2 10 2 8 2 2
left_child=-1 4 3 -3 5 -2 -7 9 -9 10 11 -6 13 -10
right_child=1 2 -4 -5 7 6 -8 8 12 -11 -12 -13 -14 -15
leaf_value=0.00040583517279088382 -0.0011059691306129233 0.026547842930359413 0.00078770979493630704 -0.0018505973069125829 0.021506970346528459 0.0027081730497992714 0.030534279433259738 0.007851495610959108 0.0076067031623711428 0.013978961235997907 -0.015336334422782653 -0.0069617799114759325 -0.014796845807624618 -0.0069197585158617611
leaf_weight=86330.353709267452 4611.2520549502224 761.27571819908917 5819.746352661401 404.69421285577118 530.98784449324012 999.68386119045317 496.6153328474611 2430.2627702709287 1870.8813651334494 522.31244450621307 3867.9403347875923 3936.6394148077816 1625.855468230322 2614.0242321323603
leaf_count=455887 23443 3719 30120 2242 2583 5485 2303 12865 10619 2864 22516 21502 9247 15138
internal_value=-3.71129e-05 -0.00129092 0.00347361 0.0167592 -0.00270774 0.00214017 0.0120849 -0.00440975 -0.00104035 -0.00765378 -0.00902443 -0.00353773 -0.00458371 -0.000856594
internal_weight=116823 30492.2 6985.72 1165.97 23506.5 6107.55 1496.3 17398.9 8541.02 8857.88 8335.57 4467.63 6110.76 4484.91
internal_count=620533 164646 36081 5961 128565 31231 7788 97334 47869 49465 46601 24085 35004 25757
is_linear=0
shrinkage=0.05


Tree=211
num_leaves=15
num_cat=0
split_feature=15 65 68 71 72 72 68 72 71 72 71 68 68 71
split_gain=22.5716 25.2294 22.1976 36.5563 25.0225 82.8686 89.1207 53.4933 42.8014 51.9663 51.9202 102.648 58.0564 39.8871
threshold=17.309823036193851 -0.14389677345752713 0.066133540123701109 0.020084842108190063 0.0059826329816132793 0.0056083500385284433 0.018832515925168995 0.0060695961583405742 -0.0071565646212548009 0.004273059545084835 0.0056712266523391017 0.053030095994472511 0.032343694940209396 -0.012742594350129364
decision_type=8 10 10 2 10 8 8 10 2 10 2 10 10 2
left_child=1 -1 4 -4 5 8 -7 -6 9 -2 12 -12 -10 -11
right_child=2 -3 3 -5 7 6 -8 -9 10 13 11 -13 -14 -15
leaf_value=-0.0069021971459555997 -0.0099207670443665838 0.0013047785896396482 -0.017069451412570789 -0.00097778964583275919 0.012151068542810525 -0.023448313453655042 -0.0040480171523179769 -0.0001204670235245925 -0.0019735250328029737 0.0043568096368642867 -5.3989839849976186e-05 0.024277590909503936 -0.012374086741490882 0.022311032403454108
leaf_weight=956.91308295726776 348.20450328104198 29869.04665197432 522.39751362241805 1051.0013370774686 890.52089564688504 841.2471832036972 1962.0003069471568 64159.520467030816 5624.3568457961082 772.88192521966994 6946.1068158112466 452.30916551314294 1754.3337164223194 512.91493966430426
leaf_count=3946 2170 161276 2811 5259 5124 4935 11637 318687 37997 4308 45096 2713 10592 2984
internal_value=-0.000112483 0.00104786 -0.000529257 -0.00639458 -0.000418993 -0.00200383 -0.00993265 4.93695e-05 -0.000644256 0.00700971 -0.00149477 0.00146431 -0.00445973 0.0116358
internal_weight=116664 30826 85837.8 1573.4 84264.4 19214.4 2803.25 65050 16411.1 1634 14777.1 7398.42 7378.69 1285.8
internal_count=619535 165222 454313 8070 446243 122432 16572 323811 105860 9462 96398 47809 48589 7292
is_linear=0
shrinkage=0.05


Tree=212
num_leaves=15
num_cat=0
split_feature=23 69 74 70 74 69 84 74 74 70 69 70 70 69
split_gain=24.2487 22.4887 82.7378 65.8717 97.3501 63.859 77.5359 135.233 114.702 121.595 97.425 84.2284 121.846 77.2825
threshold=-0.11327045783400534 0.10132142156362535 -0.0043106127995997659 -0.0072101396508514872 -0.0036002291599288578 0.090995021164417281 2.5000000000000004 -0.0024369691964238878 -0.0026918275980278845 0.0052992564160376796 0.095358736813068404 0.0031888260273262863 0.0002705992956180126 0.086077798157930388
decision_type=2 8 2 2 2 10 2 2 2 2 10 2 2 10
left_child=-1 5 -3 -4 -5 13 7 10 -8 11 -7 12 -10 -2
right_child=1 2 3 4 -6 6 8 -9 9 -11 -12 -13 -14 -15
leaf_value=-0.01023153306403069 0.00030367540092361375 0.0033658304403689841 0.018036637792450242 -0.01926461466466213 -0.0023792829305219272 0.0058712166998316148 0.021187104006034262 0.0064406343836623872 -0.01737297742748678 0.018656712846376343 -0.022677464333251286 -0.026370259102831469 0.021651417392155092 -0.0071341077457532029
leaf_weight=576.29110068082809 74890.056310677901 7442.1079397499561 366.78907767869532 879.10206833668053 21576.848981903866 448.80341527238488 1419.3420407753438 2798.7846250720322 394.42486754618585 701.16425910964608 864.13581825047731 384.54236419126391 385.85497877560556 3653.2947906255722
leaf_count=2406 394158 38025 1727 4826 119019 2444 7000 14964 2068 3791 4537 2193 2246 20892
internal_value=-8.85809e-05 -3.74034e-05 -0.00120928 -0.00270197 -0.00304859 0.00037538 0.0048134 0.000233132 0.0105277 0.00235 -0.012948 -0.00754108 0.0019547 -4.31431e-05
internal_weight=116782 116205 30264.8 22822.7 22456 85940.4 7397.05 4111.72 3285.33 1865.99 1312.94 1164.82 780.28 78543.4
internal_count=620296 617890 163597 125572 123845 454293 39243 21945 17298 10298 6981 6507 4314 415050
is_linear=0
shrinkage=0.05


Tree=213
num_leaves=15
num_cat=0
split_feature=15 67 57 70 74 72 72 68 70 72 73 68 73 74
split_gain=20.1381 21.343 45.4245 29.4327 27.706 28.948 57.8689 75.2198 62.5661 57.8172 79.7667 64.1017 50.0891 48.5557
threshold=11.31924343109131 0.0061918236315250405 0.0072657605633139619 -0.034306820482015603 -0.034833572804927819 0.0047402759082615384 0.0054426691494882115 0.02374055236577988 -0.0014585852622985838 0.0059826329816132793 0.48592373728752142 0.01952229626476765 0.56275683641433727 -0.00072875357000157226
decision_type=8 2 10 2 2 10 10 10 2 10 2 10 2 2
left_child=-1 2 -2 -3 -4 12 7 8 -7 10 -8 -12 -6 -13
right_child=1 3 4 -5 5 6 9 -9 -10 -11 11 13 -14 -15
leaf_value=0.0035260680421144671 -0.005394432017276362 0.013203668091622192 -0.0098036646353283699 0.00069846936645677005 -0.010587161051477225 9.5120646705326413e-06 0.011484549263901793 0.00085476440553122952 0.021447976602158025 0.00019958368916750589 -0.020838675701629408 0.002975323730136922 -0.00096920259555692263 -0.011644916253595807
leaf_weight=3951.8170130215585 4615.6961176013574 466.45790586434305 745.02654433250427 38123.05428266339 1692.7332020867616 501.64895930700004 530.64361778832972 2805.5670005939901 1048.3088414166123 52576.404439024627 864.2787581384182 1053.4493881165981 6615.8157146330923 1213.8083234224468
leaf_count=21736 39879 2111 3264 191176 10356 2942 3031 16547 6662 259802 5211 6023 44387 7355
internal_value=2.2259e-05 -0.000100737 -0.000596381 0.00085301 -0.000277675 -0.000173265 0.0002064 0.00575191 0.0145539 -0.000224031 -0.00628967 -0.00932851 -0.00293908 -0.00486859
internal_weight=116805 112853 74263.4 38589.5 69647.7 68902.7 60594.1 4355.52 1549.96 56238.6 3662.18 3131.54 8308.55 2267.26
internal_count=620482 598746 405459 193287 365580 362316 307573 26151 9604 281422 21620 18589 54743 13378
is_linear=0
shrinkage=0.05


Tree=214
num_leaves=15
num_cat=0
split_feature=27 1 59 69 69 69 70 69 74 58 69 69 23 73
split_gain=25.5199 35.2147 32.4372 37.0202 58.4177 86.6784 48.0557 36.2755 34.6797 44.8154 45.7534 35.9 39.3494 35.7568
threshold=1.2908593416213991 0.014766613952815534 1.5000000000000002 -0.013108383864164351 0.0083855912089347857 0.012199820950627329 0.014888820704072716 -0.022396825253963467 0.0024025390157476072 0.010200629476457836 -0.10739394277334212 -0.045439498499035828 -0.0053472071886062613 0.45742131769657141
decision_type=2 8 8 10 10 10 2 10 2 2 10 10 2 2
left_child=2 -2 -1 7 -5 -6 -7 8 11 10 -10 12 -4 -12
right_child=1 -3 3 4 5 6 -8 -9 9 -11 13 -13 -14 -15
leaf_value=-0.00099034257476447035 0.0053725905988908015 0.0004303798807787216 0.0067047412622136503 -0.010399433667242441 0.021612739351539602 0.00065037010661701659 -0.01197900788746336 0.01432486846229737 -0.0001598300700507346 0.00062891413088346753 0.025851870955128503 -0.0089831204267014145 -0.0057257837032884291 0.0078154289877432892
leaf_weight=69883.623243922368 4535.8843739647418 17411.49271966517 1815.6709764525294 1282.4866074249148 468.44466130435467 14738.314013328403 783.75744196772575 756.16111308708787 501.7086974568665 1582.5106014832854 627.29617651365697 916.17444713413715 968.39312494173646 504.28122419863939
leaf_count=403080 32807 76750 7686 5569 1984 64131 3420 3201 2140 6590 2616 3887 4154 2118
internal_value=-8.22579e-05 0.00145377 -0.000437876 0.00110963 -0.000174576 0.000651475 5.37185e-06 0.00399732 0.00284911 0.00663848 0.012422 -0.000453166 0.00237596 0.0179529
internal_weight=116776 21947.4 94828.8 24945.2 17273 15990.5 15522.1 7672.2 6916.04 3215.8 1633.29 3700.24 2784.06 1131.58
internal_count=620133 109557 510576 107496 75104 69535 67551 32392 29191 13464 6874 15727 11840 4734
is_linear=0
shrinkage=0.05


Tree=215
num_leaves=15
num_cat=0
split_feature=58 68 71 70 70 71 72 72 68 71 72 71 74 74
split_gain=23.7509 70.4714 88.9024 133.658 84.3314 139.741 138.258 156.826 112.556 110.338 90.0819 104.712 82.7959 117.609
threshold=0.0022460415493696932 0.011834083124995233 -0.0090665640309452993 -0.0092208762653171999 -0.012489960994571446 0.004519339883700014 0.013351017143577339 0.01251419819891453 -0.01183955743908882 0.0071993474848568448 0.018020819872617725 0.029663254506886009 -0.011121466290205715 -0.0087665244936943037
decision_type=2 10 2 2 2 2 8 10 8 2 8 2 2 2
left_child=1 4 3 -3 -1 12 7 8 -7 -10 11 -8 -6 -14
right_child=-2 2 -4 -5 5 6 10 -9 9 -11 -12 -13 13 -15
leaf_value=0.0019196089242176175 0.00080785769028445485 -0.0095365835519647946 -2.8594510621188362e-05 0.01314034131342757 -0.01730836464351054 0.022267919124522247 -0.022456203607725225 0.029398851572068292 0.019334372816156051 -0.00646717566959809 0.0021723732798389363 0.0067106971550350532 0.011423967280933445 -0.0068589773862545349
leaf_weight=7937.8713931832463 47462.779001280665 829.19038412906229 35981.245252901688 2893.8903884198517 1678.6617348790169 617.58309205248952 1134.2466838490218 691.35123939998448 507.3274682816118 2072.4074895810336 1623.2764152474701 415.61307830549777 940.08211892098188 12015.83187376149
leaf_count=36740 243228 4080 210236 14525 7897 3026 5731 3362 3133 11955 7487 2011 4629 62488
internal_value=-5.38266e-05 -0.000643687 0.000733386 0.00807781 -0.00248833 -0.00410117 0.00167392 0.00798447 0.00327684 -0.00133801 -0.00606044 -0.0146419 -0.00688714 -0.00552458
internal_weight=116801 69338.6 39704.3 3723.08 29634.3 21696.4 7061.81 3888.67 3197.32 2579.73 3173.14 1549.86 14634.6 12955.9
internal_count=620528 377300 228841 18605 148459 111719 36705 21476 18114 15088 15229 7742 75014 67117
is_linear=0
shrinkage=0.05


Tree=216
num_leaves=15
num_cat=0
split_feature=72 69 72 72 71 69 73 71 68 73 69 71 69 72
split_gain=28.2424 156.111 39.995 65.8476 75.8081 87.701 106.55 78.6876 61.9653 60.5352 62.7828 53.0508 77.31 47.4132
threshold=0.0034436949063092475 0.076374165713787093 0.004504159791395069 0.0043264497071504602 0.016849424690008167 0.078487478196620955 0.52907934784889232 0.0070872006472200164 -0.001556790492031723 0.6737537980079652 0.080389901995658888 0.0059374044649302968 0.055577730759978301 0.0054426691494882115
decision_type=8 10 10 10 2 8 2 2 10 2 10 2 10 10
left_child=1 -1 3 4 5 6 8 11 -2 -5 -11 12 -8 -4
right_child=2 -3 13 9 -6 -7 7 -9 -10 10 -12 -13 -14 -15
leaf_value=5.5470808650505541e-05 0.001553598842226223 0.035312469652749978 0.0036807866061173162 -0.01843905019410625 0.014870253720866769 -0.0094733806182685631 0.020449850680863371 -0.0077578795501611498 -0.028232837497181962 -0.014663207188856973 0.016556754750199555 0.03022391116230784 -5.2438026965293125e-05 -5.4682391554546344e-05
leaf_weight=2045.9807871170342 310.90264438837767 360.88506558910012 9306.6401037368923 1166.1156832184643 666.87744044885039 2736.816100621596 746.64593191444874 720.85684115812182 385.3895466402173 315.13212785683572 309.08465153165162 305.07168619148433 1171.8904408756644 96286.574701665901
leaf_count=15196 1934 2626 58074 8138 4024 17228 5122 4953 2571 2176 2156 2111 7799 486780
internal_value=0.000117337 0.00546613 4.36321e-06 -0.00322535 -0.00104283 -0.00272747 0.00235559 0.00652034 -0.0150992 -0.0117595 0.000812855 0.0111631 0.0079912 0.000274867
internal_weight=116835 2406.87 114428 8834.78 7044.45 6377.57 3640.76 2944.46 696.292 1790.33 624.217 2223.61 1918.54 105593
internal_count=620888 17822 603066 58212 45742 41718 24490 19985 4505 12470 4332 15032 12921 544854
is_linear=0
shrinkage=0.05


Tree=217
num_leaves=15
num_cat=0
split_feature=59 69 74 74 71 71 71 71 74 70 71 71 71 70
split_gain=21.7304 22.9717 63.1352 171.919 253.233 79.6987 58.6507 77.1743 78.6007 59.0886 103.617 77.4625 71.6936 63.7146
threshold=6.5000000000000009 0.10132142156362535 -0.0014396875631064174 -0.00055568764219060529 -0.0079321078956127149 -0.0023548735771328206 0.018063968978822235 0.019246594049036506 0.0023406461114063863 0.00041008580592460936 0.0063364666420966395 0.012228522449731829 0.0087699498981237429 0.0049661637749522933
decision_type=10 8 2 2 2 2 2 2 2 2 2 2 2 2
left_child=1 2 -1 4 -4 -6 9 8 -8 11 -11 -3 -12 -14
right_child=-2 6 3 -5 5 -7 7 -9 -10 10 12 -13 13 -15
leaf_value=-0.001090436715019501 -0.0050868033606141332 -0.001270670678250793 0.035580501042568227 0.00082235105186162559 -0.010841208524917316 0.0090483829484923582 0.02401212781255967 0.0005744866468032334 -0.0032685450695387648 0.00049509635246727021 -0.018845284035342212 0.011153921084960976 -0.0011844806343866377 -0.012238602027915753
leaf_weight=35045.401297211647 2031.6036116480827 9508.7208212185651 857.31111844070256 46018.760872753337 626.47184129990637 2417.8875427525491 760.34156017005444 5677.0999602396041 398.40807984396815 5316.3184034749866 1408.4318060521036 1434.9295543506742 2903.0203068200499 2359.5094894710928
leaf_count=178682 8358 51165 4039 250527 3486 13759 3700 29477 2215 29290 8202 7699 16579 13394
internal_value=2.63434e-05 0.000117319 0.000536079 0.00167792 0.0117412 0.00493339 -0.00107776 0.00298426 0.0146846 -0.00228945 -0.00471304 0.000367135 -0.0088581 -0.00615452
internal_weight=116764 114733 84965.8 49920.4 3901.67 3044.36 29766.8 6835.85 1158.75 22930.9 11987.3 10943.7 6670.96 5262.53
internal_count=620572 612214 450493 271811 21284 17245 161721 35392 5915 126329 67465 58864 38175 29973
is_linear=0
shrinkage=0.05


Tree=218
num_leaves=15
num_cat=0
split_feature=72 72 69 0 5 73 3 72 73 72 72 58 58 69
split_gain=23.6319 46.7501 71.5088 30.5693 30.2665 26.0293 25.7917 48.8589 39.4571 47.0235 71.2234 45.9483 32.2724 51.0036
threshold=0.002932130941189826 0.003391561447642744 0.063195921480655684 0.012468064669519665 0.95489782094955455 0.66733390092849743 1.0000000180025095e-35 0.016811436042189602 0.45992848277091986 0.013739499729126694 0.014730440452694895 0.0082697411999106425 -0.0073657773900777093 0.012199820950627329
decision_type=10 10 10 2 2 2 2 10 2 10 10 2 2 8
left_child=-1 2 5 -3 -4 -2 7 8 9 11 -11 12 -5 -14
right_child=1 3 4 6 -6 -7 -8 -9 -10 10 -12 -13 13 -15
leaf_value=-0.0093469826349020114 0.0069789976312470319 -0.012131731617128567 0.031980692649640201 0.012689449742268447 0.010440306792345975 -0.011897158471300628 -0.00047972854585500975 -0.011671003126631142 0.00042469773884494332 -0.020035723839821312 0.0066966064063678421 0.018443829650693536 0.011950241117675554 -0.00029858354534713165
leaf_weight=673.76613297127187 376.25045428238809 518.55994872096926 308.37285460904241 1058.646176405251 364.68627157062292 336.82823032699525 88910.170409560204 692.49546305090189 17438.188779359683 438.45039318688214 552.60944125987589 701.79682034999132 1149.7449561133981 3178.9986323677003
leaf_count=5174 2718 12903 2310 5687 2425 2769 410388 3860 135353 2520 2886 3713 6481 20918
internal_value=-7.88991e-05 -2.42781e-05 0.00907002 -0.000135021 0.0206331 -0.00197853 -7.94505e-05 0.00133182 0.00170368 0.00484869 -0.00521193 0.00649199 0.00490377 0.00297484
internal_weight=116700 116026 1386.14 114640 673.059 713.079 114121 25210.9 24518.4 7080.25 991.06 6089.19 5387.39 4328.74
internal_count=620105 614931 10222 604709 4735 5487 591806 181418 177558 42205 5406 36799 33086 27399
is_linear=0
shrinkage=0.05


Tree=219
num_leaves=15
num_cat=0
split_feature=27 0 69 73 26 72 57 69 69 69 72 72 73 69
split_gain=22.7538 42.0473 28.0589 42.3834 27.1316 25.0644 24.485 24.4135 43.8468 21.8043 62.1448 79.1934 104.443 81.2415
threshold=0.62918037176132213 0.01993558090180159 -0.013108383864164351 0.83061772584915172 0.0075950156897306451 0.012679401785135271 0.20129700750112536 0.004932673182338477 0.015642936341464523 0.10023048147559167 0.0080942544154822844 0.0063708887901157149 0.30744580924510961 0.071249026805162444
decision_type=2 2 10 2 10 10 8 10 10 8 10 10 2 10
left_child=1 -1 4 7 -3 -6 9 -4 -9 10 11 -2 -13 -14
right_child=6 2 3 -5 5 -7 -8 8 -10 -11 -12 12 13 -15
leaf_value=-0.0091944535517099139 0.00057581667640187943 0.0056518349165589898 -0.010578875721643986 -0.013571944774896254 0.0050007033167011414 -0.0093677028575258458 -0.0042519461275285853 0.012869128701234132 -0.0013660804458822612 -0.00080674637131368022 -0.00031380429074039372 -0.0097584264342701118 0.011700908881096518 0.0027354237946735356
leaf_weight=1628.6074897414073 16789.600036717951 2736.3703865408897 655.25958978384733 722.45964971184731 519.24047899991274 704.47474787384272 2823.7813953775913 554.93180403113365 12744.228528045118 24773.051538415253 41109.281201990321 950.5549144372344 5390.9692956805229 4762.9619871061295
leaf_count=19844 109798 12125 3077 3739 2559 3263 13006 2513 61269 134522 196090 4550 29546 24802
internal_value=7.56338e-06 -0.00151523 -0.000839606 -0.00184734 0.00289052 -0.00327986 0.000327152 -0.00123104 -0.000762867 0.000465475 0.000922269 0.00274341 0.00601727 0.00750225
internal_weight=116866 20265.6 18637 14676.9 3960.09 1223.72 96600.2 13954.4 13299.2 93776.4 69003.4 27894.1 11104.5 10153.9
internal_count=620703 108389 88545 70598 17947 5822 512314 66859 63782 499308 364786 168696 58898 54348
is_linear=0
shrinkage=0.05


Tree=220
num_leaves=15
num_cat=0
split_feature=70 74 70 68 72 68 68 69 71 71 84 69 13 71
split_gain=23.0546 101.321 155.154 140.373 136.477 115.344 100.301 98.4523 96.0607 150.345 92.0619 92.9404 87.3962 81.4334
threshold=-0.0085004726424813253 -0.0074225144926458589 -0.0036370913730934258 0.046177720651030547 0.0063193386886268863 0.042889840900897987 -0.087453853338956819 0.12782794237136844 0.014625609852373602 0.0033298678463324909 1.5000000000000002 0.045545944944024093 -0.057448770850896828 -0.017081339843571183
decision_type=2 2 2 10 10 10 10 10 2 2 2 10 10 2
left_child=6 2 3 4 -2 -4 12 10 9 13 -8 -12 -1 -6
right_child=1 -3 5 -5 8 -7 7 -9 -10 -11 11 -13 -14 -15
leaf_value=-0.0077513645374340722 -0.00069433087094753279 -0.00014828257494295608 -0.011597128835027908 -0.015455195256488653 0.027558368090519775 0.015241476494963336 0.0010700498561284802 0.019368441514448585 -0.00018336173212391005 0.043168823275257034 -0.010624876821975429 0.00012038401983852516 0.015830820218065252 0.0093400413270314214
leaf_weight=542.32179661095142 1541.812501527369 91074.813090560958 1763.4827342759818 499.73202984407544 909.16947881132364 507.75212704204023 6041.854294648394 467.76154726557434 694.88078515604138 582.74958552233875 5831.7054129801691 3069.5919485129416 1369.1026004273444 1898.8264996130019
leaf_count=2369 8531 497061 8891 2573 3989 2545 28506 2116 3385 2887 27978 14994 5994 9077
internal_value=4.33567e-05 0.000336545 0.00558809 0.00972156 0.0119808 -0.00555664 -0.0016395 -0.00298085 0.0167541 0.0202155 -0.00369293 -0.00692342 0.00913441 0.0153156
internal_weight=116796 99473.2 8398.41 6127.17 5627.44 2271.23 17322.3 15410.9 4085.63 3390.75 14943.2 8901.3 1911.42 2808
internal_count=620896 538939 41878 30442 27869 11436 81957 73594 19338 15953 71478 42972 8363 13066
is_linear=0
shrinkage=0.05


Tree=221
num_leaves=15
num_cat=0
split_feature=27 53 68 71 68 72 72 68 72 72 68 14 71 69
split_gain=21.5031 40.066 22.8514 123.115 104.399 146.115 98.7857 88.0314 76.8967 103.005 76.8012 72.039 71.3759 68.6484
threshold=0.48632764816284185 -0.028824723325669762 0.011834083124995233 -0.0082825054414570314 0.0133026116527617 0.009231119882315399 0.016811436042189602 0.01019862061366439 0.009231119882315399 0.016343498602509502 0.045217154547572143 -0.082531735301017747 -0.0038727499777451153 -0.011117002926766871
decision_type=2 10 10 2 10 10 10 10 10 10 10 8 2 8
left_child=1 -1 7 8 5 -5 13 -2 -4 -10 -8 -12 -9 -6
right_child=2 -3 3 4 6 -7 10 12 9 -11 11 -13 -14 -15
leaf_value=-0.001651263974217409 -0.00012724668959762715 -0.017529270220126975 0.01228861670613389 0.0024693008908309834 0.011081071396784537 0.037139052848987129 -0.0014115860471109341 -0.021115446227920453 -0.0069041524779956467 0.014229452536705475 -0.034162181334171905 -0.0061662875472620251 -0.0024354527627089327 -9.1209416104195683e-05
leaf_weight=6591.040648393333 44180.165069065988 413.05554352980107 3593.2806846816093 944.44986489787698 1401.7960238102823 439.19403758831322 954.13392784073949 903.98572204075754 1567.0271676182747 898.88911459222436 504.55800544284284 424.77264202199876 1167.6902664974332 52677.103743534535
leaf_count=33255 216366 3533 18740 5906 6537 2156 4324 4723 7263 3927 2289 2130 7236 301578
internal_value=7.26461e-05 -0.0026113 0.0002443 0.00086071 0.000143974 0.0136616 -0.000192625 -0.000600721 0.00763269 0.00082594 -0.0114184 -0.0215679 -0.0106488 0.000200386
internal_weight=116661 7004.1 109657 63405.2 57346 1383.64 55962.4 46251.8 6059.2 2465.92 1883.46 929.331 2071.68 54078.9
internal_count=619963 36788 583175 354850 324920 8062 316858 228325 29930 11190 8743 4419 11959 308115
is_linear=0
shrinkage=0.05


Tree=222
num_leaves=15
num_cat=0
split_feature=8 3 79 31 58 84 72 72 69 73 69 72 69 69
split_gain=20.4078 26.4498 19.3656 17.6934 16.1501 39.0066 51.8408 102.81 52.1664 89.6184 49.9519 76.9089 44.034 71.568
threshold=1.0000000180025095e-35 0.075000001117587103 -0.054950386285781853 18.606977462768558 0.0022460415493696932 3.5000000000000004 0.020338352769613269 0.019335029646754268 -0.098924212157726274 0.31214115023612982 -0.022396825253963467 0.015333235263824465 0.12782794237136844 0.10023048147559167
decision_type=2 2 10 2 2 2 10 10 10 2 8 10 10 10
left_child=4 2 -2 -4 5 6 7 -1 -8 -10 -7 12 13 -12
right_child=1 -3 3 -5 -6 10 8 -9 9 -11 11 -13 -14 -15
leaf_value=-0.00011042120388378283 -0.0068763115635251271 -0.0004109020719834828 0.0027792871941027053 0.008260426641728184 0.00062323339676594741 -0.0099740540792655694 0.017055781814185926 -0.024464753624925232 -0.013055497598076012 0.014923422989395661 -0.0014383081042425034 0.01662528045398157 0.0099307557465115742 -0.012612703815641954
leaf_weight=46386.335667669773 368.09460783470422 6046.7419033795595 4037.35935058631 2323.1091914139688 42389.348755167797 2183.1538299098611 863.19468001648784 427.42195283062756 569.85341375693679 555.17934546805918 7635.8091011513025 534.50335675664246 639.19544862769544 1754.8632791433483
leaf_count=252212 3415 25830 27402 16789 215737 9832 3762 1942 2450 2366 43146 2458 3147 9741
internal_value=0.000104161 0.00198921 0.00414352 0.00479105 -0.000127703 -0.000644892 -1.38093e-06 -0.00033796 0.00788557 0.000761331 -0.00310655 -0.00167927 -0.00267033 -0.0035377
internal_weight=116714 12775.3 6728.56 6360.47 103939 61549.5 48802 46813.8 1988.23 1125.03 12747.5 10564.4 10029.9 9390.67
internal_count=620229 73436 47606 44191 546793 331056 262732 254154 8578 4816 68324 58492 56034 52887
is_linear=0
shrinkage=0.05


Tree=223
num_leaves=15
num_cat=0
split_feature=15 4 27 1 68 18 70 69 71 14 17 74 71 71
split_gain=19.4452 25.4005 33.0688 32.0641 24.4489 29.2795 24.1344 23.9795 23.489 23.1835 22.9061 22.658 21.5206 66.033
threshold=28.046161651611332 0.12500000372529033 0.97640773653984081 0.012360061518847944 0.011202433612197639 51.996685028076179 -0.0078371237032115442 0.1269701570272446 -0.0049521981272846452 0.21915253996849063 66.113845825195327 0.012607926037162544 0.029663254506886009 0.035684701055288322
decision_type=8 8 2 10 10 2 2 10 2 8 2 2 2 2
left_child=12 2 11 -4 5 -3 -6 8 -8 -10 -9 -2 -1 -14
right_child=1 4 3 -5 6 -7 7 10 9 -11 -12 -13 13 -15
leaf_value=0.00016120544627289192 -0.003499098363756753 0.00035635475509437946 0.0063539323460923341 -0.0015180096611607052 0.010710087507969061 -0.0065288999304101 0.00948791069623681 -0.0089830312160764664 -0.00070536584074743554 0.0054331805788601336 0.0022838535327298587 -0.011947615741473121 0.0097030142198023632 -0.00037529732644579913
leaf_weight=74393.585134929977 8994.2603912334889 4672.8593703843653 1612.3960474655032 6372.7685933019966 714.73173523694277 2295.3423173762858 1018.5208776816726 994.52699307724833 4522.5403874963522 2319.3356571588665 812.83019232004881 863.34518767334521 2436.6579189933836 4839.0725444424897
leaf_count=399250 60635 19307 14879 31712 2976 9802 4265 4164 19741 9976 3472 4965 12126 23556
internal_value=-8.17407e-06 -0.000990519 -0.00231458 7.74831e-05 0.000371644 -0.00191777 0.00190855 0.00124746 0.0024417 0.00138044 -0.00393124 -0.00425039 0.000415214 0.00300864
internal_weight=116863 35193.5 17842.8 7985.16 17350.7 6968.2 10382.5 9667.75 7860.4 6841.88 1807.36 9857.61 81669.3 7275.73
internal_count=620826 185894 112191 46591 73703 29109 44594 41618 33982 29717 7636 65600 434932 35682
is_linear=0
shrinkage=0.05


Tree=224
num_leaves=15
num_cat=0
split_feature=3 69 69 4 69 27 73 69 8 70 14 70 74 73
split_gain=22.7022 52.0308 44.2666 27.6891 32.8802 34.8356 31.0089 26.3098 23.6873 22.3196 20.7046 23.9577 31.1192 22.4779
threshold=1.0000000180025095e-35 -0.042015798389911645 -0.014973873272538183 0.025000001303851608 0.1269701570272446 1.2724417448043825 0.72160628437995922 -0.074945528060197816 1.0000000180025095e-35 0.00353774824179709 -0.18616899847984311 -0.0049934315029531709 0.019536812789738182 0.36591522395610815
decision_type=2 10 10 10 10 2 2 10 2 2 8 2 2 2
left_child=1 7 -3 4 5 -4 -5 -1 -7 -6 11 13 -13 -2
right_child=10 2 3 6 9 8 -8 -9 -10 -11 -12 12 -14 -15
leaf_value=-0.002362235287621188 0.0037930598150175024 0.012794366297209286 -0.0018290325571577303 0.0053063677588164101 0.016743989634345723 0.0028278815475601599 -0.0018136665615405723 -0.013613892568541775 0.017183705805594942 -0.00038205790839123804 -0.00060449053226325816 0.0047863001642767852 -0.0063388715873953956 -0.0064422805048722984
leaf_weight=2560.0767289325595 870.31262466311455 924.01937036775053 9662.9201886057854 7197.4355266392231 476.66093924827874 2438.2342719845474 1935.5961562208831 643.87118797376752 316.8282374907285 311.62796243652701 81743.783778725192 5627.8017437085509 698.7341003715992 1366.8181287497282
leaf_count=18854 3615 5210 90522 42664 3719 18233 13705 3828 2717 2615 382932 23406 2875 5636
internal_value=1.80551e-05 0.00130554 0.00212861 0.00168192 0.000217392 -0.000414601 0.00379706 -0.00465871 0.00453496 0.0100537 -0.000359383 0.00197825 0.00354952 -0.00246126
internal_weight=116775 26467.3 23263.3 22339.3 13206.3 12418 9133.03 3203.95 2755.06 788.289 90307.5 8563.67 6326.54 2237.13
internal_count=620531 202067 179385 174175 117806 111472 56369 22682 20950 6334 418464 35532 26281 9251
is_linear=0
shrinkage=0.05


Tree=225
num_leaves=15
num_cat=0
split_feature=72 72 1 0 72 72 73 73 71 72 51 72 71 14
split_gain=25.8877 25.9133 23.0567 36.3087 30.2476 129.991 238.486 81.8242 69.2898 87.1219 58.4651 43.2062 65.5616 40.3153
threshold=0.054642656818032272 0.049865879118442542 0.022849769331514839 0.031256513670086868 0.010468589607626201 0.01018012408167124 0.49650216102600103 0.15441858023405078 0.031290347687900073 0.0089111742563545721 -0.070734009146690355 0.011299594305455686 0.0014283647760748865 -0.051211331039667123
decision_type=8 8 10 2 10 10 2 2 2 10 8 10 2 8
left_child=1 2 4 -4 5 7 -7 -1 13 -10 11 12 -6 -9
right_child=-2 -3 3 -5 10 6 -8 8 9 -11 -12 -13 -14 -15
leaf_value=0.024883138728552398 -0.01229587278182041 0.012519769497793827 -0.0047607069977727593 -0.00028947295787941151 -0.019594992432102172 0.050426122479462848 0.00017617982319553512 0.0038442588603672789 0.025952826808845399 -0.0043428868958577619 -0.0048490272637824912 0.0027792526731541759 0.0041802213571701056 -0.00021233340773056799
leaf_weight=344.49773330613971 413.19365148060024 408.01468354463577 4987.7211760114878 49639.301872074604 563.50779134780169 369.22361765243113 625.90117633342743 7354.1551719419658 583.89400093071163 391.02383355982602 6405.7696968642995 7665.8970287404954 580.64019907452166 36385.732439646497
leaf_count=1627 1735 1820 25959 205910 2790 1874 3641 40343 3565 2442 38595 37475 3100 249494
internal_value=4.82177e-05 9.31255e-05 4.83013e-05 -0.000698516 0.00071415 0.00135265 0.0191367 0.000955735 0.000765868 0.013881 -0.00121805 0.00142453 -0.0075977 0.00047044
internal_weight=116718 116305 115897 54627 61270.2 46054.4 995.125 45059.3 44714.8 974.918 15215.8 8810.05 1144.15 43739.9
internal_count=620370 618635 616815 231869 384946 302986 5515 297471 295844 6007 81960 43365 5890 289837
is_linear=0
shrinkage=0.05


Tree=226
num_leaves=15
num_cat=0
split_feature=15 73 69 69 73 72 72 84 73 69 73 72 73 69
split_gain=19.9378 19.7056 33.8583 19.3482 43.952 62.4001 53.7184 61.3212 43.2949 41.7362 52.6977 57.5704 87.8159 59.6247
threshold=22.34785079956055 0.87868535518646251 0.063591867685318007 0.060647334903478629 0.48414604365825659 0.0060953893698751935 0.0079264985397458094 1.0000000180025095e-35 0.44426245987415319 0.098413769155740752 0.7626253366470338 0.0067859278060495862 0.6410336196422578 0.11935003474354745
decision_type=8 2 8 8 2 10 10 2 2 8 2 10 2 8
left_child=3 -2 -3 -1 5 -5 -7 -8 -9 -6 11 -11 -13 -14
right_child=1 2 -4 4 9 6 7 8 -10 10 -12 12 13 -15
leaf_value=-0.00039259750181885509 -0.00063422856986227491 0.0022769904263929678 -0.018170882319711236 0.017027975403682543 0.0028086713732702723 -0.0044214241585678526 -0.0090536771510576763 0.0067455757306764622 0.023132286658568361 -0.0068727041339271058 0.0047237214156742808 0.0059667176992896642 -0.014950932747173355 -6.1790719203779556e-05
leaf_weight=27683.321428345516 57825.082018628716 381.24386103823781 416.91796945407987 964.20574698410928 11405.21964844875 1547.3257063385099 468.43602509982884 1695.6335443016142 525.12810462340713 4912.4326507505029 2887.2167183421552 3261.9764322061092 1122.425087749958 1655.420691838488
leaf_count=141637 305781 2150 2834 5115 66225 7986 2326 8059 2634 28757 15625 16788 6073 8415
internal_value=-9.21343e-05 -0.000742706 -0.00849659 0.000563987 0.00143363 0.00561452 0.00298291 0.00724386 0.0107068 0.000570431 -0.00127482 -0.00285901 0.000411457 -0.00610999
internal_weight=116752 58623.2 798.162 58128.7 30445.4 5200.73 4236.52 2689.2 2220.76 25244.7 13839.5 10952.3 6039.82 2777.85
internal_count=620405 310765 4984 309640 168003 26120 21005 13019 10693 141883 75658 60033 31276 14488
is_linear=0
shrinkage=0.05


Tree=227
num_leaves=15
num_cat=0
split_feature=22 63 54 14 60 69 64 73 73 73 69 69 73 69
split_gain=20.1547 25.3982 19.3972 36.8946 25.638 38.4311 35.5438 35.3594 45.3308 34.2207 33.2957 27.8558 21.8648 21.3076
threshold=95.152786254882827 0.65657392144203197 0.20249301940202716 -0.12766385078430173 1.0000000180025095e-35 -0.004124277736991643 -0.031340945512056344 0.43692485988140112 0.32263550162315374 0.36591522395610815 -0.043922567740082734 0.046327445656061179 0.31214115023612982 0.03785503841936589
decision_type=10 8 8 10 10 10 2 2 2 2 10 10 2 10
left_child=2 -2 3 -1 6 7 -5 8 10 12 -6 13 -7 -11
right_child=1 -3 -4 4 5 9 -8 -9 -10 11 -12 -13 -14 -15
leaf_value=0.0018899394984237179 -0.013190607714729581 -0.0014207951140643561 0.00044743963630981972 0.0046950077754036442 -0.0030182280975844297 -0.0050183534547820329 -0.0019250853197221214 0.010296973907981795 -0.015215175682058948 -0.010336502340986388 0.0088585183223797419 -0.0059913948557062981 0.0097899772505757043 -0.024290946685726959
leaf_weight=7955.2657160945237 623.64961370453238 1667.5140086719766 84319.302237914875 2540.8760347682983 2236.6189411208034 540.76652611792088 9875.2643365543336 643.82397383078933 564.74401529505849 948.68769902549684 790.33072591573 3216.3868607301265 445.80608176440001 394.35293566808105
leaf_count=34601 4017 10559 442966 13894 9770 2398 66854 2996 2662 4929 3386 17241 2062 2088
internal_value=-3.4908e-05 -0.00466791 5.82213e-05 -0.00102997 -0.0020768 -0.00398991 -0.000567642 -0.000401244 -0.0023422 -0.00672494 0.000101726 -0.00854859 0.00170423 -0.0145831
internal_weight=116763 2291.16 114472 30152.9 22197.7 9781.52 12416.1 4235.52 3591.69 5546 3026.95 4559.43 986.573 1343.04
internal_count=620423 14576 605847 162881 128280 47532 80748 18814 15818 28718 13156 24258 4460 7017
is_linear=0
shrinkage=0.05


Tree=228
num_leaves=15
num_cat=0
split_feature=54 53 27 54 70 68 84 74 68 68 74 54 68 74
split_gain=27.8161 29.2882 35.809 29.8663 29.0115 91.2469 63.0094 60.7087 42.1393 55.2877 40.385 46.737 32.7924 43.4421
threshold=1.1221431493759157 -0.17012263834476468 0.96913447976112377 0.32478715479373937 -0.0085004726424813253 -0.087453853338956819 1.5000000000000002 -0.023138253949582573 -0.017143600620329377 -0.056210340932011597 -0.0091971782967448217 0.25041837990283972 -0.040725640952587121 -0.016539857722818848
decision_type=10 10 2 10 2 10 2 2 10 10 2 10 10 2
left_child=1 4 3 -3 5 7 8 -1 9 -7 11 -10 13 -8
right_child=-2 2 -4 -5 -6 6 12 -9 10 -11 -12 -13 -14 -15
leaf_value=0.00015507172403139816 0.0020704040004126886 -0.0050407958910605628 0.00043188016466690819 -0.0012495185250175136 0.0010173884262526989 -0.0064654014314775759 -0.0026967140139422681 0.019389384063278316 -0.0075962403088645873 0.013715061239845254 -0.014041916010058574 0.012057514488795197 -0.0053248501242580187 -0.022339193225953683
leaf_weight=914.96817715466022 15571.859247593209 7766.4527598051354 18564.906027369201 15675.430712020956 49160.985406789929 491.71982416510582 459.28582788817585 733.92010054737329 644.20797126181424 1051.491712898016 630.18200573325157 552.84126988425851 3802.59461183846 729.83641728200018
leaf_count=3957 66598 63703 114279 96293 235170 2053 2006 3261 2997 4571 2936 2321 17197 3205
internal_value=0.000103849 -0.000198987 -0.00120848 -0.00250721 0.000517748 -0.00193439 -0.00405537 0.00878154 0.00122533 0.00728465 -0.00390394 0.00150528 -0.00761626 -0.0148383
internal_weight=116751 101179 42006.8 23441.9 59172 10011 8362.16 1648.89 3370.44 1543.21 1827.23 1197.05 4991.72 1189.12
internal_count=620547 553949 274275 159996 279674 44504 37286 7218 14878 6624 8254 5318 22408 5211
is_linear=0
shrinkage=0.05


Tree=229
num_leaves=15
num_cat=0
split_feature=5 0 84 74 74 72 73 69 69 72 74 69 74 72
split_gain=21.6568 26.8217 16.3678 116.199 115.977 94.8397 92.6456 88.8044 81.2153 117.495 128.561 127.01 150.824 100.345
threshold=0.71724092960357677 0.054222337901592262 3.5000000000000004 -0.014473744202405213 -0.0087665244936943037 0.0095296683721244353 0.16806954890489581 0.0073220878839492807 0.064066708087921156 0.013006654102355244 0.0068846363574266442 0.023124567233026031 -1.0000000180025095e-35 0.010734383016824724
decision_type=2 2 2 2 2 10 2 10 8 10 2 10 2 10
left_child=1 -1 -2 6 5 -5 -4 -8 9 11 -11 12 -6 -10
right_child=2 -3 3 4 8 -7 7 -9 13 10 -12 -13 -14 -15
leaf_value=-0.018907147049122493 0.00029533840619271057 -0.00025081251218571002 0.0051488919241986526 0.0017180111090199367 0.034219713990115065 0.021698391067422666 -0.034153318199800595 -0.0090755273552839393 -0.0062223877135844929 -0.016003475261119164 0.0042554091551398427 0.0013690615654136052 0.0045479991854896753 0.0094694727482166827
leaf_weight=330.04258216265589 92772.482247734442 445.09481132030487 535.76233903132379 1407.4520974922925 760.58063884265721 1019.8905034288764 578.67313643358648 908.29891638085246 9013.5278557501733 1514.1546236909926 1603.8635570928454 3772.8716906644404 972.22174746543169 1139.4881196487695
leaf_count=2880 492423 1838 2324 7109 3845 4601 2833 4474 51484 7176 7136 22226 4879 5635
internal_value=-5.78835e-05 -0.00833406 -1.86629e-06 -0.00118858 -9.37879e-05 0.0101677 -0.0126082 -0.0189978 -0.00142504 0.00214173 -0.00560231 0.00652961 0.0176935 -0.00445368
internal_weight=116774 775.137 115999 23226.8 21204.1 2427.34 2022.73 1486.97 18776.7 8623.69 3118.02 5505.67 1732.8 10153
internal_count=620863 4718 616145 123722 114091 11710 9631 7307 102381 45262 14312 30950 8724 57119
is_linear=0
shrinkage=0.05


Tree=230
num_leaves=15
num_cat=0
split_feature=15 27 2 69 59 54 26 12 68 68 69 69 68 68
split_gain=18.0872 17.0295 25.4274 28.7514 19.33 19.8102 28.9605 23.6091 35.402 63.2121 42.116 52.8761 105.326 53.4888
threshold=1.0000000180025095e-35 0.37356159090995794 0.057200692594051368 0.049152795225381858 6.5000000000000009 0.17879831790924075 -0.11796428263187407 0.063594188541173949 0.038457298651337631 0.040844514966011054 -0.038954747840762131 0.052791556343436248 0.077983114868402495 0.050766840577125556
decision_type=10 2 2 10 10 8 10 8 10 10 10 10 10 10
left_child=-1 2 3 -2 5 6 -3 8 -7 -10 -11 12 -12 -13
right_child=1 4 -4 -5 -6 7 -8 -9 9 10 11 13 -14 -15
leaf_value=-0.009586820279344134 0.00098049423297310429 0.00074860975588292755 0.0028994843670890657 -0.01315142890169519 -0.0048937085066618896 0.0024383572568880719 -0.0025762640175465189 -0.00012132292045638745 -0.012836050502296071 0.015886776034119487 -0.010384056168975572 -0.0017059582833693532 0.014995298252077106 0.010008582262548834
leaf_weight=480.74183768033981 567.82807016838342 12467.445521054789 823.84261617064476 966.78118493407965 1880.6848135143518 27038.463623167947 13778.917760843411 50445.857542913407 1028.8804340492934 401.67028435319662 2285.9814545959234 2380.1086244247854 488.14882180280983 1637.1189870238304
leaf_count=2145 3058 55942 3351 5787 7758 136031 84437 279523 5765 1734 11837 12432 2214 8246
internal_value=-7.95766e-06 3.24964e-05 -0.00416382 -0.00794991 0.000119796 0.000204447 -0.000997212 0.000572512 0.00156491 -0.00130697 0.00035767 -0.000582797 -0.00588037 0.003081
internal_weight=116672 116192 2358.45 1534.61 113833 111953 26246.4 85706.2 35260.4 8221.91 7193.03 6791.36 2774.13 4017.23
internal_count=620260 618115 12196 8845 605919 598161 140379 457782 178259 42228 36463 34729 14051 20678
is_linear=0
shrinkage=0.05


Tree=231
num_leaves=15
num_cat=0
split_feature=72 72 74 74 72 72 73 68 73 68 68 73 74 73
split_gain=21.1039 47.0154 85.3142 38.3424 25.4432 64.47 36.4766 86.1295 70.8207 69.3487 85.0728 56.1303 50.6021 64.3887
threshold=0.002932130941189826 0.003391561447642744 -0.00068714225199073542 0.0025200622621923689 0.0046126006636768588 0.0046515460126101979 0.56950047612190258 0.034101765602827079 0.75795969367027294 -0.0020917954389005895 0.035015830770134933 0.50754529237747203 -0.0014396875631064174 0.58286508917808544
decision_type=10 10 2 2 10 10 2 10 2 10 10 2 2 2
left_child=-1 2 -2 -4 6 -6 9 12 -9 -3 11 -11 -8 -14
right_child=1 4 3 -5 5 -7 7 8 -10 10 -12 -13 13 -15
leaf_value=-0.0088290132728798907 0.026425133902230464 0.009610745205929444 -0.0068581968223630054 0.014189554125268681 0.018325471569888955 -2.161428268963238e-05 0.010894249300491377 -0.012543267259572083 0.005832922325188037 -0.031552535260747076 0.0085402486943490473 -0.010828819112997171 0.018123911066720115 -0.0026005349271099897
leaf_weight=679.9805659186095 459.42557457834482 450.22336343117058 623.75856726057827 318.55183271504939 471.02710494957864 103878.02376981173 1439.2156133428216 2081.3844397366047 693.05993844568729 469.08467776887119 395.84290837869048 1088.6501824241132 414.58733949251473 3185.3798272255808
leaf_count=5230 3207 2788 4604 2474 2730 533894 9814 13314 4727 3152 1998 7328 2558 22321
internal_value=-0.000110448 -5.857e-05 0.00901032 0.000331366 -0.000170306 6.29517e-05 -0.00255026 -0.000889395 -0.00794841 -0.00792291 -0.0119921 -0.0172309 0.00300516 -0.000170227
internal_weight=116648 115968 1401.74 942.31 114566 104349 10217.4 7813.63 2774.44 2403.8 1953.58 1557.73 5039.18 3599.97
internal_count=620139 614909 10285 7078 604624 536624 68000 52734 18041 15266 12478 10480 34693 24879
is_linear=0
shrinkage=0.05


Tree=232
num_leaves=15
num_cat=0
split_feature=54 53 69 3 69 72 69 68 68 69 72 68 28 72
split_gain=22.1441 28.4258 40.1918 28.5915 37.1347 29.9978 29.9843 111.88 116.164 77.1601 69.3762 42.8336 68.2813 62.6427
threshold=0.72409415245056163 -0.086005613207817064 -0.042015798389911645 1.0000000180025095e-35 -0.051937524229288094 0.014730440452694895 -0.013108383864164351 -0.012698640115559099 -0.0050752747338265172 -0.022396825253963467 0.012608291115611793 -0.068213950842618928 1.0349949002265932 0.021474678069353107
decision_type=10 10 10 2 10 10 8 10 10 10 10 10 2 10
left_child=1 3 -3 4 -1 -6 7 11 -9 10 -10 13 -13 -5
right_child=-2 2 -4 6 5 -7 -8 8 9 -11 -12 12 -14 -15
leaf_value=-0.0034189313428953485 0.0012204081084710309 -0.012922966669464679 -0.0016860186584953211 0.0078888796446224679 0.0025364615559176663 0.015842148219200696 -0.0011821556292854133 0.026222096381273027 0.012261279369706087 0.020090926846946414 -0.0045381287546470851 -9.4120610469742845e-05 -0.011082361164717808 -0.0045655171880301772
leaf_weight=2726.952506961301 27575.614614402875 827.4213332105428 16146.238775605336 2370.6421933844686 12936.117484118789 428.46208315715194 41623.145751047879 737.90068528801203 895.6458828151226 631.7247459590435 1902.2934754639864 4013.2210830450058 2172.8784473761916 1744.4773504137993
leaf_count=19623 124083 4637 128070 10036 85820 2454 193716 3092 3869 2753 8280 17391 9409 7428
internal_value=-1.76103e-05 -0.000400614 -0.00224108 3.24143e-05 0.00188964 0.00297456 -0.000500624 0.00145944 0.00836145 0.00445363 0.00086403 -0.00133831 -0.00396542 0.00261096
internal_weight=116733 89157.1 16973.7 72183.5 16091.5 13364.6 56091.9 14468.8 4167.56 3429.66 2797.94 10301.2 6186.1 4115.12
internal_count=620661 496578 132707 363871 107897 88274 255974 62258 17994 14902 12149 44264 26800 17464
is_linear=0
shrinkage=0.05


Tree=233
num_leaves=15
num_cat=0
split_feature=17 69 19 69 54 74 84 69 73 73 74 74 74 68
split_gain=21.3076 28.6924 25.4365 23.7075 22.1645 45.0414 27.9401 64.5146 69.0607 97.45 67.0259 61.2301 59.4372 62.7593
threshold=2.6707248687744145 -0.086764372885227189 -0.023391955532133576 -0.14871805161237714 0.68712383508682262 0.017202852293848995 1.5000000000000002 -0.10739394277334212 0.31657269597053533 0.24076612293720248 0.0063494150526821622 -0.011990816798061131 0.0081914314068853872 0.0088436868973076361
decision_type=2 10 10 8 8 2 2 10 2 2 2 2 2 10
left_child=1 -1 -2 -4 6 -6 7 -5 9 10 11 -9 -10 -14
right_child=2 -3 3 4 5 -7 -8 8 12 -11 -12 -13 13 -15
leaf_value=-0.0064810246409680375 -0.0044552822946638823 0.0049909808856826096 0.0086852767632464595 -0.011136003696950302 0.00050839098266676572 0.0081524670405192338 -0.0013755080306226313 0.0063723403519727884 0.0013648735879756492 0.015485504093436485 0.012784976081497167 -0.016851724903814608 -0.013869182683928014 -0.0010323361135416299
leaf_weight=625.57190769910812 3290.2360459491611 3859.512156046927 770.13500359654427 1104.1186777539551 35012.466276136227 2029.4660728219897 43195.466249227524 459.91548345983028 18782.894625592045 1864.3927176259458 586.12002356536686 713.74870224297047 1381.70294413995 3020.3333568442613
leaf_count=2877 13768 18731 3369 4978 169761 8781 245016 2078 112497 8396 2582 3388 7329 17119
internal_value=4.51017e-06 0.00338003 -0.000130699 3.33636e-07 -6.23087e-05 0.000929284 -0.000578907 0.000653876 0.00114341 0.00755201 -0.000893088 -0.00777412 0.000138816 -0.00508384
internal_weight=116696 4485.08 112211 108921 108151 37041.9 71108.7 27913.2 26809.1 3624.18 1759.78 1173.66 23184.9 4402.04
internal_count=620670 21608 599062 585294 581925 178542 403383 158367 153389 16444 8048 5466 136945 24448
is_linear=0
shrinkage=0.05


Tree=234
num_leaves=15
num_cat=0
split_feature=73 69 69 71 73 69 72 73 72 71 1 69 72 72
split_gain=26.7925 57.0029 65.5595 69.3741 31.5934 31.1137 107.196 172.404 137.186 136.181 77.6121 69.9445 110.574 176.581
threshold=0.85966211557388317 0.060251720249652869 0.0023779070470482115 0.015875146724283699 0.85278713703155529 0.041767353191971786 0.012679401785135271 0.36005610227584844 0.016003454104065899 -0.0079321078956127149 0.01851749233901501 0.027720605023205284 0.0098339947871863859 0.012943550478667023
decision_type=2 10 8 2 2 10 10 2 10 2 10 10 10 10
left_child=4 2 -2 -4 5 11 10 -8 9 -9 -7 -1 -13 -14
right_child=1 -3 3 -5 -6 6 7 8 -10 -11 -12 12 13 -15
leaf_value=-0.00017412917581402593 -0.018994079949526788 -0.018379373844133115 -0.0075502787738211761 0.014514693666415805 0.013155570952541759 0.0021939414321622856 0.037071917253294139 -0.011174269537194853 -0.016550710914970158 0.013288568440146998 -0.0013318775883071102 -0.01007145382061872 0.015539328560524118 -0.012199626170795203
leaf_weight=38041.387896496803 376.92959764786065 606.92926650121808 660.21986179053783 752.03995099104941 448.59456932544708 26772.130097206682 449.07369326427579 697.79131593555212 630.66365072317421 2921.3286659326404 37399.80231349729 4636.7595903556794 1289.8397537469864 1017.4992155879736
leaf_count=184821 2178 3667 4202 3896 2317 194798 1904 3103 3208 14075 164752 26269 6597 5017
internal_value=-5.16149e-05 -0.0052731 -0.00074975 0.00421894 5.82924e-05 5.53817e-06 0.00067352 0.0079551 0.00479852 0.00855417 0.000139185 -0.00101703 -0.00562777 0.00330704
internal_weight=116701 2396.12 1789.19 1412.26 114305 113856 68870.8 4698.86 4249.78 3619.12 64171.9 44985.5 6944.1 2307.34
internal_count=620804 13943 10276 8098 606861 604544 381840 22290 20386 17178 359550 222704 37883 11614
is_linear=0
shrinkage=0.05


Tree=235
num_leaves=15
num_cat=0
split_feature=69 68 68 72 72 72 72 68 72 68 74 74 72 69
split_gain=29.6462 109.698 127.65 83.2805 155.366 124.413 95.5114 94.8996 71.6225 68.1599 114.977 129.117 72.6255 60.3779
threshold=-0.013108383864164351 -0.012698640115559099 -0.0050752747338265172 0.013164927251636984 0.012608291115611793 0.014131831005215647 0.015535487327724697 -0.039862519130110734 0.013856045436114075 -0.074138201773166643 -0.0091971782967448217 -0.023138253949582573 0.021474678069353107 -0.022396825253963467
decision_type=8 10 10 10 10 10 10 10 10 10 2 2 10 10
left_child=1 3 -3 4 -1 7 -7 8 -5 12 11 -11 -8 -4
right_child=-2 2 13 5 -6 6 9 -9 -10 10 -12 -13 -14 -15
leaf_value=0.00065001905085752126 -0.00047728505299549128 0.022940762789859622 0.0012400373624933923 0.0080204548466037678 0.031249742174313408 0.010629936159574527 0.010521828445501185 -0.031612449666590721 -0.019103846598229911 0.00080535416518034563 -0.0021705717681215105 -0.033178909790722334 -0.0040107393937013572 0.015010015162447566
leaf_weight=1767.8382137566805 96684.274597994983 1053.5388691425323 4140.8350178562105 464.07829127646983 532.1783374901861 1600.3928897604346 1597.7266319338232 577.19639600254595 492.15364510379732 454.93052719533443 3823.2308497829363 712.82864150218666 1839.3771663792431 976.19428282789886
leaf_count=7915 530818 4590 18971 2097 2362 7051 6935 2818 2205 2014 17243 3407 7853 4495
internal_value=-0.000114529 0.00163563 0.00717545 -0.000833785 0.00783482 -0.00256351 -0.000529094 -0.0157788 -0.00599312 -0.00265815 -0.00638444 -0.020045 0.0027556 0.00389114
internal_weight=116717 20032.5 6170.57 13861.9 2300.02 11561.9 10028.5 1533.43 956.232 8428.09 4990.99 1167.76 3437.1 5117.03
internal_count=620774 89956 28056 61900 10277 51623 44503 7120 4302 37452 22664 5421 14788 23466
is_linear=0
shrinkage=0.05


Tree=236
num_leaves=15
num_cat=0
split_feature=71 71 63 69 68 69 73 71 69 68 69 71 68 68
split_gain=18.8562 84.2897 115.755 61.9328 68.8764 113.856 91.876 85.8058 79.7977 59.6201 208.881 120.813 115.293 81.1646
threshold=-0.024940954521298405 -0.023610853590071198 0.44040025770664221 0.089535947889089598 -0.014353075530380009 0.032231312245130546 0.67916125059127819 -0.037121023982763283 -0.022396825253963467 -0.068213950842618928 -0.051937524229288094 -0.03858648054301738 -0.087453853338956819 -0.026094001717865464
decision_type=2 2 10 8 10 10 2 2 10 10 10 2 10 10
left_child=3 2 -2 4 5 9 8 -7 -6 10 11 12 -1 -11
right_child=1 -3 -4 -5 6 7 -8 -9 -10 13 -12 -13 -14 -15
leaf_value=-0.0010791992295789666 0.0275474415861796 6.3540172536189049e-05 -0.0040657280036466457 0.011506295150671191 -0.032096415877804464 0.030251009779934713 0.0093981247282230087 0.0033340531840385791 -0.0090054402918947982 -0.0093474387929187042 0.030277139606630254 0.019053494608986438 -0.025593162807841449 0.012683386692350388
leaf_weight=1662.4495883472264 643.3739850372076 103056.93152030744 515.95135036669672 803.49443648383021 457.37559571675956 459.9483146276325 527.36903660930693 808.0843850094825 1954.5411795433611 3698.5499788876623 539.42579510062933 484.25651435740292 664.683025598526 462.4173857010901
leaf_count=7093 2859 558963 2347 3514 2159 1984 2484 3696 9252 17121 2292 2096 2958 2213
internal_value=-5.32974e-06 0.000215006 0.0135637 -0.00183773 -0.00276166 -0.000540338 -0.00937257 0.0132578 -0.0134987 -0.00288408 0.00207693 -0.00342203 -0.0081605 -0.00687457
internal_weight=116739 104216 1159.33 12522.6 11719.1 8779.81 2939.29 1268.03 2411.92 7511.78 3350.81 2811.39 2327.13 4160.97
internal_count=621031 564169 5206 56862 53348 39453 13895 5680 11411 33773 14439 12147 10051 19334
is_linear=0
shrinkage=0.05


Tree=237
num_leaves=15
num_cat=0
split_feature=74 68 74 71 72 71 17 68 73 72 70 70 71 68
split_gain=19.7893 21.3632 53.8118 91.7736 71.9741 71.6722 47.9441 27.4664 159.711 82.3598 25.2739 124.631 112.098 60.7431
threshold=-0.04474180564284324 -0.074138201773166643 -0.0026918275980278845 1.0000000180025095e-35 0.017317797988653186 -0.03858648054301738 47.107135772705085 -0.060296569019556039 0.21545944362878802 0.018954159691929821 -0.0085004726424813253 -0.0082848854362964613 -0.047380616888403886 0.048859318718314178
decision_type=2 8 2 2 10 2 2 8 2 10 2 2 2 10
left_child=-1 2 4 6 -2 -6 -4 8 9 -3 13 -12 -13 -9
right_child=1 7 3 -5 5 -7 -8 10 -10 -11 11 12 -14 -15
leaf_value=-0.0090030594651313769 0.022815580473360741 -0.030214527370168151 -0.02084021909834961 0.0135238669664248 -0.0090545862819160321 0.014100841114815441 0.00032311932168545894 -0.0011167853808056493 0.013410303222650299 -0.0026430515570641292 0.02874888046292777 -0.021360027753200474 0.00056151699583115308 -0.019751385968336165
leaf_weight=567.8802750185132 666.87103564478457 589.5020208619535 579.79362114705145 562.9031740128994 647.99330294877291 669.64346667192876 489.34928218461573 14026.781082628295 650.01521049626172 497.88380428776145 380.02996778674424 576.76983511447906 95184.767282277346 441.4686071742326
leaf_count=2602 2953 2643 2427 2397 2775 2893 2034 67188 2860 2181 1822 2749 520452 2177
internal_value=0.000226689 0.00027266 0.00404976 -0.00266875 0.0095607 0.00273093 -0.0112405 0.000150722 -0.00606903 -0.0177294 0.000248959 0.000542196 0.000427267 -0.00169863
internal_weight=116532 115964 3616.55 1632.05 1984.51 1317.64 1069.14 112347 1737.4 1087.39 110610 96141.6 95761.5 14468.2
internal_count=620153 617551 15479 6858 8621 5668 4461 602072 7684 4824 594388 525023 523201 69365
is_linear=0
shrinkage=0.05


Tree=238
num_leaves=15
num_cat=0
split_feature=70 70 68 72 68 71 68 70 84 68 71 71 68 4
split_gain=24.782 73.348 112.913 110.895 99.7711 84.6693 82.7913 144.596 125.852 97.4138 67.6452 138.856 78.4837 62.2974
threshold=-0.0087212771177291853 -0.012489960994571446 -0.045986795797944062 0.0099148382432758825 0.028091151267290119 -0.00040131766581907863 -0.01657590456306934 -0.015955476090312001 2.5000000000000004 -0.0039589225780218831 0.0013411640538834038 -0.0049521981272846452 0.0099254120141267794 0.14166667312383655
decision_type=2 2 8 10 10 2 10 2 2 10 2 2 10 8
left_child=1 6 -3 4 -4 -5 7 -1 13 -8 11 12 -11 -9
right_child=-2 2 3 5 -6 -7 9 8 -10 10 -12 -13 -14 -15
leaf_value=-6.2505888786465187e-05 0.00037023990210943128 -0.030442250550023964 -0.016382776779858537 0.01378735250580989 0.0061310583956314824 -0.0062313849049618845 -0.02030480111102885 0.038857237058123495 -0.00037196621930571231 0.0047125582791808993 -0.01550933739673057 0.025507727809260691 -0.012509453298918984 0.01338570282266814
leaf_weight=5277.3187510892749 99813.582819189876 444.1792934704572 2055.4178251847625 1099.1369273811579 640.13375115394592 1000.0731330933049 807.52623008936644 560.19106495380402 645.71765336021781 1508.2032124493271 678.52767729200423 506.51315842196345 1163.2087928596884 441.28770813345909
leaf_count=23888 540700 2076 10664 4957 3313 4737 3915 2718 2998 7132 3316 2310 5713 1918
internal_value=7.09528e-05 -0.00170346 -0.00660697 -0.00434015 -0.0110333 0.00426601 0.000517105 0.00398333 0.0168676 -0.00462664 -0.00129967 0.00177341 -0.00280508 0.0278769
internal_weight=116641 16827.4 5238.94 4794.76 2695.55 2099.21 11588.5 6924.52 1647.2 4663.98 3856.45 3177.93 2671.41 1001.48
internal_count=620355 79655 25747 23671 13977 9694 53908 31522 7634 22386 18471 15155 12845 4636
is_linear=0
shrinkage=0.05


Tree=239
num_leaves=15
num_cat=0
split_feature=72 68 71 68 68 69 70 71 68 69 70 73 68 69
split_gain=21.9744 29.9623 50.2104 43.0266 35.7513 142.3 33.2112 108.793 73.5774 71.7822 56.2179 72.2766 103.65 118.333
threshold=0.054642656818032272 -0.13279618322849271 -0.10309150815010069 -0.09988760948181151 -0.087453853338956819 -0.12291077151894568 -0.0089198113419115526 -0.051636332646012299 -0.074138201773166643 -0.10739394277334212 -0.011970254592597483 0.19408389180898669 -0.01657590456306934 0.041127776727080352
decision_type=8 8 2 8 8 10 2 2 8 8 2 2 10 8
left_child=1 2 -1 -3 5 -5 9 -8 -9 -6 11 -11 13 -13
right_child=-2 3 -4 4 6 -7 7 8 -10 10 -12 12 -14 -15
leaf_value=-0.0025564878231591212 -0.01124580170587328 -0.014021195963114901 0.020218738949107765 -0.0077260216788157393 -0.022126770134590246 0.028188682998171722 -0.02304953081549346 0.017500543648974177 0.000328665952683161 -0.01150417198206919 -0.0066448705094901139 0.0038726594360770994 -0.0030763411298802253 0.026539206515047122
leaf_weight=479.49506631493568 419.43124542944133 533.62692317739129 474.51049339398742 584.89047647640109 429.73524698801339 506.38556494750082 485.49733993038535 617.8107601031661 97911.208379870281 1132.844298645854 3983.1443965658545 3499.4726526737213 4926.8105631265789 680.43364982120693
leaf_count=2080 1764 2358 2089 2538 2036 2136 2285 2632 532711 5205 19786 16186 23709 3083
internal_value=4.38707e-05 8.55692e-05 0.00886385 1.21691e-05 7.86404e-05 0.00904414 -8.22216e-06 0.000320622 0.000438105 -0.0022291 -0.00161278 0.00034926 0.00183479 0.00761701
internal_weight=116665 116246 954.006 115292 114758 1091.28 113667 99014.5 98529 14652.4 14222.7 10239.6 9106.72 4179.91
internal_count=620598 618834 4169 614665 612307 4674 607633 537628 535343 70005 67969 48183 42978 19269
is_linear=0
shrinkage=0.05


Tree=240
num_leaves=15
num_cat=0
split_feature=15 3 53 54 70 70 70 52 51 70 53 74 74 74
split_gain=19.1845 27.9641 27.3073 38.5375 25.9606 50.8528 29.1935 25.6454 23.3807 23.2215 26.2221 20.6528 38.8728 28.4453
threshold=20.549896240234379 0.075000001117587103 -0.27497917413711542 0.97234013676643383 0.012600572779774668 0.0097987498156726378 0.018792944028973583 0.29644826054573065 -0.28381925821304316 -0.023748123086988922 -0.041622588410973542 0.0081914314068853872 0.0068846363574266442 0.0057009411975741395
decision_type=8 2 8 10 2 2 2 10 10 2 10 2 2 2
left_child=1 7 4 -4 5 11 8 9 -6 -1 -11 12 13 -2
right_child=2 -3 3 -5 6 -7 -8 -9 -10 10 -12 -13 -14 -15
leaf_value=-0.010094405122489727 0.0013912910188757922 -0.00040622641022863441 -0.002003944564024075 0.001508534395150238 -0.016882456209637426 0.012659030818474496 0.0013499394621507088 0.011814087172315413 -0.0030613682996037221 0.0026435810511238403 -0.0026381661800982913 -0.0051497559295873747 0.01343091633431959 -0.010018730331010028
leaf_weight=399.38889838941395 13499.197582058609 27523.955685652792 38501.289156097919 9787.335293404758 546.16825291514397 975.66190874390304 1353.6392441242933 636.65810478106141 692.58189556375146 17531.961039369926 2705.1977071780711 1265.1019763611257 640.84726532734931 559.32187707349658
leaf_count=2080 58215 119040 232315 43330 2239 4170 5669 3241 2998 112086 24230 5425 2756 2424
internal_value=-0.000109904 0.000646064 -0.000653837 -0.00129186 0.000923338 0.00163679 -0.00372716 0.0020071 -0.00924152 0.00169897 0.00193659 0.000955672 0.00148428 0.000930542
internal_weight=116618 48797.2 67821.1 48288.6 19532.5 16940.1 2592.39 21273.2 1238.75 20636.5 20237.2 15964.5 14699.4 14058.5
internal_count=620218 260677 359541 275645 83896 72990 10906 141637 5237 138396 136316 68820 63395 60639
is_linear=0
shrinkage=0.05


Tree=241
num_leaves=15
num_cat=0
split_feature=2 73 69 73 68 71 73 74 70 74 73 69 69 68
split_gain=20.741 19.598 48.7099 57.8141 45.3035 26.1792 25.1102 73.0858 105.43 62.5307 72.6509 146.912 115.205 82.7699
threshold=0.010355446953326465 0.85966211557388317 0.060251720249652869 0.89463898539543163 0.057005966082215316 0.025396961718797687 0.78874629735946666 0.017202852293848995 0.0049661637749522933 -0.0079827145673334581 0.81560149788856517 0.1560144051909447 0.075613044202327742 0.046177720651030547
decision_type=2 2 10 2 10 2 2 2 2 2 2 8 10 10
left_child=-1 6 3 4 -3 -5 -2 8 9 -8 12 -12 -11 -14
right_child=1 2 -4 5 -6 -7 7 -9 -10 10 11 -13 13 -15
leaf_value=-0.011439270891416796 -0.00020862463525944707 0.0040986336428396322 -0.016772600070572723 0.00043405672217753716 -0.018245731069314458 0.017726941937701805 -0.010493390151530994 0.018801623215243261 -0.0078329432680942987 -0.00084059854579506335 -0.0051290470676096274 0.022951012779454327 0.013578843825450144 0.044211058341015838
leaf_weight=395.45273502264172 106713.26079602726 379.98415342345834 600.87577264755964 453.41696342453361 541.74154314398766 413.99647465720773 516.13006925582886 642.77564888820052 2134.7208572179079 582.96631259098649 1726.7065387777984 626.66024489700794 500.57919100299478 403.75485311821103
leaf_count=9887 559783 2234 3662 2634 3421 1866 2580 2975 11422 3398 8960 2936 2407 2188
internal_value=-0.000150167 -0.00011078 -0.00458213 -0.000417542 -0.00908908 0.00879552 -1.65181e-05 0.00285324 0.00124758 0.00570455 0.00790292 0.00241365 0.0165145 0.0275891
internal_weight=116633 116238 2390.01 1789.14 921.726 867.413 113848 7134.29 6491.52 4356.8 3840.67 2353.37 1487.3 904.334
internal_count=620353 610466 13817 10155 5655 4500 596649 36866 33891 22469 19889 11896 7993 4595
is_linear=0
shrinkage=0.05


Tree=242
num_leaves=15
num_cat=0
split_feature=22 23 70 73 73 72 69 69 72 72 70 69 69 70
split_gain=19.8338 24.5027 19.6914 82.6275 287.388 131.543 279.519 140.42 139.381 92.7757 90.8608 65.4409 58.903 80.9288
threshold=95.540431976318374 0.0019993217429146175 0.0085090477950871008 0.45992848277091986 0.44682462513446813 0.010908138938248159 0.034879148006439216 -0.016943235881626603 0.0090119163505733031 0.0079975952394306677 0.014134839642792942 0.045112159103155143 -0.038954747840762131 0.020869231782853607
decision_type=10 2 2 2 2 10 8 10 10 10 2 10 8 2
left_child=2 -2 -1 4 5 6 -4 10 9 -8 -7 -9 13 -12
right_child=1 -3 3 -5 -6 7 8 11 -10 -11 12 -13 -14 -15
leaf_value=0.00035460322933206733 -0.015288914227173454 -0.0019000579069149183 0.037979244344625185 -0.0039839763743946804 0.040757746573619455 0.018178389038048026 0.0034381450431818679 -0.019461249828873362 0.021198885214008228 -0.028663353238065806 -0.018126677314689921 -0.0023875792749712597 0.012690364736696181 0.0012863635103906356
leaf_weight=93729.965329227038 441.89415421988815 1416.6473283991218 651.92322723194957 12252.338287200779 452.09651409648359 739.35783276706934 433.22277560643852 1450.9463755208999 431.12801169417799 454.1692433860153 756.40903645940125 916.3595873080194 606.27295503392816 1788.4444754114375
leaf_count=504004 3012 8919 3008 64055 2233 3216 2236 7000 2006 2241 3284 4298 2656 7776
internal_value=-3.834e-05 -0.00514823 4.49268e-05 -0.00134121 0.00238935 0.000234302 0.0114671 -0.00331532 -0.00182862 -0.0131278 0.00252888 -0.0128901 -0.0011889 -0.00453216
internal_weight=116521 1858.54 114663 20932.7 8680.33 8228.23 1970.44 6257.79 1318.52 887.392 3890.48 2367.31 3151.13 2544.85
internal_count=619944 11931 608013 104009 39954 37721 9491 28230 6483 4477 16932 11298 13716 11060
is_linear=0
shrinkage=0.05


Tree=243
num_leaves=15
num_cat=0
split_feature=54 5 69 69 69 71 71 69 25 11 74 74 71 71
split_gain=22.8194 30.8863 47.1266 65.5868 58.3402 57.0057 132.552 51.7165 48.6095 47.7889 47.7713 39.5596 39.5368 95.6403
threshold=0.47431603074073797 0.9706082046031953 -0.013108383864164351 -0.024361428804695603 0.060647334903478629 -0.016404456458985802 -0.00143447401933372 0.062438054010272033 0.051269507035613067 -0.021135441958904263 -0.0048494727816432706 -0.0013157994253560899 0.01045523537322879 0.004519339883700014
decision_type=8 2 10 8 10 2 2 10 10 10 2 2 2 2
left_child=1 2 3 5 8 -1 -7 -6 12 -9 -5 -8 13 -4
right_child=-2 -3 4 10 7 6 11 9 -10 -11 -12 -13 -14 -15
leaf_value=-0.005654882595469121 0.00069532096297064477 -0.0017591265251650249 -0.0023384827792773516 0.001895619947376569 0.018008611204501309 0.021341572686356516 -0.0089076182277551177 -0.0023260421190534012 -0.010063044790344002 0.0041340262124105551 0.021707226833802447 0.003618374958268208 -0.0062907779016981389 0.014541688147939028
leaf_weight=1786.4977214019746 54232.62393640168 32916.269865376875 4352.6915686894208 492.85831295885146 459.23877557739615 942.75486339442432 880.56778848730028 5435.566841961816 2147.6615131981671 6027.2813607100397 794.01744619011879 2147.058365713805 2939.9871661383659 1029.0060762837529
leaf_count=8152 267235 181242 25556 2339 3081 4194 4187 28355 13582 44913 3643 9938 17218 6754
internal_value=-5.46704e-05 -0.000707012 0.000469727 0.0040337 -0.000652705 0.00174211 0.00507627 0.00173834 -0.00337459 0.00107137 0.0141927 -4.20697e-05 -0.00163843 0.00091007
internal_weight=116584 62351.5 29435.2 7043.75 22391.4 5756.88 3970.38 11922.1 10469.3 11462.8 1286.88 3027.63 8321.68 5381.7
internal_count=620389 353154 171912 32453 139459 26471 18319 76349 63110 73268 5982 14125 49528 32310
is_linear=0
shrinkage=0.05


Tree=244
num_leaves=15
num_cat=0
split_feature=69 69 69 72 72 69 74 70 72 69 71 71 74 72
split_gain=24.8856 58.0865 81.9274 75.5963 100.639 139.822 227.238 107.511 102.543 203.712 99.3532 122.91 166.809 86.3759
threshold=0.10132142156362535 0.090995021164417281 0.086077798157930388 0.0080942544154822844 0.0099559817463159579 0.0096080959774553793 -0.001689549535512924 0.0063706706278026113 0.01031224010512233 0.045112159103155143 -0.022706217132508751 -0.012742594350129364 -0.0094495052471756918 0.0065029829274863013
decision_type=8 10 10 10 10 10 2 2 10 10 2 2 2 10
left_child=1 2 3 13 5 6 -5 10 9 -6 -7 -12 -13 -1
right_child=-2 -3 -4 4 8 7 -8 -9 -10 -11 11 12 -14 -15
leaf_value=0.00043788684296642406 -0.0013162682538295205 0.0045720232459823392 -0.0073689181225526246 -0.0076902943548812974 0.027769951206557116 0.0027708594936396232 0.031356316948672157 0.0016776584676226978 -0.0002245674710428839 -0.0085471423644360393 -0.032426334673676727 0.014285439430736784 -0.013840342008444105 0.0063783562202592587
leaf_weight=18818.890740951523 30330.439835241064 7429.0528284776956 3636.7611454129219 870.56267697550356 923.25626150518656 1146.9909047931433 637.49537376314402 2384.1802840773016 34974.479078410193 652.22522229701281 726.8073928784579 590.58280898071826 4397.3351741395891 9058.7233283836395
leaf_count=123126 164164 39307 20894 4086 4601 5373 2934 12229 162723 3208 3640 2843 23408 47876
internal_value=-8.46274e-05 0.000348604 -5.00059e-05 0.000304965 -0.000912156 -0.00516145 0.00891355 -0.00746431 0.000339168 0.0127761 -0.0106386 -0.0133301 -0.0104883 0.00236981
internal_weight=116578 86247.3 78818.3 75181.5 47303.9 10754 1508.06 9245.9 36550 1575.48 6861.72 5714.73 4987.92 27877.6
internal_count=620412 456248 416941 396047 225045 54513 7020 47493 170532 7809 35264 29891 26251 171002
is_linear=0
shrinkage=0.05


Tree=245
num_leaves=15
num_cat=0
split_feature=73 68 73 71 71 68 68 69 73 68 73 14 68 69
split_gain=16.7622 61.6622 51.4465 75.9782 65.0967 75.675 70.8932 80.0531 69.3705 66.5049 46.8278 46.0107 45.5076 108.631
threshold=0.71822267770767223 0.057005966082215316 0.7626253366470338 0.045635942369699485 -0.0079321078956127149 0.049116047099232681 0.037829346954822547 0.099234916269779219 0.73714429140090953 0.05459547974169255 0.72511178255081188 0.12897664308547976 0.053736645728349693 -0.016943235881626603
decision_type=2 10 2 2 2 10 10 8 2 10 2 8 10 10
left_child=1 -1 3 4 -2 6 7 10 -7 -10 -6 -8 -4 -14
right_child=2 -3 12 -5 5 8 11 -9 9 -11 -12 -13 13 -15
leaf_value=0.00022245442015451661 0.013366431683478508 0.0185778805736025 0.0031334288521257395 0.017327004596921287 0.013992374334949091 0.013556630336671708 -0.020559890679743453 -0.018046939988487696 0.0055988821633642296 -0.01691116457152082 -0.0036929069547979457 -0.0020256299596875908 -0.023802388563990824 -0.00037922666154386535
leaf_weight=95383.154876863584 425.26222560554743 449.74893733859062 7721.4997248984873 375.00342865847051 458.45606052689254 753.21676772274077 1669.7925980295986 845.02932565659285 664.00803861767054 631.59698565676808 1852.2674483899027 421.13306984677911 546.97227703034878 4451.7356286998838
leaf_count=501102 2022 2161 42544 1805 2917 3872 10404 5152 3446 3325 12865 2236 2855 23999
internal_value=3.11589e-05 0.000310527 -0.00125453 -0.00436771 -0.00544249 -0.00655568 -0.00973289 -0.00497608 0.00158838 -0.00542006 -0.000138908 -0.0168543 0.000728725 -0.00298466
internal_weight=116649 95832.9 20816 8095.77 7720.76 7295.5 5246.68 3155.75 2048.82 1295.61 2310.72 2090.93 12720.2 4998.71
internal_count=620705 503263 117442 48044 46239 44217 33574 20934 10643 6771 15782 12640 69398 26854
is_linear=0
shrinkage=0.05


Tree=246
num_leaves=15
num_cat=0
split_feature=22 14 54 71 69 68 68 72 72 72 69 72 74 69
split_gain=21.4701 19.9694 30.2967 34.002 54.8336 33.8746 44.9304 107.161 31.223 134.338 112.58 54.1659 57.8349 52.3805
threshold=97.004173278808608 -0.18616899847984311 0.26893828809261328 -0.037121023982763283 0.032231312245130546 0.064594607800245299 0.049116047099232681 0.0073252643924206504 0.014730440452694895 0.013739499729126694 -0.067468378692865358 0.015731807798147205 0.0017254241975024345 -0.038954747840762131
decision_type=10 8 8 2 8 8 10 10 10 8 10 8 2 10
left_child=1 -1 5 4 -4 6 8 -8 9 10 -3 12 -10 -13
right_child=-2 2 3 -5 -6 -7 7 -9 11 -11 -12 13 -14 -15
leaf_value=0.0023449470095122256 -0.0085785067027242604 0.024355057815085877 0.0015752026632748735 0.00023883582577467427 0.018008888211319244 -0.015182644244614138 0.018827175979764452 -0.0069872588922366575 0.021103565444630559 -0.017525385947300635 -0.0019732041724130423 -0.0030097251452599672 -0.00090680144611440111 0.0083715224605864832
leaf_weight=8750.1869925148785 715.50616854056716 403.10764198377728 1836.4195982925594 69750.156521896832 692.6783085744828 427.05636944063008 864.39306253753603 736.66561246104538 641.40896615386009 1377.1936396919191 23795.140847297385 4764.4167647901922 549.35589656420052 1272.560341976583
leaf_count=36609 4645 1942 8127 367648 3040 2892 5693 4266 2952 6905 145056 21778 2687 6157
internal_value=-3.97135e-06 4.97171e-05 -0.000137989 0.000445767 0.00612932 -0.00134913 -0.00117306 0.00698001 -0.001573 -0.00239285 -0.00152473 0.00132737 0.0110262 -0.000600746
internal_weight=116576 115861 107111 72279.3 2529.1 34831.3 34404.2 1601.06 32803.2 25575.4 24198.2 7227.74 1190.76 6036.98
internal_count=620397 615752 579143 378815 11167 200328 197436 9959 187477 153903 146998 33574 5639 27935
is_linear=0
shrinkage=0.05


Tree=247
num_leaves=15
num_cat=0
split_feature=57 2 27 70 73 73 73 70 84 70 69 73 19 54
split_gain=19.8497 22.66 28.6026 33.5312 61.1779 233.724 108.067 55.565 99.0538 59.475 45.4467 125.831 43.7577 43.5259
threshold=0.20129700750112536 0.056202009320259101 1.3273023366928103 0.0085090477950871008 0.45992848277091986 0.44426245987415319 0.4224491566419602 0.010766891296952965 2.5000000000000004 0.0097987498156726378 0.011493782978504898 0.28004266321659094 -0.0026389886625111099 0.54686707258224498
decision_type=8 2 2 2 2 2 2 2 2 2 10 2 10 8
left_child=1 2 3 -1 5 6 7 9 10 -5 11 12 -9 -6
right_child=-2 -3 -4 4 13 -7 -8 8 -10 -11 -12 -13 -14 -15
leaf_value=4.6596341540464854e-05 -0.0037030631248203176 0.0022868249884074069 0.0018313730638321757 -0.0001432318925288578 -0.0081431480390840565 0.036449389292795509 -0.0202767517931535 0.010010686525997178 -0.013279189872053274 0.023831905501989558 -0.0043777765465502017 0.03045217660113524 -0.0116054950222375 -0.0010581024921740444
leaf_weight=69714.717957818881 3323.6073147589341 11774.400271102786 17143.197331929579 534.15377117134631 5159.1620358740911 430.70249536260962 656.39389154873788 452.94137720949948 1203.0383270923048 491.3500364869833 896.90138867683709 479.69193935208023 463.73282473534346 3739.1075903251767
leaf_count=393317 15343 48056 87715 2558 30241 2124 3474 1966 5776 2288 4401 2164 2128 18569
internal_value=9.95802e-05 0.000211605 -2.96511e-05 -0.000408631 -0.00259477 0.00149344 -0.00147871 0.00128877 -0.00171968 0.0114632 0.00437571 0.00998932 -0.000931873 -0.0051705
internal_weight=116463 113139 101365 84221.9 14507.2 5608.91 5178.2 4521.81 3496.31 1025.5 2293.27 1396.37 916.674 8898.27
internal_count=620120 604777 556721 469006 75689 26879 24755 21281 16435 4846 10659 6258 4094 48810
is_linear=0
shrinkage=0.05


Tree=248
num_leaves=15
num_cat=0
split_feature=73 69 72 69 69 74 72 74 73 71 73 69 69 58
split_gain=27.7853 69.1137 55.9533 72.6354 82.7386 72.3716 67.829 64.1691 80.5483 86.9771 72.0333 140.094 70.7323 61.8158
threshold=0.68223786354064953 0.1405192241072655 0.016811436042189602 -0.011117002926766871 -0.0020994962542317803 0.012607926037162544 0.01230259705334902 -0.011121466290205715 0.78874629735946666 -0.0079321078956127149 0.8108845353126527 0.15252932161092761 0.15252932161092761 0.0067897792905569085
decision_type=2 10 10 8 8 2 10 2 2 2 2 8 10 2
left_child=1 -1 3 6 -5 -4 -2 -6 9 -9 11 13 -11 -10
right_child=2 -3 5 4 7 -7 -8 8 10 12 -12 -13 -14 -15
leaf_value=0.00024818702971954987 0.0023545693156961393 0.01824967191234354 -0.01693105100581924 -0.020403444296925248 0.012634987188996369 0.0054793129461110923 0.024494552347038852 0.017798962439349298 0.02525976938437979 -0.0034762464460299071 -0.00020209092862133248 -0.010458684199629581 -0.024782300201167298 0.002417372444996731
leaf_weight=86461.21662145853 1074.6584106385708 526.50884277746081 1186.6263450253755 556.63951890356839 814.77928259968758 509.66104739159346 501.90800596028566 461.45528474263847 1055.4463033601642 16615.208753235638 5376.8709873082116 553.34590493328869 389.25131848827004 413.36248674616218
leaf_count=449636 5216 2496 5770 3114 3977 2382 2204 2285 5961 100923 29476 3120 1985 1966
internal_value=-9.05396e-05 0.000359229 -0.00141605 -0.000876539 -0.00150424 -0.0102051 0.00951291 -0.00108679 -0.00154133 -0.00339303 0.00282842 0.0108478 -0.00397824 0.0188911
internal_weight=116497 86987.7 29509.2 27812.9 26236.4 1696.29 1576.57 25679.7 24864.9 17465.9 7399.03 2022.15 17004.5 1468.81
internal_count=620511 452132 168379 160227 152807 8152 7420 149693 145716 105193 40523 11047 102908 7927
is_linear=0
shrinkage=0.05


Tree=249
num_leaves=15
num_cat=0
split_feature=69 71 70 71 70 71 70 71 68 71 70 70 71 71
split_gain=22.3136 65.5362 69.3955 62.7906 101.032 87.2406 126.814 70.9341 86.901 81.8171 70.5246 58.0586 64.4009 59.6857
threshold=0.10332852974534036 0.044031837955117233 0.0066101797856390485 0.0089837969280779379 -0.0053473636507987967 0.0068225695285946139 0.0049661637749522933 0.02282422594726086 0.01952229626476765 0.018063968978822235 0.0039322245866060266 0.0079406942240893858 0.025396961718797687 -0.0041437128093093625
decision_type=8 2 2 2 2 2 2 2 8 2 2 2 2 2
left_child=-1 2 3 5 -5 6 10 8 -6 -10 -2 12 -4 -13
right_child=1 -3 11 4 7 -7 -8 -9 9 -11 -12 13 -14 -15
leaf_value=0.00035418633395547605 -0.0015820526217269256 0.013335165019283899 -0.023933752689693652 0.025674043569442542 0.022920726270604819 -0.013188130610426316 0.020187034383239315 -0.0078180663049011515 -0.0011450000042839128 0.010863964889884219 -0.023280277111979428 0.00909035158371054 0.00086530550546938783 -0.0063028031566361928
leaf_weight=87438.105544891208 9762.2853254750371 740.91593034751713 825.39779444038868 444.12147494778037 528.30572012253106 1701.2922932300717 650.96098946593702 1661.6642017401755 5263.7344476412982 1930.6452818270773 379.53942267224193 736.5035315323621 380.28978759050369 4042.3015596428886
leaf_count=463160 53084 3644 4698 2102 2762 9704 3385 8651 29410 9787 2306 3636 2036 22024
internal_value=-4.46936e-05 -0.00124508 -0.00163128 -0.00034845 0.00263994 -0.0026995 -0.00103547 0.00152367 0.00354121 0.00208827 -0.0024162 -0.00640778 -0.016169 -0.0039164
internal_weight=116486 29048 28307 22322.5 9828.47 12494.1 10792.8 9384.35 7722.69 7194.38 10141.8 5984.49 1205.69 4778.81
internal_count=620389 157229 153585 121191 52712 68479 58775 50610 41959 39197 55390 32394 6734 25660
is_linear=0
shrinkage=0.05


end of trees

feature_importances:
spy_c_sma200=453
spy_rv20=391
spy_ret5=370
spy_c_sma50=366
breadth50=357
univ_ret1=293
spy_ret1=269
atr_pct=215
relvol=116
dist_lo252=68
entry_weekday=68
dist_hi252=65
range20=56
hit3_60=39
rv20=34
atr_ratio=33
adx14=32
resist_room=31
bb_squeeze=20
hit3_20=19
sma50_200=19
gap_last=18
stoch_d=14
relvol5=12
sma20_slope=11
rsi14=11
c_sma200=10
roc1=10
dist_hi60=10
dist_lo60=10
gap_up_count20=9
fib_ext_room=7
macd_hist=6
roc60=6
bb_width=4
rsi2=4
roc20=4
rs5=4
rs20=4
rs_today=4
c_sma10=3
di_diff=3
roc5=3
dist_lo20=3
gap_dn_count20=3
close_loc=3
c_sma50=2
dist_hi20=2
fib_retr=2
stoch_k=1
log_dollar_vol=1
rs60=1
ew_w5=1

parameters:
[boosting: gbdt]
[objective: binary]
[metric: binary_logloss]
[tree_learner: serial]
[device_type: cpu]
[data_sample_strategy: bagging]
[data: ]
[valid: ]
[num_iterations: 250]
[learning_rate: 0.05]
[num_leaves: 15]
[num_threads: 4]
[seed: 7]
[deterministic: 0]
[force_col_wise: 0]
[force_row_wise: 0]
[histogram_pool_size: -1]
[max_depth: -1]
[min_data_in_leaf: 2000]
[min_sum_hessian_in_leaf: 0.001]
[bagging_fraction: 0.7]
[pos_bagging_fraction: 1]
[neg_bagging_fraction: 1]
[bagging_freq: 1]
[bagging_seed: 17422]
[bagging_by_query: 0]
[feature_fraction: 0.6]
[feature_fraction_bynode: 1]
[feature_fraction_seed: 7040]
[extra_trees: 0]
[extra_seed: 6516]
[early_stopping_round: 0]
[early_stopping_min_delta: 0]
[first_metric_only: 0]
[max_delta_step: 0]
[lambda_l1: 0]
[lambda_l2: 10]
[linear_lambda: 0]
[min_gain_to_split: 0]
[drop_rate: 0.1]
[max_drop: 50]
[skip_drop: 0.5]
[xgboost_dart_mode: 0]
[uniform_drop: 0]
[drop_seed: 15215]
[top_rate: 0.2]
[other_rate: 0.1]
[min_data_per_group: 100]
[max_cat_threshold: 32]
[cat_l2: 10]
[cat_smooth: 10]
[max_cat_to_onehot: 4]
[top_k: 20]
[monotone_constraints: ]
[monotone_constraints_method: basic]
[monotone_penalty: 0]
[feature_contri: ]
[forcedsplits_filename: ]
[refit_decay_rate: 0.9]
[cegb_tradeoff: 1]
[cegb_penalty_split: 0]
[cegb_penalty_feature_lazy: ]
[cegb_penalty_feature_coupled: ]
[path_smooth: 0]
[interaction_constraints: ]
[verbosity: -1]
[saved_feature_importance_type: 0]
[use_quantized_grad: 0]
[num_grad_quant_bins: 4]
[quant_train_renew_leaf: 0]
[stochastic_rounding: 1]
[linear_tree: 0]
[max_bin: 255]
[max_bin_by_feature: ]
[min_data_in_bin: 3]
[bin_construct_sample_cnt: 200000]
[data_random_seed: 61]
[is_enable_sparse: 1]
[enable_bundle: 1]
[use_missing: 1]
[zero_as_missing: 0]
[feature_pre_filter: 1]
[pre_partition: 0]
[two_round: 0]
[header: 0]
[label_column: ]
[weight_column: ]
[group_column: ]
[ignore_column: ]
[categorical_feature: ]
[forcedbins_filename: ]
[precise_float_parser: 0]
[parser_config_file: ]
[objective_seed: 15521]
[num_class: 1]
[is_unbalance: 0]
[scale_pos_weight: 1]
[sigmoid: 1]
[boost_from_average: 1]
[reg_sqrt: 0]
[alpha: 0.9]
[fair_c: 1]
[poisson_max_delta_step: 0.7]
[tweedie_variance_power: 1.5]
[lambdarank_truncation_level: 30]
[lambdarank_norm: 1]
[label_gain: ]
[lambdarank_position_bias_regularization: 0]
[eval_at: ]
[multi_error_top_k: 1]
[auc_mu_weights: ]
[num_machines: 1]
[local_listen_port: 12400]
[time_out: 120]
[machine_list_filename: ]
[machines: ]
[gpu_platform_id: -1]
[gpu_device_id: -1]
[gpu_device_id_list: ]
[gpu_use_dp: 0]
[num_gpu: 1]

end of parameters

pandas_categorical:null
