tree
version=v4
num_class=1
num_tree_per_iteration=1
label_index=0
max_feature_idx=84
objective=binary sigmoid:1
feature_names=atr_pct rv20 range20 hit3_20 hit3_60 atr_ratio bb_pctb bb_width bb_squeeze c_sma10 c_sma20 c_sma50 c_sma200 sma20_slope sma50_200 adx14 di_diff rsi2 rsi14 macd_hist macd_cross_up stoch_k stoch_d roc1 roc5 roc20 roc60 relvol relvol5 obv_slope updown_vol log_dollar_vol cdl_doji cdl_hammer cdl_inv_hammer cdl_shooting_star cdl_hanging_man cdl_bull_engulf cdl_bear_engulf cdl_piercing cdl_dark_cloud cdl_morning_star cdl_evening_star cdl_three_white cdl_three_black cdl_bull_harami cdl_bear_harami cdl_bull_marubozu cdl_bear_marubozu dist_hi20 dist_lo20 dist_hi60 dist_lo60 dist_hi252 dist_lo252 breakout20 support_test resist_room gap_last gap_up_count20 gap_dn_count20 gap_up_held gap_dn_filled close_loc rs5 rs20 rs60 rs_today spy_c_sma50 spy_c_sma200 spy_ret1 spy_ret5 spy_rv20 breadth50 univ_ret1 fib_retr fib_near fib_golden fib_room_up fib_ext_room ew_w3 ew_w4 ew_w5 ew_abc entry_weekday
feature_infos=[0.00084742775652557611:3.3942763805389404] [0.0001065555406967178:1.3654611110687256] [9.5283467089757323e-05:0.65629518032073975] [0:1] [0:0.86666667461395264] [0.01710350438952446:2.7999999523162842] [-0.56213229894638062:1.5621322393417358] [0:46.237895965576172] [0:1] [-0.88096392154693604:8.8033981323242188] [-0.90605330467224121:18.187648773193359] [-0.91932153701782227:44.078125] [-0.9985547661781311:137.55917358398438] [-0.64780217409133911:22.388889312744141] [-0.99561536312103271:2.9648945331573486] [5.5665273666381836:85.847030639648438] [-100:100] [0:99.999740600585938] [0:100] [-1.5036938190460205:0.42668205499649048] [0:1] [0:100] [0:100] [-0.82511210441589355:447.77777099609375] [-0.92793148756027222:447.77777099609375] [-0.93071073293685913:2207.6513671875] [-0.95143914222717285:2207.6513671875] [0:20] [0:4] [-2:2] [-18.74339485168457:17.058595657348633] [16.811246871948242:24.717254638671875] [0:1] [0:1] [0:1] [0:1] [0:1] [0:1] [0:1] [0:1] [0:1] [0:1] [0:1] [0:1] [0:1] [0:1] [0:1] [0:1] [0:1] [-0.9751209020614624:0] [0:486.11111450195312] [-0.99338233470916748:0] [0:2207.6513671875] [-0.99984055757522583:0] [0:2227.498046875] [0:1] [0:1] [0.00100020004902035:21.298254013061523] [-0.8275267481803894:454.5555419921875] [0:15] [0:15] [0:1] [0:1] [0:1] [-0.96095865964889526:447.80355834960938] [-1.0128580331802368:2207.657958984375] [-1.0223566293716431:2207.611572265625] [-0.83038818836212158:447.78298950195312] [-0.27945837378501892:0.13230858743190765] [-0.26594445109367371:0.17232657968997955] [-0.10782753676176071:0.10501933842897415] [-0.15625929832458496:0.17460031807422638] [0.0019243131391704082:0.055708035826683044] [0:0.9513055682182312] [-0.13294798135757446:0.10407586395740509] [-0.26315790414810181:797.26776123046875] [0:9.9625205993652344] [0:1] [-0.99715101718902588:9.9625205993652344] [-0.99681037664413452:26.686052322387695] [0:1] [0:1] [0:0] [0:1] [0:4]
tree_sizes=1782 1806 1809 1814 1811 1809 1825 1807 1842 1808 1823 1809 1818 1813 1817 1834 1811 1818 1825 1820 1830 1839 1818 1834 1814 1828 1822 1830 1830 1833 1817 1809 1819 1828 1826 1814 1842 1834 1830 1830 1834 1831 1840 1835 1827 1820 1830 1830 1832 1828 1843 1842 1826 1837 1831 1831 1835 1827 1827 1817 1828 1824 1832 1814 1825 1833 1821 1836 1830 1838 1830 1817 1830 1832 1842 1821 1835 1832 1822 1838 1824 1839 1818 1837 1841 1829 1824 1825 1820 1820 1834 1824 1830 1812 1814 1824 1818 1844 1843 1828 1837 1827 1848 1826 1836 1844 1824 1834 1833 1832 1848 1829 1824 1830 1837 1820 1827 1841 1836 1844 1838 1829 1844 1829 1811 1812 1818 1817 1832 1818 1832 1826 1845 1829 1831 1848 1835 1818 1824 1851 1812 1829 1831 1819 1829 1820 1848 1821 1838 1833 1842 1832 1832 1805 1833 1825 1832 1835 1836 1825 1853 1826 1839 1825 1830 1829 1833 1827 1837 1813 1818 1824 1822 1822 1837 1831 1831 1831 1824 1826 1826 1826 1823 1825 1815 1840 1817 1831 1833 1837 1829 1826 1824 1831 1851 1831 1853 1820 1818 1842 1832 1822 1839 1815 1823 1837 1821 1854 1829 1840 1833 1833 1846 1839 1823 1822 1811 1828 1838 1829 1839 1827 1824 1812 1827 1827 1825 1831 1848 1831 1819 1824 1839 1828 1828 1843 1815 1838 1811 1816 1840 1844 1844 1814 1845 1817 1815 1836 1817 1832

Tree=0
num_leaves=15
num_cat=0
split_feature=3 57 7 3 73 78 18 7 69 69 7 73 69 73
split_gain=15047.6 3397.62 1199.79 872.143 841.496 689.611 666.405 442.3 394.807 361.492 361.349 324.111 285.109 223.375
threshold=0.075000001117587103 0.026974114589393142 0.065696284174919142 0.17500000447034839 0.31674617528915411 1.0000000180025095e-35 56.738557815551765 0.10123781487345697 -0.012004304677247999 -0.0093253590166568739 0.02783850580453873 0.31674617528915411 0.034159434959292419 0.15441858023405078
decision_type=2 10 2 2 2 10 2 2 10 8 2 2 8 2
left_child=1 2 10 6 12 -4 11 -6 -5 -7 -1 -2 13 -3
right_child=3 4 5 8 7 9 -8 -9 -10 -11 -12 -13 -14 -15
leaf_value=-0.54477278288464803 -0.45374196441286069 -0.45192180121854109 -0.51036895256704384 -0.45331185904856841 -0.49439606060247349 -0.4752363127829487 -0.4821744766947032 -0.48040188753135904 -0.46424844711156688 -0.49710506564231549 -0.5149632187798393 -0.4699497347612499 -0.43657670170598439 -0.47807373202854253
leaf_weight=1094.3551540225744 3829.1810166090727 1170.8207718580961 11046.449717313051 11639.294260531664 12089.827792778611 2100.4444405436516 10944.259555205703 10581.755885466933 28735.259971603751 18359.300440311432 15313.183991536498 15922.784889280796 758.04803854227066 2660.0122797042131
leaf_count=4637 16225 4961 46806 49318 51227 8900 46373 44837 121757 77792 64885 67468 3212 11271
internal_value=-0.482413 -0.498006 -0.506023 -0.465919 -0.483913 -0.500303 -0.472276 -0.487866 -0.461089 -0.494858 -0.516988 -0.466795 -0.46441 -0.470023
internal_weight=146245 75174.2 47913.7 71070.8 27260.5 31506.2 30696.2 22671.6 40374.6 20459.7 16407.5 19752 4588.88 3830.83
internal_count=619669 318528 203020 301141 115508 133498 130066 96064 171075 86692 69522 83693 19444 16232
is_linear=0
shrinkage=1


Tree=1
num_leaves=15
num_cat=0
split_feature=0 0 0 0 0 73 73 70 71 0 71 0 73 73
split_gain=22395.5 3227.54 2189.29 520.335 458.751 398.299 373.653 279.72 293.392 227.497 224.924 212.403 210.655 150.546
threshold=0.023672539740800861 0.017069246619939808 0.031245037913322452 0.020160989835858349 0.014589797705411913 0.31674617528915411 0.31674617528915411 -0.044312106445431702 0.047184959053993232 0.037858679890632636 -0.0083502870984375459 0.026715530082583431 0.68766510486602794 0.077547188848257079
decision_type=2 2 2 2 2 2 2 2 2 2 2 2 2 2
left_child=1 4 6 10 -1 7 -2 -4 13 -7 -3 -8 -5 -9
right_child=2 3 5 12 -6 9 11 8 -10 -11 -12 -13 -14 -15
leaf_value=-0.051904682805350148 0.018400201256200784 -0.01145394231211677 -0.0083653656740759509 -0.0083907003279455258 -0.035870483690652787 0.013202740930140143 -0.0024580451541292765 0.04522635230241432 0.0026208129181510336 0.020485982529397699 -0.026962384497059066 0.0060746618444195684 -0.0204720124581701 0.029415023249326377
leaf_weight=8521.3258410990238 4040.6154430657625 2898.3890892714262 493.65623603761196 13543.287607133389 9667.409633025527 16061.064355522394 13351.304974198341 1877.4909615516663 906.95078146457672 32765.226432025433 12563.872882455587 16052.857286736369 4924.3968334197998 8570.5580003261566
leaf_count=36385 17067 12318 2078 57537 41199 67911 56664 7904 3818 138264 53496 68011 20942 36111
internal_value=-0.000124375 -0.0264158 0.0144357 -0.0172974 -0.0434068 0.0200967 0.00416281 0.0283296 0.0299309 0.0180934 -0.0240646 0.00220077 -0.0116215 0.0322968
internal_weight=146238 52118.7 94119.7 33929.9 18188.7 60674.9 33444.8 11848.7 11355 48826.3 15462.3 29404.2 18467.7 10448
internal_count=619705 221877 397828 144293 77584 256086 141742 49911 47833 206175 65814 124675 78479 44015
is_linear=0
shrinkage=0.05


Tree=2
num_leaves=15
num_cat=0
split_feature=0 0 0 69 0 73 71 73 69 0 71 70 69 74
split_gain=20414.1 2475.3 2463.81 489.473 474.702 380.788 356.638 346.62 386.343 243.317 233.698 241.965 302.269 216.295
threshold=0.022679515182971958 0.017323902808129791 0.02924523409456015 -0.012004304677247999 0.013799453154206278 0.46266341209411627 -0.0083502870984375459 0.31674617528915411 0.039528355002403266 0.033516874536871917 0.047184959053993232 -0.044312106445431702 -0.13227118551731107 -0.016549087129533287
decision_type=2 2 2 10 2 2 2 2 10 2 2 2 8 2
left_child=1 4 6 10 -1 -3 -2 8 -5 -9 11 -4 13 -13
right_child=2 5 3 7 -6 -7 -8 9 -10 -11 -12 12 -14 -15
leaf_value=-0.052603855695172154 0.011007850376896007 -0.0065697903849466811 -0.0076351219451993068 0.021144796070130405 -0.035621448842957391 -0.020777860277885966 -0.0017872753249705492 0.0079154863195225415 0.061722525231160445 0.016419796464725449 0.0055385122180889677 0.075864795210205019 0.025417804287872322 0.035373298730763475
leaf_weight=6115.4612290710211 7030.6901274174452 6065.1361480653286 497.76924002170563 2278.1023739278316 13085.347889617085 21376.75934022665 24036.11685308814 11042.589834079146 789.90273547172546 35686.068011745811 1434.3491145372391 493.72626250982285 15241.005934506655 1075.5584809631109
leaf_count=26483 29750 25849 2099 9554 56313 91403 101988 46639 3307 150061 6030 2060 63916 4494
internal_value=8.82761e-06 -0.0272863 0.0127919 0.0180855 -0.0410549 -0.0176412 0.00111098 0.0154871 0.0317587 0.0144122 0.0249773 0.0265841 0.0276013 0.0485124
internal_weight=146249 46642.7 99605.9 68539.1 19200.8 27441.9 31066.8 49796.7 3068.01 46728.7 18742.4 17308.1 16810.3 1569.28
internal_count=619946 200048 419898 288160 82796 117252 131738 209561 12861 196700 78599 72569 70470 6554
is_linear=0
shrinkage=0.05


Tree=3
num_leaves=15
num_cat=0
split_feature=0 0 0 0 73 71 0 0 71 73 71 68 68 54
split_gain=18353.9 2350.39 2259.87 503.194 386.062 378.491 267.38 266.327 244.424 169.281 159.698 202.774 216.752 144.636
threshold=0.022569926455616954 0.030439008027315143 0.016011931002140049 0.018936314620077613 0.62452375888824474 -0.0083502870984375459 0.012092667631804945 0.025862025097012523 -0.0083502870984375459 0.46266341209411627 0.0011586637701839211 0.051407679915428169 0.023331013508141044 0.49315090477466589
decision_type=2 2 2 2 2 2 2 2 2 2 2 10 10 8
left_child=2 5 6 9 -3 13 -1 -7 -5 -4 11 12 -6 -2
right_child=1 4 3 8 10 7 -8 -9 -10 -11 -12 -13 -14 -15
leaf_value=-0.057786567932139876 0.0068756504768496211 0.020643587896757978 -0.014818479551453038 -0.0025820773958444947 0.0065138214433281038 -0.0062195392007262321 -0.039979043540889193 0.0035461815932043648 -0.016739861950121115 -0.029241859008050122 0.01022671526228257 -0.0074511558657899268 0.029590381265083589 0.021377623543108296
leaf_weight=2716.1276660859585 5816.6197585016489 40739.970724090934 2540.621731877327 3833.5758001059294 1420.0654071718454 13025.572315990925 10579.853906348348 15022.869547277689 14954.681241080165 10922.46037620306 17725.577852904797 601.71017627418041 3641.3070669919252 2441.0425316691399
leaf_count=11960 24528 170423 10924 16367 5953 55412 46168 63570 64195 47211 74312 2520 15261 10309
internal_value=8.75195e-06 0.0119478 -0.0263145 -0.0191534 0.0177023 0.00178139 -0.0436575 -0.000989576 -0.013854 -0.026533 0.0125724 0.0198835 0.0231414 0.0111832
internal_weight=145982 100435 45547.3 32251.3 64128.6 36306.1 13296 28048.4 18788.3 13463.1 23388.7 5663.08 5061.37 8257.66
internal_count=619113 422288 196825 138697 268469 153819 58128 118982 80562 58135 98046 23734 21214 34837
is_linear=0
shrinkage=0.05


Tree=4
num_leaves=15
num_cat=0
split_feature=0 0 0 71 73 73 0 0 69 59 70 69 0 71
split_gain=16624.4 2350.48 1926.17 374.293 361.633 322.492 299.61 270.637 205.23 189.474 183.663 250.778 172.023 145.48
threshold=0.02224407717585564 0.02924523409456015 0.016425644047558311 -0.0083502870984375459 0.62452375888824474 0.45833182334899908 0.013076737057417633 0.018823569640517238 -0.12024196237325667 1.5000000000000002 -0.0071474877186119548 -0.02913612965494394 0.026591176167130474 -0.010008481796830891
decision_type=2 2 2 2 2 2 2 2 10 10 2 8 2 2
left_child=2 5 6 -4 8 -2 -1 -5 -3 -10 -6 -12 -7 -13
right_child=1 4 3 7 10 12 -8 -9 9 -11 11 13 -14 -15
leaf_value=-0.051747706803346394 0.0080496759512763711 0.028741240548671561 -0.0067863246514413616 -0.027891472267339009 0.025015488201068942 -0.0060281777587258964 -0.035949743458579507 -0.016818499835814349 0.015092994090367438 0.022395054207256144 0.039101240411539638 0.025653884958832664 0.0028641266695135052 0.0081381927731908141
leaf_weight=4313.774977311492 9020.5712948590517 4756.6860014349222 5605.4876609891653 9164.0749131590128 2251.6793328523636 16051.641300827265 10542.73674453795 14070.444404512644 24977.008706375957 13916.927156016231 711.38264997303486 1248.8747510612011 8215.8891840726137 21147.057875365019
leaf_count=19283 38100 19721 24047 39895 9403 68361 46439 60695 104248 57966 2968 5219 34742 88500
internal_value=-0.000131497 0.0108957 -0.0259438 -0.0183986 0.0161589 -1.70961e-05 -0.0405686 -0.021196 0.0189192 0.0177109 0.0114021 0.0100653 -0.00301771 0.00912594
internal_weight=145994 102298 43696.5 28840 69009.6 33288.1 14856.5 23234.5 43650.6 38893.9 25359 23107.3 24267.5 22395.9
internal_count=619587 429228 190359 124637 288025 141203 65722 100590 181935 162214 106090 96687 103103 93719
is_linear=0
shrinkage=0.05


Tree=5
num_leaves=15
num_cat=0
split_feature=1 4 1 73 73 73 4 73 4 1 4 1 73 68
split_gain=11433.1 2581.42 1255.51 793.353 533.066 351.57 332.907 330.747 310.785 289.543 226.796 163.836 153.753 118.604
threshold=0.01416979916393757 0.075000002980232253 0.010144957806915047 0.31674617528915411 0.62452375888824474 0.64153727889060985 0.17500000447034839 0.46266341209411627 0.058333335444331176 0.0071542980149388322 0.025000001303851608 0.02047015726566315 0.46266341209411627 -0.028108102269470688
decision_type=10 8 8 2 2 2 8 2 8 10 10 10 2 10
left_child=2 3 9 13 11 10 -6 -4 -9 -1 -5 -3 -11 -2
right_child=1 4 7 5 6 -7 -8 8 -10 12 -12 -13 -14 -15
leaf_value=-0.047440098764710399 0.011386346084897522 0.011124513741456617 -0.0050889648536808938 -0.0095065885237594003 0.0027668130895667459 -0.013647151345173986 0.013500455625273461 -0.022010399816129424 -0.0063816392072572475 -0.017138042124085977 0.0020362542723437486 0.019262244516619429 -0.032898515418561362 0.030404040489097041
leaf_weight=3210.8352146297693 4402.7589514255524 7600.2143322229385 5650.1003414988518 6465.4143916368484 12365.030362039804 9660.5095938444138 17385.305266141891 15631.423820495605 4005.802331879735 1881.608815357089 12405.42759115994 34427.786353334785 9752.1933005303144 1006.2496592402458
leaf_count=14549 18380 31896 24267 27713 52084 41383 72490 68265 17196 8278 52544 142901 43313 4217
internal_value=0.000170717 0.00879594 -0.022547 -0.0025658 0.0141679 -0.00589506 0.0090417 -0.0157608 -0.0188272 -0.0340888 -0.00192143 0.0177936 -0.0303664 0.0149738
internal_weight=145851 105719 40132 33940.4 71778.3 28531.4 29750.3 25287.3 19637.2 14844.6 18870.8 42028 11633.8 5409.01
internal_count=619476 443608 175868 144237 299371 121640 124574 109728 85461 66140 80257 174797 51591 22597
is_linear=0
shrinkage=0.05


Tree=6
num_leaves=15
num_cat=0
split_feature=1 4 1 68 68 4 1 4 68 4 68 49 69 18
split_gain=10182.5 2136.34 1243.88 651.452 432.289 313.318 298.91 289.602 232.93 231.1 174.668 171.865 157.172 133.361
threshold=0.014336128253489734 0.091666668653488173 0.010248414706438782 0.0050384802743792543 0.0064889176283031711 0.041666667908430106 0.0075906242709606895 0.025000001303851608 -0.015869936905801293 0.17500000447034839 -0.01731143984943628 -0.079230133444070802 -0.048130543902516358 57.288629531860359
decision_type=10 8 8 10 10 10 10 8 10 8 10 2 8 2
left_child=2 3 6 11 -3 -5 -1 8 -4 -6 -8 -2 -11 -7
right_child=1 4 7 5 9 13 10 -9 -10 12 -12 -13 -14 -15
leaf_value=-0.043917535427525183 0.012601617150265877 0.019404045646469387 -0.0020790840620548796 -0.012090180262916084 0.0060286483676750616 0.0030735885121572809 -0.0026231800761034496 -0.0090374637484279628 -0.022120293231317908 0.036193960473260726 -0.029694010730604327 0.0018553855119970799 0.012991205486943047 -0.0071944915999372144
leaf_weight=4195.1882395446301 7540.808976650238 22381.716986879706 1657.9584853202105 11244.335977971554 15860.685263231397 8405.8066809922457 634.3028816729784 12570.222802519798 11662.696464389563 744.53971832990646 10374.840957373381 7342.7286127954721 26055.607208818197 5055.75547093153
leaf_count=19248 31470 92542 7125 48376 66460 35512 2782 54318 51308 3072 46422 31040 108200 21561
internal_value=-8.13306e-05 0.00820178 -0.0211677 -0.000955852 0.0137751 -0.00593326 -0.032518 -0.0144924 -0.0196293 0.010818 -0.0281381 0.00730482 0.0136491 -0.00078527
internal_weight=145727 104632 41095.2 39589.4 65042.5 24705.9 15204.3 25890.9 13320.7 42660.8 11009.1 14883.5 26800.1 13461.6
internal_count=619436 438233 181203 167959 270274 105449 68452 112751 58433 177732 49204 62510 111272 57073
is_linear=0
shrinkage=0.05


Tree=7
num_leaves=15
num_cat=0
split_feature=0 0 0 71 0 71 70 68 0 68 70 0 71 68
split_gain=13214.3 1742.64 1602.36 367.278 327.883 272.524 306.553 233.816 222.819 201.341 462.043 201.319 161.885 154.79
threshold=0.022464861162006858 0.016011931002140049 0.031078317202627662 -0.0083502870984375459 0.019055491313338283 0.0013466962263919415 -0.044312106445431702 0.01949337869882584 0.011147324927151205 -0.087453853338956819 -0.0099967392161488516 0.025862025097012523 0.055280340835452087 0.051407679915428169
decision_type=2 2 2 2 2 2 2 10 2 10 2 2 2 10
left_child=1 8 3 -2 -3 6 -4 12 -1 10 -8 -5 -7 -11
right_child=2 4 5 11 -6 7 9 -9 -10 13 -12 -13 -14 -15
leaf_value=-0.05634493492756313 0.010899005256791307 -0.02227117000085975 -0.017738641306679109 -0.0051890109687269727 -0.011918681385977681 0.018882161641061337 0.060346467965044275 0.0088030092711468329 -0.035897187217632687 0.018816759439883663 0.012330964287270034 0.003027549490475998 -0.00072072192876202488 -0.006969787627865022
leaf_weight=1547.6118357479572 9018.0913745462894 13668.251040801406 558.49724669754505 13318.696042910218 17470.450922295451 12285.893649250269 929.6538510620594 21699.041066974401 11199.225049421191 24202.09107004106 1087.3905879110098 16907.05454261601 1151.0635639578104 591.52507124841213
leaf_count=7301 37838 60596 2319 56962 75968 50702 3792 90104 51172 99932 4449 71263 4759 2458
internal_value=7.77781e-05 -0.0228524 0.0099691 0.00204952 -0.0164686 0.0149403 0.018684 0.0120196 -0.038422 0.0194491 0.0346498 -0.00059352 0.0172036 0.018199
internal_weight=145635 43885.5 101749 39243.8 31138.7 62505.2 27369.2 35136 12746.8 26810.7 2017.04 30225.8 13437 24793.6
internal_count=619615 195037 424578 166063 136564 258515 112950 145565 58473 110631 8241 128225 55461 102390
is_linear=0
shrinkage=0.05


Tree=8
num_leaves=15
num_cat=0
split_feature=4 51 4 4 51 71 71 71 69 74 51 4 71 69
split_gain=8266.66 1871.78 770.256 562.094 391.444 333.982 310.095 258.937 216.472 189.032 177.004 161.727 156.493 156.154
threshold=0.058333335444331176 -0.077231947332620607 0.12500000372529033 0.025000001303851608 -0.064014989882707582 -0.011068730149418114 -0.0069472836330533019 0.0013466962263919415 -0.0042636860162019721 -0.019179445691406723 -0.039605116471648209 1.0000000180025095e-35 -0.0083502870984375459 -0.048130543902516358
decision_type=8 10 8 10 10 2 2 2 8 2 10 10 2 10
left_child=1 6 4 5 -2 -3 -1 13 -8 -9 -7 -10 -5 -4
right_child=2 3 7 12 -6 10 8 9 11 -11 -12 -13 -14 -15
leaf_value=0.0049694675688197352 0.008272872671666277 -0.010958117178356498 0.025153013677113367 -0.0013104094541436142 -0.0033799901165699241 -0.021871303290776706 0.010191039692443893 -0.018701131814540996 -0.018044948716418093 0.011179601730723182 -0.031797455683615548 -0.0059229151151915958 -0.015537151896826924 0.015327087903415682
leaf_weight=7867.2933775186539 17855.710308611393 3235.5979779213667 5337.1714106351137 2334.493462190032 12072.277338713408 7046.9291882514954 1597.5896085351706 529.46956896781921 3761.7117656618357 32146.663360908628 12978.330210387707 10241.486847683787 11283.197841897607 17130.643275350332
leaf_count=33293 74548 14383 21896 10042 51476 31557 6726 2183 16644 133177 59251 44085 49449 70655
internal_value=-7.60368e-06 -0.0141607 0.0100325 -0.0211839 0.00357281 -0.0259082 -0.00311993 0.0135371 -0.00719989 0.0106899 -0.0283171 -0.00918984 -0.013101 0.0176714
internal_weight=145419 60346.6 85071.9 36878.5 29928 23260.9 23468.1 55143.9 15600.8 32676.1 20025.3 14003.2 13617.7 22467.8
internal_count=619365 265430 353935 164682 126024 105191 100748 227911 67455 135360 90808 60729 59491 92551
is_linear=0
shrinkage=0.05


Tree=9
num_leaves=15
num_cat=0
split_feature=0 0 0 0 69 71 0 0 73 73 71 73 71 69
split_gain=10813.8 1574.61 1286.74 356.413 289.124 250.557 199.811 179.318 178.954 154.681 154.434 146.113 142.699 397.105
threshold=0.022464861162006858 0.015726108103990558 0.028274084441363815 0.019055491313338283 -0.012004304677247999 -0.0083502870984375459 0.011147324927151205 0.033714730292558677 0.68766510486602794 0.68766510486602794 0.047184959053993232 0.46266341209411627 -0.03858648054301738 -0.1383535638451576
decision_type=2 2 2 2 10 2 2 2 2 2 2 2 2 8
left_child=1 6 8 11 10 -6 -1 -7 -2 -5 12 -3 -4 -14
right_child=2 3 4 9 5 7 -8 -9 -10 -11 -12 -13 13 -15
leaf_value=-0.054281348875434857 0.0021697064061412959 -0.010641334146895014 0.009521308108885634 -0.0075222512899163711 0.016981986445724 0.0036620359597799496 -0.034307435846441199 0.010795822583440336 -0.0069449864338337226 -0.018172087436506792 0.0019648548089831676 -0.023433381235343654 0.061761660152560717 0.019234758520136872
leaf_weight=1470.0676214694977 20863.614492744207 2784.6902213096619 3429.0500675886869 12736.099356636405 11627.767813265324 12508.2132229954 9814.2882473468781 29888.398525550961 7247.5065397173166 4662.290385261178 1479.2574085742235 11780.554682314396 563.10067327320576 14508.302433460951
leaf_count=7171 88502 12308 14032 55617 47884 52272 45907 123316 30964 20543 6111 53229 2286 59528
internal_value=4.9928e-05 -0.0209026 0.00892493 -0.0152256 0.0123838 0.0104795 -0.0369553 0.00869251 -0.000181844 -0.0103849 0.0175251 -0.0209967 0.0187676 0.0208636
internal_weight=145363 43248 102115 31963.6 74004.1 54024.4 11284.4 42396.6 28111.1 17398.4 19979.7 14565.2 18500.5 15071.4
internal_count=619670 194775 424895 141697 305429 223472 53078 175588 119466 76160 81957 65537 75846 61814
is_linear=0
shrinkage=0.05


Tree=10
num_leaves=15
num_cat=0
split_feature=2 2 2 68 18 2 68 70 69 69 69 72 69 72
split_gain=8886.7 1351.64 1052.75 298.773 272.389 238.634 234.849 284.304 232.468 192.942 175.865 170.066 164.835 158.094
threshold=0.020342029631137851 0.028745414689183239 0.014603424817323686 -0.014754017814993857 58.603567123413093 0.0088789681904017943 0.023705221712589267 -0.0071474877186119548 -0.02913612965494394 -0.12024196237325667 0.13316312432289126 0.0063372445292770871 -0.09301410615444182 0.0062103387899696836
decision_type=2 2 2 8 2 2 10 2 8 8 10 10 8 10
left_child=2 4 5 -4 9 -1 -3 -8 -9 -2 11 -5 -11 -14
right_child=1 6 3 10 -6 -7 7 8 -10 12 -12 -13 13 -15
leaf_value=-0.056675414416129312 0.028279125207172368 0.014597817635668434 0.0005496267320781803 -0.021760939478562311 -0.0058105933184640704 -0.030607446415862233 0.025566942060066478 0.032604808871175603 0.0059311304327895054 -0.026045774793009169 0.0036045508043732093 -0.013343894089959885 -0.0030075699038182484 0.0053162048316814318
leaf_weight=964.77169391512871 731.53509613871574 37856.382048159838 2801.6009815484285 11967.41086794436 12132.500050887465 10742.047017648816 2211.9293460845947 837.18119598925114 23326.711407288909 488.97983427345753 1023.825156211853 12192.705121919513 7964.7633627951145 20043.212704584002
leaf_count=4780 3015 155261 12122 53832 51977 50674 9090 3421 96402 2034 4586 54339 33913 84671
internal_value=-4.74014e-05 0.00753434 -0.0202139 -0.0149381 0.000484418 -0.0328023 0.0120732 0.00844557 0.00686837 0.00309852 -0.0166605 -0.0175205 0.00244242 0.0029489
internal_weight=145286 105593 39692.4 27985.5 41361 11706.8 64232.2 26375.8 24163.9 29228.5 25183.9 24160.1 28497 28008
internal_count=620117 439784 180333 124879 175610 55454 264174 108913 99823 123633 112757 108171 120618 118584
is_linear=0
shrinkage=0.05


Tree=11
num_leaves=15
num_cat=0
split_feature=0 0 0 73 73 69 0 0 73 69 0 28 69 69
split_gain=9010.1 1257.89 1223.25 312.48 280.157 384.291 218.106 195.97 193.386 180.65 170.885 149.32 120.737 119.165
threshold=0.021923225373029712 0.015272892545908691 0.028140670619904998 0.46266341209411627 0.31674617528915411 0.039528355002403266 0.035310100764036186 0.018714291974902156 0.68766510486602794 0.013193483930081131 0.011147324927151205 0.90225365757942211 0.12974925339221957 0.10693511739373208
decision_type=2 2 2 2 2 10 2 2 2 10 2 2 10 10
left_child=1 10 8 -3 5 9 -6 -5 12 11 -1 -4 13 -2
right_child=2 3 4 7 6 -7 -8 -9 -10 -11 -12 -13 -14 -15
leaf_value=-0.052330269084889192 0.0024211026889748443 -0.0053886290286848841 0.024254553678820137 -0.022545584682271236 0.0055936476627894381 0.049653418021150891 0.011844674113092327 -0.013495038202691836 -0.007568597532794763 -0.0064871699845930001 -0.033247722726584154 0.012710057605440715 0.025261044973154814 -0.0084339404820236597
leaf_weight=1411.8196263760328 18937.692949712276 6336.7325545549393 4413.3624396771193 11643.191205948591 21695.305612191558 862.31369717419147 39252.081820949912 12443.788901656866 7864.4681918621063 880.3349661231041 8068.6117642968893 7787.9699747115374 513.98834604024887 2907.7067922949791
leaf_count=7198 80419 27892 17983 53659 90146 3501 161017 55279 33790 3602 38815 31770 2199 12434
internal_value=-1.85653e-05 -0.0202433 0.00766038 -0.0152789 0.0110865 0.0174815 0.00962079 -0.0178774 -0.000830051 0.0153245 -0.0361416 0.0169023 0.00154242 0.000973057
internal_weight=145019 39904.1 105115 30423.7 74891.4 13944 60947.4 24087 30223.9 13081.7 9480.43 12201.3 22359.4 21845.4
internal_count=619704 182843 436861 136830 308019 56856 251163 108938 128842 53355 46013 49753 95052 92853
is_linear=0
shrinkage=0.05


Tree=12
num_leaves=15
num_cat=0
split_feature=1 4 1 73 1 71 68 73 73 71 68 68 4 68
split_gain=5908.31 1260.67 813.183 555.103 294.798 284.271 279.351 241.329 221.25 206.957 203.606 180.34 175.92 135.795
threshold=0.01416979916393757 0.091666668653488173 0.010935505852103235 0.62452375888824474 0.0075906242709606895 0.0013466962263919415 0.01949337869882584 0.15441858023405078 0.45145443081855779 -0.03858648054301738 0.051407679915428169 0.042858690023422248 0.041666667908430106 -0.01731143984943628
decision_type=10 8 10 2 8 2 10 2 2 2 10 8 10 8
left_child=2 3 4 7 -1 10 -7 9 -4 -2 11 -3 -9 -6
right_child=1 5 8 -5 13 6 -8 12 -10 -11 -12 -13 -14 -15
leaf_value=-0.036915527908139116 0.0068786516057811513 0.013786303804412321 -0.0001056370132800471 -0.0093036810476760309 -0.0022248471691174165 0.01330192273763945 0.0043694008450051117 -0.0024513774673223286 -0.012782835910009692 0.042283548834388306 -0.012704854323798372 0.031418127973114593 0.0059030692700844474 -0.02253168880902201
leaf_weight=3853.4480993151665 1024.4708902537823 25042.3737064749 4386.2259226739407 13431.628984898329 879.81114998459816 13369.889496862888 25357.558948069811 12093.693574860692 15976.221660673618 686.75759053230286 682.17730961740017 1537.2982977330685 13135.965482354164 13347.503150194883
leaf_count=19338 4203 102383 19060 58146 3926 54740 104842 51835 71672 2820 2818 6303 54921 62619
internal_value=-0.000116785 0.00595524 -0.0169136 -0.00100411 -0.0246296 0.0102125 0.00745582 0.00313563 -0.0100535 0.0212506 0.0141244 0.0148175 0.00189903 -0.0212784
internal_weight=144805 106362 38443.2 40372.5 18080.8 65989.3 38727.4 26940.9 20362.4 1711.23 27261.8 26579.7 25229.7 14227.3
internal_count=619626 443011 176615 171925 85883 271086 159582 113779 90732 7023 111504 108686 106756 66545
is_linear=0
shrinkage=0.05


Tree=13
num_leaves=15
num_cat=0
split_feature=0 0 0 0 73 69 74 73 73 74 69 0 73 68
split_gain=7595.3 1126.25 958.02 292.128 260.8 182.93 167.754 162.974 159.876 156.836 162.938 138.968 129.527 123.232
threshold=0.022032433189451698 0.015114951413124801 0.027867645956575874 0.018043015152215961 0.64153727889060985 -0.12024196237325667 0.00033635373983997857 0.46266341209411627 0.68766510486602794 -0.017591366544365879 0.016610891558229927 0.010398942977190019 0.73140329122543346 0.063508495688438429
decision_type=2 2 2 2 2 10 2 2 2 2 8 2 2 10
left_child=1 11 7 -3 5 -4 9 -2 -5 -6 12 -1 -11 -9
right_child=2 3 4 8 6 -7 -8 13 -10 10 -12 -13 -14 -15
leaf_value=-0.053208874681431817 0.0054150708926365204 -0.020448550044068162 0.020934931862253064 -0.0076541005088193136 -0.014755088794447261 0.011039787869017959 0.0025398225291241188 -0.0023945040761978267 -0.017784503404419835 0.048767585039376414 0.0097113663465612857 -0.032195753301099347 0.016259813462819711 -0.024728419035758564
leaf_weight=897.79456070065498 7747.5583950728178 11459.138011500239 5209.4640637338161 14407.032554134727 556.42599116265774 45792.021278858185 15276.095193341374 20009.741213053465 5346.0268567800522 490.88919167220592 8182.4635908901691 7832.165915235877 832.32424555718899 627.50421270728111
leaf_count=4799 32609 53536 21122 64089 2280 187520 63088 85811 24150 2007 33764 38810 3418 2703
internal_value=3.11754e-06 -0.0185451 0.00707856 -0.0140967 0.00999432 0.0120544 0.00584458 -0.000764016 -0.0104034 0.0108543 0.0123673 -0.0344152 0.028595 -0.00308525
internal_weight=144667 39942.2 104724 31212.2 76339.7 51001.5 25338.2 28384.8 19753.1 10062.1 9505.68 8729.96 1323.21 20637.2
internal_count=619706 185384 434322 141775 313199 208642 104557 121123 88239 41469 39189 43609 5425 88514
is_linear=0
shrinkage=0.05


Tree=14
num_leaves=15
num_cat=0
split_feature=0 0 0 71 71 70 71 72 72 70 68 71 68 72
split_gain=6843.07 1023.02 977.439 239.025 214.418 184.8 198.803 219.497 235.096 220.8 189.238 322.069 182.118 226.246
threshold=0.021812621504068378 0.015577479731291534 0.031245037913322452 -0.0083502870984375459 -0.0083502870984375459 -0.044312106445431702 0.0013466962263919415 0.014212233014404775 0.013838653452694418 -0.0063952023629099122 -0.087453853338956819 -0.018962641246616837 0.01949337869882584 0.017190130427479747
decision_type=2 2 2 2 2 2 2 10 10 2 8 2 10 10
left_child=1 -1 4 -3 -2 -4 7 8 -7 10 -9 -12 -8 -14
right_child=2 3 5 -5 -6 6 12 9 -10 -11 11 -13 13 -15
leaf_value=-0.031731505728985719 0.0072155466630562702 -0.0038025153548326574 -0.017968751309708413 -0.015429210045732314 -0.0011626590502241438 0.012613703321787285 0.012882043532088576 0.052379954606051486 -0.013755809406745548 0.014106903256878845 0.0081582504957758741 0.05126906167044544 0.0066369649012327451 -0.01696064655437271
leaf_weight=10080.482753679156 9902.9347070604563 5482.8502313792706 554.8822322934866 22974.422115445137 33246.969027101994 19658.76534961164 13472.758383527398 851.79013952612877 875.2659348398447 3737.4166524857283 1203.9404146820307 670.97741414606571 20690.02396222949 1058.7538696527481
leaf_count=50803 41357 24377 2279 105291 141484 80090 54863 3419 3551 15152 4876 2714 85056 4336
internal_value=-9.0653e-06 -0.0180479 0.00655494 -0.0131912 0.000761372 0.0105366 0.0107936 0.0140232 0.0114836 0.0220604 0.0328706 0.0237765 0.00831482 0.00548094
internal_weight=144462 38537.8 105924 28457.3 43149.9 62774.6 62219.7 26998.2 20534 6464.12 2726.71 1874.92 35221.5 21748.8
internal_count=619648 180471 439177 129668 182841 256336 254057 109802 83641 26161 11009 7590 144255 89392
is_linear=0
shrinkage=0.05


Tree=15
num_leaves=15
num_cat=0
split_feature=2 2 2 69 27 70 2 72 69 72 69 69 51 70
split_gain=5479.37 852.242 780.373 258.169 214.429 214.415 205.623 188.605 179.413 161.441 250.897 155.345 144.401 135.9
threshold=0.020342029631137851 0.029967975802719597 0.014603424817323686 -0.13227118551731107 0.9365563988685609 -0.044312106445431702 0.0097230398096144217 0.0062103387899696836 -0.045439498499035828 0.0075098148081451663 0.099168736487627043 0.13169145584106448 -0.037065904587507241 -0.00042434559145476664
decision_type=2 2 2 8 2 2 2 10 10 8 8 10 10 2
left_child=2 3 6 -2 -4 -3 -1 11 -7 10 -9 -5 -11 -12
right_child=1 5 4 7 -6 8 -8 9 -10 12 13 -13 -14 -15
leaf_value=-0.045989826586621742 0.035227429084521034 -0.022560301719750472 -0.015864898398959069 -0.0059883749220167905 -0.0069742958147345976 0.015832520828738209 -0.024867189222539055 0.016253020718324587 0.0087648402056263383 0.0024074633101372461 0.011534526905929323 0.018884271496293768 -0.0068977269355749889 -0.0095173577422590343
leaf_weight=1319.3300393372774 526.84936787188053 498.23395968973637 14345.930278435349 12373.512836068869 12906.935182496905 11051.512059211731 9684.1190963387489 4535.7341706007719 48270.584266245365 19315.527529627085 1194.9911901801825 651.68451961874962 5306.1837231814861 2097.8257478326559
leaf_count=7153 2141 2051 65781 52888 58705 44713 48338 19242 197234 81039 5072 2777 22756 8956
internal_value=1.12451e-05 0.00587402 -0.0162034 0.000756885 -0.0116584 0.00980836 -0.0274393 0.000349875 0.010084 0.00238987 0.00863935 -0.0047304 0.000400131 -0.00186566
internal_weight=144079 105823 38256.3 46002.3 27252.9 59820.3 11003.4 45475.5 59322.1 32450.3 7828.55 13025.2 24621.7 3292.82
internal_count=618846 438869 179977 194871 124486 243998 55491 192730 241947 137065 33270 55665 103795 14028
is_linear=0
shrinkage=0.05


Tree=16
num_leaves=15
num_cat=0
split_feature=0 0 0 0 0 73 69 70 69 73 27 74 69 73
split_gain=5811.86 1259.25 502.039 213.144 212.844 207.071 252.025 202.348 213.775 112.545 106.256 104.428 136.705 123.597
threshold=0.023787268437445167 0.016425644047558311 0.032801007851958282 0.019612070173025135 0.012092667631804945 0.31674617528915411 0.031009006313979629 -0.044312106445431702 -0.1383535638451576 0.15441858023405078 0.74786829948425304 0.026049561798572544 -0.012004304677247999 0.31674617528915411
decision_type=2 2 2 2 2 2 10 2 8 2 2 2 10 2
left_child=1 4 5 -3 -1 6 9 -4 -9 -2 -5 12 -10 -14
right_child=2 3 7 10 -6 -7 -8 8 11 -11 -12 -13 13 -15
leaf_value=-0.041911857862916541 0.020217886120747989 -0.014036220849791428 -0.020226590948047934 -0.011554631296350457 -0.024628500193710129 0.0012701631658123655 0.044055925688566436 0.030326295635209079 0.014606466342186276 0.0027952863333472024 -0.0037882147593225018 -0.0026299366591470085 0.019760952004300884 0.0080934597746539598
leaf_weight=2162.2222239226103 1335.5628080368042 14170.72665707767 537.50755470991135 6268.736750036478 10728.107942789793 33515.149193301797 544.20404542982578 1300.3454506546259 13513.816048175097 2992.1327787339687 14809.554720655084 1617.5081582516432 2409.9672846496105 38110.443581774831
leaf_count=11910 5458 65741 2222 27660 53741 140947 2226 5225 54676 12338 65308 6572 9745 155574
internal_value=-1.65034e-05 -0.01419 0.00710068 -0.00929498 -0.0275578 0.00267194 0.0122928 0.0100569 0.0103462 0.00820626 -0.00610235 0.00987397 0.0102487 0.00879209
internal_weight=144016 48139.3 95876.6 35249 12890.3 38387 4871.9 57489.6 56952.1 4327.7 21078.3 55651.7 54034.2 40520.4
internal_count=619343 224360 394983 158709 65651 160969 20022 234014 231792 17796 92968 226567 219995 165319
is_linear=0
shrinkage=0.05


Tree=17
num_leaves=15
num_cat=0
split_feature=2 2 2 71 2 69 18 71 70 69 71 68 71 70
split_gain=4599.7 685.61 642.664 268.004 204.177 193.176 185.867 174.37 197.179 169.349 227.889 165.185 136.013 132.32
threshold=0.02044151816517115 0.014603424817323686 0.028464189730584625 -0.0069472836330533019 0.0088789681904017943 0.13316312432289126 58.744247436523445 0.0013466962263919415 -0.044312106445431702 -0.048130543902516358 -0.011068730149418114 0.01949337869882584 -0.0097199608571827394 -0.0061899872962385407
decision_type=2 2 2 2 2 10 2 2 2 10 2 10 2 2
left_child=1 4 6 -3 -1 -5 -2 8 -4 10 -10 -9 -6 -12
right_child=2 3 7 5 12 -7 -8 11 9 -11 13 -13 -14 -15
leaf_value=-0.049395385526659764 0.0024323580332569848 -0.0016444992692985331 -0.019372882988678123 -0.01444988348502551 -0.009038823329166305 0.0081238754629308872 -0.0051200300147133324 0.010254994810345109 0.012584547010814346 0.0097611737940747033 0.049197806145945489 0.0034787219588080162 -0.025950908340623198 0.022308942397144069
leaf_weight=831.66041839122772 28202.444497764111 6262.3344237655401 505.53090687096119 20431.229069113731 1397.2493813335896 987.68260812759399 11443.99649001658 14659.19121825695 4193.4748786389828 21290.863431498408 781.88472582399845 23288.310372337699 8535.3901887834072 1163.3727740049362
leaf_count=4784 119169 27916 2097 94956 6930 4541 49318 59570 16880 86522 3144 95553 43955 4698
internal_value=-0.000112584 -0.0149169 0.00528172 -0.0107465 -0.0256216 -0.0134056 0.00025161 0.0083082 0.0113068 0.011879 0.0191966 0.00609842 -0.0235833 0.0333131
internal_weight=143975 38445.5 105529 27681.2 10764.3 21418.9 39646.4 65882.6 27935.1 27429.6 6138.73 37947.5 9932.64 1945.26
internal_count=620033 183082 436951 127413 55669 99497 168487 268464 113341 111244 24722 155123 50885 7842
is_linear=0
shrinkage=0.05


Tree=18
num_leaves=15
num_cat=0
split_feature=0 0 72 0 71 71 68 68 72 72 68 71 72 68
split_gain=4873.2 1055.21 394.513 255.968 233.196 209.502 188.023 281.927 191.164 422.889 348.068 277.729 319.111 204.57
threshold=0.023787268437445167 0.0171976936981082 0.0062103387899696836 0.013575550634413959 -0.0083502870984375459 0.0013466962263919415 0.051407679915428169 0.032549452036619193 0.014212233014404775 0.013838653452694418 -0.036575015634298318 -0.0071734928060322991 0.015647837892174724 -0.074038576334714876
decision_type=2 2 10 2 2 2 10 8 10 10 10 2 10 10
left_child=1 3 -2 -1 -3 6 7 8 9 -4 11 12 -10 -14
right_child=2 4 5 -5 -6 -7 -8 -9 10 -11 -12 -13 13 -15
leaf_value=-0.034048812550007794 0.00031846866037712134 0.00048097840581640041 0.0091760959849107419 -0.019729957654145036 -0.010064273945720861 0.0057542085061957262 -0.014950193181337577 0.02412898414832472 0.029395491290655024 -0.021780161342070583 0.035899699510469771 0.040289341641760311 0.0074129352678829613 -0.017504252049057797
leaf_weight=4354.359465315938 20600.278641194105 6600.5579098016024 20658.05017118156 11292.512118220329 25455.768028691411 41773.00710721314 673.11991381645203 3940.533462792635 1142.9793212115765 1156.1084811687469 1800.9359275698662 681.36552491784096 2521.4486085921526 1211.0748040527105
leaf_count=24035 85494 28883 84500 56268 115539 172136 2775 16126 4619 4706 7322 2745 10222 4906
internal_value=-2.92501e-05 -0.0130931 0.00645225 -0.0237339 -0.00789348 0.0081243 0.0110521 0.0115851 0.00988297 0.00752625 0.0168504 0.0106233 0.00640341 -0.000696999
internal_weight=143862 47703.2 96158.9 15646.9 32056.3 75558.6 33785.6 33112.5 29172 21814.2 7357.8 5556.87 4875.5 3732.52
internal_count=620276 224725 395551 80303 144422 310057 137921 135146 119020 89206 29814 22492 19747 15128
is_linear=0
shrinkage=0.05


Tree=19
num_leaves=15
num_cat=0
split_feature=2 2 2 69 2 68 24 69 27 68 69 53 68 54
split_gain=3789.75 577.66 551.643 249.133 199.576 195.147 178.201 149.446 134.794 131.255 118.81 114.206 138.956 111.669
threshold=0.020146185532212261 0.033572996035218246 0.014603424817323686 -0.13227118551731107 0.0088789681904017943 -0.014754017814993857 -0.017934042960405346 0.13316312432289126 0.92945566773414623 -0.018874173983931538 0.03457372076809407 -0.20376235246658322 0.055717740207910545 0.38866683840751654
decision_type=2 2 2 8 2 8 2 10 2 8 8 8 10 8
left_child=2 3 4 -2 -1 10 -5 8 -7 -6 -4 -8 13 -13
right_child=1 -3 5 6 9 7 11 -9 -10 -11 -12 12 -14 -15
leaf_value=-0.047519393888254172 0.030949967181588912 0.0088307439628700166 -0.0030766025989168184 0.0053097504682213404 0.0055978508781874227 -0.015950320627846442 0.00371385871637883 0.0079637983465237708 -0.0081408186421011771 -0.022789287205209285 0.021718434683818053 -0.00573771508291945 -0.015704018104238229 0.000854665753337125
leaf_weight=800.49376188218594 697.10754391551018 48083.097949922085 1951.5855630487204 17512.601863771677 422.12139822542667 11724.324839681387 10714.616479218006 945.84517216682434 10520.970634505153 9303.9860715717077 631.27197337150574 9829.5634620338678 1805.5544493198395 18497.90122513473
leaf_count=4821 2813 195075 8573 72790 2053 55169 44766 4362 48977 48918 2781 41975 7717 78501
internal_value=3.17626e-05 0.00476249 -0.0139283 0.00144928 -0.0235706 -0.00998264 0.00109166 -0.0114341 -0.0122621 -0.0215528 0.0030439 -0.000717622 -0.00229406 -0.00143409
internal_weight=143441 107140 36300.6 59057.3 10526.6 25774 58360.2 23191.1 22245.3 9726.11 2582.86 40847.6 30133 28327.5
internal_count=619291 443637 175654 248562 55792 119862 245749 108508 104146 50971 11354 172959 128193 120476
is_linear=0
shrinkage=0.05


Tree=20
num_leaves=15
num_cat=0
split_feature=0 0 0 72 71 0 69 13 0 71 84 72 68 14
split_gain=4143.86 762.256 588.53 282.017 224.347 172.782 169.011 171.263 114.889 109.045 326.823 127.832 137.091 117.367
threshold=0.022032433189451698 0.014764609280973675 0.026715530082583431 0.0062103387899696836 -0.0083502870984375459 0.018714291974902156 -0.12024196237325667 -0.096048269420862184 0.010398942977190019 0.040108343586325652 2.5000000000000004 0.032342331483960159 -0.081325836479663835 -0.027822171337902542
decision_type=2 2 2 10 2 2 10 10 2 2 2 10 10 8
left_child=1 8 -2 -4 -3 -6 7 -5 -1 11 13 12 -8 -11
right_child=2 4 3 6 5 -7 9 -9 -10 10 -12 -13 -14 -15
leaf_value=-0.047370632021054772 -0.0019691344329379884 -0.0020951638088224311 0.0011812182674342754 -0.0089297828247541389 -0.017105267837917295 -0.0088162435648809281 -0.016632439578128044 0.01936082955085695 -0.026745920963972925 -0.021260645104799424 0.018872847151916512 0.026082719822097603 0.0082043771293770218 0.00036630891836372017
leaf_weight=772.45632560551167 23227.897620767355 5963.4355715513229 16402.940113052726 588.4122572094202 12361.326976552606 12872.903054282069 552.39269237220287 5355.9634791314602 6214.6076338589191 1332.4958283305168 1404.9650491178036 981.7876088321209 54202.483276590705 1176.9795187711716
leaf_count=4840 99579 27036 67459 2375 60713 58975 2259 21641 33898 5437 5746 3953 221121 4818
internal_value=-6.40887e-05 -0.014171 0.00505591 0.00704591 -0.0108213 -0.0128819 0.00851205 0.0165502 -0.0290905 0.00770839 -0.00035753 0.00827483 0.00795082 -0.0111561
internal_weight=143411 38184.7 105226 81998.4 31197.7 25234.2 65595.5 5944.38 6987.06 59651.1 3914.44 55736.7 54754.9 2509.48
internal_count=619850 185462 434388 334809 146724 119688 267350 24016 38738 243334 16001 227333 223380 10255
is_linear=0
shrinkage=0.05


Tree=21
num_leaves=15
num_cat=0
split_feature=2 2 2 68 72 68 68 2 72 53 53 72 72 68
split_gain=3142.68 551.899 427.129 186.101 169.573 195.783 184.878 162.851 150.276 149.177 142.299 116.608 107.033 82.282
threshold=0.020855092443525795 0.013859157450497152 0.031309010460972793 -0.014754017814993857 0.0062103387899696836 0.064782563596963896 -0.0020691087702289219 0.0088789681904017943 0.012323932256549599 -0.15227411687374112 -0.037610463798046105 0.006468190113082529 0.0084154931828379648 0.051407679915428169
decision_type=2 2 2 8 10 10 8 2 10 10 8 10 10 10
left_child=1 7 4 8 6 9 -2 -1 12 -6 -5 -4 -3 -13
right_child=2 3 11 10 5 -7 -8 -9 -10 -11 -12 13 -14 -15
leaf_value=-0.046000724548416139 0.025201319901164372 -0.0033006030155205176 0.0030510855793269868 -0.0076931336117380279 0.0066901637964763673 -0.022508137982665034 -0.0049453124153346958 -0.021445340503042185 -0.01161029640287832 8.5919278391698639e-05 -0.015055945762340135 0.0094049323566366607 0.019828754055432232 0.0019375316351878586
leaf_weight=746.98743022978306 520.03648462891579 838.39952865242958 11486.325498953462 18238.100508421659 17532.578075394034 731.03824728727341 12640.105476304889 7150.0776228755713 1223.235273912549 16681.853180408478 10285.662434965372 39837.069931894541 1220.7763267159462 4071.8742273300886
leaf_count=4744 2181 3703 46773 85203 72877 3092 53860 38759 5345 70516 49495 161169 5382 16622
internal_value=-4.06494e-05 -0.0119981 0.00454697 -0.00905545 0.00109978 0.00292136 -0.00373581 -0.0238233 0.00221306 0.00347111 -0.0103525 0.00753979 0.0104411 0.00871305
internal_weight=143204 39703.2 103501 31806.2 48105.6 34945.5 13160.1 7897.07 3282.41 34214.4 28523.8 55395.3 2059.18 43908.9
internal_count=619721 192631 427090 149128 202526 146485 56041 43503 14430 143393 134698 224564 9085 177791
is_linear=0
shrinkage=0.05


Tree=22
num_leaves=15
num_cat=0
split_feature=0 0 0 73 69 73 69 0 69 70 69 73 73 69
split_gain=3327.43 773.013 291.057 220.124 313.594 199.002 285.864 162.98 157.934 157.878 146.945 119.849 109.965 106.836
threshold=0.023440293036401275 0.016011931002140049 0.033915296196937568 0.68766510486602794 0.13169145584106448 0.31674617528915411 0.039528355002403266 0.012092667631804945 0.10693511739373208 -0.044312106445431702 -0.1383535638451576 0.15441858023405078 0.85966211557388317 -0.051937524229288094
decision_type=2 2 2 2 10 2 10 2 10 2 10 2 2 8
left_child=1 7 5 4 8 6 11 -1 -3 -4 -11 -2 -7 -13
right_child=2 3 9 -5 -6 12 -8 -9 -10 10 -12 13 -14 -15
leaf_value=-0.036280065838991599 0.018530092893090704 -0.0043851863965096412 -0.019540590176782772 -0.014263220706707878 0.033988760939269107 0.0012107474179957804 0.045072091520365155 -0.020158158868404583 -0.015771668433198143 0.018029221389622378 0.0071515203191020284 -0.010662552024747926 -0.016081691410133409 0.0079570912393041246
leaf_weight=1935.5203151106834 1576.8879205882549 21025.858897954226 523.08349247276783 9264.2361947894096 489.46011519432068 37301.526983067393 540.93118208646774 8637.5719662755728 3554.6948442161083 3304.3793432563543 50392.25305044651 1126.7213775515556 932.60135807096958 2381.6602614969015
leaf_count=11948 6403 96115 2167 43526 2241 156330 2192 46354 16516 13281 204088 4618 3937 9780
internal_value=-5.39839e-05 -0.0113247 0.00510709 -0.00768023 -0.00524287 0.00207802 0.010849 -0.0231409 -0.00603758 0.00755659 0.00782414 0.00712729 0.000784858 0.00196406
internal_weight=142987 44907.3 98080 34334.3 25070 43860.3 5626.2 10573.1 24580.6 54219.7 53696.6 5085.27 38234.1 3508.38
internal_count=619496 216700 402796 158398 114872 183260 22993 58302 112631 219536 217369 20801 160267 14398
is_linear=0
shrinkage=0.05


Tree=23
num_leaves=15
num_cat=0
split_feature=3 79 73 71 69 71 69 79 73 5 69 69 26 71
split_gain=1398.72 708.186 244.607 230.511 191.978 192.176 185.453 151.232 124.174 116.288 111.659 110.249 106.795 120.706
threshold=0.075000001117587103 0.096173897385597243 0.15441858023405078 -0.010008481796830891 -0.012004304677247999 -0.0083502870984375459 0.12688654661178592 0.027420518919825557 0.69351711869239818 1.2608050107955935 -0.032438075169920914 0.1011449657380581 0.010223797522485258 0.047184959053993232
decision_type=2 10 2 2 10 2 10 10 2 2 8 8 10 2
left_child=1 3 -3 10 9 -6 7 -5 -8 12 -1 -9 13 -2
right_child=4 2 -4 6 5 -7 8 11 -10 -11 -12 -13 -14 -15
leaf_value=-0.020757997572096412 0.014319391432253912 0.021787322979837178 -0.00020346233658695195 -0.016125239287304749 0.0092703172729638843 0.001842192247959549 0.014468360563634812 -0.006819389872005182 -0.0076387238971413309 -0.0056429718475658128 0.0018967027100034431 -0.015988008262415136 0.0042611864930299738 -0.0028539741083823383
leaf_weight=595.00500592589378 11196.583154067397 1314.0199652314186 28138.703494846821 13413.227216154337 10848.244355067611 43994.613824188709 1101.4594032466412 13375.268294796348 1472.7276557683945 1233.6205628365278 5375.478496581316 4349.6247737407684 5310.4518604874611 1122.6829354017973
leaf_count=2620 45190 5387 122601 66502 44034 180952 5179 63691 6842 5009 24714 20766 21620 4553
internal_value=1.89951e-05 -0.00508932 0.000784709 -0.00944814 0.00481057 0.00331294 -0.0110514 -0.0121174 0.00183998 0.00916068 -0.000391948 -0.00907708 0.0101992 0.0127533
internal_weight=142842 69135.5 29452.7 39682.8 73706.2 54842.9 33712.3 31138.1 2574.19 18863.3 5970.48 17724.9 17629.7 12319.3
internal_count=619660 318302 127988 190314 301358 224986 162980 150959 12021 76372 27334 84457 71363 49743
is_linear=0
shrinkage=0.05


Tree=24
num_leaves=15
num_cat=0
split_feature=0 0 0 73 73 74 73 0 73 74 13 73 73 27
split_gain=3016.02 641.859 422.913 154.64 150.978 138.847 128.169 119.068 109.671 103.151 102.371 127.355 145.89 132.261
threshold=0.020053373649716381 0.026591176167130474 0.014764609280973675 0.68766510486602794 0.68606859445571911 0.00033635373983997857 0.46266341209411627 0.010398942977190019 0.78917726874351513 0.0088828480802476423 0.15902742743492129 0.15441858023405078 0.16806954890489581 1.1790797114372256
decision_type=2 2 2 2 2 2 2 2 2 2 8 2 2 2
left_child=2 3 7 -2 10 8 -4 -1 -6 -7 11 13 -13 -3
right_child=1 4 6 -5 5 9 -8 -9 -10 -11 -12 12 -14 -15
leaf_value=-0.045180395816734858 -0.000348628523241843 0.020166759214894026 -0.0034520027630111937 -0.0082275134107116996 0.0031302609907739123 -0.0047033439126285478 -0.013268522911963962 -0.023418540469184526 0.015767109928141228 0.0046005084958439862 -0.012952688204002031 -0.020218410359664638 0.0068617582768443174 0.0032736771877006133
leaf_weight=710.55306614935398 23944.800565630198 3591.0379139184952 4153.7782432287931 8407.3726878911257 5032.2627971768379 7676.7367849647999 16831.811896398664 5929.81028239429 2601.4077008664608 4854.799408391118 620.42647279798985 492.39270995557308 56304.102042600513 1714.8544325381517
leaf_count=4835 104035 14443 19306 37450 20606 31577 83009 33756 10643 19913 2505 1991 229153 6932
internal_value=1.70931e-05 0.00357429 -0.0148175 -0.00239803 0.00590537 0.00214051 -0.0113281 -0.0258116 0.00745165 -0.00109818 0.00711523 0.00731777 0.00662347 0.0147234
internal_weight=142866 115240 27626 32352.2 82888 20165.2 20985.6 6640.36 7633.67 12531.5 62722.8 62102.4 56796.5 5305.89
internal_count=620154 479248 140906 141485 337763 82739 102315 38591 31249 51490 255024 252519 231144 21375
is_linear=0
shrinkage=0.05


Tree=25
num_leaves=15
num_cat=0
split_feature=0 0 0 73 72 68 72 71 71 14 69 68 69 73
split_gain=2623.76 481.188 455.496 155.541 152.011 124.399 336.035 173.894 220.983 277.992 127.519 136.271 356.387 483.516
threshold=0.020932953804731372 0.014764609280973675 0.027226962149143222 0.46266341209411627 0.0062103387899696836 0.051407679915428169 0.017434634268283847 0.036750210449099548 0.023198653012514118 -0.059081165120005601 -0.12024196237325667 -0.022642364725470539 0.028777753002941612 0.34461727738380438
decision_type=2 2 2 2 10 10 10 2 2 8 10 10 10 2
left_child=1 -1 -2 -3 -4 10 7 8 -7 -10 -6 12 13 -12
right_child=2 3 4 -5 5 6 -8 -9 9 -11 11 -13 -14 -15
leaf_value=-0.024851039055187436 -0.0016183330908836992 -0.0018643431568815098 0.0011317381403465451 -0.011621618190883257 0.014427155779918622 0.0013128842013143674 -0.035574900707956457 -0.019916052916340805 0.051778903156150941 3.3032288877148791e-06 0.00360238524062705 0.007915019577857613 0.033708717819972617 -0.026956102969925427
leaf_weight=6544.1657086163759 30916.688342273235 5136.5129574090242 15771.955187156796 20011.580233410001 5683.2243590950966 3616.8229528367519 596.03441493213177 669.81454360485077 541.98448547720909 488.85432268679142 9506.5044500827789 40640.571988597512 805.17230330407619 1488.256709292531
leaf_count=38599 133920 23676 64679 98162 22892 14822 2439 2750 2213 2005 38383 165213 3246 6021
internal_value=-9.7161e-05 -0.01278 0.00353379 -0.00963022 0.00552959 0.0066124 -0.000296182 0.00371755 0.00715904 0.0274613 0.00731521 0.00654185 0.00180978 -0.000554764
internal_weight=142418 31692.3 110726 25148.1 79809.2 64037.2 5913.51 5317.48 4647.66 1030.84 58123.7 52440.5 11799.9 10994.8
internal_count=619020 160437 458583 121838 324663 259984 24229 21790 19040 4218 235755 212863 47650 44404
is_linear=0
shrinkage=0.05


Tree=26
num_leaves=15
num_cat=0
split_feature=0 0 0 73 69 73 68 73 69 73 68 69 69 73
split_gain=2492.46 500.5 371.566 130.677 188.655 129.988 203.792 129.888 136.659 127.958 168.498 129.651 125.307 216.702
threshold=0.020160989835858349 0.026715530082583431 0.014589797705411913 0.68606859445571911 -0.02913612965494394 0.78917726874351513 0.051140634343028075 0.68766510486602794 0.13063812255859378 0.68766510486602794 0.041905201971530921 0.1011449657380581 0.11499396711587907 0.57541298866271984
decision_type=2 2 2 2 8 2 10 2 10 2 10 10 10 2
left_child=2 7 -1 12 -5 -6 -7 8 -2 10 11 -4 -3 -14
right_child=1 3 9 4 5 6 -8 -9 -10 -11 -12 -13 13 -15
leaf_value=-0.024433829245780053 -0.00068576453448498248 0.0072030457064471455 -0.0071086105900596665 0.028610429354681402 -0.0021984800551008393 0.015703582679120216 -0.0012317769707393933 -0.0073521741281647474 0.026075475244842602 -0.016566695085403656 0.014542536474018403 -0.019738048582194405 -0.011514565357299757 0.0072787169168816975
leaf_weight=6033.5582855343819 23404.974107548594 55907.700936481357 12393.393277779222 625.68350951373577 12267.444549873471 3176.6377190649509 4010.9598243236542 8444.2711279541254 476.97302508354187 6057.8622675538063 778.92586880922318 2427.858496800065 2535.493606582284 3849.8024608045816
leaf_count=36261 101645 226849 60328 2534 50343 12967 16463 37677 2059 30469 3806 12080 10356 15704
internal_value=-4.76453e-06 0.00324584 -0.0134652 0.00531472 0.00180602 0.000929717 0.00626441 -0.0020261 -0.000140596 -0.0103997 -0.00799584 -0.00918934 0.00644531 -0.000190115
internal_weight=142392 114700 27691.6 82373.7 20080.7 19455 7187.6 32326.2 23881.9 21658 15600.2 14821.3 62293 6385.3
internal_count=619541 476597 142944 335216 82307 79773 29430 141381 103704 106683 76214 72408 252909 26060
is_linear=0
shrinkage=0.05


Tree=27
num_leaves=15
num_cat=0
split_feature=1 72 1 57 73 53 3 69 72 73 68 69 68 54
split_gain=1466.11 396.187 250.222 207.389 202.956 201.41 161.186 147.696 215.497 144.42 157.056 116.644 115.148 136.935
threshold=0.012978980317711832 0.0063372445292770871 0.0056360953021794566 0.018594589084386829 0.47465904057025915 -0.039537942036986344 0.12500000372529033 -0.010585022158920763 0.012539474293589594 0.19408389180898669 -0.022642364725470539 0.080673165619373335 -0.01963784638792276 0.53492137789726268
decision_type=10 10 8 10 2 8 2 8 10 2 10 8 8 10
left_child=2 4 -1 7 -2 -4 11 8 -3 -10 -11 -6 -7 -14
right_child=1 3 5 -5 6 12 -8 -9 9 10 -12 -13 13 -15
leaf_value=-0.039331206295934416 0.010254855447033384 0.029422480055494523 -0.0058504960616567736 0.0058403229632535188 -0.0032093853456987512 0.012032364459435872 0.00085036231422738751 -0.0013496893269854954 0.023431648620806791 -0.013323683771877093 0.0076075358625208702 -0.011998660309951554 -0.018503109841946034 -0.0048815734445481103
leaf_weight=712.16824261844158 2746.2138022482395 947.93485355377197 15871.100713506341 59737.539440706372 8144.589283272624 385.03696224093437 10133.619539126754 21190.079307630658 730.53645141422749 1481.2850222289562 2235.9743254035711 7042.174418836832 8516.1466338336468 2365.7733020335436
leaf_count=4909 11520 3977 78140 245153 35873 1811 41452 90308 2963 6076 9217 30903 45496 11843
internal_value=2.29667e-05 0.00252786 -0.0102627 0.00420562 -0.002632 -0.00948564 -0.00403318 0.000531671 0.00790896 0.00326819 -0.000746683 -0.00729023 -0.0145965 -0.0155489
internal_weight=142240 114390 27850.2 86323.3 28066.6 27138.1 25320.4 26585.8 5395.73 4447.8 3717.26 15186.8 11267 10881.9
internal_count=619641 477442 142199 357694 119748 137290 108228 112541 22233 18256 15293 66776 59150 57339
is_linear=0
shrinkage=0.05


Tree=28
num_leaves=15
num_cat=0
split_feature=2 2 2 68 71 69 68 69 71 69 68 74 84 69
split_gain=1664.36 386.234 271.152 222.798 195.917 196.068 330.72 157.438 212.724 219.287 148.462 179.085 135.891 134.615
threshold=0.018545907922089103 0.031486501917243011 0.010789110790938141 -0.01731143984943628 -0.0083502870984375459 0.039528355002403266 -0.020773227326571938 -0.012004304677247999 0.0024043949088081722 -0.09301410615444182 -0.087453853338956819 -0.011800938751548527 3.5000000000000004 0.13316312432289126
decision_type=2 2 2 8 2 8 8 8 2 10 10 2 2 10
left_child=2 4 -1 -4 5 10 -7 8 -6 -10 -2 12 -12 -5
right_child=1 -3 3 13 7 6 -8 -9 9 -11 11 -13 -14 -15
leaf_value=-0.029707909068239446 0.021936843188967877 0.0056926559281144529 0.0072513044449836056 -0.011914759949359205 0.027227866995526342 0.048820090767845825 0.0078922463729376117 -0.0025662344232684491 -0.028673668048892695 0.0074531537253580277 -0.0071953202075739119 0.0029302707932124224 -0.035566150659721935 0.0087116160128774493
leaf_weight=1842.7922384142876 659.26904644072056 54924.458050742745 1760.5161174535751 22016.648377239704 1037.7697952389717 526.02433241903782 6343.2802478522062 42305.584483787417 505.45402978360653 2259.4076296240091 1749.3388949632645 4646.5942576080561 549.55423705279827 813.64412342011929
leaf_count=12115 2666 221886 8063 113628 4325 2157 26610 182999 2084 9510 7242 19291 2269 4022
internal_value=6.62206e-05 0.00265651 -0.0112493 -0.00985449 -9.6579e-05 0.00497629 0.0110928 -0.00168976 0.00804243 0.00076915 -0.000555955 -0.00271945 -0.0141021 -0.0111762
internal_weight=141940 115507 26433.6 24590.8 60582.3 14474.1 6869.3 46108.2 3802.63 2764.86 7604.76 6945.49 2298.89 22830.3
internal_count=618867 481039 137828 125713 259153 60235 28767 198918 15919 11594 31468 28802 9511 117650
is_linear=0
shrinkage=0.05


Tree=29
num_leaves=15
num_cat=0
split_feature=0 0 0 72 71 68 1 73 69 74 71 74 68 68
split_gain=1954.44 469.762 271.731 157.078 137.485 123.194 116.777 114.966 104.305 103.726 122.601 251.902 153.207 239.371
threshold=0.019386693835258487 0.025862025097012523 0.013575550634413959 0.0062103387899696836 -0.0069472836330533019 0.055717740207910545 0.021789445541799072 0.76791396737098705 0.1354017108678818 -0.04474180564284324 0.00064631964778527628 -0.019179445691406723 0.051407679915428169 0.033843660727143295
decision_type=2 2 2 10 2 10 8 2 10 2 2 2 10 8
left_child=2 5 -1 -3 -4 6 -2 -7 -6 -5 12 -12 13 -11
right_child=1 3 4 9 8 7 -8 -9 -10 10 11 -13 -14 -15
leaf_value=-0.025401255929407202 -0.0010230165663338076 0.00037735815597230804 -0.0023393518869976033 -0.014973170331652153 -0.013559807958404158 0.0046589157549443228 -0.013979679915100933 -0.025259840493376887 0.0080769655779043912 0.007236194046142716 -0.024395374059961193 0.0045687077061292575 -0.015893243199816942 0.021999246735890803
leaf_weight=3747.6919777393341 28532.445744201541 17639.793152466416 3930.538281455636 594.2297196239233 15429.582384884357 453.69117027521133 1842.1019511967897 1066.0962671488523 571.60923391580582 25792.535486698151 755.98925724625587 38021.22567473352 632.64046522974968 3067.1802195161581
leaf_count=24106 126467 72575 19123 2443 80197 2060 8045 4870 2846 104215 3068 155009 2594 12403
internal_value=5.2311e-05 0.00267517 -0.0130577 0.00458742 -0.0107252 -0.00251104 -0.00181313 -0.0163563 -0.0127823 0.00566564 0.00584745 0.00399789 0.00827711 0.00881227
internal_weight=142077 118398 23679.4 86503.6 19931.7 31894.3 30374.5 1519.79 16001.2 68863.8 68269.6 38777.2 29492.4 28859.7
internal_count=620021 493749 126272 352307 102166 141442 134512 6930 83043 279732 277289 158077 119212 116618
is_linear=0
shrinkage=0.05


Tree=30
num_leaves=15
num_cat=0
split_feature=2 2 2 71 69 53 73 69 69 72 69 72 72 72
split_gain=1398.5 290.82 278.52 225.989 188.332 173.039 142.7 204.1 141.867 209.3 131.487 126.805 119.938 109.283
threshold=0.019284224137663845 0.033572996035218246 0.010789110790938141 -0.011068730149418114 -0.13227118551731107 -0.044703206047415726 0.68766510486602794 0.13316312432289126 0.10693511739373208 0.0068157545756548652 -0.012004304677247999 0.019758761860430244 0.0063069402240216741 0.010434513911604883
decision_type=2 2 2 2 8 8 2 10 10 10 8 8 10 10
left_child=2 4 -1 13 -2 -5 7 8 11 12 -8 -6 -10 -4
right_child=1 -3 3 5 6 -7 10 -9 9 -11 -12 -13 -14 -15
leaf_value=-0.028740081746563586 0.025571609721862579 0.0054776425730973062 0.0061508253092076443 -0.0064153587898509229 0.002557856917608715 -0.015020076979300981 0.012133584168210159 0.028002257894922139 -0.010060576389646457 0.0019963030206854933 -0.0053455715000561106 -0.016166143298801072 -0.03394581979470454 -0.012110084433285456
leaf_weight=1780.9396925866604 720.67711454629898 48446.979078575969 3460.5460131019354 12802.145142108202 38928.544204592705 10779.644997358322 1151.674530684948 701.39484849572182 2050.7052446603775 3624.4178390800953 14665.170669093728 915.86429965496063 703.87365071475506 1062.6794606149197
leaf_count=12113 2903 195428 16510 64327 163750 57561 4839 2950 8792 15440 63261 3767 2989 4815
internal_value=-5.39931e-06 0.00256082 -0.00961237 -0.00839051 0.000333616 -0.0103534 3.96934e-05 0.00142416 0.0010149 -0.00590226 -0.004066 0.00212352 -0.0162647 0.00184339
internal_weight=141795 111909 29886 28105 63462.3 23581.8 62741.6 46924.8 46223.4 6379 15816.8 39844.4 2754.58 4523.23
internal_count=619445 464119 155326 143213 268691 121888 265788 197688 194738 27221 68100 167517 11781 21325
is_linear=0
shrinkage=0.05


Tree=31
num_leaves=15
num_cat=0
split_feature=0 0 0 68 73 73 68 69 73 74 74 73 69 13
split_gain=1604.44 435.863 245.999 131.893 115.096 111.147 128.115 226.309 146.1 123.445 141.76 166.763 119.036 143.197
threshold=0.01928016543388367 0.026591176167130474 0.013575550634413959 0.055717740207910545 0.76013043522834789 0.64153727889060985 0.041905201971530921 0.11499396711587907 0.57541298866271984 0.00033635373983997857 -0.017591366544365879 0.64753499627113353 0.091497793793678298 0.051116527989506728
decision_type=2 2 2 10 2 2 10 10 2 2 2 2 8 8
left_child=2 3 -1 -2 -5 6 7 12 -9 10 -7 -12 -3 -14
right_child=1 5 -4 4 -6 9 -8 8 -10 -11 11 -13 13 -15
leaf_value=-0.024128323663306035 -0.0016554233197584381 0.0049830669519184134 -0.0099221234119376764 0.0057185478274386099 -0.023610847108419528 -0.018041143320285155 0.021276345089904711 -0.014771627563103211 0.004773610362188924 -0.0010411305985145907 -0.020875867439274338 0.0085374261316373823 0.013676856066866763 -0.0073400768989479656
leaf_weight=3619.1157440170646 34104.019161358476 41566.137845769525 19287.900893270969 450.33155795931816 1253.570622831583 582.06890943646431 1257.8508850485086 2225.0547169446945 1664.15763053298 16649.993401646614 497.04016174376011 9950.98504114151 7655.8335036933422 900.00074271857738
leaf_count=23933 150662 168155 99959 2035 5752 2373 5121 9091 6765 68252 2026 40618 31045 3627
internal_value=-6.34736e-05 0.00227376 -0.0121761 -0.00233611 -0.0158711 0.00426382 0.00555895 0.00518904 -0.00641761 0.00167675 0.00577664 0.00711953 0.00609076 0.0114601
internal_weight=141664 118757 22907 35807.9 1703.9 82949.1 55269 54011.2 3889.21 27680.1 11030.1 10448 50122 8555.83
internal_count=619414 495522 123892 158449 7787 337073 223804 218683 15856 113269 45017 42644 202827 34672
is_linear=0
shrinkage=0.05


Tree=32
num_leaves=15
num_cat=0
split_feature=0 0 0 71 27 71 58 69 70 0 70 70 69 69
split_gain=1537.21 298.881 295.732 120.845 119.829 112.28 110.973 144.945 201.957 104.092 98.4196 138.758 228.086 184.746
threshold=0.020053373649716381 0.025862025097012523 0.014764609280973675 0.0019321331055834892 0.93294665217399608 0.0044199428521096715 -0.050635388121008866 -0.12024196237325667 -0.0082382690161466581 0.010398942977190019 0.024703694507479671 0.011527038644999267 0.0113120349124074 0.066010147333145155
decision_type=2 2 2 2 2 2 2 8 2 2 2 2 10 10
left_child=2 -2 9 6 -4 -5 -3 8 -8 -1 11 -9 -13 -14
right_child=1 3 4 5 -6 -7 7 10 -10 -11 -12 12 13 -15
leaf_value=-0.04006816593709845 -0.0019455303576435615 -0.013029280589503024 -0.01154662001422143 -0.0054094032855407622 -0.0038436477713083626 0.003018541426992961 0.034149512241816969 0.0048584990630472251 0.0055213668339126288 -0.018315481372446703 -0.01484637334840795 0.030347869046417064 -0.011744486104509698 0.018832656551256655
leaf_weight=612.34487181901932 28775.195861071348 741.60784867405891 10969.811862885952 4338.8967876732349 9373.4513881802559 43358.292983412743 1083.4487230628729 31525.043366774917 1421.7936175912619 5471.1494772732258 571.93006691336632 1459.5565290153027 934.96418578922749 1025.9709383696318
leaf_count=4873 127032 3016 55414 17746 47041 177078 4371 127758 5698 33948 2303 5880 3798 4155
internal_value=-2.64999e-05 0.00246791 -0.0109004 0.0039368 -0.008001 0.0022509 0.00601008 0.00638475 0.0179888 -0.0205672 0.00556142 0.00589958 0.0154526 0.00426801
internal_weight=141663 115237 26426.8 86461.5 20343.3 47697.2 38764.3 38022.7 2505.24 6083.49 35517.5 34945.5 3420.49 1960.94
internal_count=620111 478835 141276 351803 102455 194824 156979 153963 10069 38821 143894 141591 13833 7953
is_linear=0
shrinkage=0.05


Tree=33
num_leaves=15
num_cat=0
split_feature=0 0 0 72 70 69 13 70 69 72 70 70 72 72
split_gain=1412.12 348.661 204.745 122.947 99.4479 138.016 156.213 111.69 129.496 117.192 108.521 90.5672 85.3533 130.114
threshold=0.018714291974902156 0.025862025097012523 0.012092667631804945 0.0062103387899696836 -0.044312106445431702 -0.13227118551731107 0.037637978792190559 0.024703694507479671 -0.060190718621015542 0.023218872956931595 -0.012401808984577654 -0.0015817155945114789 0.0055949101224541673 0.0050841558258980521
decision_type=2 2 2 10 2 10 8 2 10 10 2 2 8 10
left_child=2 11 -1 12 -5 6 10 9 -9 -7 -6 -2 13 -3
right_child=1 3 -4 4 5 7 -8 8 -10 -11 -12 -13 -14 -15
leaf_value=-0.029333093134668805 0.00125405084015428 -0.0011386280608382522 -0.010862931423885848 -0.015615420490877288 0.030971201420586944 0.0041012468046184121 -0.012944634299163352 0.0077280079956433033 -0.019148644537214835 0.01617956113205786 0.011766509525470292 -0.0041113068746485909 -0.0058393487790769387 0.010022225586601452
leaf_weight=1628.3097284138203 11932.874747782946 9241.9686211198568 18471.148847430944 594.36509740352631 946.30505813658237 59638.227251917124 511.9156146645546 759.34938310086727 1068.6310285925865 2069.7474817484617 3313.052664116025 23042.010545060039 4721.2290952950716 3628.9080157130957
leaf_count=11960 52809 38034 99740 2453 3818 242101 2057 3059 4341 8325 13357 103930 19377 14891
internal_value=-0.000100348 0.00193128 -0.0123731 0.0036346 0.00458701 0.00476506 0.0129594 0.00414775 -0.00800269 0.00450892 0.0160958 -0.0022809 -9.61187e-05 0.00201348
internal_weight=141568 121469 20099.5 86493.7 68901.6 68307.2 4771.27 63536 1827.98 61708 4259.36 34974.9 17592.1 12870.9
internal_count=620252 508552 111700 351813 279511 277058 19232 257826 7400 250426 17175 156739 72302 52925
is_linear=0
shrinkage=0.05


Tree=34
num_leaves=15
num_cat=0
split_feature=0 0 0 72 68 73 71 12 68 71 54 73 69 68
split_gain=1279.64 373.604 166.822 124.001 119.961 131.561 104.778 114.658 103.779 124.354 133.111 123.877 104.039 116.596
threshold=0.018043015152215961 0.025862025097012523 0.010398942977190019 0.0047534215264022359 0.055717740207910545 0.74784648418426525 -0.0060752178542315951 0.38682742416858679 0.044730186462402351 -0.0083502870984375459 0.56938990950584423 0.66104114055633556 0.1011449657380581 0.040483936667442329
decision_type=2 2 2 10 10 2 2 8 10 2 8 2 8 8
left_child=2 4 -1 -3 8 -6 -4 -8 9 10 -2 -10 -11 -14
right_child=1 3 6 -5 5 -7 7 -9 11 12 -12 -13 13 -15
leaf_value=-0.0391539175443434 -0.00059459729393979675 -0.0025698206908907274 -0.0038122267430583585 0.0041305536576047861 0.0080468190813050983 -0.023038185560639669 -0.012344783124451073 -0.028083885829357683 0.029043749584854412 -0.0023654119744436993 0.015024092923693383 0.002451935794850714 -0.012662667130091766 0.0041030423878054313
leaf_weight=574.56718788295984 6369.8799481838942 7559.9688400328159 3218.4253587275743 78970.676719278097 452.14422255754471 1316.3048077076674 12003.318860657513 1280.000219039619 513.14233429729939 17817.086683645844 1725.6749561280012 2704.2134571075439 5644.0275658369064 1264.8214186131954
leaf_count=4802 27614 31120 17044 320760 2085 6211 68103 7383 2284 81112 7492 12474 25955 5734
internal_value=-2.95726e-05 0.00173339 -0.0128597 0.00354493 -0.00241258 -0.01509 -0.0119211 -0.0138814 -0.00178647 -0.00262703 0.00274916 0.00676997 -0.00438766 -0.00959183
internal_weight=141414 124338 17076.3 86530.6 37807.3 1768.45 16501.7 13283.3 36038.8 32821.5 8095.55 3217.36 24725.9 6908.85
internal_count=620173 522841 97332 351880 170961 8296 92530 75486 162665 147907 35106 14758 112801 31689
is_linear=0
shrinkage=0.05


Tree=35
num_leaves=15
num_cat=0
split_feature=0 0 0 73 69 69 72 72 72 19 72 73 57 69
split_gain=1136.57 336.318 162.393 135.415 419.135 150.808 227.359 219.719 187.636 230.027 180.806 149.314 149.639 147.49
threshold=0.018043015152215961 0.025152349844574932 0.013575550634413959 0.31674617528915411 0.039528355002403266 0.013193483930081131 0.013838653452694418 0.014212233014404775 0.015647837892174724 0.0054526992607861766 0.011327308136969806 0.19408389180898669 0.083312194794416441 -0.09301410615444182
decision_type=2 2 2 2 10 10 8 10 10 8 10 2 8 10
left_child=2 -2 -1 4 5 6 10 -8 9 -9 -3 12 -10 -13
right_child=1 3 -4 -5 -6 -7 7 8 11 -11 -12 13 -14 -15
leaf_value=-0.021827393117471047 -0.0025365917391054664 0.0051750792371014305 -0.0096446012317426919 0.0023924689920043099 0.037596757658629687 -0.012516902303411112 -0.02281059672181087 0.033602231551207271 0.015843895583009065 -0.0070526338609272392 0.026090870260045793 -0.020153895789890769 -0.0031180073889901846 0.0024870956347236828
leaf_weight=3437.6254587098956 34209.785385355353 1925.913522914052 13465.542172119021 74176.591037765145 1067.6836375594139 1091.9882237315178 780.79708603024483 1053.0680819153786 2295.533107355237 512.71994170546532 2234.5305366665125 1269.8304753899574 1891.0490700602531 1637.9780760705471
leaf_count=23961 155700 7757 73042 302798 4279 4417 3149 4239 9235 2061 8995 5128 7651 6600
internal_value=2.60553e-05 0.00168249 -0.0121337 0.00328742 0.00749516 0.00528377 0.00672104 0.00242331 0.00472207 0.0203295 0.0164444 0.00125363 0.00729192 -0.00743534
internal_weight=141051 124147 16903.2 89937.7 15761.1 14693.4 13601.4 9440.98 8660.18 1565.79 4160.44 7094.39 4186.58 2907.81
internal_count=619012 522009 97003 366309 63511 59232 54815 38063 34914 6300 16752 28614 16886 11728
is_linear=0
shrinkage=0.05


Tree=36
num_leaves=15
num_cat=0
split_feature=0 0 0 68 70 68 69 68 74 70 70 69 69 69
split_gain=1044.87 224.106 214.329 149.267 140.117 164.158 145.122 129.233 127.676 125.007 109.529 107.041 105.864 98.6831
threshold=0.019724390469491485 0.032266983762383468 0.014589797705411913 0.055717740207910545 -0.0031817442504689093 0.04449302330613137 0.1011449657380581 0.015907374210655693 -0.004655000986531376 0.0058224461972713479 -0.044312106445431702 0.12688654661178592 0.090698454529047026 -0.1383535638451576
decision_type=2 2 2 10 2 10 10 10 2 2 2 10 10 8
left_child=2 3 -1 4 -2 6 8 -8 -6 -7 -3 -9 -10 -12
right_child=1 10 -4 -5 5 9 7 11 12 -11 13 -13 -14 -15
leaf_value=-0.018213102498752624 0.0043878117455478189 -0.018190676631044001 -0.0069287121727986808 -0.01148369122001819 -0.015688028434445344 0.015342829992127239 0.016469143954962927 -0.014427649131906584 -0.00096157935071617892 -0.0023194217274006253 0.01785766720256934 -2.215434827015772e-05 0.010557430037242263 0.0039766771624669059
leaf_weight=5412.5208148360252 15002.739770531654 537.44020806252956 18915.858198612928 2826.8954308182001 1356.8664953261614 2437.8779774904251 463.54539808630943 4846.5074274390936 24320.99291677773 1691.8759107291698 1300.2853769510984 1755.7751784175634 2162.7307902425528 57995.514469891787
leaf_count=36333 63529 2225 97552 12526 5771 10601 1994 21148 104554 7343 5242 7568 9366 233840
internal_value=-2.18917e-05 0.00194334 -0.00944569 -0.000304248 0.00028259 -0.00129589 -0.00241174 -0.00880578 -0.000786381 0.00811884 0.00407915 -0.0106026 -1.72768e-05 0.00428403
internal_weight=141027 116699 24328.4 56865.8 54038.9 39036.2 34906.4 7065.83 27840.6 4129.75 59833.2 6602.28 26483.7 59295.8
internal_count=619592 485707 133885 244400 231874 168345 150401 30710 119691 17944 241307 28716 113920 239082
is_linear=0
shrinkage=0.05


Tree=37
num_leaves=15
num_cat=0
split_feature=0 0 72 27 70 72 71 69 72 72 69 69 72 71
split_gain=968.078 253.991 171.33 151.034 122.52 218.598 173.639 206.38 216.038 161.018 160.261 226.176 183.503 167.504
threshold=0.022032433189451698 0.015114951413124801 0.0062103387899696836 1.0693703293800356 -0.00080685998545959581 0.0072806486859917649 -0.051636332646012299 -0.010585022158920763 0.0125882625579834 0.013415495399385692 -0.12024196237325667 -0.09301410615444182 0.017434634268283847 -0.035554688423871987
decision_type=2 2 10 2 2 10 2 8 10 10 10 10 10 2
left_child=1 -1 -2 -3 5 -4 -6 8 -8 -10 12 13 -7 -12
right_child=2 3 4 -5 6 10 7 -9 9 -11 11 -13 -14 -15
leaf_value=-0.016114367423711577 -0.0014864267355317153 -0.0076869742417383343 0.015140348370882045 0.00013135019950596041 -0.025291941070862658 0.025375015925276991 0.025406515321854235 0.00038505036253522673 -0.02000525910918079 0.0072854952458640421 -0.038545050388065327 0.0037018040712162186 0.002237888291112042 -0.0025955664943901032
leaf_weight=6607.6904147788882 23522.486219167709 19773.362317293882 5117.3081941008568 8981.0725418180227 578.57409410178661 1751.9055789113045 1593.7085111737251 37521.533914834261 575.3294875472784 7107.5187370181084 540.82080405950546 24902.038824602962 1672.6270451247692 790.78657457232475
leaf_count=43629 98333 97720 20997 44056 2333 7106 6509 154559 2338 28743 2205 101546 6776 3207
internal_value=-0.000120845 -0.00728068 0.00227553 -0.00524583 0.00335273 0.00560615 0.00169784 0.00203685 0.0087104 0.00521848 0.00395655 0.00262576 0.0141137 -0.0173746
internal_weight=141037 35362.1 105675 28754.4 82152.2 34775.5 47376.7 46798.1 9276.56 7682.85 29658.2 26233.6 3424.53 1331.61
internal_count=620057 185405 434652 141776 336319 141837 194482 192149 37590 31081 120840 106958 13882 5412
is_linear=0
shrinkage=0.05


Tree=38
num_leaves=15
num_cat=0
split_feature=1 72 73 69 53 1 54 68 72 68 70 69 27 73
split_gain=511.935 261.594 195.111 184.166 162.549 138.136 125.771 118.081 242.397 284.937 106.85 227.224 106.459 101.229
threshold=0.011854561045765879 0.0063372445292770871 0.47465904057025915 0.08398406952619554 -0.056514212861657136 0.0056360953021794566 0.5635250210762025 0.066228810697793974 0.012005453463643791 0.077983114868402495 0.025992065668106083 -0.05704184249043464 1.1147789359092715 0.15441858023405078
decision_type=10 10 2 8 10 10 10 10 10 10 2 10 2 2
left_child=5 2 -2 -4 7 -1 -6 10 -9 -10 13 -12 -7 -3
right_child=1 4 3 -5 6 12 -8 8 9 -11 11 -13 -14 -15
leaf_value=-0.02976556322396889 0.0093444160212206046 0.010729978623864997 -0.00013084764655215631 -0.0082928094589489864 -0.0089816361485725252 -0.008906866258298991 0.0012557506991608622 -0.032049861074977787 -0.024371531803376829 0.023124625400476388 0.0064010581714220877 -0.031809011001877899 -0.0006695265214210972 0.003626295857201361
leaf_weight=654.10700567811728 3043.4751904755831 5406.6542230993509 14682.302192404866 13048.622766688466 4737.6509547531605 13720.206240437925 8145.3396578729153 694.53934343159199 513.12001168727875 787.18668472766876 969.65619081258774 636.88011042773724 5493.3973137587309 68258.829096846282
leaf_count=5148 12893 21947 64327 56414 21539 75600 34396 2956 2132 3212 3907 2591 29654 282779
internal_value=0.00010408 0.00132634 -0.00265336 -0.00397302 0.00268503 -0.0073321 -0.00251304 0.00355194 -0.00842707 0.00433899 0.00387048 -0.00884965 -0.00655329 0.00414905
internal_weight=140792 120924 30774.4 27730.9 90149.9 19867.7 12883 77266.9 1994.85 1300.31 75272 1606.54 19213.6 73665.5
internal_count=619495 509093 133634 120741 375459 110402 55935 319524 8300 5344 311224 6498 105254 304726
is_linear=0
shrinkage=0.05


Tree=39
num_leaves=15
num_cat=0
split_feature=0 0 0 73 69 69 54 73 69 18 54 69 53 65
split_gain=840.381 254 138.197 118.171 225.885 101.104 97.5288 129.793 93.1693 85.6665 75.5601 102.852 78.6576 73.65
threshold=0.018043015152215961 0.026591176167130474 0.011147324927151205 0.68766510486602794 0.13316312432289126 0.10693511739373208 0.56938990950584423 0.15441858023405078 -0.039398560300469392 64.985385894775405 0.6703459918498994 0.099168736487627043 -0.18386354297399518 0.066519662737846388
decision_type=2 2 2 2 10 10 8 2 10 2 8 10 10 10
left_child=2 3 -1 4 5 6 7 -2 -4 10 11 12 -3 -9
right_child=1 9 8 -5 -6 -7 -8 13 -10 -11 -12 -13 -14 -15
leaf_value=-0.030156099010881638 0.022699571923996919 0.0045726139505996325 -0.020907479257949352 -0.0062923926722749995 0.032225776994296546 -0.0078963901591258111 0.0059528848882684617 -0.00076311596423546792 -0.0081637904506089761 -0.0013688523261532377 0.0057095261607277639 -0.0035006930347832297 -0.00063344262493840941 -0.0099177642673271508
leaf_weight=843.2408944144845 537.81142373383045 30351.917447835207 1592.4113510474563 10702.306064233184 518.28040248155594 4242.5827442109585 6079.8712384849787 16431.280004367232 14173.565122418106 9767.6079117506742 27123.109178692102 6388.7158790230751 9530.6881054490805 2526.4846739470959
leaf_count=7242 2244 122767 9199 49732 2250 19407 27045 73326 80971 39771 109787 26142 38879 11176
internal_value=2.78458e-05 0.00144066 -0.0105314 -0.00177783 -0.00018359 -0.000757527 0.000429327 -0.00129541 -0.00946338 0.00302894 0.00361432 0.00238519 0.00332868 -0.00198773
internal_weight=140810 124201 16609.2 41038.6 30336.3 29818 25575.4 19495.6 15766 83162 73394.4 46271.3 39882.6 18957.8
internal_count=619938 522526 97412 185180 135448 133198 113791 86746 90170 337346 297575 187788 161646 84502
is_linear=0
shrinkage=0.05


Tree=40
num_leaves=15
num_cat=0
split_feature=0 0 68 73 72 68 72 73 73 0 68 73 72 68
split_gain=743.319 244.226 175.191 195.736 147.218 208.993 198.888 157.421 143.768 140.1 138.901 152.345 145.904 127.467
threshold=0.017570177093148235 0.032092625275254257 0.055717740207910545 0.74784648418426525 0.0062103387899696836 0.049752205610275275 0.0075098148081451663 0.48592373728752142 0.31674617528915411 0.012092667631804945 -0.042422825470566743 0.2501190602779389 0.0085483356378972548 -0.026530045084655281
decision_type=2 2 10 2 10 10 10 2 2 2 10 2 10 10
left_child=9 2 4 -4 5 7 -6 -2 10 -1 11 -8 -12 -10
right_child=1 -3 3 -5 6 -7 8 -9 13 -11 12 -13 -14 -15
leaf_value=-0.02521348554654056 0.0077572181612026413 0.0035606854376483534 0.0087320856731805865 -0.019481682111073376 0.0071241937409098986 0.027042432451080491 0.0055354543330716202 -0.0063722175787537406 -0.01711147348535217 -0.0089828323202637405 -0.0059831865385095908 -0.017929500354304243 0.020714733540891921 -0.0014805235650495502
leaf_weight=1474.3946036696434 2224.8025896251202 60552.150438427925 821.23602963984013 2378.1281736344099 11149.036077603698 522.69159334897995 2710.2794732153416 16789.850990593433 1369.6474116146564 13141.790385000408 666.80281743407249 917.59181407094002 2137.7038339674473 23935.557676866651
leaf_count=11968 9737 244107 3666 10893 49136 2364 11202 76168 5763 75712 2816 3829 8932 104034
internal_value=3.41185e-05 0.00127092 -0.000842129 -0.0122349 -0.000256357 -0.00385276 0.00138253 -0.0047158 -0.00063606 -0.0106362 0.00603293 -0.000432471 0.0143683 -0.00233298
internal_weight=140792 126175 65623.3 3199.36 62424 19537.3 42886.6 19014.7 31737.6 14616.2 6432.38 3627.87 2804.51 25305.2
internal_count=620327 532647 288540 14559 273981 88269 185712 85905 136576 87680 26779 15031 11748 109797
is_linear=0
shrinkage=0.05


Tree=41
num_leaves=15
num_cat=0
split_feature=0 0 2 68 70 70 68 68 72 68 84 72 68 68
split_gain=670.275 216.005 142.06 110.335 90.4749 99.604 118.486 220.763 207.471 189.908 134.527 115.478 113.909 254.393
threshold=0.01781320292502642 0.025862025097012523 0.0088789681904017943 0.057141860947012908 -0.044312106445431702 -0.00084989535389468063 -0.074038576334714876 -0.031379032880067818 0.015216545667499306 -0.025394651107490059 2.5000000000000004 0.018491671420633796 -0.039554694667458527 -0.02374305389821529
decision_type=2 2 2 10 2 2 10 10 10 10 2 10 8 8
left_child=2 3 -1 -2 -3 6 10 8 -8 -9 -6 -11 -7 -14
right_child=1 4 -4 -5 5 12 7 9 -10 11 -12 -13 13 -15
leaf_value=-0.035196738858248831 -0.0013121800605048739 -0.016494875047491583 -0.0088495175485315859 -0.015165216966245735 0.0069868066378650368 0.0095295353310925271 0.0012917051124164078 0.031599643387834976 -0.020058208854051345 0.0046660593030692157 0.030374761941836682 0.027774155077517921 -0.015079975104064886 0.0015602008375476713
leaf_weight=521.19504731893539 36952.588571503758 602.88308900594711 14954.790755599737 1485.7050544321537 1868.993126809597 3960.5050198882818 3689.4028305262327 688.21942219138145 1634.6766260564327 25242.360430061817 912.6555535197258 542.99280479550362 2409.9445421099663 45146.320518121123
leaf_count=4740 168095 2497 87855 7147 7535 15916 14846 2773 6591 102398 3684 2181 9728 184030
internal_value=5.38344e-05 0.00126809 -0.00975899 -0.00185143 0.00265119 0.00278716 0.00486261 0.00399403 -0.00528877 0.00586218 0.0147417 0.00516325 0.0013934 0.000713956
internal_weight=140613 125137 15476 38438.3 86699 86096.1 34579.3 31797.7 5324.08 26473.6 2781.65 25785.4 51516.8 47556.3
internal_count=620016 527421 92595 175242 352179 349682 140008 128789 21437 107352 11219 104579 209674 193758
is_linear=0
shrinkage=0.05


Tree=42
num_leaves=15
num_cat=0
split_feature=0 0 73 68 71 74 68 68 71 74 73 58 72 68
split_gain=646.035 233.305 135.461 259.294 101.956 236.41 137.674 141.782 251.226 249.675 226.897 133.833 125.22 103.551
threshold=0.023787268437445167 0.015114951413124801 0.68766510486602794 0.041905201971530921 0.0013466962263919415 -0.019179445691406723 0.051407679915428169 0.018064832314848903 -0.0062088577542453996 -0.010588163975626229 0.56624850630760204 0.0040870015509426602 0.0096593890339136141 0.01949337869882584
decision_type=2 2 2 10 2 2 10 8 2 2 2 2 10 8
left_child=1 -1 3 -3 6 -6 7 10 -9 -10 11 -2 -11 -7
right_child=4 2 -4 -5 5 13 -8 8 9 12 -12 -13 -14 -15
leaf_value=-0.013981088573451057 0.0018143705058028467 -0.0029415595995177161 -0.0086090247238392158 0.019042699637058395 -0.026244018153531751 0.0041174000483717053 -0.016854045013035248 0.017673956640545656 0.032107227738160576 0.0026064389533253353 -0.00905396962989608 0.0096872216677432541 -0.018297005670319617 -0.0004475207256484379
leaf_weight=6364.4289038479328 17591.218581944704 25894.369477778673 9982.356867864728 1404.5583346486092 788.05123609304428 19224.155419364572 763.7185730189085 4921.8591194450855 655.70232869684696 5596.5232450813055 3669.9231152236462 7781.9630679190159 811.39842650294304 35077.020418837667
leaf_count=43686 71270 123796 50106 6643 3199 78253 3139 19983 2661 22984 14973 31441 3297 144600
internal_value=-9.02039e-05 -0.00514041 -0.00362784 -0.00180389 0.00218524 0.000772215 0.00404721 0.00444028 0.00901366 0.00296281 0.00255049 0.00423184 -6.48296e-05 0.00116905
internal_weight=140527 43645.7 37281.3 27298.9 96881.5 55089.2 41792.3 41028.6 11985.5 7063.62 29043.1 25373.2 6407.92 54301.2
internal_count=620031 224231 180545 130439 395800 226052 169748 166609 48925 28942 117684 102711 26281 222853
is_linear=0
shrinkage=0.05


Tree=43
num_leaves=15
num_cat=0
split_feature=0 0 27 0 27 73 73 72 72 72 72 54 72 72
split_gain=580.978 170.836 134.987 123.71 96.1545 90.9587 82.5701 145.034 204.446 155.291 104.671 96.6796 97.0339 239.649
threshold=0.018714291974902156 0.037620110437273986 0.73899269104003917 0.013076737057417633 1.0883187055587771 0.86850854754447948 0.31674617528915411 0.010773160960525276 0.0085483356378972548 0.011661863420158626 0.018491671420633796 0.68789124488830578 0.0080920867621898668 0.0063372445292770871
decision_type=2 2 2 2 2 2 2 8 10 10 10 10 10 10
left_child=3 2 5 -1 -5 -2 7 8 -4 -9 -11 12 13 -8
right_child=1 -3 6 4 -6 -7 11 9 -10 10 -12 -13 -14 -15
leaf_value=-0.018580902748427119 -0.0029018254572376872 0.0037349150710676913 0.0036828218441898458 -0.0090214773873575436 -0.00066789259956902356 -0.024342402674503997 -0.0027917673545673396 -0.024288816783518394 0.03514756032358201 0.009123965971050094 -0.0084228386425329576 0.0049404432105125328 -0.0034818488191050074 0.0082486333231630397
leaf_weight=2457.2033946886659 22435.382398575544 44285.998328745365 1204.4710386693478 11727.81993252039 4878.1074165254831 496.07159206271172 12282.283740326762 510.48877240717411 897.04324789345264 3271.7379966676235 1138.1844346672297 9528.3526482880116 17050.391645282507 8180.8655967563391
leaf_count=19181 96015 178244 5002 65504 26863 2224 54403 2115 3686 13438 4644 40279 72681 35365
internal_value=-1.46711e-05 0.00126094 -0.000162338 -0.00812662 -0.00656943 -0.00337605 0.00120115 0.00625468 0.0172166 0.00154742 0.00458639 0.000445641 -0.000697041 0.0016239
internal_weight=140344 121281 76995.3 19063.1 16605.9 22931.5 54063.8 7021.93 2101.51 4920.41 4409.92 47041.9 37513.5 20463.1
internal_count=619644 508096 329852 111548 92367 98239 231613 28885 8688 20197 18082 202728 162449 89768
is_linear=0
shrinkage=0.05


Tree=44
num_leaves=15
num_cat=0
split_feature=0 0 79 18 69 69 74 69 70 69 24 0 74 69
split_gain=533.056 169.897 110.137 107.081 96.7848 103.298 90.8797 111.044 107.266 188.06 94.9134 82.8619 77.8302 68.2096
threshold=0.022137449122965339 0.011147324927151205 -0.0037028373917564745 65.191669464111342 0.13316312432289126 0.1011449657380581 -0.04474180564284324 -0.1383535638451576 0.025992065668106083 -0.05704184249043464 -0.074351519346237169 0.038628723472356803 -0.0087800291366875154 0.1011449657380581
decision_type=2 2 10 2 10 8 2 8 2 10 2 2 2 10
left_child=1 -1 -3 6 5 -4 -2 10 11 -10 -8 13 -7 -9
right_child=3 2 4 -5 -6 12 7 8 9 -11 -12 -13 -14 -15
leaf_value=-0.028214391103521093 -0.016574874354146316 -0.010252429369089029 -0.0020363935918012313 -0.0023947375711131742 0.012977818443384206 0.0082882255312835794 -0.00024684595651766855 0.0023129040387181981 0.0051139012633792981 -0.029109671489904128 0.025807182607239094 0.0045289191773475977 -0.011113741590898559 -0.0020867702927812757
leaf_weight=774.72070109844208 610.37559644877911 7036.5216044709086 20160.657917492092 12699.257832333446 880.59041744470596 560.8698291182518 555.66010934114456 42513.158695489168 883.16564786434174 722.08061522245407 931.55585046112537 35018.394864529371 5728.5628587454557 11102.846888750792
leaf_count=7222 2533 38475 104235 52692 4351 2873 2247 176522 3557 2949 3769 140790 30469 46646
internal_value=0.000125215 -0.00520447 -0.00467772 0.00190869 -0.00323923 -0.00378384 0.00250074 0.00262947 0.0024051 -0.0103656 0.0161361 0.00263754 -0.00937313 0.0014016
internal_weight=140178 35141.9 34367.2 105036 27330.7 26450.1 92337.2 91726.9 90239.6 1605.25 1487.22 88634.4 6289.43 53616
internal_count=619330 187625 180403 431705 141928 137577 379013 376480 370464 6506 6016 363958 33342 223168
is_linear=0
shrinkage=0.05


Tree=45
num_leaves=15
num_cat=0
split_feature=0 73 71 73 71 73 73 70 71 73 70 73 73 71
split_gain=498.799 162.877 159.243 116.723 158.907 128.036 146.492 160.659 148.942 140.349 130.841 272.201 178.572 180.201
threshold=0.017690218985080722 0.68766510486602794 0.055280340835452087 0.31674617528915411 -0.03858648054301738 0.42794576287269598 0.45145443081855779 -0.007310818647965788 0.029813220724463466 0.42330278456211096 -0.016523967497050759 0.54829823970794689 0.50754529237747203 0.013157180976122619
decision_type=2 2 2 2 2 2 2 2 2 2 2 2 2 2
left_child=-1 2 3 4 -2 9 7 -7 10 -5 11 -8 13 -12
right_child=1 -3 -4 5 -6 6 8 -9 -10 -11 12 -13 -14 -15
leaf_value=-0.0087333400388994106 -0.0018423209920951679 -0.0021541668869320286 -0.014110385193961288 -0.0017972973626044664 0.0087722759037523867 -0.014707021312668839 0.038771036596524026 0.015123522562355891 0.011253353834684687 -0.027522005840071025 -0.0086415649858640215 -0.0022464275453640443 0.0019948837800902448 0.011562929800757911
leaf_weight=14709.625977344811 4821.9948604106903 30927.501735493541 1495.004854246974 14165.821426019073 13077.414616301656 506.53954663872719 684.12016870081425 3661.8390445709229 3845.8012534677982 540.93526986241341 7725.677129983902 966.85584899783134 41850.271593466401 1278.3113379329443
leaf_count=90173 19626 133106 6080 58680 53330 2092 2813 15293 16131 2263 32566 3983 178544 5391
internal_value=-2.54645e-05 0.000995393 0.00202497 0.00228549 0.00591333 0.0014216 0.00243844 0.011472 0.00176829 -0.00276155 0.00107154 0.0148812 0.00062037 -0.00576345
internal_weight=140258 125548 94620.6 93125.6 17899.4 75226.2 60519.4 4168.38 56351 14706.8 52505.2 1650.98 50854.3 9003.99
internal_count=620071 529898 396792 390712 72956 317756 256813 17385 239428 60943 223297 6796 216501 37957
is_linear=0
shrinkage=0.05


Tree=46
num_leaves=15
num_cat=0
split_feature=0 71 0 54 71 70 71 71 74 70 73 71 70 74
split_gain=406.011 166.918 126.411 100.207 93.2123 90.8911 252.308 119.65 194.122 136.754 121.16 105.365 167.574 143.421
threshold=0.024583896622061733 -0.0083502870984375459 0.015577479731291534 0.51810336112976085 -0.017622965388000008 -0.0031817442504689093 -0.054346878081560128 0.00095744093414396058 -0.019179445691406723 -0.0043338672257959834 0.43923822045326238 -0.0071734928060322991 -0.0061899872962385407 -0.04474180564284324
decision_type=2 2 2 8 2 2 2 2 2 2 2 2 2 2
left_child=1 3 -3 -1 -5 7 -7 9 -9 11 -11 13 -13 -2
right_child=5 2 -4 4 -6 6 -8 8 -10 10 -12 12 -14 -15
leaf_value=-0.00064854155848248019 -0.022040269874272416 -0.011672832725040034 -0.0039477873250586921 0.024352980911279916 0.0032221607376603924 -0.029739402583991117 0.0012163845309179544 -0.024481426779675689 0.0017410976477065872 0.037772648746002273 0.01054936108058154 0.017790390436461797 -0.0058472447827155423 0.0039902981793942345
leaf_weight=7149.7591937035322 541.80933827161789 6358.8296966925263 31582.102874189615 854.29426218569279 1326.5549822673202 655.03108943998814 64572.884219810367 770.19387799501419 7390.2399016171694 590.79650630056858 1317.6745435595512 3096.5069630593061 982.87934868037701 12956.982276573777
leaf_count=33789 2254 43941 153313 3982 6366 2632 263757 3130 30079 2383 5369 12560 4000 52326
internal_value=-3.2336e-07 -0.00377208 -0.00524523 0.00221734 0.011573 0.00191963 0.00090101 0.00432166 -0.000760758 0.00644933 0.0191297 0.00506252 0.0120948 0.00292995
internal_weight=140147 47271.5 37940.9 9330.61 2180.85 92875 65227.9 27647.1 8160.43 19486.6 1908.47 17578.2 4079.39 13498.8
internal_count=619881 241391 197254 44137 10348 378490 266389 112101 33209 78892 7752 71140 16560 54580
is_linear=0
shrinkage=0.05


Tree=47
num_leaves=15
num_cat=0
split_feature=0 0 73 73 69 0 72 27 27 70 69 71 69 73
split_gain=458.158 172.816 127.794 117.821 176.022 110.3 99.4344 97.6871 86.6667 75.8018 76.7766 91.6856 68.1068 79.5996
threshold=0.017928979359567169 0.033334128558635719 0.86850854754447948 0.15441858023405078 -0.088456358760595308 0.011147324927151205 0.019412958063185218 0.73899269104003917 0.84858700633049022 -0.044312106445431702 -0.1383535638451576 -0.0302647091448307 -0.09301410615444182 0.31674617528915411
decision_type=2 2 2 2 10 2 10 2 2 2 8 2 8 2
left_child=5 2 3 4 -2 -1 7 -5 -7 -3 11 -11 -9 -14
right_child=1 9 -4 6 -6 8 -8 12 -10 10 -12 -13 13 -15
leaf_value=-0.026736185542091451 0.0024364791669414399 -0.015676343630572406 -0.016867952959108087 -0.0036024672447782418 0.036200189763806206 -0.011621553559598787 -0.019749665563280876 -0.017836967347046453 -0.0038795016983664745 0.0031147947571408376 0.0029195810121291649 0.030231819251762965 0.0079931192623141339 0.00025171510728516536
leaf_weight=747.88064782321453 1408.7243160307407 527.12349306046963 1193.1196707636118 18938.517678067088 522.56853494048119 6266.5800495147705 674.18267434835434 481.66807207465172 8561.2867827117443 692.54859119653702 54744.404836967587 560.73854677379131 3600.9123483896255 41305.537699699402
leaf_count=7224 5778 2205 5496 82878 2144 37489 2804 1997 50630 2798 220340 2288 14976 181565
internal_value=-3.14904e-05 0.000979004 -0.000716808 -0.000426423 0.0117117 -0.00811374 -0.000788814 -0.000587054 -0.00715709 0.00302261 0.00320139 0.0153906 0.000671665 0.000874116
internal_weight=140226 124650 68125.2 66932.1 1931.29 15575.7 65000.8 64326.6 14827.9 56524.8 55997.7 1253.29 45388.1 44906.5
internal_count=620612 525269 297638 292142 7922 95343 284220 281416 88119 227631 225426 5086 198538 196541
is_linear=0
shrinkage=0.05


Tree=48
num_leaves=15
num_cat=0
split_feature=0 72 68 72 70 68 68 4 68 68 71 68 68 71
split_gain=365.008 156.058 149.816 146.599 209.454 191.743 227.207 203.179 192.549 180.039 183.757 185.859 177.356 149.556
threshold=0.017570177093148235 0.0062103387899696836 -0.0020691087702289219 0.0075098148081451663 -0.00058230204740539182 0.026547504588961605 0.024959823116660122 0.20833333581686023 0.066228810697793974 0.032384717836976058 0.0035562476841732864 0.039050797000527389 0.029120756313204769 0.055280340835452087
decision_type=2 10 8 10 2 10 10 8 10 10 2 10 10 2
left_child=-1 2 -2 4 12 6 13 8 -7 -6 11 -11 -3 -5
right_child=1 3 -4 5 9 7 -8 -9 -10 10 -12 -13 -14 -15
leaf_value=-0.0075376757255702451 0.014761145444943079 0.0055009046466997051 -0.0028100480939815971 0.002398860039536248 -0.0054192098565590298 -0.0060197087711627052 0.024596711117775758 0.0026438458828215929 -0.032301328519558817 0.047558475815222767 0.0035208142416819988 0.0046118262506105847 0.020634326481144709 -0.013897289595925103
leaf_weight=14068.737865202129 1254.132259786129 4450.5814294070005 30128.185182705522 53084.765219330788 5169.0003503262997 10199.823560461402 1122.3378725498915 8034.9645520597696 738.9847114533186 507.3791678994894 5862.8513253182173 495.6247373521328 3430.7471952438354 1436.4087384194136
leaf_count=87884 5348 18655 131968 219725 22093 43899 4695 32570 3356 2165 25121 2119 14548 5845
internal_value=9.76226e-05 0.000951255 -0.00210337 0.00196542 0.00577549 0.000947828 0.00242783 -0.00339151 -0.00782308 0.001623 0.00692493 0.0265918 0.0121063 0.00196705
internal_weight=139985 125916 31382.3 94533.5 19916.2 74617.3 55643.5 18973.8 10938.8 12034.9 6865.86 1003 7881.33 54521.2
internal_count=619991 532107 137316 394791 84701 310090 230265 79825 47255 51498 29405 4284 33203 225570
is_linear=0
shrinkage=0.05


Tree=49
num_leaves=15
num_cat=0
split_feature=4 27 53 13 69 74 69 68 72 84 69 72 68 4
split_gain=266.2 155.204 111.56 90.6893 95.0934 220.853 118.27 116.334 108.047 136.933 104.038 96.6462 93.9236 184.051
threshold=0.058333335444331176 0.73308309912681591 -0.0385685097426176 0.15902742743492129 0.098293159157037749 -0.0026666305493563409 0.13316312432289126 0.017205612733960155 0.0086608766578137892 1.5000000000000002 0.093763429671525969 0.0084742843173444288 0.066228810697793974 0.22500000149011615
decision_type=8 2 8 8 10 2 10 10 10 2 10 10 10 8
left_child=1 2 -1 4 10 6 11 -7 -9 -10 12 -6 -2 -14
right_child=3 -3 -4 -5 5 7 -8 8 9 -11 -12 -13 13 -15
leaf_value=-0.0042907976248599544 0.0029231522968909459 -0.0010800681341339665 -0.014096066367522057 -0.013513956930246575 -0.0018396907723748357 0.0099107220251074251 0.019463108979565959 -0.0087301465028171953 -0.0092600640067589095 0.0096130344429977317 0.013466648658181769 0.012341022245821129 -0.029988893351304627 0.0020307502623547261
leaf_weight=9722.6127117350698 59899.873411312699 39750.672415286303 4133.6380262598395 944.14252126961946 3412.3272302597761 1284.3725696951151 1400.1890961751342 9274.9505805894732 1722.932490259409 2147.9939636364579 2256.7429703697562 1842.7286611869931 638.23121108114719 1454.9947468936443
leaf_count=46340 245524 196134 22950 3831 14081 5215 5724 38516 7060 8786 9281 7484 2831 5916
internal_value=9.7647e-05 -0.00266919 -0.00722399 0.00181684 0.00198802 -0.000925212 0.00660369 -0.00439972 -0.00580434 0.00121049 0.00294408 0.00314689 0.00255892 -0.00782831
internal_weight=139886 53606.9 13856.3 86279.5 85335.3 21085.5 6655.24 14430.2 13145.9 3870.93 64249.8 5255.06 61993.1 2093.23
internal_count=619673 265424 69290 354249 350418 86866 27289 59577 54362 15846 263552 21565 254271 8747
is_linear=0
shrinkage=0.05


Tree=50
num_leaves=15
num_cat=0
split_feature=51 5 54 54 53 13 73 69 68 69 69 53 73 70
split_gain=266.161 143.79 123.954 114.424 200.879 143.089 109.676 204.444 124.483 99.4452 97.7199 97.0779 89.2487 86.3797
threshold=-0.040255125612020486 0.76639994978904735 0.39603215456008917 0.49315090477466589 -0.20165532082319257 0.1124531999230385 0.31674617528915411 0.039528355002403266 -0.022642364725470539 0.099168736487627043 -0.010585022158920763 -0.10081982612609862 0.15441858023405078 -0.0043338672257959834
decision_type=10 2 10 10 10 8 2 10 10 10 10 8 2 2
left_child=3 -2 11 4 5 9 7 12 -8 -1 -10 -3 -6 -5
right_child=1 2 -4 13 6 -7 8 -9 10 -11 -12 -13 -14 -15
leaf_value=0.003442998775722779 -0.03271441209221692 -0.00046392431498651094 -0.00066312427762275179 0.0083972032832978424 0.013273309922436508 -0.024461194803003999 -0.020313170126322822 0.033234443209336606 0.0079077920925029865 -0.0035952259011520389 -0.0046718738298830885 -0.0090949843578847101 -0.0041413094363317339 0.0023221619850941986
leaf_weight=39471.089580141008 411.77322559803724 4573.1868288815022 19447.275732032955 7810.5907566398382 962.00555589050055 485.79188597947359 1180.5594656318426 516.95651069283485 1664.0496155321598 5741.3838132694364 19972.197236157954 11326.656149469316 3016.5709622949362 23290.720725484192
leaf_count=164364 2568 21534 89542 31825 3970 1985 4981 2199 7075 23941 94489 62590 12693 96246
internal_value=3.2558e-05 -0.0036885 -0.00334121 0.00131085 0.000228822 0.00225623 -0.00316296 0.00396865 -0.0045692 0.00254864 -0.00370116 -0.00661433 9.22043e-05 0.00385002
internal_weight=139871 35758.9 35347.1 104112 73010.6 45698.3 27312.3 4495.53 22816.8 45212.5 21636.2 15899.8 3978.58 31101.3
internal_count=620002 176234 173666 443768 315697 190290 125407 18862 106545 188305 101564 84124 16663 128071
is_linear=0
shrinkage=0.05


Tree=51
num_leaves=15
num_cat=0
split_feature=51 72 68 72 72 68 68 70 72 68 68 68 72 72
split_gain=234.806 116.265 92.4211 278.85 141.485 134.022 97.2043 104.753 323.847 119.1 219.296 210.782 189.435 170.777
threshold=-0.036462103947997086 0.0064558612648397693 0.051407679915428169 0.017434634268283847 0.012005453463643791 0.066228810697793974 0.044730186462402351 -0.0019094167510047553 0.006778873037546874 -0.031379032880067818 -0.087453853338956819 -0.025394651107490059 0.015647837892174724 0.020338352769613269
decision_type=10 10 10 10 10 10 10 2 10 8 10 8 10 10
left_child=1 -1 6 4 5 -4 7 8 -3 10 -10 -11 -12 -14
right_child=-2 2 3 -5 -6 -7 -8 -9 9 11 12 -13 13 -15
leaf_value=-0.0015062447218258353 -0.0036918471149025734 0.026814091277983988 -0.0016741301138357952 -0.03799722550889291 0.011631567535102012 -0.028409726624084048 0.010598583057201301 0.00055544903128025742 0.012514552396372905 0.029918612153139564 -0.00027116302780267248 0.0044167877099020271 -0.02648520919860858 0.0058198523466219641
leaf_weight=29739.710737794638 32647.117540828884 1531.5990557968616 2649.8561207130551 536.66632641851902 1629.9356388747692 559.86847265064716 3636.1314935162663 39722.882174640894 2169.6821645870805 841.10411494225264 4960.3818756043911 17093.714384235442 1565.4693647027016 548.3165725544095
leaf_count=134120 161895 6515 11237 2212 6702 2427 15346 166759 8883 3456 20344 71394 6386 2217
internal_value=1.99868e-05 0.0011508 0.00217118 -0.00414745 -0.000323266 -0.00641134 0.00264306 0.00221887 0.00451934 0.00325356 -0.00135591 0.00562877 -0.0056217 -0.0181173
internal_weight=139832 107185 77445.6 5376.33 4839.66 3209.72 72069.3 68433.1 28710.3 27178.7 9243.85 17934.8 7074.17 2113.79
internal_count=619893 457998 323878 22578 20366 13664 301300 285954 119195 112680 37830 74850 28947 8603
is_linear=0
shrinkage=0.05


Tree=52
num_leaves=15
num_cat=0
split_feature=0 27 0 69 69 69 58 5 71 74 74 71 71 71
split_gain=274.426 172.112 105.288 68.5686 130.98 169.191 133.306 129.362 131.248 123.231 192.475 161.726 182.028 119.446
threshold=0.024583896622061733 1.0693703293800356 0.014589797705411913 -0.012004304677247999 0.0073220878839492807 0.0113120349124074 0.0017069143359549346 0.99650767445564281 0.040108343586325652 -0.0059043532237410537 -0.019179445691406723 -0.02081507537513971 -0.024940954521298405 -0.019379357807338234
decision_type=2 2 2 10 10 10 2 2 2 2 2 2 2 2
left_child=1 2 -1 7 -5 6 -6 8 -2 10 13 12 -12 -7
right_child=3 -3 -4 4 5 9 -8 -9 -10 -11 11 -13 -14 -15
leaf_value=-0.013517348481258485 0.009011771500774127 0.0013594838275268928 -0.004192791368700345 -0.0075693600963588729 0.0054583640741249053 0.0013765934439741489 0.037557468712380207 -0.000185276303074156 -0.007308994184078179 -0.00013442243303475108 0.010419291672317647 0.0052456137958280342 0.044967111846868225 -0.024052619085030452
leaf_weight=3376.9826119169593 11499.394972890615 14662.670854970813 28776.014212913811 4395.1789001375437 775.86683520674706 1088.4985949248075 549.75852437317371 10622.743277743459 1371.9644096493721 50843.782521307468 1162.8533499836922 9201.8942978084087 563.72675247490406 790.76920641958714
leaf_count=25340 46500 74669 141028 17843 3146 4388 2227 42995 5551 208176 4684 37455 2274 3204
internal_value=-8.26886e-06 -0.00312926 -0.00517603 0.00156525 0.000774335 0.0013398 0.0189519 0.00389929 0.00726781 0.000970082 0.00535139 0.00789335 0.0218931 -0.00939433
internal_weight=139682 46815.7 32153 92866.4 69372.3 64977.2 1325.63 23494.1 12871.4 63651.5 12807.7 10928.5 1726.58 1879.27
internal_count=619480 241037 166368 378443 283397 265554 5373 95046 52051 260181 52005 44413 6958 7592
is_linear=0
shrinkage=0.05


Tree=53
num_leaves=15
num_cat=0
split_feature=0 57 0 27 54 71 69 71 71 69 71 68 69 69
split_gain=306.134 103.96 101.382 86.1229 83.6838 183.729 102.76 150.267 111.968 274.108 101.836 90.0808 118.225 111.344
threshold=0.018492683768272403 0.016644582152366642 0.010398942977190019 0.80554369091987621 0.46925666928291326 -0.016997806727886196 0.099168736487627043 0.017997297458350662 -0.033630508929491036 -0.1383535638451576 -0.014079896267503498 -0.065314467996358858 -0.042247124016284936 -0.060190718621015542
decision_type=2 10 2 2 8 2 10 2 2 10 2 10 10 10
left_child=2 -2 -1 -4 6 -6 8 -8 11 -10 -7 13 -13 -3
right_child=1 4 3 -5 5 10 7 -9 9 -11 -12 12 -14 -15
leaf_value=-0.029396559193501249 -0.0014741510887946356 -0.0040557251605526402 -0.01030343106009138 -0.0029265569741594197 0.0112585660603816 -0.012694639192009036 -0.0094062802616911648 0.0088793899437632929 0.038692852500336744 0.0017820332078399483 0.0024750314398286986 -0.027145829792552228 -0.0048931666336377933 0.020460750305677365
leaf_weight=450.25075429677963 34956.147365868092 2136.1886159181595 6198.6264968216419 10941.266213856637 6292.9048490673304 1134.6827949136496 5190.7062535136938 1424.5747354924679 500.61090250313282 33846.207482904196 33165.871847376227 837.33350323140621 2039.8248739242554 580.58783772587776
leaf_count=4858 150925 8698 37413 64816 25497 4618 22280 6087 2056 141464 137096 3437 8364 2350
internal_value=-5.93865e-05 0.000829155 -0.00622435 -0.00559885 0.00175309 0.00341207 0.000306157 -0.00546107 0.0012625 0.00233112 0.00196966 -0.00529132 -0.0114409 0.00123938
internal_weight=139696 122106 17590.1 17139.9 87149.5 40593.5 46556 6615.28 39940.8 34346.8 34300.6 5593.93 2877.16 2716.78
internal_count=619959 512872 107087 102229 361947 167211 194736 28367 166369 143520 141714 22849 11801 11048
is_linear=0
shrinkage=0.05


Tree=54
num_leaves=15
num_cat=0
split_feature=0 73 0 71 4 84 13 53 53 27 74 74 8 73
split_gain=234.144 134.232 109.898 107.685 104.265 101.365 98.9863 98.3562 91.5057 77.4536 70.1968 103.732 69.6751 70.6185
threshold=0.017690218985080722 0.68766510486602794 0.010398942977190019 0.055280340835452087 0.10833333432674409 1.5000000000000002 0.15902742743492129 -0.26075538992881769 -0.8175927698612212 0.84858700633049022 0.00033635373983997857 0.0068846363574266442 1.0000000180025095e-35 0.31674617528915411
decision_type=2 2 2 2 8 2 8 10 10 2 2 2 2 2
left_child=2 3 -1 6 8 -5 7 -2 -3 -4 -6 -12 13 -9
right_child=1 4 9 5 10 -7 -8 12 -10 -11 11 -13 -14 -15
leaf_value=-0.030772181959384477 0.003937839131691807 -0.0181849670053255 -0.0097873200910095319 -0.022178396791827509 0.0042119088200567841 0.0045334439917289115 -0.017177505907270168 0.0043226893812542549 -0.0042651288690753767 -0.0021970984352189466 -0.0069795552016903312 0.0026990310173165949 0.005714613050961305 -0.00081642337311222399
leaf_weight=430.56352932751179 35617.602561369538 1304.9294868558645 5791.0651780813932 903.25351363420486 6781.6733763068914 576.38945625722408 676.56632769107819 7910.7837643176317 11712.322728917003 8009.2132744789124 5647.9374451935291 5412.830039665103 5916.9803777039051 42825.669828563929
leaf_count=4758 145558 6123 36252 3697 27680 2340 2745 32484 53930 48892 23240 22188 25712 183702
internal_value=-0.000100813 0.000589694 -0.00617611 0.00152528 -0.00227267 -0.0118123 0.00173885 0.0018794 -0.00567343 -0.00538699 0.00021019 -0.00224497 0.000584812 -1.44435e-05
internal_weight=139518 125287 14230.8 94427.2 30859.7 1479.64 92947.6 92271 13017.3 13800.3 17842.4 11060.8 56653.4 50736.5
internal_count=619301 529399 89902 396238 133161 6037 390201 387456 60053 85144 73108 45428 241898 216186
is_linear=0
shrinkage=0.05


Tree=55
num_leaves=15
num_cat=0
split_feature=51 2 27 69 69 73 68 73 71 72 72 69 69 68
split_gain=179.789 129.381 108.289 100.885 187.633 379.506 159.135 169.231 161.603 117.322 135.264 124.434 113.177 617.628
threshold=-0.036462103947997086 0.0097230398096144217 0.8731699287891389 0.1011449657380581 0.1354017108678818 0.66104114055633556 0.019834049046039585 0.63069283962249767 0.014137300197035076 0.0045173054095357665 0.003951302496716381 0.054717440158128745 0.04022012650966645 -0.014754017814993857
decision_type=10 2 2 10 10 2 10 2 2 10 8 8 8 8
left_child=3 -2 -3 9 6 -6 7 -5 -8 10 11 -1 -11 -14
right_child=1 2 -4 4 5 -7 8 -9 -10 12 -12 -13 13 -15
leaf_value=0.023648314457787485 -0.027945834645674014 -0.00609894799415432 -0.00025689465716018133 0.010879093473681456 0.043936664715647826 0.0011787344921540517 -0.010876396981596549 -0.018980663206538285 0.00090013441261610645 0.00039231822964047418 -0.010190200904248218 -0.00099706049186079723 0.026568156634632412 0.0024179928563832455
leaf_weight=580.82133680582047 515.43030843883753 14601.026130370796 17354.800841040909 2577.9546175524592 587.48859439045191 3952.5513845309615 8997.0613273531199 571.54370595514774 4303.4900566712022 38919.121352300048 4254.8162695020437 3841.7198083773255 2850.978976778686 35515.667353898287
leaf_count=2747 5336 72173 84401 10918 2468 16524 39187 2366 18673 161479 19502 18163 11916 153504
internal_value=-7.48921e-05 -0.00333289 -0.00292728 0.000914463 -0.0021925 0.00679608 -0.00467588 0.00541748 -0.0070682 0.00167327 -0.00383636 0.00228572 0.00229229 0.00421902
internal_weight=139424 32471.3 31955.8 106953 20990.1 4540.04 16450 3149.5 13300.6 85963.1 8677.36 4422.54 77285.8 38366.6
internal_count=619357 161910 156574 457447 90136 18992 71144 13284 57860 367311 40412 20910 326899 165420
is_linear=0
shrinkage=0.05


Tree=56
num_leaves=15
num_cat=0
split_feature=57 23 53 70 69 70 69 70 68 68 69 70 68 69
split_gain=139.386 133.965 96.1443 73.1665 150.775 97.1432 64.5326 150.412 200.329 121.89 104.768 109.974 102.561 98.262
threshold=0.01358650764450431 0.017778127454221252 -0.075859788805246339 0.025992065668106083 -0.078645620495080934 0.021026453934609893 0.08398406952619554 -0.0067627644166350356 0.029120756313204769 0.0050384802743792543 0.091497793793678298 -0.014178188517689703 0.049752205610275275 0.11499396711587907
decision_type=10 2 8 2 8 2 10 2 10 10 10 2 10 10
left_child=1 2 -1 5 -5 6 -2 8 10 -9 -8 -12 -11 -14
right_child=3 -3 -4 4 -6 -7 7 9 -10 12 11 -13 13 -15
leaf_value=-0.0012711863563906239 0.0017753608659906055 0.0018231439660389489 -0.0073344445526304751 0.0062505338722626692 -0.027496446617668088 0.016225150671312229 -0.018250654056375101 0.019190250139498807 0.024034975919255328 -0.003946144751398914 0.021263647674298579 -0.0024575872494856169 -0.0071267120978460996 0.01121801279209779
leaf_weight=11876.619530774653 67350.780075237155 11651.558655075729 14548.918618567288 650.27798974514008 657.74209064990282 1034.8625271394849 585.05203751474619 635.88522593677044 1308.5554900765419 23724.197936207056 720.0175748243928 1472.1918581575155 1062.3083427622914 2284.9347109571099
leaf_count=55376 289073 49713 79036 2616 2697 4241 2476 2656 5600 103038 2996 6260 4623 9799
internal_value=-6.28442e-05 -0.00264213 -0.0046109 0.000905049 -0.0107991 0.00105893 0.000899006 -0.000957444 0.00798658 -0.00227877 0.000365998 0.00539468 -0.00278996 0.0053921
internal_weight=139564 38077.1 26425.5 101487 1308.02 100179 99143.9 31793.1 4085.82 27707.3 2777.26 2192.21 27071.4 3347.24
internal_count=620200 184125 134412 436075 5313 430762 426521 137448 17332 120116 11732 9256 117460 14422
is_linear=0
shrinkage=0.05


Tree=57
num_leaves=15
num_cat=0
split_feature=73 68 73 74 73 68 2 68 73 59 73 68 68 74
split_gain=171.009 229.405 273.887 162.812 125.975 179.641 130.346 124.282 172.654 108.585 114.601 216.203 211.773 172.868
threshold=0.68766510486602794 0.041905201971530921 0.64309170842170726 -0.0087800291366875154 0.7626253366470338 0.053823901340365417 0.037805799394845969 0.050770904868841178 0.74363458156585704 1.5000000000000002 0.31674617528915411 -0.033042609691619866 -0.022642364725470539 0.0021507190540432934
decision_type=2 10 2 2 2 10 2 10 2 10 2 10 10 2
left_child=1 9 -3 -4 7 -6 -7 -2 -9 10 11 -1 13 -12
right_child=4 2 3 -5 5 6 -8 8 -10 -11 12 -13 -14 -15
leaf_value=0.00020531872061956021 -0.0074383955267318877 0.024267706399747194 -0.022724674732803471 0.0070253999100518758 0.004668977137671438 -0.011938587609969627 0.0033699378456936539 0.0091813566343830616 -0.019539467510426081 0.0036870004029042414 -0.0043476860808463148 0.014733938851814643 -0.00058097649640055247 -0.02759132068750917
leaf_weight=10469.178426884115 16408.142981745303 2265.2909197881818 569.66122759133577 2215.8839542940259 9409.1560672298074 3826.4587367400527 2175.2814127057791 2552.13221924752 647.77133946865797 20898.444632016122 2047.1203383356333 3379.8905897140503 61373.062547765672 1307.8651371449232
leaf_count=43325 77154 9898 2406 9618 42740 17891 8806 11057 2820 84845 8571 14246 281250 5470
internal_value=-8.53776e-08 0.00101306 0.0113976 0.0008818 -0.00302359 0.000359265 -0.00639376 -0.00568116 0.00332451 0.000484693 -0.000367356 0.00375913 -0.00125069 -0.0134638
internal_weight=139545 104526 5050.84 2785.55 35018.9 15410.9 6001.74 19608 3199.9 99475.6 78577.1 13849.1 64728 3354.99
internal_count=620097 459629 21922 12024 160468 69437 26697 91031 13877 437707 352862 57571 295291 14041
is_linear=0
shrinkage=0.05


Tree=58
num_leaves=15
num_cat=0
split_feature=0 27 15 68 0 15 68 70 68 70 70 70 70 70
split_gain=204.015 152.555 70.6976 77.8154 63.9631 63.4309 63.5311 60.091 72.6816 102.335 87.677 86.904 238.866 83.5564
threshold=0.022464861162006858 0.87000706791877758 16.099148750305179 0.077983114868402495 0.014589797705411913 16.099148750305179 0.066228810697793974 0.025992065668106083 -0.087453853338956819 -0.03048756159842014 0.021026453934609893 -0.011087638791650532 -0.026119079440832135 0.018314933404326442
decision_type=2 2 8 8 2 10 10 2 10 2 2 2 2 2
left_child=1 4 3 -2 -1 -4 7 8 11 -10 13 12 -7 -11
right_child=2 -3 5 -5 -6 6 -8 -9 9 10 -12 -13 -14 -15
leaf_value=-0.014933081064055992 0.0031915262047102809 -0.00032978009795376896 -0.01700036518765926 0.022786088557092372 -0.0056464552576138104 0.0016349477501341068 -0.0089321736290991945 -0.0091810427034800957 -0.018712753632229726 0.0007707805631920712 0.015150786927874641 0.00010639491162053874 0.042319176583076885 -0.014589152044879825
leaf_weight=2129.2842812910676 20194.657141491771 19676.362153358757 509.37961174547672 510.08586798608303 14216.767377473414 967.33624266088009 1727.1068044900894 1490.0904656648636 668.82676044106483 73195.793522462249 1037.7887944281101 1563.2038052380085 566.17717717587948 886.25783844292164
leaf_count=16591 83110 105598 2069 2091 73036 3985 7230 6040 2727 300522 4216 6299 2325 3609
internal_value=-5.65641e-05 -0.00329617 0.00107317 0.00368503 -0.00686455 0.0004182 0.000528325 0.000732698 0.000921102 0.000613758 0.000788299 0.0084168 0.0168325 0.000585082
internal_weight=139339 36022.4 103317 20704.7 16346.1 82612 82102.6 80375.5 78885.4 75788.7 75119.8 3096.72 1533.51 74082.1
internal_count=619448 195225 424223 85201 89627 339022 336953 329723 323683 311074 308347 12609 6310 304131
is_linear=0
shrinkage=0.05


Tree=59
num_leaves=15
num_cat=0
split_feature=4 73 54 73 54 73 12 57 8 5 5 74 73 26
split_gain=157.227 141.734 133.489 116.503 120.322 116.982 98.3401 82.5679 77.8397 70.239 60.9176 55.0053 54.7774 140.749
threshold=0.075000002980232253 0.68766510486602794 0.014753893017768862 0.15441858023405078 0.3499657958745957 0.30328534543514257 0.086019486188888564 0.066986497491598143 1.0000000180025095e-35 0.71594694256782543 0.92990326881408703 -0.0062917259056121102 0.86850854754447948 0.11692235991358758
decision_type=8 2 10 2 8 2 8 8 2 2 2 2 2 8
left_child=1 3 -3 7 8 -6 -7 -1 -5 -2 -8 -12 -11 -14
right_child=9 2 -4 4 5 6 10 -9 -10 12 11 -13 13 -15
leaf_value=0.021692736343263148 -0.01331391449679368 -0.019879902578302723 -0.0045315075036911354 -0.0040589982366553111 0.017758155877651786 0.0070248412067614174 -0.0070714963052545578 -0.00013208835271675388 0.0047000215126771806 0.0019288318014942015 0.0081095637603620912 -0.0011046957775642688 0.0085860621298993814 -0.018042230383397421
leaf_weight=972.07378955185413 776.20188104361296 1603.6256105676293 11712.10834543407 24890.218214698136 1094.6476753056049 4956.0527207404375 3321.9222496077418 775.40404780954123 2815.7763437330723 74306.304547533393 2007.993167296052 8196.8867432698607 872.4279598146677 1126.9859141483903
leaf_count=4100 3347 8856 61781 118256 4755 22738 17311 3160 14730 303030 9401 40096 3667 4839
internal_value=4.58438e-05 -0.00182092 -0.00639346 -0.00057807 -0.0010477 0.00195224 0.00100704 0.0120628 -0.00316744 0.00155579 -0.00120137 0.000714539 0.00170878 -0.00643829
internal_weight=139429 62346.7 13315.7 49031 47283.5 19577.5 18482.9 1747.48 27706 77081.9 13526.8 10204.9 76305.7 1999.41
internal_count=620067 305184 70637 234547 227287 94301 89546 7260 132986 314883 66808 49497 311536 8506
is_linear=0
shrinkage=0.05


Tree=60
num_leaves=15
num_cat=0
split_feature=0 22 0 54 71 74 84 69 68 69 73 71 73 74
split_gain=192.891 80.8475 77.8032 76.9793 136.876 157.063 147.913 87.0974 108.21 295.21 185.535 145.848 145.634 144.66
threshold=0.017690218985080722 84.83414459228517 0.010398942977190019 0.39603215456008917 -0.017622965388000008 -0.020243629813194271 1.5000000000000002 -0.13227118551731107 -0.026530045084655281 -0.078645620495080934 0.31674617528915411 0.0071567022241652021 0.33160872757434851 0.0004852519632549957
decision_type=2 8 2 8 2 2 2 10 10 10 2 2 2 2
left_child=2 3 -1 7 6 -6 -5 -2 12 -10 11 -11 13 -9
right_child=1 -3 -4 4 5 -7 -8 8 9 10 -12 -13 -14 -15
leaf_value=-0.026746861862920936 0.010339651526559746 -0.0023081641889096285 -0.0048993678243727835 0.017033207161145678 -0.020814403819754222 0.0018847430814082165 0.0026708884037575306 -0.0076285350782786185 0.034600574633122612 0.027100123072589299 -0.00065071024281391056 -0.0040118245315214169 -0.019869206675892401 0.0053850450552824251
leaf_weight=410.72579946368933 1885.8750267475843 19843.181383892894 13647.709719911218 3144.9466730058193 765.3521852940321 44629.552467271686 4162.121540248394 5678.4490327686071 618.63754479587078 1083.6675546318293 37944.715452849865 571.0582460463047 1429.0147647410631 3410.1245492249727
leaf_count=4796 7710 85642 85084 12776 3124 187567 16920 23211 2531 4432 163341 2351 5915 13861
internal_value=-5.16535e-06 0.00061871 -0.00555621 0.00117031 0.00252083 0.00149754 0.00886723 -0.000182501 -0.000575576 0.000605575 6.58908e-05 0.0164036 -0.00508845 -0.00274516
internal_weight=139225 125167 14058.4 105324 52702 45394.9 7307.07 52621.5 50735.7 40218.1 39599.4 1654.73 10517.6 9088.57
internal_count=619261 529381 89880 443739 220387 190691 29696 223352 215642 172655 170124 6783 42987 37072
is_linear=0
shrinkage=0.05


Tree=61
num_leaves=15
num_cat=0
split_feature=53 57 67 70 70 69 70 70 72 69 72 72 84 72
split_gain=141.446 133.428 112.439 68.0983 121.216 93.5095 131.038 111.32 76.3064 128.787 127.444 324.958 264.198 227.724
threshold=-0.1429018750786781 0.022623595781624321 0.0050959971267730006 0.01275134924799204 0.0097721503116190451 0.027397851459681991 0.010606001596897842 0.011808764189481737 0.020338352769613269 -0.12452897801995276 0.015816953964531425 0.014212233014404775 2.5000000000000004 0.013415495399385692
decision_type=8 10 2 2 2 10 2 2 10 10 10 10 2 10
left_child=3 2 -2 4 8 7 -7 -6 10 -10 11 13 -12 -1
right_child=1 -3 -4 -5 5 6 -8 -9 9 -11 12 -13 -14 -15
leaf_value=0.0019525889499751783 -0.0059789935730825867 0.00081694580939093158 -0.00058023158751525623 -0.002832725295453272 0.0091857680330486823 0.018943934358434597 -0.0047959560007028749 0.038465055590667076 -0.00881111071103091 0.017371651356146458 -0.015991250590597979 0.020664505932636516 0.0062634423502049095 -0.014858652359612213
leaf_weight=43886.52054040134 20958.129932880402 33323.773688793182 17862.270778261125 7411.0675297006965 785.08253118395805 978.31510280817747 1403.9564941674471 554.09857852756977 633.65864132344723 1749.0531610399485 2965.366268388927 2234.7398204281926 2409.2814738079906 2101.3569041714072
leaf_count=184949 110299 145498 83949 30308 3215 4113 5854 2270 2607 7075 12060 9102 9801 8551
internal_value=3.3033e-05 -0.00150381 -0.00349567 0.00168508 0.00224628 0.0109724 0.00499162 0.0214957 0.00166433 0.0104009 0.00127407 0.00208835 -0.00602208 0.00118136
internal_weight=139257 72144.2 38820.4 67112.5 59701.4 3721.45 2382.27 1339.18 55980 2382.71 53597.3 48222.6 5374.65 45987.9
internal_count=619651 339746 194248 279905 249597 15452 9967 5485 234145 9682 224463 202602 21861 193500
is_linear=0
shrinkage=0.05


Tree=62
num_leaves=15
num_cat=0
split_feature=0 14 73 68 71 71 68 74 71 74 71 74 74 74
split_gain=164.43 82.4917 82.4427 148.208 114.048 145.544 148.152 152.624 139.348 132.647 111.35 110.365 219.644 104.147
threshold=0.017069246619939808 0.2310341149568558 0.68766510486602794 0.03362549655139447 0.055280340835452087 0.029813220724463466 0.029907493852078918 0.0097516253590583819 0.027253056876361374 0.021271942183375362 -0.0012844292214140294 0.0069592213258147248 0.0067960366141051063 -0.0074305415619164697
decision_type=2 8 2 10 2 2 8 2 2 2 2 2 2 2
left_child=1 -1 3 4 5 8 7 -7 11 -9 -5 12 -2 -4
right_child=2 -3 13 10 -6 6 -8 9 -10 -11 -12 -13 -14 -15
leaf_value=-0.0043242699891988647 -0.00032728073388241935 -0.018143505418009836 0.0069459635859722693 0.018045956648157876 -0.013331740720287116 0.01696485093644853 -0.015638010876904182 -0.0097605493927409373 -0.020517138199492579 0.020681659262500592 0.00440673501955831 0.0040010445792351612 -0.030675165106050707 -0.0027412915257554668
leaf_weight=10519.774942524731 60227.155273333192 1195.4508417025208 3067.2845980226994 1784.7740747332573 1462.3727116733789 3504.3025606572628 572.31838127970695 1251.5762066096067 798.25678080320358 489.54801334440708 9078.2931646108627 16325.90827524662 592.18022565543652 28223.963210389018
leaf_count=69426 254686 8203 13025 7457 5980 14638 2363 5218 3356 1995 38819 68258 2494 123306
internal_value=-8.26467e-05 -0.00574869 0.000438882 0.00116478 0.00046335 0.000705758 0.0083276 0.0109672 0.000135865 -0.00113196 0.00666216 0.000352202 -0.000627764 -0.0017898
internal_weight=139093 11715.2 127378 96086.7 85223.6 83761.2 5817.75 5245.43 77943.5 1741.12 10863.1 77145.2 60819.3 31291.2
internal_count=619224 77629 541595 405264 358988 353008 24214 21851 328794 7213 46276 325438 257180 136331
is_linear=0
shrinkage=0.05


Tree=63
num_leaves=15
num_cat=0
split_feature=53 54 71 5 73 71 71 84 72 72 71 72 71 19
split_gain=131.131 179.941 139.506 82.6035 121.884 138.05 122.452 144.036 142.654 108.263 175.673 188.534 136.616 132.309
threshold=-0.099457152187824235 0.37077189981937414 -0.017622965388000008 1.3451806902885439 0.15441858023405078 -0.03858648054301738 0.041986452415585525 2.5000000000000004 0.023218872956931595 0.016601774841547016 -0.0024792306357994671 0.018204551190137867 -0.02760831173509359 -0.0027702415827661748
decision_type=8 8 2 2 2 2 2 2 10 10 2 10 2 10
left_child=3 -2 -3 4 5 -1 8 -8 9 -6 12 -12 -11 -13
right_child=1 2 -4 -5 6 -7 7 -9 -10 10 11 13 -14 -15
leaf_value=0.00025350240254584866 -0.0069712925931688929 0.0086525928062354106 -0.0012448320624356901 -0.0090870114941353896 0.00168323690038395 0.018944157477727385 -0.01626950898947226 0.0070187899422058707 0.018817882356646609 -0.014060651251520574 -0.023895552287511744 -0.022620478339873615 0.016375772591502108 0.0067580799316752337
leaf_weight=1894.9291141778231 13454.316301174462 3899.0121004208922 39904.930423028767 1895.3792824596167 66518.903274185956 2054.6520636379719 2063.5088478177786 969.79487561434507 1148.4162521213293 516.09607937932014 1719.2439372986555 514.33765576034784 1228.678341858089 1414.3515730425715
leaf_count=7702 73763 16552 183376 7755 283120 8377 8529 4000 4614 2106 7049 2079 4981 5733
internal_value=-8.03871e-05 -0.00191603 -0.000362083 0.00120244 0.00144719 0.01 0.001002 -0.00882528 0.00141116 0.0011306 -0.00567661 -0.0119073 0.007344 -0.00115278
internal_weight=139197 57258.3 43803.9 81938.3 80042.9 3949.58 76093.3 3033.3 73060 71911.6 5392.71 3647.93 1744.77 1928.69
internal_count=619736 273691 199928 346045 338290 16079 322211 12529 309682 305068 21948 14861 7087 7812
is_linear=0
shrinkage=0.05


Tree=64
num_leaves=15
num_cat=0
split_feature=51 5 69 74 70 69 68 74 70 70 74 71 69 74
split_gain=124.344 116.261 81.4977 74.2736 68.2532 154.497 92.6538 190.548 109.779 101.877 120.851 365.367 122.887 93.5447
threshold=-0.037065904587507241 0.77515429258346569 -0.051937524229288094 -0.04474180564284324 0.025992065668106083 -0.05704184249043464 -0.087453853338956819 -0.015288716182112692 0.021026453934609893 0.018314933404326442 0.018496754579246048 0.011539016384631397 0.032943865284323699 -0.019179445691406723
decision_type=10 2 10 2 2 10 8 2 2 2 2 2 8 2
left_child=3 -2 -3 -1 6 -6 7 -5 9 10 13 -12 -13 -8
right_child=1 2 -4 4 5 -7 8 -9 -10 -11 11 12 -14 -15
leaf_value=-0.016304310726719267 -0.027652344821565696 -0.010955066572554724 -0.001635002667480269 0.027184432746036255 0.0040253904571523605 -0.026329422728890269 -0.0063365041685526985 -0.0027121879589045495 0.015289673917414518 -0.013679245466414518 0.033272497060694219 -0.018957893302842831 0.011902302865970063 0.00091002595377447895
leaf_weight=621.23943631350994 451.36135140806437 2537.1154800131917 29735.956239894032 996.7441359013319 971.15411598980427 724.54596345126629 4669.1217789202929 1129.0291957557201 1288.5454025939107 1213.9840056449175 1081.586691647768 751.22800299525261 550.92246533185244 92366.067195251584
leaf_count=2602 2913 13053 148355 4102 3917 2989 19234 4576 5286 5021 4464 3072 2309 397664
internal_value=-3.31349e-05 -0.0027279 -0.00237086 0.000796126 0.000898123 -0.00902307 0.00106066 0.0113675 0.0008446 0.000658138 0.000834567 0.0119331 -0.00591015 0.000560722
internal_weight=139089 32724.4 32273.1 106364 105743 1695.7 104047 2125.77 101921 100633 99418.9 2383.74 1302.15 97035.2
internal_count=619557 164321 161408 455236 452634 6906 445728 8678 437050 431764 426743 9845 5381 416898
is_linear=0
shrinkage=0.05


Tree=65
num_leaves=15
num_cat=0
split_feature=0 27 68 68 69 70 72 68 72 84 70 69 70 72
split_gain=150.493 114.07 79.2866 145.588 118.938 67.1904 65.9624 65.1565 65.0973 75.5544 70.5346 161.297 68.809 83.2936
threshold=0.024354385212063793 1.0883187055587771 0.058957034721970565 0.044730186462402351 0.10693511739373208 -0.0041363756172358981 0.0050333135295659312 0.04608424939215184 0.0047534215264022359 2.5000000000000004 0.025992065668106083 -0.05704184249043464 -0.044312106445431702 0.023218872956931595
decision_type=2 2 10 10 8 2 10 10 10 2 2 10 2 10
left_child=1 2 3 4 -1 -6 -7 -5 9 -2 12 -12 -10 -14
right_child=8 -3 -4 7 5 6 -8 -9 10 -11 11 -13 13 -15
leaf_value=-0.0031420660631752868 -0.0070082425116848304 0.0013450245488082853 -0.018766392300488023 0.024518079880562624 0.0010352409843994114 -0.025847308056927601 -0.01073726309394041 0.0036791467428245665 -0.015229691429267202 0.0025901186802076838 0.0047484915937466565 -0.025871357429252645 0.0014619839614421143 0.010528652684857405
leaf_weight=21918.781885489821 5104.524926379323 13481.60041244328 891.38228229433298 430.6331624686718 950.92937387526035 878.81983602792025 4081.6196178644896 2560.1507525518537 591.26684848964214 3415.0358835756779 987.26979029178619 748.61375862360001 80617.907108172774 2605.6834878772497
leaf_count=115170 21171 69369 4855 2205 4952 5107 21690 13307 2468 14151 3974 3086 328388 10544
internal_value=-0.000135899 -0.00250693 -0.00414439 -0.00371555 -0.0048424 -0.0111311 -0.0134609 0.00675138 0.00100335 -0.00316225 0.00141851 -0.00852911 0.00162552 0.00174709
internal_weight=139264 45193.9 31712.3 30820.9 27830.2 5911.37 4960.44 2990.78 94070.3 8519.56 85550.7 1735.88 83814.9 83223.6
internal_count=620437 236655 167286 162431 146919 31749 26797 15512 383782 35322 348460 7060 341400 338932
is_linear=0
shrinkage=0.05


Tree=66
num_leaves=15
num_cat=0
split_feature=0 73 73 54 71 70 74 70 73 71 84 73 73 74
split_gain=129.893 110.707 82.1543 113.78 120.208 113.374 89.5588 93.3999 87.547 79.2891 90.9563 80.4496 130.088 112.859
threshold=0.013575550634413959 0.68766510486602794 0.75795969367027294 0.018354947678744796 -0.0065066625829786054 -0.0071474877186119548 0.017686319537460807 0.016361031681299213 0.83464953303337108 0.055280340835452087 1.5000000000000002 0.31674617528915411 0.32804124057292944 0.00067992354161106061
decision_type=2 2 2 10 2 2 2 2 2 2 2 2 2 2
left_child=-1 9 3 -3 -5 -4 8 -8 -7 11 -11 13 -13 -2
right_child=1 2 5 4 -6 6 7 -9 -10 10 -12 12 -14 -15
leaf_value=-0.010513581540292534 0.0012346325997183013 -0.015721915110332288 0.015000647745693742 0.013300842117330253 -0.0042681808126208559 0.00087708213594002774 0.025212371205987457 -0.0038237447039471857 -0.0076010265078310952 -0.020108397252127028 0.0050956206542961853 -0.015686904382698454 0.00083148869131187452 0.009343950607943045
leaf_weight=2843.7315266057849 11554.387291185558 2009.4157582297921 1215.6879506856203 1032.3962562382221 14813.205435477197 9189.1407965272665 633.37362925708294 482.20250137150288 4542.7278967350721 909.85345149040222 580.47886116802692 1199.705113619566 81066.988389186561 6818.1414889320731
leaf_count=24065 47638 9418 5107 4409 67423 41372 2714 2042 20407 3752 2363 5019 355392 27899
internal_value=4.36451e-05 0.000265074 -0.00220951 -0.00454253 -0.00311583 0.000384992 -0.000821008 0.0127392 -0.00193111 0.00108704 -0.010323 0.00125702 0.000588722 0.00424749
internal_weight=138891 136048 33918.2 17855 15845.6 16063.1 14847.4 1115.58 13731.9 102130 1490.33 100639 82266.7 18372.5
internal_count=619020 594955 152892 81250 71832 71642 66535 4756 61779 442063 6115 435948 360411 75537
is_linear=0
shrinkage=0.05


Tree=67
num_leaves=15
num_cat=0
split_feature=72 69 71 72 68 69 72 84 71 72 69 72 69 71
split_gain=129.233 225.615 149.363 227.825 245.084 287.287 215.238 223.089 205.968 146.127 145.654 313.698 175.867 273.17
threshold=0.0063372445292770871 0.013193483930081131 0.0083840866573154944 0.0080920867621898668 0.0022250108886510138 0.08398406952619554 0.0069692961405962714 1.5000000000000002 0.0089188129641115683 0.0064267355483025321 0.12974925339221957 0.0050841558258980521 0.08398406952619554 0.013157180976122619
decision_type=10 8 2 10 10 8 10 2 2 10 10 8 8 2
left_child=1 -1 3 4 -2 6 7 -6 -4 -10 12 -12 -3 -14
right_child=2 10 8 -5 5 -7 -8 -9 9 -11 11 -13 13 -15
leaf_value=0.032358775969629078 -0.002936010022669436 -0.00060130413079357604 -0.024811511468650228 0.00065412593264567063 -0.010489638749589542 0.0052021719938394181 0.032264763814741963 0.021785133342336876 0.023382585453184918 -0.0011471942384190623 0.035814540984095505 -0.0038154313776304566 -0.010961340690479047 0.0048376644908974462
leaf_weight=452.10851386189461 4050.4599664956331 21924.486925058067 901.30201628059149 40755.124834135175 817.49105145037174 7416.4022053107619 2222.3112959936261 1515.3769766315818 606.47610704600811 40097.652643047273 746.48289907723665 1464.2137889042497 12467.978733047843 3498.0693489164114
leaf_count=2074 17672 108583 4004 171554 3730 32990 9884 6912 2746 173343 3324 6480 59365 16759
internal_value=-5.94916e-06 -0.00238078 0.000973098 0.00264061 0.00769006 0.0112847 0.0211548 0.0104788 -0.00130258 -0.000776056 -0.00278041 0.00966738 -0.00350902 -0.00749901
internal_weight=138936 40553.3 98382.6 56777.2 16022 11971.6 4555.18 2332.87 41605.4 40704.1 40101.2 2210.7 37890.5 15966
internal_count=619420 196585 422835 242742 71188 53516 20526 10642 180093 176089 194511 9804 184707 76124
is_linear=0
shrinkage=0.05


Tree=68
num_leaves=15
num_cat=0
split_feature=0 8 0 27 0 5 68 69 71 68 68 69 68 68
split_gain=143.37 82.8982 82.1742 90.8777 75.4105 69.632 66.5592 63.605 59.3884 132.13 78.4618 67.6267 96.5718 112.336
threshold=0.016011931002140049 1.0000000180025095e-35 0.0351056456565857 1.1093119382858279 0.010398942977190019 1.2608050107955935 0.064782563596963896 -0.026822932995855805 0.036750210449099548 0.050416177138686187 0.077983114868402495 -0.010585022158920763 -0.013966090977191923 0.053079243749380119
decision_type=2 2 2 2 2 2 10 10 2 8 10 10 10 10
left_child=4 2 3 6 -1 8 -2 -6 10 -10 11 12 -4 -14
right_child=1 -3 5 -5 7 -7 -8 -9 9 -11 -12 -13 13 -15
leaf_value=-0.02744107448155483 -0.0019937857646107138 0.0040546166336845411 0.0023204629230447883 0.0017535936540490069 -0.018440392046322484 -0.0052365926651956451 -0.016306949639349918 -0.0037308041111983612 0.00096419173948799795 -0.021861253809939411 0.020464640051655127 0.0011528935335392483 0.015650324485405258 -0.0087014247313585823
leaf_weight=394.88255164772272 49200.201762631536 14058.522077664733 7058.6581690460443 20040.637142777443 812.81410159915686 3423.2538867145777 816.10747717320919 6983.0727588757873 3064.1699081212282 789.18785126507282 604.96676577627659 27850.450083553791 3291.9024117290974 546.28635227680206
leaf_count=4839 219197 61773 28483 88420 5787 13861 3845 47783 12336 3218 2441 112080 13208 2210
internal_value=2.66396e-05 0.000428855 -8.29343e-06 -0.00109075 -0.00638638 0.00161791 -0.00223054 -0.00528611 0.00216209 -0.00375506 0.0027423 0.00246039 0.005798 0.0121708
internal_weight=138935 130744 116686 70056.9 8190.77 46628.9 50016.3 7795.89 43205.6 3853.36 39352.3 38747.3 10896.8 3838.19
internal_count=619481 561072 499299 311462 58409 187837 223042 53570 173976 15554 158422 155981 43901 15418
is_linear=0
shrinkage=0.05


Tree=69
num_leaves=15
num_cat=0
split_feature=15 73 54 74 74 12 72 72 5 69 73 72 73 84
split_gain=104.307 98.5644 91.2354 95.2195 119.856 88.2012 90.4224 82.4138 79.1179 77.306 83.836 112.84 102.942 84.7264
threshold=27.824911117553714 0.86850854754447948 0.47864304482936865 -0.0059896605089306823 0.017686319537460807 -0.06859987229108809 0.0040517377201467761 0.0045173054095357665 0.71594694256782543 0.098293159157037749 0.48414604365825659 0.0090500498190522211 0.78125637769699108 1.5000000000000002
decision_type=8 2 8 2 2 10 10 10 2 8 2 10 2 2
left_child=2 8 5 -4 9 -1 -7 -8 -2 -5 -11 12 -12 -13
right_child=1 -3 3 4 -6 6 7 -9 -10 10 11 13 -14 -15
leaf_value=0.0021836073765048375 -0.020667372863440742 -0.018779015460541424 0.0074709705900033764 0.0029625077452232092 0.01305045431962213 0.0066725423599823313 -0.012566079223867779 -0.0020384964784719343 -0.0015529085785130953 0.0083454910860030363 -0.0092540882507365241 -0.0060233588337192919 0.0037149321186967597 0.010982477305707979
leaf_weight=20129.26787494123 538.66721429675817 863.26974197477102 8133.9520010575652 16012.712477020919 2058.1304121017456 2805.2215381637216 1965.2850155457854 31756.947547972202 41177.563198536634 1663.1232162341475 7028.7117259725928 1164.4584679305553 1949.1306962072849 1941.1818980127573
leaf_count=83618 2723 4106 34244 68844 8499 15604 10708 148774 182733 7227 31499 5031 8685 8322
internal_value=-9.16475e-05 -0.00215309 0.000817052 0.00264654 0.00141124 -0.000473249 -0.00193757 -0.00265557 -0.00180462 0.000602172 -0.00214742 -0.00359733 -0.00643745 0.00460728
internal_weight=139188 42579.5 96608.1 39951.4 31817.4 56656.7 36527.5 33722.2 41716.2 29759.3 13746.6 12083.5 8977.84 3105.64
internal_count=620617 189562 431055 172351 138107 258704 175086 159482 185456 129608 60764 53537 40184 13353
is_linear=0
shrinkage=0.05


Tree=70
num_leaves=15
num_cat=0
split_feature=0 15 57 53 69 54 73 73 69 54 71 74 0 73
split_gain=114.846 89.2919 101.231 75.3331 74.1477 71.4502 68.8734 55.7021 68.7156 52.5045 100.145 119.54 100.509 84.5471
threshold=0.014589797705411913 15.750636100769045 0.022623595781624321 -0.21898809075355527 -0.010585022158920763 0.47383806109428411 0.19408389180898669 0.28450997173786169 -0.010585022158920763 0.66206374764442455 -0.016997806727886196 -0.019179445691406723 0.04893529228866101 0.31674617528915411
decision_type=2 8 10 8 10 10 2 2 10 8 2 2 2 2
left_child=4 -2 3 6 -1 -5 -3 -8 -9 13 12 -12 -11 -4
right_child=1 2 9 5 -6 -7 7 8 -10 10 11 -13 -14 -15
leaf_value=-0.02583520642435292 0.0029880513460536261 0.019795132179931122 0.0038515203095099968 -0.0051580270502701048 -0.0054673920341699773 -0.0004994751533712985 -0.013462815795924031 0.010851273621427709 -0.00038863593798615269 0.017661793179000809 -0.021407386237816493 0.0020795181691775364 0.0013904372720181357 -0.0013872528880637133
leaf_weight=493.60298551619053 25646.805606931448 489.95026510953903 10195.617118254304 20162.592080697417 4069.9382593259215 13907.743340782821 632.51623030006886 1677.4113589376211 7000.1776176914573 2075.6188023984432 547.7366391569376 18939.304445981979 1744.9714067131281 31379.036550611258
leaf_count=4112 112189 1985 41640 96633 32131 61906 2576 6841 29506 8465 2232 78059 7021 134511
internal_value=6.96621e-05 0.000334786 -0.000291142 -0.00214605 -0.00772209 -0.00325708 0.00171586 0.000744206 0.00179407 0.000963201 0.00286228 0.00140871 0.0102532 -0.000101898
internal_weight=138963 134399 108753 43870.4 4563.54 34070.3 9800.06 9310.11 8677.59 64882.3 23307.6 19487 3820.59 41574.7
internal_count=619807 583564 471375 199447 36243 158539 40908 38923 36347 271928 95777 80291 15486 176151
is_linear=0
shrinkage=0.05


Tree=71
num_leaves=15
num_cat=0
split_feature=5 3 72 73 73 69 72 69 69 70 73 73 72 69
split_gain=98.4542 112.526 96.8804 176.254 236.072 185.418 141.89 268.844 233.845 134.674 128.999 177.259 128.744 119.631
threshold=0.71594694256782543 0.17500000447034839 0.0062103387899696836 0.47465904057025915 0.39324033260345465 0.08398406952619554 0.0075098148081451663 0.099168736487627043 0.093126293271780028 -0.0016400194726884363 0.49130095541477209 0.40570393204689031 0.0076136644929647454 0.097556669265031828
decision_type=2 2 10 2 2 8 10 8 10 2 2 2 10 10
left_child=1 -1 3 4 -2 -5 7 8 10 -6 11 -4 -8 -10
right_child=2 -3 6 5 9 -7 12 -9 13 -11 -12 -13 -14 -15
leaf_value=-0.034397690915632606 -0.014528743107941678 -0.00019084586450869698 0.0061729241894792446 0.00010728559154757264 0.0024873394608418233 -0.0072448531778055289 -0.013632007805177643 -0.0018567227298301012 0.048614526081129539 0.024515148191993293 0.010063917938710719 -0.021888071831301315 0.00023633456484893915 0.013592971466832538
leaf_weight=434.14459227770567 857.54652783274651 524.37512896955013 1804.2797071039677 19575.27945651859 1198.8104005157948 15250.903746575117 1701.3726502358913 9581.5011349916458 525.2221255749464 1645.5129631534219 9052.4481739252806 806.0332924798131 75540.588182546198 467.403833091259
leaf_count=2613 3946 2116 7790 97577 5476 72927 7577 42960 2285 7562 40875 3464 320832 2098
internal_value=6.57566e-06 -0.0158794 0.000118054 -0.00201033 0.00834822 -0.00311348 0.000942494 0.00446093 0.00924177 0.0152722 0.00724265 -0.00254244 -7.0862e-05 0.0324238
internal_weight=138965 958.52 138007 38528.1 3701.87 34826.2 99478.8 22236.9 12655.4 2844.32 11662.8 2610.31 77242 992.626
internal_count=620098 4729 615369 187488 16984 170504 427881 99472 56512 13038 52129 11254 328409 4383
is_linear=0
shrinkage=0.05


Tree=72
num_leaves=15
num_cat=0
split_feature=18 54 71 14 69 72 70 71 72 71 69 71 68 69
split_gain=105.507 120.926 140.835 126.098 122.31 92.5565 89.1999 125.598 91.817 87.8314 87.8885 155.15 116.585 112.434
threshold=64.985385894775405 0.49818494915962225 -0.017622965388000008 -0.076197799295186983 0.082137607038021102 0.0072806486859917649 -0.0099967392161488516 0.00064631964778527628 0.016391023062169555 0.040108343586325652 -0.012004304677247999 -0.0066218213178217402 -0.020313972607254979 -0.0020994962542317803
decision_type=2 8 2 10 8 10 2 2 10 2 10 2 10 10
left_child=1 3 4 6 5 -3 7 8 -1 10 11 12 -8 -12
right_child=-2 2 -4 -5 -6 -7 9 -9 -10 -11 13 -13 -14 -15
leaf_value=-0.005876590594980852 -0.0034493711489449646 0.021636515455658999 0.0014535828638693232 -0.0020846442924086716 0.021441289810187676 0.0020849030332936221 -0.0078350308912021015 -0.0242599116209571 0.015492884932106685 -0.0090592123826623051 -0.02010611211075701 0.018356176994082138 0.0188140422217557 0.0035550838112892733
leaf_weight=1837.5170317441225 19476.136894144118 715.66987770050764 40320.199892275035 51654.740664340556 1603.6019031852484 3666.7337587624788 1400.3473899737 671.42555887252092 680.53860683739185 1221.6151938736439 514.60869396477938 2703.2186339199543 568.85813167691231 11739.530677385628
leaf_count=7501 92235 2975 173876 240337 6648 14932 5643 2729 2788 5002 2119 10956 2316 49175
internal_value=-3.82592e-05 0.000518866 0.00251721 -0.00074905 0.00966715 0.00531978 0.00248365 -0.00521647 -6.27621e-05 0.00383905 0.00477473 0.0106024 -8.05647e-05 0.00254586
internal_weight=138775 119299 46306.2 72992.4 5986.01 4382.4 21337.7 3189.48 2518.06 18148.2 16926.6 4672.42 1969.21 12254.1
internal_count=619232 526997 198431 328566 24555 17907 88229 13018 10289 75211 70209 18915 7959 51294
is_linear=0
shrinkage=0.05


Tree=73
num_leaves=15
num_cat=0
split_feature=0 2 13 54 71 74 69 74 73 71 74 74 74 71
split_gain=104.178 77.5827 74.9614 80.0338 144.153 131.491 92.2091 89.3758 78.4006 205.429 144.446 181.902 115.483 119.614
threshold=0.0171976936981082 0.0088789681904017943 -0.12132228910923003 0.68789124488830578 -0.017622965388000008 -0.019179445691406723 -0.023623042739927765 -0.007328484905883669 0.15441858023405078 -0.03858648054301738 -0.019179445691406723 -0.017201921902596947 -0.0071576868649572125 -0.0033090977231040593
decision_type=2 2 10 8 2 2 8 2 2 2 2 2 2 2
left_child=1 -1 -2 8 6 -6 -5 -7 9 -4 -10 -12 -11 -14
right_child=2 -3 3 4 5 7 -8 -9 10 12 11 -13 13 -15
leaf_value=-0.025625687373971563 -0.013607452110066975 -0.0036437229456458674 -0.0040027279324151349 -0.0047017526965105159 -0.02134806917131276 0.0083961275230408049 0.013938344483985735 0.00080643250421829184 -0.010624462245521592 0.03457787201612457 0.019824173323093587 -0.00051824690209674917 -0.0060494750012012911 0.024167292533483608
leaf_weight=406.25041560828686 928.99040457606316 11561.819804832339 2256.1888179779053 798.31691424548626 618.85957483947277 4392.9503149837255 3797.004117846489 32617.228239767253 3478.870202049613 680.28664450347424 1105.3050053119659 74857.092577621341 646.15881901979446 647.52314302325249
leaf_count=4796 3783 75445 9203 3225 2531 18125 15368 136904 14414 2823 4567 323133 2617 2628
internal_value=4.66175e-05 -0.00441066 0.000467552 0.000572485 0.00234684 0.00132454 0.0106969 0.00170932 -0.000323108 0.00630138 -0.000676604 -0.00021968 0.0180395 0.00914421
internal_weight=138793 11968.1 126825 125896 42224.4 37629 4595.32 37010.2 83671.4 4230.16 79441.3 75962.4 1973.97 1293.68
internal_count=619562 80241 539321 535538 176153 157560 18593 155029 359385 17271 342114 327700 8068 5245
is_linear=0
shrinkage=0.05


Tree=74
num_leaves=15
num_cat=0
split_feature=2 54 14 74 74 68 71 69 70 71 71 71 73 69
split_gain=101.113 85.5687 120.341 112.305 117.353 150.167 142.058 96.3602 98.1472 95.5423 94.0707 93.9049 93.1173 153.041
threshold=0.0097230398096144217 0.46925666928291326 -0.040291063487529748 -0.0062917259056121102 -0.019179445691406723 -0.026530045084655281 -0.019379357807338234 0.098293159157037749 -0.0060291055124253026 -0.02081507537513971 0.018247541971504692 0.040108343586325652 0.68957170844078075 0.13169145584106448
decision_type=2 10 8 2 2 10 2 10 2 2 2 2 2 10
left_child=-1 2 11 4 6 -6 -3 -5 -9 -7 -10 -2 13 -4
right_child=1 3 12 7 5 9 -8 8 10 -11 -12 -13 -14 -15
leaf_value=-0.019440152089749127 0.0022065393811888266 0.0076532788149522068 -0.001569427227028231 0.0025408266576017659 -0.0097867032295793684 0.025353672195397754 -0.019528548583242007 0.015799613450410376 -0.0057691035320292768 0.0091616937917013697 0.0032646579846152667 -0.0095955346520506472 -0.0062475918005828503 0.023977942021206174
leaf_weight=659.00272529944777 30596.73352137953 1062.673299536109 44612.627348199487 23516.258271858096 914.40332828462124 1073.4418720602989 861.86713980138302 687.6380280405283 10937.874704375863 5926.6753193438053 3903.9090376794338 1773.8492300510406 11641.096624836326 584.03988418728113
leaf_count=7107 129424 4322 206044 100616 3703 4372 3556 2864 47090 24930 16651 7331 58867 2655
internal_value=-4.86783e-05 4.52619e-05 -0.000876069 0.00172641 0.00649763 0.00918824 -0.00455758 0.000522759 -0.00253288 0.0116773 -0.00339231 0.00155704 -0.00226182 -0.00123407
internal_weight=138752 138093 89208.3 48884.7 9839.06 7914.52 1924.54 39045.7 15529.4 7000.12 14841.8 32370.6 56837.8 45196.7
internal_count=619532 612425 404321 208104 40883 33005 7878 167221 66605 29302 63741 136755 267566 208699
is_linear=0
shrinkage=0.05


Tree=75
num_leaves=15
num_cat=0
split_feature=5 0 69 70 69 74 84 71 84 84 69 74 84 54
split_gain=92.1911 116.912 77.3432 197.425 134.446 152.918 161.265 157.084 132.712 116.607 106.285 97.2786 100.658 88.7136
threshold=0.71594694256782543 0.043138336390256889 0.1354017108678818 -0.006910554599016904 0.1011449657380581 -0.0042130858637392512 1.0000000180025095e-35 0.017997297458350662 1.5000000000000002 2.5000000000000004 0.12489066645503046 0.0070995052810758361 1.0000000180025095e-35 0.50790929794311535
decision_type=2 2 10 2 10 2 2 2 2 2 10 2 2 10
left_child=1 -1 4 -4 13 6 -6 9 -9 11 -11 -7 -13 -2
right_child=2 -3 3 -5 5 7 -8 8 -10 10 -12 12 -14 -15
leaf_value=-0.035220472739505244 -0.00025718829451792317 -0.00013833801023881243 0.03524248955107908 0.0029069097243096505 0.027860899812309159 -0.0079615959929039606 0.00050261660662973776 -0.0083767878143452892 0.010277066906131168 -0.018481824366942009 0.00084956159504517988 -0.0093623578841950991 0.015430042981918378 0.0029867114658090142
leaf_weight=409.35854966193438 80126.70964346081 547.73919393122196 500.95839009433985 6235.3322251737118 591.79507652670145 6187.712899774313 5136.8252876251936 1606.1654799133539 2316.5544932037592 3903.1420121863484 867.85982804745436 672.85146643966436 1015.4645631089807 28588.312587954104
leaf_count=2552 364196 2211 2111 26785 2596 28202 22855 7153 10502 17878 3957 3036 4462 121065
internal_value=3.13939e-05 -0.0153523 0.000139388 0.00536029 -0.000129443 -0.0036652 0.00337249 -0.00609889 0.00263733 -0.00880855 -0.014971 -0.00506133 0.00555248 0.000596042
internal_weight=138707 957.098 137750 6736.29 131013 22298.4 5728.62 16569.8 3922.72 12647 4771 7876.03 1688.32 108715
internal_count=619561 4763 614798 28896 585902 100641 25451 75190 17655 57535 21835 35700 7498 485261
is_linear=0
shrinkage=0.05


Tree=76
num_leaves=15
num_cat=0
split_feature=18 54 53 71 73 71 71 71 71 73 71 73 73 71
split_gain=90.6564 76.758 132.623 95.1027 202.359 83.1147 165.041 91.335 131.446 82.2661 144.635 88.1874 81.8912 85.543
threshold=65.616668701171889 0.29708676040172582 -0.19354517012834546 -0.03858648054301738 0.12987624853849414 -0.0083502870984375459 -0.0077509512193500987 0.012805075850337745 0.010391716379672291 0.67833209037780773 0.015517221763730051 0.65686863660812389 0.45833182334899908 0.0044199428521096715
decision_type=2 8 10 2 2 2 2 2 2 2 2 2 2 2
left_child=1 2 3 -1 -5 -3 -7 8 12 10 -9 -12 13 -8
right_child=-2 5 -4 4 -6 6 7 9 -10 -11 11 -13 -14 -15
leaf_value=-0.0076407387338254824 -0.0033252129769389435 0.0046858096286662388 -0.0041263977103604436 0.026816484738207282 0.0012248154465311655 -0.025393739692844294 0.0022594491396920996 0.01784324080153378 -0.0090281368516432325 -0.00026360487575056074 0.0021178555900832055 0.018845551678891098 -0.00075221044043061809 0.017208604027430664
leaf_weight=2838.1355217471719 18007.655173171312 16279.089273829013 20329.698953326792 784.87995098531246 27424.571640327573 593.5886502712965 3415.7079811543226 2163.9708801470697 4174.8768707737327 8474.2550179734826 8988.4419381506741 854.0673765912652 23128.978124186397 1321.4834304489195
leaf_count=11572 85433 68429 101972 3226 114413 2554 14746 9506 18619 37018 38123 3647 105034 5588
internal_value=-1.67457e-05 0.000476797 -0.000988053 0.00106758 0.00194611 0.00156131 0.000602993 0.00090158 -0.000765461 0.00350868 0.00616919 0.00358703 0.000475238 0.00645712
internal_weight=138779 120772 51377.3 31047.6 28209.5 69394.5 53115.4 52521.8 32041 20480.7 12006.5 9842.51 27866.2 4737.19
internal_count=619880 534447 231183 129211 117639 303264 234835 232281 143987 88294 51276 41770 125368 20334
is_linear=0
shrinkage=0.05


Tree=77
num_leaves=15
num_cat=0
split_feature=0 73 68 73 73 68 71 71 68 71 73 68 53 71
split_gain=91.7643 89.1114 164.673 141.824 79.3478 202.065 182.506 210.905 147.576 117.718 107.132 91.6443 157.343 238.426
threshold=0.011147324927151205 0.68766510486602794 0.042858690023422248 0.65972560644149791 0.75795969367027294 0.053823901340365417 0.012228522449731829 0.036750210449099548 0.050770904868841178 0.029265975579619411 0.74363458156585704 0.036657065153121955 -0.0018495619879104195 0.0017398853669874372
decision_type=2 2 10 2 2 10 2 2 10 2 2 10 8 2
left_child=-1 2 -2 -4 8 -6 -7 9 11 -8 -10 12 13 -3
right_child=1 4 3 -5 5 6 7 -9 10 -11 -12 -13 -14 -15
leaf_value=-0.019235344369939188 0.00037166268556954951 0.015371020265724587 0.018272675865929119 2.0033210288032707e-05 0.0047337027964688295 -0.019279391848911615 -0.00044002492869416152 -0.028518238536353907 0.0097084393792326185 0.023333682761880685 -0.015935360527204675 -0.010756439461871371 -0.017586901785888592 -0.005386563654740442
leaf_weight=609.25438342243433 99275.755171887577 1883.1314710751176 2436.4993038922548 1883.6641378924251 10110.760698340833 1966.530239880085 2916.2429088652134 578.37790692597628 2558.6566112339497 623.78798720240593 474.71165220439434 6741.1212447434664 1500.6780335456133 5127.5780760720372
leaf_count=7186 435502 8507 10520 8081 45940 8987 13114 2491 11086 2682 2087 31137 7586 24660
internal_value=-3.09451e-05 5.51794e-05 0.000788013 0.0103326 -0.00214613 0.000402566 -0.00679003 -0.000794135 -0.00440247 0.00380306 0.0056561 -0.00640528 -0.00295054 0.000203038
internal_weight=138687 138077 103596 4320.16 34481.6 16195.7 6084.94 4118.41 18285.9 3540.03 3033.37 15252.5 8511.39 7010.71
internal_count=619566 612380 454103 18601 158277 73214 27274 18287 85063 15796 13173 71890 40753 33167
is_linear=0
shrinkage=0.05


Tree=78
num_leaves=15
num_cat=0
split_feature=4 71 72 72 72 72 68 68 71 71 72 72 72 68
split_gain=86.0663 86.4013 124.962 159.794 149.9 148.959 117.968 115.372 87.2741 84.1171 122.177 109.312 155.268 97.1704
threshold=0.058333335444331176 -0.0083502870984375459 0.010434513911604883 0.014212233014404775 0.013581956736743452 0.015914977528154853 -0.036575015634298318 0.016732051968574527 -0.03858648054301738 -0.02308731339871883 0.0054202263709157714 0.0064558612648397693 0.0078111961483955392 -0.028108102269470688
decision_type=8 2 10 10 10 10 10 10 2 2 10 10 10 10
left_child=1 2 6 4 -4 -5 -1 9 -7 13 -11 -12 -13 -8
right_child=-2 -3 3 5 -6 8 7 -9 -10 10 11 12 -14 -15
leaf_value=0.024459973095812992 0.0010374499353400812 -0.0026789303205806401 -0.0061968904693567957 0.022709230274938302 -0.034999661101317289 -0.020378746331830636 -0.0095892073684815272 0.015677545918267803 0.0091779920968804354 0.013506048782930878 -0.019740669081265042 0.017088778935516673 -0.010395384668767174 0.017298078711595107
leaf_weight=749.85251557826996 86177.788747094572 39814.771196275949 2207.7079445384443 811.35712371766567 560.059569850564 505.69590403884649 453.83588789403439 1596.8410292267799 475.89351987093687 869.4867553897202 1166.5209652222693 773.68799718469381 1482.6640096269548 1227.962321087718
leaf_count=3226 354580 207321 9717 3436 2403 2135 1992 7826 2030 4327 5705 3666 6728 5476
internal_value=6.41398e-05 -0.00152747 0.00203081 -0.00461462 -0.0121302 0.00699005 0.00567438 0.00378399 -0.00610102 0.000584056 -0.00313118 -0.00738444 -0.00093743 0.0100287
internal_weight=138874 52696.3 12881.6 4560.71 2767.77 1792.95 8320.85 7571 981.589 5974.16 4292.36 3422.87 2256.35 1681.8
internal_count=620568 265988 58667 19721 12120 7601 38946 35720 4165 27894 20426 16099 10394 7468
is_linear=0
shrinkage=0.05


Tree=79
num_leaves=15
num_cat=0
split_feature=54 18 74 74 68 71 69 71 84 74 68 72 71 72
split_gain=69.305 68.3693 58.0014 89.3067 110.843 105.878 80.1742 72.8092 81.8376 81.3696 96.1475 85.3965 94.095 68.9911
threshold=0.49818494915962225 63.454233169555671 -0.0062917259056121102 -0.019179445691406723 -0.026530045084655281 -0.019379357807338234 0.098293159157037749 0.018247541971504692 2.5000000000000004 0.010767671745270492 0.029499251395463947 0.0068440143950283536 0.0067636657040566215 0.0068440143950283536
decision_type=10 2 2 2 10 2 10 2 2 2 10 10 2 10
left_child=1 -1 3 5 -5 -2 -4 9 -9 10 -8 -12 -13 -11
right_child=2 -3 6 4 -6 -7 7 8 -10 13 11 12 -14 -15
leaf_value=-0.00035635323874237142 0.0058828780598762283 -0.0045603048527657689 0.0025593617689746058 -0.0094685382320277983 0.0096285036207007998 -0.018374012230684088 -0.012876023286256888 -0.0023580829715750284 0.012317708616760273 0.020006628956834808 -0.0074599694178898602 0.018089124392981638 -0.0022812242018825303 -0.0010206680564288128
leaf_weight=81694.885382451117 1003.4862083941698 10960.329302933067 21843.907021999359 849.84858183190227 6636.1816806793213 800.23612293601036 3373.0549633055925 2305.2111803255975 1602.6582997664809 549.14902867004275 3387.1444203294814 852.08835846930742 1650.178592517972 1287.2533298134804
leaf_count=367633 4105 56087 93593 3475 27761 3317 14514 9837 6804 2381 14889 3588 7065 5373
internal_value=-6.56593e-05 -0.000854084 0.00151743 0.00504596 0.00745078 -0.00492086 0.000626787 -0.00218611 0.00367669 -0.00425184 -0.00615755 -0.00229437 0.00469981 0.00534153
internal_weight=138796 92655.2 46140.4 9289.75 7486.03 1803.72 36850.6 15006.7 3907.87 11098.9 9262.47 5889.41 2502.27 1836.4
internal_count=620422 423720 196702 38658 31236 7422 158044 64451 16641 47810 40056 25542 10653 7754
is_linear=0
shrinkage=0.05


Tree=80
num_leaves=15
num_cat=0
split_feature=5 51 73 68 73 72 74 68 68 74 71 74 74 71
split_gain=73.7743 98.8867 67.143 246.521 219.276 141.038 149.332 137 130.255 170.245 143.138 126.547 162.416 135.157
threshold=0.71594694256782543 -0.34187451004981989 0.62452375888824474 0.041905201971530921 0.62245628237724315 0.017434634268283847 0.00033635373983997857 0.050770904868841178 0.022742189466953281 0.01096113817766309 -0.0037254578201100226 -0.018208967521786686 -0.010871912352740763 0.0093693779781460779
decision_type=2 10 2 10 2 10 2 10 8 2 2 2 2 2
left_child=1 -1 3 4 -2 6 11 -7 9 10 -8 -4 13 -13
right_child=2 -3 5 -5 -6 7 8 -9 -10 -11 -12 12 -14 -15
leaf_value=0.0011206560031765207 0.00036591788415521969 -0.031578260774908218 -0.022676516487269534 0.018738136779496716 0.032960614932146075 -0.0032425345312355074 -0.034497083870648988 -0.032563358520171844 -0.001598910653193529 0.013270273665810565 -0.0099101954859866434 0.028937211295468612 0.0017458791565395327 -0.0027286486337324244
leaf_weight=497.40977690368891 80322.407429926097 420.96946334466338 482.15694794803858 1902.4539339095354 509.32440239191055 939.61605399847031 698.12274061888456 684.84908876940608 26617.700179178268 656.74306774884462 3719.5233307853341 1025.5636342763901 19586.530992265791 497.12734472751617
leaf_count=2025 349938 2584 2070 8277 2382 3854 3203 2880 123741 2870 18378 4492 90650 2102
internal_value=8.74056e-07 -0.0140467 9.56161e-05 0.000995214 0.00057535 -0.00125981 -0.000815871 -0.0157273 -0.0030003 -0.0103337 -0.0138648 0.00239037 0.00297339 0.0186486
internal_weight=138560 918.379 137642 82734.2 80831.7 54907.9 53283.5 1624.47 31692.1 5074.39 4417.65 21591.4 21109.2 1522.69
internal_count=619446 4609 614837 360597 352320 254240 247506 6734 148192 24451 21581 99314 97244 6594
is_linear=0
shrinkage=0.05


Tree=81
num_leaves=15
num_cat=0
split_feature=1 15 73 1 26 70 74 74 70 74 27 70 70 70
split_gain=73.4381 67.647 61.794 47.2936 46.7119 57.9551 64.2443 67.7288 64.4453 97.5378 74.8012 63.3628 132.229 73.3989
threshold=0.0056360953021794566 27.685661315917972 0.85966211557388317 0.0045766350813210019 -0.078830942511558519 -0.03048756159842014 -0.023091642186045643 -0.019179445691406723 -0.00042434559145476664 0.0010728423949331047 0.81182986497879039 -0.0027636578306555744 -0.0015817155945114789 -0.0050334716215729705
decision_type=10 8 2 10 10 2 2 2 2 2 2 2 2 2
left_child=3 4 -3 -1 -2 -6 -7 -8 9 -9 -10 13 -13 -11
right_child=1 2 -4 -5 5 6 7 8 10 11 -12 12 -14 -15
leaf_value=-0.033787776742902502 0.0028511165984283437 -0.0012120206638242537 -0.013604188863301817 -0.0027460277649869738 -0.015559989731062963 0.013037538886746164 -0.01218370184724697 0.0013660830949795034 -0.0032953329051936663 0.018142728835620826 0.00094250460690295491 0.040479092444938913 0.0074380062722472625 -0.0075554028576419133
leaf_weight=250.97683599218726 22888.374472528696 41708.680103056133 1020.9984908998013 235.20900302752852 564.28887555748224 979.78618505597115 1075.3940498605371 24469.211336031556 17659.280926965177 462.70354384183884 25345.83978047967 461.98850723356009 861.31842990219593 664.93536689132452
leaf_count=2771 95092 184687 4857 2346 2387 4117 4546 110734 80935 1973 116490 2010 3937 2952
internal_value=7.3021e-05 0.000141969 -0.00151124 -0.0191283 0.000882264 0.000260769 0.00038694 0.000210554 0.000402883 0.00232096 -0.000798049 0.0118098 0.0191903 0.00305609
internal_weight=138649 138163 42729.7 486.186 95433.1 72544.7 71980.5 71000.7 69925.3 26920.2 43005.1 2450.95 1323.31 1127.64
internal_count=619834 614717 189544 5117 425173 330081 327694 323577 319031 121606 197425 10872 5947 4925
is_linear=0
shrinkage=0.05


Tree=82
num_leaves=15
num_cat=0
split_feature=5 0 13 73 73 57 70 70 68 68 73 70 73 68
split_gain=75.5636 104.65 77.2897 86.2132 117.165 93.0181 103.287 84.9861 108.751 102.073 220.011 130.176 117.998 126.277
threshold=0.71594694256782543 0.045387072488665588 -0.12132228910923003 0.15441858023405078 0.16806954890489581 0.069119617342948927 -0.01270850235596299 -0.03048756159842014 -0.070614963769912706 -0.028108102269470688 0.27290432155132299 0.0043556909076869496 0.33160872757434851 -0.037996767088770859
decision_type=2 2 10 2 2 8 2 2 10 10 2 2 2 10
left_child=1 -1 -2 5 -5 -4 -7 -6 -9 12 11 -11 -10 -14
right_child=2 -3 3 4 7 6 -8 8 9 10 -12 -13 13 -15
leaf_value=-0.033019604677969626 -0.015600623757432748 0.00077878977850597486 0.011772949934482026 -0.022008840187434337 -0.015022802136918144 0.0090452534973663318 -0.010585886243347394 0.022350204129159397 -0.001930716102672913 0.029325999656526075 0.00025047469578845142 0.0011334595136748905 0.0032229566198221007 -0.022923179944106042
leaf_weight=400.40128317475319 764.25197037309408 517.20782124996185 3267.2268902286887 593.32746871560812 915.34777393937111 1325.2681542783976 1334.962401047349 540.98322315514088 8523.2947980538011 1034.5576813966036 116493.71957810968 674.78809467703104 660.69179937243462 1506.857188552618
leaf_count=2537 3126 2088 13502 2450 3878 5488 5390 2196 35177 4288 527455 2795 2727 6297
internal_value=5.66041e-05 -0.0141662 0.000152449 0.000241544 -2.56587e-05 0.00613442 -0.000808837 7.60848e-05 0.000184015 8.92538e-05 0.00051255 0.0182679 -0.00458702 -0.0149754
internal_weight=138553 917.609 137635 136871 130944 5927.46 2660.23 130350 129435 128894 118203 1709.35 10690.8 2167.55
internal_count=619394 4625 614769 611643 587263 24380 10878 584813 580935 578739 534538 7083 44201 9024
is_linear=0
shrinkage=0.05


Tree=83
num_leaves=15
num_cat=0
split_feature=0 72 69 72 69 69 69 72 69 74 72 69 0 53
split_gain=75.1808 69.1211 185.588 126.962 254.629 182.001 116.749 322.369 137.11 111.569 105.607 109.252 94.8166 92.6372
threshold=0.011671975255012514 0.0063372445292770871 0.013193483930081131 0.0075098148081451663 0.099168736487627043 0.093126293271780028 0.12974925339221957 0.0051402687095105657 0.08398406952619554 -0.0013157994253560899 0.0076802673283964404 0.086992856115102782 0.038376368582248695 -0.077083747833967195
decision_type=2 10 8 10 8 10 10 10 8 2 10 8 2 10
left_child=-1 2 -2 4 5 -3 8 -8 -4 -9 11 -5 -10 -12
right_child=1 3 6 10 -6 -7 7 9 12 -11 13 -13 -14 -15
leaf_value=-0.014559055603237581 0.029930279556220359 0.0073683915117060822 -3.8776622001190357e-05 0.0019710809891324249 -0.0019672587596216893 0.030236999065908834 0.035492077616932842 0.015038863771177463 -0.0082899814372159857 -0.014247083701624806 0.0011694712071311664 -0.018118654275971046 0.0010260588204022603 -0.003250551804641775
leaf_weight=863.864272095263 451.11404949426651 10666.010334469378 21374.861968748271 1167.7446715608239 8976.2721409723163 939.1605851650238 753.00803279131651 475.61048123985529 12138.434769101441 976.85021077096462 59814.752205319703 1593.5948003083467 3520.7503455430269 14773.791120521724
leaf_count=9541 2025 47251 103628 5261 40048 4094 3285 2145 60148 4272 249167 7053 14258 67014
internal_value=6.02665e-05 0.000153084 -0.00160681 0.000866445 0.00435552 0.0092435 -0.00197691 0.00917369 -0.00264325 -0.0046201 -6.23799e-05 -0.00964644 -0.00619608 0.000293677
internal_weight=138486 137622 39690.6 97931.3 20581.4 11605.2 39239.5 2205.47 37034 1452.46 77349.9 2761.34 15659.2 74588.5
internal_count=619190 609649 189761 419888 91393 51345 187736 9702 178034 6417 328495 12314 74406 316181
is_linear=0
shrinkage=0.05


Tree=84
num_leaves=15
num_cat=0
split_feature=15 69 72 69 72 54 53 72 71 72 72 72 72 74
split_gain=97.1187 68.1142 284.641 105.95 118.774 95.8708 117.51 109.258 91.719 151.191 128.489 86.8439 76.6393 73.4189
threshold=31.54426193237305 0.1354017108678818 0.0051402687095105657 0.11196451634168626 0.012653355952352287 0.5635250210762025 -0.15227411687374112 0.0037568438565358524 0.012978110928088428 0.0068157545756548652 0.0065356527920812377 0.0075098148081451663 0.0046206803526729354 -0.0026666305493563409
decision_type=8 10 10 10 10 10 10 10 2 10 10 10 10 2
left_child=1 3 -3 5 8 6 12 -8 9 10 -5 -11 -1 -4
right_child=-2 2 13 4 -6 -7 7 -9 -10 11 -12 -13 -14 -15
leaf_value=-0.0044503423389248582 -0.0024982720215523248 0.040594287374218774 0.013181335180293879 -0.011231229115168091 0.020803050796836788 0.0039931072138757453 0.0094823674299766691 -0.0033284750613624676 0.0015826462461198375 0.010640213883419684 -0.036224459021145537 -0.006160919823251578 0.0023943470159209909 -0.0013382278092352513
leaf_weight=4537.766772929579 29284.794911168516 533.08330807834864 1153.2778305485845 3057.6194224506617 448.32879794389009 20970.092316269875 1773.6037830561399 24960.484600652009 3402.9357170462608 1088.9923542961478 613.34024098515511 2553.0250814408064 40647.522618345916 3455.0070241317153
leaf_count=21150 131068 2320 4869 14354 1869 87865 10590 123684 15359 4861 2813 11145 172532 14878
internal_value=5.80984e-05 0.000743852 0.00635611 0.000465962 -0.004134 0.00101921 0.000151652 -0.00247535 -0.00519573 -0.00834775 -0.0154941 -0.00112187 0.00170613 0.00231614
internal_weight=138480 109195 5141.37 104054 11164.2 92889.5 71919.4 26734.1 10715.9 7312.98 3670.96 3642.02 45185.3 4608.28
internal_count=619357 488289 22067 466222 50401 415821 327956 134274 48532 33173 17167 16006 193682 19747
is_linear=0
shrinkage=0.05


Tree=85
num_leaves=15
num_cat=0
split_feature=15 73 69 73 0 27 71 69 54 58 69 69 71 69
split_gain=77.8349 87.4149 77.1332 71.8809 69.7192 96.1985 65.5549 109.09 63.5389 58.2343 55.0574 118.658 73.8829 71.2436
threshold=16.867837905883793 0.85966211557388317 0.060013568028807647 0.89463898539543163 0.032266983762383468 0.73308309912681591 -0.0083502870984375459 -0.042247124016284936 0.5518912971019746 -1.0000000180025095e-35 -0.012004304677247999 0.035444770008325584 0.01762101519852877 0.049500988796353347
decision_type=8 2 10 2 2 2 2 8 8 2 8 10 2 10
left_child=-1 4 3 -3 5 -2 7 9 -9 -7 12 -12 -8 -13
right_child=1 2 -4 -5 -6 6 10 8 -10 -11 11 13 -14 -15
leaf_value=0.0021158865510663635 -0.0049123628045133439 -0.013178702567090915 -0.024710144594484923 0.0084198001918526933 0.0010234554187639126 -0.021699126590860811 0.015286091535378797 0.002479985107208971 0.011980369980610328 0.0007302711400456784 -0.0090338661307042042 0.0070310374949930816 -0.00426606776418863 -0.0015311411896748667
leaf_weight=33681.385891720653 15816.285470530391 931.53362525627017 654.63581658899784 643.11945069953799 45610.627073273063 611.42863540351391 1083.7454495765269 6588.3720463439822 2395.2993075549603 540.42811482772231 4974.252572093159 2730.7697686553001 859.21366437524557 21385.500778149813
leaf_count=151662 76289 4417 3092 2928 184038 2589 4717 29642 10498 2308 23942 13303 3714 106406
internal_value=2.52218e-05 -0.000646667 -0.0104195 -0.00435998 -0.00043332 -0.00159929 -0.000325589 0.00316373 0.00502356 -0.01126 -0.00146585 -0.00201083 0.00666218 -0.000559103
internal_weight=138507 104825 2229.29 1574.65 102596 56985.3 41169 10135.5 8983.67 1151.86 31033.5 29090.5 1942.96 24116.3
internal_count=619545 467883 10437 7345 457446 273408 197119 45037 40140 4897 152082 143651 8431 119709
is_linear=0
shrinkage=0.05


Tree=86
num_leaves=15
num_cat=0
split_feature=5 2 54 13 26 27 5 71 71 71 70 70 70 70
split_gain=67.4915 97.447 58.5073 59.6538 69.366 77.2461 66.4776 52.2323 75.109 59.6409 49.6424 56.3564 83.2296 83.1387
threshold=0.71594694256782543 0.040185693651437766 0.68789124488830578 0.1124531999230385 -0.11387271434068678 0.80554369091987621 1.2736355066299441 -0.017622965388000008 -0.024940954521298405 -0.014079896267503498 0.025992065668106083 0.021026453934609893 0.018314933404326442 0.016361031681299213
decision_type=2 2 10 8 10 2 2 2 2 2 2 2 2 2
left_child=1 -1 3 4 6 -6 -2 8 -4 -9 11 12 13 -7
right_child=2 -3 7 -5 5 10 -8 9 -10 -11 -12 -13 -14 -15
leaf_value=-0.030091114415467801 0.0023828679263704061 0.0020231986139272818 0.0015333763365390054 -0.018027381636143265 -0.0031333727994227894 5.4989080378404424e-05 -0.0094259996363601356 -0.011471951743151049 0.016158465098177557 0.0016376792179133418 -0.014966680518340989 0.016089466414473824 -0.019053689364555836 0.019843259282033465
leaf_weight=442.8949197717011 24784.847061865032 491.27674128115177 2120.0577595755458 473.54780177026987 30506.954536769539 47188.512989234179 1242.2252662405372 886.63218372315168 1491.1563582122326 26835.378642320633 533.08278420567513 544.0804300904274 553.36985576152802 526.83490208163857
leaf_count=2753 102202 1983 8603 1952 143666 222621 5085 3625 6046 112392 2249 2311 2395 2273
internal_value=-3.73056e-05 -0.0133598 5.4048e-05 -0.000505421 -0.000425359 -0.00115599 0.00181585 0.00195259 0.00760037 0.00121441 6.68693e-05 0.000234082 5.20661e-05 0.000277587
internal_weight=138621 934.172 137687 106353 105880 79852.8 26027.1 31333.2 3611.21 27722 49345.9 48812.8 48268.7 47715.3
internal_count=620156 4736 615420 484754 482802 375515 107287 130666 14649 116017 231849 229600 227289 224894
is_linear=0
shrinkage=0.05


Tree=87
num_leaves=15
num_cat=0
split_feature=0 73 68 73 71 71 68 71 73 68 71 71 14 68
split_gain=68.9528 66.0568 121.689 114.339 97.0128 108.291 233.639 130.513 75.1366 161.095 150.904 213.825 98.797 90.8305
threshold=0.011147324927151205 0.68766510486602794 0.042858690023422248 0.66104114055633556 0.055280340835452087 0.029813220724463466 0.029907493852078918 0.027253056876361374 0.7626253366470338 0.053823901340365417 0.016269305720925335 0.036750210449099548 -0.1580671742558479 0.044730186462402351
decision_type=2 2 10 2 2 2 8 2 2 10 2 2 8 10
left_child=-1 2 4 -4 5 7 -7 -2 13 -10 -11 12 -12 -3
right_child=1 8 3 -5 -6 6 -8 -9 9 10 11 -13 -14 -15
leaf_value=-0.017059715884990768 0.00019427410234600684 -0.0063797399014157308 0.01558398283228507 -0.00090697488679185507 -0.012442618370019753 0.010809137600528686 -0.015370505400630539 -0.017828293416260133 0.0047611540931320169 -0.01523436073272947 0.025419621126494298 -0.026543244026538571 0.0020169506159372561 0.0010184070181731312
leaf_weight=586.90213362872601 90250.574910447001 12991.924425929785 2543.69279589504 1784.5801929980516 1474.5935517624021 5418.9728459566832 1001.8504657819867 1005.83349840343 9360.6412864327431 2452.291178137064 551.23820759356022 575.92953231185675 2306.183522477746 6089.4691050425172
leaf_count=7236 397848 62115 10919 7673 6074 22956 4261 4341 42478 11281 2251 2499 10486 26917
internal_value=-0.000102449 -2.89984e-05 0.00060152 0.00879822 0.000242859 0.000435621 0.00670674 -6.30337e-06 -0.00192931 0.000687537 -0.00578831 0.000983234 0.00660457 -0.00401946
internal_weight=138395 137808 103480 4328.27 99151.8 97677.2 6420.82 91256.4 34327.7 15246.3 5885.64 3433.35 2857.42 19081.4
internal_count=619335 612099 454072 18592 435480 429406 27217 402189 158027 68995 26517 15236 12737 89032
is_linear=0
shrinkage=0.05


Tree=88
num_leaves=15
num_cat=0
split_feature=0 70 69 70 74 68 72 70 74 74 74 68 71 70
split_gain=57.4823 55.4934 137.682 96.2188 68.0889 62.4964 121.686 115.861 86.1081 122.74 121.81 172.093 110.733 136.778
threshold=0.011147324927151205 0.025992065668106083 -0.05704184249043464 0.021026453934609893 0.022159884683787826 -0.087453853338956819 0.017434634268283847 -0.03048756159842014 -0.028786783106625077 -0.019179445691406723 -0.023091642186045643 0.0035157086094841365 -0.047279346734285348 -0.0052431081421673289
decision_type=2 2 8 2 2 8 10 2 2 2 2 8 2 2
left_child=-1 3 -3 5 -5 6 -2 -7 -9 10 11 -10 13 -11
right_child=1 2 -4 4 -6 7 -8 8 9 12 -12 -13 -14 -15
leaf_value=-0.015577109576767417 0.026116359693953241 0.0037246752232034659 -0.023795873996643364 0.021010672380107492 0.00016348045630079942 -0.017318308811027854 0.0013385804358613197 0.01783487488680046 0.016333555525853981 0.00074106551391630747 -0.017275699958815498 -0.017421631995845004 0.00032077027591400324 -0.030134777886573851
leaf_weight=580.95358411595225 656.79976432770491 1011.6291036456823 811.77834285050631 928.90386974811554 672.27261289954185 963.20349909365177 1933.6481179967523 663.11671902239323 846.49796088784933 770.43061584234238 2020.3552041649818 665.35824503004551 125205.94967164099 660.40518666058779
leaf_count=7261 2731 4094 3417 3832 2805 4063 7960 2711 3519 3155 8482 2790 559833 2734
internal_value=-1.63314e-05 5.03922e-05 -0.0085904 0.000166877 0.0123131 2.12524e-05 0.00769718 -0.000130191 -2.336e-06 -9.45667e-05 -0.00927443 0.00146125 0.000162194 -0.01362
internal_weight=138391 137810 1823.41 135987 1601.18 134386 2590.45 131795 130832 130169 3532.21 1511.86 126637 1430.84
internal_count=619387 612126 7511 604615 6637 597978 10691 587287 583224 580513 14791 6309 565722 5889
is_linear=0
shrinkage=0.05


Tree=89
num_leaves=15
num_cat=0
split_feature=0 73 68 73 73 73 68 68 71 71 68 68 0 59
split_gain=66.6146 56.6778 119.915 180.459 190.388 113.949 149.678 141.693 159.481 177.32 109.341 138.134 121.34 96.3334
threshold=0.012778000906109812 0.71822267770767223 0.041905201971530921 0.64309170842170726 0.71120622754096996 0.7626253366470338 0.019180750474333767 0.053823901340365417 0.016269305720925335 0.036750210449099548 0.038458131253719337 0.03685965575277806 0.040293313562870033 2.5000000000000004
decision_type=2 2 10 2 2 2 10 10 2 2 10 10 2 10
left_child=-1 2 10 -4 -5 6 -3 -7 -9 13 11 -2 -12 -10
right_child=1 5 3 4 -6 7 -8 8 9 -11 12 -13 -14 -15
leaf_value=-0.0097467500030746831 0.00017010596336901787 0.01832275262237516 0.018390095493653068 -0.0017725172471842123 0.023767845879726163 0.0045315298504379434 -0.007718174313339897 -0.015130476386859375 0.00044697569379876156 -0.023373672611741156 -0.014897454780107833 0.014545112908643066 0.0073262825826546293 0.020168614039871073
leaf_weight=1727.2298364788294 98501.010368458927 576.89761577546597 2260.266399115324 5159.4502901285887 839.65612428635359 9286.7715693935752 9378.6496810615063 2439.3834288418293 1943.0810437649488 580.24711683392525 2315.8905589878559 1690.0287056565285 827.63692720234394 899.13214592635632
leaf_count=16776 431122 2572 9685 22644 3666 41744 43379 11217 8952 2537 10715 7513 3337 3663
internal_value=-1.73927e-05 0.000106245 0.000589167 0.00638283 0.00183581 -0.00203983 -0.0061923 0.000691418 -0.00538973 0.00157691 0.000125515 0.000414012 -0.00904165 0.00673474
internal_weight=138425 136698 111594 8259.37 5999.11 25104.2 9955.55 15148.6 5861.84 3422.46 103335 100191 3143.53 2842.21
internal_count=619522 602746 488682 35995 26310 114064 45951 68113 26369 15152 452687 438635 14052 12615
is_linear=0
shrinkage=0.05


Tree=90
num_leaves=15
num_cat=0
split_feature=18 54 14 74 71 69 69 73 69 69 69 74 69 74
split_gain=72.2557 78.3999 112.524 70.9751 95.3433 66.2526 58.6813 53.7173 110.102 89.8423 90.6185 106.374 70.1965 53.3701
threshold=65.616668701171889 0.29708676040172582 -0.040291063487529748 0.017288482747972015 0.011539016384631397 0.013193483930081131 0.072246141731739058 0.31674617528915411 0.031009006313979629 0.013193483930081131 -0.042247124016284936 0.0008592881786171348 -0.13227118551731107 0.0022832845570519571
decision_type=2 8 10 2 2 10 10 2 10 10 10 2 10 2
left_child=1 2 -1 13 5 -5 -7 8 9 10 12 -12 -4 -3
right_child=-2 3 7 4 -6 6 -8 -9 -10 -11 11 -13 -14 -15
leaf_value=0.0012724887506654341 -0.0029773518264406954 0.0022310688863016177 0.0075096291963505576 0.027128060260589771 0.00081249950661625768 -0.0043089751094024416 0.019233888242787243 -0.0046279314556770023 0.023027808273414063 -0.021586073520575306 0.00039872640170757645 0.02464129804899419 -0.010389415902167649 -0.00072416565666861209
leaf_weight=25867.198069728911 17829.842969764024 41090.363824862987 764.32819429412484 794.22640845552087 2138.8697235397995 504.74008867889643 539.60996963828802 19859.119768686593 501.6585608497262 483.14166234433651 1284.0897128283978 689.00059375166893 1871.9517408832908 24309.949555661529
leaf_count=109483 85116 179900 3157 3262 8853 2122 2251 98524 2133 2107 5407 2889 7758 107093
internal_value=-7.2003e-06 0.000431768 -0.00104975 0.00152768 0.00800417 0.0163208 0.00792254 -0.00340933 0.000917208 -0.00130175 0.000866527 0.00894577 -0.00519124 0.00113264
internal_weight=138528 120698 51320.5 69377.8 3977.45 1838.58 1044.35 25453.3 5594.17 5092.51 4609.37 1973.09 2636.28 65400.3
internal_count=620055 534939 231458 303481 16488 7635 4373 121975 23451 21318 19211 8296 10915 286993
is_linear=0
shrinkage=0.05


Tree=91
num_leaves=15
num_cat=0
split_feature=72 72 71 72 68 84 73 68 74 68 12 73 72 73
split_gain=58.9723 60.092 198.61 130.837 120.964 104.245 117.713 153.077 101.075 92.1577 91.11 87.1543 190.916 151.208
threshold=0.002945420797914267 0.0037568438565358524 0.016836371272802356 0.0045173054095357665 0.049752205610275275 3.5000000000000004 0.5629803240299226 0.039957420900464065 -0.00064403898431919504 0.032549452036619193 -0.58594694733619679 0.71822267770767223 0.0051864327397197494 0.75795969367027294
decision_type=10 10 2 10 10 2 2 10 2 10 10 2 10 2
left_child=-1 2 8 4 5 6 -3 -8 -2 10 -10 -5 -13 -14
right_child=1 3 -4 11 -6 -7 7 -9 9 -11 -12 12 13 -15
leaf_value=-0.012217882231319767 0.012981585399981019 -0.021980613095806206 0.038481984146657613 0.00081676391387308428 0.015487225527133075 0.0032920665723535597 -0.0026470226602999265 -0.026569191553356408 -0.017220412745451809 -0.018986806396571486 0.0059367043951229978 -0.017636306008476953 -0.0074551381107364053 0.0017459555626598703
leaf_weight=988.00509214028716 1542.2665084861219 1670.0216747522354 402.79401653259993 100853.79216421023 595.11649521440268 1707.8886500746012 4057.5135308466852 791.38984032347798 512.02630122378469 662.79400250315666 2270.9179753772914 1926.618349339813 6568.5945092104375 13890.393256016076
leaf_count=5312 7895 8142 1955 441459 3019 8394 20584 3661 2849 3330 11720 9769 29687 61985
internal_value=-0.000107532 -1.96005e-05 0.00514987 -0.000230995 -0.00610965 -0.00768884 -0.0105664 -0.00659801 0.00238661 -0.0023794 0.00162969 0.000190283 -0.0026313 -0.00121036
internal_weight=138440 137452 5390.8 132061 8821.93 8226.81 6518.93 4848.9 4988 3445.74 2782.94 123239 22385.6 20459
internal_count=619761 614449 27749 586700 43800 40781 32387 24245 25794 17899 14569 542900 101441 91672
is_linear=0
shrinkage=0.05


Tree=92
num_leaves=15
num_cat=0
split_feature=15 73 57 5 54 53 72 72 70 72 72 72 73 84
split_gain=74.3999 80.9448 51.7328 53.6518 49.8039 81.0559 62.1608 92.1869 134.572 88.506 126.617 85.1886 65.8213 88.3521
threshold=26.419831275939945 0.85966211557388317 0.021133879199624065 0.75456446409225475 0.29708676040172582 -0.15554635971784589 0.012653355952352287 0.011205004528164865 0.0037414623657241468 0.014742772094905378 0.015647837892174724 0.010516386013478042 0.44729243218898779 2.5000000000000004
decision_type=8 2 10 2 8 10 10 10 2 10 10 10 2 2
left_child=4 2 3 -2 5 6 7 11 -9 -8 -11 -1 -12 -14
right_child=1 -3 -4 -5 -6 -7 9 8 -10 10 12 -13 13 -15
leaf_value=0.0022507337041941357 -0.020973217509128343 -0.014843561020074132 -8.5505189347208928e-06 -0.0029926371229713217 0.0017766952396402816 -0.0038686691253710507 -0.010745051159250155 0.023462530341349541 -0.0018878563910270194 0.022330670542250568 -0.0063118592330254006 -0.014944863627477076 -0.0034235798516042506 0.022608261204186894
leaf_weight=13672.662767492235 415.32855441048741 1120.8097091466188 29214.090090911835 17490.193663362414 53698.530608557165 12551.728959597647 2341.3132726624608 1198.8493627458811 920.95620044320822 602.62883779034019 2838.0162516236305 750.34571277350187 802.29105865955353 536.45811031758785
leaf_count=59295 2477 5422 123185 84856 236403 65967 9612 4932 3832 2483 11567 3149 3290 2195
internal_value=-3.94476e-05 -0.00162335 -0.00130581 -0.00342118 0.000810432 -0.000622399 0.00110041 0.00278127 0.0124918 -0.00280299 0.00110195 0.00134641 -0.00200698 0.00709808
internal_weight=138154 48240.4 47119.6 17905.5 89913.8 36215.3 23663.5 16542.8 2119.81 7120.71 4779.39 14423 4176.77 1338.75
internal_count=618665 215940 210518 87333 402725 166322 100355 71208 8764 29147 19535 62444 17052 5485
is_linear=0
shrinkage=0.05


Tree=93
num_leaves=15
num_cat=0
split_feature=15 73 73 71 70 72 74 70 74 74 74 70 74 51
split_gain=68.0488 63.777 113.992 108.835 140.678 77.5669 81.6259 71.4075 86.7091 73.1032 139.766 178.427 104.875 96.9582
threshold=39.382663726806648 0.15441858023405078 0.16806954890489581 -0.03858648054301738 -0.011087638791650532 0.019033129326999191 -0.014523303136229513 -0.03048756159842014 -0.028786783106625077 -0.019179445691406723 -0.017201921902596947 -0.016846109181642529 -0.023091642186045643 -0.17862419039010999
decision_type=8 2 2 2 2 10 2 2 2 2 2 2 2 10
left_child=1 3 -3 5 -5 6 -1 -4 -9 12 11 -11 13 -10
right_child=-2 2 7 4 -6 -7 -8 8 9 10 -12 -13 -14 -15
leaf_value=-0.0059015047694841128 -0.0034842615044163084 -0.022345476235341784 -0.014261602424840428 0.033351279445748012 0.0063770866281554726 -0.012454759228291383 0.021575088697779052 0.019450746873961464 -0.015153032323456897 0.037244955337636665 0.00029202276701355159 0.0013250210783574566 -0.015884308628595026 0.012489498892219307
leaf_weight=580.62688524648547 12376.744593791664 549.31900496408343 828.44883644580841 618.14375497400761 2128.1920020058751 1011.6122813038528 490.42301760241389 583.14685390517116 479.07178242504597 575.07752316817641 114660.00342362002 846.97262887656689 1640.4139614552259 893.65043836832047
leaf_count=2396 55740 2281 3529 2607 8754 4146 2017 2392 1939 2413 516775 3560 6933 3807
internal_value=5.18333e-05 0.000399743 0.000174729 0.00602852 0.0125474 -0.00258659 0.00676295 0.000279231 0.00038107 0.00028607 0.000485933 0.0160097 -0.00738983 0.0028026
internal_weight=138262 125885 121056 4829 2746.34 2082.66 1071.05 120507 119678 119095 116082 1422.05 3013.14 1372.72
internal_count=619289 563549 543629 19920 11361 8559 4413 541348 537819 535427 522748 5973 12679 5746
is_linear=0
shrinkage=0.05


Tree=94
num_leaves=15
num_cat=0
split_feature=22 74 73 68 72 68 68 72 74 72 72 73 74 74
split_gain=59.4423 56.7581 53.0805 188.885 205.124 203.825 164.969 299.252 236.485 269.897 153.918 168.099 146.225 143.792
threshold=91.833492279052749 -0.04474180564284324 0.31674617528915411 -0.036575015634298318 0.011327308136969806 -0.037996767088770859 -0.022642364725470539 0.013159004505723717 0.005606443854048849 0.010773160960525276 0.015647837892174724 0.19408389180898669 -0.0092260362580418569 0.0064773180056363353
decision_type=8 2 2 10 10 10 10 10 2 8 8 2 2 2
left_child=1 -1 3 5 -5 10 7 8 9 -4 13 -12 -13 -3
right_child=-2 2 6 4 -6 -7 -8 -9 -10 -11 11 12 -14 -15
leaf_value=-0.014955100145352404 -0.0040254386121049372 0.0030033299797634812 -0.0053485115945931432 0.0023986282902556857 0.022937462242592212 -0.025317528048531018 0.00027539012325017973 -0.021386034229690362 -0.017373391439167839 0.043020930209894018 0.0020526634013412703 -0.03329993486912728 -0.0064296878488754421 0.02206013831051256
leaf_weight=602.44834681972861 8750.4512331448495 5079.0279118418694 561.65211897715926 2873.7265477068722 2100.27251714468 757.99025576934218 106469.21150711551 2395.6487597301602 698.61582950130105 578.54596812278032 3882.8590907081962 729.19847657158971 1628.1229268759489 1220.8118162900209
leaf_count=2562 41708 21028 2369 12130 8601 3190 482239 9979 2924 2388 15928 3013 6651 5021
internal_value=-3.93251e-05 0.000230148 0.000302233 0.00279818 0.0110998 -0.000312959 -0.000109948 -0.00977651 0.0053825 0.0193552 0.00121743 -0.00434502 -0.0148471 0.00672535
internal_weight=138329 129578 128976 18272 4974 13298 110704 4234.46 1838.81 1140.2 12540 6240.18 2357.32 6299.84
internal_count=619731 578023 575461 75562 20731 54831 499899 17660 7681 4757 51641 25592 9664 26049
is_linear=0
shrinkage=0.05


Tree=95
num_leaves=15
num_cat=0
split_feature=15 53 72 69 72 27 73 73 72 69 73 71 69 69
split_gain=59.3516 46.5025 109.308 71.9286 55.2506 55.0065 41.2882 38.2956 154.839 131.69 66.0502 60.3089 51.6524 46.408
threshold=29.547296524047855 -0.1230044588446617 0.0037568438565358524 0.080673165619373335 0.0036549860378727321 0.89577466249465953 0.85966211557388317 0.72329491376876842 0.016872597858309749 -0.012004304677247999 0.78917726874351513 0.011539016384631397 0.027397851459681991 0.0096080959774553793
decision_type=8 10 10 10 10 2 2 2 10 8 2 2 8 8
left_child=1 7 3 4 -3 -4 -2 -1 9 -9 12 -10 -11 -12
right_child=6 2 5 -5 -6 -7 -8 8 11 10 13 -13 -14 -15
leaf_value=0.001897906324716956 -0.001577418636241933 1.616363342335573e-05 -0.0035268335330530761 0.028045531865141294 0.020228060714356157 0.00038876720319105229 -0.012657739360876375 0.018878869138669499 -0.0061945005313584177 0.0091158858482979135 -0.010878389578001274 -0.030048003024799787 -0.0069490740344440903 0.0051651533601320548
leaf_weight=53272.425034858286 34899.584038242698 1271.3037647791207 17522.48539365828 432.35301886126399 450.62667362391949 18360.205373104662 851.77871438488364 888.59048921242356 491.51023128628731 556.02850214391947 500.52359140664339 581.76949045062065 4378.4889755137265 3870.702257104218
leaf_count=226062 156117 7292 84474 2333 2460 87275 4175 3684 2021 2402 2161 2422 19616 17104
internal_value=-9.08447e-05 0.000520611 -0.000865985 0.0100469 0.00539184 -0.00152378 -0.00184487 0.00133781 -0.00130959 0.000599651 -0.00116419 -0.0192823 -0.00512408 0.00330746
internal_weight=138328 102577 38037 2154.28 1721.93 35882.7 35751.4 64540 11267.6 10194.3 9305.74 1073.28 4934.52 4371.23
internal_count=619598 459306 183834 12085 9752 171749 160292 275472 49410 44967 41283 4443 22018 19265
is_linear=0
shrinkage=0.05


Tree=96
num_leaves=15
num_cat=0
split_feature=15 73 69 4 68 68 68 13 73 69 69 69 69 74
split_gain=59.5741 82.9708 63.097 68.6786 73.3147 51.8677 52.8078 48.673 61.3588 273.444 209.911 174.816 130.811 105.67
threshold=17.197601318359379 0.85966211557388317 0.060013568028807647 0.19166667014360431 0.054830687120556838 0.077983114868402495 0.066228810697793974 0.15902742743492129 0.31674617528915411 0.039528355002403266 0.049500988796353347 0.013193483930081131 -0.042247124016284936 0.0008592881786171348
decision_type=8 2 10 10 10 10 10 8 2 10 10 10 8 2
left_child=5 7 3 4 -3 6 -1 8 9 11 -11 12 -2 -14
right_child=1 2 -4 -5 -6 -7 -8 -9 -10 10 -12 -13 13 -15
leaf_value=0.0016499346476160635 -0.0020544140505862059 0.0024842048248754581 -0.023391584046209626 0.0078194255818233235 -0.025956788907316775 0.017427559433792764 -0.015475040131821091 -0.011917511413323638 -0.00092536182559643711 0.049115971523260415 0.0073976013097773715 -0.015860063710692429 0.0026851755435970195 0.016823850235489105
leaf_weight=34882.907539963722 7178.4126021824777 400.23354911804199 641.27667935192585 630.82501827925444 507.47431569173932 504.11468683555722 446.12684860825539 914.63780562579632 83925.362153861672 512.7534099817276 722.64803430810571 1449.4344315342605 3428.3319167643785 2145.3206145092845
leaf_count=157199 29541 1977 3087 2598 2676 2121 2005 3746 380324 2107 3027 6171 14201 8828
internal_value=-9.53012e-05 -0.000709034 -0.0103371 -0.00478 -0.0135259 0.00165923 0.00142937 -0.000498729 -0.000392429 0.00250367 0.0249682 0.000533274 0.00240755 0.00814759
internal_weight=138290 102457 2179.81 1538.53 907.708 35833.1 35329 100277 99362.3 15436.9 1235.4 14201.5 12752.1 5573.65
internal_count=619608 458283 10338 7251 4653 161325 159204 447945 444199 63875 5134 58741 52570 23029
is_linear=0
shrinkage=0.05


Tree=97
num_leaves=15
num_cat=0
split_feature=70 69 70 70 74 69 74 69 74 69 74 74 70 69
split_gain=56.2625 87.9593 65.3566 70.338 115.951 123.122 97.3717 67.0501 224.956 88.0145 78.2404 177.569 99.9168 159.285
threshold=0.025992065668106083 -0.05704184249043464 0.021026453934609893 0.018314933404326442 0.017288482747972015 0.004932673182338477 0.015859296545386318 0.1011449657380581 -0.0043070653919130555 0.12489066645503046 -0.0014977295650169251 -0.00055760785471647967 -0.0028726212913170453 -0.0073923738673329345
decision_type=2 10 2 2 2 8 2 8 2 8 2 2 2 10
left_child=2 -2 3 4 6 -6 7 10 -9 -10 12 -12 -1 -14
right_child=1 -3 -4 -5 5 -7 -8 8 9 -11 11 -13 13 -15
leaf_value=0.00051539077505666708 0.0010506892275738032 -0.021074850581475537 0.010169768561463195 -0.010465225819356683 -0.006053237632260268 0.014118332543584397 -0.016368238454133502 0.0050714896675063256 -0.0072012355506202198 -0.0013834575829254243 0.010762031612768289 0.0009741976656653424 -0.021314477926492228 -0.0028354521161632292
leaf_weight=29573.118852213025 1011.660618070513 796.63873570039868 1580.8921053037047 1583.9559279903769 1030.1287865899503 2788.8986521027982 909.22385035455227 8636.5516299195588 12754.840998519212 13260.16221126169 5116.0229999497533 48283.951366398484 1316.4892727062106 9689.7072518728673
leaf_count=127802 4100 3387 6583 6682 4257 11884 3890 38355 58620 60546 23119 220763 5442 44510
internal_value=-2.16901e-05 -0.00875892 9.46701e-05 -2.41071e-05 0.000100681 0.00867574 -0.000152774 -3.68917e-05 -0.00191655 -0.00423751 0.000656295 0.00191377 -0.000998529 -0.00506313
internal_weight=138332 1808.3 136524 134943 133359 3819.03 129540 128631 34651.6 26015 93979.3 53400 40579.3 11006.2
internal_count=619940 7487 612453 605870 599188 16141 583047 579157 157521 119166 421636 243882 177754 49952
is_linear=0
shrinkage=0.05


Tree=98
num_leaves=15
num_cat=0
split_feature=8 53 54 54 1 69 69 69 71 71 69 69 71 71
split_gain=61.1571 69.225 96.273 67.8877 57.4206 50.102 64.6895 159.486 122.779 150.585 72.964 63.8684 87.8813 210.556
threshold=1.0000000180025095e-35 -0.091945841908454881 0.38150334358215338 0.22784484177827838 0.01425075624138117 -0.13227118551731107 -0.09301410615444182 -0.078645620495080934 0.004756052279844881 -0.037121023982763283 -0.071767471730709062 -0.020860132761299607 -0.010321858804672955 0.015517221763730051
decision_type=2 10 10 10 10 8 8 8 2 2 8 8 2 2
left_child=1 3 -3 5 -5 -1 8 -8 9 -7 -9 12 -12 -14
right_child=-2 2 -4 4 -6 6 7 10 -10 -11 11 -13 13 -15
leaf_value=0.0078882187785848691 0.0028824189221000242 -0.0062350456782353071 -0.00057706874321239194 0.0082526612684952188 0.0012411821534132621 -0.018135909196119203 0.019032684899509256 -0.01878071709352876 -0.026771773289968711 0.012412610217347896 -0.0030969225897994604 -0.0017987620267880698 0.026492440592423134 -0.0028991216196958651
leaf_weight=1517.1203264594078 15565.523486439139 10823.879496436566 24574.793442543596 3150.7352556474507 38445.624018669128 743.14304154366255 972.57904104888439 581.84959185123444 700.16150206327438 858.87137445062399 2048.8223636783659 35899.795998197049 1140.3943331763148 1291.8496501147747
leaf_count=6282 73534 60541 112490 15145 157550 3058 3966 2395 2872 3487 8386 160097 4714 5324
internal_value=-6.90232e-05 -0.000443491 -0.00230838 0.000312428 0.00177413 -0.00101653 -0.00132363 -0.000874494 -0.00946565 -0.00178285 -0.00135168 -0.00109596 0.00452599 0.0109336
internal_weight=138315 122750 35398.7 87350.9 41596.4 45754.6 44237.5 41935.3 2302.18 1602.01 40962.7 40380.9 4481.07 2432.24
internal_count=619841 546307 173031 373276 172695 200581 194299 184882 9417 6545 180916 178521 18424 10038
is_linear=0
shrinkage=0.05


Tree=99
num_leaves=15
num_cat=0
split_feature=74 5 0 8 53 54 72 69 72 71 68 73 69 71
split_gain=68.1532 67.4666 58.4455 53.5186 52.7416 92.7776 54.8839 57.397 75.7136 56.9422 101.995 116.974 76.2153 50.225
threshold=-0.04474180564284324 0.71594694256782543 0.05568096041679383 1.0000000180025095e-35 -0.091945841908454881 0.37077189981937414 0.0045173054095357665 0.05322465859353543 0.0042985687032341966 0.015194182284176351 0.035015830770134933 0.5629803240299226 0.05322465859353543 0.040108343586325652
decision_type=2 2 2 2 10 10 10 8 8 2 10 2 10 2
left_child=-1 2 -2 4 6 -6 7 -3 9 10 11 -9 -13 -8
right_child=1 3 -4 -5 5 -7 13 8 -10 -11 -12 12 -14 -15
leaf_value=-0.016369444863241031 -0.025643089925475565 0.0084436979629271269 -0.00037164478273020858 0.0030398637074010408 -0.0057271754216620362 -7.4948757791309156e-05 0.0012632202648413292 -0.021594720307514619 -0.015055935640444424 0.013443095491745473 -0.018089564667080418 -0.012768062345698637 0.0071878777107368154 -0.0044655996211662241
leaf_weight=615.47957848012447 460.43314216285944 880.79875116050243 445.97940766811371 15390.030653283 10231.667923752218 24939.618132285774 74499.423543129116 532.28481161594391 1469.4931754432619 511.9366500377655 995.3592928275466 576.6375488191843 2593.5813962370157 4023.2624604590237
leaf_count=2625 2836 3964 1802 72193 57579 114345 316328 2374 6782 2326 4425 3189 11825 16694
internal_value=9.78278e-05 0.000172696 -0.0133486 0.000263359 -8.92677e-05 -0.0017204 0.000577294 -0.00348874 -0.00507254 -0.00223314 -0.00396634 -0.000131041 0.00352932 0.000969162
internal_weight=138166 137551 906.413 136644 121254 35171.3 86082.8 7560.09 6679.29 5209.8 4697.86 3702.5 3170.22 78522.7
internal_count=619287 616662 4638 612024 539831 171924 367907 34885 30921 24139 21813 17388 15014 333022
is_linear=0
shrinkage=0.05


Tree=100
num_leaves=15
num_cat=0
split_feature=54 53 72 69 72 73 69 69 13 69 72 69 69 73
split_gain=58.6587 79.7601 105.47 124.002 102.401 78.0061 98.9609 67.7758 64.6441 62.2614 61.4499 132.694 139.427 90.38
threshold=0.6703459918498994 -0.18961814790964124 0.0040517377201467761 0.099168736487627043 0.0045173054095357665 0.71822267770767223 -0.012004304677247999 0.069799125194549574 0.1124531999230385 0.054717440158128745 0.0075098148081451663 0.099168736487627043 0.12688654661178592 0.31674617528915411
decision_type=10 10 10 10 10 2 10 10 8 10 10 10 10 2
left_child=1 8 3 9 7 10 -7 -4 -1 -3 11 -6 -13 -12
right_child=-2 2 4 -5 5 6 -8 -9 -10 -11 13 12 -14 -15
leaf_value=0.00083085480648912777 0.0018152832004078552 0.016685675882530102 -0.019869798003369295 0.025143576447315408 0.004959060096829811 0.010468188745318919 -0.009369606787330436 -0.0044284777365594177 -0.016965539841892332 -0.001035232787434288 0.0029487794223599733 -0.010557731585181586 0.011631651104347595 -0.0046070320781477943
leaf_weight=56133.697785459459 32694.479621406645 577.79705114662647 1383.5511017143726 657.76767259091139 8800.4117933884263 696.83060815557837 5784.6884151399136 1465.2669412232935 504.96995138376951 3156.2031444087625 5144.4900797083974 3308.3253974504769 891.04723152145743 17063.277084175497
leaf_count=238632 137062 3253 7983 3571 45336 3179 30081 8131 2092 18220 21939 17168 4308 78878
internal_value=-3.49932e-05 -0.000608141 -0.00208659 0.00529789 -0.00281578 -0.00218744 -0.007224 -0.0119709 0.000669222 0.00174413 -0.00125845 0.00147105 -0.00583301 -0.00285617
internal_weight=138263 105568 48929.7 4391.77 44537.9 41689.1 6481.52 2848.82 56638.7 3734 35207.6 12999.8 4199.37 22207.8
internal_count=619833 482771 242047 25044 217003 200889 33260 16114 240724 21473 167629 66812 21476 100817
is_linear=0
shrinkage=0.05


Tree=101
num_leaves=15
num_cat=0
split_feature=27 0 69 68 68 72 3 69 73 72 69 72 68 70
split_gain=59.8832 100.904 65.9974 372.851 112.313 94.3494 71.9544 70.7544 70.4686 64.2342 189.366 128.231 144.284 142.106
threshold=0.8639521896839143 0.032978577539324767 0.035444770008325584 -0.014754017814993857 -0.0059690875932574263 0.0086608766578137892 0.075000001117587103 0.070649851113557829 0.36513555049896246 0.012653355952352287 -0.023623042739927765 0.014097698032855989 -0.039554694667458527 -0.0058640849310904733
decision_type=2 2 10 10 10 10 2 10 2 8 8 10 10 2
left_child=1 -1 9 5 7 -4 -7 8 -5 10 -2 12 13 -11
right_child=2 -3 3 4 -6 6 -8 -9 -10 11 -12 -13 -14 -15
leaf_value=-0.0026932378236369388 0.018424162194006503 0.0012997033495638158 0.006729365971865864 -0.0011438814643672873 0.0018843790590806907 0.044985588394507087 0.020107267252912141 0.0056369866846304531 -0.025226631556128178 -0.014328937702046169 -0.00051410322586084621 -0.00068866990117270454 -0.022063604929342517 0.019405812739490651
leaf_weight=36742.867683082819 1465.2602017149329 27774.055981263518 505.19713501632214 470.19699644297361 43130.449316576123 594.05616034567356 616.97037103772163 474.72314081341028 853.21512556821108 709.31446897611022 12534.784732419997 9899.6887851469219 1687.4689180999994 541.53394559770823
leaf_count=177797 6140 112098 2139 2006 198571 2524 2494 2021 3710 2947 56162 40954 7171 2232
internal_value=0.000137125 -0.000974371 0.001113 0.00224945 0.00137299 0.0250532 0.0325795 -0.010836 -0.016743 -0.000862249 0.00147973 -0.00341538 -0.0125686 0.000314036
internal_weight=138000 64516.9 73482.9 46644.8 44928.6 1716.22 1211.03 1798.14 1323.41 26838.1 14000 12838 2938.32 1250.85
internal_count=618966 289895 329071 213465 206308 7157 5018 7737 5716 115606 62302 53304 12350 5179
is_linear=0
shrinkage=0.05


Tree=102
num_leaves=15
num_cat=0
split_feature=8 53 54 72 72 69 69 68 72 68 69 68 69 72
split_gain=62.1212 48.962 74.6991 52.1309 158.139 310.8 186.766 214.611 169.891 312.672 250.324 204.474 186.546 173.376
threshold=1.0000000180025095e-35 -0.080751694738864885 0.46067091822624212 0.011205004528164865 0.012653355952352287 -0.023623042739927765 0.040939569473266609 -0.017960899509489533 0.014628778211772444 -0.039554694667458527 -0.051937524229288094 -0.021800803951919075 0.026166643016040329 0.015647837892174724
decision_type=2 10 10 10 10 10 10 10 10 10 8 10 8 10
left_child=1 3 -3 -1 5 -5 8 -8 9 -6 -11 -12 13 -10
right_child=-2 2 -4 4 6 -7 7 -9 12 10 11 -13 -14 -15
leaf_value=-0.00064024975844923036 0.0029968402180914717 -0.0050672491722331819 -9.1156283165553891e-05 0.023156038225328631 0.0041322130768154308 0.0011282120043109556 0.038938525763063545 0.005202246256172975 0.015477848424273076 0.010534570484279811 -0.04238949433275474 -0.014122765852148609 -0.021690446243844665 -6.1495911345005395e-05
leaf_weight=59614.067949797958 15539.973744608462 12447.635508265346 19113.639288276434 2371.0328850224614 2463.0674173645675 4893.3609351292253 545.95666100084782 3130.5333040989935 2100.3987798169255 565.70710447430611 1097.1361137926579 1553.4967666976154 852.62866621464491 12009.852737754583
leaf_count=260435 73344 69621 86222 10071 10056 20235 2221 12990 8638 2333 4546 6601 3537 49218
internal_value=1.95019e-05 -0.000357612 -0.00205469 0.000229869 0.00187192 0.00833985 -6.27796e-05 0.0103041 -0.00191327 -0.00926771 -0.0195103 -0.0259381 0.00088256 0.00226096
internal_weight=138298 122759 31561.3 91197.2 31583.2 7264.39 24318.8 3676.49 20642.3 5679.41 3216.34 2650.63 14962.9 14110.3
internal_count=620068 546724 155843 390881 130446 30306 100140 15211 84929 23536 13480 11147 61393 57856
is_linear=0
shrinkage=0.05


Tree=103
num_leaves=15
num_cat=0
split_feature=15 68 68 23 68 84 54 68 68 50 68 71 71 71
split_gain=64.1214 61.2465 92.615 90.9227 77.0121 83.3764 74.9356 65.8471 93.8792 60.827 58.6755 97.7615 157.696 51.9692
threshold=27.964147567749027 -0.026530045084655281 -0.025394651107490059 0.0020227265777066354 -0.087453853338956819 1.5000000000000002 0.31829500198364263 -0.022642364725470539 -0.016756311990320679 0.051513917744159705 -0.037996767088770859 -0.011602019425481556 0.0019321331055834892 -0.012410324532538651
decision_type=8 8 10 2 10 2 8 10 10 2 10 2 2 2
left_child=1 4 3 -3 5 -1 10 -4 13 -8 11 -6 -13 -9
right_child=-2 2 7 -5 6 -7 9 8 -10 -11 -12 12 -14 -15
leaf_value=-0.0045787095519345764 -0.0016297647999039214 0.031386383922689609 -0.012918089679411885 0.0013912410485728899 -0.0099430271480715135 0.019509362467721343 0.0096376388751297087 0.0013623042182144937 0.00079068221244945214 -0.0035934295340191279 -0.014909969295826019 0.026260786409137822 -0.0064487200647074102 0.014093023060019423
leaf_weight=677.03112970665097 41635.961564525962 489.79280234873295 831.75602416694164 512.87373957037926 2822.264666415751 747.89001258462667 1382.006684165448 1294.7631003670394 79976.622028719634 2301.1993570029736 1900.3655743524432 572.70686756819487 994.42834135144949 2104.8004555478692
leaf_count=2804 187012 2043 3476 2132 11711 3103 5797 5457 363856 9361 8070 2367 4115 8834
internal_value=1.02969e-05 0.00071722 0.00117772 0.0162088 -0.00272346 0.00811211 -0.0042782 0.000996837 0.00113718 0.00138376 -0.00759071 -0.0043952 0.00559563 0.0092626
internal_weight=138244 96608.5 85210.6 1002.67 11397.9 1424.92 9972.97 84207.9 83376.2 3683.21 6289.77 4389.4 1567.14 3399.56
internal_count=620138 433126 385798 4175 47328 5907 41421 381623 378147 15158 26263 18193 6482 14291
is_linear=0
shrinkage=0.05


Tree=104
num_leaves=15
num_cat=0
split_feature=5 0 54 53 72 72 7 13 72 72 70 72 70 26
split_gain=55.7124 80.1026 48.3524 76.1717 106.258 88.7224 54.4619 51.9424 46.9355 161.876 291.822 133.159 97.4846 75.0863
threshold=0.71594694256782543 0.044609965756535537 0.68789124488830578 -0.14742230623960492 0.0040517377201467761 0.0045173054095357665 0.066385608166456236 -0.12132228910923003 0.011205004528164865 0.012653355952352287 0.0028099451446905736 0.010852548759430649 0.014460922684520485 -0.15274124592542646
decision_type=2 2 10 10 10 10 2 10 10 10 2 10 2 10
left_child=1 -1 3 7 6 -6 -5 -2 11 10 -10 -9 -12 -11
right_child=2 -3 -4 4 5 -7 -8 8 9 13 12 -13 -14 -15
leaf_value=-0.029239440400930773 -0.013311874022896662 0.00043412340958843437 0.001736924427102245 0.013308540942486041 -0.012192007168362499 -0.0023953076424648697 0.0010580581905967554 0.00010033425089412602 0.021821802831371567 0.003871436282172085 -0.0069985127456326408 -0.019442063360135126 0.014750771064601346 -0.0026389950315517281
leaf_weight=387.80849853903055 659.68751674890518 530.34219744801521 31339.219559874386 1439.6110980883241 2473.3979527801275 33500.729000605643 2430.0222698971629 41202.945508591831 2659.8623732998967 7857.5942183062434 2020.1404028683901 880.51487232744694 680.5139951556921 10122.428882595152
leaf_count=2598 2722 2146 130764 9488 14336 165017 12976 180120 11037 31994 8444 3644 2823 41821
internal_value=-7.0574e-05 -0.0122794 1.1977e-05 -0.000498474 -0.00222494 -0.00307208 0.00563813 0.000542641 0.000684353 0.0024821 0.0100994 -0.000313074 -0.0014839 0.000206751
internal_weight=138185 918.151 137267 105927 39843.8 35974.1 3869.63 66083.7 65424 23340.5 5360.52 42083.5 2700.65 17980
internal_count=619930 4744 615186 484422 201817 179353 22464 282605 279883 96119 22304 183764 11267 73815
is_linear=0
shrinkage=0.05


Tree=105
num_leaves=15
num_cat=0
split_feature=0 57 54 68 68 70 70 68 68 74 74 71 70 70
split_gain=53.9939 44.7693 44.1988 95.906 85.6726 127.958 171.595 92.9216 98.4348 90.7741 83.0145 89.5871 94.1324 85.2544
threshold=0.012092667631804945 0.39337982237339025 0.39603215456008917 0.066228810697793974 0.046574575826525695 -0.0018259931821376083 0.0098977647721767443 0.038458131253719337 0.040790459141135223 0.00026289916422683751 0.017288482747972015 0.011539016384631397 0.018314933404326442 -0.00028305046726018185
decision_type=2 8 8 10 10 2 2 10 10 2 2 2 2 2
left_child=-1 2 3 4 7 -6 9 -2 -9 -7 13 12 -12 -4
right_child=1 -3 10 -5 5 6 -8 8 -10 -11 11 -13 -14 -15
leaf_value=-0.011067792171854133 -0.00055297426045898535 -0.0098777747745348518 0.0025755688375375735 -0.016032561647160531 -0.012402471406503399 0.026976612560265914 -0.012834206806284294 -0.017261471819359997 -0.0026265007157602999 0.0087181447921397676 0.027015585228524722 0.0013525992940157132 0.0030407336152949867 -0.0010577173773081458
leaf_weight=1102.5529537834227 54861.987655930221 1129.4504602402449 28797.039089053869 1013.6947157606483 845.62745154649019 880.54266262799501 766.26881373673677 1729.0735898762941 3399.3940483182669 2971.9027623310685 950.05199581384659 2152.4809794351459 718.75279285013676 36725.882109872997
leaf_count=12029 246460 5185 123981 4750 3904 4083 3450 8399 15803 13939 3926 8917 2979 161482
internal_value=-9.73261e-05 -8.19863e-06 7.46003e-05 -0.000846638 -0.000609041 0.00537887 0.00865417 -0.00115527 -0.0075847 0.0129505 0.000957629 0.00811145 0.0167693 0.000539245
internal_weight=138045 136942 135813 66468.5 65454.8 5464.34 4618.71 59990.5 5128.47 3852.45 69344.2 3821.29 1668.8 65522.9
internal_count=619287 607258 602073 300788 296038 25376 21472 270662 24202 18022 301285 15822 6905 285463
is_linear=0
shrinkage=0.05


Tree=106
num_leaves=15
num_cat=0
split_feature=5 2 69 73 69 73 68 70 73 68 73 68 69 70
split_gain=51.5182 69.8821 45.9412 248.2 104.966 153.531 126.171 69.8491 68.8735 179.165 178.626 229.955 165.603 145.138
threshold=0.71594694256782543 0.040185693651437766 0.1354017108678818 0.66104114055633556 0.10951106622815134 0.7626253366470338 0.015533334575593473 0.0032531337346881632 0.72511178255081188 0.016732051968574527 0.54551473259925853 -0.0020691087702289219 0.09693481028079988 0.016979017294943336
decision_type=2 2 10 2 10 2 10 2 2 10 2 10 10 2
left_child=1 -1 4 -4 8 6 -6 -5 9 10 12 -12 -2 -13
right_child=2 -3 3 7 5 -7 -8 -9 -10 -11 11 13 -14 -15
leaf_value=-0.026177137422097416 9.4123399967575735e-05 0.0013553488412382814 0.029885207977102469 0.0056973970795703675 0.013689072481338322 0.01189387310575951 -0.0066632510552771182 -0.0051999321709600204 -0.0024519087352709375 0.0037696157787773898 0.027113939705197071 -0.0093936371098128444 0.016939601505300807 0.019891135274925642
leaf_weight=426.67995157837868 49380.173504468054 486.08007565140724 816.55723299831152 3149.0052949376404 799.21099731698632 1388.9778648242354 13117.862465180457 2741.2022806107998 16813.958991110325 36793.671443942934 475.32927513122559 9731.5615542642772 1493.3730702400208 433.14500119164586
leaf_count=2769 211385 1965 3450 13395 3456 6712 59321 11870 79217 169895 1983 45846 6370 1798
internal_value=0.000115481 -0.0116592 0.000194697 0.00422731 -1.29739e-05 -0.00390163 -0.0054855 0.000625748 0.000504341 0.00101016 -0.000640722 -0.00652907 0.000591848 -0.00812741
internal_weight=138047 912.76 137134 6706.76 130427 15306.1 13917.1 5890.21 115121 98307.3 61513.6 10640 50873.5 10164.7
internal_count=619432 4734 614698 28715 585983 69489 62777 25265 516494 437277 267382 49627 217755 47644
is_linear=0
shrinkage=0.05


Tree=107
num_leaves=15
num_cat=0
split_feature=15 68 69 69 69 72 74 74 57 27 72 69 68 69
split_gain=49.1423 60.5615 84.9206 56.9963 62.8921 72.975 52.0074 75.46 50.628 66.6193 57.7362 73.2969 104.579 108.2
threshold=19.084445953369144 -0.029244812205433842 -0.074945528060197816 -0.12024196237325667 -0.060190718621015542 0.017915085889399055 -0.014051598962396382 -0.0013157994253560899 0.011327737942337992 0.85484537482261669 0.0063372445292770871 0.019829462282359604 0.012831455096602442 0.056114079430699355
decision_type=8 8 8 10 10 10 2 2 10 2 10 8 10 8
left_child=1 3 -3 -1 5 -5 -6 -8 9 -2 11 -10 -13 -14
right_child=8 2 -4 4 6 -7 7 -9 10 -11 -12 12 13 -15
leaf_value=0.0074310401220650281 -0.0061019811372101619 0.021514803115982268 0.0015204798171942931 -0.030308470065893846 0.0096908180241482844 -0.006679675313731215 -0.016368272003768943 0.004544085505106028 0.014082524890237466 -0.00028071324571599462 0.00072796525522118296 -0.010464961625099786 0.0099208155098492734 -0.0028020095865522038
leaf_weight=851.69140957295895 9293.8517296537757 527.74494087696075 43187.224491275847 498.84331182017922 687.50768342986703 935.34613650664687 901.98827563598752 811.99765271320939 635.65590151771903 10420.416521001607 50669.928994603455 3785.1882709264755 1907.8891581371427 12980.906247004867
leaf_count=3515 46814 2176 196098 2078 2879 3839 3793 3426 2915 51592 213736 17564 8874 60454
internal_value=-9.64544e-05 0.00118737 0.00176672 -0.00420802 -0.006805 -0.0150513 -0.00183829 -0.00649219 -0.000789312 -0.00302672 -0.000158658 -0.0024844 -0.00305556 -0.00116611
internal_weight=138096 48402.3 43715 4687.37 3835.68 1434.19 2401.49 1713.99 89693.8 19714.3 69979.6 19309.6 18674 14888.8
internal_count=619753 217804 198274 19530 16015 5917 10098 7219 401949 98406 303543 89807 86892 69328
is_linear=0
shrinkage=0.05


Tree=108
num_leaves=15
num_cat=0
split_feature=5 51 54 53 74 71 72 72 84 72 74 71 71 72
split_gain=44.5524 59.319 43.4874 89.8015 57.2553 103.365 60.8998 109.475 131.517 73.0911 71.0013 60.1159 205.381 53.0953
threshold=0.71594694256782543 -0.34187451004981989 0.33685694634914404 -0.14742230623960492 -0.0062917259056121102 0.031384771689772613 0.0088296537287533301 0.011327308136969806 1.5000000000000002 0.0050333135295659312 -0.009457337670028208 -0.012753691989928482 -0.017622965388000008 0.0030659465119242672
decision_type=2 10 10 10 2 2 10 10 2 10 2 2 2 10
left_child=1 -1 3 13 5 6 9 8 -8 -4 -9 12 -11 -2
right_child=2 -3 4 -5 -6 -7 7 10 -10 11 -12 -13 -14 -15
leaf_value=0.00025295454869808751 -0.015083617678125353 -0.025493420376844614 -0.0037230385901413942 -0.0037097656443974962 0.00032590243660410312 -0.015386488555535822 0.0068329906713210714 0.0031629989429865419 -0.015618666591021263 0.015131570578600274 0.019021669192707785 0.014824123882880189 -0.020889827557933928 0.00049739628465673156
leaf_weight=513.45113323256373 542.50485676154494 386.19798830151558 1012.8419666104019 18465.74345709011 51999.430857613683 645.01888573914766 1118.1754250824451 2952.0443565882742 1540.4979222752154 1211.4023262187839 919.88670124858618 3398.7220186144114 575.55797556042671 52705.665797166526
leaf_count=2099 2638 2577 4583 98723 229354 2698 4641 12176 6435 5049 3774 14744 2461 227360
internal_value=7.08092e-05 -0.0109581 0.000143981 -0.000706234 0.00107662 0.00399303 0.00498635 0.00161285 -0.00618581 0.00853226 0.00696997 0.0109285 0.00347783 0.000335851
internal_weight=137987 899.649 137087 71713.9 65373.6 13374.1 12729.1 6530.6 2658.67 6198.52 3871.93 5185.68 1786.96 53248.2
internal_count=619312 4676 614636 328721 285915 56561 53863 27026 11076 26837 15950 22254 7510 229998
is_linear=0
shrinkage=0.05


Tree=109
num_leaves=15
num_cat=0
split_feature=15 68 69 69 73 74 74 74 74 69 72 72 71 68
split_gain=52.2525 49.739 282.642 217.556 211.157 108.318 108.584 105.266 186.327 109.407 222.042 258.986 130.85 129.561
threshold=30.021802902221683 -0.026530045084655281 0.034159434959292419 -0.078645620495080934 0.34461727738380438 -0.019179445691406723 -0.017591366544365879 -0.016549087129533287 -0.015288716182112692 -0.012004304677247999 0.012761422898620369 0.014910137746483089 -0.017622965388000008 -0.01317297527566552
decision_type=8 8 8 8 2 2 2 2 2 8 10 10 2 10
left_child=1 2 4 -3 -1 -5 -7 -8 -9 10 12 -12 -10 -13
right_child=-2 3 -4 5 -6 6 7 8 9 -11 11 13 -14 -15
leaf_value=-0.0021304492533109291 -0.0017279462117757807 0.026113192483095765 0.029584383202560655 -0.010060822155541042 -0.025842086253947873 0.024015528532924251 -0.019130013258302533 0.029210595757945847 -0.00069776570596213514 0.00029786954746896402 -0.025502003917084466 -0.012774102829945936 0.027472507944781732 0.010972682690946993
leaf_weight=10858.713144816458 33970.015746168792 839.95850108936429 643.84217579290271 2270.5134029276669 1018.0543348640203 498.46001802757382 644.83810374885798 571.10614904016256 555.36407006904483 80254.720234669745 773.36002712696791 709.01986984908581 1583.9489159882069 2862.5698935501277
leaf_count=45109 152909 3455 2655 9624 4301 2097 2751 2480 2324 367345 3241 2926 6719 11802
internal_value=-2.552e-05 0.000530213 -0.00242437 0.000934448 -0.004183 0.000698481 0.000975768 0.000842481 0.000992164 0.000803023 0.00704514 0.000541387 0.0201903 0.00623605
internal_weight=138054 104084 12520.6 91563.9 11876.8 90723.9 88453.4 87954.9 87310.1 86739 6484.26 4344.95 2139.31 3571.59
internal_count=619738 466829 52065 414764 49410 411309 401685 399588 396837 394357 27012 17969 9043 14728
is_linear=0
shrinkage=0.05


Tree=110
num_leaves=15
num_cat=0
split_feature=15 57 23 72 71 69 72 69 69 72 72 72 69 72
split_gain=42.5352 59.7071 43.3035 37.9949 160.346 137.969 107.456 58.0294 51.1148 97.5936 99.208 89.826 71.5517 60.3177
threshold=23.161417961120609 0.013399512972682716 0.0046857527922838935 0.0040517377201467761 0.014939395710825922 0.095161151140928282 0.0045173054095357665 0.054717440158128745 0.1011449657380581 0.0068157545756548652 0.0066108887549489745 0.0080920867621898668 0.099554911255836501 0.007961741182953121
decision_type=8 10 2 8 2 8 10 10 10 10 10 10 8 10
left_child=3 2 -2 4 5 7 -5 -1 11 10 -10 13 -13 -8
right_child=1 -3 -4 6 -6 -7 8 -9 9 -11 -12 12 -14 -15
leaf_value=0.021206286086507719 -0.0072599471350689023 -2.5715369873716406e-05 -0.0017613232387177838 -0.008398060225702721 0.029054347242888856 -0.017239421941957597 0.0039883340792576608 0.0031225675341442997 -0.0043610964227545138 0.0018541432232364995 -0.025818258446987437 -0.0004308074053001634 0.0097854009805807014 0.020976895911362325
leaf_weight=526.64547961577773 5242.6018971428275 48037.082488711923 11278.649916619062 3188.8757968731225 603.27169441431761 772.54733668267727 18235.829890500754 2589.1753920614719 5417.6331499926746 8311.5576672367752 589.18168427050114 30829.128276981413 1804.7357571907341 528.62069249898195
leaf_count=2696 29858 207074 52853 16047 2974 4096 85258 13296 24978 36293 2675 130773 8142 2286
internal_value=1.83943e-05 -0.000917665 -0.00350951 0.000841742 0.00529227 0.00154057 0.000550906 0.0062372 0.000986363 -0.00165482 -0.00650515 0.00172231 0.000136999 0.00447784
internal_weight=137956 64558.3 16521.3 73397.2 4491.64 3888.37 68905.6 3115.82 65716.7 14318.4 6006.81 51398.3 32633.9 18764.5
internal_count=619299 289785 82711 329514 23062 20088 306452 15992 290405 63946 27653 226459 138915 87544
is_linear=0
shrinkage=0.05


Tree=111
num_leaves=15
num_cat=0
split_feature=27 73 74 0 13 71 54 84 72 19 73 54 72 72
split_gain=47.6547 79.3554 69.3306 64.3742 55.4566 52.3241 85.7625 65.2613 60.4674 55.1528 56.0775 76.8033 47.1817 65.0979
threshold=0.80554369091987621 0.15441858023405078 -0.019179445691406723 0.023440293036401275 0.0055603885557502517 -0.033630508929491036 0.26398330926895147 1.5000000000000002 0.012975501827895643 0.03873774595558644 0.12987624853849414 0.28008912503719335 0.011205004528164865 0.013089691288769247
decision_type=2 2 2 2 8 2 8 2 10 8 2 8 10 10
left_child=1 4 -3 -4 -1 6 -2 -8 -9 10 11 -7 -5 -14
right_child=5 2 3 12 -6 9 7 8 -10 -11 -12 -13 13 -15
leaf_value=0.013785232069882246 -0.0084786893909406785 -0.01321267771454062 -0.0041078769367795531 -0.0013825875672270204 -0.0052388045021456303 0.025879346638269202 0.01345947999382128 -0.012485117831987047 0.0071576666451458109 -0.012238463428736208 0.0010638635073142897 0.00014505805399093994 0.0076165739403088592 -0.0001800263458910217
leaf_weight=1428.3987060822546 3717.4618805088103 1229.184051066637 14169.734813779593 25027.299545824528 516.03979487717152 532.14500937983394 981.21291238069534 796.38476422429085 752.88697564974427 757.55033773928881 75526.156344074756 623.46541219949722 4012.8048025667667 8003.2669749259949
leaf_count=5910 15493 5173 78878 103139 2153 2217 4075 3302 3119 3110 341749 2574 16381 32615
internal_value=-5.42352e-06 -0.00115756 -0.00152597 -0.00124294 0.00873542 0.000743378 -0.00365457 0.00343788 -0.00295479 0.00109864 0.00123198 0.0121158 -0.000146245 0.00242784
internal_weight=138074 54386.7 52442.3 51213.1 1944.44 83687.3 6247.95 2530.48 1549.27 77439.3 76681.8 1155.61 37043.4 12016.1
internal_count=619888 244249 236186 231013 8063 375639 25989 10496 6421 349650 346540 4791 152135 48996
is_linear=0
shrinkage=0.05


Tree=112
num_leaves=15
num_cat=0
split_feature=57 67 70 69 74 22 69 71 74 71 70 74 51 71
split_gain=42.998 79.3496 40.3734 77.5417 76.8918 62.1222 45.5737 62.8188 57.9008 159.36 144.932 117.446 96.4939 87.3556
threshold=0.0086959386244416254 0.0062328083440661439 -0.03048756159842014 -0.11513442173600195 -0.028786783106625077 22.783552169799808 -0.1383535638451576 -0.0302647091448307 -0.021459922194480893 -0.040122648701071732 -0.022265589796006676 -0.023091642186045643 -0.14898216724395749 -0.054346878081560128
decision_type=10 2 2 10 2 10 8 2 2 2 2 2 10 2
left_child=1 -1 3 -2 -4 -5 7 -6 9 -8 -10 12 -11 -12
right_child=2 -3 4 5 6 -7 8 -9 10 11 13 -13 -14 -15
leaf_value=-0.0054404481024837295 0.007369392177057516 0.00046796422553620578 0.016625550407029076 -0.00075997201873442778 0.0005317229408103607 -0.024158698189018436 0.01749092761448828 0.023067679229291961 0.028029264077358403 -0.017700745000521632 -0.014076892247168543 -0.026365332820442511 0.0098267600298325153 0.00050988431818097067
leaf_weight=9582.2492579780519 605.32236512005329 13938.332039214671 726.6338617503643 481.48823624104261 752.16245374456048 682.74496212601662 529.28470706939697 515.68497035652399 465.68943246081471 581.76957616209984 1026.3779709339142 918.72531212866306 679.53800524771214 106551.50810028613
leaf_count=53134 2547 64739 2968 2029 3075 2935 2201 2204 1931 2365 4214 3859 2905 468642
internal_value=6.30815e-06 -0.0019404 0.000406277 -0.00706625 0.000524173 -0.0145706 0.000418256 0.0098068 0.000309904 -0.00689599 0.000491222 -0.0128697 -0.00290948 0.000369419
internal_weight=138038 23520.6 114517 1769.56 112747 1164.23 112021 1267.85 110753 2709.32 108044 2180.03 1261.31 107578
internal_count=619748 117873 501875 7511 494364 4964 491396 5279 486117 11330 474787 9129 5270 472856
is_linear=0
shrinkage=0.05


Tree=113
num_leaves=15
num_cat=0
split_feature=27 2 13 74 74 74 68 68 73 73 74 74 68 73
split_gain=41.5022 55.1702 39.9621 37.4435 41.8023 95.3388 92.4852 206.773 114.16 153.338 93.7796 182.877 114.415 96.3414
threshold=0.59988194704055797 0.031678054481744773 0.15902742743492129 -0.04474180564284324 -0.0059043532237410537 -0.005512069445103406 0.018250810913741592 0.020092573016881946 0.52022144198417675 0.49850323796272283 -0.015288716182112692 -0.01112646935507655 -0.087453853338956819 0.20574606955051425
decision_type=2 2 8 2 2 2 8 10 2 2 2 2 10 2
left_child=1 -1 3 -2 6 -6 8 -8 9 10 12 13 -5 -12
right_child=2 -3 -4 4 5 -7 7 -9 -10 -11 11 -13 -14 -15
leaf_value=-0.0045575551689792902 -0.011691240927849962 0.00068556642431224688 -0.012562639855236783 0.022123854106551082 -0.012927177266034246 0.00034992065080998325 0.037549705063709866 0.0045914921736827661 -0.0089135341200994797 0.025838174465107583 -0.029231576780169008 0.003181106266034104 0.0027315938350098742 -0.0076180718116573322
leaf_weight=9961.2650248557329 605.89232431724668 10093.936207249761 569.05977978557348 876.83598756417632 1363.1997194550931 87918.388751927763 492.24414660781622 9194.1187831945717 2853.5322525762022 634.79379137605429 657.55959394574165 4960.5226024128497 5373.9336512871087 2320.2680160440505
leaf_count=48294 2597 40794 2352 3674 6043 400677 2148 41052 12574 2801 2717 21189 22620 9830
internal_value=0.000182414 -0.00191963 0.000540352 0.000605011 0.000669879 0.000145774 0.00237923 0.00630337 0.000226649 0.00199091 0.000906587 -0.0026992 0.00548286 -0.0124726
internal_weight=137876 20055.2 117820 117251 116645 89281.6 27363.8 9686.36 17677.4 14823.9 14189.1 7938.35 6250.77 2977.83
internal_count=619362 89088 530274 527922 525325 406720 118605 43200 75405 62831 60030 33736 26294 12547
is_linear=0
shrinkage=0.05


Tree=114
num_leaves=15
num_cat=0
split_feature=69 74 74 69 71 74 74 69 68 68 74 68 68 70
split_gain=50.7574 171.5 129.129 94.6167 251.654 197.687 132.646 132.186 177.637 256.006 121.115 97.4303 92.9472 98.1118
threshold=0.1011449657380581 -0.0043070653919130555 0.018496754579246048 0.091497793793678298 0.0098012350499629992 -0.0092260362580418569 0.0097516253590583819 0.085665073245763793 0.018985471688210968 0.023705221712589267 -0.001162211818154901 0.0083850990049541014 0.041905201971530921 0.011142774950712921
decision_type=8 2 2 10 2 2 2 10 10 10 2 10 10 2
left_child=3 -2 12 7 5 -5 -7 -1 11 -10 -6 -9 -3 -14
right_child=1 2 -4 4 10 6 -8 8 9 -11 -12 -13 13 -15
leaf_value=0.00056301416899582984 0.0045252394266593809 -0.0063710864439139097 0.012435606705618293 0.020441200448734344 0.03517696970691802 -0.0090510150256431204 0.016209210875437859 -0.0093386898725995142 0.018033472772546258 -0.010622753809193428 0.011517019761127205 -0.038143747256265473 0.0015053724655713981 -0.017273611994221009
leaf_weight=88337.43080945313 8667.5934722311795 17548.797335892916 1201.3827368952334 874.08562602475286 693.12660168111324 3696.6032569110394 595.10430867597461 565.36471451073885 1077.6623843610287 2740.7844999842346 2432.3812167346478 620.31466138362885 8142.2866849675775 750.40790006890893
leaf_count=393920 38481 81309 5081 3766 3169 16529 2649 2465 4869 13056 11308 2780 36903 3297
internal_value=-3.52307e-06 -0.00160788 -0.0035319 0.000569768 0.00568517 -0.00109519 -0.0055188 0.000114819 -0.00778247 -0.00250926 0.0168594 -0.0246017 -0.00426182 -9.69103e-05
internal_weight=137943 36310.5 27642.9 101633 8291.3 5165.79 4291.71 93341.6 5004.13 3818.45 3125.51 1185.68 26441.5 8892.69
internal_count=619582 165071 126590 454511 37421 22944 19178 417090 23170 17925 14477 5245 121509 40200
is_linear=0
shrinkage=0.05


Tree=115
num_leaves=15
num_cat=0
split_feature=15 73 15 73 57 73 70 69 73 69 69 69 84 70
split_gain=44.9455 60.1549 40.0168 47.4304 74.7567 65.1983 58.7413 52.7276 73.2031 155.423 182.27 128.937 121.443 103.551
threshold=18.596875190734867 0.85966211557388317 18.596875190734867 0.15441858023405078 0.078860327601432814 0.16806954890489581 -0.01270850235596299 -0.09301410615444182 0.31674617528915411 0.034159434959292419 0.0113120349124074 0.049500988796353347 1.5000000000000002 0.01043195277452469
decision_type=8 2 10 2 8 2 2 8 2 8 10 10 2 2
left_child=-1 2 -2 4 -4 -5 -6 -7 9 10 13 -11 -12 -9
right_child=1 -3 3 5 6 7 -8 8 -10 11 12 -13 -14 -15
leaf_value=0.0012511835240570509 -0.014313517727666812 -0.009287702731747307 0.0098518358440101254 -0.01907188944669351 0.0052946076223454016 -0.010063338990858438 -0.011381631830194645 0.0021187308323468274 -0.00087903438760666476 0.037599906121229154 0.0035146525329765388 0.0051581611628698084 -0.026145666369319694 0.020407113303955171
leaf_weight=45114.314286340028 510.13245992362499 1973.087273966521 2729.5989665947855 469.0453297123313 1096.5084648355842 1429.0195192098618 1001.0801428928971 3991.9458148553967 75866.390443019569 572.63392010331154 564.71195100992918 653.54401203989983 868.91145067662001 951.07534420490265
leaf_count=203064 2137 9453 11326 1956 4593 5891 4055 16494 344890 2390 2399 2743 3718 3879
internal_value=-4.29423e-05 -0.000672973 -0.000484575 -0.000404781 0.00441183 -0.000677627 -0.00268042 -0.000573768 -0.000410118 0.00426408 0.00111671 0.0204903 -0.0145189 0.00567165
internal_weight=137792 92677.7 90704.6 90194.5 4827.19 85367.3 2097.59 84898.2 83469.2 7602.82 6376.64 1226.18 1433.62 4943.02
internal_count=618988 415924 406471 404334 19974 384360 8648 382404 376513 31623 26490 5133 6117 20373
is_linear=0
shrinkage=0.05


Tree=116
num_leaves=15
num_cat=0
split_feature=8 0 69 70 69 23 70 70 74 26 69 69 70 70
split_gain=50.3506 40.0851 39.7021 36.4982 84.2159 58.1255 52.7474 83.6083 66.7199 83.5889 58.0718 55.116 53.9639 64.153
threshold=1.0000000180025095e-35 0.016149625182151798 0.089249406009912505 0.025992065668106083 -0.05704184249043464 0.037574404850602157 0.021026453934609893 0.018314933404326442 0.018496754579246048 -0.12476622685790061 -0.045439498499035828 -0.017013531178236004 0.016361031681299213 0.014710957184433939
decision_type=2 2 10 2 10 2 2 2 2 10 8 10 2 2
left_child=1 2 -1 6 5 -5 7 8 -3 -10 -8 -9 13 -11
right_child=-2 3 -4 4 -6 -7 10 11 9 12 -12 -13 -14 -15
leaf_value=-0.0063605577496173423 0.002622788928684771 -0.0002352197722320567 0.0026157348252460722 -0.0097330849358648226 -0.019571081276767002 0.014195058549955114 -0.0019915262438770214 -0.001426044366850154 -0.0065713461712346537 0.016090928042178512 0.018067367833924205 -0.020877582598123862 0.02707082708331859 -0.0053250967405860609
leaf_weight=5036.7478568889201 15478.527837250382 108445.50050753355 1623.4066354036331 494.57410524785519 772.40961594879627 501.03502011299133 635.47660651803017 669.84288926422596 741.96006415784359 926.75656118988991 819.37090349197388 792.16237199306488 500.77184776961803 551.61954545974731
leaf_count=36952 73119 467267 11696 2011 3288 2020 2618 2747 3011 3929 3394 3379 2081 2297
internal_value=-6.32913e-05 -0.000402846 -0.00417195 -0.000185823 -0.00729435 0.00233004 -7.50287e-05 -0.000197617 -4.08597e-05 0.00767755 0.00935187 -0.0120358 0.0130255 0.00811798
internal_weight=137990 122512 6660.15 115851 1768.02 995.609 114083 112629 111167 2721.11 1454.85 1462.01 1979.15 1478.38
internal_count=619809 546690 48648 498042 7319 4031 490723 484711 478585 11318 6012 6126 8307 6226
is_linear=0
shrinkage=0.05


Tree=117
num_leaves=15
num_cat=0
split_feature=73 69 69 72 69 69 72 72 69 72 72 73 68 71
split_gain=50.9059 154.787 135.763 130.701 133.14 132.56 139.436 194.441 109.874 222.268 179.298 102.93 102.079 344.901
threshold=0.68766510486602794 0.1354017108678818 -0.02913612965494394 0.017434634268283847 -0.012004304677247999 -0.0042636860162019721 0.014443710446357729 0.013967480510473253 0.11499396711587907 0.0068157545756548652 0.00649542035534978 0.66104114055633556 0.016732051968574527 -0.0083502870984375459
decision_type=2 10 8 10 8 8 10 10 10 10 10 2 10 2
left_child=1 8 -2 4 -4 -6 7 -7 12 10 -10 -3 -1 -14
right_child=2 11 3 -5 5 6 -8 -9 9 -11 -12 -13 13 -15
leaf_value=-0.00036238127197287423 0.016998575415880551 0.027971605244014999 0.014722363741273293 -0.019458474500885017 -0.023584036201123555 -0.0018351952090503881 -0.025639552972183444 0.030211444322169906 -0.0081284978938490071 0.0018018785219274748 -0.033644053707009486 0.00084107942185719349 0.017142594021146679 0.0011539189929442998
leaf_weight=62099.103310842067 932.72696472704411 837.00709216296673 1182.6672702804208 1057.3029161058366 704.89492362737656 29320.199527259916 591.26130322739482 471.11099262908101 3231.4748362638056 5435.9959856756032 868.75653971731663 596.38364846259356 3847.1915993280709 26881.873635049909
leaf_count=270478 3960 3526 5032 4479 3189 138943 2486 1957 15142 24032 4068 2552 16682 123686
internal_value=-4.3485e-05 0.000508132 -0.00171438 -0.00224303 -0.00167313 -0.0023014 -0.00180003 -0.00131845 0.000278838 -0.00482916 -0.0136034 0.0167676 0.000804046 0.00316058
internal_weight=138058 103798 34260.2 33327.4 32270.1 31087.5 30382.6 29791.3 102364 9536.23 4100.23 1433.39 92828.2 30729.1
internal_count=620212 460166 160046 156086 151607 146575 143386 140900 454088 43242 19210 6078 410846 140368
is_linear=0
shrinkage=0.05


Tree=118
num_leaves=15
num_cat=0
split_feature=23 59 70 73 74 68 70 68 68 68 74 70 74 74
split_gain=44.0393 45.3282 86.0974 57.9455 163.975 162.775 172.111 117.983 151.731 117.03 101.532 92.857 157.26 120.878
threshold=-0.088393606245517717 1.5000000000000002 0.028627929277718071 0.31674617528915411 0.022159884683787826 -0.022642364725470539 -0.0026766125811263915 -0.036575015634298318 -0.037996767088770859 -0.042422825470566743 -0.0079029505141079408 -0.013790848664939402 -0.0034150431165471669 0.0097516253590583819
decision_type=2 10 2 2 2 10 2 10 10 10 2 2 2 2
left_child=-1 2 3 7 5 6 10 8 9 -2 -5 -9 -13 -14
right_child=1 -3 -4 4 -6 -7 -8 11 -10 -11 -12 12 13 -15
leaf_value=-0.0097276016655361355 -0.00080041492094592992 0.0017165577867309504 -0.021078788167155499 -0.0092366974530622183 0.019686915535720547 -0.00061908912137579025 -0.024633505017397351 0.024862154731865781 -0.025569279972612654 0.017353107779271456 0.017194485741336033 -0.010005356046349384 0.021516730320134819 -0.0053178952062735464
leaf_weight=1155.6792241185904 7708.2835900895298 30904.368256445974 493.87793689593673 1202.5175893120468 956.10684886947274 88032.689194928855 1465.8454090766609 821.95310420542955 549.61421087756753 993.26081722974777 508.84893047064543 1018.1460258103907 1472.9086045064032 580.53380069881678
leaf_count=4731 32113 126631 2115 5101 4158 413276 6287 3448 2362 4180 2130 4325 6228 2428
internal_value=-5.02428e-05 3.2271e-05 -0.000459807 -0.000361117 -0.000804116 -0.00102105 -0.0121214 0.00274328 -0.000332255 0.00128931 -0.00132355 0.010033 0.0059969 0.0139412
internal_weight=137865 136709 105805 105311 92166 91209.9 3177.21 13144.7 9251.16 8701.54 1711.37 3893.54 3071.59 2053.44
internal_count=619513 614782 488151 486036 430952 426794 13518 55084 38655 36293 7231 16429 12981 8656
is_linear=0
shrinkage=0.05


Tree=119
num_leaves=15
num_cat=0
split_feature=27 70 68 70 70 71 73 68 71 54 71 73 68 71
split_gain=38.1079 63.2527 62.9477 88.862 68.3538 83.1879 50.1409 75.1261 45.8321 43.1199 69.2668 148.316 57.7578 57.3691
threshold=0.72987899184227001 -0.00084989535389468063 -0.093901820480823503 -0.0094763874076306803 -0.0071474877186119548 -0.001680250570643693 0.68263044953346264 0.040790459141135223 0.0025635707424953584 0.29708676040172582 -0.033630508929491036 0.12987624853849414 -0.065314467996358858 0.040108343586325652
decision_type=2 2 10 2 2 2 2 10 2 8 2 2 10 2
left_child=1 2 -1 8 5 -5 7 -3 -4 10 12 -12 -2 -13
right_child=9 6 3 4 -6 -7 -8 -9 -10 -11 11 13 -14 -15
leaf_value=0.018783508833370283 -0.0011669735128620859 -0.0021201729707837325 -0.0030691054947705036 0.0034370176579808275 0.0011648039521944852 0.02610833239526061 -0.0059842783541620495 0.010852567006532809 -0.016841752670826642 0.0014221823190093885 0.023756035922301993 -8.6222197541765019e-06 -0.012845138359293365 -0.010218068302892061
leaf_weight=491.07833992317319 2216.0996480733156 16758.011297065765 2325.7147383391857 1078.7637877799571 9317.3285950422287 640.99226104468107 8157.2382377125323 1185.689130757004 809.01700744777918 58194.354118183255 635.36649569869041 32573.87208122015 2021.2495319955051 1426.6748246327043
leaf_count=2071 9134 74823 9830 4630 41964 2740 38272 5066 3398 258721 2660 151401 8582 6142
internal_value=2.22065e-05 -0.00126054 0.00136665 0.000750306 0.00286075 0.0119892 -0.00273639 -0.00125739 -0.00666583 0.000560975 -0.000728311 1.06899e-05 -0.00675468 -0.000439893
internal_weight=137831 40763.8 14662.9 14171.8 11037.1 1719.76 26100.9 17943.7 3134.73 97067.6 38873.3 34635.9 4237.35 34000.5
internal_count=619434 182794 64633 62562 49334 7370 118161 79889 13228 436640 177919 160203 17716 157543
is_linear=0
shrinkage=0.05


Tree=120
num_leaves=15
num_cat=0
split_feature=74 15 68 54 69 71 69 71 72 68 74 74 72 69
split_gain=44.4796 43.535 47.0599 64.8968 48.6273 171.153 130.675 117.541 172.652 207.491 108.737 137.12 127.798 119.499
threshold=-0.04474180564284324 16.099148750305179 0.066228810697793974 0.3850426077842713 0.08398406952619554 -0.016997806727886196 0.089249406009912505 0.012571706436574461 0.0044806925579905519 0.02715934440493584 0.0097516253590583819 0.0020437201019376521 0.0064558612648397693 0.095767229795455946
decision_type=2 8 10 8 8 2 8 2 8 8 2 2 10 8
left_child=-1 -2 4 -4 -3 -6 -7 10 -9 -10 11 12 -8 -14
right_child=1 2 3 -5 5 6 7 8 9 -11 -12 -13 13 -15
leaf_value=-0.013378314311734044 0.0017249619101093771 0.0005006523544678524 -0.021653501693510178 -0.0019649681021649866 0.011340944692478216 -0.011533489600819955 -0.0077693422046766943 0.023253885670766503 0.012786594020415643 -0.0029194607787640862 0.0056041747071798164 -0.011688418851780728 0.022992975790569994 0.00016289389734967401
leaf_weight=615.17602191865444 28577.140437014401 66627.771550443023 602.23201016709208 1330.2532424628735 2357.1109284386039 3623.8839080370963 5898.2926566936076 895.22599818557501 2702.6138586886227 9344.8345041386783 2652.1247978322208 5655.7067268788815 619.78442823141813 6378.8617918081582
leaf_count=2648 129021 296833 2921 5706 9999 16901 28250 4472 11885 41692 11766 26602 2722 28222
internal_value=-7.18585e-05 -1.12536e-05 -0.000467867 -0.00818051 -0.000327501 -0.00170232 -0.00251907 -0.00155932 0.00219445 0.000611574 -0.00385045 -0.00520429 -0.00235394 0.0022146
internal_weight=137881 137266 108689 1932.49 106756 40128.4 37771.3 34147.4 12942.7 12047.4 21204.8 18552.6 12896.9 6998.65
internal_count=619640 616992 487971 8627 479344 182511 172512 155611 58049 53577 97562 85796 59194 30944
is_linear=0
shrinkage=0.05


Tree=121
num_leaves=15
num_cat=0
split_feature=15 73 68 72 70 72 68 72 71 68 72 74 72 73
split_gain=41.6665 48.4019 157.735 245.214 183.057 242.659 132.401 163.269 264.027 135.07 149.269 232.524 227.22 183.574
threshold=1.0000000180025095e-35 0.31674617528915411 -0.022642364725470539 0.013159004505723717 0.0055465651676058778 0.011327308136969806 -0.036575015634298318 0.011327308136969806 0.01762101519852877 -0.037996767088770859 0.015647837892174724 0.0033676502062007789 0.014212233014404775 0.19408389180898669
decision_type=10 2 10 10 2 10 8 10 2 10 10 2 10 2
left_child=-1 6 3 4 5 -3 9 -8 -9 10 11 12 -2 -12
right_child=1 2 -4 -5 -6 -7 7 8 -10 -11 13 -13 -14 -15
leaf_value=-0.014005752748296962 -0.0046360653573914636 -0.0066835755326171411 1.3262465222813672e-05 -0.019875123971995381 -0.015616818771945866 0.039024899398157259 0.00062713045597393075 0.029201009024774488 -0.001660816780753813 -0.020813548298126573 0.002019975034767659 0.02973783191455431 0.021537129803726036 -0.015131644608761216
leaf_weight=520.77151233702898 3161.2289134562016 571.20076759904623 114169.36801614985 2497.7942931652069 718.07310303673148 575.36971548199654 3177.3361612856388 1747.5201074406505 1142.4973093979061 759.67042934149504 4377.9288166463375 925.73875327408314 1112.9564517885447 2412.063147701323
leaf_count=2187 13126 2420 520869 10533 3042 2376 13437 7209 4680 3234 18106 3814 4650 9973
internal_value=-2.36627e-05 3.03675e-05 -0.000343669 -0.00966358 0.0040484 0.0163929 0.00238543 0.00845864 0.0170369 -0.000509091 0.000793654 0.00716135 0.00221354 -0.00408622
internal_weight=137870 137349 118532 4362.44 1864.64 1146.57 18816.9 6067.35 2890.02 12749.6 11989.9 5199.92 4274.19 6789.99
internal_count=619656 617469 539240 18371 7838 4796 78229 25326 11889 52903 49669 21590 17776 28079
is_linear=0
shrinkage=0.05


Tree=122
num_leaves=15
num_cat=0
split_feature=5 0 69 74 70 74 71 71 72 72 72 69 69 72
split_gain=40.4309 55.9022 38.686 131.696 100.304 145.966 104.657 117.779 186.402 97.5579 179.456 148.28 136.388 134.291
threshold=0.71594694256782543 0.04893529228866101 0.1011449657380581 -0.0043070653919130555 -0.0066560849081724873 -0.0038184084696695204 -0.010008481796830891 0.014774716459214689 0.0040517377201467761 0.0080920867621898668 0.0081565170548856276 0.015508298296481373 0.099554911255836501 0.0063372445292770871
decision_type=2 2 8 2 2 2 2 2 8 10 10 8 10 10
left_child=1 -1 9 -4 -5 -6 -7 -8 -9 11 -11 -2 -12 -13
right_child=2 -3 3 4 5 6 7 8 -10 10 12 13 -14 -15
leaf_value=-0.024348981034436393 0.017016826164767209 0.00069801600786075196 0.0040673811802265222 0.018202200961109704 -0.025726528405280849 0.010606411798525547 -0.0062138443834580852 0.027276198581387041 -0.0010062114162679536 -0.029661261475714337 -0.00076989196325180794 -0.00036341100124424663 0.022327656369271393 0.0055123915039286204
leaf_weight=394.51640692353249 1649.7753067202866 494.62392130494118 8590.0345086231828 535.7607770934701 706.15261387825012 1361.3778549544513 15678.298394501209 615.23677254468203 8531.9831425286829 522.79988994449377 56236.917023602873 26674.805323991925 636.47558675706387 15291.660009346902
leaf_count=2671 7455 2004 38090 2288 3291 5890 73207 2946 38088 2252 238377 132883 2717 67847
internal_value=5.32173e-06 -0.0105627 7.46589e-05 -0.00133201 -0.00302383 -0.0034533 -0.00284309 -0.00358461 0.000923756 0.000576328 -0.000778196 0.00235856 -0.000507525 0.00177841
internal_weight=137920 889.14 137031 36018.8 27428.8 26893 26186.9 24825.5 9147.22 101012 57396.2 43616.2 56873.4 41966.5
internal_count=620006 4675 615331 163800 125710 123422 120131 114241 41034 451531 243346 208185 241094 200730
is_linear=0
shrinkage=0.05


Tree=123
num_leaves=15
num_cat=0
split_feature=2 7 74 54 53 72 69 68 73 72 73 69 74 70
split_gain=47.3237 38.9545 38.2048 36.8352 56.9198 95.8701 120.969 80.319 68.9027 75.7152 67.6656 156.024 70.5679 86.8737
threshold=0.0097230398096144217 0.031038830988109115 -0.04474180564284324 0.68789124488830578 -0.18386354297399518 0.0037568438565358524 0.088832098990678801 0.032189173623919494 0.61819469928741466 0.0035976582439616327 0.31674617528915411 0.039528355002403266 0.0004852519632549957 -0.0045191701501607886
decision_type=2 2 2 10 10 10 10 10 2 10 2 10 2 2
left_child=1 -1 -2 4 -4 6 7 8 -6 -10 11 12 13 -7
right_child=2 -3 3 -5 5 10 -8 -9 9 -11 -12 -13 -14 -15
leaf_value=-0.032168960108516498 -0.012239687329212622 -0.0048390731921118535 0.00076459652345862571 0.0016528811524688985 -0.0046501453831123982 0.00012267732380439326 0.032657744056407603 -0.018177243201025886 0.0062342411251305307 0.032449491156579365 -0.0028446665147106786 0.025920505865266744 0.007783664716081197 -0.020410915226157785
leaf_weight=188.16384675353765 614.42802113294601 394.32984317466617 57512.205760993063 31595.842620879412 819.23208545893431 1998.4567115008831 391.75671979784966 368.1023561283946 990.27282451093197 375.21724301576614 39599.444833889604 652.31064639240503 1715.3793477639556 683.93003403395414
leaf_count=2895 2648 4209 244518 131760 4485 8533 2038 2076 5791 2063 195927 2753 7243 2964
internal_value=3.90087e-05 -0.0140614 9.9842e-05 0.000156195 -0.000293836 -0.00157273 0.0071508 0.00312434 0.0067799 0.0136214 -0.0021495 0.00329636 -0.000110619 -0.00516915
internal_weight=137899 582.494 137317 136702 105106 47594.1 2944.58 2552.82 2184.72 1365.49 44649.5 5050.08 4397.77 2682.39
internal_count=619903 7104 612799 610151 478391 233873 16453 14415 12339 7854 217420 21493 18740 11497
is_linear=0
shrinkage=0.05


Tree=124
num_leaves=15
num_cat=0
split_feature=27 0 70 70 23 70 70 70 71 72 71 71 68 72
split_gain=39.7477 70.399 34.2424 65.795 61.9243 40.4515 68.5297 157.87 157.592 64.2193 61.9685 108.953 211.779 109.419
threshold=0.55168762803077709 0.032266983762383468 0.025992065668106083 0.021026453934609893 0.040727663785219199 0.018314933404326442 0.016361031681299213 0.016003172844648365 0.0087351920083165186 0.011428485158830883 0.041986452415585525 0.03201615437865258 0.0116894175298512 0.010773160960525276
decision_type=2 2 2 2 2 2 2 2 2 10 2 2 8 8
left_child=1 -1 3 5 -4 6 7 10 -8 -7 11 -2 -13 -14
right_child=2 -3 4 -5 -6 9 8 -9 -10 -11 -12 12 13 -15
leaf_value=-0.006218458178777358 0.00031025129805898732 0.00083722670709817759 -0.01552670568100023 0.010888357329254805 0.0034754557243879009 -0.022331865548540664 0.032528895002863982 -0.028714676063748536 -0.0010810447387907774 -0.00034932153598210059 -0.0063924887075038281 0.026144804398147412 0.012623940439395907 -0.0092010479668990577
leaf_weight=6611.9247300438583 110176.4539684169 7580.1341583430767 908.5990389958024 1478.2774280831218 798.31036561727524 497.17729932814837 533.827662140131 457.72039976343513 970.67532077804208 964.1563723385334 3261.5971586741507 1204.4442794434726 1011.746120814234 1301.3323677293956
leaf_count=32335 499707 30662 3859 6161 3274 2178 2223 1974 4098 4020 13902 5014 4547 5542
internal_value=5.31111e-05 -0.002452 0.000341013 0.000439773 -0.00667104 0.000310569 0.000412482 0.000276143 0.0109805 -0.00792921 0.000392048 0.000587224 0.00923714 0.000358503
internal_weight=137756 14192.1 123564 121857 1706.91 120379 118918 117413 1504.5 1461.33 116956 113694 3517.52 2313.08
internal_count=619496 62997 556499 549366 7133 543205 537007 530686 6321 6198 528712 514810 15103 10089
is_linear=0
shrinkage=0.05


Tree=125
num_leaves=15
num_cat=0
split_feature=13 0 73 73 69 74 24 74 84 69 68 68 69 68
split_gain=50.2566 38.2499 34.6663 94.5147 72.2357 67.345 104.091 86.5837 61.1794 59.2906 56.3662 56.0763 113.06 178.837
threshold=0.15902742743492129 0.011147324927151205 0.15441858023405078 0.16806954890489581 -0.032438075169920914 -0.015288716182112692 -0.06768950447440146 -0.024679644964635369 3.5000000000000004 -0.1383535638451576 -0.070614963769912706 -0.070614963769912706 -0.09301410615444182 -0.039554694667458527
decision_type=8 2 2 2 10 2 2 2 2 8 8 10 8 10
left_child=1 -1 4 -4 5 7 -7 -3 9 -8 -11 -5 13 -13
right_child=-2 2 3 11 -6 6 8 -9 -10 10 -12 12 -14 -15
leaf_value=-0.013146657202801622 -0.011620748538228034 0.00014868081660734643 -0.019752124992858763 0.014828497728860621 0.018678730651529925 -0.017054110923971005 0.021256432271404179 0.02266788086764468 -0.012522767679289859 -0.0085581747446567529 0.0095261893368863513 -0.023387332129158622 9.1663721002673614e-05 0.0079829071177053897
leaf_weight=540.40177175402641 925.50584281608462 991.15141595155001 599.66925360262394 622.81337961554527 705.07929044216871 872.89307530224323 499.96469850093126 739.89073603600264 527.2284572198987 738.72844009101391 1005.5513807833195 1240.6537773162127 127083.32367912307 707.12422820925713
leaf_count=7245 3828 4167 2499 2561 2897 3541 2105 3138 2162 3006 4134 5126 570358 2910
internal_value=-7.1218e-05 7.71983e-06 6.08216e-05 -0.00011157 0.00374783 0.00175834 -0.00210103 0.00984886 0.00265292 0.0062578 0.00186207 -1.92128e-05 -9.2024e-05 -0.012016
internal_weight=137800 136874 136334 130254 6080.49 5375.41 3644.37 1731.04 2771.47 2244.24 1744.28 129654 129031 1947.78
internal_count=619677 615849 608604 583454 25150 22253 14948 7305 11407 9245 7140 580955 578394 8036
is_linear=0
shrinkage=0.05


Tree=126
num_leaves=15
num_cat=0
split_feature=28 79 73 73 69 69 68 69 4 58 73 26 71 69
split_gain=38.2955 34.4833 65.7292 61.6398 93.2808 102.44 85.9346 67.4783 55.935 35.0685 50.8206 76.2236 45.2951 41.2667
threshold=1.7744357585906985 0.0050974425394088039 0.86850854754447948 0.7626253366470338 0.061054084450006492 0.14230864495038989 0.039050797000527389 0.088832098990678801 0.17500000447034839 -0.014365337789058684 0.077547188848257079 -0.32233703136444086 -0.060255499556660645 0.041611669585108764
decision_type=2 10 2 2 8 10 10 10 10 2 2 10 2 8
left_child=1 2 3 -1 -5 6 -6 -8 -4 13 11 -11 -12 -3
right_child=-2 9 8 4 5 -7 7 -9 -10 10 12 -13 -14 -15
leaf_value=-0.0024082427394004793 -0.0053082823042889873 -0.0056472534673076688 -0.02586498612149592 -0.0090418357488720735 -0.0023760651383440234 -0.002503968475578535 0.039970170392290498 0.01507522728355936 -0.0018381669375273559 -0.0013937338005866177 -0.012745788771226419 0.02007586667830219 0.00057302672514648358 0.0010280674517799714
leaf_weight=18020.987114317715 3472.3722161911428 5017.1820103377104 502.02538952603936 919.2010797560215 420.45524131506681 1105.3341212384403 415.7890029065311 818.08956483006477 462.83491941541433 825.68235032260418 632.4631026275456 815.53321477025747 100069.73674114048 4286.9012541472912
leaf_count=88022 14570 20646 2846 4339 2210 4738 1952 4098 1952 3395 2622 3415 447101 17862
internal_value=-0.000131644 2.57265e-06 -0.00177512 -0.00120396 0.00468579 0.00927438 0.0171118 0.0237181 -0.0144766 0.000363576 0.000630836 0.00933166 0.00048812 -0.00257377
internal_weight=137785 134312 22664.7 21699.9 3678.87 2759.67 1654.33 1233.88 964.86 111647 102343 1641.22 100702 9304.08
internal_count=619768 605198 110157 105359 17337 12998 8260 6050 4798 495041 456533 6810 449723 38508
is_linear=0
shrinkage=0.05


Tree=127
num_leaves=15
num_cat=0
split_feature=5 5 15 68 71 14 71 68 71 14 70 70 70 68
split_gain=35.1017 49.9465 39.3389 35.2368 104.515 106.99 97.0555 95.6801 103.027 124.527 117.551 83.4147 100.271 115.397
threshold=0.71594694256782543 0.65828904509544384 1.0000000180025095e-35 0.044730186462402351 0.035638667643070228 -0.031831447035074227 0.03201615437865258 0.055717740207910545 0.019639994949102405 -0.012170099653303621 0.0046999931801110515 0.0063754639122635135 -0.0031817442504689093 0.04608424939215184
decision_type=2 2 10 8 2 10 2 10 2 8 2 2 2 10
left_child=1 -1 -2 -4 6 -6 7 11 -9 10 -10 12 13 -5
right_child=2 -3 3 4 5 -7 -8 8 9 -11 -12 -13 -14 -15
leaf_value=-0.023228256757015692 -0.01402780196931561 0.00071231950273041101 -0.000213108231986878 0.018031250392449665 -0.019186904616296692 0.0079675991011991607 0.02226258525504856 -0.0073197899832516851 0.0020826844525902019 -0.0060125981553808584 0.035457931359426924 -0.0012751020741654301 0.011131098140820873 -0.0093589056775216835
leaf_weight=382.46649570763111 483.26855493709445 488.39265307039022 116640.07784879208 517.33442195504904 1071.0004025697708 539.0593819655478 631.11868146806955 3988.323951587081 540.70591727644205 1019.5383890718222 507.69848617166281 3519.3781093880534 6033.8003613241017 1410.8444730490446
leaf_count=2329 2036 2295 524810 2212 4568 2401 2697 18423 2332 4685 2207 15571 26954 6156
internal_value=2.88765e-06 -0.00994631 6.68981e-05 0.000117854 0.00206873 -0.0101023 0.00315226 0.00245225 -0.00262989 0.00640694 0.0184272 0.00513297 0.00796353 -0.00195495
internal_weight=137773 870.859 136902 136419 19778.8 1610.06 18168.7 17537.6 6056.27 2067.94 1048.4 11481.4 7961.98 1928.18
internal_count=619676 4624 615052 613016 88206 6969 81237 78540 27647 9224 4539 50893 35322 8368
is_linear=0
shrinkage=0.05


Tree=128
num_leaves=15
num_cat=0
split_feature=23 2 1 69 73 68 73 74 73 68 69 69 68 7
split_gain=37.2401 36.1839 35.1234 33.1051 133.477 168.286 144.148 155.435 118.846 175.169 107.95 101.15 174.942 88.1252
threshold=-0.088393606245517717 0.0097230398096144217 0.0056360953021794566 0.1011449657380581 0.48414604365825659 0.021561563946306709 0.75795969367027294 -0.002975680166855454 0.68957170844078075 0.041905201971530921 0.12974925339221957 0.11977357789874078 0.032716641202569015 0.10620766505599023
decision_type=2 2 10 8 2 8 2 2 2 10 10 10 10 2
left_child=-1 2 -2 -3 5 -5 8 -8 9 13 -7 -10 -13 -6
right_child=1 3 -4 4 6 10 7 -9 11 -11 -12 12 -14 -15
leaf_value=-0.008952228313960699 -0.028492648997670317 0.00050103051538355156 -0.0030536567009851519 0.019610346705067901 -0.0093666775318089462 -0.0030712093389324451 0.016711678302789999 -0.00050609174601310184 -0.016457526728067225 0.010166974752169263 0.020638164707706443 0.024118122256661979 -0.0093238817925483091 -0.0014230532569321757
leaf_weight=1166.7802206575871 205.02810491621494 100116.28850018978 375.32939988002181 1580.6378720328212 5587.4097611643374 3352.6752436459064 1712.6759459301829 5480.0054049789906 3275.2111042179167 2382.2588262632489 550.04916746169329 468.08551405370235 2141.3544502407312 9291.5064755901694
leaf_count=4789 3319 445112 3907 7110 28701 14592 7475 24885 16041 10431 2327 1951 9514 39334
internal_value=-9.56908e-05 -1.93466e-05 -0.0123711 3.42926e-05 -0.00126994 0.00590237 -0.00256778 0.00361121 -0.00448866 -0.00239379 0.000314591 -0.0106189 -0.00325583 -0.00441037
internal_weight=137685 136519 580.358 135938 35821.9 5483.36 30338.5 7192.68 23145.8 17261.2 3902.72 5884.65 2609.44 14878.9
internal_count=619488 614699 7226 607473 162361 24029 138332 32360 105972 78466 16919 27506 11465 68035
is_linear=0
shrinkage=0.05


Tree=129
num_leaves=15
num_cat=0
split_feature=72 69 69 72 72 69 68 69 73 73 69 72 69 73
split_gain=53.1844 46.1388 63.6165 137.894 179.293 122.768 136.615 117.129 114.879 62.4469 197.119 224.37 208.102 108.344
threshold=0.054642656818032272 -0.13227118551731107 -0.09301410615444182 0.020338352769613269 0.015216545667499306 -0.078645620495080934 -0.026530045084655281 -0.071767471730709062 0.12987624853849414 0.31674617528915411 0.039528355002403266 0.010299606714397671 0.013193483930081131 0.32804124057292944
decision_type=8 8 8 8 10 8 10 8 2 2 10 10 10 2
left_child=1 -1 3 4 -3 6 -4 -7 -6 10 12 -12 -9 -11
right_child=-2 2 5 -5 8 7 -8 9 -10 13 11 -13 -14 -15
leaf_value=0.0074589064644068545 -0.017038102396278551 0.013923173916271179 0.003108298588739821 0.0095548107602949853 -0.0024175781542802978 -0.015617624262617091 0.031822963928088081 0.0042126594484116278 -0.027410825399525808 -0.015687428825841451 0.0071428686693960023 0.048014814228170874 -0.014611784389521196 -0.000130890498183366
leaf_weight=2056.3118700422347 447.18582596257329 502.15517776459455 1218.8493659906089 946.7949769385159 689.0566155128181 1190.7773662991822 619.42001805454493 8655.3703682608902 1384.2821935638785 1120.1588006913662 1069.6474540680647 482.4141153357923 1757.6878586672246 115743.49748596922
leaf_count=8640 1838 2080 5010 3951 2818 4965 2553 35890 5737 4782 4464 2006 7565 528081
internal_value=-1.28114e-05 4.38204e-05 -6.93512e-05 -0.00669131 -0.0126775 0.000108034 0.0129038 -7.38561e-05 -0.019156 7.10175e-05 0.00350979 0.0200728 0.00102419 -0.000281332
internal_weight=137884 137436 135380 3522.29 2575.49 131858 1838.27 130020 2073.34 128829 11965.1 1552.06 10413.1 116864
internal_count=620380 618542 609902 14586 10635 595316 7563 587753 8555 582788 49925 6470 43455 532863
is_linear=0
shrinkage=0.05


Tree=130
num_leaves=15
num_cat=0
split_feature=59 18 54 53 69 68 72 73 68 69 72 84 69 68
split_gain=45.4566 41.6317 41.3295 52.9512 46.4932 175.496 128.546 112.584 107.015 99.1379 114.111 98.1171 92.1334 91.0343
threshold=6.5000000000000009 70.766941070556655 0.43957333266735082 -0.15392588078975675 -0.012004304677247999 -0.013966090977191923 0.013159004505723717 0.27290432155132299 -0.0052210653666406861 -0.02254959940910339 0.012653355952352287 3.5000000000000004 -0.02913612965494394 -0.022642364725470539
decision_type=8 2 10 10 8 10 10 2 10 10 10 2 10 10
left_child=1 2 3 4 5 6 12 -8 -7 10 -10 13 -1 -9
right_child=-2 -3 -4 -5 -6 8 7 11 9 -11 -12 -13 -14 -15
leaf_value=0.027603221238618927 -0.0072406243210141642 -0.003426480379531647 0.0015363552132227674 -0.0021936522804430441 -0.00028393621806506019 0.029658699633472004 0.0013801610729679073 -0.012728585040484745 0.017783950482063195 0.025979638401896821 -0.0051128461315966961 -0.028351180302650904 0.0017534032392129779 0.0090437494706656126
leaf_weight=631.70811181887984 2127.6838167384267 7839.9399872422218 45381.112281568348 26290.701895788312 42598.233129881322 715.79949060827494 5627.5302461646497 1507.5133448019624 854.99147450551391 606.03653443977237 1458.6044978424907 614.65856591612101 747.90031682699919 693.83407910168171
leaf_count=2571 8689 38216 195012 136753 185674 2917 23186 6181 3521 2497 5980 2512 3031 2824
internal_value=-6.27548e-06 0.00010779 0.000324973 -0.000342716 0.000525612 0.00308625 -0.000390261 -0.00270651 0.0124553 0.00815072 0.00338881 -0.0108493 0.0137032 -0.00585638
internal_weight=137696 135569 127729 82347.5 56056.8 13458.6 9823.14 8443.54 3635.43 2919.63 2313.6 2816.01 1379.61 2201.35
internal_count=619564 610875 572659 377647 240894 55220 40305 34703 14915 11998 9501 11517 5602 9005
is_linear=0
shrinkage=0.05


Tree=131
num_leaves=15
num_cat=0
split_feature=28 74 27 69 53 71 4 69 69 74 71 69 69 74
split_gain=41.2371 29.4713 32.4237 51.6224 52.675 41.5049 39.6151 39.5422 68.1173 96.6437 73.8849 67.9825 61.3985 52.6367
threshold=2.4994189739227299 -0.04474180564284324 0.80554369091987621 -0.013704219833016394 -0.0868825428187847 0.058846740052104003 0.29166667163372045 -0.09301410615444182 -0.13227118551731107 -0.01112646935507655 0.0024043949088081722 -0.078645620495080934 -0.071767471730709062 0.031341142952442176
decision_type=2 2 2 8 10 2 8 8 10 2 2 8 8 2
left_child=1 -1 3 4 5 -3 -5 8 -4 -10 -11 -9 -13 -14
right_child=-2 2 7 6 -6 -7 -8 11 9 10 -12 12 13 -15
leaf_value=-0.010807827103375932 -0.01331286645212792 0.0055419310306281441 0.0042829525496608243 -0.0020610775918612515 -0.0084960856840095005 -0.0087621758918873718 0.0017699828948691205 0.013471489378501686 -0.024671787603639972 0.0078482781324758118 -0.01531095991353694 -0.013117850519960629 0.001142225091136297 -0.014931487308425598
leaf_weight=598.75290076434612 559.52375953271985 6501.140023894608 1371.3874726854265 37805.223111066967 877.68686277791858 541.09030111134052 8205.3489383645356 1079.7465603202581 723.45187689363956 785.11849995329976 597.7997235134244 763.91758807003498 76917.427919834852 502.76351343467832
leaf_count=2588 2341 26710 5715 176765 3989 2213 33363 4448 3016 3197 2478 3192 348037 2153
internal_value=0.00011353 0.000169222 0.000218099 -0.000735726 0.00299041 0.00443201 -0.00137762 0.00083981 -0.00437096 -0.00999884 -0.00220091 0.00106896 0.000895975 0.00103593
internal_weight=137830 137271 136672 53930.5 7919.92 7042.23 46010.6 82741.6 3477.76 2106.37 1382.92 79263.9 78184.1 77420.2
internal_count=620205 617864 615276 243040 32912 28923 210128 372236 14406 8691 5675 357830 353382 350190
is_linear=0
shrinkage=0.05


Tree=132
num_leaves=15
num_cat=0
split_feature=69 73 73 68 72 72 4 72 72 72 69 73 68 68
split_gain=39.1024 104.174 196.667 182.766 145.595 140.79 151.521 88.5808 87.4267 197.674 134.255 172.833 132.216 217.115
threshold=0.1011449657380581 0.75795969367027294 0.68957170844078075 0.041905201971530921 0.0050841558258980521 0.011205004528164865 0.15833333879709247 0.003951302496716381 0.0073766622226685294 0.0063069402240216741 0.014388481620699169 0.38685362040996557 0.0022250108886510138 0.012093733064830305
decision_type=8 2 2 10 10 10 8 10 10 10 10 2 10 10
left_child=8 2 3 5 -5 7 -7 -2 9 10 -1 -12 -13 -14
right_child=1 -3 -4 4 -6 6 -8 -9 -10 -11 11 12 13 -15
leaf_value=0.026721881454180418 -0.018963445785124197 0.0040130238018486258 -0.010807350760201883 0.03212255835589909 0.0052069971897337267 0.026153067732225733 -7.9789040239177961e-05 -0.0030663007336669051 -0.00054352926239617245 0.0081410366122746901 -0.027210328748709885 0.014087373371936171 -0.011914342794150771 0.0013704801017868371
leaf_weight=458.27867971733212 915.81269852817059 7295.8907246291637 5897.9919777736068 621.7837583348155 2481.979563318193 827.02092473581433 1607.6241947934031 16581.003562692553 63478.647329527885 10981.832693982869 572.91954734548926 1623.9058866649866 3603.2818489745259 20655.405245441943
leaf_count=2071 4697 32967 27789 2642 10846 3681 6589 75909 270788 48855 2708 7849 18041 103757
internal_value=8.71218e-05 -0.00132257 -0.00266893 -0.000581369 0.0106849 -0.00234025 0.00890174 -0.00390874 0.000590998 0.00249108 0.000183516 -0.000286121 0.000320134 -0.000606887
internal_weight=137603 36229.1 28933.2 23035.2 3103.76 19931.5 2434.65 17496.8 101374 37895.6 26913.8 26455.5 25882.6 24258.7
internal_count=619189 165120 132153 104364 13488 90876 10270 80606 454069 183281 134426 132355 129647 121798
is_linear=0
shrinkage=0.05


Tree=133
num_leaves=15
num_cat=0
split_feature=0 72 72 72 74 72 69 69 71 7 69 74 72 84
split_gain=36.9295 58.7651 36.4555 58.236 87.1048 39.2814 119.479 120.472 103.833 55.1616 54.5147 155.071 140.275 124.478
threshold=0.013076737057417633 0.0068974909372627744 0.002945420797914267 0.003391561447642744 -0.00069350891862995912 0.0045173054095357665 0.052512809634208686 0.043331811204552657 0.016836371272802356 0.097837589681148543 0.098625801503658309 -0.0074305415619164697 0.0086608766578137892 1.5000000000000002
decision_type=2 8 10 10 2 10 8 10 2 2 10 2 10 2
left_child=1 -1 -2 4 -4 6 7 -5 -8 -10 -7 -12 -13 -14
right_child=2 -3 3 5 -6 10 8 -9 9 -11 11 12 13 -15
leaf_value=-0.0023218469021935068 -0.010084935018962489 -0.02340527699419255 0.024672272351275171 -0.0099266357752124234 0.0012101925087347153 0.00084983806804664319 -0.0063522720187215408 0.021457432046095421 0.02358158071339321 0.0004950134204873075 0.0076198316980543405 -0.0055715241797723233 -0.0048367320738186264 0.0080175967011315904
leaf_weight=1542.7205068729818 872.12429176270962 411.57819453254342 586.86336050182581 450.54840762168169 1176.4210086613894 92638.222080703825 9171.0759623795748 910.94191505014896 434.980702213943 619.23541693389416 3904.3156535848975 17350.80435359478 3273.687078371644 4408.4950841367245
leaf_count=14944 4391 4234 2859 2009 5992 403285 44355 4373 2202 2773 16869 78657 14076 18880
internal_value=-5.1927e-05 -0.0068586 4.65273e-05 0.000112757 0.00911403 -7.10991e-06 -0.00278754 0.0110751 -0.00464236 0.0101529 0.000258087 -0.00163595 -0.00308201 0.00254068
internal_weight=137752 1954.3 135798 134926 1763.28 133162 11586.8 1361.49 10225.3 1054.22 121576 28937.3 25033 7682.18
internal_count=619899 19178 600721 596330 8851 587479 55712 6382 49330 4975 531767 128482 111613 32956
is_linear=0
shrinkage=0.05


Tree=134
num_leaves=15
num_cat=0
split_feature=0 7 15 68 68 69 72 68 70 72 72 72 68 84
split_gain=30.4253 32.5835 28.3782 46.8099 50.2384 74.9292 179.77 111.739 118.597 85.4235 88.0593 100.97 144.266 95.8315
threshold=0.011147324927151205 0.041283393278718002 33.099649429321296 -0.13279618322849271 -0.04421288147568702 -0.078645620495080934 0.015914977528154853 -0.039554694667458527 -0.0071474877186119548 0.018491671420633796 0.016601774841547016 0.014742772094905378 -0.033042609691619866 2.5000000000000004
decision_type=2 2 8 8 8 8 10 8 2 10 10 10 8 2
left_child=1 -1 3 -2 -5 6 -6 8 -7 10 11 12 -9 -12
right_child=2 -3 -4 4 5 7 -8 9 -10 -11 13 -13 -14 -15
leaf_value=-0.022709818735671634 0.015896027619201766 0.0022571318600232647 -0.0015529691369181543 -0.0037237939751405963 0.030533385375309249 -0.0045137361009890192 -0.0035509189136108824 -0.014919084712033293 0.026207696432153052 0.0092060814053292247 -0.01627242476315684 0.009548905578564304 0.00019733039070497251 0.0015909899656408556
leaf_weight=293.92555818334222 470.63267214596272 226.33381661400199 24473.708229254931 7386.1714629307389 678.15811578184366 497.92574978619814 879.35966616123915 1596.0031251683831 829.29075276106596 2548.9043990261853 1696.7618246078491 2804.7203538492322 91691.610000923276 1337.5147800892591
leaf_count=4373 1986 2806 109461 30519 2791 2088 3637 6812 3454 10461 7140 11762 415724 5575
internal_value=-5.6721e-05 -0.0120105 -1.04163e-05 0.000325513 0.000258639 0.000540289 0.0113898 0.000375142 0.0147345 0.000186272 -4.65656e-05 0.000218651 -6.28589e-05 -0.00841884
internal_weight=137411 520.259 136891 112417 111946 104560 1557.52 103003 1327.22 101676 99126.6 96092.3 93287.6 3034.28
internal_count=618589 7179 611410 501949 499963 469444 6428 463016 5542 457474 447013 434298 422536 12715
is_linear=0
shrinkage=0.05


Tree=135
num_leaves=15
num_cat=0
split_feature=68 74 69 69 74 68 68 69 74 74 69 68 74 74
split_gain=27.8906 103.111 119.65 129.043 60.5144 59.4708 126.351 86.6395 163.834 106.29 80.9615 82.2826 120.222 134.488
threshold=0.044730186462402351 -0.017201921902596947 -0.026822932995855805 -0.019502871669828888 0.00033635373983997857 0.038458131253719337 0.039050797000527389 0.039528355002403266 -0.010871912352740763 0.0044896551407873639 0.11499396711587907 0.012093733064830305 -0.00091900295228697349 -0.00049544060311745841
decision_type=10 2 8 8 2 10 10 8 2 2 8 10 2 2
left_child=5 -2 -3 -4 -5 10 -7 -8 -9 -10 11 12 -1 -14
right_child=1 2 3 4 -6 6 7 8 9 -11 -12 -13 13 -15
leaf_value=-0.003211447867655438 -0.020535390421143405 0.020810789414685105 -0.024516187715514143 0.0064407286440991227 0.00010174629558230243 -0.021093530297696183 -0.013517477095439668 0.025821684740478718 -0.0062854835174508171 0.0065902595195671057 -0.0033253823655542145 0.0022272860423409183 0.019784277373242207 0.00090625649530097193
leaf_weight=25496.966201499104 496.76929135993123 825.96106034889817 455.90739557519555 5555.7986372932792 11637.221014462411 966.63723740726709 1417.0302272439003 554.76612400263548 4951.3549097590148 2358.3789466843009 15668.243225809187 41132.99908619374 970.32744475454092 25109.620178103447
leaf_count=109361 2168 3454 1935 24763 52712 4829 6281 2403 22771 10801 72525 192319 4226 109000
internal_value=-6.20319e-05 0.00171749 0.00232664 0.00145029 0.0021527 -0.000346749 -0.00398547 -0.00218295 -0.000126112 -0.00212798 -2.33724e-06 0.000559565 -0.00077063 0.00161594
internal_weight=137598 18971.7 18474.9 17648.9 17193 118626 10248.2 9281.53 7864.5 7309.73 108378 92709.9 51576.9 26079.9
internal_count=619548 85032 82864 79410 77475 534516 47085 42256 35975 33572 487431 414906 222587 113226
is_linear=0
shrinkage=0.05


Tree=136
num_leaves=15
num_cat=0
split_feature=73 73 26 73 28 74 70 74 71 70 73 74 74 71
split_gain=37.0799 58.2335 77.1456 44.9645 36.985 35.322 30.0828 130.512 127.794 78.6258 95.6284 73.1774 243.905 161.59
threshold=0.85966211557388317 0.89463898539543163 0.11692235991358758 0.85278713703155529 1.7744357585906985 -0.04474180564284324 -0.00033516644907649601 0.0058118295855820188 -0.051636332646012299 9.570699330652134e-05 0.45423033833503729 -0.0023317413870245214 -0.0015753700863569973 0.0067636657040566215
decision_type=2 2 8 2 2 2 2 2 2 2 2 2 2 2
left_child=3 -2 -3 4 5 -1 7 -7 -8 10 -10 13 -13 -11
right_child=1 2 -4 -5 -6 6 8 -9 9 11 -12 12 -14 -15
leaf_value=-0.011917862686331084 -0.011757347026050901 0.014789895405836993 -0.0097081757442974304 0.014859973429867973 -0.005106783596387365 0.0007666547738890213 -0.023447486086053303 0.01859120673019158 -0.025394853727393325 0.017616323041451235 -0.0037671884519070091 -0.020229566605554746 0.00016955689923029029 -0.0014557300383130412
leaf_weight=591.68232511356473 1650.4593948423862 627.84964320063591 638.05924271419644 503.4316092915833 3398.5314942374825 54955.837689671665 588.40495809912682 1036.5550138019025 600.82794870063663 1847.4817694909871 3163.3953852578998 1489.7282299660146 63900.037973117083 2758.6278046630323
leaf_count=2565 8101 2793 2935 2246 14276 244608 2441 4447 2624 8253 15053 6782 290878 12175
internal_value=-2.93277e-05 -0.0055975 0.00246276 9.15137e-05 3.50641e-05 0.000168907 0.000224685 0.00109989 -0.000434498 -0.000247763 -0.00727743 0.000131263 -0.000298204 0.00621554
internal_weight=137751 2916.37 1265.91 134835 134331 130933 130341 55992.4 74348.5 73760.1 3764.22 69995.9 65389.8 4606.11
internal_count=620177 13829 5728 606348 604102 589826 587261 249055 338206 335765 17677 318088 297660 20428
is_linear=0
shrinkage=0.05


Tree=137
num_leaves=15
num_cat=0
split_feature=5 66 70 71 68 71 71 69 72 72 74 68 69 74
split_gain=31.512 63.7804 31.2006 86.5791 141.493 133.682 89.8715 84.5618 76.9339 76.7249 75.993 75.864 73.6204 95.5615
threshold=0.71594694256782543 -0.11051903665065764 0.013018271885812284 0.01762101519852877 0.026547504588961605 -0.0073667985852807752 0.029265975579619411 -0.023623042739927765 0.012005453463643791 0.011750854086130859 0.021271942183375362 0.0078622994478791969 -0.02254959940910339 0.012778390198946001
decision_type=2 10 2 2 10 2 2 10 10 10 2 10 8 2
left_child=1 -1 -2 4 5 11 7 -5 -6 -9 -8 -4 -7 -14
right_child=2 -3 3 6 8 12 10 9 -10 -11 -12 -13 13 -15
leaf_value=0.0024391327745309291 0.00034980889050189559 -0.024513229430513324 -0.0076015571528237824 -0.034204863561041896 -0.022361033443876376 0.026239791656010238 -0.0097831934509178455 -0.018963965356638707 0.0027247679433110585 0.0055916362267574588 0.0064968006418383052 0.012776213389360264 0.026138803428601816 0.002062009350240862
leaf_weight=500.04890002310276 125000.24485300109 378.98660875111818 2206.4119351804256 475.72770490497351 857.33003306761384 673.27666622400284 1503.5207700021565 832.65666567534208 468.86625459045172 505.04868228361011 1352.3240185491741 565.72350565716624 523.48593209311366 1820.5436624065042
leaf_count=2135 565179 2553 9178 1966 3829 2803 6320 3688 1976 2122 5677 2369 2231 7815
internal_value=5.69013e-05 -0.00932611 0.000117878 -0.00234038 0.00113198 0.00451004 -0.00762312 -0.0162959 -0.0135381 -0.00972033 -0.00207838 -0.00341199 0.0117756 0.00752721
internal_weight=137664 879.036 136785 11784.9 7115.64 5789.44 4669.28 1813.43 1326.2 1337.71 2855.84 2772.14 3017.31 2344.03
internal_count=619841 4688 615153 49974 30201 24396 19773 7776 5805 5810 11997 11547 12849 10046
is_linear=0
shrinkage=0.05


Tree=138
num_leaves=15
num_cat=0
split_feature=72 54 69 72 72 71 71 68 68 73 72 72 73 68
split_gain=48.839 39.6387 50.4429 238.885 236.571 192.208 166.118 162.766 156.452 129.211 222.119 126.281 203.359 122.954
threshold=0.054642656818032272 0.49818494915962225 -0.012004304677247999 0.012761422898620369 0.014212233014404775 -0.035554688423871987 -0.010321858804672955 -0.01317297527566552 -0.039554694667458527 0.35611790418624883 0.015647837892174724 0.016872597858309749 0.5741296410560609 -0.022642364725470539
decision_type=8 10 8 10 10 2 2 10 10 2 10 10 2 10
left_child=1 2 3 5 6 -1 8 9 -5 10 -6 -9 -13 -11
right_child=-2 -3 -4 4 7 -7 -8 11 -10 13 -12 12 -14 -15
leaf_value=-0.0081583555303748265 -0.016403298495984233 0.0012019300735935669 -0.0011762180428448103 -0.011029950196240465 0.021476640797895918 0.019044793756644595 0.0030533951920720679 0.031547770509889168 -0.041549701650601338 -0.030071970987629561 -0.0024758552699577479 0.025136221265048997 -0.0073385837629931193 0.0009010039052782811
leaf_weight=828.92218350246549 445.1769850961864 45829.109985861927 73676.398321490735 1034.5227386578918 1130.7971091866493 2908.5839087627828 873.11662091687322 661.33331480249763 709.00668961182237 693.3411654047668 6376.7343685813248 823.49700606241822 1135.5126985944808 587.49038285017014
leaf_count=3447 1832 196295 347657 4297 4711 12295 3683 2741 3017 2930 26456 3364 4778 2433
internal_value=-5.22988e-05 1.92043e-06 -0.000599587 0.00179147 -0.00120411 0.0130059 -0.0147333 0.00190906 -0.023607 -0.00135533 0.00115568 0.012821 0.00637098 -0.0159684
internal_weight=137714 137268 91439.3 17762.9 14025.4 3737.51 2616.65 11408.7 1743.53 8788.36 7507.53 2620.34 1959.01 1280.83
internal_count=619936 618104 421809 74152 58410 15742 10997 47413 7314 36530 31167 10883 8142 5363
is_linear=0
shrinkage=0.05


Tree=139
num_leaves=15
num_cat=0
split_feature=23 8 57 72 72 69 74 69 74 70 69 72 73 72
split_gain=38.9596 34.7919 39.4745 43.2799 69.0967 71.2082 54.327 47.2777 42.4442 66.0279 40.3629 112.948 125.015 117.889
threshold=-0.088393606245517717 1.0000000180025095e-35 0.0088692787103354948 0.0045173054095357665 0.003821139689534903 0.054717440158128745 -0.00055760785471647967 0.10902005061507226 -0.0030490515055134888 -0.0029474152252078052 0.085665073245763793 0.0080920867621898668 0.32804124057292944 0.0070314840413630017
decision_type=2 2 10 10 8 8 2 10 2 2 10 10 2 10
left_child=-1 2 -2 4 5 -4 8 -6 9 -7 11 12 -5 -14
right_child=1 -3 3 10 7 6 -8 -9 -10 -11 -12 -13 13 -15
leaf_value=-0.0090162519697816815 -0.0020839483007418151 0.0023975285634698119 0.019913263675478854 -0.010590834450228565 -0.0082317968249873332 0.013931976158176197 -0.0047931035610578607 0.0057227653035351357 0.017467548130460739 -0.013068525868504469 -0.00095977739680594323 -7.6180403280090941e-05 0.0033712818974250217 0.012961486573280959
leaf_weight=1155.779495999217 21147.650402240455 15439.284274112433 474.39256125688553 1267.3855011090636 4907.6465506702662 436.99743568152189 2549.0605843365192 685.26173381507397 591.90472060069442 448.86002187803388 27299.54204505682 43120.710527315736 13796.590396564454 4168.8252253420651
leaf_count=4755 105129 73112 2303 5410 23624 2123 12584 3192 2914 2127 119511 180999 63214 18112
internal_value=8.54145e-05 0.00016323 -0.000122283 0.000293781 -0.00280851 0.00180101 -0.000376809 -0.00651488 0.00722208 0.000257779 0.000643345 0.00134526 0.00453058 0.00560264
internal_weight=137490 136334 120895 99747.2 10094.1 4501.22 4026.82 5592.91 1477.76 885.857 89653.1 62353.5 19232.8 17965.4
internal_count=619109 614354 541242 436113 48867 22051 19748 26816 7164 4250 387246 267735 86736 81326
is_linear=0
shrinkage=0.05


Tree=140
num_leaves=15
num_cat=0
split_feature=73 72 72 69 73 74 69 69 70 73 69 73 72 4
split_gain=42.848 67.3907 43.6935 55.1005 43.196 106.331 152.373 165.678 125.265 87.5255 64.8932 135.924 69.966 60.5881
threshold=0.85966211557388317 0.012272980064153673 0.0085784606635570543 0.014388481620699169 0.78917726874351513 0.017288482747972015 0.062091732397675521 0.0073220878839492807 0.0081761199980974215 0.72511178255081188 0.12276769429445268 0.81096738576889049 0.0057343547232449063 0.075000002980232253
decision_type=2 10 10 10 2 2 8 10 2 2 8 2 8 8
left_child=4 2 3 -2 9 6 7 -6 10 -1 11 -8 -12 -14
right_child=1 -3 -4 -5 5 -7 8 -9 -10 -11 12 -13 13 -15
leaf_value=0.00048309914993128957 0.0015473492328299627 0.007743220797347467 -0.024195182021980483 -0.015855457529809696 0.0038813906842209353 0.022225368357471936 0.037836139851859241 -0.025017955970211503 -0.012846748344803403 -0.0040006381476135845 -0.0097116965087182799 0.0049435484027736754 -0.0026057674709233734 0.013245830183830853
leaf_weight=114577.59827714413 975.79991737380624 692.75781525298953 428.78721443191171 839.3262091204524 1038.0968169048429 704.28424700349569 532.75041924789548 935.58469606935978 736.83418494462967 12016.486082512885 605.56466322764754 753.88798504695296 832.94764157757163 2144.5371074974537
leaf_count=512572 4639 2913 2028 4366 4515 3042 2623 4232 3324 57033 2901 3503 4133 8811
internal_value=0.000155963 -0.00580859 -0.0100082 -0.0065426 0.000286249 0.00378181 0.00204117 -0.00987483 0.00624611 5.72142e-05 0.00915547 0.0187499 0.00566759 0.00881749
internal_weight=137815 2936.67 2243.91 1815.13 134879 8284.49 7580.2 1973.68 5606.52 126594 4869.69 1286.64 3583.05 2977.48
internal_count=620635 13946 11033 9005 606689 37084 34042 8747 25295 569605 21971 6126 15845 12944
is_linear=0
shrinkage=0.05


Tree=141
num_leaves=15
num_cat=0
split_feature=53 27 72 70 70 74 74 74 70 71 71 74 69 70
split_gain=34.4902 53.0681 42.1282 35.0159 185.167 163.698 122.677 136.369 159.809 143.659 139.437 118.783 116.465 126.683
threshold=-0.035671237856149667 0.7752370834350587 0.0075098148081451663 -0.0094763874076306803 -0.012401808984577654 -0.0085550597868859751 -0.0087800291366875154 -0.016023315489292141 -0.0035250629298388954 0.0079733785241842287 -0.018332001753151413 -0.0057231923565268508 0.04623702913522721 -0.011087638791650532
decision_type=10 2 10 2 2 2 2 2 2 2 2 2 10 2
left_child=3 -2 -3 4 -1 12 7 -5 10 -10 -9 -7 13 -6
right_child=1 2 -4 6 5 11 -8 8 9 -11 -12 -13 -14 -15
leaf_value=0.0010997071286268198 -0.0061880130042203932 0.00233170894375584 -0.003736009039481427 -0.015277322404145286 -0.01257794578795726 0.020084439616662401 0.00017159574206904318 0.035170131071727902 -0.023161316997007759 0.012158763540699453 0.010281645972217422 -0.012550123645058099 -0.0043619003928173604 -0.04010944783437044
leaf_weight=12068.374583635479 5456.4697783626616 6787.9233927316964 4929.0568789243698 593.91330844908953 862.91144056618214 576.09914929419756 98333.535885628313 650.58662780374289 616.91539309173822 523.68685238435864 3936.1127648614347 522.56510715559125 961.38266790658236 825.22694875299931
leaf_count=50808 29541 37646 23637 2505 3659 2424 435376 2687 2653 2206 16821 2215 4088 3497
internal_value=-2.43463e-05 -0.00211996 -0.000221846 0.000274539 -0.00191745 -0.0116091 0.000605967 0.00735215 0.00972134 -0.00698001 0.0138807 0.00458905 -0.018318 -0.0261933
internal_weight=137645 17173.5 11717 120471 15816.6 3748.19 104655 6321.21 5727.3 1140.6 4586.7 1098.66 2649.52 1688.14
internal_count=619763 90824 61283 528939 66691 15883 462248 26872 24367 4859 19508 4639 11244 7156
is_linear=0
shrinkage=0.05


Tree=142
num_leaves=15
num_cat=0
split_feature=27 0 13 69 26 69 53 8 73 74 74 70 73 70
split_gain=40.9097 66.6642 36.3179 29.299 31.875 32.9115 28.4091 28.3587 33.5811 50.5683 73.2991 49.7396 76.371 49.2747
threshold=0.6826896369457246 0.023440293036401275 0.15902742743492129 -0.013704219833016394 -0.015383154619485138 -0.060190718621015542 -0.52215942740440358 1.0000000180025095e-35 0.12987624853849414 -0.031177265569567677 -0.028786783106625077 0.0022934922017157082 0.10715022310614587 -0.0030925977043807502
decision_type=2 2 8 10 8 8 8 2 2 2 2 2 2 2
left_child=1 -1 7 4 6 -6 -3 8 11 -10 -11 12 13 -2
right_child=2 3 -4 -5 5 -7 -8 -9 9 10 -12 -13 -14 -15
leaf_value=-0.0057021920012063953 0.0082187836342674965 -0.0040099331800645399 -0.012841650413901501 -0.001355467087794545 -0.011819616857962416 0.0018706613042030679 0.0083044575105671106 0.0026471609211575903 -0.012500460766041381 0.018617441517847291 -0.00013166266803350034 -0.0031857423199421124 0.023159083324479329 -0.0096064430087923793
leaf_weight=7962.5783552229404 1481.5108390636742 566.11026073992252 513.17525639384985 19162.659518718719 584.39221128821373 1671.4791802167892 2564.8206715136766 12035.281049072742 809.15988601371646 514.42052315920591 87259.624715257436 1371.9948121421039 657.55995026230812 514.61234688013792
leaf_count=44840 6260 2303 2146 79016 2402 6863 10492 56932 3457 2162 392842 5629 2716 2106
internal_value=-0.000179983 -0.0017298 0.000299303 -0.00043957 0.00281506 -0.00171237 0.00607219 0.000364967 6.81231e-05 -0.000135074 -1.96708e-05 0.00452864 0.00851408 0.00359836
internal_weight=137669 32512 105157 24549.5 5386.8 2255.87 3130.93 104644 92608.9 88583.2 87774 4025.68 2653.68 1996.12
internal_count=620166 145916 474250 101076 22060 9265 12795 472104 415172 398461 395004 16711 11082 8366
is_linear=0
shrinkage=0.05


Tree=143
num_leaves=15
num_cat=0
split_feature=70 69 70 70 70 74 71 69 74 70 72 69 69 73
split_gain=30.0017 91.3285 61.9973 48.029 63.4661 78.251 245.142 134.402 92.0747 65.4507 59.7076 111.951 130.799 68.9997
threshold=0.025992065668106083 -0.05704184249043464 0.032420674338936813 0.021026453934609893 0.018314933404326442 0.017288482747972015 0.0028313806978985672 0.026166643016040329 0.015859296545386318 0.016003172844648365 0.020338352769613269 -0.12452897801995276 -0.099995519965887056 0.26221519708633428
decision_type=2 10 2 2 2 2 2 8 2 2 10 10 10 2
left_child=3 2 -2 4 5 8 -7 -8 9 10 -1 -12 -13 -14
right_child=1 -3 -4 -5 -6 6 7 -9 -10 -11 11 12 13 -15
leaf_value=-0.00011129858031170527 -0.0087841167570634066 -0.019071992765804555 0.015768324767068225 0.008696384603314301 -0.0099878045682846705 0.025404243971025781 -0.017203007992436983 0.0066714239180395169 -0.015996144974947009 -0.013760142207973655 -0.011093049255447624 0.034161808703387586 -0.0054713609707354545 0.014086820149027715
leaf_weight=123999.04556848109 504.63574896380305 789.00089819356799 504.63255976513028 1575.0383808650076 1580.2656378373504 1227.993113104254 895.42503833025694 1679.838165871799 900.05937690287828 852.82481832429767 657.53298800811172 514.00760389864445 777.67861889302731 1049.6391066685319
leaf_count=562517 2072 3423 2039 6573 6730 5121 3731 7230 3889 3676 2769 2146 3209 4280
internal_value=-4.1553e-05 -0.00643945 0.00352633 4.3693e-05 -5.85497e-05 6.05681e-05 0.00711934 -0.0016642 -0.000148482 -3.56738e-05 5.75658e-05 0.00701706 0.0121286 0.00577868
internal_weight=137508 1798.27 1009.27 135709 134134 132554 3803.26 2575.26 128751 127851 126998 2998.86 2341.33 1827.32
internal_count=619405 7534 4111 611871 605298 598568 16082 10961 582486 578597 574921 12404 9635 7489
is_linear=0
shrinkage=0.05


Tree=144
num_leaves=15
num_cat=0
split_feature=73 72 68 73 26 72 73 68 68 68 70 70 70 73
split_gain=39.8372 59.7487 101.036 40.402 79.0487 80.805 64.1277 91.842 85.3545 69.7358 82.0819 93.8392 144.555 81.2462
threshold=0.85966211557388317 0.012272980064153673 0.053079243749380119 0.78917726874351513 -0.089733913540840135 0.015442323870956899 0.71822267770767223 0.057141860947012908 0.019180750474333767 0.044730186462402351 0.012327364645898344 0.0039322245866060266 9.570699330652134e-05 0.75795969367027294
decision_type=2 10 10 2 10 10 2 10 10 10 2 2 2 2
left_child=3 2 -2 6 -5 -6 7 -1 -8 13 11 12 -11 -10
right_child=1 -3 -4 4 5 -7 8 -9 9 10 -12 -13 -14 -15
leaf_value=0.00012983637787256465 0.0039883715419868097 0.0069727116633516223 -0.017949116562493244 0.016198837260984072 0.0034186945038515975 -0.013447126999813083 0.015034739179920204 0.021392801421640465 -0.010523230717162829 0.0081099937297355422 -0.015958940337363392 0.011941446914057975 -0.015901103343215008 -0.00030014012203712147
leaf_weight=111982.54091358557 830.65545014292002 687.40501043945551 1401.3664223998785 1048.0226019471884 6434.6861336417496 788.22888856381178 593.81002316996455 500.16271053999662 5505.2236826196313 1331.9586828798056 641.57115627080202 1750.2483948580921 1166.8562665693462 3001.8936035595834
leaf_count=500400 3890 2893 7121 4396 29208 3413 2680 2140 27608 5935 2844 7939 5226 14354
internal_value=-7.47973e-05 -0.00584317 -0.00980362 5.06061e-05 0.00343406 0.0015621 -0.000170913 0.000226277 -0.00336194 -0.00418791 0.000569618 0.0030969 -0.00312101 -0.00692041
internal_weight=137665 2919.43 2232.02 134745 8270.94 7222.92 126474 112483 13991.6 13397.8 4890.63 4249.06 2498.81 8507.12
internal_count=620047 13904 11011 606143 37017 32621 569126 502540 66586 63906 21944 19100 11161 41962
is_linear=0
shrinkage=0.05


Tree=145
num_leaves=15
num_cat=0
split_feature=53 54 5 54 68 1 73 27 73 73 68 73 73 68
split_gain=31.648 38.046 30.0372 95.7662 45.2479 71.5494 49.5021 41.8167 43.6454 38.4779 68.8385 96.6155 118.98 57.8517
threshold=-0.024381469003856179 0.5518912971019746 1.055416524410248 0.29415388405323034 -0.014754017814993857 0.02368702553212643 0.39761251211166387 1.4447589516639712 0.12987624853849414 0.71822267770767223 0.041905201971530921 0.64309170842170726 0.71120622754096996 0.019180750474333767
decision_type=10 10 2 8 8 10 2 2 2 2 10 2 2 10
left_child=2 -2 9 7 5 -5 -6 8 -4 10 -1 -12 -13 -11
right_child=1 -3 3 4 6 -7 -8 -9 -10 13 11 12 -14 -15
leaf_value=0.00077391734474698676 -0.0056616845407285203 3.5670035781968177e-05 0.0031139372708328368 0.013387707916938028 -0.0090159999912577168 -0.00028829071936555586 0.00080443128376478986 0.00014018235679272412 -0.007377420524889329 0.015863499410686387 0.017078379156998117 -0.00099946522107185088 0.022237312349432006 -0.0018519974985560545
leaf_weight=68547.224239822477 5178.0904994495213 6732.8140857182443 1119.9869265109301 1758.7514999359846 1390.9226201102138 2081.3735509812832 15263.7372405231 3705.7323166280985 8300.4438724480569 463.5846845433116 1551.3966768532991 3621.8783201277256 639.551882840693 17197.360750164837
leaf_count=304029 32570 31856 4647 7454 5812 8453 65244 16082 37033 2065 6589 15815 2763 79344
internal_value=1.82645e-05 -0.00244384 0.000251849 -0.00102696 0.00110865 0.00599373 -2.06453e-05 -0.00435972 -0.00612813 0.000719136 0.0012174 0.00643682 0.00253179 -0.00137827
internal_weight=137553 11910.9 125642 33620.9 20494.8 3840.13 16654.7 13126.2 9420.43 92021 74360.1 5812.83 4261.43 17660.9
internal_count=619756 64426 555330 144725 86963 15907 71056 57762 41680 410605 329196 25167 18578 81409
is_linear=0
shrinkage=0.05


Tree=146
num_leaves=15
num_cat=0
split_feature=15 68 68 54 2 53 57 27 72 68 72 68 72 68
split_gain=30.2516 38.9012 36.7897 66.9631 32.3286 44.8822 30.4139 44.8873 34.3979 65.8465 170.301 89.6896 70.2831 132.916
threshold=15.661492347717287 0.077983114868402495 0.066228810697793974 0.36025424301624304 0.029343962669372562 -0.16947375982999799 0.0081841601058840769 0.72669440507888805 0.0063372445292770871 0.012831455096602442 0.0056408173404634008 0.0093001211062073725 0.0047534215264022359 -0.0020691087702289219
decision_type=8 8 10 8 2 8 10 2 10 10 8 10 10 10
left_child=1 4 6 -4 5 -1 7 -2 9 10 12 -12 13 -8
right_child=2 -3 3 -5 -6 -7 8 -9 -10 -11 11 -13 -14 -15
leaf_value=0.0071906282937009777 -0.0062824425253263459 0.015050163282575961 -0.021602611770140764 -0.0013107692594616807 -0.00093748897157369866 0.0010463191052104228 0.019225089323970469 -0.00059361209495792215 0.00069228554616788734 -0.00014595914612740093 -0.011817449257532997 -0.036775056741159731 0.0076560658043236529 -0.012336994481461512
leaf_weight=4056.2945008762181 4829.7234681211412 509.68964376673102 560.07187938317657 1422.5449941381812 10252.200853154063 11062.142606846988 405.29464711621404 12238.412869676948 66614.473904944956 20497.886733125895 1301.6353543549776 497.02021545544267 1612.587372072041 1694.9833189211786
leaf_count=17712 25013 2152 2754 6145 41513 55722 1863 61667 283532 97558 5857 2277 7531 8498
internal_value=-3.2622e-05 0.00150732 -0.000389602 -0.00712268 0.00122942 0.00269851 -0.000267267 -0.0022061 9.02079e-05 -0.00145149 -0.00629782 -0.0188792 -0.000168595 -0.00618416
internal_weight=137555 25880.3 111675 1982.62 25370.6 15118.4 109692 17068.1 92623.9 26009.4 5511.52 1798.66 3712.87 2100.28
internal_count=619794 117099 502695 8899 114947 73434 493796 86680 407116 123584 26026 8134 17892 10361
is_linear=0
shrinkage=0.05


Tree=147
num_leaves=15
num_cat=0
split_feature=15 71 72 69 72 69 72 17 14 69 72 69 70 58
split_gain=31.883 40.2557 103.201 38.4628 66.8214 46.1377 37.8016 35.0262 30.5381 28.6035 60.2456 41.5554 28.0068 27.4429
threshold=15.661492347717287 0.012805075850337745 0.017065150663256649 0.11499396711587907 0.0068157545756548652 0.13169145584106448 0.013838653452694418 6.6390857696533212 -0.052352013066411011 -0.060190718621015542 0.014097698032855989 -0.12024196237325667 0.010606001596897842 -0.014907887671142815
decision_type=8 2 10 10 10 10 10 8 8 8 10 10 2 2
left_child=1 3 6 13 5 -5 12 9 -4 11 -11 -2 -3 -1
right_child=7 2 8 4 -6 -7 -8 -9 -10 10 -12 -13 -14 -15
leaf_value=-0.0061874194760639066 0.0039870361675921452 0.00680211771972772 -0.018673334378847561 -0.021612480881269644 0.0033792586876435827 -0.0010400842599994071 0.017446930542627442 -0.00064096280439197666 -0.00129885914809778 0.002326442720310312 0.019024675953437379 -0.015018005152630513 -0.0028106489009214249 0.0017313089751116299
leaf_weight=1173.2031702175736 604.31238415837288 5324.6612413004041 518.39093066006899 733.36846483498812 1025.1594063565135 431.95441658422351 726.73170614242554 101624.43588697538 488.15772921964526 8297.6462425589561 568.2043859064579 533.27385944128036 877.50187554210424 14556.104892000556
leaf_count=4873 2516 24274 2127 3534 4520 1876 3069 459356 2054 36284 2343 2245 3854 66768
internal_value=3.46289e-06 0.00158522 0.00454756 0.000271605 -0.00592035 -0.0140606 0.00672243 -0.000363014 -0.0103427 0.00245848 0.00341685 -0.00497532 0.00543974 0.00113712
internal_weight=137483 25855.2 7935.44 17919.8 2190.48 1165.32 6928.89 111628 1006.55 10003.4 8865.85 1137.59 6202.16 15729.3
internal_count=619693 116949 35378 81571 9930 5410 31197 502744 4181 43388 38627 4761 28128 71641
is_linear=0
shrinkage=0.05


Tree=148
num_leaves=15
num_cat=0
split_feature=23 73 13 69 72 73 28 74 57 67 69 69 72 74
split_gain=32.8477 31.8742 65.9299 58.538 91.2745 38.0456 29.5817 30.8162 30.3308 43.3397 35.3519 32.3284 95.5574 84.5266
threshold=-0.088393606245517717 0.85966211557388317 0.0063443586695939311 0.060013568028807647 0.011850398499518635 0.85278713703155529 1.2517096400260928 -0.024679644964635369 0.0086959386244416254 0.0033194497227668767 0.061054084450006492 0.1011449657380581 0.013693704269826414 -0.0042130858637392512
decision_type=2 2 8 10 10 2 2 2 10 2 10 10 10 2
left_child=-1 5 -3 4 -4 6 8 -8 9 10 -2 -10 13 -13
right_child=1 2 3 -5 -6 -7 7 -9 11 -11 -12 12 -14 -15
leaf_value=-0.0083353478886766443 -0.008627871736276032 0.0080932858696791312 -0.011549943363265716 -0.022777238939465278 0.015248408987851287 0.013652281588468488 0.0084410001572939389 -0.0018730313595420702 0.0013765548611050682 0.0002793951892297825 -0.0010076194413507712 0.003943735534633239 0.019965688772534212 -0.0035127461394873559
leaf_weight=1151.5299398899078 3008.1529576852918 708.34858011826873 1170.1577412821352 584.4748422279954 425.29832963645458 515.19024303555489 740.29041947796941 21002.393364785239 71637.026185218245 13799.389027249068 3076.3332899138331 5208.1561117321253 523.442641697824 13987.318200025707
leaf_count=4743 16446 3345 5796 2886 1780 2286 3113 92114 315477 66162 18225 22794 2168 62446
internal_value=3.73659e-05 0.000108664 -0.00507882 -0.00937639 -0.00435586 0.000221269 0.000168214 -0.00151814 0.000497932 -0.00127134 -0.00478303 0.000883115 -0.000909297 -0.00148864
internal_weight=137538 136386 2888.28 2179.93 1595.46 133498 132983 21742.7 111240 19883.9 6084.49 91355.9 19718.9 19195.5
internal_count=619781 615038 13807 10462 7576 601231 598945 95227 503718 100833 34671 402885 87408 85240
is_linear=0
shrinkage=0.05


Tree=149
num_leaves=15
num_cat=0
split_feature=74 15 0 27 68 68 68 68 74 68 74 84 68 68
split_gain=38.7221 28.9393 42.3766 48.5443 36.391 32.373 29.2215 125.553 84.9221 149.581 147.277 143.651 106.464 110.374
threshold=-0.04474180564284324 31.54426193237305 0.032439157366752631 0.78114676475524913 -0.01963784638792276 0.017033565789461139 -0.026530045084655281 -0.025394651107490059 -0.016549087129533287 -0.087453853338956819 -0.01112646935507655 3.5000000000000004 -0.037996767088770859 -0.045510644093155854
decision_type=2 8 2 2 8 10 8 8 2 10 2 2 10 10
left_child=-1 6 3 -3 -5 -6 8 -8 9 -2 -10 -11 13 -12
right_child=1 2 -4 4 5 -7 7 -9 10 11 12 -13 -14 -15
leaf_value=-0.012606986312021343 0.027579312431045434 -0.0070876890445184006 0.00060092996683662047 0.006935619533997156 -0.0066605459318112891 -3.5806872026367913e-05 0.02577236113907691 0.00059291183485652744 -0.016489651564511983 0.0070968868537732216 -0.0014497564516635318 -0.023166351430452439 -0.008803529806740722 0.014263703171384099
leaf_weight=597.19249042123556 611.86123047024012 5252.7695507146418 14034.802565485239 1218.7907848320901 2785.7320305258036 5418.0017673671246 487.68776139616966 94786.271303180605 1882.7964388690889 1584.9759766161442 3868.4124215431511 509.94665408506989 2870.4507465288043 1560.6629989519715
leaf_count=2598 2622 26682 56936 5293 13436 27809 2042 430926 7843 6594 15965 2163 12213 6513
internal_value=-8.29779e-06 4.75886e-05 -0.0013633 -0.00324092 -0.00109123 -0.00229073 0.000422176 0.000724492 -0.00181132 0.00604561 -0.00390382 -0.00034486 -0.00103224 0.00308522
internal_weight=137470 136873 28710.1 14675.3 9422.52 8203.73 108163 95274 12889.1 2706.78 10182.3 2094.92 8299.53 5429.08
internal_count=619635 617037 130156 73220 46538 41245 486881 432968 53913 11379 42534 8757 34691 22478
is_linear=0
shrinkage=0.05


Tree=150
num_leaves=15
num_cat=0
split_feature=69 72 74 70 70 84 69 70 74 69 72 72 74 72
split_gain=38.0893 98.3113 76.549 89.3298 105.278 74.1292 69.883 127.926 114.057 109.502 155.516 313.051 80.6575 79.2672
threshold=0.1011449657380581 0.013693704269826414 -0.0042130858637392512 -0.0066560849081724873 -0.0033927974291145797 1.0000000180025095e-35 0.091497793793678298 0.005321669392287732 -0.0096659767441451532 0.085665073245763793 0.0098104388453066366 0.0087519907392561453 0.0076187406666576871 0.0080920867621898668
decision_type=10 10 2 2 2 2 10 2 2 10 10 10 2 8
left_child=6 2 5 -4 -5 -2 9 8 -8 13 11 -11 -9 -1
right_child=1 -3 3 4 -6 -7 7 12 -10 10 -12 -13 -14 -15
leaf_value=0.0023331552290018708 0.017755081938237528 0.015892794388745846 0.018632007561893288 -0.020974729873751707 -0.0031424352742869081 0.00087200273829595625 0.01897383146426904 0.029346119161829654 -0.0011213422943341671 -0.0096700354921743295 -0.028692248741257104 0.025530208900648884 0.0084257423174402598 -0.00059493340222139808
leaf_weight=39339.760056003928 717.02506539598107 785.77741945162416 440.34245035424829 853.8597736209631 20024.617193166167 6162.4911541081965 800.84296325594187 713.10459338501096 5460.538938742131 3524.6795217469335 698.15459930896759 759.19705022871494 1304.5640998184681 56009.681190796196
leaf_count=189995 3112 3288 1878 3921 91389 27266 3430 3343 24765 16794 3049 3329 5830 238747
internal_value=0.000170189 -0.00143988 -0.00192833 -0.00340787 -0.00388141 0.00265488 0.000599949 0.00501227 0.00147503 0.000235395 -0.00698338 -0.00338685 0.0159279 0.00061327
internal_weight=137595 28984.1 28198.3 21318.8 20878.5 6879.52 108611 8279.05 6261.38 100331 4982.03 4283.88 2017.67 95349.4
internal_count=620136 130854 127566 97188 95310 30378 489282 37368 28195 451914 23172 20123 9173 428742
is_linear=0
shrinkage=0.05


Tree=151
num_leaves=15
num_cat=0
split_feature=54 14 54 71 84 69 71 69 69 71 71 69 71 71
split_gain=42.318 45.5851 37.7198 35.6248 115.603 40.3441 83.9945 72.4451 100.146 71.7065 83.3153 91.5501 80.2578 67.9599
threshold=0.37792111933231359 -0.034519566223025315 0.18354446440935138 0.040108343586325652 2.5000000000000004 0.098625801503658309 -0.013234633486717938 -0.012004304677247999 -0.0020994962542317803 0.014774716459214689 0.0079733785241842287 -0.10851569846272467 0.03201615437865258 -0.0065066625829786054
decision_type=10 10 8 2 2 8 2 10 10 2 2 10 2 2
left_child=1 3 -3 5 -5 6 -1 9 -9 10 11 -8 -11 -7
right_child=-2 2 -4 4 -6 13 7 8 -10 12 -12 -13 -14 -15
leaf_value=-0.0028765500417229717 0.0010335010173008179 -0.0043634836296188601 -0.00091364243520517972 -0.015370750056583738 0.010194497748872929 0.0062335694503424669 0.025742719464461241 -0.016033891705466978 0.0026019255822090398 -0.0057896284419616207 0.030135350205532169 0.003624918030869095 0.016455535499090578 -0.0035568479556653378
leaf_weight=7267.2491106987 59800.603775663301 11730.988806836307 24391.244650926441 1228.5782772488892 679.16215225681663 2165.4969723597169 618.70605973154306 747.32892684265971 15015.890086606145 1321.6742241829634 588.64493149518967 1845.6862164624035 573.01033972203732 9568.2519135549664
leaf_count=30102 261231 56836 120265 5183 2824 9513 2573 3240 65795 5417 2424 7604 2341 44652
internal_value=3.36213e-05 -0.00073554 -0.0020349 0.000392412 -0.00626373 0.000713666 0.00174557 0.00336804 0.0017088 0.00864017 0.0133696 0.00925937 0.000989061 -0.00174623
internal_weight=137543 77741.9 36122.2 41619.7 1907.74 39711.9 27978.2 20710.9 15763.2 4947.72 3053.04 2464.39 1894.68 11733.7
internal_count=620000 358769 177101 181668 8007 173661 119496 89394 69035 20359 12601 10177 7758 54165
is_linear=0
shrinkage=0.05


Tree=152
num_leaves=15
num_cat=0
split_feature=28 72 68 72 74 69 72 72 68 69 68 70 69 72
split_gain=34.3196 34.7542 101.464 73.0637 89.5844 46.177 29.0524 95.527 96.172 143.701 80.7226 178.975 82.0151 57.0745
threshold=2.4994189739227299 0.0030659465119242672 0.019180750474333767 0.003391561447642744 -0.00069350891862995912 0.066010147333145155 0.0045173054095357665 0.0040517377201467761 0.044730186462402351 0.066504724323749556 0.0099753849208354967 -0.00115508830640465 0.056114079430699355 0.0054202263709157714
decision_type=2 10 10 10 2 10 10 10 10 8 10 2 10 10
left_child=1 2 -1 4 -3 -6 7 8 9 -5 11 -9 -12 -8
right_child=-2 3 -4 6 5 -7 13 10 -10 -11 12 -13 -14 -15
leaf_value=-0.028220502652702269 -0.012065946196458534 0.029389784287525447 0.00085051825752177753 0.0070500116587988151 -0.0063299022852198522 0.016038504684399036 0.0036958260601869259 0.0049031743658948836 0.019209443372335253 -0.0094581939689629621 0.015933196918971448 -0.03826135072318132 -0.0061360782812990688 -2.1747961577932429e-05
leaf_weight=411.87466402724385 569.30475778877735 458.92918324843049 1038.2660271190107 3019.8088666945696 568.98557278886437 373.9580955170095 11376.902025446296 415.980872862041 720.48110846057534 2323.5914277471602 453.39442731812596 551.60486530512571 4631.2224635966122 110640.30526334234
leaf_count=2223 2386 2356 5663 15235 3199 1986 55993 1996 3474 11882 2300 2898 23313 485141
internal_value=7.83255e-05 0.000129674 -0.00754307 0.000212318 0.0115272 0.00261631 9.32115e-05 -0.00224095 0.00219312 -0.000132882 -0.00667986 -0.0198439 -0.00414075 0.000325154
internal_weight=137555 136985 1450.14 135535 1401.87 942.944 134133 12116.1 6063.88 5343.4 6052.2 967.586 5084.62 122017
internal_count=620045 617659 7886 609773 7541 5185 602232 61098 30591 27117 30507 4894 25613 541134
is_linear=0
shrinkage=0.05


Tree=153
num_leaves=15
num_cat=0
split_feature=73 72 13 72 72 72 72 72 72 73 73 74 0 74
split_gain=32.8247 82.9347 98.7999 114.107 192.343 104.061 147.318 471.041 127.387 119.93 110.668 98.9849 92.973 90.9428
threshold=0.31674617528915411 0.016111821867525581 0.043824788182973869 0.014212233014404775 0.013838653452694418 0.0084154931828379648 0.010852548759430649 0.011327308136969806 0.0071132583543658265 0.29116751253604894 0.19408389180898669 0.0048115402460098275 0.024583896622061733 -0.01112646935507655
decision_type=2 8 8 10 10 10 10 10 10 2 2 2 2 2
left_child=1 2 3 4 5 8 9 -8 -1 11 -10 13 -9 -7
right_child=-2 -3 -4 -5 -6 6 7 12 10 -11 -12 -13 -14 -15
leaf_value=0.015880720286678137 -0.00034754162013846758 -0.0024844983468988884 -0.017368259967579288 0.01454532096654489 -0.019938343243829617 0.029260111688716357 -0.03135673228643656 -0.0059777200313437485 0.0057056775223907705 -0.0026753637880277278 -0.023253554861678367 0.038926551429683508 0.015297580188280237 0.00074599331338677174
leaf_weight=518.12688662856817 118345.51158183813 6914.6613606661558 491.79846020415425 2585.8820016533136 844.03550708666444 538.03984279185534 818.2622261531651 638.4327085018158 509.80602124333382 537.48382883146405 907.88671578466892 692.33298653364182 2520.514760106802 572.05940789356828
leaf_count=2261 539652 28781 2027 10791 3530 2217 3466 2886 2165 2262 3893 2879 10222 2385
internal_value=-3.7156e-05 0.00188627 0.00436868 0.00529778 0.00265602 0.0049881 0.00809334 0.00222286 -0.00513472 0.0180196 -0.0128727 0.0241716 0.0109925 0.014704
internal_weight=137435 19089.3 12174.7 11682.9 9096.98 8252.95 6317.13 3977.21 1935.82 2339.92 1417.69 1802.43 3158.95 1110.1
internal_count=619417 79765 50984 48957 38166 34636 26317 16574 8319 9743 6058 7481 13108 4602
is_linear=0
shrinkage=0.05


Tree=154
num_leaves=15
num_cat=0
split_feature=69 74 72 71 72 72 68 69 69 68 69 69 69 69
split_gain=27.5085 77.0053 71.9063 194.903 70.6639 153.556 177.259 155.554 124.354 192.868 188.137 128.184 128.023 123.832
threshold=0.1011449657380581 -0.0043070653919130555 0.0069692961405962714 0.015840217471122745 0.0073766622226685294 0.0063372445292770871 0.022917431779205803 0.072246141731739058 0.051753666251897819 0.03880582936108113 0.069245770573616042 0.046791307628154762 0.076704110950231566 0.063768897205591216
decision_type=8 2 10 2 10 10 10 10 10 10 10 10 10 10
left_child=4 2 3 -2 5 -1 7 13 11 12 -11 -8 -10 -7
right_child=1 -3 -4 -5 -6 6 8 -9 9 10 -12 -13 -14 -15
leaf_value=0.0002169124330617156 -0.0048129020902463971 -0.0024100076687902428 0.0077838422151346332 0.029257149343575501 -0.00052753914608043805 0.0012456588682902274 0.012740933704716725 -0.013613728059989947 0.0042857107766115848 0.023163962386414438 -0.0053858705234532053 -0.01774660903194716 0.03239600953561908 0.027077090297536195
leaf_weight=27295.527327802032 4095.3850250765681 27447.779662452638 4107.2322726398706 457.59935906901956 63355.249287523329 2397.4448972903192 788.40113645046949 1464.1382911466062 517.52497770264745 970.40122374519706 1395.4913161210716 596.80402496084571 1910.6209153011441 565.60976634174585
leaf_count=136356 18842 126691 17601 2007 270763 10653 3738 6376 2300 4298 6139 2855 8312 2428
internal_value=7.15761e-05 -0.00111312 0.00299528 -0.00133207 0.000494104 0.00220153 0.00730389 -0.000334406 0.0127681 0.0165739 0.00637242 -0.000427419 0.0264468 0.00625104
internal_weight=137365 36108 8660.22 4552.98 101257 37902 10606.4 4427.19 6179.24 4794.04 2365.89 1385.21 2428.15 2963.05
internal_count=619359 165141 38450 20849 454218 183455 47099 19457 27642 21049 10437 6593 10612 13081
is_linear=0
shrinkage=0.05


Tree=155
num_leaves=15
num_cat=0
split_feature=70 70 74 84 74 68 74 74 70 72 74 69 70 71
split_gain=31.2105 158.36 157.821 142.972 205.213 179.565 139.424 115.132 139.376 232.336 121.41 140.956 107.723 149.201
threshold=-0.0094763874076306803 -0.012401808984577654 -0.0085550597868859751 3.5000000000000004 -0.014897942077368496 -0.052663978189229958 -0.0087800291366875154 -0.016549087129533287 -0.0061899872962385407 0.012323932256549599 -0.011800938751548527 0.11196451634168626 -0.015920021571218964 1.0000000180025095e-35
decision_type=2 2 2 2 2 10 2 2 2 10 2 8 2 2
left_child=1 3 -3 12 5 -5 7 -2 9 10 -9 -12 13 -1
right_child=6 2 -4 4 -6 -7 -8 8 -10 -11 11 -13 -14 -15
leaf_value=0.0026096354551082648 -0.014378538610546131 -0.017146672018622629 0.0044048623428050706 0.0046073864719268403 0.010438836656356644 -0.030125045011181569 -0.00015297780049779625 -0.0081823979118147757 0.00070368680177427677 0.039754312026542719 0.02423281359318414 -0.003395048152933624 0.010826041453019013 -0.01956869299383427
leaf_weight=6010.6635575592518 563.34425197169185 2812.4638585150242 1210.2178493849933 532.28520037606359 839.41610447317362 1208.5035688392818 113602.14598883875 758.8666639700532 2824.2583727128804 767.90186039358377 1384.3442410677671 686.85342610999942 3273.5242686420679 857.60159927234054
leaf_count=25463 2394 12105 5179 2304 3560 5202 517604 3282 12101 3168 6060 3076 13976 3604
internal_value=-1.20449e-05 -0.00203415 -0.0106681 0.000702124 -0.0097838 -0.0195392 0.000268888 0.00711985 0.00902506 0.015537 0.00884905 0.0150985 0.00337689 -0.000184071
internal_weight=137332 16744.7 4022.68 12722 2580.2 1740.79 120588 6985.57 6422.22 3597.97 2830.06 2071.2 10141.8 6868.27
internal_count=619078 71393 17284 54109 11066 7506 547685 30081 27687 15586 12418 9136 43043 29067
is_linear=0
shrinkage=0.05


Tree=156
num_leaves=15
num_cat=0
split_feature=54 5 68 68 69 69 69 68 69 69 73 58 69 68
split_gain=31.6048 66.9102 73.096 66.4965 92.6995 71.4053 67.6055 115.064 143.303 128.687 104.951 78.7897 75.4499 70.8028
threshold=0.30002258718013769 1.0222236514091494 0.066228810697793974 0.050770904868841178 0.031009006313979629 0.098293159157037749 -0.010585022158920763 -0.010761311277747153 -0.026822932995855805 -0.063160825520753847 0.26681958138942724 0.0010111954179592433 -0.060190718621015542 -0.026530045084655281
decision_type=8 2 10 10 10 10 10 10 10 10 2 2 10 10
left_child=1 2 3 6 -5 -6 7 10 9 -9 -1 12 -12 -13
right_child=-2 -3 -4 4 5 -7 -8 8 -10 -11 11 13 -14 -15
leaf_value=0.0072234993874561925 0.00062154228965093832 -0.0033774451537022087 -0.017215732541954777 -0.0029774892696912431 0.031370117825964106 0.0059285680968792637 -0.0012303725855909694 0.024038850045731908 0.027795818517804435 -0.0058695695242853485 -0.026470645200884997 -0.0075022816954422242 -0.0050834973101954398 0.015743143849079853
leaf_weight=2681.4896501414478 84035.670910904184 18369.151111662388 572.70014725252986 832.51753032952547 562.5840242318809 543.1247830837965 24254.285393621773 516.24682084470987 969.78372793644667 1127.5731557272375 656.67302236892283 717.33374637365341 1097.5009260065854 586.55752029269934
leaf_count=11141 374261 82606 2795 3908 2627 2622 116369 2134 4077 4782 2764 3008 4578 2444
internal_value=1.68488e-05 -0.00093314 0.000345986 0.000642023 0.00961525 0.0190384 0.000105859 0.00398258 0.0126571 0.00361182 1.73507e-05 -0.00630437 -0.0131944 0.00299494
internal_weight=137523 53487.5 35118.4 34545.7 1938.23 1105.71 32607.4 8353.16 2613.6 1643.82 5739.55 3058.07 1754.17 1303.89
internal_count=620116 245855 163249 160454 9157 5249 151297 34928 10993 6916 23935 12794 7342 5452
is_linear=0
shrinkage=0.05


Tree=157
num_leaves=15
num_cat=0
split_feature=74 74 69 72 69 72 69 68 72 68 68 68 69 70
split_gain=29.0983 111.078 320.116 97.5745 88.6269 88.1258 91.4024 173.269 87.156 76.9647 73.0183 79.2468 98.289 70.1079
threshold=0.0071844139602035293 0.0058923510368913421 -0.0093253590166568739 0.0053684536833316096 0.11400846391916276 0.013484127353876831 0.043331811204552657 0.0064889176283031711 0.005824470892548562 0.021561563946306709 0.066228810697793974 0.072816204279661192 0.0096080959774553793 0.0081761199980974215
decision_type=2 2 8 10 10 10 10 10 10 10 10 10 10 2
left_child=1 10 -3 4 9 6 -4 -8 13 -2 -1 -12 -13 -5
right_child=3 2 5 8 -6 -7 7 -9 -10 -11 11 12 -14 -15
leaf_value=0.00015370004060489498 0.018610604724108689 0.025877483914718315 -0.021578170582415852 0.0013125028415466502 0.029056335764242453 -0.032010778760921947 0.023902379331310966 -0.0089863525266526394 0.00099969537375620143 -0.00097637838059636863 -0.026011367468571224 -0.018016861974368057 0.013323866860975303 -0.024836201330432506
leaf_weight=98686.117328330874 766.82653669640422 658.36577624082565 1103.3378115482628 445.01317404210567 506.17538504302502 439.32100699841976 440.08255473896861 3645.0172302126884 27180.629961235449 1412.587673086673 541.49097058922052 488.06516424193978 492.83041217178106 591.52472254261374
leaf_count=448111 3951 2715 5041 2165 2287 1883 1916 17210 117436 7192 2528 2236 2128 2801
internal_value=-2.72294e-05 -0.000419211 -0.00686113 0.00132328 0.010412 -0.0107302 -0.00887017 -0.00539358 0.00045488 0.00596882 -1.4462e-05 -0.0108451 -0.00229482 -0.0137046
internal_weight=137397 106495 6286.12 30902.8 2685.59 5627.76 5188.44 4085.1 28217.2 2179.41 100209 1522.39 980.896 1036.54
internal_count=619600 483768 28765 135832 13430 26050 24167 19126 122402 11143 455003 6892 4364 4966
is_linear=0
shrinkage=0.05


Tree=158
num_leaves=15
num_cat=0
split_feature=28 72 68 72 74 70 5 66 8 73 73 68 74 72
split_gain=30.9498 29.6549 81.1069 71.2994 100.403 36.5364 31.7793 36.0104 30.2305 40.5689 147.589 109.34 92.8363 111.266
threshold=2.4994189739227299 0.0030659465119242672 0.019180750474333767 0.003391561447642744 -0.00064403898431919504 0.0013710339553654196 0.71594694256782543 -0.11851873248815535 1.0000000180025095e-35 0.62452375888824474 0.6208765208721162 0.023331013508141044 0.012778390198946001 0.0057343547232449063
decision_type=2 10 8 10 2 2 2 10 2 2 2 10 2 10
left_child=1 2 -1 4 -3 -6 7 -5 9 10 -8 12 13 -11
right_child=-2 3 -4 6 5 -7 8 -9 -10 11 -12 -13 -14 -15
leaf_value=-0.027030926479235176 -0.011675158038306916 0.029173830013139543 -0.00013370121507701017 -0.00055110825266744482 -0.0097152162386593393 0.0102938953623525 0.00016934124710100358 -0.021104787820312006 0.0020778827365283297 -0.00035324447131758788 0.020706002624067826 -0.00039770108297053396 0.01463890548068305 -0.013455768085356121
leaf_weight=369.55321176722646 565.86724092066288 491.15666404366493 1071.8976554423571 482.03872395679355 407.2885883897543 493.5148302949965 72513.602736115456 372.74962830543518 14966.654814232141 2602.1915983259678 875.53550679609179 37449.465850878507 453.01490011066198 4286.3785345777869
leaf_count=2030 2374 2516 5827 2044 2214 2751 316458 2555 69871 13535 3992 172229 1943 19419
internal_value=-0.000108023 -5.93386e-05 -0.00716822 1.68691e-05 0.0112341 0.00123965 -0.000100481 -0.0096544 -3.84252e-05 -0.000306593 0.000417132 -0.00149223 -0.00706729 -0.00851391
internal_weight=137401 136835 1441.45 135394 1391.96 900.803 134002 854.788 133147 118180 73389.1 44791.1 7341.59 6888.57
internal_count=619758 617384 7857 609527 7481 4965 602046 4599 597447 527576 320450 207126 34897 32954
is_linear=0
shrinkage=0.05


Tree=159
num_leaves=15
num_cat=0
split_feature=58 69 70 70 72 72 69 69 72 70 72 69 69 72
split_gain=29.7088 66.0736 57.0947 89.1805 51.5826 149.959 144.559 117.316 101.2 64.2588 49.5397 110.551 82.2328 67.2027
threshold=0.0041725877672433862 0.07277256622910501 -0.0089121768251061422 -0.00028305046726018185 0.013089691288769247 0.014628778211772444 0.04623702913522721 0.027397851459681991 0.017190130427479747 0.01275134924799204 0.015816953964531425 -0.023623042739927765 0.0023779070470482115 0.012143131811171772
decision_type=2 10 2 2 10 10 8 10 10 2 10 8 8 8
left_child=-1 2 -2 10 -5 6 -6 8 -7 -10 11 -4 -13 -14
right_child=1 -3 3 4 5 7 -8 -9 9 -11 -12 12 13 -15
leaf_value=-0.00042307516917346622 -0.0049151212282792442 -0.001213705576449728 0.030825948580188552 0.0039347749705607093 -0.025998064606962842 0.017179550290984127 0.0068327959536363132 -0.016914508473318983 0.010341916645449444 -0.004571995638319829 -0.0034308129737842712 -0.011413705804464831 0.0079174289045018057 0.028299036395897082
leaf_weight=95220.041958339512 2177.8357324227691 17244.48824775964 607.30560027062893 11042.020709652454 1025.4681856259704 1283.6261184290051 490.64303310215473 669.16713621467352 1093.8555067256093 2079.3818164393306 665.78131330385804 470.59888653457165 3030.4776658266783 460.13095993548632
leaf_count=436608 9123 75640 2501 49170 4352 5283 2037 2853 4476 8575 2734 1955 13246 1937
internal_value=6.69085e-05 0.00116867 0.00280551 0.00354099 0.0018417 -0.00163856 -0.0153982 0.00245315 0.00539243 0.000585359 0.00926763 0.0111217 0.00803071 0.0106773
internal_weight=137561 42340.8 25096.3 22918.5 17684.2 6642.14 1516.11 5126.03 4456.86 3173.24 5234.29 4568.51 3961.21 3490.61
internal_count=620490 183882 108242 99119 76746 27576 6389 21187 18334 13051 22373 19639 17138 15183
is_linear=0
shrinkage=0.05


Tree=160
num_leaves=15
num_cat=0
split_feature=8 72 72 74 72 72 54 84 19 72 17 74 74 74
split_gain=30.2436 29.5041 34.1952 93.2761 32.1707 57.1704 68.2998 53.9412 48.1713 30.3028 29.9559 37.7805 151.184 73.1801
threshold=1.0000000180025095e-35 0.002945420797914267 0.003391561447642744 -0.00064403898431919504 0.0045173054095357665 0.0040517377201467761 0.95303291082382213 1.5000000000000002 -0.0049226249102503053 0.0035453670425340538 82.93402481079103 -0.0014478921657428143 -0.0013157994253560899 -0.0059043532237410537
decision_type=2 10 10 2 10 10 8 2 8 10 10 2 2 2
left_child=1 -1 3 -3 5 8 -7 -8 -4 -10 11 13 -13 -6
right_child=-2 2 4 -5 10 6 7 -9 9 -11 -12 12 -14 -15
leaf_value=-0.0096735495669020444 0.0020343420516277726 0.022992774669674771 -0.0091872554667743796 -0.002013681571466443 0.00082615493507168431 -0.0097206865838405619 -0.009140985112881337 0.012575262038962344 -0.0064397440706021802 0.0048915297146318298 -0.0016147097709916149 0.025659344403909143 0.00098870303780892186 -0.003749254392118546
leaf_weight=825.19266022741795 15524.932045219466 572.05942546948791 986.75257397443056 1033.8386023901403 24558.562576252967 4077.150211174041 466.56922521814704 706.95168875530362 697.98129588738084 3556.8204885683954 24768.233112253249 619.61343149840832 45488.609172854573 13554.804402820766
leaf_count=4535 73492 2854 4416 5557 105161 21110 2082 3057 3684 18139 112082 2748 201044 59930
internal_value=-4.33949e-05 -0.000308128 -0.000243511 0.00698138 -0.000341193 -0.00298411 -0.00666652 0.00393702 0.000710374 0.00302194 -8.65142e-05 0.000363042 0.00132573 -0.00080162
internal_weight=137438 121913 121088 1605.9 119482 10492.2 5250.67 1173.52 5241.55 4254.8 108990 84221.6 46108.2 38113.4
internal_count=619891 546399 541864 8411 533453 52488 26249 5139 26239 21823 480965 368883 203792 165091
is_linear=0
shrinkage=0.05


Tree=161
num_leaves=15
num_cat=0
split_feature=54 68 68 69 71 5 69 71 71 70 68 70 69 73
split_gain=26.838 68.032 83.9512 89.8153 82.8506 62.3455 71.704 84.3103 147.578 126.006 113.562 83.5046 74.627 114.971
threshold=0.29127158224582678 0.064782563596963896 0.050770904868841178 0.045433614403009422 0.0052359711844474086 1.0261151194572451 -0.017013531178236004 -0.011602019425481556 -0.0014267357764765618 -0.0018259931821376083 -0.022642364725470539 0.009507627226412298 -0.032438075169920914 0.27927134931087499
decision_type=8 10 10 10 2 2 10 2 2 2 10 2 10 2
left_child=1 2 5 4 -4 6 7 12 -9 10 -10 -11 13 -1
right_child=-2 -3 3 -5 -6 -7 -8 8 9 11 -12 -13 -14 -15
leaf_value=0.00251552299085623 0.00064827118016601943 -0.015360089273460645 -0.018111718868170319 0.017730120934323548 0.010041987107683914 -0.0034872289217397819 -0.0010348711173000186 0.025979853332821004 -0.023535794448835065 0.019206574932006917 0.0068537846977184194 0.0002903784975233251 0.012671632264723337 -0.019974158672460524
leaf_weight=1494.3826883137226 85306.145727014169 779.31199629232287 447.88908909261227 1252.2218249738216 598.98178803548217 16689.327166911215 24637.494583275169 974.04719560220838 628.67159264534712 1306.9316939041018 585.90281847119331 1048.0254645757377 676.63604068383574 905.11092323064804
leaf_count=6231 380422 3864 2065 5947 2734 74888 117752 4074 2636 5429 2451 4377 2810 3852
internal_value=0.000102444 -0.00079251 -0.000568022 0.00874871 -0.00206058 -0.00100734 0.000276395 0.00451203 0.00883238 0.0040937 -0.0089398 0.0108251 -0.00187726 -0.00601548
internal_weight=137331 52024.9 51245.6 2299.09 1046.87 48946.5 32257.2 7619.71 4543.58 3569.53 1214.57 2354.96 3076.13 2399.49
internal_count=619532 239110 235246 10746 4799 224500 149612 31860 18967 14893 5087 9806 12893 10083
is_linear=0
shrinkage=0.05


Tree=162
num_leaves=15
num_cat=0
split_feature=0 69 3 69 68 69 69 69 58 0 14 0 69 68
split_gain=31.3299 72.6679 32.4194 65.1749 44.971 113.785 99.6786 98.4468 39.4023 38.3439 38.2645 34.6298 30.0718 104.158
threshold=0.014764609280973675 -0.010585022158920763 1.0000000180025095e-35 -0.042247124016284936 -0.014754017814993857 0.03457372076809407 0.013193483930081131 0.049500988796353347 0.0040045175701379785 0.020488003268837932 0.038245184347033508 0.020383951254189018 -0.012004304677247999 -0.013966090977191923
decision_type=2 10 2 8 8 8 10 10 2 2 8 2 10 10
left_child=1 -1 3 8 5 6 9 -7 -2 -5 -6 -4 13 -13
right_child=2 -3 11 4 10 7 -8 -9 -10 -11 -12 12 -14 -15
leaf_value=-0.022075204467778151 -0.012327435419637309 -0.0018856385956442367 -0.0045268879107942554 0.018806546663539439 0.0032789925800054431 0.035835291635290499 -0.011832191309472731 0.0054175895045023579 0.0043579555798135316 0.0033957168996339017 -0.00042632880610818635 -0.0012334215553314667 -0.0006379297407141599 0.0057320400858154683
leaf_weight=490.5277899838984 1300.1059419736266 4091.9858996979892 4705.2716479450464 582.90558637678623 12875.973192453384 533.18933093547821 906.84216983616352 529.49863867461681 478.86870746314526 1283.0183236598969 15166.173448219895 13915.142299085855 71676.207098126411 8723.9675234258175
leaf_count=4417 5732 34147 24952 2752 63742 2315 4104 2299 2054 5369 76389 57219 297630 36049
internal_value=-3.00737e-05 -0.00409016 0.000110455 0.00145082 0.00197143 0.00704237 0.00168644 0.0208711 -0.00783677 0.00828457 0.00127559 -0.000345231 -0.000136155 0.00145206
internal_weight=137260 4582.51 132677 33656.6 31877.6 3835.45 2772.77 1062.69 1778.97 1865.92 28042.1 99020.6 94315.3 22639.1
internal_count=619170 38564 580606 164756 156970 16839 12225 4614 7786 8121 140131 415850 390898 93268
is_linear=0
shrinkage=0.05


Tree=163
num_leaves=15
num_cat=0
split_feature=3 69 69 8 54 4 73 69 69 69 69 69 54 69
split_gain=29.4892 58.4962 55.5984 47.3209 40.2894 36.853 58.3159 54.2485 64.6846 48.0114 42.7509 52.1397 72.698 57.407
threshold=1.0000000180025095e-35 -0.032438075169920914 -0.020860132761299607 1.0000000180025095e-35 0.25083988904953008 0.075000002980232253 0.27290432155132299 -0.051937524229288094 -0.015680044423788782 -0.10851569846272467 0.03457372076809407 0.049500988796353347 0.75523334741592418 0.04623702913522721
decision_type=2 10 10 2 10 8 2 8 10 10 10 10 8 10
left_child=1 -1 -3 4 -4 6 7 9 -9 -2 -8 12 13 -12
right_child=5 2 3 -5 -6 -7 10 8 -10 -11 11 -13 -14 -15
leaf_value=-0.0040060867812546641 0.006322818909954603 0.018030190097446466 -0.0012156979952227479 0.0059386999059298194 0.0026301954541016513 0.00017404987900675734 -0.0065932412815375395 0.025110765961770604 0.0036676617111521905 -0.012565267909479781 -0.0038804813532261392 -0.0027350499426527283 0.022067053806356395 0.015239872634359176
leaf_weight=4667.8716304618865 692.97359637916088 520.06757985427976 12644.340560145676 5486.1073800623417 14736.769770879298 72944.799741059542 5703.714004535228 524.03260906040668 1042.610701918602 636.02880277484655 1581.761533588171 15246.558624338359 489.86029421538115 511.1094364374876
leaf_count=24127 2902 2362 67120 30241 77825 298993 25415 2145 4344 2674 7102 70207 2164 2278
internal_value=4.76691e-05 0.00123105 0.00196423 0.00170461 0.000854402 -0.000405585 -0.00200488 0.0046798 0.010954 -0.0027429 -0.00282904 -0.00162182 0.00493506 0.000839253
internal_weight=137429 38055.2 33387.3 32867.2 27381.1 99373.4 26428.6 2895.65 1566.64 1329 23533 17829.3 2582.73 2092.87
internal_count=619899 201675 177548 175186 144945 418224 119231 12065 6489 5576 107166 81751 11544 9380
is_linear=0
shrinkage=0.05


Tree=164
num_leaves=15
num_cat=0
split_feature=27 54 5 74 14 72 72 73 72 74 69 73 69 74
split_gain=30.5864 38.5522 62.2887 48.7649 48.6923 54.3868 38.4763 116.096 57.8521 51.8002 45.6315 47.7043 172.285 143.161
threshold=0.59181329607963573 0.39603215456008917 0.99184209108352672 0.017686319537460807 -0.016038560308516022 0.003821139689534903 0.021474678069353107 0.12987624853849414 0.032342331483960159 -0.015288716182112692 -0.09301410615444182 0.31674617528915411 0.039528355002403266 0.0033676502062007789
decision_type=2 8 2 2 10 10 10 2 10 2 10 2 10 2
left_child=-1 2 4 -3 -2 -6 7 9 -8 -4 -9 12 13 -12
right_child=1 3 6 -5 5 -7 8 10 -10 -11 11 -13 -14 -15
leaf_value=-0.00176881778571441 0.0027060692553660306 0.00095775697281955032 0.024684839375191964 0.0073230895771726331 0.011414732238565959 -0.0021517115627113755 -0.02375117896851384 -0.01398455876925904 -0.0027824917843786456 0.0045141947790696474 -0.0080410766749710819 -0.0031364891473500377 0.030308230385473336 0.012634288872031278
leaf_weight=18856.422483850271 18169.307578440756 56186.237262822688 522.91442250087857 3169.5614177621901 777.20851416513324 12017.690744586289 497.60289472714067 830.98941307142377 943.53979587554932 804.61670252680779 2446.0815426595509 20372.657412786037 488.58717174828053 1260.332691308111
leaf_count=84358 79658 248221 2196 13206 4753 61072 2120 3496 3900 3314 10387 95505 2047 5241
internal_value=0.000101045 0.000398745 -0.000504829 0.00129884 0.00104281 -0.00131937 -0.0022059 -0.00177464 -0.0101364 0.0125846 -0.00252982 -0.00213684 0.00271379 -0.000995527
internal_weight=137344 118487 59131.5 59355.8 30964.2 12794.9 28167.3 26726.2 1441.14 1327.53 25398.6 24567.7 4195 3706.41
internal_count=619474 535116 273689 261427 145483 65825 128206 122186 6020 5510 116676 113180 17675 15628
is_linear=0
shrinkage=0.05


Tree=165
num_leaves=15
num_cat=0
split_feature=59 59 73 73 73 70 73 70 70 73 73 73 70 70
split_gain=29.4941 26.2226 42.122 85.6533 164.902 141.967 75.6184 74.833 195.101 146.262 136.315 102.181 72.252 86.2472
threshold=6.5000000000000009 1.5000000000000002 0.31674617528915411 0.42794576287269598 0.46266341209411627 -0.011087638791650532 0.50397408008575451 -0.0023536338703706856 0.00017975435184780511 0.36165527999401098 0.33967128396034246 0.36513555049896246 0.0014315135776996615 0.0050036716274917134
decision_type=10 8 2 2 2 2 2 2 2 2 2 2 2 2
left_child=1 2 -1 7 5 -5 -6 9 -9 10 -4 -10 -13 -14
right_child=-2 -3 3 4 6 -7 -8 8 11 -11 -12 12 13 -15
leaf_value=0.0023451667618370302 -0.0059027141491169357 0.0014328684498590124 -0.0009499171683611655 -0.01731507568897352 -0.0054834217667883234 0.010667456355950008 -0.00012954323361920038 -0.032573640964743515 -0.013439893155461714 -0.0067485075476687046 0.023689310068379644 0.017803707229632558 -0.017564912464417329 0.0017722850986945943
leaf_weight=13601.585738413036 2055.8455709069967 29575.105435781181 1323.8939340226352 488.06470018997788 7308.7433143556118 5137.7871743105352 66720.467763219029 715.44477495923638 2266.1949131265283 3490.6939326506108 963.6300106793642 485.13055608049035 740.23815790563822 2485.544157218188
leaf_count=57391 8385 121715 5686 2137 33101 22919 319458 3283 9862 15302 4116 2159 3328 10765
internal_value=2.6523e-05 0.000117044 -0.000251132 -0.000634666 -3.12115e-05 0.00821345 -0.000658789 -0.00448602 -0.00808081 -0.000315628 0.0094874 -0.00509958 1.6154e-05 -0.0027057
internal_weight=137358 135303 105727 92125.8 79655.1 5625.85 74029.2 12470.8 6692.55 5778.22 2287.52 5977.11 3710.91 3225.78
internal_count=619607 611222 489507 432116 377615 25056 352559 54501 29397 25104 9802 26114 16252 14093
is_linear=0
shrinkage=0.05


Tree=166
num_leaves=15
num_cat=0
split_feature=59 71 84 73 19 71 68 68 84 71 1 73 73 73
split_gain=24.3393 36.6276 87.5409 71.1163 85.9648 64.2057 75.3277 118.297 75.2819 66.1051 64.9881 54.9813 160.16 86.3366
threshold=1.5000000000000002 0.029813220724463466 2.5000000000000004 0.45145443081855779 0.0022974235471338038 0.026571909897029403 0.055717740207910545 0.044730186462402351 1.5000000000000002 0.016269305720925335 0.02047015726566315 0.46266341209411627 0.42794576287269598 0.4204839318990708
decision_type=8 2 2 2 8 2 10 8 2 2 10 2 2 2
left_child=1 5 3 -3 -5 6 7 11 -7 -8 -9 12 13 -1
right_child=-2 2 -4 4 -6 8 9 10 -10 -11 -12 -13 -14 -15
leaf_value=-7.5844781741096363e-05 0.0012063730860144388 -0.012354950906295351 0.010103411527592521 0.011618062658349615 -0.0057553341594003115 0.0023887703593407777 -0.014319564714287348 0.0089276480909228854 -0.020354751149241353 -0.00015650247022927488 -0.00030771509804555655 -0.0016266307917239106 0.0094090425883793915 -0.017085104343169091
leaf_weight=22694.675461186096 31519.657021936029 1089.6989633403718 2713.9041889756918 1363.760109718889 1469.1106110550463 619.89800420030951 1796.6123765930533 5181.9281103126705 864.32965743169188 1514.9749757107347 3007.7365203276277 57942.349719369784 4767.0608298033476 761.40507531166077
leaf_count=97536 129635 4654 11884 6207 6596 2800 8962 24825 3957 7266 12371 278276 21313 3351
internal_value=-1.29659e-05 -0.000376351 0.00321699 -0.00156108 0.00261977 -0.000617164 -0.000459746 -0.000199205 -0.0109033 -0.00786027 0.00553963 -0.000745236 0.00106421 -0.000635026
internal_weight=137307 105787 6636.47 3922.57 2832.87 99151 97666.7 94355.2 1484.23 3311.59 8189.66 86165.5 28223.1 23456.1
internal_count=619633 489998 29341 17457 12803 460657 453900 437672 6757 16228 37196 400476 122200 100887
is_linear=0
shrinkage=0.05


Tree=167
num_leaves=15
num_cat=0
split_feature=15 70 68 68 70 68 71 69 72 73 72 71 73 72
split_gain=28.6857 36.3674 42.8969 43.555 38.1152 32.1559 30.9715 75.6106 52.2197 42.6932 40.5432 110.908 83.2806 77.3739
threshold=15.486109256744387 -0.0099967392161488516 0.009529206436127426 -0.0042557560373097649 -0.0071474877186119548 0.024181198328733448 0.048369815573096282 -0.05704184249043464 0.013967480510473253 0.19408389180898669 0.018433386459946636 -0.03858648054301738 0.11478942260146142 0.017434634268283847
decision_type=8 2 10 8 2 10 2 10 10 2 10 2 2 10
left_child=1 2 3 -1 5 -3 10 9 -9 -8 13 -12 -13 -2
right_child=6 4 -4 -5 -6 -7 7 8 -10 -11 11 12 -14 -15
leaf_value=-0.0045669950130803744 -0.00029994211546978931 0.0041787267302073683 -0.014994744926006776 0.012437878410692304 0.001656428664438062 0.020297522307398258 -0.006224344145665855 -0.0085113084770454314 0.010596068781373688 -0.026493550403817314 -0.0072808831722532222 0.024739609632733712 0.005067056316861958 -0.011408868476543134
leaf_weight=1503.6608838327229 102417.77806953527 808.91906467080116 656.09000094234943 491.26367725431919 20821.550120219588 498.12941391393542 548.85070093348622 663.71877858787775 752.36416414752603 497.54189923033118 1648.3915576450527 619.69195875152946 3760.731651738286 1581.815382361412
leaf_count=6398 465283 3516 2812 2097 95231 2151 2231 2887 3192 2087 6875 2645 15482 6656
internal_value=-2.38814e-05 0.00151578 -0.00400827 -0.00033828 0.00217908 0.0104292 -0.000363145 -0.00589742 0.00164355 -0.0160216 -0.000238761 0.00374416 0.00790011 -0.000469988
internal_weight=137270 24779.6 2651.01 1994.92 22128.6 1307.05 112491 2462.48 1416.08 1046.39 110028 6028.82 4380.42 104000
internal_count=619543 112205 11307 8495 100898 5667 507338 10397 6079 4318 496941 25002 18127 471939
is_linear=0
shrinkage=0.05


Tree=168
num_leaves=15
num_cat=0
split_feature=28 54 53 72 71 72 69 73 69 73 72 73 54 71
split_gain=30.0942 27.5227 49.8457 55.2772 114.538 53.1562 53.2558 52.3674 53.279 56.4313 65.8001 53.8576 47.7804 46.387
threshold=1.7744357585906985 0.6703459918498994 -0.15227411687374112 0.0040517377201467761 0.017012067139148716 0.0045173054095357665 0.082137607038021102 0.71822267770767223 0.024696086533367637 0.7626253366470338 0.0068157545756548652 0.81096738576889049 0.16906495392322543 0.010391716379672291
decision_type=2 10 10 10 2 10 10 2 10 2 10 2 10 2
left_child=1 2 -1 4 -4 6 -5 12 -9 -10 11 -11 -7 -14
right_child=-2 -3 3 5 -6 7 -8 8 9 10 -12 -13 13 -15
leaf_value=0.00061095343391882374 -0.004585240540779436 0.0014267317111527644 0.0011232630093743459 -0.015244149511330171 0.029567394419209844 -0.0061414946380825997 0.00027648333652252735 0.001914661595133065 -0.016159258274171442 0.014747467344957237 -0.014625831826995004 -0.0063862278907731709 0.0014729061068181613 -0.0031146149819189055
leaf_weight=63008.738295353949 3454.1360480263829 31523.353998098522 3469.7484218962491 1483.9049184434116 384.23865936696529 3766.9734556823969 876.69884881749749 1397.4423093982041 1713.6057007648051 565.88503765687346 818.36641890183091 623.98145048320293 16073.255444809794 8372.2540626395494
leaf_count=271090 14571 132733 20318 9003 2065 19711 5162 7123 9668 3124 4078 3464 77561 40970
internal_value=1.60015e-05 0.000134872 -0.00026232 -0.0016535 0.0040283 -0.00226796 -0.00950313 -0.00175286 -0.00640029 -0.00951907 -0.00380107 0.00370383 -0.000907597 -9.88885e-05
internal_weight=137533 134078 102555 39546.4 3853.99 35692.4 2360.6 33331.8 5119.28 3721.84 2008.23 1189.87 28212.5 24445.5
internal_count=620641 606070 473337 202247 22383 179864 14165 165699 27457 20334 10666 6588 138242 118531
is_linear=0
shrinkage=0.05


Tree=169
num_leaves=15
num_cat=0
split_feature=70 74 71 70 72 74 71 84 68 71 58 71 25 73
split_gain=27.751 71.4716 87.221 97.8791 87.909 70.3055 67.2958 105.903 104.127 121.369 111.233 102.289 92.9377 86.0768
threshold=0.013018271885812284 0.012778390198946001 -0.0083502870984375459 0.0088671618141233938 0.0087836799211800116 0.011944177094846966 0.01762101519852877 1.5000000000000002 0.026547504588961605 -0.0073667985852807752 0.0011944339494220915 0.045195298269391067 -0.025991421192884442 0.40570393204689031
decision_type=2 2 2 2 10 2 2 2 10 2 2 2 10 2
left_child=1 5 -3 4 -4 -1 8 12 9 10 -2 13 -8 -9
right_child=6 2 3 -5 -6 -7 7 11 -10 -11 -12 -13 -14 -15
leaf_value=0.0002006878915016745 -0.020245673782391241 0.02567096288787209 0.0025370822057388764 -0.0021068070940031438 0.027697387280020965 -0.010576321146998486 -0.032418441488587628 -0.018301223608743793 -0.011542123952809968 0.010632475919727522 0.0022335230220399279 0.017188543258859386 -0.0082327110055747492 0.001548670899372795
leaf_weight=119673.15532734804 741.64160065352917 516.78910604119301 733.64650424942374 2429.3360088430345 652.85759216919541 1522.7082497440279 595.18826638907194 854.73267577961087 1370.2626702822745 3035.5987189412117 2048.566029921174 601.879638440907 1185.6186674535275 1478.6136168949306
leaf_count=544051 3137 2151 3298 10699 2741 6737 2477 3565 6034 12952 8514 2511 5071 6460
internal_value=7.13323e-05 0.000290259 0.0065928 0.00394865 0.0144977 6.44238e-05 -0.002234 -0.00686949 0.000809242 0.00372915 -0.00379245 -0.00101961 -0.016452 -0.00576965
internal_weight=137441 125528 4332.63 3815.84 1386.5 121196 11912.1 4716.03 7196.07 5825.81 2790.21 2935.23 1780.81 2333.35
internal_count=620398 569677 18889 16738 6039 550788 50721 20084 30637 24603 11651 12536 7548 10025
is_linear=0
shrinkage=0.05


Tree=170
num_leaves=15
num_cat=0
split_feature=15 73 74 84 74 74 73 74 72 57 73 72 73 73
split_gain=27.6553 28.4052 55.3793 279.614 107.511 74.1718 71.8634 54.3103 107.865 88.2437 53.7672 61.9091 67.2927 47.3473
threshold=1.0000000180025095e-35 0.12987624853849414 -0.019179445691406723 3.5000000000000004 -0.017201921902596947 -0.022224651649594303 0.39761251211166387 -0.019179445691406723 0.023218872956931595 0.069119617342948927 0.21545944362878802 0.0084154931828379648 0.55456766486167919 0.29116751253604894
decision_type=10 2 2 2 2 2 2 2 10 8 2 10 2 2
left_child=-1 7 3 5 13 10 -7 8 -2 -9 -3 -12 -13 -4
right_child=1 2 4 -5 -6 6 -8 9 -10 -11 11 12 -14 -15
leaf_value=-0.011604250685212649 0.028936893593932419 -0.010326224587474304 0.026045909821463611 -0.029324350952404932 -3.6825796205093183e-05 0.0012625676656319658 -0.022773784360211768 0.0069893901650170363 -0.00086312699603783682 -0.0092846551970723491 -0.0083763845899409214 0.016668980951379354 -0.0043590853639997856 0.0071109212957315981
leaf_weight=500.76223741471767 555.74039709940553 490.20860443264246 486.42595819011331 961.91148660331964 125392.35547127947 672.4999989233911 566.8509728051722 2141.7655488364398 654.28083308041096 1349.1505044028163 479.93675015866756 1521.5005722157657 501.46225690841675 1021.0206240564585
leaf_count=2134 2369 2088 2020 4186 569488 2835 2505 8941 2824 5514 2065 6383 2110 4349
internal_value=8.65108e-06 5.20072e-05 -8.40461e-05 -0.00513917 0.000123263 0.000413558 -0.0098254 0.00386711 0.0129485 0.000691329 0.00467179 0.00763864 0.0114606 0.0133523
internal_weight=137296 136795 132094 5194.37 126900 4232.46 1239.35 4700.94 1210.02 3490.92 2993.11 2502.9 2022.96 1507.45
internal_count=619811 617677 598029 22172 575857 17986 5340 19648 5193 14455 12646 10558 8493 6369
is_linear=0
shrinkage=0.05


Tree=171
num_leaves=15
num_cat=0
split_feature=72 69 68 72 68 69 73 68 73 73 72 72 70 69
split_gain=25.23 167.583 106.078 89.8068 115.254 206.134 197.597 101.088 204.28 160.739 87.089 137.303 195.172 99.321
threshold=0.0075098148081451663 0.015508298296481373 0.036010503768920905 0.0063372445292770871 0.030439413152635101 0.098293159157037749 0.73000267148017894 0.034133028239011771 0.66657599806785595 0.79234716296195995 0.0078111961483955392 0.0080920867621898668 -0.0060291055124253026 0.082137607038021102
decision_type=8 8 10 10 10 8 2 10 2 2 10 10 2 8
left_child=1 2 -1 -3 -5 6 -6 -7 -9 -10 -2 12 -12 -14
right_child=10 3 -4 4 5 7 -8 8 9 -11 11 -13 13 -15
leaf_value=0.032129158648951002 -0.0080639627513089361 -0.0012572662376434877 0.0033976592674067351 -0.001153450285548352 0.022370008865186541 -0.018584090126084141 0.0001325879657501349 0.019718548942527284 -0.010914971905136977 0.0089594032750910848 -0.012012283032116725 -0.00083969784386979959 0.03244202953923269 0.0080051082904216125
leaf_weight=660.863958761096 3946.3437363952398 39036.512303715572 621.50937223434448 9413.0399495325983 2881.9434801973403 612.61188469082117 1526.3305605389178 1322.718965947628 2466.2818643115461 1717.3478251099586 631.09344688430429 70523.730657704175 843.30400435999036 827.91318322718143
leaf_count=2924 17764 193042 2969 42215 12586 2886 7095 5857 11082 7529 2736 302426 3663 3653
internal_value=-0.000238247 0.000527494 0.0183383 0.000137178 0.0028663 0.00645829 0.0146882 0.000514943 0.00266965 -0.00275478 -0.000839272 -0.000446723 0.0115424 0.0204557
internal_weight=137032 60259.2 1282.37 58976.8 19940.3 10527.2 4408.27 6118.96 5506.35 4183.63 76772.4 72826 2302.31 1671.22
internal_count=618427 288185 5893 282292 89250 47035 19681 27354 24468 18611 330242 312478 10052 7316
is_linear=0
shrinkage=0.05


Tree=172
num_leaves=15
num_cat=0
split_feature=74 74 72 72 71 84 84 70 70 70 70 70 70 71
split_gain=27.6094 114.57 75.8831 127.873 68.8065 177.922 128.364 129.455 244.697 104.216 160.274 127.751 101.293 89.3725
threshold=0.0069592213258147248 0.0066241289023309955 0.0054515500087291011 0.005824470892548562 0.018247541971504692 1.5000000000000002 2.5000000000000004 0.0071164928376674661 0.0097721503116190451 0.0065072008874267348 0.0039322245866060266 0.01043195277452469 0.0056730022188276061 -0.0049521981272846452
decision_type=2 2 8 10 2 2 2 2 2 2 2 2 2 2
left_child=1 -1 -2 -4 6 -6 7 12 -9 10 -8 -11 13 -5
right_child=2 -3 3 4 5 -7 9 8 -10 11 -12 -13 -14 -15
leaf_value=-0.00018956175172373592 0.0087758444054442525 -0.013778198106942426 -0.019507843138201614 0.025375768875156569 -0.012076650553212533 0.0023550194206151051 0.0089764910266638166 -0.012979455602837135 0.00741623808722625 0.011649082663911048 -0.02493739472741948 -0.0047240381246481371 0.032097309008043938 0.0010930685539166111
leaf_weight=103854.22380890511 3047.4479948021472 1564.6886415556073 767.71276402100921 572.3567025102675 3163.7132287211716 6522.1839417517185 511.74255625531077 1826.8718402422965 7371.6996296085417 1783.7123177014291 1053.6077714934945 3537.850134704262 712.35755579546094 1087.4543382637203
leaf_count=472500 15198 7180 3690 2401 13558 28042 2210 8079 31748 7873 4741 15131 3124 4777
internal_value=-2.24632e-06 -0.00039254 0.0012849 0.000492536 0.00104485 -0.0023664 0.00283526 0.00605021 0.00335588 -0.00256713 -0.0138637 0.000775556 0.0164401 0.00956835
internal_weight=137378 105419 31958.7 28911.3 28143.6 9685.9 18457.7 11570.7 9198.57 6886.91 1565.35 5321.56 2372.17 1659.81
internal_count=620252 479680 140572 125374 121684 41600 80084 50129 39827 29955 6951 23004 10302 7178
is_linear=0
shrinkage=0.05


Tree=173
num_leaves=15
num_cat=0
split_feature=15 71 71 74 69 69 70 73 68 73 69 69 68 70
split_gain=25.5467 40.1896 54.1582 66.1259 51.2757 73.398 57.1509 45.9414 45.6732 50.7597 44.8289 46.4268 44.0147 41.7407
threshold=19.084445953369144 0.012805075850337745 0.010391716379672291 0.017686319537460807 0.088832098990678801 0.1011449657380581 0.010606001596897842 0.5149003565311433 0.053079243749380119 0.60028988122940075 0.0073220878839492807 0.050430154427886016 0.031134178861975673 0.0096410335972905176
decision_type=8 2 2 2 8 8 2 2 10 2 10 10 10 2
left_child=1 2 3 -1 8 -6 7 -7 9 -3 -4 -12 -13 -10
right_child=-2 4 10 -5 5 6 -8 -9 13 -11 11 12 -14 -15
leaf_value=0.00015322104404890519 -0.00051545846591297649 0.0027142460872384422 0.0081847845922269208 0.013227646559682255 0.017530282887276285 0.02013058414772927 -0.009640068109985139 0.0040024156079675561 0.013354760720109486 -0.0056549674557208225 -0.021526839687106475 -0.014974989933549208 0.00050483806534962 -0.0043044579718785605
leaf_weight=29554.594257291406 89023.739321993664 4117.0823002681136 434.37191636487842 989.81403382122517 1232.8069523870945 499.70872842520475 665.1047200076282 3374.0000768639147 1153.9695184491575 3219.7550988085568 568.03212327882648 727.45708005875349 1215.379622284323 463.96933387964964
leaf_count=134207 401912 17717 1924 4175 5505 2164 2961 15211 5011 15036 2625 3450 5737 2019
internal_value=-1.34301e-05 0.000913405 -4.40544e-05 0.000581098 0.00308934 0.00675998 0.0038025 0.00612943 0.000718602 -0.000961263 -0.00650739 -0.00907148 -0.00533828 0.00829537
internal_weight=137240 48216 33489.6 30544.4 14726.4 5771.62 4538.81 3873.71 8954.78 7336.84 2945.24 2510.87 1942.84 1617.94
internal_count=619654 217742 152118 138382 65624 25841 20336 17375 39783 32753 13736 11812 9187 7030
is_linear=0
shrinkage=0.05


Tree=174
num_leaves=15
num_cat=0
split_feature=15 4 70 73 74 74 54 72 73 53 70 73 74 71
split_gain=31.3333 33.8982 40.778 50.5456 59.0781 31.7897 28.7968 56.9672 61.9048 38.3674 40.4986 98.2991 92.7586 49.7257
threshold=29.547296524047855 0.091666668653488173 0.018314933404326442 0.27927134931087499 -0.0021285761613398786 -0.016023315489292141 0.28008912503719335 0.0037568438565358524 0.61819469928741466 -0.10752455890178679 -0.0084869600832462293 0.12987624853849414 -0.0099405101500451547 -0.047279346734285348
decision_type=8 8 2 2 2 2 10 10 2 10 2 2 2 2
left_child=6 2 3 4 5 -2 9 8 -8 10 11 -1 -12 -14
right_child=1 -3 -4 -5 -6 -7 7 -9 -10 -11 12 -13 13 -15
leaf_value=0.013506768335192963 0.006365203870056891 3.5710804353115822e-06 -0.016380571449456996 -0.0036740450856209295 0.015938786156632825 -0.010004400050763647 -0.0026325506969694127 0.00074043422083628144 0.01525333826602999 -0.0039752655450665045 0.014262331902318157 -0.0059734980282759812 -0.014967756322281976 0.0004166683270998036
leaf_weight=723.6097761169076 569.63055146113038 18843.919806450605 548.91613148525357 14002.880571885034 739.71745448186994 598.00199219211936 735.70170268043876 52414.731080321595 1388.2752196714282 7206.7028385736048 1200.1704034693539 5539.2267549224198 523.97912839800119 32090.190248023719
leaf_count=3084 2463 77817 2406 71771 3092 2538 3424 229575 6997 41565 5130 23551 2178 143599
internal_value=-0.000161291 -0.00144467 -0.00310174 -0.0026336 0.00498415 -0.00203224 0.000283769 0.00106661 0.00907473 -0.000619222 -1.48946e-05 -0.0037048 0.000669415 0.00016499
internal_weight=137126 35303.1 16459.1 15910.2 1907.35 1167.63 101823 54538.7 2123.98 47283.9 40077.2 6262.84 33814.3 32614.2
internal_count=619190 160087 82270 79864 8093 5001 459103 239996 10421 219107 177542 26635 150907 145777
is_linear=0
shrinkage=0.05


Tree=175
num_leaves=15
num_cat=0
split_feature=5 5 8 73 73 74 74 74 74 74 71 74 71 71
split_gain=22.2074 56.7402 23.1843 32.9947 98.7637 55.8012 75.2558 61.7572 57.3523 96.6847 108.733 71.8759 59.0889 69.6885
threshold=0.71594694256782543 0.65828904509544384 1.0000000180025095e-35 0.62452375888824474 0.6208765208721162 0.017686319537460807 0.00033635373983997857 0.020718611776828769 -0.018208967521786686 -0.010588163975626229 0.015840217471122745 -0.0089446334168314916 -0.010008481796830891 -0.00061398436082527031
decision_type=2 2 2 2 2 2 2 2 2 2 2 2 2 2
left_child=1 -1 3 4 -2 6 8 -7 -5 10 -10 -11 -13 -14
right_child=2 -3 -4 5 -6 7 -8 -9 9 11 -12 12 13 -15
leaf_value=-0.02211641334203791 0.00023408740025247896 0.0033980788723545936 0.0018459526362540214 -0.014067085568424152 0.016816217605125059 0.019881774010805025 -0.0033627199070824401 0.00066846952266339009 0.021702495434997318 -0.01197323945522556 -0.0040598955445610698 0.011447779085673694 -0.0076090671574802968 0.0016677818801315459
leaf_weight=382.16511732526124 73200.07836465165 485.26990293525159 15306.711827680469 619.2639812156558 899.11695851385593 625.03253276646137 25905.497840922326 1227.2439064718783 1121.7635087817907 1137.3283692859113 637.51599672436714 1233.8343793824315 2430.7591109387577 11857.980740532279
leaf_count=2371 320367 2313 71924 2716 4109 2683 122464 5307 4907 4993 2691 5341 11295 55649
internal_value=-3.77906e-05 -0.00796677 1.32881e-05 -0.000218881 0.000437536 -0.00125815 -0.00160925 0.00722376 0.000777205 0.00128364 0.0123967 0.000103372 0.000995356 8.54133e-05
internal_weight=137070 867.435 136202 120895 74099.2 46796.2 44943.9 1852.28 19038.4 18419.2 1759.28 16659.9 15522.6 14288.7
internal_count=619130 4684 614446 542522 324476 218046 210056 7990 87592 84876 7598 77278 72285 66944
is_linear=0
shrinkage=0.05


Tree=176
num_leaves=15
num_cat=0
split_feature=28 69 69 69 69 69 84 69 69 69 69 69 1 9
split_gain=23.7031 20.6848 76.0603 60.9718 53.0696 63.2036 69.7268 53.4718 54.7558 62.6704 37.975 59.8052 50.6733 36.2496
threshold=1.4906068444252016 0.08398406952619554 0.089249406009912505 0.098293159157037749 0.076704110950231566 0.0782352350652218 3.5000000000000004 0.073599983006715788 0.071336116641759886 0.07277256622910501 0.13652693480253222 0.14754705131053927 0.015369157772511246 -0.015174692962318657
decision_type=2 8 8 8 8 10 2 10 10 10 10 10 10 2
left_child=1 4 -3 -4 7 -6 -7 8 -1 13 -5 12 -12 -10
right_child=-2 2 3 10 5 6 -8 -9 9 -11 11 -13 -14 -15
leaf_value=0.00019187640533430592 -0.0025524970809786603 -0.0068042044112448727 0.0044721270806929196 -0.0015740402059433089 0.014207540308999728 0.0050783877744095879 -0.012037951358516825 -0.0078344662913176211 0.0032757337614915099 -0.0016736520126727846 0.020989228927834561 -0.0010918483170186558 0.0044251899275873875 0.019894367267007027
leaf_weight=70648.066800653934 9060.2248622216284 4646.6226191185415 6278.8763587884605 30556.99145052582 1453.8643325455487 3411.9376395083964 710.45603409782052 1990.7778211832047 500.03435874730349 1045.2685399353504 638.35608290508389 3787.6942248865962 1631.3907410278916 970.35534525290132
leaf_count=316373 38907 21713 28484 142167 6552 15904 3406 9173 2099 4782 3075 16272 6748 4494
internal_value=-8.23218e-05 9.2341e-05 -0.000734979 -7.60679e-05 0.000579555 0.00528136 0.00210655 0.000230038 0.000450513 0.00768439 -0.00085703 0.00275659 0.00915539 0.0143032
internal_weight=137331 128271 47539.9 42893.3 80730.8 5576.26 4122.39 75154.5 73163.7 2515.66 36614.4 6057.44 2269.75 1470.39
internal_count=620149 581242 218459 196746 362783 25862 19310 336921 327748 11375 168262 26095 9823 6593
is_linear=0
shrinkage=0.05


Tree=177
num_leaves=15
num_cat=0
split_feature=68 68 73 71 71 73 68 72 71 58 68 68 72 71
split_gain=29.7842 138.039 86.2295 220.052 77.3492 77.3403 99.547 65.5344 89.9623 64.824 61.1857 108.667 82.2918 135.042
threshold=-0.026530045084655281 -0.025394651107490059 0.27290432155132299 0.0071567022241652021 -0.033630508929491036 0.33160872757434851 -0.037996767088770859 0.019033129326999191 0.015959254465997223 -1.0000000180025095e-35 -0.036575015634298318 -0.037996767088770859 0.013876372948288919 -0.047279346734285348
decision_type=10 10 2 2 2 2 10 10 2 2 10 10 8 2
left_child=5 -2 3 -3 9 10 -7 -6 -9 -4 11 12 13 -1
right_child=1 2 4 -5 7 6 -8 8 -10 -11 -12 -13 -14 -15
leaf_value=-0.015723018615886177 0.023760963274132355 0.026522531802617669 -0.020478267677396512 -0.014317796138818648 -2.4867847556094367e-05 0.0056937934282583176 -0.016669475870910295 0.024038132091416867 0.0014445255908237292 0.0011202031856405383 0.0070206039611298166 -0.019546518940256899 -0.0034799192811498861 0.0084769341555210407
leaf_weight=670.66212416812778 611.75344040058553 933.31643326580524 830.99268255755305 499.2805439978838 112713.50573249161 693.8938305824995 1712.5734154675156 661.45130590721965 1285.4616134427488 590.2183547988534 2238.4413557946682 808.03159162774682 9207.8481121715158 3772.9695825204253
leaf_count=2805 2575 3889 3589 2082 516830 2890 7365 2723 5304 2494 9386 3503 38548 15721
internal_value=-3.25165e-05 0.000263761 0.000139429 0.0122885 -1.15524e-05 -0.00186363 -0.0102243 0.000132629 0.00920417 -0.0115634 -0.000653324 -0.00184534 -0.000784062 0.00479742
internal_weight=137230 118126 117514 1432.6 116082 19104.4 2406.47 114660 1946.91 1421.21 16698 14459.5 13651.5 4443.63
internal_count=619704 539486 536911 5971 530940 80218 10255 524857 8027 6083 69963 60577 57074 18526
is_linear=0
shrinkage=0.05


Tree=178
num_leaves=15
num_cat=0
split_feature=27 1 73 4 68 69 72 72 72 73 73 69 68 71
split_gain=30.4769 60.0906 43.4517 73.1042 59.797 145.875 124.169 92.5104 124.54 124.545 121.886 101.288 143.82 81.2251
threshold=1.131757974624634 0.013581958599388601 0.68766510486602794 0.35833333432674414 0.03362549655139447 0.11709717288613321 0.0071132583543658265 0.0083348345942795294 0.0045173054095357665 0.57667362689971935 0.61969938874244701 0.099554911255836501 0.039050797000527389 0.0070367262233048686
decision_type=2 8 2 8 10 10 10 10 10 2 2 10 10 2
left_child=2 -2 4 -4 5 -1 -7 8 9 -6 -9 12 -10 -13
right_child=1 -3 3 -5 7 6 -8 10 11 -11 -12 13 -14 -15
leaf_value=0.00032124324045725787 0.0052223895250472739 0.00029461913835568084 -0.0032145876007594193 0.0045085440266360854 0.012662427272303187 -0.019144622478709704 -0.00065678919542791904 0.011789614871538477 0.035074929940422585 -0.018114963845195339 -0.012296837864635925 0.016955245130348465 0.0059582348394098174 0.00023709835701921046
leaf_weight=62480.643349034712 7841.5532694533467 29178.935674332082 21772.169627737254 3556.6451986245811 532.26489240676165 1823.0746811516583 1801.4694913700223 777.86721980571747 861.66215962544084 827.09933967888355 1568.4386720210314 1078.9522171616554 835.57472671940923 2183.8432947620749
leaf_count=278955 43064 122109 105108 14673 2372 8818 7970 3400 3820 3930 6857 4872 3618 9772
internal_value=0.000113987 0.00133953 -0.000339352 -0.00212876 0.000267018 -0.000245157 -0.0099829 0.00416986 0.00731469 -0.00605948 -0.00429535 0.0109849 0.0208592 0.00580043
internal_weight=137120 37020.5 100100 25328.8 74770.9 66105.2 3624.54 8665.7 6319.4 1359.36 2346.31 4960.03 1697.24 3262.8
internal_count=619338 165173 454165 119781 334384 295743 16788 38641 28384 6302 10257 22082 7438 14644
is_linear=0
shrinkage=0.05


Tree=179
num_leaves=15
num_cat=0
split_feature=59 58 71 71 69 71 71 71 71 69 69 71 69 69
split_gain=28.6626 25.3271 68.5887 106.343 98.1221 95.2951 136.93 84.7806 85.0806 80.106 79.8849 76.4119 138.492 93.6988
threshold=6.5000000000000009 0.0040045175701379785 0.012805075850337745 0.014612289145588877 0.060513546690344817 0.03201615437865258 0.035638667643070228 0.02573481667786837 0.022283208556473259 0.064349383115768446 0.04846692085266114 0.010391716379672291 0.0023779070470482115 0.054717440158128745
decision_type=10 2 2 2 8 2 2 2 2 8 8 2 8 10
left_child=1 2 11 10 5 7 -7 8 -5 -6 -4 -1 -13 -14
right_child=-2 -3 3 4 9 6 -8 -9 -10 -11 -12 12 13 -15
leaf_value=-0.00068988735271489172 -0.0058072149430234829 0.0011367512298537965 0.024095699380357161 -0.0079382861724321026 0.023470211414773807 0.023697984304189984 -0.0013765123288223562 -0.019191625839941065 0.0069470723774965968 0.0026893083388541332 0.005915124907574747 0.019252473262230972 -0.020302303687255 -0.004960531098964229
leaf_weight=62190.616743771359 2063.2881792485714 41952.526757139713 758.13186148181558 3755.3379347510636 472.82477090507746 658.3483149446547 2932.4803695678711 1143.3462789263576 1279.8367482088506 11907.487290401012 2885.5133922360837 451.48470645025373 1397.776351980865 3430.4640436116606
leaf_count=286064 8431 182954 3378 16949 2217 2800 12562 5056 5776 54900 13929 1899 6710 16535
internal_value=2.71558e-05 0.000116606 -0.000342355 0.00185021 0.000546291 -0.00319819 0.00327373 -0.00695874 -0.00414847 0.00350127 0.00975355 -0.0011807 -0.00694987 -0.00943476
internal_weight=137279 135216 93263.6 25793.3 22149.7 9769.35 3590.83 6178.52 5035.17 12380.3 3643.65 67470.3 5279.73 4828.24
internal_count=620160 611729 428775 117567 100260 43143 15362 27781 22725 57117 17307 311208 25144 23245
is_linear=0
shrinkage=0.05


Tree=180
num_leaves=15
num_cat=0
split_feature=71 84 71 68 72 14 14 72 72 71 71 68 68 68
split_gain=26.7845 166.272 164.194 69.5424 69.4756 88.5309 67.0178 79.3884 119.548 68.8756 58.4464 97.4575 66.5937 57.835
threshold=0.029265975579619411 2.5000000000000004 0.034285780042409904 0.032078532502055175 0.015442323870956899 0.0036236898740753536 -0.019985852763056752 0.012486040126532318 0.010591719299554827 0.040108343586325652 0.025505204685032371 -0.0064467811025679103 0.066228810697793974 0.044730186462402351
decision_type=2 2 2 8 8 8 8 10 10 2 2 8 10 10
left_child=10 2 4 -3 5 -2 9 8 -8 -4 12 -12 13 -1
right_child=1 3 6 -5 -6 -7 7 -9 -10 -11 11 -13 -14 -15
leaf_value=-0.00024970514982686106 0.027269227722997759 0.014196673065606305 -0.0005188051409808301 0.0017969046977252209 -0.0053779438920869673 0.0032917960912814508 0.0024037480589919054 0.0058549254043439511 -0.027403043378420467 -0.01902426873026419 -0.024896116666041978 -0.0025594433148478646 -0.011196643925339221 0.0031702209330522961
leaf_weight=106685.94980425388 733.22529991716146 2993.2096014693379 723.58344133198261 1818.7575968168676 581.05246997997165 805.17253855615854 758.04128437489271 1507.115385087207 592.68358325958252 1642.2580691166222 596.36018941178918 2524.1255475357175 1297.9293629489839 13972.327889036387
leaf_count=484870 3120 12671 3071 7836 2461 3582 3388 6429 2652 6986 2571 11286 5979 62964
internal_value=6.95967e-05 0.00230935 -0.00242458 0.00952343 0.00928499 0.0148221 -0.00718427 -0.00201775 -0.0107804 -0.0133905 -0.000148232 -0.00689413 2.49259e-05 0.000146555
internal_weight=137232 12155.1 7343.13 4811.97 2119.45 1538.4 5223.68 2857.84 1350.72 2365.84 125077 3120.49 121956 120658
internal_count=619866 52196 31689 20507 9163 6702 22526 12469 6040 10057 567670 13857 553813 547834
is_linear=0
shrinkage=0.05


Tree=181
num_leaves=15
num_cat=0
split_feature=17 70 70 73 70 68 72 68 73 71 71 71 68 68
split_gain=26.7809 30.4999 131.952 100.279 98.3508 163.066 143.575 92.6139 62.5433 61.3934 131.609 89.444 68.072 174.517
threshold=6.6390857696533212 -0.0099967392161488516 -0.011087638791650532 0.49650216102600103 -0.0071474877186119548 0.029120756313204769 0.007961741182953121 0.010974097531288864 0.67186859250068676 0.0025635707424953584 -0.0073667985852807752 -0.014079896267503498 -0.031379032880067818 -0.0011384828831069169
decision_type=10 2 2 2 2 8 10 10 2 2 2 2 8 10
left_child=-1 2 9 -4 5 6 7 -3 -7 10 11 -2 -11 -14
right_child=1 4 3 -5 -6 8 -8 -9 -10 12 -12 -13 13 -15
leaf_value=0.0023779018374167804 0.00035198622457653336 -0.023725281959415506 -0.0064670580343911934 -0.033789892222674422 -0.00019798463617938175 0.030983165631177329 0.0078789485411867605 0.0012968911624106048 0.011564565910475111 -0.022296709216824317 0.013072882697781696 -0.015292912047927754 0.015053559098102125 -0.020214869327654313
leaf_weight=11788.349751576781 6553.109762147069 749.67445163801312 913.42927726358175 526.86351251974702 106723.92492766865 671.66910536587238 2653.1654479503632 718.6398116350174 1112.9510136134923 612.24824183247983 1829.8147925622761 1051.4952781908214 701.01842954009771 682.42982711642981
leaf_count=51311 27997 3414 3875 2335 488063 2938 11261 3249 4826 2574 7858 4613 2945 2977
internal_value=0.000100385 -0.000113717 -0.00241856 -0.0166259 0.000149853 0.00642503 0.000945041 -0.0115527 0.019005 -0.000615348 0.00107243 -0.00182849 -0.00855967 -0.00236393
internal_weight=137289 125500 12870.4 1440.29 112630 5906.1 4121.48 1468.31 1784.62 11430.1 9434.42 7604.61 1995.7 1383.45
internal_count=620236 568925 55174 6210 513751 25688 17924 6663 7764 48964 40468 32610 8496 5922
is_linear=0
shrinkage=0.05


Tree=182
num_leaves=15
num_cat=0
split_feature=57 28 70 69 69 69 69 70 28 70 70 74 19 74
split_gain=24.9241 22.9598 21.6723 39.1807 48.6373 103.86 98.4477 86.9508 66.4213 54.2193 62.28 71.0467 65.9631 53.9345
threshold=0.0018142272601835432 2.4994189739227299 -0.044312106445431702 -0.1383535638451576 -0.09301410615444182 -0.078645620495080934 -0.071767471730709062 0.025992065668106083 0.87687131762504589 0.021026453934609893 0.018314933404326442 0.018496754579246048 0.001900242699775845 0.0068846363574266442
decision_type=10 2 2 8 8 8 8 2 2 2 2 2 8 2
left_child=-1 2 -2 -4 8 -6 -7 9 -5 10 11 -8 -13 -10
right_child=1 -3 3 4 5 6 7 -9 13 -11 -12 12 -14 -15
leaf_value=-0.0046230473150058867 -0.0092421265600903281 -0.01003886621415364 0.0080882340745191284 0.003162322015719107 0.01223581856421571 -0.014385566460627284 0.0001062815466197613 -0.015908730954419199 -0.015678969877371548 0.011077095273051859 -0.011758370551863786 0.015176795797445297 -0.00032566813112853477 -0.00010834291040479052
leaf_weight=2905.1415803804994 608.92271368578076 551.55463207885623 1521.0858052559197 1415.626232996583 1760.8586640302092 1161.3625101167709 118969.92533627152 824.42413655668497 1628.3828124441206 1143.1753031704575 1072.0014117509127 1515.3105567507446 1246.5484371557832 842.17006342113018
leaf_count=15339 2657 2322 6435 5891 7268 4891 539910 3589 6826 4773 4635 6391 5229 3464
internal_value=-4.91592e-05 5.01474e-05 9.25123e-05 0.000135908 4.33705e-05 0.000211265 4.21731e-05 0.000177607 -0.00545976 0.000285879 0.000184531 0.00029066 0.00820392 -0.010393
internal_weight=137166 134261 133710 133101 131580 127694 125933 124771 3886.18 123947 122804 121732 2761.86 2470.55
internal_count=619620 604281 601959 599302 592867 576686 569418 564527 16181 560938 556165 551530 11620 10290
is_linear=0
shrinkage=0.05


Tree=183
num_leaves=15
num_cat=0
split_feature=27 59 73 73 73 74 74 74 73 71 74 73 71 71
split_gain=23.4309 43.7798 36.3885 38.785 86.3282 58.8934 56.9441 62.7029 43.043 73.6569 104.502 123.859 120.145 61.8767
threshold=0.8639521896839143 1.5000000000000002 0.68766510486602794 0.57541298866271984 0.58013981580734264 0.0013277027173899116 0.0047167285811156043 0.0058923510368913421 0.46463620662689215 0.020907477475702766 -0.011800938751548527 0.39324033260345465 0.0044199428521096715 0.017997297458350662
decision_type=2 8 2 2 2 2 2 2 2 2 2 2 2 2
left_child=1 2 3 8 -5 -6 -7 -8 9 10 11 -1 -12 -10
right_child=-2 -3 -4 4 5 6 7 -9 13 -11 12 -13 -14 -15
leaf_value=-0.0019141848100399077 0.00068838902349861904 0.0016236614687694534 -0.003803113248235047 0.021589376045936578 0.0037531468390461587 -0.0097419712784355336 0.013038992438579531 -0.0029946320594349532 -0.0062319671877769621 -0.0088372430865298075 0.00041067883032887834 -0.030142885913209069 0.013171643761765313 0.0042936985571128284
leaf_weight=1779.3933377154171 73203.448533531278 16222.54946167767 11704.524969963357 508.26868059486151 7080.8660149089992 2039.580285269767 792.03041433542967 2534.1503779031336 7917.7787674926221 2005.2149378694594 6845.5016358848661 487.71657643839717 2515.157691180706 1687.3002587519586
leaf_count=7604 329590 66826 58040 2300 33856 9978 3796 11821 37251 8628 29803 2178 11060 7537
internal_value=7.71775e-05 -0.000620618 -0.00138092 -0.000596768 0.00159462 0.000761441 -0.00318617 0.000850935 -0.0018186 -1.17937e-05 0.00151645 -0.00809265 0.00384988 -0.00438041
internal_weight=137323 64120 47897.5 36193 12954.9 12446.6 5365.76 3326.18 23238.1 13633 11627.8 2267.11 9360.66 9605.08
internal_count=620268 290678 223852 165812 61751 59451 25595 15617 104061 59273 50645 9782 40863 44788
is_linear=0
shrinkage=0.05


Tree=184
num_leaves=15
num_cat=0
split_feature=70 74 71 54 69 72 70 69 73 73 73 58 72 72
split_gain=30.6224 54.4125 75.2844 53.163 63.3977 114.709 135.295 75.9376 82.2375 59.9636 57.4797 115.648 55.4275 48.6018
threshold=0.013018271885812284 0.017686319537460807 0.014137300197035076 1.029357433319092 1.0000000180025095e-35 0.016601774841547016 0.016361031681299213 0.030199509114027027 0.36644345521926885 0.40570393204689031 0.45833182334899908 0.0046201506629586228 0.010157951153814794 0.020338352769613269
decision_type=2 2 2 8 10 10 2 10 2 2 2 2 10 8
left_child=1 13 -3 4 5 6 -2 8 -6 -8 11 -9 -12 -1
right_child=3 2 -4 -5 7 -7 9 10 -10 -11 12 -13 -14 -15
leaf_value=7.8308754046839166e-05 -0.0087803459622577008 0.025207282348616335 -0.001333682622252522 0.0042101744309507227 -0.032741015296531062 -0.006391740297180086 0.0085066863944630016 -0.010234572269106644 -0.0071172967181784329 0.030493795507710073 -0.015922088655664871 0.023181651690533753 -0.00087806716548137422 0.0066002823541552085
leaf_weight=121187.42592738755 658.45220247283578 509.50181777775288 548.15219561383128 2458.0791535675526 557.30702597275376 2777.6071036830544 660.4293764885515 535.83552635833621 715.21121412143111 593.33146214112639 1214.9247026145458 483.61069361120462 1226.5931175127625 2915.4656044319272
leaf_count=551687 2797 2170 2376 10251 2440 11537 2742 2313 3151 2518 5584 2021 5309 12168
internal_value=9.84086e-05 0.000328756 0.0115682 -0.00232635 -0.00403406 8.8109e-05 0.00948477 -0.00810978 -0.0185071 0.0190709 -0.0042446 0.0056888 -0.00839854 0.000232045
internal_weight=137042 125161 1057.65 11881.4 9423.3 4689.82 1912.21 4733.48 1272.52 1253.76 3460.96 1019.45 2441.52 124103
internal_count=619064 568401 4546 50663 40412 19594 8057 20818 5591 5260 15227 4334 10893 563855
is_linear=0
shrinkage=0.05


Tree=185
num_leaves=15
num_cat=0
split_feature=72 72 68 72 71 68 68 71 68 72 72 71 71 72
split_gain=21.3892 94.8404 88.9869 29.3946 79.2632 75.6358 147.699 67.6869 57.8185 82.9018 66.1892 45.6566 39.05 36.4879
threshold=0.0030659465119242672 0.003391561447642744 0.019180750474333767 0.0045173054095357665 0.017012067139148716 -0.0020691087702289219 0.0083850990049541014 0.021600767038762573 0.034757858142256744 0.0042985687032341966 0.0042765268590301284 0.0099367350339889544 -0.0035301131429150696 0.0054202263709157714
decision_type=10 10 10 10 2 10 10 2 10 10 10 2 2 10
left_child=2 -2 -1 4 5 -3 12 -6 9 -8 -10 -12 -7 -5
right_child=1 3 -4 13 7 6 8 -9 10 -11 11 -13 -14 -15
leaf_value=-0.02582566304671623 0.012840824461431699 0.015847992089025476 0.0017259564168987701 0.0028720576411654006 0.023273635215518514 -0.035571887682171538 0.0021748113267748481 -0.002258155694190789 -0.014575368513355273 -0.011535902375836758 -0.0091533689512263722 0.012952451406063756 -0.012997277498852029 -9.2121962106559156e-05
leaf_weight=397.53266180679202 1432.7556813806295 467.62603371590376 1039.4891083277762 11445.597447166219 522.15724280849099 415.55802134796977 5771.9550131857395 503.65364160016179 1791.8436145707965 1352.2890144214034 457.27060787752271 457.33624114096165 380.90945418924093 110771.24621864595
leaf_count=2209 7648 2204 5667 56202 2546 2102 29402 2463 8813 7161 2209 2349 2116 486792
internal_value=2.51974e-05 8.96371e-05 -0.00602163 -4.73044e-05 -0.00239485 -0.00362693 -0.00449798 0.0108372 -0.00280743 -0.000440211 -0.00901415 0.00192087 -0.0250706 0.000185685
internal_weight=137207 135770 1437.02 134337 12120.6 11094.8 10627.2 1025.81 9830.69 7124.24 2706.45 914.607 796.467 122217
internal_count=619883 612007 7876 604359 61365 56356 54152 5009 49934 36563 13371 4558 4218 542994
is_linear=0
shrinkage=0.05


Tree=186
num_leaves=15
num_cat=0
split_feature=59 59 72 70 73 69 69 74 69 70 72 73 72 69
split_gain=29.8113 27.0635 69.483 195.25 51.641 160.561 135.582 131.227 159.45 125.981 147.957 118.088 111.442 67.7193
threshold=6.5000000000000009 1.5000000000000002 0.019758761860430244 -0.0061899872962385407 0.31674617528915411 0.039528355002403266 0.049500988796353347 -0.0040173972956836215 0.013193483930081131 -0.012401808984577654 0.015914977528154853 0.22354310005903247 0.00930214347317815 -0.001070204365532845
decision_type=10 8 10 2 2 10 10 2 8 2 10 2 10 10
left_child=1 2 4 -4 5 7 -7 9 12 10 13 -10 -9 -1
right_child=-2 -3 3 -5 -6 6 -8 8 11 -11 -12 -13 -14 -15
leaf_value=0.012148889012107807 -0.0060355831326059685 0.001371576414277578 0.010613212894304837 -0.022460315499219043 -0.0005754122691310038 0.038463898686843162 0.0057462430557683941 0.032198159190718431 0.0036334634527860617 -0.013744913577224639 -0.021841347014195284 -0.024058671231906057 0.0082882934839073052 -0.0055641262960530666
leaf_weight=1791.8743579499424 2045.6046114861965 29437.479209747165 714.10702654719353 1158.9205922149122 91480.248891213909 536.16554945334792 763.63702035695314 566.07997707277536 1022.9809490740299 2223.3012464120984 534.52525977790356 605.18787210062146 3261.0114372074604 763.30276712030172
leaf_count=7570 8366 121285 3040 4902 429965 2252 3220 2352 4310 9406 2339 2689 13588 3267
internal_value=-5.96514e-05 3.14352e-05 -0.000342876 -0.00986137 -0.000169765 0.00290311 0.0194328 0.000891687 0.00633319 -0.00469691 0.00183723 -0.00674369 0.0118996 0.00685645
internal_weight=136904 134859 105421 1873.03 103548 12068.1 1299.8 10768.3 5455.26 5313 3089.7 1628.17 3827.09 2555.18
internal_count=618551 610185 488900 7942 480958 50993 5472 45521 22939 22582 13176 6999 15940 10837
is_linear=0
shrinkage=0.05


Tree=187
num_leaves=15
num_cat=0
split_feature=0 50 23 28 59 69 69 74 70 70 74 68 68 73
split_gain=23.5096 27.9379 23.3796 19.8191 20.703 41.4239 54.4973 101.608 150.616 108.344 86.0481 79.5767 68.5578 72.4778
threshold=0.011671975255012514 0.022934602573513988 -0.088393606245517717 2.4994189739227299 1.5000000000000002 -0.13227118551731107 -0.060190718621015542 -0.01112646935507655 -0.023792814463376995 -0.0066560849081724873 0.0015181136550381782 -0.065314467996358858 -0.011219145264476536 0.27290432155132299
decision_type=2 2 2 2 8 8 8 2 2 2 2 8 10 2
left_child=1 -1 -2 4 5 -4 7 8 -7 -9 -11 -8 13 -12
right_child=2 -3 3 -5 -6 6 11 9 -10 10 12 -13 -14 -15
leaf_value=-0.019964747651913067 -0.0069837721420642667 -0.00065374862369519239 0.009759885989405144 -0.0096222725213717351 0.0014092779507887804 0.00075118075366865478 0.017208928355254723 0.018002376230720055 -0.031165398996252758 -0.017545679230826134 0.0036883958772658135 -3.0107790591309749e-05 0.016571676701592604 -0.019261579171577697
leaf_weight=307.35600968636572 1123.1699856370687 458.72472170367837 1050.7698119729757 498.72320141643286 30568.838581155986 693.88190250843763 664.05008625239134 629.20855737477541 779.91553136706352 893.38290835916996 968.86012909188867 97484.644435808063 515.47527987509966 521.31366178393364
leaf_count=4306 4651 5343 4455 2113 125863 2984 2735 2647 3319 3774 3984 449473 2131 2224
internal_value=0.000118921 -0.00855885 0.000168286 0.000228183 0.000265346 -7.03442e-05 -0.000171419 -0.00525694 -0.0162349 -0.000638369 -0.00473215 8.82686e-05 0.00103415 -0.00441517
internal_weight=137158 766.081 136392 135269 134770 104202 103151 5002.04 1473.8 3528.24 2899.03 98148.7 2005.65 1490.17
internal_count=620002 9649 610353 605702 603589 477726 473271 21063 6303 14760 12113 452208 8339 6208
is_linear=0
shrinkage=0.05


Tree=188
num_leaves=15
num_cat=0
split_feature=27 1 26 66 71 72 74 54 53 72 72 29 84 54
split_gain=31.6348 52.3432 37.3431 33.876 36.8137 36.0028 34.4218 31.1865 29.5395 36.7401 26.174 33.4557 25.5026 21.4912
threshold=1.059566915035248 0.014850727748125793 -0.17250879853963849 -0.1359090059995651 0.040108343586325652 0.018204551190137867 -0.016549087129533287 0.75523334741592418 -0.017250785604119297 0.0036886010784655814 0.021474678069353107 -0.26078040897846216 2.5000000000000004 1.0515985488891604
decision_type=2 10 10 10 2 10 2 10 10 10 10 2 2 10
left_child=2 7 3 4 5 6 -1 -2 13 -10 -3 -12 -8 -4
right_child=1 10 8 -5 -6 -7 12 -9 9 -11 11 -13 -14 -15
leaf_value=-0.010521426925420102 0.0032412877242090805 0.00039677870727492144 -0.00094736268836542964 0.0089727253975913097 -0.009564167605205157 0.011064513473221106 0.0039590139517425718 0.013237729801814558 0.010362473444452638 -0.0056152107189904902 -0.015831572909401986 6.2403662539321427e-06 -0.0015386867421080634 0.0015070021547573713
leaf_weight=604.34009758010507 11535.449591662735 31076.796047799289 64129.976019198075 1546.4519582688808 745.40098388493061 955.4007789939642 5175.921608928591 828.53378603607416 378.89725768193603 4940.2142578214407 566.51975605636835 790.81894937157631 3548.5425929836929 10350.533900894225
leaf_count=2490 61440 129258 295163 6396 3046 3928 21376 4028 2539 27675 2408 3267 14633 42442
internal_value=6.43821e-05 0.00115458 -0.000464386 0.00206693 0.00109142 0.00187228 0.000920023 0.00392132 -0.000863518 -0.00445976 9.90121e-05 -0.00667151 0.00172371 -0.000606124
internal_weight=137174 44798.1 92375.7 12576.1 11029.6 10284.2 9328.8 12364 79799.6 5319.11 32434.1 1357.34 8724.46 74480.5
internal_count=620089 200401 419688 51869 45473 42427 38499 65468 367819 30214 134933 5675 36009 337605
is_linear=0
shrinkage=0.05


Tree=189
num_leaves=15
num_cat=0
split_feature=27 1 59 69 69 69 74 69 74 69 71 74 14 69
split_gain=25.9701 44.4701 31.3338 52.3787 95.4626 75.1864 58.1088 57.2063 64.0257 82.0753 77.2298 57.0196 51.2692 50.1295
threshold=1.2059686183929446 0.013494996353983881 1.0000000180025095e-35 -0.013704219833016394 0.0073220878839492807 0.0113120349124074 -0.0021285761613398786 0.035444770008325584 0.012280574068427088 0.027397851459681991 0.0070367262233048686 -0.019179445691406723 -0.0072959247045218936 -0.13227118551731107
decision_type=2 8 8 8 8 8 2 8 2 10 2 2 8 8
left_child=2 -2 13 -4 6 -6 -5 8 9 10 -7 -9 -11 -1
right_child=1 -3 3 4 5 7 -8 11 -10 12 -12 -13 -14 -15
leaf_value=0.01450364918876574 0.0050258585700656347 0.00029341431320255464 0.0036486691157314299 -0.019231316430963721 0.015496044904128134 -0.0046134718076066162 -0.0034916722155894004 -0.014419367621104405 -0.019160110062491829 -0.020957366265351121 0.013798048002838832 0.0010166625038131977 -0.0019901955748556871 -0.001342480814909943
leaf_weight=493.64678920432925 6226.5281761772931 24336.57671649009 10528.942815396935 981.0548559166491 787.73545128852129 1357.426555082202 1450.0053188465536 599.97577411681414 694.6389574855566 756.16393676400185 966.98172665387392 31207.870562814176 670.27674795687199 55978.337667321786
leaf_count=2114 34088 101874 43387 4094 3294 5696 6096 2514 2927 3193 4082 133116 2859 270136
internal_value=-2.56154e-05 0.00125887 -0.00039441 0.000517096 -0.000318944 0.000312125 -0.00989617 -2.19834e-05 -0.00532821 -0.00272247 0.00307224 0.00072106 -0.0121207 -0.00120142
internal_weight=137036 30563.1 106473 50001.1 39472.1 37041.1 2431.06 36253.3 4445.49 3750.85 2324.41 31807.8 1426.44 56472
internal_count=619470 135962 483508 211258 167871 157681 10190 154387 18757 15830 9778 135630 6052 272250
is_linear=0
shrinkage=0.05


Tree=190
num_leaves=15
num_cat=0
split_feature=72 71 72 70 70 65 72 72 72 71 72 71 71 73
split_gain=23.9906 86.0891 58.8353 66.6073 103.408 56.1397 54.0188 103.424 49.86 128.394 49.3004 183.409 140.852 157.523
threshold=0.0037568438565358524 0.016585333272814754 0.0047534215264022359 0.0022404799237847333 -0.0028726212913170453 -0.029076602309942242 0.0041028575506061324 0.003951302496716381 0.0045173054095357665 0.010391716379672291 0.0054202263709157714 -0.0066218213178217402 0.011539016384631397 0.71120622754096996
decision_type=8 2 10 2 2 10 10 10 10 2 10 2 2 2
left_child=1 -1 3 4 5 -2 7 -5 -8 -10 11 -4 13 -13
right_child=2 -3 10 6 -6 -7 8 -9 9 -11 -12 12 -14 -15
leaf_value=0.0013851333909781882 -0.0071736680376018177 0.023423579155150556 0.023168610414796228 -0.0029955768303454866 -0.010254852351435202 0.0082122903508238723 -0.0070644311417403438 0.025050294861000272 0.024652286005634311 -0.012606367891501684 -4.4271033040482036e-05 0.0010904383642091813 0.010897088799216133 -0.020217959770512207
leaf_weight=5874.7600882556289 966.36155670136213 469.43308738619089 1069.496116194874 705.17241994291544 5154.7377110086381 1500.7470022626221 1820.5314761810005 602.6819306910038 482.47977707535028 427.18061531335115 110664.78263180517 3778.9287899006158 2433.6352718137205 1115.3355008848011
leaf_count=30907 4491 2209 4969 3568 26523 7619 9412 2927 2389 2180 486530 18323 11749 5753
internal_value=4.99166e-05 0.00305015 -9.59124e-05 -0.00348398 -0.00623192 0.00218101 0.00170535 0.0100205 -0.0022999 0.00720863 0.00023615 0.00392732 0.00109134 -0.00379678
internal_weight=137066 6344.19 130722 11659.9 7621.85 2467.11 4038.05 1307.85 2730.19 909.66 119062 8397.4 7327.9 4894.26
internal_count=619549 33116 586433 59109 38633 12110 20476 6495 13981 4569 527324 40794 35825 24076
is_linear=0
shrinkage=0.05


Tree=191
num_leaves=15
num_cat=0
split_feature=5 0 72 72 14 54 0 72 72 19 72 68 70 72
split_gain=23.3079 61.2634 21.6711 43.7336 81.616 24.7079 29.265 20.0382 74.1172 40.3079 33.4476 182.046 120.65 104.75
threshold=0.71594694256782543 0.049967033788561828 0.002945420797914267 0.003391561447642744 0.041608588770031936 0.23805847764015201 0.02355548553168774 0.0045173054095357665 0.0041028575506061324 -0.0075223203748464576 0.0054202263709157714 0.0050384802743792543 -0.00028305046726018185 0.0052247354760766038
decision_type=2 2 10 10 10 8 2 10 10 8 10 10 2 10
left_child=1 -1 -2 4 5 -4 -7 8 9 -5 11 12 -9 -13
right_child=2 -3 3 7 -6 6 -8 10 -10 -11 -12 13 -14 -15
leaf_value=-0.023153925422838562 -0.0074598983929922485 0.0036291737496163324 0.0087353000765968206 -0.0098306457623503103 0.02073274462388202 -0.015901340585327398 0.0038145334679567573 0.006566013779535038 -0.0063192925369696855 0.0028998791587643308 -0.00015308844105631081 -0.0019983557989011005 0.041830202421004908 0.0098945069622567924
leaf_weight=373.79539851285517 963.181605450809 476.04899898171425 435.18002574518323 685.40075957775116 716.37772657349706 369.21752598881721 367.48747225105762 518.38916774466634 5466.8509050160646 5876.6331827566028 109973.5410194844 8002.252544760704 453.32581106573343 2397.995341386646
leaf_count=2649 5386 1939 2237 2938 3741 2461 1563 2488 27972 30032 482977 39659 2207 11403
internal_value=-7.71162e-05 -0.00828338 -2.53172e-05 2.81707e-05 0.007564 -0.000593414 -0.00614718 -7.90777e-05 -0.00202473 0.00155725 0.000113945 0.00269418 0.023276 0.000750664
internal_weight=137076 849.844 136226 135263 1888.26 1171.89 736.705 133374 12028.9 6562.03 121346 11372 971.715 10400.2
internal_count=619652 4588 615064 609678 10002 6261 4024 599676 60942 32970 538734 55757 4695 51062
is_linear=0
shrinkage=0.05


Tree=192
num_leaves=15
num_cat=0
split_feature=73 68 72 72 73 73 70 70 70 72 70 84 54 72
split_gain=25.1594 64.266 100.365 140.533 120.839 119.884 78.5219 97.338 65.9268 61.1735 87.9668 60.007 66.1211 58.0263
threshold=0.68766510486602794 0.03362549655139447 0.0045173054095357665 0.0083348345942795294 0.57667362689971935 0.61969938874244701 -0.0017132063512690363 -0.0029474152252078052 -0.0066560849081724873 0.017434634268283847 0.0096410335972905176 3.5000000000000004 0.95303291082382213 0.011661863420158626
decision_type=2 10 10 10 2 2 2 2 2 10 2 2 8 10
left_child=1 -1 4 6 -3 -5 7 8 -4 13 -11 12 -8 -2
right_child=9 2 3 5 -6 -7 11 -9 -10 10 -12 -13 -14 -15
leaf_value=-5.3546059597711119e-08 -0.0016520797717331989 0.0098018518945371669 0.024042424763941084 0.011098137379739505 -0.016609401104834949 -0.0098382803647865807 0.013078530514268561 0.035047892603312709 0.00058267385924164194 -0.028671176979201237 -0.00043464755322852655 -0.0039131531267486211 -0.0024591878041305554 0.0040329616747684675
leaf_weight=91483.597688961774 27643.477423263714 682.69955331087112 509.6980914697051 1012.3749742135406 1150.1841621771455 2056.1271535567939 2990.1740955896676 606.28473699092865 707.90906905010343 474.19677905365825 641.67653193883598 1048.2630001753569 883.5043355114758 5348.3809318691492
leaf_count=408039 132631 3058 2201 4409 5462 8999 13467 2720 3152 2030 2801 4676 3633 23156
internal_value=5.61381e-05 0.000445471 0.00394186 0.00594761 -0.00677212 -0.00291722 0.00997834 0.0188193 0.0105189 -0.00112086 -0.012582 0.00667069 0.0095375 -0.000729523
internal_weight=137239 103131 11647.2 9814.34 1832.88 3068.5 6745.83 1823.89 1217.61 34107.7 1115.87 4921.94 3873.68 32991.9
internal_count=620434 459816 51777 43257 8520 13408 29849 8073 5353 160618 4831 21776 17100 155787
is_linear=0
shrinkage=0.05


Tree=193
num_leaves=15
num_cat=0
split_feature=54 71 71 3 74 53 71 73 7 53 71 74 74 73
split_gain=35.3962 46.08 101.771 65.6927 59.7469 39.5189 44.8404 68.8535 44.1018 41.5479 38.7708 130.312 81.5527 62.326
threshold=0.26666925847530371 -0.0083502870984375459 -0.0077509512193500987 0.27500000596046453 -0.024679644964635369 -0.14742230623960492 -0.013234633486717938 0.14566432684659961 0.1317458972334862 -0.34616521000862116 -0.012753691989928482 0.0021507190540432934 -0.0087800291366875154 0.61605250835418712
decision_type=8 2 2 2 2 10 2 2 2 10 2 2 2 2
left_child=5 3 -3 4 -2 6 -1 -8 -9 -10 -6 12 -12 -14
right_child=1 2 -4 -5 10 -7 7 8 9 -11 11 -13 13 -15
leaf_value=-0.0033631503125462051 0.016249848057911642 -0.018603049535707645 5.5206268541718457e-05 -0.0025819375117811611 0.001763510732796212 -0.0036657929946296293 0.018652260725572592 0.0024812892575153665 0.0010493975378620644 -0.0045344058033324119 -0.0015987685764557353 -0.0067973045249376321 0.024974739429067059 0.0061111194017456141
leaf_weight=9293.7540203407407 962.80273832008243 728.59544638171792 69620.916651250795 4589.7025943696499 9825.2437318041921 12375.527011204511 512.2711296081543 12217.051755711436 6818.1799798905849 6498.7528762221336 652.24022822827101 1084.5068664178252 1324.6043272092938 663.70420950651169
leaf_count=38739 4107 3229 316211 18642 42166 68138 2149 55071 27789 27412 2862 4762 5846 2945
internal_value=-0.000135808 0.000450807 -0.00014065 0.00262789 0.00427612 -0.0012354 -0.000383519 0.000680548 0.000312833 -0.00167689 0.00341398 0.00775089 0.0137291 0.0187401
internal_weight=137168 89452.3 70349.5 19102.8 14513.1 47715.5 35340 26046.3 25534 13316.9 13550.3 3725.06 2640.55 1988.31
internal_count=620068 400770 319440 81330 62688 219298 151160 112421 110272 55201 58581 16415 11653 8791
is_linear=0
shrinkage=0.05


Tree=194
num_leaves=15
num_cat=0
split_feature=69 72 72 71 71 70 68 72 68 70 70 70 72 72
split_gain=30.1027 130.179 128.115 125.306 138.072 192.063 138.634 137.294 181.856 109.023 108.219 103.66 96.3523 151.148
threshold=0.08398406952619554 0.0080920867621898668 0.0082401977851986902 -0.017622965388000008 0.012805075850337745 -0.00058230204740539182 0.028640720993280414 0.0071661747060716161 0.034335274249315269 -0.0067627644166350356 0.01384822139516473 0.010606001596897842 0.010078825987875463 0.0079036527313292044
decision_type=8 10 10 2 2 2 8 10 10 2 2 2 10 10
left_child=1 -1 -3 -2 6 7 10 -6 -9 -8 12 -7 13 -5
right_child=3 2 -4 4 5 11 9 8 -10 -11 -12 -13 -14 -15
leaf_value=0.0029308289550557813 0.0098899696692613167 -0.021529557707204605 -0.00073492759730890743 -0.010684053747929897 0.028901070759124927 0.0015051297815258354 0.011787854327437458 0.018913559230283757 -0.011131396002543634 -0.0018068879147934214 0.0091698337835260987 -0.0094009179666745234 -0.020149331010315824 0.0013538986496904101
leaf_weight=34348.062867790461 2505.518915694207 741.58285081386566 51224.046725582331 8071.7745948005468 962.20723423175514 12462.115170080215 1634.8061368502676 1161.9621449522674 874.42447288148105 14254.674605064094 938.13791805133224 2630.0157812256366 1519.6516177617013 3846.6250204220414
leaf_count=165305 10621 3243 218531 38592 4452 56565 7210 5068 3788 67244 4004 11674 6642 17181
internal_value=-2.56864e-05 0.000542876 -0.00103577 -0.000990465 -0.00155615 0.00189896 -0.00362132 0.0134345 0.0060209 -0.000401644 -0.00717715 -0.000400369 -0.00832434 -0.00680097
internal_weight=137176 86313.7 51965.6 50861.9 48356.4 18090.7 30265.7 2998.59 2036.39 15889.5 14376.2 15092.1 13438.1 11918.4
internal_count=620120 387079 221774 233041 222420 81547 140873 13308 8856 74454 66419 68239 62415 55773
is_linear=0
shrinkage=0.05


Tree=195
num_leaves=15
num_cat=0
split_feature=68 69 69 69 71 72 68 70 13 69 72 72 58 71
split_gain=24.7539 149.663 125.407 202.914 103.232 93.6888 156.649 87.0214 69.129 80.8425 118.906 94.8682 86.3563 59.003
threshold=-0.028108102269470688 -0.078645620495080934 0.03457372076809407 0.019829462282359604 0.022558623924851421 0.013159004505723717 -0.034949358552694314 -0.028309848159551617 0.012440493796020748 -0.0093253590166568739 0.014212233014404775 0.015647837892174724 0.0013204515562392773 -0.0071734928060322991
decision_type=10 8 10 10 2 8 10 2 8 8 10 10 2 2
left_child=2 4 3 5 -2 -1 8 -3 9 10 12 -12 -7 -13
right_child=1 7 -4 -5 -6 6 -8 -9 -10 -11 11 13 -14 -15
leaf_value=0.0044546755173262139 0.035712697691645319 -0.020928008533551718 0.019182953891383057 -0.029473271470672715 0.0032160591092889237 -0.02706839874463431 -0.022885606591894109 0.00023145888720895198 -0.012089862307325555 0.014885233730690612 0.012231129760151872 -0.0067169198934272124 -3.7662022439704378e-05 0.002849407735150882
leaf_weight=4857.7472549099475 488.51882423087955 477.93728876113892 684.63938501104712 659.71034553274512 483.66334709152579 732.38816926628351 973.20527301356196 117031.84296151809 1485.4385971464217 771.09144128859043 1382.1595790162683 3372.5625650212169 490.86847385764122 3070.9313673116267
leaf_count=20342 2038 2113 2855 2947 1999 3074 4174 535363 6218 3236 5860 14178 2079 12829
internal_value=4.05822e-05 0.000306096 -0.0016609 -0.00247311 0.0197429 -0.00141709 -0.00374184 0.000143625 -0.00207512 -0.000549469 -0.0018797 0.000393855 -0.0163098 -0.00216031
internal_weight=136963 118482 18480.7 17796.1 972.182 17136.4 12278.6 117510 11305.4 9820 9048.91 7825.65 1223.26 6443.49
internal_count=619305 541513 77792 74937 4037 71990 51648 537476 47474 41256 38020 32867 5153 27007
is_linear=0
shrinkage=0.05


Tree=196
num_leaves=15
num_cat=0
split_feature=1 0 68 52 68 68 70 68 68 70 70 68 68 68
split_gain=21.1179 56.9837 46.9025 34.1149 40.2771 92.3804 50.6609 47.0386 115.284 48.076 81.8066 81.3886 57.1472 87.3938
threshold=0.021789445541799072 0.0277330381795764 -0.087453853338956819 0.42896766960620886 0.053823901340365417 0.044730186462402351 0.0098977647721767443 0.038458131253719337 0.039050797000527389 0.0098977647721767443 0.01043195277452469 -0.034949358552694314 -0.029244812205433842 -0.020313972607254979
decision_type=10 2 8 10 8 10 2 10 10 2 2 10 10 10
left_child=2 -2 -1 4 5 7 -7 9 -9 12 -11 -12 -4 -14
right_child=1 -3 3 -5 -6 6 -8 8 -10 10 11 -13 13 -15
leaf_value=0.015007845466569214 -0.0068127897040926354 -0.00024363910062542783 -0.0052486388465419129 0.0067862618493303023 -0.0046121464332883394 0.0085052482694608616 -0.0075246252269195865 -0.025005660168376648 -0.0017788082779945109 0.020428607493444707 0.017269895085685934 0.00011722354052496017 0.011523042230219865 9.3941434081448955e-05
leaf_weight=553.24511808529496 3488.0300685241818 58686.655945584178 4718.149746960029 2103.3241990357637 3873.3934538587928 4862.4820904023945 540.64838655106723 592.98568690568209 4703.0254625082016 713.28579937666655 796.52994327060878 4853.1593425646424 1727.5445951018482 44766.670883927494
leaf_count=2370 15675 239157 20636 9286 19325 23224 2654 3338 23523 3349 3392 22376 7479 223614
internal_value=6.77038e-05 -0.000613208 0.000633659 0.00052455 0.000341088 0.000622732 0.00689033 8.30882e-05 -0.00442171 0.000498153 0.00459354 0.00256176 -1.14826e-05 0.000520989
internal_weight=136979 62174.7 74804.4 74251.2 72147.9 68274.5 5403.13 62871.4 5296.01 57575.3 6362.98 5649.69 51212.4 46494.2
internal_count=619398 254832 364566 362196 352910 333585 25878 307707 26861 280846 29117 25768 251729 231093
is_linear=0
shrinkage=0.05


Tree=197
num_leaves=15
num_cat=0
split_feature=23 69 69 72 72 69 69 27 24 57 64 50 72 72
split_gain=19.9461 20.2418 20.4343 98.8905 99.922 96.6917 70.2083 49.6544 43.4997 41.6998 38.0603 37.6423 35.7624 74.935
threshold=-0.088393606245517717 -0.16990498453378675 -0.09301410615444182 0.015647837892174724 0.017915085889399055 -0.078645620495080934 -0.071767471730709062 0.90229922533035289 0.027663221582770351 0.042834132909774787 0.014824015554040672 0.088230557739734664 0.014212233014404775 0.016111821867525581
decision_type=2 8 8 10 10 8 8 2 2 10 2 2 10 8
left_child=-1 -2 3 7 -5 9 11 -3 -6 10 -4 -7 -8 -14
right_child=1 2 5 4 8 6 12 -9 -10 -11 -12 -13 13 -15
leaf_value=-0.0064906580629343156 0.0099529759411228144 0.021542533579597341 0.028384813752056384 -0.026527866850875017 3.5025348203901359e-05 -0.021231008003490356 -0.00013666289283093 -0.00054429214089734711 -0.012246089945758251 0.0028667928723552067 0.0088074602774719721 -0.0030220000171938214 0.0075901728032150232 -0.00046788746298210247
leaf_weight=1147.6868543177843 509.29574501886964 517.93495627120137 483.37014972791076 531.44678220897913 2541.981368612498 571.65186410024762 115368.458776135 490.32426495850086 996.49124699831009 762.94243749976158 526.31782974675298 561.8390925899148 4768.3630477078259 7279.0460807718337
leaf_count=4764 2153 2222 2018 2268 10620 2493 528740 2093 4159 3145 2175 2310 19993 30677
internal_value=4.45929e-05 0.000100253 6.24608e-05 -0.00304606 -0.00651965 0.000183813 2.3437e-05 0.0109017 -0.0034483 0.0117488 0.0183662 -0.0123107 0.000134119 0.00272514
internal_weight=137057 135909 135400 5078.18 4069.92 130322 128549 1008.26 3538.47 1772.63 1009.69 1133.49 127416 12047.4
internal_count=619830 615066 612913 21362 17047 591551 584213 4315 14779 7338 4193 4803 579410 50670
is_linear=0
shrinkage=0.05


Tree=198
num_leaves=15
num_cat=0
split_feature=71 84 71 19 69 69 68 68 69 71 74 68 69 74
split_gain=25.4503 112.422 145.335 76.0276 76.6758 64.4834 64.4545 64.3978 63.2836 62.298 81.1987 70.6132 60.6757 61.1803
threshold=0.029265975579619411 2.5000000000000004 0.034285780042409904 0.0044741807505488404 0.046791307628154762 -0.032438075169920914 0.026105650700628761 0.032078532502055175 0.015508298296481373 0.025505204685032371 0.010633158497512342 -0.0064467811025679103 -0.082962457090616212 0.015060005243867637
decision_type=2 2 2 8 8 8 8 8 10 2 2 8 10 2
left_child=9 2 8 4 -4 -5 -6 12 -2 -1 11 -11 -3 -14
right_child=1 7 3 5 6 -7 -8 -9 -10 10 -12 -13 13 -15
leaf_value=2.9283474416062794e-05 -0.001086612021311583 0.028822361299400613 -0.008204712709718778 -0.0022414809304439095 0.023196986226357044 -0.018269443665857931 -0.00018726413556971271 0.00072875033940587267 0.016477347623425585 -0.020237173798425476 -0.0230732811924447 0.0011075561804064875 0.01338933887414372 -0.0058677574393759726
leaf_weight=121785.06754882261 859.80286404490471 478.7346090041101 1349.4608558677137 1026.9260309785604 475.56806868314743 1616.1643753200769 749.16578984633088 1817.5723364427686 1256.6126661002636 470.40937356650829 626.26437157765031 1998.3742519244552 2015.3098203167319 511.73575754091144
leaf_count=553764 3707 1990 5931 4226 2094 7015 3306 7852 5451 2044 2774 8979 8579 2156
internal_value=6.36429e-05 0.00224655 -0.00165319 -0.00613431 -1.25511e-05 -0.012074 0.00900725 0.0081671 0.00937036 -0.000149026 -0.00714271 -0.00302477 0.0126477 0.00948195
internal_weight=137037 12157.1 7333.7 5217.29 2574.19 2643.09 1224.73 4823.35 2116.42 124880 3095.05 2468.78 3005.78 2527.05
internal_count=619868 52307 31730 22572 11331 11241 5400 20577 9158 567561 13797 11023 12725 10735
is_linear=0
shrinkage=0.05


Tree=199
num_leaves=15
num_cat=0
split_feature=53 69 72 72 69 72 69 69 72 68 69 69 74 68
split_gain=27.7342 56.5407 39.1323 124.134 124.108 101.933 199.852 132.37 136.272 240.216 193.631 154.472 153.828 131.545
threshold=-0.07463838160037993 -0.039398560300469392 0.011205004528164865 0.010852548759430649 0.047564163804054267 0.012653355952352287 -0.023623042739927765 0.040939569473266609 0.014212233014404775 -0.039554694667458527 -0.051937524229288094 0.026166643016040329 -0.0048272991552948943 -0.021800803951919075
decision_type=10 10 10 8 8 10 10 10 10 10 10 8 2 10
left_child=2 -2 3 -1 -5 6 -4 8 9 12 -11 -10 -7 -12
right_child=1 -3 5 4 -6 7 -8 -9 11 10 13 -13 -14 -15
leaf_value=4.3510393117244454e-05 -0.012352545735249508 -0.00085717499225066341 0.017861110314376222 -0.030065993184166018 -0.00040194448462424899 -0.0081189083379197488 0.0012000737136672671 0.0085084031165969486 0.0023202864784003774 0.0021832449032871499 -0.038748363313130592 -0.016576424429543747 0.018746178120739667 -0.014210957083185767
leaf_weight=68127.068220220506 1096.2876757644117 32425.601436721161 2672.9991637319326 681.48707811534405 720.01367618516088 1099.9652065373957 5473.1319416686893 4085.3175157606602 15141.372175870463 938.98133221454918 961.28666876628995 1154.6373068243265 1015.9871799200773 1292.4679806046188
leaf_count=301846 5040 164626 11347 2888 3046 4562 22838 17015 63090 4088 4124 4890 4176 5443
internal_value=1.2835e-05 -0.00123669 0.000418144 -0.00026056 -0.0149371 0.00181245 0.00668227 0.000266265 -0.00129549 -0.00824481 -0.0168834 0.000972034 0.00480803 -0.0248018
internal_weight=136887 33521.9 103365 69528.6 1401.5 33836.1 8146.13 25690 21604.7 5308.69 3192.74 16296 2115.95 2253.75
internal_count=619019 169666 449353 307780 5934 141573 34185 107388 90373 22393 13655 67980 8738 9567
is_linear=0
shrinkage=0.05


Tree=200
num_leaves=15
num_cat=0
split_feature=17 70 69 69 84 72 71 71 69 68 70 69 72 71
split_gain=25.2425 33.498 32.6131 36.5755 109.92 143.49 107.968 79.0466 68.1518 64.6785 64.3596 55.6592 67.6755 204.479
threshold=4.3077914714813241 -0.044312106445431702 -0.1383535638451576 -0.09301410615444182 1.5000000000000002 0.019412958063185218 -0.011602019425481556 0.0078054231125861415 -0.078645620495080934 -0.045510644093155854 0.025992065668106083 -0.071767471730709062 0.014742772094905378 -0.0024792306357994671
decision_type=10 2 8 8 2 10 2 2 8 10 2 8 10 2
left_child=-1 -2 -3 4 7 6 -6 -4 9 -5 11 -10 -13 -14
right_child=1 2 3 8 5 -7 -8 -9 10 -11 -12 12 13 -15
leaf_value=0.0026456212672505046 -0.013706427015417168 0.0076654589872237906 -0.0071744553003403322 -0.00048419662368120542 -0.022930188267606118 0.022760543670342873 0.0042268180845088273 -0.031508360485800968 -0.011380818264716812 0.018964498894990255 -0.014132872795720258 -0.00043425348400856446 0.017223974877924233 -0.00010786088641297214
leaf_weight=7928.3027170524001 451.46608604863286 1290.9775708094239 965.71962426975369 811.26463749632239 577.48482667095959 590.37912600114942 964.19249399378896 506.84343445859849 1091.1032561454922 892.50247772410512 823.3896850310266 110847.6175211221 2215.835903570056 7227.2412538044155
leaf_count=34451 1989 5499 4005 3339 2484 2437 4030 2142 4624 3713 3638 508426 9199 30401
internal_value=-9.11064e-05 -0.000259163 -0.00021097 -0.000291307 -0.00524913 0.00201281 -0.00602793 -0.015706 -0.000146668 0.00975503 -0.000285503 -0.000190413 -8.79727e-05 0.00397301
internal_weight=137184 129256 128805 127514 3604.62 2132.06 1541.68 1472.56 123909 1703.77 122205 121382 120291 9443.08
internal_count=620377 585926 583937 578438 15098 8951 6514 6147 563340 7052 556288 552650 548026 39600
is_linear=0
shrinkage=0.05


Tree=201
num_leaves=15
num_cat=0
split_feature=59 74 74 73 71 73 74 71 73 74 73 73 71 71
split_gain=22.881 23.4182 99.2582 149.996 87.1404 82.6533 117.23 93.27 169.813 196.28 72.8541 70.1539 82.5548 65.5126
threshold=6.5000000000000009 0.0071844139602035293 0.0029647742630913858 0.3586434274911881 -0.0025925494264811273 0.4204839318990708 0.0058923510368913421 0.0044199428521096715 0.60315978527069103 0.0051510839257389316 0.68089509010314953 0.53857719898223888 -0.011602019425481556 0.013050977606326343
decision_type=10 2 2 2 2 2 2 2 2 2 2 2 2 2
left_child=1 2 13 -4 11 -6 7 8 -7 -10 -9 -5 -13 -1
right_child=-2 -3 3 4 5 6 -8 10 9 -11 -12 12 -14 -15
leaf_value=-0.0003503524878977282 -0.0053341502550284846 0.0011986887661002306 0.010687301240571162 -0.020981507612543006 0.014106567317374663 -0.019305434971587494 -0.011205733570411706 0.00094210888542455246 0.0041788156340858479 0.041960799178251157 -0.008002842778141013 0.0080405164981597211 -0.013957338388649879 0.0030442413543775365
leaf_weight=65855.174534577876 2054.0409834980965 30123.799407811835 1705.1499182656407 1338.1463405936956 648.66092034056783 430.50717036798596 4100.2348191346973 4585.0129725262523 1130.4434641934931 485.60671841725707 4507.1385669186711 666.7853399887681 1148.5029856860638 18114.333710622042
leaf_count=300263 8412 133008 7182 5890 2825 1966 19417 21101 5544 2209 21744 2871 5467 81393
internal_value=-0.000109595 -2.96181e-05 -0.000383049 -0.00347915 -0.00475272 -0.00324138 -0.00398858 -0.00132422 0.00829424 0.0157202 -0.00349598 -0.0123328 -0.00587738 0.000382222
internal_weight=136894 134839 104716 20746.2 19041 15887.6 15238.9 11138.7 2046.56 1616.05 9092.15 3153.43 1815.29 83969.5
internal_count=619292 610880 477872 96216 89034 74806 71981 52564 9719 7753 42845 14228 8338 381656
is_linear=0
shrinkage=0.05


Tree=202
num_leaves=15
num_cat=0
split_feature=68 71 74 68 72 68 72 72 84 72 72 71 71 71
split_gain=27.2082 151.689 131.51 118.095 159.824 108.188 97.465 102.473 153.553 99.2835 93.7976 82.9281 77.3271 77.237
threshold=0.012093733064830305 -0.0083502870984375459 -0.015288716182112692 0.0050384802743792543 0.0064099095761775979 0.0039483227301388988 0.0092610316351056116 0.0069898187648504981 2.5000000000000004 0.016111821867525581 0.003951302496716381 -0.0038727499777451153 -0.010321858804672955 -0.0077509512193500987
decision_type=10 2 2 10 10 10 10 10 2 10 10 2 2 2
left_child=3 2 -2 5 10 -1 7 8 -4 -8 -5 12 -12 -3
right_child=1 13 6 4 -6 -7 9 -9 -10 -11 11 -13 -14 -15
leaf_value=-0.00018639108687978142 -0.014976574133414225 -0.017715063192675431 -0.00029399888926366982 0.0052579206776320365 -0.0012868870679313832 0.015196843897975411 -0.006416592810290645 0.024868617564557292 0.023357096854419432 0.015162789631099122 -0.017147658480686074 -0.010004075229680488 -0.041915501227566557 3.2256608924821587e-05
leaf_weight=43982.230883032084 591.08504548296332 608.19671719893813 1849.4181039147079 500.80916530825198 6677.4417118988931 1163.4345910437405 1506.4781460873783 1417.5229823589325 1080.9513114467263 811.96620903536677 821.13294433802366 1525.6466271486133 529.1324778907001 73717.341984244063
leaf_count=189395 2600 2793 8295 2646 28850 5246 6315 6034 4901 3390 3791 8001 2505 344202
internal_value=-2.12553e-05 0.000558781 0.00745323 -0.00087847 -0.00577623 0.000213323 0.00946147 0.013868 0.00848016 0.00117361 -0.0146239 -0.0180923 -0.0270903 -0.000115331
internal_weight=136783 81583 7257.42 55199.8 10054.2 45145.7 6666.34 4347.89 2930.37 2318.44 3376.72 2875.91 1350.27 74325.5
internal_count=618964 378530 31535 240434 45793 194641 28935 19230 13196 9705 16943 14297 6296 346995
is_linear=0
shrinkage=0.05


Tree=203
num_leaves=15
num_cat=0
split_feature=70 74 71 70 70 69 69 68 68 68 71 68 71 69
split_gain=23.6837 55.4944 83.0101 40.9007 95.4652 86.7549 186.23 120.326 119.613 66.6059 134.954 104.284 68.0555 64.703
threshold=0.013018271885812284 0.017686319537460807 0.014137300197035076 0.016361031681299213 0.016003172844648365 0.064349383115768446 1.0000000180025095e-35 0.015533334575593473 -0.013966090977191923 0.025928060524165634 0.016269305720925335 0.012340921442955734 0.015517221763730051 -0.042247124016284936
decision_type=2 2 2 2 2 8 10 10 10 8 2 10 2 10
left_child=1 -1 -3 4 9 6 8 -7 13 10 11 -2 -11 -5
right_child=3 2 -4 5 -6 7 -8 -9 -10 12 -12 -13 -14 -15
leaf_value=2.7700906724891617e-05 -0.00064253078348551463 0.026055840004098513 -0.0017472928012310673 -0.0056877758052427015 -0.026368416727894219 0.023742733422349192 -0.018234733148172848 -0.0065028658301139923 0.01787929606151684 -0.02061852463973942 -0.016472609291407554 0.02246612925673774 -0.0020089503184384135 0.013801485333705283
leaf_weight=124069.45470626839 1263.4995210729539 500.21728212758899 564.10693622380495 2315.0838131289929 486.3945779800415 810.37089739739895 1374.4802768342197 542.93039020523429 1005.0409258939326 876.90576881170273 741.86115001514554 785.09465647488832 1106.7781794294715 511.53783191740513
leaf_count=564509 5347 2128 2445 9632 2138 3363 6096 2347 4268 3926 3165 3363 4796 2121
internal_value=-7.64705e-05 0.00012568 0.0114407 -0.00221487 -0.00549471 0.00041986 -0.00251603 0.0116498 0.00315532 -0.0033174 0.00166377 0.00827965 -0.0102976 -0.00212456
internal_weight=136954 125134 1064.32 11820 5260.53 6559.44 5206.14 1353.3 3831.66 4774.14 2790.46 2048.59 1983.68 2826.62
internal_count=619644 569082 4573 50562 22735 27827 22117 5710 16021 20597 11875 8710 8722 11753
is_linear=0
shrinkage=0.05


Tree=204
num_leaves=15
num_cat=0
split_feature=62 27 72 72 72 73 70 72 73 73 73 58 73 72
split_gain=24.6505 23.9458 39.2908 37.389 103.927 80.3268 77.8189 192.252 89.5125 157.465 146.563 107.654 100.26 84.3001
threshold=1.0000000180025095e-35 1.131757974624634 0.021474678069353107 0.011205004528164865 0.010852548759430649 0.36513555049896246 0.0034088919637724762 0.012653355952352287 0.43692485988140112 0.57017028331756603 0.61605250835418712 -0.0085246786475181562 0.3586434274911881 0.014742772094905378
decision_type=2 2 10 10 10 2 2 10 2 2 2 2 2 10
left_child=1 3 -3 4 -1 -6 7 -5 12 13 -11 -12 -9 -10
right_child=-2 2 -4 6 5 -7 -8 8 9 10 11 -13 -14 -15
leaf_value=-0.00064182661483421063 -0.0052418362497398639 0.0015040135042728338 -0.0083297646687301666 0.013416951830679244 -0.029970219871467904 -0.0044048039339050059 -0.0015803181546187651 -0.00031795497363713864 0.0076062216945900823 -0.02476549308806264 -0.016249641988919327 0.010274104297546821 -0.016013183436092444 0.029455014597247864
leaf_weight=68707.34050473012 2166.5271060615778 35206.86304907687 1036.0895923525095 3790.1856589689851 518.72920768894255 743.44384369626641 13135.723612168804 5868.8272693753242 998.29782578721642 538.43926235660911 487.19863878190517 1653.9025206938386 1221.0110446698964 795.53998355939984
leaf_count=321907 8893 157625 4365 16111 2248 3209 55782 24829 4257 2273 2078 7199 5232 3319
internal_value=3.67866e-05 0.00012207 0.00122067 -0.000282412 -0.000904115 -0.0150647 0.00124428 0.00366034 0.000453492 0.00598432 -0.0016979 0.00419125 -0.00303973 0.0174054
internal_weight=136868 134702 36243 98458.6 69969.5 1262.17 28489.1 15353.4 11563.2 4473.38 2679.54 2141.1 7089.84 1793.84
internal_count=619327 610434 161990 448444 327364 5457 121080 65298 49187 19126 11550 9277 30061 7576
is_linear=0
shrinkage=0.05


Tree=205
num_leaves=15
num_cat=0
split_feature=2 7 22 68 68 73 68 70 70 70 70 73 70 70
split_gain=23.2186 28.7231 21.9272 33.332 25.008 186.103 182.872 149.298 137.317 216.434 112.864 81.8257 168.434 227.696
threshold=0.0097230398096144217 0.035358183085918433 91.833492279052749 -0.022642364725470539 0.012093733064830305 0.54551473259925853 -0.0020691087702289219 -0.017683968879282471 -0.00046116432349663222 -0.014948278665542601 -0.007310818647965788 0.42794576287269598 -0.017683968879282471 -0.0099967392161488516
decision_type=2 2 8 10 8 2 10 2 2 2 2 2 2 2
left_child=1 -1 4 -4 5 11 -7 -6 9 -8 -9 -2 -13 -14
right_child=2 -3 3 -5 7 6 8 10 -10 -11 -12 12 13 -15
leaf_value=-0.024838721365127266 -0.0010353023087933959 -0.0013349612387444105 -0.014539846697636492 -0.0016378485839385268 -0.022507748258969628 0.021865952405270592 0.011333575058562797 0.008029418029887582 -0.0039010270465279192 -0.025396743433853647 0.00042881267193607263 0.030181939428847612 -0.015158970330354675 0.0046695536607523885
leaf_weight=199.70488395728171 30348.717735797167 345.15292817354202 524.42378176003695 7989.4128549657762 674.02752433717251 448.93751858919859 479.30527772009373 5239.38137293607 3248.8902193382382 2298.942038230598 70247.967794608325 558.3159341365099 1622.8327050358057 12779.638202905655
leaf_count=3361 128654 3737 2245 38628 2967 1865 2010 22604 15140 10363 322325 2334 6969 56743
internal_value=-3.46953e-05 -0.0102421 6.8082e-06 -0.00244869 0.000170381 -0.000677272 -0.00859872 0.000746751 -0.0109004 -0.0190421 0.000957345 0.000456586 0.00348163 0.00242636
internal_weight=137006 544.858 136461 8513.84 127947 51785.6 6476.08 76161.4 6027.14 2778.25 75487.3 45309.5 14960.8 14402.5
internal_count=619945 7098 612847 40873 571974 224078 29378 347896 27513 12373 344929 194700 66046 63712
is_linear=0
shrinkage=0.05


Tree=206
num_leaves=15
num_cat=0
split_feature=5 69 68 69 69 73 68 84 68 71 73 67 72 68
split_gain=28.0786 57.959 82.5426 180.515 79.9839 72.1283 57.1502 56.3774 51.1703 47.9631 42.3506 41.9475 36.4447 73.5627
threshold=1.0709820389747622 -0.042247124016284936 -0.014754017814993857 0.030199509114027027 -0.020860132761299607 0.38685362040996557 -0.0085332267917692644 1.5000000000000002 -0.074038576334714876 -0.02081507537513971 0.29116751253604894 -0.0057622941676527253 0.018204551190137867 0.040648896247148521
decision_type=2 8 8 8 10 2 8 2 10 2 2 2 8 10
left_child=12 8 3 4 -3 -5 -4 -6 11 -9 -10 -2 -1 -14
right_child=1 2 6 5 7 -7 -8 9 10 -11 -12 -13 13 -15
leaf_value=0.00019885407697960356 -0.0092697275471151069 0.012887320024680788 -0.014291389246695678 0.026911467959310945 0.0035336152949974687 0.0048492718843123712 -0.0012775613954791227 -0.019322388394726546 -0.019462683928784565 -0.0025211810311890712 -0.0037859200354846915 0.0053364734400967763 0.005717351526507649 -0.014016826445630293
leaf_weight=98458.716059532017 910.6746283210814 800.07100861519575 867.15351624786854 1031.726398780942 1168.9718416295946 582.92328317835927 22185.869920294732 819.06433426961303 1066.6997148320079 878.21496287733316 727.85400349274278 1045.0956183448434 5798.1282936837524 504.54538096487522
leaf_count=452842 3859 3301 3773 4350 4929 2456 98349 3477 4504 3745 3050 4377 24108 2156
internal_value=3.8632e-05 -0.00125532 -0.000481085 0.0051515 -0.000993704 0.0190254 -0.00177307 -0.00489972 -0.00708791 -0.0106947 -0.0131606 -0.00147724 0.000435002 0.00411788
internal_weight=136846 32084.3 28334 5280.97 3666.32 1614.65 23053 2866.25 3750.32 1697.28 1794.55 1955.77 104761 6302.67
internal_count=619276 140170 124380 22258 15452 6806 102122 12151 15790 7222 7554 8236 479106 26264
is_linear=0
shrinkage=0.05


Tree=207
num_leaves=15
num_cat=0
split_feature=27 57 2 72 72 27 72 72 68 68 74 53 74 73
split_gain=26.7111 39.8582 29.8903 31.6811 33.8416 30.6003 30.4097 60.3539 52.8324 61.6717 52.2884 45.6323 40.9929 40.9153
threshold=0.85778367519378673 0.026116990484297279 0.040185693651437766 0.0041727018542587766 0.0045173054095357665 0.45172376930713659 0.0075098148081451663 0.0095655121840536612 -0.022642364725470539 0.029907493852078918 0.0043436521664261827 -0.059793377295136445 0.0075119740795344123 0.51737183332443248
decision_type=2 10 2 10 10 2 10 10 8 8 2 10 2 2
left_child=1 2 3 -1 -5 -6 -7 12 -9 10 11 -10 13 -8
right_child=-2 -3 -4 4 5 6 7 8 9 -11 -12 -13 -14 -15
leaf_value=0.0025601536193376705 0.00062809976038980203 0.00050569896686714175 0.0019085685838460854 -0.011548200695947322 -0.0088559019968045011 -0.0001132423463144135 -0.017966370872047496 -0.0096979324332012399 0.013715816042734606 -0.006111313884870447 -0.0016415290024571719 -0.0021395616024383122 0.00051414898434987361 -0.0067048676931335364
leaf_weight=2667.9648951794952 74143.875649737194 30909.882435694337 4207.3205004781485 1139.4110099226236 1885.8728727195412 9564.0860400218517 1334.3620937690139 1505.6475532725453 1640.6085295062512 2209.6632062401623 2049.7427265513688 622.48415125347674 963.2545215152204 2068.4725759290159
leaf_count=15089 334356 130328 17069 6675 9324 49500 6360 6722 7177 10175 9174 3055 4539 10199
internal_value=-1.44438e-05 -0.00077341 -0.00201419 -0.00261153 -0.00316461 -0.00275932 -0.00223192 -0.00386541 -0.00128868 0.000664373 0.00414198 0.00936442 -0.00858959 -0.0111606
internal_weight=136913 62768.8 31858.9 27651.6 24983.6 23844.2 21958.3 12394.2 8028.15 6522.5 4312.84 2263.09 4366.09 3402.83
internal_count=619742 285386 155058 137989 122900 116225 106901 57401 36303 29581 19406 10232 21098 16559
is_linear=0
shrinkage=0.05


Tree=208
num_leaves=15
num_cat=0
split_feature=68 13 72 4 72 69 69 72 68 71 70 68 1 68
split_gain=27.3448 65.5848 84.6855 50.4709 48.8607 43.1376 28.9063 101.804 101.416 194.534 104.196 84.9442 69.2007 59.296
threshold=0.066228810697793974 0.02277278155088425 0.012272980064153673 0.37500000000000006 0.014443710446357729 0.060513546690344817 0.10951106622815134 0.0086608766578137892 0.032716641202569015 0.0028313806978985672 0.010606001596897842 0.021875415928661827 0.01670177094638348 0.016732051968574527
decision_type=8 8 10 10 10 8 10 10 10 2 2 10 10 10
left_child=6 2 5 -3 -4 -2 13 8 9 11 12 -8 -10 -1
right_child=1 3 4 -5 -6 -7 7 -9 10 -11 -12 -13 -14 -15
leaf_value=-0.00058038948036710487 -0.021094658971597114 -0.017158168222905799 0.017172314612075822 0.001273314626416082 -0.0024372175657871495 -0.00016773398382274936 0.02012273534105849 0.0039943965703023226 0.0058105957717967081 -0.017077082617625763 -0.019146811302520949 -0.0031808554321877945 -0.0028068721834088525 0.0017379707407013088
leaf_weight=59912.765399662778 437.53787933290005 1176.5644211731851 819.19867835193872 538.73843568563461 511.30625755339861 547.89054870977998 507.81913862004876 6063.6209433116019 3827.5098166912794 3168.9386916141957 708.73917052149773 1589.2370897233486 5919.2801220789552 51092.060408214107
leaf_count=263644 2197 5269 3439 2232 2212 2452 2294 25952 19581 15084 3251 7396 24737 239571
internal_value=3.66119e-05 -0.00401512 0.00147661 -0.0113954 0.00967451 -0.00957802 0.000159908 -0.00150491 -0.00362712 -0.00927863 -0.00077455 0.00253102 0.000579646 0.00048674
internal_weight=136821 4031.24 2315.93 1715.3 1330.5 985.428 132790 21785.1 15721.5 5265.99 10455.5 2097.06 9746.79 111005
internal_count=619311 17801 10300 7501 5651 4649 601510 98295 72343 24774 47569 9690 44318 503215
is_linear=0
shrinkage=0.05


Tree=209
num_leaves=15
num_cat=0
split_feature=13 62 71 70 72 71 70 69 72 69 69 71 69 70
split_gain=21.3183 22.5871 40.0192 40.6177 30.1905 143.772 156.48 138.035 81.5878 316.431 144.492 106.011 101.913 94.1744
threshold=0.15902742743492129 1.0000000180025095e-35 0.011750482488423588 -0.0066560849081724873 0.014212233014404775 0.00033866609737742698 -0.0084869600832462293 0.039528355002403266 0.013089691288769247 0.045433614403009422 -0.0093253590166568739 -0.03858648054301738 -0.0020994962542317803 -0.0050334716215729705
decision_type=8 2 2 2 10 2 2 10 10 8 8 2 8 2
left_child=1 4 3 -3 8 7 -7 -6 10 -10 11 -1 -12 -13
right_child=-2 2 -4 -5 5 6 -8 -9 9 -11 12 13 -14 -15
leaf_value=-0.0084662849279341541 -0.0073703801816265334 0.0015960547879898476 0.0073567605600248194 -0.015084709542400194 0.0053182717180778327 -0.017014380661290057 0.00065880196149726037 0.031847896450564454 -0.0146168742606096 0.0069681075448687685 -0.013920363292874473 0.0011116031921295775 4.3247031858927166e-05 0.015897223688615431
leaf_weight=819.23085901886225 931.67613952234387 575.61445044726133 488.07123944163322 978.8229406401515 7885.2059921640903 1446.6368014123291 8931.546580158174 513.55741205066442 3926.3306589908898 2977.7037812136114 1313.8020847849548 1626.8613662328571 101130.87379102223 3185.2544260527939
leaf_count=3438 3912 2370 1996 4025 33198 6150 37625 2161 16886 12518 5813 6905 468443 13439
internal_value=0.000126772 0.000178747 -0.00502665 -0.00893704 0.000258604 0.00211689 -0.00181871 0.00697642 -4.50236e-05 -0.00531068 0.000291813 0.00808224 -0.000137171 0.0109112
internal_weight=136731 135800 2042.51 1554.44 133757 18776.9 10378.2 8398.76 114980 6904.03 108076 5631.35 102445 4812.12
internal_count=618879 614967 8391 6395 606576 79134 43775 35359 527442 29404 498038 23782 474256 20344
is_linear=0
shrinkage=0.05


Tree=210
num_leaves=15
num_cat=0
split_feature=69 73 51 71 68 72 72 74 72 68 0 72 72 73
split_gain=32.1599 71.7476 84.8129 84.2707 98.47 94.5206 97.1193 89.6527 73.2936 68.2803 88.9939 75.7379 69.0025 107.881
threshold=0.1011449657380581 0.43398194015026098 -0.16841807961463925 0.017997297458350662 0.028305398300290111 0.0071132583543658265 0.0080920867621898668 0.00067992354161106061 0.010553335770964624 0.040483936667442329 0.038628723472356803 0.0055593238212168225 0.0071661747060716161 0.51737183332443248
decision_type=8 2 10 2 10 10 10 2 10 10 2 10 10 2
left_child=-1 2 -2 9 8 7 -7 -6 -5 10 12 -12 13 -3
right_child=1 3 -4 4 5 6 -8 -9 -10 -11 11 -13 -14 -15
leaf_value=0.00037190845962254283 -0.001236301889211415 0.0025111269235005467 0.015357299054116008 0.0031507685313762312 0.020573362396905791 -0.024105243998415009 -0.0018438645082489776 0.00057276469683291181 0.025297227661353568 0.00062849370874450161 0.012071706897263246 -0.0026739782672153141 -0.0027363815983786591 -0.012929552051394226
leaf_weight=100895.18751819991 1801.1532044261694 1366.8600401896983 1333.3773828595877 762.6157814823091 811.22058199718595 585.46649283543229 2776.138595495373 1765.3319893479347 728.55158844962716 7384.7890890035778 1093.7437555193901 4116.4708291292191 5047.4088654331863 6471.521005442366
leaf_count=454421 7542 6664 6041 3419 3631 2561 12244 8173 3123 33723 4463 16677 23921 33292
internal_value=-8.60863e-05 -0.00136784 0.00584873 -0.00205675 0.0026264 -0.000265462 -0.00578096 0.00692509 0.0140675 -0.00342269 -0.00507537 0.000438675 -0.00730352 -0.0102372
internal_weight=136940 36044.6 3134.53 32910.1 7429.33 5938.16 3361.61 2576.55 1491.17 25480.8 18096 5210.21 12885.8 7838.38
internal_count=619895 165474 13583 151891 33151 26609 14805 11804 6542 118740 85017 21140 63877 39956
is_linear=0
shrinkage=0.05


Tree=211
num_leaves=15
num_cat=0
split_feature=27 7 2 68 4 68 68 68 71 71 71 68 68 14
split_gain=27.6923 38.1882 34.1319 38.8785 41.7039 37.1061 61.0395 58.2499 104.523 61.8502 57.9511 55.5333 48.0455 47.9523
threshold=1.059566915035248 0.17305408418178561 0.040185693651437766 0.064782563596963896 0.15833333879709247 0.044730186462402351 0.038458131253719337 0.053411189466714866 0.0044199428521096715 0.003063483396545053 -0.0012844292214140294 0.039050797000527389 0.051407679915428169 0.017633481882512573
decision_type=2 2 2 10 10 10 10 10 2 2 2 10 10 8
left_child=2 -2 3 5 -5 6 -1 9 -9 10 -7 -8 -11 -10
right_child=1 -3 -4 4 -6 7 11 8 13 12 -12 -13 -14 -15
leaf_value=-0.00084933999308452212 0.0020255321109731951 -0.0010672367166236942 0.0011518683321421774 -0.017772247676576491 -0.00025171833797950322 0.0048735334192118373 -0.021597518529762997 -0.02513552812441951 0.0073879459710448243 0.000618883389730783 0.029784244486598627 -0.0047299487839268109 0.015293912444851933 -0.0064029468253560739
leaf_weight=54436.448805900291 29717.303573444486 15018.32363884151 22722.832767680287 704.69342854805291 647.7749284952879 486.68167374841869 535.99107771739364 455.0392152108252 1284.4064188525081 3667.94326611422 447.24170173704624 4715.6345447301865 647.96602198854089 1218.7023569606245
leaf_count=256299 138238 61944 92353 3799 2771 2150 2910 2224 5915 17017 2051 22416 2892 5898
internal_value=-3.29869e-05 0.000987243 -0.000529289 -0.00108102 -0.0094441 -0.000913065 -0.00134657 0.00223716 -0.00336685 0.00539528 0.0169921 -0.00648926 0.00285237 0.000674738
internal_weight=136707 44735.6 91971.4 69248.5 1352.47 67896.1 59688.1 8207.98 2958.15 5249.83 933.923 5251.63 4315.91 2503.11
internal_count=618877 200182 418695 326342 6570 319772 281625 38147 14037 24110 4201 25326 19909 11813
is_linear=0
shrinkage=0.05


Tree=212
num_leaves=15
num_cat=0
split_feature=22 54 3 72 74 74 26 70 19 72 69 72 69 69
split_gain=24.966 23.5328 42.3242 35.671 38.5981 37.1906 34.786 33.9329 33.1924 31.4198 219.385 65.8346 178.429 118.11
threshold=96.389324188232436 0.36378520727157598 0.075000001117587103 0.0037568438565358524 -0.0062917259056121102 0.0070995052810758361 -0.15274124592542646 0.0036036566598340873 -0.0082259131595492346 0.012653355952352287 -0.020860132761299607 0.014742772094905378 0.056114079430699355 -0.042247124016284936
decision_type=8 10 2 10 2 2 10 2 10 10 8 10 10 10
left_child=1 6 3 -3 -5 -6 8 -7 -1 10 -8 12 -11 -13
right_child=-2 2 -4 4 5 7 9 -9 -10 11 -12 13 -14 -15
leaf_value=-0.0020459407042138049 -0.0063934313842223785 0.010108946432131826 -0.00018696605829759727 0.006351030949549777 -0.0004373513278336387 0.018244181585968074 0.017277169273801209 0.0034634379470857117 0.0028001047602751231 -0.013098454014857347 -0.0011853796333866425 -0.0056806580951305093 0.011936267482257146 0.0074038076103586994
leaf_weight=4898.9319484494627 1492.446174737066 1450.6266851034015 38330.750874049962 4118.9064849745482 12399.153933566064 423.04897658713162 1660.1220843829215 3855.8962831385434 12612.296393722296 3597.305200252682 43979.41072396189 4299.705269575119 878.33494358509779 2865.4365208670497
leaf_count=20247 7417 7722 157478 18729 61313 1996 7075 18391 52449 15898 216378 18255 3887 12401
internal_value=1.64274e-05 8.75628e-05 0.000820001 0.00255422 0.00202266 0.000950543 -0.000505716 0.0049639 0.00144398 -0.00110191 -0.000510173 -0.00341947 -0.00816979 -0.000444978
internal_weight=136862 135370 60578.4 22247.6 20797 16678.1 74791.5 4278.95 17511.2 57280.3 45639.5 11640.8 4475.64 7165.14
internal_count=619636 612219 265629 108151 100429 81700 346590 20387 72696 273894 223453 50441 19785 30656
is_linear=0
shrinkage=0.05


Tree=213
num_leaves=15
num_cat=0
split_feature=67 57 72 68 70 73 70 70 74 68 73 68 72 68
split_gain=21.9044 44.084 24.9902 27.7355 24.8523 31.3928 74.5251 127.686 154.082 78.4301 74.4443 67.2255 124.133 85.3487
threshold=0.0062328083440661439 0.0088692787103354948 0.0125882625579834 0.020455170422792438 0.025992065668106083 0.31674617528915411 0.001647578726988286 -0.0031817442504689093 -0.0010931285214610396 -0.045510644093155854 0.32804124057292944 -0.040576038882136338 0.0085483356378972548 -0.050872508436441415
decision_type=2 10 10 8 2 2 2 2 2 10 2 10 10 10
left_child=1 2 3 -1 5 6 7 11 -9 -8 -7 13 -13 -3
right_child=-2 4 -4 -5 -6 10 9 8 -10 -11 -12 12 -14 -15
leaf_value=0.0016645906023603518 0.00091949676271002383 0.0032346347781538839 -0.0089480607453550215 -0.0045597340753426472 -0.0084656639780794646 -0.016010001041856219 0.0010784608298231714 -0.022565880312992156 0.0061100758316690327 0.01709992934572142 -0.00017681486951388105 -0.0067430945112010952 0.020020925774116644 -0.015914109356975664
leaf_weight=2734.4198460783809 45321.468191577122 3327.6089235320687 1782.2555464729667 5147.3220787681639 857.42535753548145 740.43128580600023 1516.8022333979607 1164.6406549699605 773.34044033661485 1531.7695943303406 69355.619574330747 640.78396407514811 1301.7443808540702 694.79071450233459
leaf_count=15926 199356 13980 8406 30346 3681 3158 6274 4980 3258 6390 313022 2708 5438 2918
internal_value=2.05896e-05 -0.000424371 -0.00361638 -0.00240095 -4.73482e-05 4.2745e-05 0.00253105 -3.36997e-05 -0.0111503 0.00915811 -0.000346322 0.00359065 0.0112029 -0.000104199
internal_weight=136890 91569 9664 7881.74 81905 81047.5 10951.5 7902.91 1937.98 3048.57 70096.1 5964.93 1942.53 4022.4
internal_count=619841 420485 54678 46272 365807 362126 45946 33282 8238 12664 316180 25044 8146 16898
is_linear=0
shrinkage=0.05


Tree=214
num_leaves=15
num_cat=0
split_feature=74 69 74 69 70 84 70 74 74 74 69 73 70 69
split_gain=22.427 70.8905 95.895 61.9399 114.267 247.9 134.455 171.868 150.307 109.14 61.2293 154.513 60.302 65.1525
threshold=0.0022832845570519571 0.1011449657380581 0.0041618249379098424 -0.060190718621015542 -0.0066560849081724873 1.5000000000000002 -0.0089121768251061422 -0.016549087129533287 -0.022224651649594303 -0.012016918975859879 -0.045439498499035828 0.45145443081855779 0.016361031681299213 0.11400846391916276
decision_type=2 8 2 8 2 2 2 2 2 2 8 2 2 10
left_child=3 -2 -3 4 6 -6 7 8 -1 -9 11 -5 13 -4
right_child=1 2 12 10 5 -7 -8 9 -10 -11 -12 -13 -14 -15
leaf_value=-0.0037438045965215482 0.00045387831825567871 -0.012235509080644899 -0.006700965028879716 0.026924457922223956 -0.043347127931392386 -0.0032805796690820832 0.019832841054743963 -0.037372225806312935 0.023570947270823674 -0.0065284465999006364 0.00086080037743507364 -0.0067526322923025768 0.013448175563207022 0.00064801693509100936
leaf_weight=1766.5610068365932 40434.945143438876 2613.5517270490527 5282.8876090757549 734.28417237475514 519.72640482708812 1430.4019472654909 730.17489733733237 475.01812704466283 693.33852420002222 714.90429248847067 73176.464348465204 621.92829478532076 611.72173460572958 7006.8173719383776
leaf_count=7598 181866 12326 25020 3042 2192 5990 3035 2035 3041 3063 333576 2631 2601 31454
internal_value=0.000120808 -0.000648729 -0.00352077 0.000653273 -0.00409127 -0.0141253 0.000398252 -0.00353335 0.0040193 -0.0190502 0.00105673 0.0115445 -0.00174724 -0.00251392
internal_weight=136813 55949.9 15515 80862.8 6330.13 1950.13 4380 3649.82 2459.9 1189.92 74532.7 1356.21 12901.4 12289.7
internal_count=619470 253267 71401 366203 26954 8182 18772 15737 10639 5098 339249 5673 59075 56474
is_linear=0
shrinkage=0.05


Tree=215
num_leaves=15
num_cat=0
split_feature=26 5 71 71 72 70 70 14 68 65 68 74 71 70
split_gain=22.0157 36.2403 34.675 38.8345 70.7227 40.8781 65.2129 33.3986 38.4736 33.1402 32.5368 36.7987 31.9573 34.2522
threshold=-0.12762036919593808 0.74028176069259655 0.040108343586325652 -0.013234633486717938 0.023218872956931595 0.019053208641707901 0.015401393640786411 -0.074055653065443025 -0.01731143984943628 -0.059596057981252663 -0.058940429240465157 -0.011800938751548527 -0.0083502870984375459 -0.0076312893070280543
decision_type=10 2 2 2 10 2 2 10 10 10 8 2 2 2
left_child=2 -2 3 -1 5 6 10 8 -4 -3 -5 -12 -13 -14
right_child=1 9 7 4 -6 -7 -8 -9 -10 -11 11 12 13 -15
leaf_value=-0.00131731653225435 -0.011905373665585391 -0.002070493240867651 -0.018583078220848932 0.014911780786979179 0.017924535340316194 0.014838914897744058 -0.014443697962795746 0.0043408447667939078 -0.00047559288419813284 0.0002124657105501516 -0.0061811231168660786 0.011278655018593035 0.012225461304287456 0.001498040856737262
leaf_weight=6986.8810976743698 653.86644836515188 19266.794598683715 628.05104142427444 503.59849765896797 758.30086478590965 626.61941486597061 577.11234370991588 579.5784518122673 543.9965975433588 90641.962635487318 1220.507149156183 1029.1971784234047 783.29688972234726 12097.515855375677
leaf_count=28829 3965 83703 2589 2109 3125 2614 2378 2394 2255 422875 5041 4219 3243 50535
internal_value=5.12295e-05 -0.000258252 0.00135015 0.00183509 0.00308685 0.00240839 0.00191905 -0.00542746 -0.0102538 -0.000187885 0.00253191 0.00211028 0.00284172 0.00215937
internal_weight=136897 110563 26334.7 24583 17596.1 16837.8 16211.2 1751.63 1172.05 109909 15634.1 15130.5 13910 12880.8
internal_count=619874 510543 109331 102093 73264 70139 67525 7238 4844 506578 65147 63038 57997 53778
is_linear=0
shrinkage=0.05


Tree=216
num_leaves=15
num_cat=0
split_feature=73 69 72 68 73 74 69 69 69 68 73 69 69 73
split_gain=21.7022 56.1031 86.9312 111.709 52.7724 82.058 127.636 113.137 93.5627 92.2091 51.8427 84.4871 49.2862 106.39
threshold=0.85966211557388317 0.060013568028807647 0.012272980064153673 0.053079243749380119 0.78917726874351513 0.017288482747972015 0.062091732397675521 0.0073220878839492807 0.084702219814062132 0.03880582936108113 0.81096738576889049 0.15251108258962634 0.1011449657380581 0.61819469928741466
decision_type=2 10 10 10 2 2 8 10 10 10 2 10 8 2
left_child=4 2 3 -2 12 6 7 -6 9 -8 -10 -12 -1 -14
right_child=1 -3 -4 -5 5 -7 8 -9 10 -11 11 -13 13 -15
leaf_value=0.00037885489138317937 0.0087030640131983018 -0.016101508267897906 0.01718353985282256 -0.017580216004357087 0.0027411934187076725 0.020060191904363714 0.0060472957396628165 -0.021204757190563545 0.010738854609495665 0.035177171250459389 -0.0093193770184986074 0.0073091532621614276 0.0009999708643489882 -0.0049466109852299538
leaf_weight=95741.313848815858 717.58857100270689 736.848936509341 530.51620563864708 902.34296727366745 1044.7754505574703 711.24985491111875 605.44845865853131 921.05121826380491 1463.9081752449274 490.44406750053167 1460.8706836812198 1579.2808422427624 15202.928797962144 14871.087795086205
leaf_count=430523 3362 3714 2193 4650 4570 3063 2934 4252 6633 2246 6718 6760 68852 69786
internal_value=-1.37757e-05 -0.00429516 -0.00019392 -0.00595543 7.87251e-05 0.00394349 0.0024039 -0.00852877 0.0062501 0.019284 0.00304311 -0.000685638 -0.00017582 -0.00194118
internal_weight=136980 2887.3 2150.45 1619.93 134092 8277.03 7565.78 1965.83 5599.95 1095.89 4504.06 3040.15 125815 30074
internal_count=620256 13919 10205 8012 606337 37176 34113 8822 25291 5180 20111 13478 569161 138638
is_linear=0
shrinkage=0.05


Tree=217
num_leaves=15
num_cat=0
split_feature=15 25 71 71 66 74 74 84 84 71 69 70 70 74
split_gain=19.812 31.8203 29.5061 30.2247 22.6713 21.629 48.8885 41.4234 33.5187 27.0089 24.4594 24.3964 34.7298 32.5146
threshold=15.661492347717287 -0.10894902050495146 0.012805075850337745 0.010391716379672291 -0.13816201686859128 0.0070995052810758361 0.0012801775010302665 2.5000000000000004 2.5000000000000004 -0.00015266138507286084 0.11709717288613321 -0.0091816666536033136 -0.011847462039440869 -0.007328484905883669
decision_type=8 10 2 2 8 2 2 2 2 2 10 2 2 2
left_child=1 -1 3 5 -4 6 10 -7 -8 -10 11 12 -3 -13
right_child=-2 2 4 -5 -6 7 8 -9 9 -11 -12 13 -14 -15
leaf_value=-0.0075279287806406473 -0.00032562157460600644 0.0017412654211641028 0.010476300209204863 -0.0062710084461329559 0.0029659376520090532 0.0098071391357100537 -0.0092254869994261111 -0.0028870454814637308 -0.0076747749846437611 0.0080430523603397547 -0.0062132280901410113 0.011191715607974457 -0.012308237218877149 0.0024766251246432264
leaf_weight=991.59217871725559 111004.10586905293 1837.7048428356647 1181.1641136594117 1532.7834974601865 6538.9275949262083 1718.415925681591 1953.0914802141488 1017.1026343144476 452.63471156358719 658.52147791907191 834.07087437435985 1339.0117211677134 567.52351286634803 5225.2062035836279
leaf_count=4037 502598 7902 5001 7249 29555 7674 9264 4527 2099 3273 3794 5876 2477 24597
internal_value=-3.52997e-05 0.00121114 0.00156266 0.00040561 0.00412708 0.00106508 0.000205308 0.00509395 -0.00529695 0.00162898 0.00192877 0.00269198 -0.00161101 0.00426871
internal_weight=136852 25847.8 24856.2 17136.1 7720.09 15603.3 12867.8 2735.52 3064.25 1111.16 9803.52 8969.45 2405.23 6564.22
internal_count=619923 117325 113288 78732 34556 71483 59282 12201 14636 5372 44646 40852 10379 30473
is_linear=0
shrinkage=0.05


Tree=218
num_leaves=15
num_cat=0
split_feature=3 72 73 72 69 69 72 73 73 72 72 69 69 72
split_gain=21.1235 45.3167 67.0054 43.2262 101.858 83.7412 104.894 90.9078 74.3319 59.9213 88.8443 56.7927 55.5542 55.3769
threshold=1.0000000180025095e-35 0.015816953964531425 0.46266341209411627 0.0088296537287533301 0.026166643016040329 0.069799125194549574 0.0094976602122187632 0.57667362689971935 0.79824545979499828 0.0063372445292770871 0.0066108887549489745 0.12974925339221957 0.099168736487627043 0.0042985687032341966
decision_type=2 10 2 10 8 10 10 2 2 10 10 10 8 10
left_child=1 2 -1 4 8 6 -5 -7 -4 11 12 13 -11 -6
right_child=-2 -3 3 5 9 7 -8 -9 -10 10 -12 -13 -14 -15
leaf_value=0.0050209873422494972 -0.00035147503543493018 -0.0083896842423926473 0.026657178390038491 -0.026907850688062507 0.0021564887625247948 0.016831698603289213 -0.0044409946673555746 -0.0044950531633605731 -0.0012517472197015951 0.019930470164881288 0.00069794508625484392 0.014165653462716919 0.0024905897707413003 -0.0046681411252083253
leaf_weight=9287.4558154847473 98863.90094409883 1223.7148196231574 642.72758204862475 633.26302858069539 4562.1177115570754 821.89552780799568 2732.0673261340708 1243.4710592925549 374.64980667829514 1173.2346941716969 5429.5760790202767 536.78405905142426 748.80856374464929 8494.695611320436
leaf_count=43895 417772 5782 3288 3328 27986 4008 13557 6383 2159 6023 28584 2710 4091 49889
internal_value=3.32879e-05 0.00103667 0.00135335 0.000108485 0.00109643 -0.00388159 -0.00873584 0.00403196 0.0164676 0.000342301 0.00397587 -0.00162426 0.0131841 -0.00228375
internal_weight=136768 37904.5 36680.7 27393.3 21962.6 5430.7 3365.33 2065.37 1017.38 20945.2 7351.62 13593.6 1922.04 13056.8
internal_count=619455 201683 195901 152006 124730 27276 16885 10391 5447 119283 38698 80585 10114 77875
is_linear=0
shrinkage=0.05


Tree=219
num_leaves=15
num_cat=0
split_feature=1 0 69 69 69 73 74 73 69 74 72 69 72 69
split_gain=21.11 48.3778 40.2648 45.1573 177.544 126.31 97.9346 114.271 130.16 69.2827 68.9225 168.171 114.72 72.324
threshold=0.022042174823582176 0.025152349844574932 -0.13227118551731107 0.04022012650966645 0.049500988796353347 0.74363458156585704 -0.0059043532237410537 0.49650216102600103 0.044806351885199554 0.01998116355389357 0.012653355952352287 -0.020860132761299607 0.014212233014404775 -0.060190718621015542
decision_type=10 2 8 10 10 2 2 2 10 2 10 8 10 10
left_child=2 -2 -1 10 5 6 -5 8 -8 -6 11 -4 -12 -14
right_child=1 -3 3 4 9 -7 7 -9 -10 -11 12 -13 13 -15
leaf_value=0.014854293361254368 -0.0097144266264603436 -0.00053740207758342664 0.015885819604953048 0.028494182048660683 4.5476678349476752e-05 -0.015328609708721356 -0.013049382166990886 0.0166762109923227 0.015770224876970499 0.016828874794127226 -0.013283661607365826 -0.0012204782557549833 -0.0075492196631559306 0.0053712118229127621
leaf_weight=474.76525114104152 1461.6516704075038 59540.843637049198 1571.7496722973883 796.56839541718364 45419.79341702722 433.80404836684465 923.27334694750607 2165.928044911474 665.27029126882553 613.34079634398222 2836.1537275724113 15662.616642765701 1941.8904354590923 2423.4167469460517
leaf_count=2052 6970 243452 6777 3659 225722 2253 4416 10914 3015 2760 12887 75759 8549 10828
internal_value=-6.62954e-05 -0.000758845 0.000490139 0.000397801 0.00124427 0.0101978 0.0126592 0.00923284 -0.000956794 0.000272703 -0.00136927 0.000347899 -0.00547354 -0.000380511
internal_weight=136931 61002.5 75928.6 75453.8 51018 4984.84 4551.04 3754.47 1588.54 46033.1 24435.8 17234.4 7201.46 4365.31
internal_count=620013 250422 369591 367539 252739 24257 22004 18345 7431 228482 114800 82536 32264 19377
is_linear=0
shrinkage=0.05


Tree=220
num_leaves=15
num_cat=0
split_feature=68 71 70 70 72 70 68 72 69 69 72 70 71 74
split_gain=23.6152 149.964 124.439 136.072 106.943 121.083 127.511 88.5274 100.879 126.293 117.927 102.1 88.6295 96.8855
threshold=0.012093733064830305 -0.0083502870984375459 -0.0094763874076306803 0.0041715251281857499 0.0095655121840536612 0.00017975435184780511 0.018064832314848903 0.016872597858309749 -0.012004304677247999 0.0023779070470482115 0.011750854086130859 0.0086449747905135172 -0.0077509512193500987 -0.010871912352740763
decision_type=10 2 2 2 10 2 10 10 8 8 10 2 2 2
left_child=-1 2 -2 4 5 6 -4 8 11 10 -10 -3 -11 -14
right_child=1 7 3 -5 -6 -7 -8 -9 9 12 -12 -13 13 -15
leaf_value=-0.0007871885446369206 -0.007853111826516412 0.020898081162501858 -0.0063337438281574898 -0.00089514815183789817 0.0021184414671605216 0.037728075528742071 0.020737419108182949 -0.010111783320166427 -0.030227579876469818 -0.018736895917353415 0.0029217613109281493 -0.0060302243449170444 0.010460152392970649 -1.8581841898351341e-05
leaf_weight=55145.613917265087 1129.374976105988 1112.1041707769036 563.80408610031009 1928.4429585598409 1163.0170143954456 723.74847291409969 1837.0110973417759 2143.3481717593968 652.89097129926085 605.04130402952433 447.95933930575848 507.44151583686471 2271.338315943256 66685.949918145314
leaf_count=240665 4938 4675 2541 8242 4862 3237 8041 9074 3119 2788 1969 2154 9846 314077
internal_value=1.23478e-05 0.000551575 0.00736234 0.010135 0.0150866 0.0198914 0.0143802 -0.000121505 0.000176087 -0.000107533 -0.0168335 0.0124756 0.000159544 0.000328037
internal_weight=136917 81771.5 7345.4 6216.02 4287.58 3124.56 2400.82 74426.1 72282.7 70663.2 1100.85 1619.55 69562.3 68957.3
internal_count=620228 379563 31861 26923 18681 13819 10582 347702 338628 331799 5088 6829 326711 323923
is_linear=0
shrinkage=0.05


Tree=221
num_leaves=15
num_cat=0
split_feature=72 68 69 71 71 69 68 5 71 69 50 68 68 71
split_gain=35.1387 31.0555 47.7426 284.447 220.299 65.5304 109.422 55.0749 51.5456 51.1948 48.6744 46.0924 182.097 100.911
threshold=0.054642656818032272 -0.087453853338956819 -0.09301410615444182 -0.037121023982763283 0.014774716459214689 -0.078645620495080934 -0.045510644093155854 0.92990326881408703 -0.0071734928060322991 -0.071767471730709062 0.061216795817017562 -0.037996767088770859 -0.036575015634298318 -0.011602019425481556
decision_type=8 8 8 2 2 8 10 2 2 8 2 8 8 2
left_child=1 -1 3 -3 7 6 -4 -5 -9 10 -7 13 -13 -11
right_child=-2 2 5 4 -6 9 -8 8 -10 11 -12 12 -14 -15
leaf_value=0.0054079292011119289 -0.013875052531729409 -0.0383367291461209 -0.004424216565141941 0.024039501581206341 -0.020854914819437673 -0.022648886924544934 0.020823870832380631 -0.0055833297985096774 0.014967590901421874 0.00049214950626917274 -0.0019372090908723772 -0.022030562716157949 1.5972159550176707e-06 0.015186969184801053
leaf_weight=2630.5259631834924 445.31507904455066 553.38674601353705 761.31783368438482 536.70936748199165 786.2965882755816 471.78866883739829 964.81902012601495 594.76834594830871 608.0556729696691 4531.2301267180592 694.89445681869984 935.18657367676497 120657.14896545373 1564.4953428320587
leaf_count=11218 1852 2363 3130 2275 3362 2085 4029 2462 2555 18996 2891 4116 551449 6526
internal_value=-8.04413e-06 3.82795e-05 -6.77957e-05 -0.00621138 0.000950421 7.75402e-05 0.00972678 0.0108696 0.00484339 -5.24658e-05 -0.010434 4.31997e-05 -0.000169653 0.00428234
internal_weight=136736 136291 133660 3079.22 2525.83 130581 1726.14 1739.53 1202.82 128855 1166.68 127688 121592 6095.73
internal_count=619309 617457 606239 13017 10654 593222 7159 7292 5017 586063 4976 581087 555565 25522
is_linear=0
shrinkage=0.05


Tree=222
num_leaves=15
num_cat=0
split_feature=72 72 69 73 4 73 73 69 72 73 73 72 72 69
split_gain=21.756 29.3942 91.3347 73.7479 29.2093 23.9863 21.0312 58.7584 96.5484 88.0963 92.686 80.9182 78.8412 128.535
threshold=0.002945420797914267 0.003391561447642744 0.075922116637229933 0.62245628237724315 0.075000002980232253 0.6737537980079652 0.68766510486602794 0.027397851459681991 0.014443710446357729 0.78125637769699108 0.86850854754447948 0.017434634268283847 0.011661863420158626 -0.0020994962542317803
decision_type=8 8 10 2 8 2 2 8 10 2 2 10 10 10
left_child=5 2 3 -2 -5 -1 -3 11 9 -9 -11 12 13 -8
right_child=1 6 -4 4 -6 -7 7 8 -10 10 -12 -13 -14 -15
leaf_value=-0.016830948587724739 0.019187023458068844 0.00026423093540677977 0.027671494160777008 -0.01165567660271848 0.0049382140055238433 -0.00059081343124352476 -0.014580961716673939 -0.003893989635129381 -0.024114189865233299 0.004605874006824464 -0.0093726316448554132 -0.010636703860246868 0.011682393545252599 0.0073194908062398523
leaf_weight=394.52240433543921 387.24097694829106 101258.14693723433 381.94490539655089 738.17121268063784 403.71950748562813 520.89903531968594 1014.369545083493 17152.628434598446 485.25358887389302 7187.2630372811109 1410.1785261426121 913.26421921700239 2597.9981641285121 1926.5369464047253
leaf_count=2123 1964 451141 2012 4450 1708 2998 4678 82650 2097 32566 6952 3976 11083 9183
internal_value=-5.57334e-05 -3.6887e-06 0.00613727 0.000613635 -0.00579691 -0.00769612 -9.17568e-05 -0.00119427 -0.00224554 -0.00182423 0.00230485 0.00307719 0.00535346 -0.000258168
internal_weight=136772 135857 1911.08 1529.13 1141.89 915.421 133946 32687.5 26235.3 25750.1 8597.44 6452.17 5538.9 2940.91
internal_count=619581 614460 10134 8122 6158 5121 604326 153185 124265 122168 39518 28920 24944 13861
is_linear=0
shrinkage=0.05


Tree=223
num_leaves=15
num_cat=0
split_feature=22 68 73 69 69 69 69 74 74 71 69 73 73 74
split_gain=20.2189 40.2808 24.045 131.954 105.242 96.683 109.298 149.803 268.329 126.943 118.19 100.547 128.288 62.388
threshold=91.833492279052749 -0.022642364725470539 0.31674617528915411 0.039528355002403266 0.049500988796353347 0.013193483930081131 -0.051937524229288094 -0.0034150431165471669 -0.013056330382823942 -0.02404883503913879 -0.020860132761299607 0.22354310005903247 0.29116751253604894 0.011944177094846966
decision_type=8 10 2 10 10 10 10 2 2 2 10 2 2 2
left_child=2 -2 3 5 -5 6 -1 8 10 -9 -8 -7 -13 -11
right_child=1 -3 -4 4 -6 11 7 9 -10 13 -12 12 -14 -15
leaf_value=-0.0014966171614777309 -0.015611552326651765 -0.0014112435049510844 -6.7979950959976286e-05 0.032157924428742955 0.0052718045483370135 0.0081414465245105202 0.028210016962522462 0.00092968282953604536 -0.017749210468323926 0.029856739586534321 0.0019645454323408171 -0.032462400072645406 0.00029746051946884987 0.010278798373611257
leaf_weight=9321.9660096690059 522.72590290568769 8038.4822576325387 109838.70385052264 595.41372995823622 924.96808270737529 498.65624320134521 684.56890044361353 978.28441958501935 1290.4237417690456 1206.7033778391778 1126.0085554122925 685.19240485131741 523.84568865224719 633.50396698340774
leaf_count=39386 2273 39386 500537 2543 3883 2168 2828 4081 5413 5012 4711 3088 2234 2612
internal_value=5.57085e-05 -0.00229548 0.000212755 0.00188143 0.0159423 0.000611474 0.0018777 0.00718511 -0.000403714 0.0155065 0.0119883 -0.010635 -0.0183824 0.0232089
internal_weight=136869 8561.21 128308 18469.5 1520.38 16949.2 15241.5 5919.49 3101 2818.49 1810.58 1707.69 1209.04 1840.21
internal_count=620155 41659 578496 77959 6426 71533 64043 24657 12952 11705 7539 7490 5322 7624
is_linear=0
shrinkage=0.05


Tree=224
num_leaves=15
num_cat=0
split_feature=74 69 74 69 70 74 69 73 74 69 74 73 73 69
split_gain=19.4871 80.8768 75.7741 85.4656 157.509 89.1247 78.6483 91.506 71.7365 65.6149 65.29 94.9873 114.914 69.1602
threshold=0.0022832845570519571 -0.063160825520753847 0.0071844139602035293 0.10053335130214693 0.010040354914963247 0.0061117932200431832 0.12489066645503046 0.69351711869239818 0.005606443854048849 0.15864480286836627 0.004904411733150483 0.5741296410560609 0.48096726834774023 0.019829462282359604
decision_type=2 8 2 8 2 2 8 2 2 10 2 2 2 10
left_child=9 -2 3 4 5 10 -5 8 -8 -1 13 12 -12 -3
right_child=1 2 -4 6 -6 -7 7 -9 -10 -11 11 -13 -14 -15
leaf_value=0.00022647093712250036 0.0061226259062329615 0.006569963416020206 0.00040781684827095876 -0.013160962483292689 0.026298893737849195 -0.010304380767394962 0.010216975763139374 -0.010314350772208471 -0.008830899202517414 0.017330762219970208 0.0076064241261581435 0.01166638913653955 -0.022084525154719294 -0.0045724165173518664
leaf_weight=80361.560461003333 3842.5297663360834 1680.775937018916 27633.281305247918 3567.9341363422573 489.76397205889225 2791.1741299405694 1496.2244628854096 2238.5667441021651 726.70640398003161 554.64552247337997 742.84892174229026 2202.2621763199568 565.60435151308775 7905.7395921554416
leaf_count=364278 15944 7389 122780 16909 2103 13019 6793 10810 3345 2351 3165 10297 2641 38053
internal_value=-0.000150084 -0.00086809 -0.00138534 -0.00341481 -0.00134141 -0.00220943 -0.00763714 -0.0032001 0.0039783 0.000345841 -0.000477757 0.00534654 -0.00529822 -0.00261404
internal_weight=136800 55883.4 52040.9 24407.6 16378.2 15888.4 8029.43 4461.5 2222.93 80916.2 13097.2 3510.72 1308.45 9586.52
internal_count=619877 253248 237304 114524 76667 74564 37857 20948 10138 366629 61545 16103 5806 45442
is_linear=0
shrinkage=0.05


Tree=225
num_leaves=15
num_cat=0
split_feature=0 14 27 72 73 71 71 84 71 73 71 74 71 70
split_gain=18.1407 45.3179 31.3236 23.8305 32.7486 31.03 20.9429 138.507 114.696 120.543 89.1011 129.158 122.444 115.67
threshold=0.016149625182151798 0.2310341149568558 0.58754044771194469 0.0040517377201467761 0.72160628437995922 0.014774716459214689 -0.013234633486717938 1.5000000000000002 -0.017622965388000008 0.063547253608703627 -0.0083502870984375459 -0.010588163975626229 -0.0077509512193500987 0.004104594001546503
decision_type=2 8 2 10 2 2 2 2 2 2 2 2 2 2
left_child=1 2 -1 4 -4 -5 7 8 9 -2 11 -8 -12 -13
right_child=6 -3 3 5 -6 -7 10 -9 -10 -11 12 13 -14 -15
leaf_value=-0.011271024506685273 -0.018267194456475466 -0.013488162171123395 0.00063098531238002411 0.00034916646701229796 0.01724857180659084 -0.0096198940941903816 -0.010746721404936788 -0.0042106053662058565 -0.008752099664113137 0.0071430362112120897 -0.016922302030693646 0.013146296636402486 0.00031289299807424125 -0.0013862654645983704
leaf_weight=660.86805186979473 485.7929978966713 794.33050990104675 925.94556796550751 4301.0395515114069 426.68403791636229 943.47280605696142 1001.4466371387243 14597.565355569124 1628.4876954257488 8099.2687891796231 1031.7233680784702 4281.7133647203445 95556.120270710438 2008.1323799788952
leaf_count=5426 2017 6614 6734 31696 3195 7019 4244 61288 6896 33840 4521 18085 419696 8455
internal_value=7.38041e-05 -0.00222697 -0.000977663 6.89719e-05 0.00596108 -0.00145913 0.000217929 -0.00108693 0.00337729 0.0056856 0.000529664 0.0058555 0.000127059 0.00851171
internal_weight=136743 8052.34 7258.01 6597.14 1352.63 5244.51 128690 24811.1 10213.5 8585.06 103879 7291.29 96587.8 6289.85
internal_count=619726 60684 54070 48644 9929 38715 559042 104041 42753 35857 455001 30784 424217 26540
is_linear=0
shrinkage=0.05


Tree=226
num_leaves=15
num_cat=0
split_feature=26 8 69 72 13 69 74 24 84 28 72 74 74 69
split_gain=22.2619 34.2356 36.4481 27.9208 26.6544 35.9553 53.3843 48.0015 45.1505 41.0489 37.9974 48.2238 40.4457 79.9301
threshold=-0.15274124592542646 1.0000000180025095e-35 1.0000000180025095e-35 0.0041028575506061324 -0.12132228910923003 -0.045439498499035828 -0.021459922194480893 0.034082334488630302 1.5000000000000002 0.88588213920593273 0.021474678069353107 -0.016549087129533287 0.0059964945539832124 -0.051937524229288094
decision_type=10 2 10 10 10 10 2 2 2 2 10 2 2 8
left_child=4 -2 -3 -4 -1 7 -7 9 -9 -6 11 -11 13 -13
right_child=1 2 3 -5 5 6 -8 8 -10 10 -12 12 -14 -15
leaf_value=-0.0070358189023356863 -0.00051922309565004352 -0.0038084949952843505 0.01082936159079944 0.0024238090051720979 0.013107901359047628 -0.015536263524525862 0.0010688761260312211 -0.012460861588529814 0.0043298477136115999 0.020318182961444498 -0.0064821350172234483 -0.013387300720528787 0.01287576543971106 0.012024499351520633
leaf_weight=858.52555321902037 100824.49347447604 2194.5697763189673 1077.9441020451486 10911.579148627818 1911.7415273040533 491.71521592140198 13724.616336707026 662.21774074435234 981.35660506784916 505.6367271989584 690.91198767721653 698.21054798364639 668.37645044177771 539.82334472984076
leaf_count=3620 461651 10480 5685 51868 8059 2028 56414 2758 4054 2166 2910 2897 2789 2347
internal_value=8.17631e-05 -0.000195604 0.00210351 0.00318792 0.00154897 0.00190524 0.00048402 0.00493446 -0.00246979 0.0073613 0.00379007 0.00674708 0.00306038 -0.00229936
internal_weight=136742 115009 14184.1 11989.5 21733.1 20874.6 14216.3 6658.27 1643.57 5014.7 3102.96 2412.05 1906.41 1238.03
internal_count=619726 529684 68033 57553 90042 86422 58442 27980 6812 21168 13109 10199 8033 5244
is_linear=0
shrinkage=0.05


Tree=227
num_leaves=15
num_cat=0
split_feature=26 54 73 17 13 73 69 27 1 73 69 69 73 69
split_gain=20.3919 37.0746 30.5912 45.7532 31.8919 33.682 29.4181 23.4937 23.726 41.9849 54.8486 108.177 84.4603 74.3022
threshold=-0.15274124592542646 0.10361179336905481 0.78447479009628307 71.913383483886733 0.073902241885662093 0.74363458156585704 0.12770455330610278 0.55168762803077709 0.022170240059494976 0.23361199349164966 0.037772158160805709 0.049500988796353347 0.36644345521926885 0.027397851459681991
decision_type=10 8 2 10 8 2 10 2 10 2 10 10 2 10
left_child=2 -2 4 -4 5 6 -1 -3 9 -9 13 12 -12 -11
right_child=1 7 3 -5 -6 -7 -8 8 -10 10 11 -13 -14 -15
leaf_value=0.0018777307617370877 -0.0032954954991602638 -0.0022617343112235708 0.016526557690487637 -0.0032548112425105449 -0.011482124703345961 -0.01039510495091161 -0.010139279186848971 0.0086165735423329587 -0.00082064348781121722 -0.00044796575315863321 0.03000307636571245 0.00062374699592652907 0.0065738991230120392 -0.0099170720780094382
leaf_weight=18854.390248734504 9665.5282120294869 10869.570988634601 754.82188076525927 468.53625183552504 499.13503256998956 598.36705500632524 513.59285010397434 1663.8814969323575 35882.657967351377 12732.820819290355 415.38326941430569 37181.024350443855 4165.7747906297445 2464.5086431987584
leaf_count=77776 44887 49622 3217 2066 2149 2534 2111 7260 147287 61426 1821 185069 20616 11871
internal_value=-6.82689e-05 -0.000333424 0.00133766 0.00898549 0.000876336 0.00119088 0.001554 -6.14425e-05 0.000191836 0.000811596 0.000582127 0.00151804 0.00875899 -0.00198906
internal_weight=136730 115041 21688.8 1223.36 20465.5 19966.4 19368 105376 94506.1 58623.4 56959.5 41762.2 4581.16 15197.3
internal_count=619712 529859 89853 5283 84570 82421 79887 484972 435350 288063 280803 207506 22437 73297
is_linear=0
shrinkage=0.05


Tree=228
num_leaves=15
num_cat=0
split_feature=59 54 53 74 74 68 74 74 70 74 74 68 68 74
split_gain=20.4503 21.6267 43.6929 39.6979 38.3779 73.8857 69.0671 45.0798 76.1236 71.1644 70.1621 37.9655 51.6054 49.3143
threshold=7.5000000000000009 0.25597035884857183 -0.19160909950733182 0.017288482747972015 0.0022832845570519571 -0.01963784638792276 0.0074351590592414149 0.0071844139602035293 0.014295978937298061 0.0059964945539832124 0.004904411733150483 0.018064832314848903 0.019834049046039585 -0.024679644964635369
decision_type=10 8 10 2 2 8 2 2 2 2 2 8 8 2
left_child=1 2 -1 4 11 6 -6 9 -9 10 -7 13 -13 -3
right_child=-2 3 -4 -5 5 7 -8 8 -10 -11 -12 12 -14 -15
leaf_value=0.0003718106341740577 -0.0066531509846758435 0.0084703122628079931 -0.0028295981972847957 0.0048785258457806771 0.020136397269174652 -0.003998106188307443 0.00088484902545333968 0.0018372717526293015 -0.0092799244694618827 -0.0097201931218135178 0.0041511307638614509 0.011635221982622063 0.0018231566455688083 -0.0010098584861434343
leaf_weight=28679.687103457749 1130.9700789749622 1454.1511796843261 16948.857054939494 4924.4231978654861 748.30200988985598 9524.4280220735818 1210.6787431910634 12078.779358338565 1754.5980843678117 3539.9111986830831 3644.155489185825 1397.9988389573991 27985.148701500148 21735.272052019835
leaf_count=121245 4650 6135 88905 20839 3147 44770 5096 54175 7543 16403 16721 6380 127851 96012
internal_value=1.28258e-05 6.88989e-05 -0.000817722 0.000518453 0.000265529 -0.00108493 0.00830358 -0.00168964 0.000421504 -0.00343671 -0.00174152 0.00110044 0.0022938 -0.000411986
internal_weight=136757 135626 45628.5 89997.8 85073.4 32500.9 1958.98 30541.9 13833.4 16708.5 13168.6 52572.6 29383.1 23189.4
internal_count=619872 615222 210150 405072 384233 147855 8243 139612 61718 77894 61491 236378 134231 102147
is_linear=0
shrinkage=0.05


Tree=229
num_leaves=15
num_cat=0
split_feature=74 62 9 72 72 69 84 69 74 14 69 73 69 73
split_gain=22.0683 20.9019 41.4413 23.8939 81.0241 218.733 133.79 117.989 79.5601 75.8982 75.3979 171.442 71.4472 124.632
threshold=-0.04474180564284324 1.0000000180025095e-35 -0.0085524613969027979 0.014212233014404775 0.013089691288769247 0.045433614403009422 3.5000000000000004 -0.0093253590166568739 0.019536812789738182 -0.13423559814691541 -0.0020994962542317803 0.52248793840408336 -0.060190718621015542 0.2972214818000794
decision_type=2 2 2 10 8 8 2 8 2 10 8 2 10 2
left_child=-1 3 -3 4 7 6 9 -2 12 -6 11 -9 -5 -14
right_child=1 2 -4 8 5 -7 -8 10 -10 -11 -12 -13 13 -15
leaf_value=-0.0095416365079835867 0.0072272854298394522 -0.011852009125828119 0.002181585101387034 -0.00051695092952552281 0.0073539302948815652 0.0046955852200915521 -0.032899723033169778 0.0038425383740628809 -0.0054610555622918704 -0.012432309627142448 -2.3268043303543217e-05 -0.032743438839878451 0.022150420666323414 0.0040263057570327975
leaf_weight=590.44607869163156 5668.4035263862461 1048.6656636297703 1040.4339889213443 6825.650754686445 586.97734250128269 3039.2000507824123 695.92833187058568 729.20654011890292 3114.1918779630214 2623.0117253810167 101785.72481668554 558.3270827382803 1078.8354235291481 7426.2757452148944
leaf_count=2642 23954 4297 4284 28905 2411 12813 3056 3073 13086 11450 471758 2667 4512 31340
internal_value=2.28751e-05 6.50297e-05 -0.00488576 0.000142497 -0.000124023 -0.00535596 -0.0131691 0.000210593 0.00181327 -0.0088026 -0.000175947 -0.0121527 0.00329353 0.00634858
internal_weight=136811 136221 2089.1 134132 115687 6945.12 3905.92 108742 18445 3209.99 103073 1287.53 15330.8 8505.11
internal_count=620248 617606 8581 609025 531182 29730 16917 501452 77843 13861 477498 5740 64757 35852
is_linear=0
shrinkage=0.05


Tree=230
num_leaves=15
num_cat=0
split_feature=0 69 24 28 3 69 68 69 69 68 15 0 58 4
split_gain=21.3625 24.6157 22.654 20.4827 17.3065 51.6195 39.0205 65.2383 85.698 75.4376 39.4019 38.1 33.3524 25.5744
threshold=0.012092667631804945 0.043331811204552657 0.0037106426898390059 1.7744357585906985 1.0000000180025095e-35 -0.042247124016284936 -0.014754017814993857 0.036697993054986007 0.013193483930081131 -0.020313972607254979 38.683485031127937 0.019724390469491485 0.0039262387435883292 0.025000001303851608
decision_type=2 10 2 2 2 8 8 8 10 10 8 2 2 8
left_child=1 -1 -3 4 5 12 7 8 11 -9 13 -7 -2 -8
right_child=3 2 -4 -5 -6 6 10 9 -10 -11 -12 -13 -14 -15
leaf_value=-0.022082535290535634 -0.011450953387898427 -0.01156413145334638 0.0050071172885987969 -0.0038398822697577432 -0.00026506802006970618 0.019524612658726206 0.00012586738280467437 0.029677090993383188 -0.010027389351537484 0.0029832457087980492 -0.0057999825750347581 0.0038264621463657529 0.0039341760792361369 0.0031820333001231615
leaf_weight=210.11513964831829 1290.0363263934851 395.69239970855415 410.99252877384424 3394.7117777988315 95782.371570754796 532.17240614816546 17475.781229101121 536.09721484780312 947.87517593801022 518.39685731381178 2072.3022959716618 1370.6103117316961 477.40421505272388 11244.103317592293
leaf_count=2739 5851 4711 4535 14348 405345 2620 97825 2309 4462 2359 11540 5789 2084 53092
internal_value=-6.5103e-05 -0.00724992 -0.00316342 -1.07136e-05 8.7862e-05 0.00101472 0.00144007 0.0061419 0.00218956 0.0167055 0.00084197 0.00829606 -0.00729651 0.00132308
internal_weight=136659 1016.8 806.685 135642 132247 36464.8 34697.3 3905.15 2850.66 1054.49 30792.2 1902.78 1767.44 28719.9
internal_count=619609 11985 9246 607624 593276 187931 179996 17539 12871 4668 162457 8409 7935 150917
is_linear=0
shrinkage=0.05


Tree=231
num_leaves=15
num_cat=0
split_feature=17 74 68 74 74 84 66 84 72 72 63 50 19 15
split_gain=20.7998 42.2986 45.5069 26.5705 24.2887 144.134 46.9908 53.3944 41.0309 37.4071 36.2982 24.4974 21.4902 21.0241
threshold=4.9664793014526376 -0.015288716182112692 0.0093001211062073725 -0.001162211818154901 -0.021459922194480893 3.5000000000000004 -0.20063785463571546 2.5000000000000004 0.011327308136969806 0.018491671420633796 0.23532821983098987 0.0053051356226205834 -0.010640017222613095 11.141040325164797
decision_type=10 2 8 2 2 2 10 2 10 10 10 2 8 8
left_child=1 12 3 -3 5 6 -2 8 -8 -10 -7 -6 -1 -13
right_child=4 2 -4 -5 11 10 7 -9 9 -11 -12 13 -14 -15
leaf_value=0.015275356145768857 -0.013124295482215907 -0.0074971465829547961 0.0040779229204116743 0.0019381512372408283 -0.0052462119927351863 -0.031059957608337081 0.010310684802132181 0.014152640047550775 -0.01243708354649704 0.0040927877213584362 -0.010928046130429466 0.0036110319719534949 0.0043473317595209135 -9.3656420166291597e-05
leaf_weight=779.15501511096954 489.17848348990083 1965.6618914678693 4002.7750349380076 1193.4666791521013 2232.9548287671059 463.84151802025735 562.52922877296805 820.94300184771419 812.44509846158326 579.53066631406546 456.13596973195672 3948.8731581475586 1073.6621202379465 117276.33508117683
leaf_count=3254 2045 8373 17949 5119 10777 2063 2436 3497 3549 2431 2022 18241 4624 533095
internal_value=-3.16206e-05 0.00228817 0.000541622 -0.00393778 -0.000195621 -0.00393735 0.00100648 0.00353523 -0.000973694 -0.00557499 -0.0213032 -6.84874e-05 0.00900017 2.73105e-05
internal_weight=136657 9014.72 7161.9 3159.13 127643 4184.6 3264.63 2775.45 1954.5 1391.98 919.977 123458 1852.82 121225
internal_count=619475 39319 31441 13492 580156 18043 13958 11913 8416 5980 4085 562113 7878 551336
is_linear=0
shrinkage=0.05


Tree=232
num_leaves=15
num_cat=0
split_feature=72 69 68 69 72 69 68 69 69 68 72 68 69 68
split_gain=26.0167 141.888 71.3278 126.868 99.0004 123.718 95.6308 90.2719 82.0656 102.816 81.2156 77.444 71.2328 70.5078
threshold=0.0075098148081451663 0.015508298296481373 0.028900241479277614 0.08398406952619554 0.0057806863915175208 0.098293159157037749 0.056594353169202812 0.095161151140928282 0.064913291484117522 0.030144102871418003 0.0043264497071504602 0.053079243749380119 0.12592115253210071 0.043329991400241859
decision_type=8 8 10 8 10 10 10 10 10 10 10 10 10 10
left_child=1 13 3 -3 8 7 -7 -6 10 -10 -4 -11 -13 -1
right_child=-2 2 4 -5 5 6 -8 -9 9 11 -12 12 -14 -15
leaf_value=0.026858270150521585 -0.00056433726249987648 0.00090141988664177843 0.0079312690428036247 -0.0062052380409127264 0.0083367634275371555 0.002323425448761525 -0.019611658742809238 0.029661598019106891 0.020934283658555167 -0.0016147356191288575 -0.015198493078387797 0.023172821960849348 5.4361452189580678e-05 0.0028064394467361992
leaf_weight=759.37599448114634 76487.538349272683 20626.128023846075 488.26836922764778 9017.8103339131922 6280.8541729096323 7387.4365942049772 522.6858203522861 531.38712763041258 595.66218789294362 10577.983808102086 1614.5506622232497 631.52660689875484 693.36873846501112 508.75676374509931
leaf_count=3359 330952 100594 2603 43302 28889 33423 2574 2311 3020 51956 8273 2965 3321 2479
internal_value=4.77109e-05 0.000824856 0.000467535 -0.00126182 0.00221561 0.00510742 0.000851065 0.0100412 -0.000701666 0.000838349 -0.00981571 -0.000184051 0.0111651 0.0173065
internal_weight=136723 60235.8 58967.7 29643.9 29323.7 14722.4 7910.12 6812.24 14601.4 12498.5 2102.82 11902.9 1324.9 1268.13
internal_count=620021 289069 283231 143896 139335 67197 35997 31200 72138 61262 10876 58242 6286 5838
is_linear=0
shrinkage=0.05


Tree=233
num_leaves=15
num_cat=0
split_feature=28 23 68 2 1 3 69 73 68 73 73 74 73 74
split_gain=20.5363 21.7889 21.246 19.8167 26.0463 23.4659 35.7188 41.5185 63.2546 76.3824 46.6523 44.6514 41.2043 36.8135
threshold=1.3647391200065615 -0.020533311180770394 -0.065314467996358858 0.0097230398096144217 0.0056360953021794566 1.0000000180025095e-35 -0.044045876711606972 0.46266341209411627 0.016732051968574527 0.42794576287269598 0.43398194015026098 -0.0038184084696695204 0.30328534543514257 -0.010871912352740763
decision_type=2 2 8 2 10 2 8 2 10 2 2 2 2 2
left_child=3 -2 -3 4 -1 6 13 8 9 12 -10 -11 -8 -5
right_child=1 2 -4 5 -6 -7 7 -9 10 11 -12 -13 -14 -15
leaf_value=-0.025452319001151108 0.0018287700750750848 0.0073597705466080833 -0.0033060491761176219 -0.017579001789716209 -0.0013887204779851052 -0.00021713998097516748 0.0060361511209687845 0.00067472540886872028 0.027095208330638526 0.0011758265168109446 0.0051545079609233088 0.021191282633463746 -0.0027122691998781186 -0.00090827215531687948
leaf_weight=163.00550127774477 3190.0557560697198 478.76811583340168 10795.378655696288 471.17658390104771 324.8563625048846 87524.320848636329 2185.7195919044316 24874.11319212988 505.49499690532684 424.34198486059904 467.98916167020798 808.40871800482273 3468.0787055715919 1065.9941615015268
leaf_count=2985 13290 2017 47717 2182 3540 370807 9685 135801 2402 2058 2310 3942 16534 4726
internal_value=-3.42942e-05 -0.00181521 -0.00284699 0.000176491 -0.00977864 0.000217167 0.00132607 0.00167649 0.00484182 0.00314274 0.0167072 0.0143664 0.000674496 -0.00609881
internal_weight=136748 14464.2 11274.1 122283 487.862 121796 34271.3 32734.1 7860.03 6886.55 973.484 1232.75 5653.8 1537.17
internal_count=619996 63024 49734 556972 6525 550447 179640 172732 36931 32219 4712 6000 26219 6908
is_linear=0
shrinkage=0.05


Tree=234
num_leaves=15
num_cat=0
split_feature=72 69 72 69 73 69 72 71 71 69 69 72 71 69
split_gain=23.9797 127.484 72.9609 98.749 61.1698 58.1714 47.4714 148.176 131.379 143.581 276.7 120.391 120.102 112.095
threshold=0.0075098148081451663 0.015508298296481373 0.0076802673283964404 0.086992856115102782 0.79824545979499828 0.12041376903653146 0.0064558612648397693 -0.012753691989928482 0.0083840866573154944 0.056793365627527244 0.070649851113557829 0.0066108887549489745 0.0055757907684892425 0.099168736487627043
decision_type=10 8 10 8 2 10 8 2 2 8 8 10 2 8
left_child=1 4 3 -2 -1 -5 7 -3 9 -8 -11 13 -13 -12
right_child=2 6 -4 5 -6 -7 8 -9 -10 10 11 12 -14 -15
leaf_value=0.027444468708577516 0.0024606305756625568 -0.011804908476349029 -0.0003282925537600427 -0.022442045388828089 0.0057055057245304717 -0.0011989919702379041 -0.0054967147413065923 0.00023943324299617515 -0.0023519812869545517 0.034868752985257941 0.034015228519833567 0.0052829857449509816 -0.016687406225432907 0.0071979800542401736
leaf_weight=615.6650927811861 1172.3088629096746 2722.1171235628426 73701.01247918047 1159.8297042474151 684.12346148304641 446.42079328000546 1988.2874529063702 39074.171728180721 7570.8381680883467 937.00521036982536 633.6056261844933 4335.4928552564234 716.07807061448693 1005.947303224355
leaf_count=2713 5380 12474 318188 5248 3244 2046 8955 193913 34085 4068 2762 19330 3206 4531
internal_value=-4.09458e-05 0.00070472 -0.000628715 -0.00856765 0.0161334 -0.016582 0.000362048 -0.000547629 0.00257325 0.00644922 0.00956607 0.00597601 0.00214179 0.0177049
internal_weight=136763 60283.3 76479.6 2778.56 1299.79 1606.25 58983.5 41796.3 17187.3 9616.42 7628.13 6691.12 5051.57 1639.55
internal_count=620143 289281 330862 12674 5957 7294 283324 206387 76937 42852 33897 29829 22536 7293
is_linear=0
shrinkage=0.05


Tree=235
num_leaves=15
num_cat=0
split_feature=54 69 1 72 68 70 69 69 70 12 72 70 74 68
split_gain=23.9966 34.9769 68.0485 61.601 81.3839 61.0001 55.321 49.0014 38.7433 29.6534 29.1792 28.9636 101.093 99.2723
threshold=0.68789124488830578 0.11499396711587907 0.02546316105872393 0.0080492333509027975 0.02715934440493584 -0.0050334716215729705 0.13652693480253222 0.1560144051909447 -0.0017816664185374973 0.1348889842629433 0.0037568438565358524 -0.0084869600832462293 -0.0099405101500451547 -0.087453853338956819
decision_type=10 10 10 10 10 2 10 10 2 10 10 2 2 8
left_child=9 2 -2 4 -3 -6 -5 8 -7 11 -11 13 -13 -1
right_child=1 3 -4 6 5 7 -8 -9 -10 10 -12 12 -14 -15
leaf_value=0.010089510075329024 0.0055054536171155917 -0.019321010094308821 -8.9899430988486586e-05 -0.0012677893525356934 0.014754848194647306 -0.012202796025718915 0.011104950671889982 -0.015837582988356799 0.00097352907543703574 0.0068383377420998016 -0.0033530895923412907 0.0099246453640022773 1.0902305103490414e-05 -0.0035545167399769944
leaf_weight=1480.7870439104736 9567.4194857403636 801.07603226229548 12558.746476352215 2296.8464115895331 469.05686348676682 684.17971594631672 1477.2942152302712 722.24410810694098 2835.4465987160802 741.34374471381307 10923.953396877274 2650.4117182977498 76938.643344882876 12620.358946697786
leaf_count=6447 41770 3552 51166 9627 1971 2884 6160 3095 12225 4036 53206 11562 357676 54783
internal_value=3.76825e-05 0.00125037 0.00233094 -0.00132404 -0.00469036 -0.00216681 0.00359176 -0.00406828 -0.00161513 -0.000323973 -0.00270011 -2.78649e-05 0.000342247 -0.0021156
internal_weight=136768 31412.3 22126.2 9286.14 5512 4710.93 3774.14 4241.87 3519.63 105355 11665.3 93690.2 79589.1 14101.1
internal_count=620160 132450 92936 39514 23727 20175 15787 18204 15109 487710 57242 430468 369238 61230
is_linear=0
shrinkage=0.05


Tree=236
num_leaves=15
num_cat=0
split_feature=72 73 72 69 73 0 72 69 73 71 73 68 69 69
split_gain=25.0124 36.2798 33.8929 89.739 69.5572 30.6531 19.1942 70.9349 130.86 79.0384 131.797 89.9576 71.6878 61.4898
threshold=0.002945420797914267 0.66657599806785595 0.003391561447642744 0.075922116637229933 0.62245628237724315 0.023903237655758861 0.0045173054095357665 0.052512809634208686 0.46036471426486975 0.016836371272802356 0.52997323870658886 0.042158441618084914 0.11273750662803651 0.093763429671525969
decision_type=10 2 10 10 2 2 10 8 2 2 2 10 10 10
left_child=1 -1 3 4 -2 -6 7 8 -4 10 12 -12 -9 -11
right_child=2 -3 6 -5 5 -7 -8 9 -10 13 11 -13 -14 -15
leaf_value=-0.01936453822561356 0.019186357436329939 0.00027947580987339773 -0.0097633038348929769 0.028034783166334676 -0.012390209033195779 0.0040551175245773221 0.00017527921390408246 -0.030644317874160821 0.020639030204779744 -0.0056085680572623168 -0.00066599066071552785 -0.016344871992418474 -0.0050278656212135219 0.018526427799823122
leaf_weight=396.3594437353313 387.50639100000262 556.84554122388363 585.030403342098 381.63477790355682 627.68298424035311 503.05039413273335 121825.67563790828 691.60196168534458 868.22136757150292 421.7016426064074 7390.3489825837314 1034.2528385780752 454.67577290907502 678.81944699212909
leaf_count=2143 1945 3175 2730 1997 3999 2126 543406 3575 4426 2160 38390 5047 2081 3176
internal_value=2.37798e-05 -0.00800509 8.07001e-05 0.00669444 0.00118185 -0.00510246 -1.35981e-05 -0.00190997 0.00841699 -0.00332288 -0.00478382 -0.00260792 -0.0206148 0.00931107
internal_weight=136803 953.205 135850 1899.87 1518.24 1130.73 133950 12124.7 1453.25 10671.4 9570.88 8424.6 1146.28 1100.52
internal_count=620376 5318 615058 10067 8070 6125 604991 61585 7156 54429 49093 43437 5656 5336
is_linear=0
shrinkage=0.05


Tree=237
num_leaves=15
num_cat=0
split_feature=54 5 73 71 53 72 73 72 72 71 68 70 68 72
split_gain=30.9157 41.9187 61.7217 55.2624 45.2834 50.7092 43.9392 42.9527 145.621 88.3489 108.476 74.6827 71.561 132.055
threshold=0.39603215456008917 1.055416524410248 0.077547188848257079 -0.03858648054301738 -0.079531885683536516 0.0040517377201467761 0.23361199349164966 0.014742772094905378 0.013089691288769247 -0.0014267357764765618 -0.039554694667458527 -0.0084869600832462293 -0.016756311990320679 0.0085483356378972548
decision_type=8 2 2 2 10 10 2 8 10 2 10 2 10 10
left_child=1 2 -1 6 7 -6 -4 8 12 10 -9 -11 13 -5
right_child=-2 -3 3 4 5 -7 -8 9 -10 11 -12 -13 -14 -15
leaf_value=0.0178992668278154 0.00080490370090568466 -0.0028444913049935818 -0.019681467408094424 -0.0084272633125733725 0.0069933012081388711 -0.0049056749463472805 -0.0022449380088549425 0.00192409584079075 -0.011087321000249041 -0.014985079618587381 0.025361385818168915 0.0032695183722621052 0.00029153187884663846 0.015166454430968547
leaf_weight=468.69380048289895 69826.10789049603 16977.485188450664 618.62017042376101 818.89425813034177 1022.9108704961836 6759.2225166633725 856.62132229469717 1015.1561395451427 2666.3006180282682 639.80346541851759 954.40366007387638 4058.3882515896112 27842.355047296733 2090.6470163837075
leaf_count=2068 308698 76662 2615 3521 6876 40584 3695 4238 11390 2749 3953 17003 126680 8744
internal_value=6.93381e-05 -0.000699676 3.17685e-05 -0.000141541 0.000153143 -0.00333466 -0.00963997 0.000830915 9.93443e-05 0.00449185 0.013352 0.000757045 0.00107256 0.00851985
internal_weight=136616 66789.5 49812 49343.3 47868.1 7782.13 1475.24 40085.9 33418.2 6667.75 1969.56 4698.19 30751.9 2909.54
internal_count=619476 310778 234116 232048 225738 47460 6310 178278 150335 27943 8191 19752 138945 12265
is_linear=0
shrinkage=0.05


Tree=238
num_leaves=15
num_cat=0
split_feature=71 84 71 70 72 72 68 71 71 70 70 68 69 70
split_gain=22.7378 109.668 114.38 71.6472 96.9789 181.39 107.041 71.6402 71.192 63.4939 133.641 47.8161 44.2957 66.2235
threshold=0.029265975579619411 2.5000000000000004 0.034285780042409904 -0.0030069178901612754 0.013693704269826414 0.0097058657556772249 0.027434749528765682 0.028214596211910251 0.055280340835452087 0.00051583698950707923 0.0050036716274917134 0.032078532502055175 0.084702219814062132 0.0030705406097695236
decision_type=2 2 2 2 10 10 10 2 2 2 2 8 8 2
left_child=7 2 9 -4 5 -5 -7 -1 -6 -2 -11 12 13 -3
right_child=1 11 3 4 8 6 -8 -9 -10 10 -12 -13 -14 -15
leaf_value=-0.0001329171541274563 -0.0069802893026023665 0.021413482758376887 -0.020363713066211441 0.010834891805549527 0.01292528357467315 -0.032973066535249555 -0.0076766707011974335 -0.018921979060250217 -0.0055408570327958118 0.032729711111140522 0.0023733157902523488 0.0014914066989926695 0.022470380459981367 0.0027176923901594137
leaf_weight=124015.24215404876 526.05026779323816 665.1780222505331 715.08955291844904 712.32259454764426 1128.6754509098828 756.50623609498143 938.16244984790683 499.41025430336595 955.6410996504128 546.65870782732964 1044.7789464052767 1808.0020003728569 727.35015322640538 1599.0901202205569
leaf_count=565030 2312 2749 3079 3172 4742 3339 4237 2360 4064 2315 4561 7827 3131 6792
internal_value=-8.46897e-06 0.00205768 -0.00179223 -0.00577502 -0.00341218 -0.0102303 -0.0190963 -0.000209791 0.00447269 0.00798163 0.01294 0.00792388 0.0117935 0.00827999
internal_weight=136638 12123.5 7323.89 5206.4 4491.31 2406.99 1694.67 124515 2084.32 2117.49 1591.44 4799.62 2991.62 2264.27
internal_count=619710 52320 31821 22633 19554 10748 7576 567390 8806 9188 6876 20499 12672 9541
is_linear=0
shrinkage=0.05


Tree=239
num_leaves=15
num_cat=0
split_feature=15 73 69 69 69 73 73 69 70 70 71 71 68 68
split_gain=22.3677 20.2542 108.405 82.2353 71.7757 102.164 115.67 74.6082 106.533 104.084 80.808 74.2402 65.8939 64.465
threshold=11.331313133239748 0.31674617528915411 0.039528355002403266 0.049500988796353347 0.013193483930081131 0.22354310005903247 0.29116751253604894 -0.051937524229288094 0.0018135212012566628 -0.0025170268490910526 -0.02404883503913879 0.011539016384631397 -0.065314467996358858 -0.022642364725470539
decision_type=8 2 10 10 10 2 2 10 2 2 2 2 10 10
left_child=-1 2 4 -4 7 -6 -7 -2 9 12 -10 -12 -9 -3
right_child=1 13 3 -5 5 6 -8 8 10 -11 11 -13 -14 -15
leaf_value=0.003169168407576417 -0.0015647254714907138 -0.006650189873826113 0.028387841060768127 0.0044289437604215949 0.0093557172107318065 -0.030659351451335151 0.00054739750409723577 0.017430817485484838 -0.0017295198482505114 -0.018313792741534125 0.030836093515540841 0.0077468106946385288 0.00050422493249550101 -0.00032240512828633034
leaf_weight=4791.1817871406674 9478.8877159617841 4169.1252477448434 593.92116147652268 891.23952909559011 495.71079641580582 690.51950205862522 514.8111122995615 730.396588858217 523.35876398906112 592.04890853911638 828.28626175969839 610.25275940820575 2576.2538565229625 109149.78739228286
leaf_count=22082 40143 17924 2572 3743 2148 3153 2203 3014 2157 2535 3433 2513 10779 501515
internal_value=-0.000183136 -0.000305189 0.0012271 0.014136 9.43995e-05 -0.00961923 -0.0174357 0.00117714 0.00560692 0.000814586 0.0150779 0.0211623 0.00428437 -0.000555777
internal_weight=136636 131845 18525.7 1485.16 17040.5 1701.04 1205.33 15339.5 5860.6 3898.7 1961.9 1438.54 3306.65 113319
internal_count=619914 597832 78393 6315 72078 7504 5356 64574 24431 16328 8103 5946 13793 519439
is_linear=0
shrinkage=0.05


Tree=240
num_leaves=15
num_cat=0
split_feature=31 8 53 70 54 65 58 6 70 74 54 53 70 53
split_gain=17.5333 27.9958 25.2688 42.8566 31.8369 30.0346 28.2771 25.8203 23.6699 24.1217 23.5486 32.1269 22.7753 21.623
threshold=17.581121444702152 1.0000000180025095e-35 -0.098183732479810701 0.016361031681299213 0.56938990950584423 -0.074437968432903276 -0.0060302151832729569 1.1498903036117556 -0.0091816666536033136 -0.0074305415619164697 0.1317044869065285 -0.31943537294864649 0.0033417483791708951 -0.12913642078638074
decision_type=2 2 8 2 8 10 2 10 2 2 10 10 2 8
left_child=-1 2 5 6 -5 -2 -4 -8 13 -10 11 -7 -11 -3
right_child=1 8 3 4 -6 10 7 -9 9 12 -12 -13 -14 -15
leaf_value=-0.00086649664349403184 -0.0010979263384176062 -0.011398540485262849 0.0020852000856841973 -0.0010880430473563501 0.015702138758426271 0.0041024244947958192 -0.0021647570786640252 0.008229736595024453 0.011317393056092896 0.00050295843731517373 0.0023222492022374817 -0.0026721773027136016 0.005697663956821036 0.0032326156939490886
leaf_weight=42053.85238196142 14926.441195081919 524.46623562835157 5159.5765752643347 492.5289555862546 647.73191414028406 2455.3700243756175 27465.660677712411 601.08263671770692 898.4603773728013 4899.168642392382 26272.147760335356 6022.4683779589832 3699.0775109604001 472.07430438697338
leaf_count=186382 62711 2223 23209 2337 2728 10283 138238 2858 4084 24306 112326 28079 17580 2221
internal_value=-1.72626e-05 0.000360565 5.63965e-05 -0.000985801 0.00850331 0.000777451 -0.00131391 -0.00193929 0.00279436 0.00356418 0.00158308 -0.000707581 0.00274181 -0.00450431
internal_weight=136590 94536.3 84043 34366.6 1140.26 49676.4 33226.3 28066.7 10493.2 9496.71 34750 8477.84 8598.25 996.541
internal_count=619565 433183 382769 169370 5065 213399 164305 141096 50414 45970 150688 38362 41886 4444
is_linear=0
shrinkage=0.05


Tree=241
num_leaves=15
num_cat=0
split_feature=73 73 68 68 68 68 69 73 73 70 73 68 70 68
split_gain=18.948 108.772 75.1943 112.673 166.253 184.286 174.859 122.263 196.92 120.269 114.183 139.859 120.634 171.774
threshold=0.62452375888824474 0.62245628237724315 0.03362549655139447 0.023331013508141044 0.016732051968574527 0.016201747581362728 0.099554911255836501 0.55456766486167919 0.46266341209411627 0.010040354914963247 0.54551473259925853 -0.0014465640415437517 -0.00058230204740539182 0.012093733064830305
decision_type=2 2 10 10 10 10 10 2 2 2 2 10 2 10
left_child=1 2 3 4 5 6 10 8 -6 -9 -1 -12 13 -13
right_child=-2 -3 -4 -5 7 -7 -8 9 -10 -11 11 12 -14 -15
leaf_value=0.00013577381462071802 -0.00078476744698426136 0.023194013618311402 0.0060553203266279715 -0.0055362348383413001 0.015865529158684787 -0.030391343759886547 0.013310938512270044 0.013863374222483413 -0.0089044099797704005 -0.013146362596368082 0.019135474596363285 -0.023803772241293038 -0.0025954063962287644 0.0043998112609189444
leaf_weight=49272.338322965428 54481.052499674261 510.87341924011707 5248.9419704414904 8536.2061364445835 1217.0611330531538 498.06647653505206 2307.7213312573731 4957.1222187168896 2308.3727686405182 441.64128524251282 475.12306394428015 2067.5369855314493 3541.9228234365582 725.64652187377214
leaf_count=214006 256422 2357 23331 39080 5185 2276 9938 22837 10430 1890 1979 9472 16973 3515
internal_value=-6.18865e-05 0.0004178 0.000272376 -0.00012594 0.000555821 -0.000408342 -0.000147428 0.00691141 -0.000332567 0.0116336 -0.000703496 -0.00676695 -0.00873668 -0.0164872
internal_weight=136590 82108.6 81597.7 76348.8 67812.6 58888.4 58390.3 8924.2 3525.43 5398.76 56082.6 6810.23 6335.11 2793.18
internal_count=619691 363269 360912 337581 298501 258159 255883 40342 15615 24727 245945 31939 29960 12987
is_linear=0
shrinkage=0.05


Tree=242
num_leaves=15
num_cat=0
split_feature=15 3 72 70 72 70 73 26 69 69 53 5 17 66
split_gain=22.4634 26.0872 33.4288 30.6337 27.788 40.3427 48.6341 33.2504 24.3881 34.5277 22.1483 29.4613 24.1798 25.6367
threshold=23.356156349182132 1.0000000180025095e-35 0.015816953964531425 0.016979017294943336 0.019033129326999191 -0.0061899872962385407 0.30808228254318243 -0.076725188642740236 -0.12024196237325667 -0.09301410615444182 -0.23784310370683667 0.77515429258346569 1.2051516771316531 1.0000000180025095e-35
decision_type=8 2 10 2 10 2 2 8 8 8 10 2 8 10
left_child=1 2 3 -1 8 -6 -7 -8 -3 -10 -2 -12 -13 -14
right_child=10 4 -4 -5 5 6 7 -9 9 -11 11 12 13 -15
leaf_value=0.0021862911276960806 0.00050169614630269711 0.0089812382570423326 -0.009084616400482394 0.016062975492899322 0.014791781845868174 -0.0071644432207502986 0.017361852139083946 0.00038580867234793716 -0.011327462525079494 -0.00019142719057201849 -0.014334283821790535 0.0095235221635878754 -0.0034669944647031971 -0.00053452708564694171
leaf_weight=21025.901764033362 26021.709719963372 699.85442048311234 637.45983427576721 395.69971276447177 742.79837149381638 932.91477978229523 519.68683262169361 634.35410012304783 696.40680785477161 47554.672956485301 425.49349535815418 503.61609578877687 10586.878113400191 25138.400588827208
leaf_count=111292 110840 2987 3014 1846 3101 3868 2140 2632 2939 200593 2896 2272 50602 118256
internal_value=8.23703e-05 0.000673239 0.00211271 0.00245 5.97234e-05 0.00486828 0.00128257 0.00811393 -0.000219187 -0.000354467 -0.000613738 -0.00140553 -0.00124977 -0.00140427
internal_weight=136516 73839.7 22059.1 21421.6 51780.7 2829.75 2086.96 1154.04 48950.9 48251.1 62676.1 36654.4 36228.9 35725.3
internal_count=619278 334412 116152 113138 218260 11741 8640 4772 206519 203532 284866 174026 171130 168858
is_linear=0
shrinkage=0.05


Tree=243
num_leaves=15
num_cat=0
split_feature=59 71 84 71 71 19 69 69 64 12 69 71 74 5
split_gain=16.5463 20.3428 90.4696 94.5746 65.6726 54.0191 75.1709 62.5293 50.4147 42.823 41.9934 41.3099 41.1805 37.0643
threshold=6.5000000000000009 0.029265975579619411 2.5000000000000004 0.034285780042409904 0.03842632286250592 0.0044741807505488404 0.046791307628154762 -0.032438075169920914 -0.040543258190155022 0.1348889842629433 0.015508298296481373 0.027253056876361374 0.0070995052810758361 0.99184209108352672
decision_type=10 2 2 2 2 8 8 8 2 8 10 2 2 2
left_child=1 11 3 9 12 6 8 -7 -5 10 -3 -1 -4 -13
right_child=-2 2 4 5 -6 7 -8 -9 -10 -11 -12 13 -14 -15
leaf_value=-0.00014489879567219872 -0.0045656140057174117 0.001027088807054582 0.0066648352834366709 0.0047897016517650364 0.013546161465189225 -0.00035634764094524081 0.0088574075746300218 -0.016804738780459631 -0.015606991081505062 -0.0039727596766503245 0.018621554958582403 -0.0017599950765557347 -0.0068111358180245321 -0.020959591234392602
leaf_weight=121928.47565235198 2040.448255777359 543.00845940411091 1505.0120931621641 462.66552584804595 2223.9586765561253 927.4866381213069 1193.8911166116595 1524.4498950988054 847.01762123033404 579.58217498101294 898.70158230513334 572.88161198794842 896.2523434497416 440.73774027079344
leaf_count=556536 8390 2327 6413 2025 9381 3837 5252 6689 3807 2548 3915 2627 3953 2017
internal_value=-0.000107898 -3.99598e-05 0.00196048 -0.00163467 0.00737532 -0.00535056 -0.000178306 -0.0106096 -0.00841985 0.00745691 0.0120475 -0.000228885 0.00162765 -0.0102315
internal_weight=136585 134544 11602 6976.8 4625.22 4955.51 2503.57 2451.94 1309.68 2021.29 1441.71 122942 2401.26 1013.62
internal_count=619717 611327 50147 30400 19747 21610 11084 10526 5832 8790 6242 561180 10366 4644
is_linear=0
shrinkage=0.05


Tree=244
num_leaves=15
num_cat=0
split_feature=72 69 72 71 71 72 72 74 71 70 72 74 69 71
split_gain=20.6171 109.495 68.3398 78.2731 61.8241 59.111 135.873 113.503 134.524 85.026 52.2649 89.5027 97.7231 109.866
threshold=0.0075098148081451663 0.015508298296481373 0.0076802673283964404 0.0083840866573154944 -0.0029069539159536357 0.0080920867621898668 0.007961741182953121 -0.00074055494042113413 -0.0021499824943020935 -0.00090151707991026331 0.011205004528164865 -0.024679644964635369 0.08398406952619554 -0.015521171502768992
decision_type=8 8 8 2 2 8 10 2 2 2 10 2 10 2
left_child=1 -1 3 4 -2 6 7 -4 -9 -8 11 -7 -13 -14
right_child=2 -3 5 -5 -6 10 9 8 -10 -11 -12 12 13 -15
leaf_value=0.014964218906211208 -0.011581077053694988 0.00030272802922865708 -0.014852116628177175 -0.019740575496204935 0.0068964994016711655 0.018281758851770292 0.0065927621491603501 0.029296029108047683 -0.0032131097225758971 0.033394721716810884 0.00056188795279481392 -0.0047549740178746249 0.015370710097299373 -0.00057796981330586429
leaf_weight=1291.6219774633646 873.227717962116 58850.151175206527 899.96706176921725 964.27219916507602 919.25441500730813 515.047393579036 614.58307464048266 470.30861015617847 937.97968605533242 571.95536449924111 39392.839880194515 18828.149537352845 1197.2932211197913 10221.997066598386
leaf_count=5909 3917 282846 3972 4550 4150 2186 2686 2035 4187 2444 167866 82752 4983 45275
internal_value=-7.24027e-05 0.000620038 -0.00061745 -0.00833208 -0.00211937 -0.000327596 0.00600954 -0.00107398 0.00777358 0.0196834 -0.000644093 -0.00218809 -0.00254257 0.00110621
internal_weight=136549 60141.8 76406.9 2756.75 1792.48 73650.1 3494.79 2308.26 1408.29 1186.54 70155.3 30762.5 30247.4 11419.3
internal_count=619758 288755 331003 12617 8067 318386 15324 10194 6222 5130 303062 135196 133010 50258
is_linear=0
shrinkage=0.05


Tree=245
num_leaves=15
num_cat=0
split_feature=27 2 23 62 71 18 59 58 69 69 71 68 73 69
split_gain=17.6005 28.74 19.687 19.0027 43.5155 18.4903 18.3355 31.4094 30.6752 35.0007 29.2055 79.3226 35.2744 27.3054
threshold=0.5065525770187379 0.033787399530410774 -0.088393606245517717 1.0000000180025095e-35 -0.0031737261451780792 63.093481063842781 1.5000000000000002 0.012330512050539257 -0.12452897801995276 -0.078645620495080934 0.035638667643070228 0.01949337869882584 0.85278713703155529 -0.12024196237325667
decision_type=2 2 2 2 2 2 8 2 8 8 2 8 2 8
left_child=1 5 -2 6 -5 -1 13 8 -8 -10 12 -12 -11 -4
right_child=2 -3 3 4 -6 -7 7 -9 9 10 11 -13 -14 -15
leaf_value=-0.0032322242497354438 -0.0065053889335238762 0.00071825863101992375 0.0063037897211630257 -0.011645564169030181 0.0032613936063204045 -0.011229052872432296 -0.0072446831025530858 -0.001255983326014506 0.012267619121988668 0.0027212131955166282 0.0077270651801212356 -0.01355084556114688 0.016028661960965192 -6.4188462684921575e-05
leaf_weight=3941.387120148167 1065.2409157305956 4911.7059790194035 1703.5753191150725 1024.2615154907107 922.97974061965942 879.88822757638991 752.89675115048885 7331.4585290700197 954.39831232279539 15338.521867051721 811.0993048325181 930.13758338987827 505.27609619498253 95556.964197533205
leaf_count=18817 4449 20013 7231 4223 3809 4896 3168 30212 3949 63459 3301 3964 2103 446430
internal_value=7.43253e-05 -0.00197366 0.000231549 0.000289093 -0.0045992 -0.00471188 0.000366294 0.00152866 0.00258698 0.00298994 0.00247972 -0.00365169 0.00315544 4.7987e-05
internal_weight=136630 9732.98 126897 125832 1947.24 4821.28 123884 26623.8 19292.3 18539.4 17585 1741.24 15843.8 97260.5
internal_count=620024 43726 576298 571849 8032 23713 563817 110156 79944 76776 72827 7265 65562 453661
is_linear=0
shrinkage=0.05


Tree=246
num_leaves=15
num_cat=0
split_feature=5 5 73 69 72 69 72 73 73 71 72 73 26 72
split_gain=22.5594 50.5573 21.1013 116.012 88.0768 69.5028 78.0614 75.4819 100.486 63.0154 61.6882 85.5964 65.8978 82.1152
threshold=0.71594694256782543 0.65828904509544384 0.31674617528915411 0.039528355002403266 0.0085483356378972548 0.013193483930081131 0.013693704269826414 0.22354310005903247 0.29116751253604894 -0.047279346734285348 0.014212233014404775 0.12987624853849414 0.19345887005329135 0.014910137746483089
decision_type=2 2 2 10 10 10 8 2 2 2 8 2 8 10
left_child=1 -1 3 5 -5 6 9 -7 -9 -2 11 -8 13 -12
right_child=2 -3 -4 4 -6 7 10 8 -10 -11 12 -13 -14 -15
leaf_value=-0.022007930832888007 -0.0099125935867200865 0.0024758246194062357 -0.00039562535331871557 -0.0025338372525704209 0.02306829458806408 0.0068500774006373492 0.0033164147729036978 -0.028751783614678936 0.00012989973758034979 0.0079493463254466674 0.020289993947435588 -0.024604995105735886 -0.01339907477722886 0.00010761869070578074
leaf_weight=366.20321354828775 540.88132693618536 475.63204917125404 116933.36535814591 497.95350265875459 1010.8816011659801 506.13053585216403 484.54077754914761 672.46229094080627 538.87049456313252 4865.6610265672207 529.25421768054366 616.83255349099636 814.34665971249342 7707.8641451112926
leaf_count=2338 2249 2282 535653 2105 4328 2190 2007 3100 2299 20345 2199 2663 3461 32533
internal_value=-0.000196631 -0.00830808 -0.000145709 0.00140931 0.0146579 0.00024446 0.00130006 -0.00927092 -0.0160077 0.0061474 -0.00128473 -0.0124019 8.01823e-05 0.00142741
internal_weight=136561 841.835 135719 18785.7 1508.84 17276.8 15559.4 1717.46 1211.33 5406.54 10152.8 1101.37 9051.47 8237.12
internal_count=619752 4620 615132 79479 6433 73046 65457 7589 5399 22594 42863 4670 38193 34732
is_linear=0
shrinkage=0.05


Tree=247
num_leaves=15
num_cat=0
split_feature=5 54 53 58 27 73 8 70 70 70 70 70 69 84
split_gain=25.0808 36.2667 33.4968 34.4466 28.2739 28.1107 27.1888 26.4312 96.762 59.4898 56.0943 47.4155 78.7767 45.6976
threshold=1.0826307535171511 0.5944562852382661 -0.078298907727003084 0.026576809585094455 1.4178894162178042 0.12987624853849414 1.0000000180025095e-35 -0.0091816666536033136 -0.012401808984577654 -0.013283688575029371 -0.0071474877186119548 -0.0058640849310904733 0.10580578073859216 3.5000000000000004
decision_type=2 8 10 2 2 2 2 2 2 2 2 2 8 2
left_child=2 4 3 7 5 -2 -4 8 9 13 -9 12 -12 -1
right_child=1 -3 6 -5 -6 -7 -8 10 -10 -11 11 -13 -14 -15
leaf_value=0.0025968218246693775 0.0033031020893617442 0.00098809102154327321 -0.0017236043249913289 -0.0058870099549391854 0.0002844877157257767 -0.0048809828400681893 0.0026794771201336526 0.0075489649362467173 -0.0088083224545953947 0.014985663994866864 -0.009778409763841131 0.0014306629552740078 0.012650909243061344 -0.0078030669308354703
leaf_weight=4820.1753581706434 1160.6165994741023 11558.533787831664 22645.133370580152 1767.6835138201714 5575.3860430456698 10341.357080470771 4138.7472922448069 3617.7624652422965 2965.150965789333 769.31577085331082 2054.0771004892886 63216.276547318324 474.02839034795761 1341.9263565484434
leaf_count=20395 4879 48701 116598 7281 24627 46959 22309 15402 12697 3227 8837 279676 2068 5794
internal_value=0.000140793 -0.00117428 0.000490172 0.000996867 -0.00263757 -0.00405301 -0.00104248 0.00115112 -0.00126518 0.0019697 0.00149601 0.00116183 -0.00553956 0.000323056
internal_weight=136446 28635.9 107810 81026.4 17077.4 11502 26783.9 79258.7 9896.57 6931.42 69362.1 65744.4 2528.11 6162.1
internal_count=619450 125166 494284 355377 76465 51838 138907 348096 42113 29416 305983 290581 10905 26189
is_linear=0
shrinkage=0.05


Tree=248
num_leaves=15
num_cat=0
split_feature=17 71 74 58 69 71 74 84 68 68 73 69 74 74
split_gain=18.9639 30.1966 25.912 22.8541 57.6759 59.4048 80.1117 119.304 70.5096 80.539 59.293 66.7635 52.5866 48.3906
threshold=94.355678558349624 0.048369815573096282 0.020718611776828769 0.0039262387435883292 0.07277256622910501 0.017012067139148716 0.0069592213258147248 1.5000000000000002 0.053079243749380119 0.040790459141135223 0.73703569173812877 -0.017013531178236004 0.0010130195878446104 -0.0045428376179188481
decision_type=8 2 2 2 10 2 2 2 10 8 2 10 2 2
left_child=3 2 -2 -1 5 8 12 -8 9 -5 11 -9 -7 -6
right_child=1 -3 -4 4 13 6 7 10 -10 -11 -12 -13 -14 -15
leaf_value=-0.00035535414771201997 -0.0019155724816522569 -0.013098945268666524 0.0099983028313021666 0.0039220945793776293 0.005499862970866575 -0.0027271483134732955 -0.020773096407430157 0.0048738183244310673 -0.0085169728024003227 0.01772392514063215 0.014873379581994998 -0.01515324257900862 0.0142254814456069 -0.0024428081801727425
leaf_weight=86686.474853465334 10962.90380025655 572.04344011098146 466.34879567846656 15492.572154466063 2241.4035156853497 860.16202401742339 1030.6777115315199 864.14322567731142 1036.9722621068358 1125.7673646137118 494.39919723570347 786.25860957056284 960.49387148022652 12937.270110357553
leaf_count=398298 52034 2498 2018 67559 9603 3660 4426 3555 4561 4765 2090 3389 4172 57239
internal_value=-9.0876e-05 -0.0019882 -0.00142113 9.2139e-05 0.00111738 0.00271505 -0.00209519 -0.00688169 0.00407668 0.00486716 -0.000140785 -0.00470096 0.00624513 -0.00126708
internal_weight=136518 12001.3 11429.3 124517 37830.1 22651.4 4996.13 3175.48 17655.3 16618.3 2144.8 1650.4 1820.66 15178.7
internal_count=619867 56550 54052 563317 165019 98177 21292 13460 76885 72324 9034 6944 7832 66842
is_linear=0
shrinkage=0.05


Tree=249
num_leaves=15
num_cat=0
split_feature=68 71 68 70 70 69 74 70 69 69 70 74 74 74
split_gain=27.0741 108.965 90.9835 90.8359 121.478 88.1869 149.67 131.158 127.001 89.3181 80.9582 85.4193 78.9926 90.5417
threshold=0.012093733064830305 -0.0083502870984375459 0.0050384802743792543 -0.0094763874076306803 0.0041715251281857499 0.04846692085266114 0.0043436521664261827 0.0059973972383886584 0.041611669585108764 0.09693481028079988 -0.0041363756172358981 -0.0068033426068723193 0.0097516253590583819 0.015859296545386318
decision_type=10 2 10 2 2 8 2 2 10 8 2 2 2 2
left_child=2 3 -1 -2 10 6 8 9 -4 -7 11 -5 -9 -14
right_child=1 -3 5 4 -6 7 -8 12 -10 -11 -12 -13 13 -15
leaf_value=-3.7138713592181755e-06 -0.0067706478440379336 -9.9576306765176463e-05 0.0023039556958161459 0.01483661711706551 -0.0018406155436156717 -0.01688710317029754 -0.013959408019281392 0.021535778960991091 0.030757696300521178 -0.0026749027750634781 0.019110650309579535 -0.0072001601117250933 -0.018875447309507392 0.010837540262925318
leaf_weight=44931.351344648749 1116.9061440378428 74310.786924563348 1808.7745066769421 983.79582595452666 1897.9662535339594 3506.0241892840713 1084.1795126553625 456.69021653197706 491.41135664656758 1618.7337586544454 2505.733801625669 780.48072712495923 478.86896022595465 529.68376632779837
leaf_count=194729 4914 347705 7828 4202 8134 16715 4855 2104 2404 7275 10959 3395 2301 2223
internal_value=-0.000104759 0.000472859 -0.00096309 0.00630422 0.00867897 -0.00528044 0.00127816 -0.00864551 0.00848963 -0.0124119 0.0133482 0.00510235 0.00452248 -0.00331723
internal_weight=136501 81595.7 54905.7 7284.88 6167.98 9974.37 3384.37 6590 2300.19 5124.76 4270.01 1764.28 1465.24 1008.55
internal_count=619743 379309 240434 31604 26690 45705 15087 30618 10232 23990 18556 7597 6628 4524
is_linear=0
shrinkage=0.05


end of trees

feature_importances:
spy_c_sma200=534
spy_rv20=428
spy_c_sma50=392
breadth50=371
spy_ret5=334
univ_ret1=286
spy_ret1=270
atr_pct=180
dist_lo252=75
entry_weekday=58
relvol=49
dist_hi252=49
range20=42
atr_ratio=41
adx14=33
hit3_60=32
rv20=31
sma20_slope=24
resist_room=23
sma50_200=21
gap_last=20
gap_up_count20=18
roc60=17
bb_squeeze=16
relvol5=15
hit3_20=14
roc1=13
dist_hi60=13
rsi14=12
bb_width=11
macd_hist=11
rsi2=8
c_sma200=6
stoch_d=6
roc5=6
rs60=6
dist_lo20=5
rs_today=5
gap_dn_filled=4
rs20=4
fib_ext_room=4
c_sma10=2
roc20=2
rs5=2
bb_pctb=1
obv_slope=1
log_dollar_vol=1
dist_hi20=1
dist_lo60=1
close_loc=1
fib_room_up=1

parameters:
[boosting: gbdt]
[objective: binary]
[metric: binary_logloss]
[tree_learner: serial]
[device_type: cpu]
[data_sample_strategy: bagging]
[data: ]
[valid: ]
[num_iterations: 250]
[learning_rate: 0.05]
[num_leaves: 15]
[num_threads: 4]
[seed: 7]
[deterministic: 0]
[force_col_wise: 0]
[force_row_wise: 0]
[histogram_pool_size: -1]
[max_depth: -1]
[min_data_in_leaf: 2000]
[min_sum_hessian_in_leaf: 0.001]
[bagging_fraction: 0.7]
[pos_bagging_fraction: 1]
[neg_bagging_fraction: 1]
[bagging_freq: 1]
[bagging_seed: 17422]
[bagging_by_query: 0]
[feature_fraction: 0.6]
[feature_fraction_bynode: 1]
[feature_fraction_seed: 7040]
[extra_trees: 0]
[extra_seed: 6516]
[early_stopping_round: 0]
[early_stopping_min_delta: 0]
[first_metric_only: 0]
[max_delta_step: 0]
[lambda_l1: 0]
[lambda_l2: 10]
[linear_lambda: 0]
[min_gain_to_split: 0]
[drop_rate: 0.1]
[max_drop: 50]
[skip_drop: 0.5]
[xgboost_dart_mode: 0]
[uniform_drop: 0]
[drop_seed: 15215]
[top_rate: 0.2]
[other_rate: 0.1]
[min_data_per_group: 100]
[max_cat_threshold: 32]
[cat_l2: 10]
[cat_smooth: 10]
[max_cat_to_onehot: 4]
[top_k: 20]
[monotone_constraints: ]
[monotone_constraints_method: basic]
[monotone_penalty: 0]
[feature_contri: ]
[forcedsplits_filename: ]
[refit_decay_rate: 0.9]
[cegb_tradeoff: 1]
[cegb_penalty_split: 0]
[cegb_penalty_feature_lazy: ]
[cegb_penalty_feature_coupled: ]
[path_smooth: 0]
[interaction_constraints: ]
[verbosity: -1]
[saved_feature_importance_type: 0]
[use_quantized_grad: 0]
[num_grad_quant_bins: 4]
[quant_train_renew_leaf: 0]
[stochastic_rounding: 1]
[linear_tree: 0]
[max_bin: 255]
[max_bin_by_feature: ]
[min_data_in_bin: 3]
[bin_construct_sample_cnt: 200000]
[data_random_seed: 61]
[is_enable_sparse: 1]
[enable_bundle: 1]
[use_missing: 1]
[zero_as_missing: 0]
[feature_pre_filter: 1]
[pre_partition: 0]
[two_round: 0]
[header: 0]
[label_column: ]
[weight_column: ]
[group_column: ]
[ignore_column: ]
[categorical_feature: ]
[forcedbins_filename: ]
[precise_float_parser: 0]
[parser_config_file: ]
[objective_seed: 15521]
[num_class: 1]
[is_unbalance: 0]
[scale_pos_weight: 1]
[sigmoid: 1]
[boost_from_average: 1]
[reg_sqrt: 0]
[alpha: 0.9]
[fair_c: 1]
[poisson_max_delta_step: 0.7]
[tweedie_variance_power: 1.5]
[lambdarank_truncation_level: 30]
[lambdarank_norm: 1]
[label_gain: ]
[lambdarank_position_bias_regularization: 0]
[eval_at: ]
[multi_error_top_k: 1]
[auc_mu_weights: ]
[num_machines: 1]
[local_listen_port: 12400]
[time_out: 120]
[machine_list_filename: ]
[machines: ]
[gpu_platform_id: -1]
[gpu_device_id: -1]
[gpu_device_id_list: ]
[gpu_use_dp: 0]
[num_gpu: 1]

end of parameters

pandas_categorical:null
