tree
version=v4
num_class=1
num_tree_per_iteration=1
label_index=0
max_feature_idx=84
objective=binary sigmoid:1
feature_names=atr_pct rv20 range20 hit3_20 hit3_60 atr_ratio bb_pctb bb_width bb_squeeze c_sma10 c_sma20 c_sma50 c_sma200 sma20_slope sma50_200 adx14 di_diff rsi2 rsi14 macd_hist macd_cross_up stoch_k stoch_d roc1 roc5 roc20 roc60 relvol relvol5 obv_slope updown_vol log_dollar_vol cdl_doji cdl_hammer cdl_inv_hammer cdl_shooting_star cdl_hanging_man cdl_bull_engulf cdl_bear_engulf cdl_piercing cdl_dark_cloud cdl_morning_star cdl_evening_star cdl_three_white cdl_three_black cdl_bull_harami cdl_bear_harami cdl_bull_marubozu cdl_bear_marubozu dist_hi20 dist_lo20 dist_hi60 dist_lo60 dist_hi252 dist_lo252 breakout20 support_test resist_room gap_last gap_up_count20 gap_dn_count20 gap_up_held gap_dn_filled close_loc rs5 rs20 rs60 rs_today spy_c_sma50 spy_c_sma200 spy_ret1 spy_ret5 spy_rv20 breadth50 univ_ret1 fib_retr fib_near fib_golden fib_room_up fib_ext_room ew_w3 ew_w4 ew_w5 ew_abc entry_weekday
feature_infos=[0.00053180434042587876:5.5263910293579102] [0.00012302503455430269:1.364818811416626] [4.8210196837317199e-05:0.57132077217102051] [0:1] [0:0.88333332538604736] [0.023042825981974602:2.6174380779266357] [-0.54970777034759521:1.5583778619766235] [0.00021557914442382753:9.6338615417480469] [0:1] [-0.88663673400878906:4.1306576728820801] [-0.90250450372695923:6.3943696022033691] [-0.93358290195465088:15.657626152038574] [-0.99777567386627197:59.320579528808594] [-0.70053482055664062:69.197219848632812] [-0.99821299314498901:2.9737334251403809] [5.1877145767211914:85.416534423828125] [-98.660186767578125:96.956062316894531] [0:99.999961853027344] [0:100] [-1.3770512342453003:1.3816708326339722] [0:1] [0:100] [0:100] [-0.79376310110092163:10.0625] [-0.91899442672729492:476.72222900390625] [-0.91705334186553955:2229.4072265625] [-0.99312466382980347:2229.4072265625] [0:19.940883636474609] [0:4] [-2:2] [-18.376949310302734:17.00147819519043] [16.811252593994141:24.721368789672852] [0:1] [0:1] [0:1] [0:1] [0:1] [0:1] [0:1] [0:1] [0:1] [0:1] [0:1] [0:1] [0:1] [0:1] [0:1] [0:1] [0:1] [-0.9751209020614624:0] [0:2229.4072265625] [-0.99317806959152222:0] [0:2229.4072265625] [-0.99980384111404419:0] [0:2249.44921875] [0:1] [0:1] [0.0010004220530390739:11.344922065734863] [-0.78839099407196045:19.930233001708984] [0:15] [0:16] [0:1] [0:1] [0:1] [-0.94317072629928589:476.74005126953125] [-0.95085018873214722:2229.386474609375] [-1.0875759124755859:2229.33203125] [-0.80170762538909912:10.063363075256348] [-0.27945837378501892:0.13230858743190765] [-0.26594445109367371:0.17232657968997955] [-0.10782753676176071:0.10501933842897415] [-0.15625929832458496:0.17460031807422638] [0.0019243131391704082:0.055708035826683044] [0:0.9513055682182312] [-0.13294798135757446:0.10407586395740509] [-2.3514606952667236:797.26776123046875] [0:11.112113952636719] [0:1] [-0.99715101718902588:11.112113952636719] [-0.99681037664413452:15.449060440063477] [0:1] [0:1] [0:0] [0:1] [0:4]
tree_sizes=1756 1804 1805 1803 1799 1807 1826 1815 1821 1805 1805 1807 1813 1803 1824 1809 1795 1814 1804 1802 1817 1828 1821 1824 1814 1825 1821 1821 1819 1817 1827 1820 1835 1820 1827 1808 1826 1813 1825 1829 1811 1832 1839 1820 1812 1822 1830 1825 1831 1834 1834 1839 1813 1837 1826 1834 1840 1830 1824 1825 1839 1844 1833 1816 1819 1840 1820 1819 1827 1837 1829 1837 1827 1832 1823 1823 1836 1837 1837 1823 1834 1825 1829 1828 1834 1827 1844 1824 1848 1827 1833 1826 1834 1829 1845 1828 1830 1849 1831 1825 1831 1832 1835 1832 1841 1838 1817 1844 1816 1816 1833 1833 1841 1836 1826 1840 1826 1831 1834 1811 1828 1826 1825 1837 1856 1842 1829 1849 1820 1824 1834 1828 1834 1841 1821 1831 1814 1847 1827 1819 1840 1848 1835 1827 1820 1840 1830 1831 1833 1841 1824 1828 1826 1833 1834 1836 1838 1832 1830 1843 1830 1842 1844 1845 1821 1822 1829 1823 1828 1853 1843 1826 1835 1815 1828 1821 1851 1835 1823 1823 1829 1827 1832 1826 1827 1826 1824 1840 1810 1832 1848 1860 1826 1814 1843 1841 1835 1831 1837 1824 1817 1831 1850 1838 1806 1835 1814 1831 1842 1836 1845 1831 1836 1835 1829 1826 1821 1830 1843 1830 1832 1841 1837 1832 1837 1836 1832 1844 1843 1827 1837 1823 1845 1824 1833 1839 1845 1839 1829 1843 1845 1820 1830 1823 1843 1808 1825 1818 1818 1835

Tree=0
num_leaves=15
num_cat=0
split_feature=3 57 3 3 57 3 7 25 57 25 3 73 3 69
split_gain=40322 4964.03 4427.53 3088.52 966.755 936.246 920.517 609.699 562.812 446.582 392.002 371.368 350.57 275.115
threshold=0.12500000372529033 0.04799065180122853 0.22500000149011615 1.0000000180025095e-35 0.040022708475589759 0.37500000000000006 0.1417387127876282 -0.038391340523958199 0.042783061042428024 -0.051043249666690819 0.075000001117587103 0.31657269597053533 1.0000000180025095e-35 -0.14871805161237714
decision_type=2 10 2 2 10 2 2 8 10 10 2 2 2 8
left_child=1 3 4 9 -2 8 12 -5 -4 -1 -9 -8 -3 -7
right_child=2 6 5 7 -6 13 11 10 -10 -11 -12 -13 -14 -15
leaf_value=-1.2458431513550414 -1.2110245175126471 -1.2387800420821475 -1.186390420632681 -1.2226849221588665 -1.1864578875998015 -1.1154397263713698 -1.1784590898840102 -1.2470521223619293 -1.1654475507434499 -1.2636295340608059 -1.2328539559648282 -1.2081642339190817 -1.217087427191841 -1.1575461187366138
leaf_weight=4124.2110349684954 9753.8268057405949 3356.9118688106537 6602.5011677891016 5279.6443427056074 6798.9424166083336 420.14157871901989 1509.9772268235683 12954.218789637089 6398.4977222830057 26683.298942118883 7821.5976197272539 3467.7068435251713 4161.4944232851267 9819.6003304123878
leaf_count=23451 55462 19088 37543 30021 38660 2389 8586 73660 36383 151726 44475 19718 23663 55836
internal_value=-1.22125 -1.24427 -1.18114 -1.25054 -1.20092 -1.16707 -1.21574 -1.23786 -1.17605 -1.26126 -1.24172 -1.19909 -1.22678 -1.15572
internal_weight=109153 69359.1 39793.5 56863 16552.8 23240.7 12496.1 26055.5 13001 30807.5 20775.8 4977.68 7518.41 10239.7
internal_count=620661 394388 226273 323333 94122 132151 71055 148156 73926 175177 118135 28304 42751 58225
is_linear=0
shrinkage=1


Tree=1
num_leaves=15
num_cat=0
split_feature=0 0 0 0 0 0 0 27 71 71 73 27 27 71
split_gain=48965.7 6403.02 4997.59 898.607 711.483 632.982 472.108 268.32 254.784 239.996 227.963 214.213 161.699 150.471
threshold=0.031281542032957084 0.022484958171844486 0.044104838743805892 0.018285294063389305 0.027288520708680156 0.036283763125538833 0.055348694324493415 0.92609691619873058 -0.0057380297221243373 -0.0086856675334274751 0.31657269597053533 1.1313954591751101 0.75826242566108715 0.0013411640538834038
decision_type=2 2 2 2 2 2 2 2 2 2 2 2 2 2
left_child=1 3 5 -1 7 8 13 -3 -2 -6 -7 -5 -11 -4
right_child=2 4 6 11 9 10 -8 -9 -10 12 -12 -13 -14 -15
leaf_value=-0.051416785723150851 0.02579233568882024 -0.023871982848985965 0.054347991362491188 -0.03845575938137652 0.010402086898451337 0.046419292721646341 0.061797974059846043 -0.011420181411792579 0.0093340291851774504 -0.015236321939156867 0.027614125780889578 -0.025177642530912498 -0.0013040623225942759 0.0414198599195593
leaf_weight=17626.449215456843 3335.2169310599566 9356.1448020935059 4206.9380460530519 11857.079661265016 2838.9245493263006 1954.8716022819281 13256.035010099411 8103.777841642499 7990.7691542506218 3209.846509411931 9847.554755449295 4198.8227953016758 5902.3083608597517 5470.7831896394491
leaf_count=102387 18828 53728 23395 68561 16134 10950 73082 46508 45226 18300 55258 24264 33649 30444
internal_value=-0.000111142 -0.028723 0.0390775 -0.0436044 -0.0116714 0.0226626 0.0556147 -0.0181025 0.0141991 -0.00226851 0.0307655 -0.0350012 -0.00622316 0.0470901
internal_weight=109156 63093.4 46062.2 33682.4 29411 23128.4 22933.8 17459.9 11326 11951.1 11802.4 16055.9 9112.15 9677.72
internal_count=620714 363531 257183 195212 168319 130262 126921 100236 64054 68083 66208 92825 51949 53839
is_linear=0
shrinkage=0.05


Tree=2
num_leaves=15
num_cat=0
split_feature=0 0 0 0 0 0 71 71 0 27 69 27 73 27
split_gain=44309.6 6096.02 4334.61 885.649 691.062 545.149 370.236 303.649 263.66 245.574 227.41 206.121 172.523 168.988
threshold=0.031281542032957084 0.021812818013131622 0.041344059631228454 0.025804247707128528 0.017684891819953922 0.050304567441344268 -0.0052050941158086053 -0.0090888338163495046 0.035175608471035964 0.96203479170799266 -0.12003959342837332 1.1154648065567019 0.31214115023612982 0.9928497076034547
decision_type=2 2 2 2 2 2 2 2 2 2 8 2 2 2
left_child=1 4 6 9 -1 -4 12 -5 -8 -3 -7 -6 -2 -9
right_child=2 3 5 7 11 10 8 13 -10 -11 -12 -13 -14 -15
leaf_value=-0.051439461395849234 0.04135757663119223 -0.02696981204122921 0.040027835848481505 0.0074173309817606187 -0.039863817766329759 0.07400170180535913 0.0067219314493698031 -0.012695340287217456 0.020615810997957233 -0.013875802858636474 0.053037135796056359 -0.026691780051235337 0.023136479206958084 -0.00087433531732782239
leaf_weight=15089.696762666106 1937.4831435382366 8521.2981945723295 9885.2186670899391 3954.5569737553596 11108.224782556295 1480.3418871760368 6390.1974534839392 8282.4686633944511 7357.6645041555166 6240.8506425321102 15806.390593364835 4185.0108741670847 4129.4613325893879 4760.5549247860909
leaf_count=90266 10683 49727 53976 22473 65755 7863 36014 47628 40842 36176 84739 24604 22952 27235
internal_value=-0.000112837 -0.0278149 0.0365229 -0.0124919 -0.0438229 0.0494898 0.0187254 -0.00470616 0.0141673 -0.0214473 0.0548742 -0.0362791 0.0290139 -0.00838478
internal_weight=109129 62142.7 46986.8 31759.7 30382.9 27172 19814.8 16997.6 13747.9 14762.1 17286.7 15293.2 6066.94 13043
internal_count=620933 363864 257069 183239 180625 146578 110491 97336 76856 85903 92602 90359 33635 74863
is_linear=0
shrinkage=0.05


Tree=3
num_leaves=15
num_cat=0
split_feature=0 0 0 0 0 0 0 71 71 71 73 73 73 71
split_gain=40069.3 5136.76 4222.73 687.911 684.62 509.173 461.608 231.432 205.179 181.724 180.445 163.051 147.712 180.029
threshold=0.0305016627535224 0.021812818013131622 0.041344059631228454 0.016943697817623619 0.025804247707128528 0.052622100338339813 0.034353526309132583 -0.0090888338163495046 0.001149674935732037 -0.0083209872245788557 0.31214115023612982 0.31657269597053533 0.62031960487365734 0.055846257135272033
decision_type=2 2 2 2 2 2 2 2 2 2 2 2 2 2
left_child=1 3 6 -1 9 8 11 -6 -4 -3 -8 -2 13 -7
right_child=2 4 5 -5 7 12 10 -9 -10 -11 -12 -13 -14 -15
leaf_value=-0.051646992699372188 0.023820702137582438 -0.010191755147240356 0.045664439769531842 -0.036105008352953896 0.0059039589873973019 0.056902912664846622 0.036772014263220514 -0.0089021942959924862 0.032264177576073673 -0.023728752461107575 0.020325940885947039 0.0056414889178693839 0.044727832686815905 0.027605006833139295
leaf_weight=12296.190686583519 1445.6454173922539 3202.12119987607 5144.685729265213 17311.479795798659 3429.0214529037476 10017.425388470292 1999.882951900363 11363.844578698277 6817.6511611789465 11321.117432102561 10505.952538713813 8161.9754750877619 5283.0631469637156 583.07078647613525
leaf_count=75824 8004 18803 27371 104729 19436 52135 10818 65588 36485 66737 57798 45869 27550 3020
internal_value=3.93511e-05 -0.0278877 0.0329765 -0.0425749 -0.013045 0.0459286 0.0166534 -0.00546842 0.0380606 -0.0207531 0.0229832 0.00839881 0.0518266 0.0553189
internal_weight=108883 58923.8 49959.4 29607.7 29316.1 27845.9 22113.5 14792.9 11962.3 14523.2 12505.8 9607.62 15883.6 10600.5
internal_count=620167 351117 269050 180553 170564 146561 122489 85024 63856 85540 68616 53873 82705 55155
is_linear=0
shrinkage=0.05


Tree=4
num_leaves=15
num_cat=0
split_feature=0 0 0 0 0 0 69 0 27 27 27 27 71 27
split_gain=35849.9 5023.41 3575.25 687.366 598.918 559.322 335.541 271.118 263.14 201.287 197.492 197.247 182.272 149.933
threshold=0.0305016627535224 0.021928653120994571 0.043736558407545097 0.017448530532419685 0.025338992476463321 0.035835251212120063 -0.12003959342837332 0.061392687261104591 0.84593841433525097 1.160663962364197 0.75826242566108715 0.9928497076034547 0.001149674935732037 0.82447642087936412
decision_type=2 2 2 2 2 2 8 2 2 2 2 2 2 2
left_child=1 3 5 -1 9 10 -4 -8 -6 -3 -2 -5 -7 -14
right_child=2 4 6 11 8 12 7 -9 -10 -11 -12 -13 13 -15
leaf_value=-0.049772128412999557 0.0012958692316499495 -0.023942027962825296 0.064958573258200022 -0.038824740949872656 -0.012917940328657999 0.031818867341718203 0.037769176420271229 0.048836129562729036 -0.00013260330481369459 -0.0091094556875543336 0.014467134322709414 -0.027253363671666871 0.011896259694328521 0.026293936507748934
leaf_weight=13462.913647517562 4268.8936348706484 9343.0684876143932 1804.1313230097294 9654.9297620505095 7143.3705295175314 5452.5904885828495 13677.14799490571 9701.0152309685946 9200.9928084462881 3050.6264467984438 8541.0636862814426 6173.1521832346916 3382.9023887366056 3948.0484039783478
leaf_count=85524 23787 55870 9070 59748 41555 29153 70870 49261 52940 18013 47405 37817 18246 21292
internal_value=-2.95791e-05 -0.0268744 0.0306493 -0.0414432 -0.0120161 0.0174782 0.0440231 0.0423804 -0.00572497 -0.0203014 0.0100823 -0.0343318 0.0248758 0.0196753
internal_weight=108805 58029.1 50775.8 29291 28738.1 25593.5 25182.3 23378.2 16344.4 12393.7 12810 15828.1 12783.5 7330.95
internal_count=620551 351467 269084 183089 168378 139883 129201 120131 94495 73883 71192 97565 68691 39538
is_linear=0
shrinkage=0.05


Tree=5
num_leaves=15
num_cat=0
split_feature=4 1 1 73 4 4 1 73 1 27 73 68 73 73
split_gain=25505.4 4507.23 2695.5 1535.08 822.122 799.258 750.929 532.034 447.607 324.25 267.911 267.035 242.193 237.035
threshold=0.10833333432674409 0.014786658808588983 0.025569891557097438 0.31657269597053533 0.29166667163372045 0.041666667908430106 0.011301673017442228 0.32293900847435003 0.016740767285227779 0.84903544187545787 0.30744580924510961 -0.073404144495725618 0.65883645415306102 0.64219424128532421
decision_type=8 10 10 2 8 10 10 2 10 2 2 10 2 2
left_child=1 6 8 11 7 -5 -1 -4 -2 -7 -8 -3 -10 -9
right_child=2 3 4 5 -6 9 10 13 12 -11 -12 -13 -14 -15
leaf_value=-0.044006023362734382 -0.0074485122388783121 0.03598440524066198 0.044978018448819303 -0.024735443747665946 0.043303312548975424 -0.014334635953603096 -0.004070328415810902 0.028007661570065852 0.019619115474249351 -0.00016223776678805921 -0.029832002243617341 0.0097226706788593187 0.0057827449841174119 0.013844462783431283
leaf_weight=14504.686704471707 2897.8784335553646 1289.5317661017179 3331.1669898480177 9857.5226685553789 16196.101845577359 7468.1144636422396 1093.7858317047358 7556.3567334115505 8099.2530772686005 8768.0603926926851 13593.52097132802 3844.1864220798016 5203.2437190115452 4904.177099391818
leaf_count=93873 16992 6895 16789 59518 81264 43509 6667 39419 44141 50127 84767 21536 28934 26010
internal_value=-0.000164961 -0.0218024 0.0269635 -0.00859424 0.0353777 -0.0135114 -0.0359238 0.0272268 0.0103381 -0.00668589 -0.0279176 0.0163765 0.0142155 0.0224489
internal_weight=108608 60419.4 48188.2 31227.4 31987.8 26093.7 29192 15791.7 16200.4 16236.2 14687.3 5133.72 13302.5 12460.5
internal_count=620441 366892 253549 181585 163482 153154 185307 82218 90067 93636 91434 28431 73075 65429
is_linear=0
shrinkage=0.05


Tree=6
num_leaves=15
num_cat=0
split_feature=4 1 4 51 49 1 4 1 68 68 68 1 4 57
split_gain=23389.4 4240.64 2312.92 1066.9 804.57 718.404 494.253 385.799 384.43 365.716 288.162 277.114 245.744 242.652
threshold=0.10833333432674409 0.014786658808588983 0.20833333581686023 -0.13317369669675824 -0.066944383084774003 0.010548177175223829 0.041666667908430106 0.031092341057956222 -0.017944687977433201 -0.073404144495725618 -0.020773227326571938 0.017775234766304496 0.025000001303851608 0.075094845145940795
decision_type=8 10 10 10 2 10 10 10 10 10 10 8 10 10
left_child=1 5 4 9 8 -1 -5 -4 -2 -3 -7 -6 -12 -11
right_child=2 3 7 6 11 10 -8 -9 -10 13 12 -13 -14 -15
leaf_value=-0.044850920208895327 0.037732553014457049 0.033366340187245123 0.026440943848701839 -0.024369813285088804 -0.009186878638086567 -0.0076150722769247033 -0.0085732805100013233 0.039528628391891939 0.017113992110049128 -0.0026470650822585391 -0.036664240133185741 0.0088636821847190728 -0.024107524366932493 0.016533973927256272
leaf_weight=11224.529009446502 3292.5377222597599 1001.8374907374382 8240.4536475241184 8202.8051035553217 2806.7669637054205 1507.3981592208147 12517.316308259964 18475.405995443463 7288.8466600179672 7233.9726589918137 8093.0868173986673 8673.6990490406752 7718.3533846735954 2124.8833347260952
leaf_count=74966 16678 5173 42981 50544 16581 9315 73178 91163 38623 41259 52495 47482 48477 11492
internal_value=-6.48384e-05 -0.0210701 0.0256104 -0.00828735 0.01362 -0.0349815 -0.0148356 0.0355032 0.0235593 0.00481011 -0.0285628 0.00444649 -0.0305538 0.0017209
internal_weight=108402 59624.2 48777.7 31080.8 22061.9 28543.4 20720.1 26715.9 10581.4 10360.7 17318.8 11480.5 15811.4 9358.86
internal_count=620407 366899 253508 181646 119364 185253 123722 134144 55301 57924 110287 64063 100972 52751
is_linear=0
shrinkage=0.05


Tree=7
num_leaves=15
num_cat=0
split_feature=0 0 0 0 0 0 71 27 27 27 71 68 27 71
split_gain=27059.4 3455.19 3377.04 630.094 420.304 365.648 344.779 254.81 245.865 191.781 185.105 163.625 162.276 122.842
threshold=0.029019585810601715 0.020192538388073448 0.03956176899373532 0.024168854579329494 0.052017331123352058 0.016436697915196422 -0.0052050941158086053 0.81548967957496654 0.88311108946800243 1.0010116696357729 0.001149674935732037 -0.084717512130737291 0.93277770280838024 -0.0086856675334274751
decision_type=2 2 2 2 2 2 2 2 2 2 2 10 2 2
left_child=1 5 6 9 10 -1 11 -5 -8 -3 -4 -2 -7 -9
right_child=2 3 4 7 -6 12 8 13 -10 -11 -12 -13 -14 -15
leaf_value=-0.04927400841084028 0.04590575091813575 -0.027924006936196066 0.034193299307360717 -0.016639235176112269 0.039240684732906657 -0.041476568619120843 -0.00043612409754700799 0.0056824529581981356 0.011667004164815637 -0.015810904534518465 0.022929352819898233 0.016304108369363718 -0.029531176207326378 -0.0070757612277985967
leaf_weight=9510.3350465148687 495.06166997551918 8681.6632290482521 6524.7759737074375 6286.4339573383331 17672.056364089251 6323.3427163809538 8716.5209521204233 2552.3523349761963 8079.7742546498775 5322.0718772560358 8563.5519890338182 6901.1189259588718 5455.3758150786161 7157.5858711898327
leaf_count=65790 2563 55095 32743 37688 85149 42066 48226 14775 44324 33120 43618 37195 35954 42349
internal_value=-0.000192087 -0.0265331 0.0235299 -0.0155926 0.0339907 -0.0419356 0.00935617 -0.00880421 0.0053895 -0.023335 0.0278197 0.0183448 -0.0359737 -0.00371974
internal_weight=108242 51289.2 56952.9 30000.1 32760.4 21289.1 24192.5 15996.4 16796.3 14003.7 15088.3 7396.18 11778.7 9709.94
internal_count=620655 326837 293818 183027 161510 143810 132308 94812 92550 88215 76361 39758 78020 57124
is_linear=0
shrinkage=0.05


Tree=8
num_leaves=15
num_cat=0
split_feature=4 51 4 4 51 57 4 71 71 5 71 4 69 71
split_gain=19457 2547.56 2345.97 1205.77 719.221 573.399 415.618 294.741 291.181 279.535 275.416 222.037 213.617 246.495
threshold=0.091666668653488173 -0.097561579197645174 0.20833333581686023 0.025000001303851608 -0.13177402317523954 0.056103833019733436 0.041666667908430106 0.001149674935732037 -0.0086856675334274751 1.0239149928092959 -0.0012499578297138212 0.30833333730697637 -0.048130543902516358 -0.0094460952095687372
decision_type=8 10 10 10 10 10 10 2 2 2 2 10 8 2
left_child=1 5 4 -3 10 6 -1 12 -6 -5 -2 -9 13 -4
right_child=2 3 7 9 8 -7 -8 11 -10 -11 -12 -13 -14 -15
leaf_value=-0.020205930156786598 0.027854848792227899 -0.03883728843318799 0.040826349761449776 -0.024977033541602606 0.017250052674160167 0.0078461413082414316 -0.0019350998698512223 0.019966420784992406 -0.00044045358022714692 -0.011842438494765191 0.012748650646856992 0.031811784866480716 0.033592517760629402 0.078259004279496447
leaf_weight=6935.4804013818502 5293.9420535713434 17551.946321025491 1771.5763648152351 11536.640799313784 2867.1819491237402 5099.7610158771276 5644.3650548160076 7104.558730661869 12141.228462874889 6287.0664024353027 7076.4741774052382 9162.2188421338797 8839.6496204584837 606.54095439612865
leaf_count=43916 26829 120725 8388 73979 15534 28216 32736 35960 68513 38443 37330 43996 42906 2885
internal_value=-0.000201564 -0.0217887 0.0206743 -0.0295326 0.0103094 -0.0062856 -0.0120162 0.0309918 0.00294835 -0.0203532 0.0192307 0.0266537 0.0372529 0.0506613
internal_weight=107919 53055.3 54863.4 35375.7 27378.8 17679.6 12579.8 27484.5 15008.4 17823.7 12370.4 16266.8 11217.8 2378.12
internal_count=620356 338015 282341 233147 148206 104868 76652 134135 84047 112422 64159 79956 54179 11273
is_linear=0
shrinkage=0.05


Tree=9
num_leaves=15
num_cat=0
split_feature=0 0 0 0 0 0 27 0 71 27 71 69 73 71
split_gain=23185.3 2951.57 2839.28 517.485 356.823 348.304 258.673 257.148 194.552 192.071 139.169 211.572 136.831 133.801
threshold=0.028328271582722667 0.039299624040722854 0.019521984271705154 0.024168854579329494 0.033163521438837058 0.050304567441344268 1.0050161480903628 0.016033959574997429 -0.0086856675334274751 0.99702346324920665 0.048369815573096282 -0.048130543902516358 0.32293900847435003 -0.077233579009771333
decision_type=2 2 2 2 2 2 2 2 2 2 2 10 2 2
left_child=2 4 7 6 8 12 -4 -1 -2 -5 11 13 -3 -7
right_child=1 5 3 9 -6 10 -8 -9 -10 -11 -12 -13 -14 -15
leaf_value=-0.048395292398829295 0.012630733154256816 0.034925229916095202 -0.027698972975722016 -0.014134412070391528 0.01395067216892646 0.022728474294444717 -0.01446804385539591 -0.036261105218951796 -0.0012478552140701676 -0.0020062270159159302 0.016346218780059166 0.032621145610258105 0.02200275734807014 0.048914711543892382
leaf_weight=8030.6088465601206 3361.4519343674183 2521.1023754179478 9791.2771568596363 8356.979771822691 12611.987691015005 591.2696453332901 5994.6521217525005 10126.901144593954 10053.431323841214 5359.1021088510752 1016.1348541378975 14427.392255604267 11782.196525812149 3718.8733727931976
leaf_count=58825 18345 12330 64432 50757 66693 2730 38354 70613 57104 31711 4792 67975 58745 17289
internal_value=-5.87055e-05 0.0205973 -0.0260984 -0.0165151 0.00791614 0.0302833 -0.0226869 -0.0416514 0.00223661 -0.00940064 0.0345989 0.0355794 0.0243033 0.0453834
internal_weight=107743 60083.8 47659.5 29502 26026.9 34057 15785.9 18157.5 13414.9 13716.1 19753.7 18737.5 14303.3 4310.14
internal_count=620695 306003 314692 185254 142142 163861 102786 129438 75449 82468 92786 87994 71075 20019
is_linear=0
shrinkage=0.05


Tree=10
num_leaves=15
num_cat=0
split_feature=2 2 2 27 2 27 27 2 2 68 69 2 27 2
split_gain=18989.9 2845.41 2342.41 512.607 430.838 376.814 272.166 265.063 217.922 213.466 243.3 168.823 144.987 141.768
threshold=0.027121579274535183 0.019202359020709995 0.038829356431961067 0.92946121096611034 0.015303823631256821 1.0092306733131411 1.1313954591751101 0.048405775800347335 0.031732005998492248 -0.017944687977433201 0.03457372076809407 0.022240829654037956 0.8029368817806245 0.03138310834765435
decision_type=2 2 2 2 2 2 2 2 2 8 8 2 2 2
left_child=1 4 5 11 -1 8 -6 12 -2 10 -5 -3 -4 -7
right_child=2 3 7 9 6 13 -8 -9 -10 -11 -12 -13 -14 -15
leaf_value=-0.044941932099481496 -0.0016305957060891059 -0.02575821505120204 0.016574220596351826 0.0015438767901710003 -0.035229227885975482 0.0097326713528934836 -0.018609321189950328 0.032582184148881137 0.0095129927272407447 -0.0082549886407631903 0.046581424581470521 -0.01465435834432581 0.027704629469559414 0.021592247952795254
leaf_weight=9156.8263881355524 8318.5574636459351 5607.3812483400106 5153.1716367006302 1947.7831587195396 8754.0325256586075 4582.1845312714577 3481.8712610006332 18279.580567210913 9267.3276061415672 11026.117804229259 344.60093052685261 8946.6854220926762 6973.3541898429394 5667.5873548388481
leaf_count=68442 46954 37418 25336 11332 61914 25031 23731 84753 48568 67505 2030 55144 33845 29102
internal_value=-0.000151559 -0.0229977 0.019174 -0.0124634 -0.0367106 0.00868935 -0.0305189 0.0287664 0.00424387 -0.00536914 0.00848703 -0.0189472 0.0229923 0.0163051
internal_weight=107507 49265.3 58241.8 27872.6 21392.7 27835.7 12235.9 30406.1 17585.9 13318.5 2292.38 14554.1 12126.5 10249.8
internal_count=621105 327516 293589 173429 154087 149655 85645 143934 95522 80867 13362 92562 59181 54133
is_linear=0
shrinkage=0.05


Tree=11
num_leaves=15
num_cat=0
split_feature=0 0 0 0 0 0 73 0 69 73 73 73 69 73
split_gain=19132.6 2720.23 2284.45 457.283 323.894 284.057 273.856 193.523 172.132 165.475 124.102 103.515 102.04 103.314
threshold=0.028328271582722667 0.019743910990655426 0.038219545036554343 0.024168854579329494 0.047380596399307258 0.016436697915196422 0.31214115023612982 0.032986501231789596 -0.12003959342837332 0.30744580924510961 0.63772195577621471 0.47465904057025915 0.040112277492880828 0.15513609349727633
decision_type=2 2 2 2 2 2 2 2 8 2 2 2 8 2
left_child=1 5 6 11 10 -1 12 -8 -6 -5 -4 -3 13 -2
right_child=2 3 4 9 8 -7 7 -9 -10 -11 -12 -13 -14 -15
leaf_value=-0.046272346963543182 0.029939061540265821 -0.013747230702131356 0.023539956393367898 0.0076767236735568638 0.044473590605806732 -0.033519325297185085 -0.00024744333973554349 0.0094438574216689549 0.028487692569143422 -0.0099763245437984854 0.013431934973094462 -0.023319837429860369 0.037668505859948437 0.0093761500068573582
leaf_weight=8482.9120771288872 849.21828700602055 3904.0565737038851 8744.8184106349945 1483.6738470643759 1858.7860466837883 9394.278404802084 11165.592029213905 9552.2921871244907 21382.06609916687 12091.687331914902 4731.5093830376863 10766.488942727447 609.50843332707882 2170.108272343874
leaf_count=66039 4383 25777 42959 8730 8338 68026 63099 50441 98791 73810 23476 72070 3210 11549
internal_value=-3.03237e-05 -0.0243337 0.0183276 -0.0146652 0.0262012 -0.0395933 0.00644753 0.00422328 0.0297848 -0.00804276 0.0200036 -0.0207835 0.0190998 0.0152394
internal_weight=107187 46123.1 61063.9 28245.9 36717.2 17877.2 24346.7 20717.9 23240.9 13575.4 13476.3 14670.5 3628.83 3019.33
internal_count=620698 314452 306246 180387 173564 134065 132682 113540 107129 82540 66435 97847 19142 15932
is_linear=0
shrinkage=0.05


Tree=12
num_leaves=15
num_cat=0
split_feature=4 1 4 73 49 73 27 73 69 4 1 68 1 4
split_gain=13336.8 2007.29 2003.49 1031.99 598.715 492.245 396.31 359.076 322.833 266.095 233.021 222.686 190.447 185.542
threshold=0.075000002980232253 0.012639697175472977 0.17500000447034839 0.30744580924510961 -0.065592557191848741 0.63125228881835949 0.9928497076034547 0.31657269597053533 0.040112277492880828 0.29166667163372045 0.0099270972423255461 -0.073404144495725618 0.017114929854869846 0.041666667908430106
decision_type=8 10 10 2 2 2 2 2 8 10 10 10 10 10
left_child=1 10 4 8 7 -4 13 -2 11 -7 -1 -3 -6 -5
right_child=2 3 5 6 12 9 -8 -9 -10 -11 -12 -13 -14 -15
leaf_value=-0.041527285151907928 0.026550867430898736 0.025084230931762264 0.027920431296809281 -0.027011904253695592 -0.010504536985182064 0.008321558965595631 -0.0090147057771944213 0.0076714222322312453 0.051561536322521029 0.022060681698182243 -0.029416975996794686 -0.0020580625761760134 0.0017519050781090327 -0.015573662489760547
leaf_weight=7469.1383727490902 3440.8215543031693 1019.6329312026501 20091.69352504611 8379.9142829477787 4531.9795491993427 6550.4015864133835 9504.8276778161526 9375.0762354880571 405.78600570559502 7666.2957385927439 8849.6158852726221 2835.3375064879656 10481.163927569985 6243.2353341430426
leaf_count=59256 16648 5313 93846 57546 28644 33348 59651 49376 2410 35516 65252 16433 58375 38989
internal_value=-0.000188251 -0.0210116 0.014795 -0.0129716 0.0048237 0.0228794 -0.0169768 0.0127569 0.00969623 0.0157406 -0.0349819 0.00516735 -0.00195245 -0.0221424
internal_weight=106845 44707.5 62137.4 28388.7 27829 34308.4 24128 12815.9 4260.76 14216.7 16318.8 3854.97 15013.1 14623.1
internal_count=620603 304850 315753 180342 153043 162710 156186 66024 24156 68864 124508 21746 87019 96535
is_linear=0
shrinkage=0.05


Tree=13
num_leaves=15
num_cat=0
split_feature=0 0 0 0 27 27 0 0 27 69 0 0 27 0
split_gain=15788.8 2528.96 1828.7 366.758 311.648 277.028 267.15 181.002 167.073 166.005 137.496 134.877 111.053 90.7756
threshold=0.028328271582722667 0.02030605357140303 0.038219545036554343 0.016820338554680351 0.82745149731636058 0.75826242566108715 0.061392687261104591 0.024168854579329494 1.0522884726524355 -0.13153804093599317 0.022807932458817962 0.032986501231789596 0.50677257776260387 0.032625820487737663
decision_type=2 2 2 2 2 2 2 2 2 8 2 2 2 2
left_child=1 3 5 -1 10 13 9 -6 -5 -4 -3 -7 -11 -2
right_child=2 4 6 8 7 11 -8 -9 -10 12 -12 -13 -14 -15
leaf_value=-0.043944241456822075 -0.0072958456854134192 -0.027737923669378974 0.048421229539823016 -0.034528353192198658 -0.013548766274178052 0.0052525916961418239 0.029296325835284756 -0.0027620481096991283 -0.02066830959378434 0.0084031243381712806 -0.0152915706503477 0.014370636798922171 0.020715102578787333 0.0033066235262346022
leaf_weight=8920.3007931634784 3923.2061565816402 3242.2464697957039 508.8299888074398 6558.85876391083 7563.4992407560349 8798.9815540760756 12532.553052797914 8007.3884998559952 3344.8485563993454 2016.0359302610159 7214.3883852213621 7543.589505136013 22264.657089725137 4139.0132581591606
leaf_count=73314 22474 22850 2310 49378 50614 49006 55975 48377 24331 9564 46128 39074 105505 21811
internal_value=-2.96658e-05 -0.0226034 0.0163737 -0.0365608 -0.0124988 0.0057278 0.0233317 -0.00800699 -0.0298729 0.0203056 -0.0191736 0.00946762 0.0196967 -0.00185536
internal_weight=106578 44851.5 61726.9 18824 26027.5 24404.8 37322.1 15570.9 9903.71 24789.5 10456.6 16342.6 24280.7 8062.22
internal_count=620711 314992 305719 147023 167969 132365 173354 98991 73709 117379 68978 88080 115069 44285
is_linear=0
shrinkage=0.05


Tree=14
num_leaves=15
num_cat=0
split_feature=0 0 0 71 0 71 0 0 0 71 68 68 71 72
split_gain=14328.7 2086.91 1940.36 313.832 292.46 281.58 274.349 207.184 140.868 111.167 118.383 101.681 89.7025 77.5069
threshold=0.027407696470618251 0.019856099970638755 0.037967573851346977 -0.0086856675334274751 0.01561511727049947 -0.0052050941158086053 0.046912280842661865 0.023365333676338199 0.03281588293612004 0.048369815573096282 0.0081998649984598177 -0.084717512130737291 -0.0012499578297138212 0.0065761392470449218
decision_type=2 2 2 2 2 2 2 2 2 2 10 10 2 10
left_child=1 4 5 -3 -1 11 12 -5 -7 10 -8 -2 -4 -13
right_child=2 3 6 7 -6 8 9 -9 -10 -11 -12 13 -14 -15
leaf_value=-0.045442953674839914 0.033095470947484072 -0.0029325813184602123 0.021211232457201846 -0.022278204404532015 -0.031606305555174297 -0.0028466103505170189 0.029865691494639263 -0.011804978917852225 0.0059497006278216632 0.0099613336245846715 0.022595094155164072 6.0390509199482556e-05 0.012866166703241167 0.012918861884253697
leaf_weight=6026.6768889576197 525.77575290203094 5303.2601202130318 5328.0259961485863 8873.0982728153467 10918.783387079835 10751.154777884483 10105.166599154472 10187.350177496672 7877.7803562134504 1186.6400050073862 13176.482966467738 1443.1464947462082 8348.1378646045923 6228.0177902728319
leaf_count=51583 2605 34156 25339 62183 85198 61962 45062 64720 41346 5357 59489 7818 40690 33137
internal_value=-5.80398e-05 -0.023079 0.0145803 -0.0136976 -0.0365512 0.0042743 0.0218252 -0.0166896 0.000874359 0.0250004 0.0257623 0.0119908 0.0161304 0.0105031
internal_weight=106279 41309.2 64970.3 24363.7 16945.5 26825.9 38144.5 19060.4 18628.9 24468.3 23281.6 8196.94 13676.2 7671.16
internal_count=620645 297840 322805 161059 136781 146868 175937 126903 103308 109908 104551 43560 66029 40955
is_linear=0
shrinkage=0.05


Tree=15
num_leaves=15
num_cat=0
split_feature=2 2 2 27 27 2 2 2 27 57 2 70 27 27
split_gain=12179.6 1829.3 1739.02 468.109 352.479 215.86 172.19 167.674 158.652 147.645 133.27 125.224 119.879 110.795
threshold=0.025613600388169292 0.017729870975017551 0.038527717813849456 0.96583080291748058 0.87033042311668407 0.014346090611070396 0.057733587920665748 0.02034005988389254 1.1260595321655276 0.037923937663435943 0.032113341614604003 -0.0068812647368758908 1.4876836538314822 0.73160892724990856
decision_type=2 2 2 2 2 2 2 2 2 10 2 2 2 2
left_child=1 5 4 7 9 -1 11 -3 -7 -2 -6 -4 -5 -13
right_child=2 3 6 12 10 8 -8 -9 -10 -11 -12 13 -14 -15
leaf_value=-0.043220343548420546 -0.0038367989780746931 -0.027478888225469816 0.026623256369307621 -0.0091825943607711565 0.0065186355303064915 -0.035023037992532924 0.026358423321741448 -0.015953332738426054 -0.019822100873902633 0.0064233468402584044 0.015485417949605283 0.011148066312066759 0.002338742218078684 0.019853201805844812
leaf_weight=5885.2835868448019 10013.526956751943 4628.2915211990476 4078.2745538949966 8744.0756532400846 10235.212139844894 6004.3290229216218 12087.879752397537 10149.427127748728 2472.164983317256 5382.7586112469435 6984.3821498602629 5718.0545580089092 3037.7143705487251 10378.757404655218
leaf_count=51287 56448 34783 18493 56837 56139 48942 53122 67670 19139 28367 34698 26760 19197 47925
internal_value=-7.86222e-05 -0.0214366 0.0133938 -0.0136543 0.00524973 -0.0358089 0.0216228 -0.0195792 -0.0306183 -0.000247866 0.0101625 0.0187738 -0.00621257 0.0167697
internal_weight=105800 40921.3 64878.8 26559.5 32615.9 14361.8 32263 14777.7 8476.49 15396.3 17219.6 20175.1 11781.8 16096.8
internal_count=619807 297855 321952 178487 175652 119368 146300 102453 68081 84815 90837 93178 76034 74685
is_linear=0
shrinkage=0.05


Tree=16
num_leaves=15
num_cat=0
split_feature=0 0 0 27 69 27 0 0 2 0 27 73 27 27
split_gain=12124 1815.24 1717.18 310.198 254.145 229.406 215.789 202.91 184.449 164.056 128.184 109.38 86.1734 77.4832
threshold=0.02690882328897715 0.019094173796474937 0.037967573851346977 1.1544035077095034 -0.12003959342837332 1.1098966002464297 0.015317676123231651 0.022807932458817962 0.046803744509816177 0.031781280413270004 1.1207477450370791 0.67149239778518688 1.2122055888175967 0.62560802698135387
decision_type=2 2 2 2 8 2 2 2 2 2 2 2 2 2
left_child=1 6 5 7 12 9 -1 -3 11 -2 -8 -6 -4 -9
right_child=2 3 4 -5 8 -7 10 13 -10 -11 -12 -13 -14 -15
leaf_value=-0.045202955517801444 -0.0040677188500643034 -0.023403543875481062 0.041216547021076327 -0.0048524193625313038 0.017079630519747147 0.010289435107168501 -0.035911017871805999 -0.021560433405563021 0.021770949392524566 0.0049374278663678293 -0.022248129460112242 0.0080662598647067898 0.019725762713608614 -0.010502808634066281
leaf_weight=5134.580947637558 10140.165538847446 8418.855062700808 1720.6297437399626 6332.5293590202928 12249.383954927325 8297.9161129593849 6380.8102295398712 2000.3252385556698 19278.978109717369 10070.860489353538 2441.8465067520738 4679.7474846094847 679.82725904881954 7771.8650551736355
leaf_count=46923 59154 62487 7455 41541 57637 44727 53452 13294 85200 52693 19720 22386 2952 50722
internal_value=-0.000223991 -0.0225954 0.0126038 -0.0143932 0.0194749 0.00329498 -0.0369865 -0.01771 0.0184204 0.000419638 -0.032159 0.0145943 0.0352373 -0.012786
internal_weight=105598 38480.8 67117.5 24523.6 38608.6 28508.9 13957.2 18191 36208.1 20211 8822.66 16929.1 2400.46 9772.19
internal_count=620343 288139 332204 168044 175630 156574 120095 126503 165223 111847 73172 80023 10407 64016
is_linear=0
shrinkage=0.05


Tree=17
num_leaves=15
num_cat=0
split_feature=2 2 2 27 71 27 71 27 71 2 27 68 69 2
split_gain=9928.16 1752.68 1320.54 410.965 382.414 210.663 209.59 200.699 182.863 172.957 166.152 147.272 143.883 104.329
threshold=0.025613600388169292 0.017729870975017551 0.035913700237870223 0.97731718420982372 -0.0052050941158086053 1.056684195995331 0.0013411640538834038 1.080479681491852 -0.0086856675334274751 0.052050171419978149 0.86409607529640209 -0.020276045426726338 -0.13153804093599317 0.02034005988389254
decision_type=2 2 2 2 2 2 2 2 2 2 2 8 10 2
left_child=1 5 4 8 12 -1 -4 -6 -3 10 -8 -5 -2 -10
right_child=2 3 6 11 7 -7 9 -9 13 -11 -12 -13 -14 -15
leaf_value=-0.038985548899108824 0.034882852911842899 -0.0064982250630540896 0.022163222046152856 0.0082995556016999383 -0.0036756815124703978 -0.025885193306133869 0.0051632644047247649 0.0075798958498305606 -0.027508702985516272 0.019795039788940552 0.01683801360468341 -0.0075438342816859351 0.010381228918577802 -0.017328257458672253
leaf_weight=8844.0278430357575 640.34906667470932 2892.372266240418 16233.158685356379 1719.779882133007 13660.277761086822 4849.5714399367571 6441.3186600506306 5565.9666914343834 3722.1564585417509 9195.8521523624659 5796.3671398758888 9682.7613130062819 8028.757550701499 8113.6548308581114
leaf_count=78648 3179 19611 72465 10400 76954 41180 30800 29862 29207 40196 27166 63721 41930 55718
internal_value=-0.000195127 -0.0198831 0.0117651 -0.012282 0.00351746 -0.0343683 0.0178707 -0.000414964 -0.017797 0.0146108 0.0107022 -0.00514909 0.0122292 -0.0205503
internal_weight=105386 39824.3 65562 26130.7 27895.4 13693.6 37666.7 19226.2 14728.2 21433.5 12237.7 11402.5 8669.11 11835.8
internal_count=621037 298485 322552 178657 151925 119828 170627 106816 104536 98162 57966 74121 45109 84925
is_linear=0
shrinkage=0.05


Tree=18
num_leaves=15
num_cat=0
split_feature=0 0 0 71 27 0 0 27 71 27 27 0 73 72
split_gain=10102.9 1844.1 1245.17 267.501 265.215 223.761 153.696 151.32 134.649 124.019 106.172 102.292 100.414 138.54
threshold=0.025338992476463321 0.035835251212120063 0.018400120548903946 -0.0090888338163495046 0.83368420600891124 0.047380596399307258 0.014785239472985269 0.9928497076034547 -0.020949346944689747 0.71315914392471325 1.2994509935379031 0.021812818013131622 0.6275133788585664 0.016764153726398948
decision_type=2 2 2 2 2 2 2 2 2 2 2 2 2 10
left_child=2 3 6 -2 11 9 -1 -5 -6 -3 -8 -4 -7 -14
right_child=1 5 4 7 8 12 10 -9 -10 -11 -12 -13 13 -15
leaf_value=-0.04464468641028025 0.0088229496998463424 0.0061388213560484512 -0.02891898387007745 -0.0054848386956398215 0.0028246363831391677 0.022073931081534326 -0.03495010626759977 0.0030959016712330785 -0.013372515007463642 0.015126746782967285 -0.018505620047855293 -0.0177931427339405 0.017672807058440165 -0.0022308436494245416
leaf_weight=4008.1024149730802 7163.8744243979454 5367.1137250065804 3919.3539025560021 13812.609314367175 1447.6734084039927 16532.625807642937 6205.3156908750534 8169.3286998718977 11066.306197457016 13641.614772424102 1210.3454589322209 4540.1696641966701 7097.1296641081572 994.52103543281555
leaf_count=39007 38916 25923 31368 80949 9774 71921 55644 45933 78744 64988 10416 32032 31274 4373
internal_value=-0.000161169 0.0101779 -0.0233834 0.000439101 -0.0161363 0.0166816 -0.036663 -0.00229595 -0.011498 0.0125936 -0.0322947 -0.0229759 0.019831 0.0152268
internal_weight=105176 72778.8 32397.3 29145.8 20973.5 43633 11423.8 21981.9 12514 19008.7 7415.66 8459.52 24624.3 8091.65
internal_count=621262 364277 256985 165798 151918 198479 105067 126882 88518 90911 66060 63400 107568 35647
is_linear=0
shrinkage=0.05


Tree=19
num_leaves=15
num_cat=0
split_feature=2 2 2 27 69 27 68 2 2 2 69 69 27 2
split_gain=8250.53 1458.05 1144.68 343.132 307.679 284.991 193.508 162.606 162.066 152.307 133.729 129.459 123.636 107.253
threshold=0.025128040462732319 0.0174125274643302 0.03941712714731694 1.160663962364197 -0.13803395628929135 0.73445850610733043 -0.018789387308061119 0.030693443492054943 0.013712405227124693 0.02034005988389254 0.034092986956238754 -0.12003959342837332 1.1207477450370791 0.028646546415984634
decision_type=2 2 2 2 8 2 8 2 2 2 8 8 2 2
left_child=1 8 4 6 -2 13 10 -7 -1 -8 -3 -4 -10 -6
right_child=2 3 11 -5 5 7 9 -9 12 -11 -12 -13 -14 -15
leaf_value=-0.041338010560568267 0.04816411649904645 -0.0066713946683121823 0.029530713663998953 -0.0026334811745136379 -0.010961971580150116 0.0023672753441838367 -0.02408886130716692 0.01043137939105067 -0.033172913396450981 -0.013944923137695298 0.028859460170193387 0.01632327979250834 -0.01942865247273047 3.2283810288566356e-05
leaf_weight=4209.7936600074172 382.21771219372749 1745.4174254089594 1989.1350514888763 6802.6311944648623 3144.1677862405777 12086.517339006066 5851.262586645782 12954.7675344944 5545.4026117995381 10252.758448474109 301.88858108967543 29495.153400972486 2400.0102961435914 7476.137575879693
leaf_count=41570 1779 11701 8379 44430 19348 67920 46850 64153 50806 70848 2016 130571 20235 39653
internal_value=-0.00020465 -0.0191412 0.010203 -0.0122158 0.00411698 0.00363152 -0.0158036 0.00654163 -0.0333369 -0.0176433 -0.00131733 0.0171668 -0.0290509 -0.00322984
internal_weight=104637 37109.2 67528.1 24954 36043.8 35661.6 18151.3 25041.3 12155.2 16104 2047.31 31484.3 7945.41 10620.3
internal_count=620259 288456 331803 175845 192853 191074 131415 132073 112611 117698 13717 138950 71041 59001
is_linear=0
shrinkage=0.05


Tree=20
num_leaves=15
num_cat=0
split_feature=0 0 0 71 27 0 69 27 0 72 71 72 27 68
split_gain=8515.98 1357.13 1201.31 278.031 230.616 203.989 180.602 162.968 136.605 132.419 121.279 117.122 116.627 110.144
threshold=0.025683252140879635 0.037967573851346977 0.018749509938061241 -0.0052050941158086053 0.82447642087936412 0.014785239472985269 -0.12003959342837332 0.75826242566108715 0.048280926421284683 0.019159799441695217 -0.0083209872245788557 0.048988671973347671 1.056684195995331 -0.073404144495725618
decision_type=2 2 2 2 2 2 8 2 2 10 2 10 2 10
left_child=2 3 5 13 -4 -1 9 -5 -8 -3 -6 -11 -7 -2
right_child=1 6 4 7 10 12 8 -9 -10 11 -12 -13 -14 -15
leaf_value=-0.043785120163883133 0.025760194385909947 0.046046415583867309 -0.020710119525712018 -0.0069755477560710768 -0.0012255416587345293 -0.033842009637578011 0.011225258824434092 0.0019537837308878122 0.017404819081222329 0.0098080631059381824 -0.012638117445400145 0.03682741179683259 -0.020885806608431562 0.0072318401879280115
leaf_weight=3757.3579380139709 872.12922036647797 768.55115661025047 8041.8218529000878 7813.2446745485067 3075.1441818624735 5298.9390030279756 15354.268176034093 14723.765942007303 21722.357127070427 1002.0228580385447 9599.2089385092258 670.69831286370754 2687.7041184976697 9117.4100212752819
leaf_count=39035 4295 3273 61205 45355 21074 49898 71596 82198 94048 4236 68962 2804 23818 49092
internal_value=-8.06984e-05 0.00949985 -0.0213408 0.00193465 -0.0140874 -0.0341129 0.0157246 -0.0011436 0.0148494 0.0289008 -0.00987226 0.0207963 -0.0295135 0.00887359
internal_weight=104505 72044.4 32460.2 32526.5 20716.2 11744 39517.9 22537 37076.6 2441.27 12674.4 1672.72 7986.64 9989.54
internal_count=620889 356897 263992 180940 151241 112751 175957 127553 165644 10313 90036 7040 73716 53387
is_linear=0
shrinkage=0.05


Tree=21
num_leaves=15
num_cat=0
split_feature=2 2 2 27 2 27 2 27 68 27 74 27 17 74
split_gain=6903.61 1124.27 1103.98 287.309 277.202 212.696 174.718 157.057 148.052 125.651 109.828 103.182 92.9075 88.4421
threshold=0.024559650570154194 0.0174125274643302 0.032686157152056701 0.75528582930564891 0.046803744509816177 0.98119297623634349 0.013712405227124693 0.80930036306381237 -0.019604963250458237 0.92946121096611034 -0.00032580303377471859 1.3804128766059878 69.244338989257827 -0.0070210869889706365
decision_type=2 2 2 2 2 2 2 2 8 2 2 2 10 2
left_child=1 6 5 -3 7 12 -1 10 -5 -8 -4 -10 -2 -7
right_child=2 3 4 8 -6 13 9 -9 11 -11 -12 -13 -14 -15
leaf_value=-0.039844794085429742 -0.00080615079857789408 -0.021118258968800905 0.010969414247894447 0.0034195910401428492 0.017542065058106387 0.01389734353191951 -0.033293311427894441 0.013125090152921846 -0.012655643513148303 -0.020292518042621346 0.00043418981107597502 -0.0021387352093148607 -0.0093139609258853107 0.0030453283792071504
leaf_weight=3953.5022949799895 9295.0020931586623 6353.361510053277 4325.4412570297718 2215.4478160887957 21462.185175389051 2502.9915951639414 3746.5122547745705 14181.634371176362 11204.988421536982 3837.7553405091166 5763.0809115916491 2950.3314095512033 4892.5159067958593 7458.8427884280682
leaf_count=41594 53456 49092 20770 14183 92110 13072 36293 66288 81367 34419 28172 19680 29328 40886
internal_value=-0.000178648 -0.0185607 0.00883514 -0.012098 0.0134011 0.000186508 -0.0312677 0.00973348 -0.00858654 -0.0267501 0.00495754 -0.0104667 -0.00374453 0.00578319
internal_weight=104144 34261.9 69881.7 22724.1 45732.3 24149.4 11537.8 24270.2 16370.8 7584.27 10088.5 14155.3 14187.5 9961.83
internal_count=620710 276628 344082 164322 207340 136742 112306 115230 115230 70712 48942 101047 82784 53958
is_linear=0
shrinkage=0.05


Tree=22
num_leaves=15
num_cat=0
split_feature=0 0 0 0 73 0 0 69 69 74 73 54 69 73
split_gain=7223.98 1183.73 1051.78 201.78 169.086 167.313 162.766 133.695 123.124 106.924 102.508 100.169 95.5817 85.8723
threshold=0.025453568436205391 0.034766778349876411 0.018515154719352726 0.048280926421284683 0.31214115023612982 0.021928653120994571 0.014785239472985269 -0.051937524229288094 -0.12003959342837332 0.0022832845570519571 0.31214115023612982 0.82525715231895458 -0.12003959342837332 0.67617759108543407
decision_type=2 2 2 2 2 2 2 10 8 2 2 10 10 2
left_child=2 4 6 10 7 -4 -1 8 -2 11 -3 -6 -5 -11
right_child=1 3 5 12 9 -7 -8 -9 -10 13 -12 -13 -14 -15
leaf_value=-0.041979793534045032 0.018207781714579246 0.017407702683233908 -0.018570707421920119 0.025356458776239699 -0.00075151835481133435 -0.0094339562624013718 -0.028664075046915344 0.018723304016853501 -0.010165357542669775 -0.0018448681363531446 0.0083963969924456209 0.010457399420095204 0.015341450877498542 -0.011590521265622543
leaf_weight=3527.7403875812888 572.16503904759884 3791.1006764024496 9369.2029970139265 2707.9316136687994 10719.852341249585 10851.065751329064 7050.6650400459766 1985.029764726758 1104.0438694655895 5840.9074479788542 19009.113667398691 2438.1211840808392 21220.292638480663 3682.0732705593109
leaf_count=39096 2963 17394 75636 11326 62070 76088 68349 10729 6003 33922 90558 13813 91067 21456
internal_value=-6.24023e-05 0.00849828 -0.020369 0.0132756 2.19687e-05 -0.0136746 -0.0331401 0.00997724 -0.000429793 -0.00158873 0.00990172 0.00133181 0.016485 -0.00562124
internal_weight=103869 73070.6 30798.7 46728.4 26342.2 20220.3 10578.4 3661.24 1676.21 22681 22800.2 13158 23928.2 9522.98
internal_count=620470 361301 259169 210345 150956 151724 107445 19695 8966 131261 107952 75883 102393 55378
is_linear=0
shrinkage=0.05


Tree=23
num_leaves=15
num_cat=0
split_feature=3 79 3 73 71 27 69 73 74 3 71 27 27 69
split_gain=4124.24 999.159 650.937 336.263 260.551 243.221 184.595 174.484 175.883 173.315 162.407 138.353 137.918 125.426
threshold=0.075000001117587103 0.095127403736114516 0.17500000447034839 0.30744580924510961 -0.0052050941158086053 1.0435180068016054 0.042114155367016799 0.64068183302879345 0.00033635373983997857 1.0000000180025095e-35 0.051627470180392272 1.0010116696357729 0.75528582930564891 -0.12003959342837332
decision_type=2 10 2 2 2 2 10 2 2 2 2 2 2 8
left_child=1 5 4 6 -2 9 -3 10 -9 -1 13 -6 -5 -4
right_child=2 3 7 12 11 -7 -8 8 -10 -11 -12 -13 -14 -15
leaf_value=-0.027797566469047311 0.0094215227552023814 0.0058140731383349836 0.027904805256871907 -0.014380160513514265 -0.0053775905371833254 -0.012514645920314919 0.041066875170915444 0.014566238413391792 0.0028612788111922992 -0.016315217563945449 -0.0052584407259059912 0.004157636840783914 -0.0041180450308415202 0.014323597280538621
leaf_weight=8842.4211838692427 7283.0898344367743 2996.5795202031732 1846.607902944088 4584.0987861081958 10510.561447612941 7890.138273127377 414.75651749223471 5297.1292290687561 8135.7736300900578 5323.3399773016572 987.91794900596142 5950.0306788235903 11442.309966675937 22106.770443528891
leaf_count=84293 37355 17050 7672 32929 60724 63915 2514 24210 37435 40564 4311 32268 76678 98726
internal_value=-9.05004e-05 -0.0122943 0.0080621 -0.00402623 0.00155413 -0.0195758 0.0102077 0.0120874 0.00748441 -0.0234972 0.0145625 -0.00193045 -0.0070605 0.0153818
internal_weight=103612 41493.6 62117.9 19437.7 23743.7 22055.9 3411.34 38374.2 13432.9 14165.8 24941.3 16460.6 16026.4 23953.4
internal_count=620644 317943 302701 129171 130347 188772 19564 172354 61645 124857 110709 92992 109607 106398
is_linear=0
shrinkage=0.05


Tree=24
num_leaves=15
num_cat=0
split_feature=0 0 0 27 73 27 74 74 27 59 27 73 74 0
split_gain=6298.09 1095.08 802.76 226.299 221.692 153.32 135.162 120.435 119.453 114.14 109.848 103.454 94.2789 83.3146
threshold=0.024525357410311702 0.033163521438837058 0.017684891819953922 0.75238472223281871 0.63125228881835949 0.62560802698135387 0.00033635373983997857 -0.017551141791045662 1.056684195995331 1.5000000000000002 1.3377307057380678 0.31214115023612982 0.014043037313967945 0.021071214228868488
decision_type=2 2 2 2 2 2 2 2 2 10 2 2 2 2
left_child=2 5 8 -4 9 -2 7 -6 -1 -3 13 -7 -8 -5
right_child=1 4 3 10 6 11 12 -9 -10 -11 -12 -13 -14 -15
leaf_value=-0.03803014958043921 -0.010340120803814043 0.01117988370862312 -0.023714562553716428 -0.018952238196751382 -0.011513886838982371 0.0089455863620475709 0.00089068980270529954 0.013866574578681616 -0.025075313217597501 0.017076261962268548 -0.0031895488210773519 -0.0010521285860155545 0.013286609825657214 -0.0099401944531961623
leaf_weight=5567.1311292648315 3963.3429271578789 18770.68313498795 5455.4385155588388 4736.4797914922237 495.2586210668087 3001.6013179123402 8428.8470204472542 6658.8896459043026 2752.2466494068503 14741.426832273602 3006.0530002340674 18366.773437418044 1865.6105017513037 5685.1237746030092
leaf_count=61478 24509 86220 45617 40654 2209 16405 39006 30575 28782 64232 21902 109475 8489 41598
internal_value=-0.000190142 0.00717513 -0.0208419 -0.0151271 0.0113979 -0.0013211 0.00682151 0.0120959 -0.0337796 0.0137779 -0.0116231 0.000355771 0.00314785 -0.0140503
internal_weight=103495 76292.4 27202.5 18883.1 50960.7 25331.7 17448.6 7154.15 8319.38 33512.1 13427.7 21368.4 10294.5 10421.6
internal_count=621151 381120 240031 149771 230731 150389 80279 32784 90260 150452 104154 125880 47495 82252
is_linear=0
shrinkage=0.05


Tree=25
num_leaves=15
num_cat=0
split_feature=0 0 0 71 2 71 71 72 69 0 72 69 53 72
split_gain=5726.3 999.864 775.606 225.771 185.412 151.549 148.436 205.739 175.464 145.415 133.853 122.012 104.537 98.8937
threshold=0.024525357410311702 0.033759189769625671 0.018285294063389305 -0.0090888338163495046 0.048405775800347335 -0.0083209872245788557 0.0013411640538834038 0.016764153726398948 -0.013561757747083901 0.014785239472985269 0.018359443172812465 -0.13153804093599317 -0.25175990164279932 0.019556418992578987
decision_type=2 2 2 2 2 2 2 8 8 2 10 8 8 10
left_child=2 3 9 -2 6 -4 11 8 -8 -1 -9 -3 -5 -12
right_child=1 4 5 12 -6 -7 7 10 -10 -11 13 -13 -14 -15
leaf_value=-0.040436933356874719 0.0068905701515826522 0.034853722639938654 -0.004995964110789064 0.003221746928392557 0.014562349106075387 -0.016404062511829513 0.028945762134420058 -0.027884659262598716 0.0057495165943466297 -0.027194297683560822 0.013515654540371277 0.01117260391704427 -0.005617023828428467 -0.013727845628134023
leaf_weight=3250.247986190021 6583.1139688268304 560.64595237374306 3715.3505629301071 4224.7373743504286 20041.870343923569 13629.503386110067 860.29365563392639 674.57510541379452 13125.934515699744 6139.6254659816623 632.4888741672039 12943.817481085658 15957.062138326466 681.77780066430569
leaf_count=38934 36462 2391 28010 25049 84632 109058 4048 3165 62662 63649 2967 59360 96444 3188
internal_value=-0.000335861 0.00664278 -0.0202441 -0.00114338 0.0108504 -0.0139647 0.00832266 0.00505562 0.00719598 -0.0318163 -0.00995682 0.0121808 -0.00376609 -0.000613895
internal_weight=103021 76286.3 26734.7 26764.9 49521.4 17344.9 29479.5 15975.1 13986.2 9389.87 1988.84 13504.5 20181.8 1314.27
internal_count=620019 380368 239651 157955 222413 137068 137781 76030 66710 102583 9320 61751 121493 6155
is_linear=0
shrinkage=0.05


Tree=26
num_leaves=15
num_cat=0
split_feature=0 0 0 27 27 70 69 0 0 68 0 69 68 27
split_gain=5284.31 929.354 797.698 195.603 176.614 172.774 302.797 137.994 128.674 125.329 106.312 103.181 359.492 100.381
threshold=0.024525357410311702 0.033947847783565528 0.017930453643202785 1.1426634788513186 0.6057690978050233 -0.044312106445431702 -0.13803395628929135 0.044104838743805892 0.014608186203986408 -0.073404144495725618 0.022045744583010677 0.03457372076809407 -0.019604963250458237 0.70675313472747814
decision_type=2 2 2 2 2 2 8 2 2 8 2 10 10 2
left_child=2 4 8 10 -2 -3 -7 13 -1 -6 -4 -11 -13 -8
right_child=1 5 3 -5 9 6 7 -9 -10 11 -12 12 -14 -15
leaf_value=-0.040453824923675163 -0.010743420350169163 -0.01744584607307428 -0.020305850429147364 -0.0048370399162024104 0.023014279861660221 0.034841455442160739 0.0012596933907862624 0.012680669443900392 -0.027307201601997011 -0.004347163656433512 -0.011089898664212856 0.048174380879564965 0.0014076621663277485 0.0093835290177635561
leaf_weight=2947.190377831459 3770.7796017602086 527.09752021729946 7645.4897450953722 4964.4052495732903 613.71375143527985 1299.5261951684952 5225.6876744627953 28123.477021127939 5466.3016589358449 7844.117987215519 5375.1679208576679 412.84168384969234 14604.684596464038 13985.757815927267
leaf_count=36541 23214 2223 67664 36669 3101 5369 25503 120195 58848 45263 40526 2237 86728 66502
internal_value=2.97773e-05 0.00669305 -0.0192516 -0.0132944 -0.000714138 0.0107975 0.0111072 0.0104483 -0.0319549 0.000900726 -0.0165128 0.000297291 0.00272451 0.00717558
internal_weight=102806 76407.7 26398.6 17985.1 27246.1 49161.5 48634.4 47334.9 8413.49 23475.4 13020.7 22861.6 15017.5 19211.4
internal_count=620583 380335 240248 144859 160543 219792 217569 212200 95389 137329 108190 134228 88965 92005
is_linear=0
shrinkage=0.05


Tree=27
num_leaves=15
num_cat=0
split_feature=1 3 1 73 69 53 53 54 27 69 74 73 72 69
split_gain=3105.76 720.082 585.247 332.082 429.33 217.375 206.895 350.154 184.006 140.849 139.235 121.689 120.043 178.598
threshold=0.016386632807552818 0.17500000447034839 0.010925295297056438 0.31657269597053533 0.042114155367016799 -0.1992298290133476 -0.25433743000030512 0.67158266901969921 0.81243169307708751 -0.13803395628929135 -0.007388628786429762 0.63125228881835949 0.016764153726398948 -0.011767926160246132
decision_type=10 2 8 2 10 8 10 10 2 8 2 2 10 8
left_child=2 3 -1 4 9 -4 -5 -8 -7 -2 -9 -3 13 -13
right_child=1 11 5 6 -6 8 7 10 -10 -11 -12 12 -14 -15
leaf_value=-0.0262666555468778 0.03275445938691373 0.01206591576583102 0.00093892157618319719 0.003528031230323274 0.054832572732682244 -0.019954253009198019 -0.0098270099394941711 0.020722560037432305 -0.0085432729038242058 0.0044213618588576451 0.0010778480969766916 0.030465789991990684 -0.0083128874304385855 0.0061615569836020005
leaf_weight=7701.3798547908664 468.07843689620495 24359.996572978795 3698.1283876374364 10937.901021152735 494.39908128976822 5442.5106285586953 13029.552466779947 1061.6342042014003 10122.639581032097 5391.036976531148 5705.4589712917805 797.22749774158001 1281.639451161027 12124.255633987486
leaf_count=85710 2147 106530 26019 59326 2472 47269 81832 5735 79121 27428 32589 3551 5648 55230
internal_value=-5.57426e-05 0.0051376 -0.0146225 0.000163048 0.0105597 -0.00995601 -0.0019889 -0.00503732 -0.0125435 0.00673681 0.00418578 0.00992058 0.00623519 0.00768348
internal_weight=102616 75651.2 26964.7 37088.1 6353.51 19263.3 30734.5 19796.6 15565.2 5859.12 6767.09 38563.1 14203.1 12921.5
internal_count=620607 382488 238119 211529 32047 152409 179482 120156 126390 29575 38324 170959 64429 58781
is_linear=0
shrinkage=0.05


Tree=28
num_leaves=15
num_cat=0
split_feature=2 2 2 71 71 71 53 2 74 71 74 68 69 74
split_gain=3817.79 826.695 626.969 233.246 229.02 200.623 160.489 131.771 121.98 192.72 187.703 330.158 179.285 131.151
threshold=0.022351950407028202 0.031935265287756927 0.015685870312154297 -0.0083209872245788557 0.001149674935732037 -0.0086856675334274751 -0.17596378922462461 0.055051147937774665 -0.0078223629388958198 -0.0073410940822213879 -0.031177265569567677 -0.079467378556728349 0.041611669585108764 -0.0054818873759359113
decision_type=2 2 2 2 2 2 8 2 2 2 2 8 8 2
left_child=2 5 -1 -4 8 -2 -7 -6 9 10 -3 -12 -11 -10
right_child=1 4 3 -5 7 6 -8 -9 13 12 11 -13 -14 -15
leaf_value=-0.03096383618887415 0.0055952483948000422 -0.0080746502998448998 -0.0021409751919766761 -0.015751577298841867 0.0040118771984159933 0.001592075391173264 -0.0072249201813517003 0.011539243075584292 -0.0040449966168162937 0.053036691747623703 0.05149789527819687 0.012754308244510865 0.019223266084781702 0.012042793790685498
leaf_weight=6336.0637387409806 7647.0754902660847 818.41826187074184 4076.2169180437922 13861.188774935901 19398.709956362844 8411.145982041955 13334.522380039096 8304.6080921441317 1410.8441902399063 678.1151075810194 621.61618100106716 4365.9730110317469 955.50719276070595 12039.459656387568
leaf_count=75705 41812 3444 31553 119831 90853 49571 84372 34739 6223 2920 2583 18923 4251 53040
internal_value=-0.000137143 0.00525302 -0.0174497 -0.0126615 0.00925611 -0.00136595 -0.00381537 0.0062717 0.013209 0.0183507 0.0140389 0.0176764 0.0334965 0.0103535
internal_weight=102259 77986 24273.5 17937.4 48593.3 29392.7 21745.7 27703.3 20889.9 7439.63 5806.01 4987.59 1633.62 13450.3
internal_count=619820 392731 227089 151384 216976 175755 133943 125592 91384 32121 24950 21506 7171 59263
is_linear=0
shrinkage=0.05


Tree=29
num_leaves=15
num_cat=0
split_feature=0 0 0 71 27 69 27 71 2 27 84 84 71 54
split_gain=4091.82 868.879 544.637 181.546 180.301 149.301 138.057 128.719 121.752 138.208 109.787 105.324 150.875 103.603
threshold=0.023257724940776828 0.032294891774654395 0.016820338554680351 -0.0086856675334274751 0.92946121096611034 -0.12003959342837332 0.75826242566108715 0.048369815573096282 0.05589073337614537 0.54171428084373485 2.5000000000000004 1.5000000000000002 -0.017231309786438938 0.51537355780601513
decision_type=2 2 2 2 2 10 2 2 2 2 2 2 2 10
left_child=2 3 -1 13 -4 -3 -5 8 9 -7 -9 12 -11 -2
right_child=1 5 4 6 -6 7 -8 10 -10 11 -12 -13 -14 -15
leaf_value=-0.032565154890342847 0.0012450936923460907 0.016849028039503833 -0.01991846466947058 -0.010674619610428399 -0.0092311265717245992 -0.0025878120333559791 -0.0018717970071206848 -0.014469116279869019 0.012713291508491938 0.022144355537617434 0.013022067959864048 0.0055478601911757124 0.0085846134012590551 0.015915694455336301
leaf_weight=5842.8782114759088 5069.6828889027238 4977.1702417731285 8086.6260520741343 6669.6252961531281 7761.1376095488667 3532.0706371068954 13384.865554302931 1147.3552252501249 11507.84662643075 2593.6504798829556 520.19568029046059 19696.290496394038 9821.857712700963 1568.8125260099769
leaf_count=73679 29248 21494 75198 44256 64335 16651 83077 5170 47901 11605 2351 91203 45834 9011
internal_value=-0.000251429 0.00494308 -0.0195206 -0.00243128 -0.0146937 0.0086019 -0.00480326 0.00775782 0.0082408 0.00679366 -0.00586669 0.00782604 0.0114328 0.00473078
internal_weight=102180 80489.4 21690.6 26693 15847.8 53796.4 20054.5 48819.3 47151.7 35643.9 1667.55 32111.8 12415.5 6638.5
internal_count=621013 407801 213212 165592 139533 242209 127333 220715 213194 165293 7521 148642 57439 38259
is_linear=0
shrinkage=0.05


Tree=30
num_leaves=15
num_cat=0
split_feature=2 2 2 71 71 71 2 72 69 53 69 68 68 53
split_gain=3141.9 700.689 595.809 205.998 205.206 140.492 125.244 129.115 123.87 118.217 117.641 240.519 130.01 96.9972
threshold=0.022240829654037956 0.03138310834765435 0.015926282852888111 -0.0083209872245788557 0.001149674935732037 -0.0086856675334274751 0.042100397869944579 0.016764153726398948 -0.013561757747083901 -0.20128091424703595 0.041611669585108764 -0.019604963250458237 -0.084717512130737291 -0.1992298290133476
decision_type=2 2 2 2 2 2 2 8 8 8 8 10 10 8
left_child=2 5 -1 -4 -3 10 7 8 -6 -7 12 -12 -2 -5
right_child=1 4 3 13 6 9 -8 -9 -10 -11 11 -13 -14 -15
leaf_value=-0.029027679883017184 0.022759265613057564 0.011978870497403718 -0.0010582641909860962 -0.0038075491271048799 0.025487389595670804 0.0018416826968759691 0.0084387895736159207 -0.012165441523731097 0.0023328640539136193 -0.0062060178635381415 0.047495670018045444 0.0063551527480817998 -0.0043408409707191226 -0.015996581579331082
leaf_weight=6463.7785631492734 492.37294413149357 21692.783427655697 3881.8021016791463 1923.9376588016748 601.71697814762592 6721.0241260975599 16112.54020985961 1458.1892971247435 10428.392392516136 14178.94446695596 397.47944863140583 2811.1686872839928 3708.5544823333621 11031.72736068815
leaf_count=80328 2308 94743 30202 15437 2842 39719 68705 7163 51185 90863 2053 15978 20301 98633
internal_value=-9.8706e-06 0.00477051 -0.0161309 -0.0111656 0.00831174 -0.00152142 0.00552714 0.00176674 0.00361794 -0.00361839 0.00439034 0.0115833 -0.00111805 -0.0141908
internal_weight=101904 78603.2 23301.2 16837.5 50293.6 28309.5 28600.8 12488.3 11030.1 20900 7409.58 3208.65 4200.93 12955.7
internal_count=620460 395860 224600 144272 224638 171222 129895 61190 54027 130582 40640 18031 22609 114070
is_linear=0
shrinkage=0.05


Tree=31
num_leaves=15
num_cat=0
split_feature=0 0 0 73 73 68 74 74 68 69 0 54 68 69
split_gain=3500.94 601.207 576.949 143.563 133.626 123.55 121.975 122.448 115.632 105.123 92.5963 87.2868 106.621 87.0837
threshold=0.024168854579329494 0.016943697817623619 0.032986501231789596 0.47465904057025915 0.63125228881835949 -0.073404144495725618 0.00033635373983997857 -0.017070436850190159 0.036535987630486495 -0.12003959342837332 0.020634616725146774 0.59163358807563793 0.02351163420826197 0.016572262160480026
decision_type=2 2 2 2 2 8 2 2 10 10 2 10 10 8
left_child=1 -1 5 -3 8 -2 7 -6 9 -4 -5 -11 -13 -9
right_child=2 3 4 10 6 -7 -8 13 -10 11 -12 12 -14 -15
leaf_value=-0.03087762360807858 0.021463574583850936 -0.0047018509469695944 0.016855371528333205 -0.019388800005797412 -0.013396571016356128 -0.0015091244267850796 0.0012040735997885599 0.025108497179854306 0.023711761708327297 0.006233112934649435 -0.010993983705421697 0.01443887436919898 0.0015089272137583591 0.0090539271264275384
leaf_weight=5739.2078540846705 589.21413213014603 4645.0851596221328 4106.6135022193193 6210.0829478129745 527.85636501014233 25179.720080189407 10527.230546191335 985.81118333339691 1463.8001042157412 18459.414331093431 7094.1787848249078 8370.7829926460981 1972.0299019515514 5781.6868583858013
leaf_count=75665 2988 38675 17335 60894 2330 152530 47960 4400 6551 82504 57133 36533 8722 26156
internal_value=3.06159e-05 -0.016799 0.00514562 -0.0122828 0.00816735 -0.000975725 0.00465008 0.00961424 0.0099892 0.0093718 -0.0149241 0.00829932 0.0119774 0.0114262
internal_weight=101653 23688.6 77964.2 17949.3 52195.2 25768.9 17822.6 7295.35 34372.6 32908.8 13304.3 28802.2 10342.8 6767.5
internal_count=620376 232367 388009 156702 232491 155518 80846 32886 151645 145094 118027 127759 45255 30556
is_linear=0
shrinkage=0.05


Tree=32
num_leaves=15
num_cat=0
split_feature=0 0 0 27 70 69 27 27 71 71 69 71 71 69
split_gain=3246.06 601.546 493.023 187.589 185.898 170.359 157.512 150.188 118.371 115.015 97.8776 98.8287 87.8266 85.1209
threshold=0.024754181504249576 0.018285294063389305 0.038219545036554343 0.66104567050933849 -0.044312106445431702 -0.13803395628929135 1.0611128211021426 0.73160892724990856 0.048369815573096282 0.010525262448936703 0.060374360531568534 0.040036365389823921 -0.0083209872245788557 -0.048130543902516358
decision_type=2 2 2 2 2 8 2 2 2 2 8 2 2 10
left_child=1 6 3 -2 -4 -6 -1 -3 13 -5 11 -11 -9 -7
right_child=2 7 4 9 5 8 -8 12 -10 10 -12 -13 -14 -15
leaf_value=-0.031864840092764711 -0.0065319613961301081 -0.018315948849706564 -0.021328163255397464 0.0048121072875585607 0.027614526490024213 0.014412314105284508 -0.01699083005377015 -0.00019333546958920538 -0.0054157001620114891 -0.0041613856240135146 0.0024805983033994142 -0.024698793086865466 -0.0099424343891024274 0.0080228568806704099
leaf_weight=5404.6968565061688 7154.8126567453146 4422.4370583146811 497.84169174730778 18792.007267951965 1202.0325321406126 6287.4240970313549 2714.7576137036085 3037.1029251143336 1452.1116157621145 3606.1804332360625 5673.9512000307441 690.90865741670132 9646.5096184313297 30943.967193424702
leaf_count=70496 41972 39467 2079 103129 4864 26542 32653 22982 6314 20519 32464 3932 79931 133728
internal_value=-0.000171175 -0.0157166 0.0049696 0.000707436 0.00875935 0.00914015 -0.0269187 -0.0103869 0.00855909 0.00250988 -0.0018295 -0.00751318 -0.00760999 0.00910545
internal_weight=101527 25225.5 76301.2 35917.9 40383.4 39885.5 8119.45 17106 38683.5 28763 9971.04 4297.09 12683.6 37231.4
internal_count=621072 245529 375543 202016 173527 171448 103149 142380 166584 160044 56915 24451 102913 160270
is_linear=0
shrinkage=0.05


Tree=33
num_leaves=15
num_cat=0
split_feature=0 0 0 0 70 72 70 5 53 5 72 0 69 72
split_gain=2963.63 662.681 397.184 124.954 78.5191 170.601 86.578 73.6787 73.1806 73.9628 96.1374 64.0286 63.4981 62.5434
threshold=0.022373816929757599 0.03161046281456948 0.016300978139042858 0.04525017365813256 -0.0068812647368758908 0.019556418992578987 -0.0092473095282912237 1.1462674140930178 -0.29372008144855494 1.1769214868545534 0.013272703625261785 0.019743910990655426 -0.022396825253963467 0.012796630151569845
decision_type=2 2 2 2 2 8 2 2 8 2 8 2 8 10
left_child=2 8 -1 4 6 12 7 -3 -2 10 -10 -4 13 -6
right_child=1 3 11 -5 5 -7 -8 -9 9 -11 -12 -13 -14 -15
leaf_value=-0.031247929594047066 0.0049092862449117321 0.0031143074997107174 -0.017558636604385312 0.0094253749326728524 0.027035868854456094 -0.020352657031453555 0.021009852324758216 0.020772183336916768 -0.0027380155829770112 0.0057225034615923714 -0.011814353933682657 -0.010626469680077411 0.0032851043481636902 0.0074329026580622071
leaf_weight=4493.9034604281187 3038.4552952423692 3204.3095483034849 6668.1174729242921 28540.167156174779 529.21700401604176 721.01574216783047 1361.1858547776937 715.72945533692837 18716.761394098401 2063.6998178288341 3448.8464049100876 6801.8765923455358 19410.166352018714 1713.5274518579245
leaf_count=63660 18559 14883 70670 119669 2506 3438 6433 3286 122914 12549 21570 58631 94453 8038
internal_value=3.55861e-05 0.0040012 -0.0183812 0.00710427 0.00470635 0.00340906 0.0101855 0.00638297 -0.0023941 -0.00331162 -0.00415493 -0.0140686 0.00420933 0.0121581
internal_weight=101427 83463.1 17963.9 56195.3 27655.2 22373.9 5281.22 3920.04 27267.8 24229.3 22165.6 13470 21652.9 2242.74
internal_count=621259 428298 192961 252706 133037 108435 24602 18169 175592 157033 144484 129301 104997 10544
is_linear=0
shrinkage=0.05


Tree=34
num_leaves=15
num_cat=0
split_feature=0 0 0 71 73 72 69 71 68 68 73 69 68 72
split_gain=2741.32 560.279 414.432 153.385 149.789 178.534 158.566 158.502 126.573 121.173 118.906 222.382 133.754 177.867
threshold=0.022807932458817962 0.03161046281456948 0.016162127256393436 -0.0083209872245788557 0.68243443965911876 0.016764153726398948 -0.011767926160246132 0.051627470180392272 -0.073404144495725618 0.051178034394979484 0.31214115023612982 0.042114155367016799 -0.022442183457314965 0.013193270657211544
decision_type=2 2 2 2 2 10 8 2 8 10 2 10 10 10
left_child=2 8 -1 -4 7 6 -6 10 -2 -7 11 -3 13 -12
right_child=1 4 3 -5 5 9 -8 -9 -10 -11 12 -13 -14 -15
leaf_value=-0.031082203122618376 0.021932466749830699 0.011520707027740341 -0.003234143891394438 -0.015857867138106763 0.024932035384686153 0.00070511468106229181 0.0024984028720058554 -0.0092864527831727061 -0.0027011132230873236 -0.028633203611262349 0.012461454431061289 0.043428196751811907 0.0080978147299484524 -0.01458339120887767
leaf_weight=4194.5921733751893 522.44235453754663 9700.2936621159315 3035.8590498566628 11704.208875030279 836.52306309342384 668.1392922103405 11389.444334924221 1259.0141629129648 25470.945857822895 732.58462560176849 996.30365726351738 570.57533051073551 28576.966601461172 1527.0800138264894
leaf_count=61290 2728 41745 27115 114465 3728 3011 52400 5542 163085 3296 4412 2452 129122 6785
internal_value=-7.6431e-05 0.00387267 -0.0172239 -0.0132618 0.00667738 0.00211206 0.00405247 0.00813584 -0.00219776 -0.0147332 0.00866816 0.0133338 0.00712355 -0.00389828
internal_weight=101185 82250.3 18934.7 14740.1 56256.9 13626.7 12226 42630.2 25993.4 1400.72 41371.2 10270.9 31100.4 2523.38
internal_count=621176 418306 202870 141580 252493 62435 56128 190058 165813 6307 184516 44197 140319 11197
is_linear=0
shrinkage=0.05


Tree=35
num_leaves=15
num_cat=0
split_feature=0 0 0 27 27 4 73 1 73 69 72 69 73 72
split_gain=2445.07 528.012 375.667 196.978 165.145 130.614 154.77 88.7912 81.6124 232.061 128.17 144.606 109.207 191.422
threshold=0.022484958171844486 0.031122890301048759 0.015899432823061947 0.80005130171775829 1.160663962364197 0.30833333730697637 0.68243443965911876 0.022761996835470203 0.32293900847435003 0.040112277492880828 0.019159799441695217 -0.099529262632131563 0.15513609349727633 0.016337018460035328
decision_type=2 2 2 2 2 8 2 8 2 8 10 10 2 10
left_child=2 4 -1 -4 7 6 8 -2 9 10 12 -12 -3 -14
right_child=1 5 3 -5 -6 -7 -8 -9 -10 -11 11 -13 13 -15
leaf_value=-0.030951898390313634 -0.003295760146968411 0.026661040326741593 -0.021275168462088559 -0.0087954472389930941 0.0043203169472784651 0.009624113001351289 -0.0016398143785568227 -0.012625270050253948 0.0045622127255559438 0.04088965433190217 0.0084360025428463683 -0.013726922234731582 0.013895413019992687 -0.017140596619607418
leaf_weight=3725.2890356481075 15758.117559194565 1140.7992103993893 4820.3621273413301 9236.7568830102682 6717.0216485112906 19044.01037196815 7976.9948372989893 3036.1537867411971 21902.03908932209 569.66851867735386 1973.940357580781 1160.0552489757538 3110.9711046814919 582.06072601675987
leaf_count=56383 105515 4933 51062 88193 40943 79787 38749 19176 102878 2480 8268 5085 13930 2643
internal_value=-2.52841e-05 0.00358106 -0.0168448 -0.013087 -0.00240441 0.00623844 0.00455801 -0.00480882 0.00618221 0.010328 0.0080944 0.00021478 0.0131921 0.00897073
internal_weight=100754 82971.8 17782.4 14057.1 25511.3 57460.5 38416.5 18794.3 30439.5 8537.5 7967.83 3134 4833.83 3693.03
internal_count=620025 424387 195638 139255 165634 258753 178966 124691 140217 37339 34859 13353 21506 16573
is_linear=0
shrinkage=0.05


Tree=36
num_leaves=15
num_cat=0
split_feature=0 0 0 70 69 68 68 69 1 0 0 0 70 68
split_gain=2216.38 462.613 394.625 148.043 196.483 124.616 111.176 140.558 103.118 110.264 94.7326 72.0311 65.6436 113.158
threshold=0.022807932458817962 0.034353526309132583 0.015899432823061947 -0.044312106445431702 -0.13803395628929135 -0.073404144495725618 -0.018789387308061119 0.040112277492880828 0.025032067671418193 0.028328271582722667 0.06245094537734986 0.01941064186394215 -0.0068812647368758908 -0.058940429240465157
decision_type=2 2 2 2 8 8 8 8 8 2 2 2 2 8
left_child=2 5 -1 -3 -5 -2 7 -4 9 -7 12 -8 -6 -14
right_child=1 3 6 4 10 8 11 -9 -10 -11 -12 -13 13 -15
leaf_value=-0.030396134398064413 0.018641586984801985 -0.019685334415959394 -0.0057531956096763563 0.025975331384466522 0.0094509384390938107 -0.0032674109400776343 -0.017618187138702078 0.036425178049613677 -0.0087526656812257127 0.0030434651863393189 0.010238996629409157 -0.010191852514039266 -0.012987481164817844 0.0045863237753520202
leaf_weight=3640.0919996909797 773.56762029975653 521.06375719606876 1104.0772772654891 1300.9958581328392 6867.2978757619858 15388.146909557283 5756.5205812528729 230.11400569975376 4284.6687102094293 12562.952247202396 11743.96964995563 7692.3131456449628 937.6455887556076 27890.033733665943
leaf_count=56583 3853 2184 9600 5266 29970 104642 65811 2003 24738 69519 48321 68624 4075 125414
internal_value=8.52162e-06 0.00351927 -0.0156625 0.00658798 0.00687284 -0.00106088 -0.0120165 0.00173836 -0.00153932 -0.000430839 0.00634359 -0.0133813 0.00505946 0.00401041
internal_weight=100693 82270.3 18423.1 49261 48739.9 33009.3 14783 1334.19 32235.8 27951.1 47438.9 13448.8 35695 28827.7
internal_count=620603 417982 202621 215230 213046 202752 146038 11603 198899 174161 207780 134435 159459 129489
is_linear=0
shrinkage=0.05


Tree=37
num_leaves=15
num_cat=0
split_feature=0 0 0 27 27 71 72 72 69 70 69 70 70 70
split_gain=2080.35 468.643 309.6 191.554 156.637 138.316 136.755 260.082 205.18 131.112 257.123 242.768 164.995 186.944
threshold=0.021928653120994571 0.0305016627535224 0.01561511727049947 0.80005130171775829 1.2055758833885195 0.001149674935732037 0.016764153726398948 0.018359443172812465 -0.013561757747083901 -0.044312106445431702 -0.13153804093599317 -0.010116796009242533 0.018144401721656326 0.01159746013581753
decision_type=2 2 2 2 2 2 8 10 8 2 8 2 2 2
left_child=2 4 -1 -4 -2 9 8 -8 -7 -3 11 -11 13 -12
right_child=1 5 3 -5 -6 6 7 -9 -10 10 12 -13 -14 -15
leaf_value=-0.03051975409492404 -0.0048138045528920634 -0.015812463718328614 -0.021724174941384927 -0.0087019799991873148 0.0044936291889286452 0.021231032785338194 -0.023070623506059641 0.0025048117482222355 0.0035983147700956995 0.055721062411049287 0.0070801467565433339 0.012225961996963845 -0.012063431069962112 0.023633156129579974
leaf_weight=3209.3272834420204 19332.851762324572 548.57600235939026 4274.8033299818635 8361.0404590293765 5890.3303252980113 1751.9334142804146 1333.3214181065559 3816.9350049197674 26096.43423487246 536.15573339164257 21748.029577627778 795.9008307158947 1021.1698431372643 1843.790730714798
leaf_count=51693 131832 2318 47906 83844 36598 7859 6116 16874 121140 2179 96730 3266 4468 8197
internal_value=-3.94217e-05 0.0030713 -0.0166622 -0.0131212 -0.00263933 0.00549249 0.00333068 -0.00414815 0.00471481 0.00818282 0.00869607 0.0300176 0.00753042 0.00838329
internal_weight=100561 84715.4 15845.2 12635.8 25223.2 59492.2 32998.6 5150.26 27848.4 26493.6 25945 1332.06 24613 23591.8
internal_count=621020 437577 183443 131750 168430 269147 151989 22990 128999 117158 114840 5445 109395 104927
is_linear=0
shrinkage=0.05


Tree=38
num_leaves=15
num_cat=0
split_feature=1 3 27 1 27 69 54 53 70 73 69 68 73 72
split_gain=1056.03 361.266 250.91 209.428 200.752 196.293 151.695 258.593 95.1419 87.843 95.6712 86.9347 85.6322 82.6511
threshold=0.014359505847096445 0.17500000447034839 1.1544035077095034 0.010447473265230657 1.2732541561126711 -0.13803395628929135 0.67158266901969921 -0.18936014920473096 -0.0034656279021874066 0.31657269597053533 -0.051937524229288094 -0.020276045426726338 0.68243443965911876 0.013127529062330725
decision_type=10 2 2 8 2 8 10 10 2 2 10 8 2 10
left_child=2 4 3 -1 5 -2 7 12 -8 10 -9 -5 -7 -11
right_child=1 -3 -4 11 -6 6 8 9 -10 13 -12 -13 -14 -15
leaf_value=-0.025140561664724587 0.033349269992869773 0.0057620306897244204 -0.0017363855477044367 0.0054546098041900141 0.0057535714445067125 0.0015097851306507773 0.013878449086047545 -0.016073490042074558 0.00034226388619315747 -0.0098905544536761689 0.0094458160829936962 -0.012475620939697491 -0.0072219720276410788 -0.021763189062984956
leaf_weight=3749.7901913337409 366.99498863518238 39490.920500464737 4715.534402705729 738.03400321677327 9205.3595922067761 12299.523514438421 1687.4614284001291 552.95359240472317 5520.3604893609881 8201.1285847499967 1046.611237667501 7428.169755525887 3627.652715805918 1789.6660649813712
leaf_count=54608 1669 172085 46181 6037 50843 68599 9256 3139 32704 60267 6183 74754 22188 11970
internal_value=7.23263e-07 0.00228544 -0.011504 -0.0153647 -0.000814502 -0.00253858 -0.00292735 -0.00461841 0.00352613 -0.0102968 0.000578993 -0.0108505 -0.000482287 -0.012037
internal_weight=100420 83788.6 16631.5 11916 44297.7 35092.4 34725.4 27517.5 7207.82 11590.4 1599.56 8166.2 15927.2 9990.79
internal_count=620483 438903 181580 135399 266818 215975 214306 172346 41960 81559 9322 80791 90787 72237
is_linear=0
shrinkage=0.05


Tree=39
num_leaves=15
num_cat=0
split_feature=0 0 0 73 73 69 73 69 4 53 54 73 69 73
split_gain=1734.2 401.315 302.288 115.932 115.348 154.932 105.298 91.6192 76.7144 73.3764 124.1 65.1103 114.354 61.053
threshold=0.021812818013131622 0.032986501231789596 0.014785239472985269 0.47465904057025915 0.68571081757545482 0.13316312432289126 0.64068183302879345 -0.13153804093599317 0.29166667163372045 -0.22052880376577375 0.41636300086975103 0.30744580924510961 -0.051937524229288094 0.31657269597053533
decision_type=2 2 2 2 2 10 2 8 8 10 10 2 10 2
left_child=2 4 -1 -4 5 7 -3 -2 -8 -9 11 12 -11 -12
right_child=1 6 3 -5 -6 -7 8 9 -10 10 13 -13 -14 -15
leaf_value=-0.032521601060283838 0.024011021854040141 0.0068418231036804014 -0.0042051677316715125 -0.01538332857097926 -0.0068928944578529302 0.033265434051667188 -0.0011868032053721279 0.0031562646026969568 0.0055266166387164459 -0.016521424143343101 0.016906787796154021 -0.0095764079265150473 0.011142677549287903 0.00032998408750279577
leaf_weight=2271.8022478334606 364.91880648583174 35829.030507430434 3046.2918215692043 9839.7729259394109 8193.6130704507232 334.45181053876877 8782.4317371696234 7531.5632615759969 8239.7807990163565 560.05826291441917 591.0247318521142 6272.4433528482914 1074.0114465504885 7331.1497582420707
leaf_count=39101 1881 156079 31271 110150 54395 2229 41509 46299 34905 3279 3314 42852 6308 47343
internal_value=-0.000153794 0.00262189 -0.0157295 -0.0127461 -0.00177297 -2.72157e-05 0.00530375 -0.000510357 0.00206424 -0.000903525 -0.00283602 -0.00726363 0.00161831 0.00158643
internal_weight=100262 85104.5 15157.9 12886.1 32253.2 24059.6 52851.2 23725.2 17022.2 23360.3 15828.7 7906.51 1634.07 7922.17
internal_count=620915 440393 180522 141421 207900 153505 232493 151276 76414 149395 103096 52439 9587 50657
is_linear=0
shrinkage=0.05


Tree=40
num_leaves=15
num_cat=0
split_feature=0 0 0 73 72 84 68 72 72 72 4 68 72 73
split_gain=1665.11 334.326 282.999 100.638 166.719 172.222 151.862 115.835 111.275 200.959 110.061 103.72 103.415 93.3308
threshold=0.021928653120994571 0.032294891774654395 0.014785239472985269 0.31214115023612982 0.017287199385464195 1.5000000000000002 -0.058940429240465157 0.011299594305455686 0.022326558828353885 0.048988671973347671 0.37500000000000006 -0.045843264088034623 0.032666085287928588 0.30744580924510961
decision_type=2 2 2 2 8 2 10 10 10 10 8 10 10 2
left_child=2 13 -1 4 7 12 8 11 -7 -10 -5 -3 -6 -2
right_child=1 3 -4 10 5 6 -8 -9 9 -11 -12 -13 -14 -15
leaf_value=-0.031702306396578006 0.0059469678384797345 -0.014270200160214462 -0.012340270914550835 0.0026086477924931934 -0.01678111113797379 0.029611765164042111 -0.0067693646106014964 0.020133126479460785 -0.012065827053231504 0.029235419340968544 0.0084561765509828645 0.011990766243680007 0.0070458774154399523 -0.002523691259594063
leaf_weight=2202.9161501266062 3701.0069956183434 501.30540081858635 13100.445187743753 33358.942414373159 1315.9472609311342 994.07376635074615 921.53311914205551 3883.7313692271709 636.09092338383198 532.17832733690739 10602.284774705768 1416.1015622317791 686.63796722888947 26292.175765566528
leaf_count=39004 21207 2148 144607 152444 5697 4166 3955 16550 2681 2151 43860 6092 2810 173954
internal_value=2.86825e-05 0.00276733 -0.0151463 0.00508802 0.00939068 0.00277433 0.0101755 0.0151772 0.0173949 0.00683646 0.00402052 0.00508643 -0.008617 -0.00147682
internal_weight=100145 84842 15303.4 54848.8 10887.6 5086.46 3083.88 5801.14 2162.34 1168.27 43961.2 1917.41 2002.59 29993.2
internal_count=621326 437715 183611 242554 46250 21460 12953 24790 8998 4832 196304 8240 8507 195161
is_linear=0
shrinkage=0.05


Tree=41
num_leaves=15
num_cat=0
split_feature=0 0 0 0 70 70 72 8 68 68 72 72 70 68
split_gain=1528.33 383.143 209.459 131.024 153.042 131.942 89.0876 77.2343 76.2495 74.3672 106.48 71.4245 76.1462 68.9741
threshold=0.020634616725146774 0.02819403633475304 0.014608186203986408 0.041344059631228454 -0.044312106445431702 -0.02360916510224342 0.016764153726398948 1.0000000180025095e-35 -0.0026957998052239414 -0.018789387308061119 0.012349434662610294 0.019159799441695217 -0.0038944984553381796 -0.052663978189229958
decision_type=2 2 2 2 2 2 8 2 8 8 10 10 2 10
left_child=2 7 -1 6 -5 13 -3 9 11 10 -2 -8 -13 -6
right_child=1 3 -4 4 5 -7 8 -9 -10 -11 -12 12 -14 -15
leaf_value=-0.03152120964481761 0.014910596716960836 0.0026765216719091159 -0.013794173035400946 -0.02133158014894164 0.032346877874280387 0.0060256792330876247 0.0088746356736935528 0.004496597902738683 -0.018402879127857444 -0.0059307037078498758 -0.0050289221349385299 0.0073474740300914498 -0.019098130877378564 0.00940666745811841
leaf_weight=2005.5121703743935 1102.790540151298 28497.144803494215 9915.9952742233872 486.13962721824646 725.3022528886795 33115.727063834667 964.21356600522995 2630.6084736213088 904.53696535527706 16172.646156057715 1672.2836832851171 422.21628946065903 734.54214444756508 611.44009467959404
leaf_count=36612 7169 146464 117535 2033 2951 139082 4785 19958 4754 120560 10919 1981 3694 2530
internal_value=-6.96928e-06 0.00226867 -0.0168002 0.00414802 0.00625639 0.00665174 0.00180993 -0.00351896 -0.00633435 -0.00463358 0.00291996 -0.00112525 -0.00946525 0.0220015
internal_weight=99961.1 88039.6 11921.5 66461.3 34938.6 34452.5 31522.7 21578.3 3025.51 18947.7 2775.07 2120.97 1156.76 1336.74
internal_count=621027 466880 154147 308274 146596 144563 161678 158606 15214 138648 18088 10460 5675 5481
is_linear=0
shrinkage=0.05


Tree=42
num_leaves=15
num_cat=0
split_feature=0 0 0 71 71 68 72 72 72 53 71 73 72 71
split_gain=1364.99 365.448 238.978 155.515 113.806 135.853 109.349 107.278 81.6419 72.6727 71.3362 82.0194 169.561 171.979
threshold=0.024168854579329494 0.015899432823061947 0.036960262805223472 -0.0083209872245788557 0.019246594049036506 0.051178034394979484 0.0060551823116838941 0.0068060979247093209 0.018596295267343525 -0.12219323962926863 0.048369815573096282 0.63125228881835949 0.016764153726398948 -0.002452665707096457
decision_type=2 2 2 2 2 10 10 8 8 8 2 2 10 2
left_child=1 -1 4 -3 5 6 -2 -6 -9 -5 11 -4 -13 -14
right_child=2 3 10 9 7 -7 -8 8 -10 -11 -12 12 13 -15
leaf_value=-0.02682138213618844 -0.0031553642632378902 0.00045218252264238816 0.0075059443124098502 -0.005428664347336667 0.0088787662687165973 -0.012518143102764565 0.0040342835955618338 -0.0069520004960384454 -0.02803932670228422 -0.013270179031740296 -0.0044100121120184367 0.0045890663334233299 0.0078420653737590641 -0.02870602583394076
leaf_weight=3197.2018187232316 7169.9250815361738 3828.6752952374518 27741.421870231628 4250.725279007107 987.77511278539896 1667.6007623150945 20079.408466175199 4715.9128580838442 500.61586448550224 9838.1101567484438 1731.1438043117523 12776.727703884244 530.3235676586628 795.28504019975662
leaf_count=56746 42564 34137 117284 40935 5918 9893 113060 27987 2977 100883 7464 55435 2275 3497
internal_value=1.40028e-05 -0.0112713 0.00304296 -0.00848308 -2.62506e-05 0.00129259 0.00214206 -0.00616527 -0.00902547 -0.0109099 0.00551618 0.00592779 0.00282022 -0.0141353
internal_weight=99810.9 21114.7 78696.1 17917.5 35121.2 28916.9 27249.3 6204.3 5216.53 14088.8 43574.9 41843.8 14102.3 1325.61
internal_count=621055 232701 388354 175955 202399 165517 155624 36882 30964 141818 185955 178491 61207 5772
is_linear=0
shrinkage=0.05


Tree=43
num_leaves=15
num_cat=0
split_feature=0 0 0 27 27 70 70 73 72 70 73 72 73 84
split_gain=1300.44 286.271 275.021 184.236 174.152 133.384 117.262 169.882 108.197 109.446 104.68 139.299 89.6487 136.246
threshold=0.022150238975882534 0.039011036977171905 0.014418398495763542 1.0522884726524355 0.53662091493606578 -0.044312106445431702 -0.022040664218366143 0.15513609349727633 0.019159799441695217 -0.0058136973530054084 0.31214115023612982 0.013127529062330725 0.44474020600318914 2.5000000000000004
decision_type=2 2 2 2 2 2 2 2 8 2 2 10 2 2
left_child=2 4 -1 -4 -2 -3 7 -7 10 -10 -6 -12 -13 -14
right_child=1 5 3 -5 8 6 -8 -9 9 -11 11 12 13 -15
leaf_value=-0.031931919271289709 -0.010748369926147239 -0.020536479653877601 -0.015350199612773077 -0.0032226734962947281 0.0078235991821853351 0.040161381598735189 0.0052804946699601743 0.0071960986568906709 0.0089926115433382192 -0.022477616486944334 0.0013152019703985534 -0.017546352635330813 -0.011979142095775847 0.010847602404902474
leaf_weight=1761.9131418950856 3644.4531756639481 474.36533524096012 8647.2652694173157 4916.5055436901748 5054.5860556811094 588.36387674510479 37131.189719453454 1143.3467816114426 383.0325034558773 940.60318557173014 30660.636438153684 1616.7870822623372 1589.9244203418493 1095.6791446730494
leaf_count=33918 22650 1994 103730 50326 26570 2380 156965 4740 1896 5229 185118 9373 9366 6424
internal_value=2.93678e-06 0.00243844 -0.0133902 -0.0109599 -0.000285958 0.00555331 0.00587696 0.0185626 0.000638736 -0.0133716 0.00110537 0.000132163 -0.00828217 -0.00266054
internal_weight=99648.7 84323 15325.7 13563.8 44985.7 39337.3 38862.9 1731.71 41341.2 1323.64 40017.6 34963 4302.39 2685.6
internal_count=620679 432705 187974 154056 266626 166079 164085 7120 243976 7125 236851 210281 25163 15790
is_linear=0
shrinkage=0.05


Tree=44
num_leaves=15
num_cat=0
split_feature=0 0 0 4 8 5 74 69 28 69 74 74 22 67
split_gain=1158.72 351.282 157.913 93.087 76.7433 71.5996 90.0872 63.9479 65.143 63.1206 78.4925 105.463 53.8549 53.0774
threshold=0.019856099970638755 0.029307078570127491 0.014785239472985269 0.29166667163372045 1.0000000180025095e-35 1.1824724674224856 -0.011677542235702274 0.1366817578673363 1.0450831651687624 -0.13153804093599317 -0.024679644964635369 -0.0033941919682547446 92.948444366455092 0.03774284943938256
decision_type=2 2 2 8 2 2 2 10 2 8 2 2 8 2
left_child=2 4 -1 9 5 12 -7 8 -4 10 -3 -12 -2 -11
right_child=1 3 7 -5 -6 6 -8 -9 -10 13 11 -13 -14 -15
leaf_value=-0.028972793398471249 -0.0042060668771084107 -0.0047863054391096707 -0.017390128598601309 0.0064925496999922233 0.0041911867529797987 0.028119291425029627 -2.1706927193560657e-05 0.014021913968046047 -0.0076697905237827829 0.0016116039876050371 0.036130333245656336 0.0057721223022353194 -0.014387882742589335 0.0097474616985163028
leaf_weight=1982.8417044393718 20055.539290107787 487.49506205320358 4804.9243372417986 21252.078416675329 3192.8270295485854 344.27402349561453 1441.7870359420776 203.32052382081747 2724.4804773181677 38274.532335340977 499.14199811220169 663.58336824178696 1381.205016463995 2106.1388012617826
leaf_count=38994 148395 2010 62218 88537 24325 2094 9809 2601 32930 183731 2090 2720 10302 9545
internal_value=-2.38979e-06 0.0017748 -0.0163951 0.00379622 -0.00306745 -0.0040668 0.005529 -0.0131367 -0.0138877 0.00243165 0.0119878 0.0190014 -0.0048685 0.00203825
internal_weight=99414.2 89698.6 9715.57 63283 26415.6 23222.8 1786.06 7732.73 7529.4 42030.9 1650.22 1162.73 21436.7 40380.7
internal_count=620301 483558 136743 288633 194925 170600 11903 97749 95148 200096 6820 4810 158697 193276
is_linear=0
shrinkage=0.05


Tree=45
num_leaves=15
num_cat=0
split_feature=0 0 0 71 71 84 73 71 84 73 5 70 73 71
split_gain=1074.09 372.434 139.016 124.859 107.078 177.449 84.4527 111.916 108.085 94.8977 83.9533 80.6094 133.454 69.7055
threshold=0.019094173796474937 0.028328271582722667 0.014418398495763542 -0.0083209872245788557 0.036665126681327827 2.5000000000000004 0.6253548562526704 -0.015644740313291546 1.5000000000000002 0.90902182459831249 1.0941182971000674 -0.0063952023629099122 0.76284825801849376 -0.01280281553044915
decision_type=2 2 2 2 2 2 2 2 2 2 2 2 2 2
left_child=2 3 -1 -2 6 -6 -3 8 -8 11 -7 12 -9 -4
right_child=1 4 13 -5 5 10 7 9 -10 -11 -12 -13 -14 -15
leaf_value=-0.030434581758862989 0.0025762194215744969 0.0054126802717902791 -0.00032265734090080114 -0.0056740777171178404 -0.010897728515771095 0.0025627263036563457 0.032161995421292409 -0.00079940603759233388 0.00089834975121613758 0.022903695313065204 0.027210673707848666 -0.00082932625631688668 0.025574369789135853 -0.01616136776136623
leaf_weight=1667.8009253740311 6027.3696931302547 39344.144058674574 794.42668721452355 19099.033509559929 3113.2542759329081 1441.9618321210146 561.31797626614571 1198.6408892273903 536.79756891727448 461.12495724856853 445.37664334475994 18407.474031642079 788.99559549987316 5543.9492573663592
leaf_count=33902 42180 178862 9987 152869 14468 6651 2498 5564 2426 2076 2005 87831 3605 76146
internal_value=-5.04579e-05 0.00148809 -0.0175997 -0.00369474 0.00345257 -0.00357728 0.00402654 0.00154113 0.0170252 0.000718099 0.00849194 0.000205513 0.00974532 -0.0141798
internal_weight=99431.7 91425.5 8006.18 25126.4 66299.1 5000.59 61298.5 21954.4 1098.12 20856.2 1887.34 20395.1 1987.64 6338.38
internal_count=621070 501035 120035 195049 305986 23124 282862 104000 4924 99076 8656 97000 9169 86133
is_linear=0
shrinkage=0.05


Tree=46
num_leaves=15
num_cat=0
split_feature=0 0 71 73 71 74 0 73 71 73 73 74 70 84
split_gain=972.169 337.768 111.078 97.7658 125.103 122.079 97.332 93.3121 107.405 89.6103 80.5884 67.2985 86.1632 115.062
threshold=0.018749509938061241 0.029019585810601715 0.010525262448936703 0.68243443965911876 0.051627470180392272 0.00033635373983997857 0.014608186203986408 0.68929871916770946 0.0090048583224415796 0.69512599706649791 0.30744580924510961 0.0023652915842831139 -0.012843514792621134 2.5000000000000004
decision_type=2 2 2 2 2 2 2 2 2 2 2 2 2 2
left_child=6 2 7 4 -3 -5 -1 8 10 -7 11 12 -2 -14
right_child=1 3 -4 5 -6 9 -8 -9 -10 -11 -12 -13 13 -15
leaf_value=-0.027888061015973173 0.01557545679498135 0.0048618454097278663 -0.0076741342945892107 0.0054466009280563915 -0.010730760975234843 -0.018164197075680396 -0.014339300072816303 -0.0084544175676955092 0.019546155840287845 -0.0020040393716094836 -0.0019515682097743044 0.022697485167864594 -0.020338397356746519 0.013097517630625456
leaf_weight=1770.4443494938314 794.90686313807964 47354.082878157496 9427.1974131911993 6066.0712594687939 1313.1530113816261 942.61012716591358 5449.3007936030626 3400.4227212890983 710.52803622186184 8663.4727221280336 11762.731541566551 583.45052025467157 596.69650512188673 437.81860768795013
leaf_count=36844 4921 214418 75066 28228 5893 4473 75957 27221 5704 40960 90714 3730 3904 2835
internal_value=-4.09256e-05 0.00134552 -0.00326848 0.00333316 0.004439 -0.000101481 -0.0176957 -0.000994295 0.000714344 -0.00360702 -0.000242682 0.0080618 0.00329607 -0.00619802
internal_weight=99272.9 92053.1 27713.8 64339.4 48667.2 15672.2 7219.75 18286.6 14886.1 9606.08 14175.6 2412.87 1829.42 1034.52
internal_count=620868 508067 214095 293972 220311 73661 112801 139029 111808 45433 106104 15390 11660 6739
is_linear=0
shrinkage=0.05


Tree=47
num_leaves=15
num_cat=0
split_feature=0 0 27 4 27 27 73 71 27 70 69 71 72 72
split_gain=838.087 295.078 196.29 136.952 164.448 107.561 102.073 115.69 73.6025 64.5494 59.3147 391.946 95.558 196.971
threshold=0.025564652867615226 0.015764003619551662 1.3478559851646426 0.29166667163372045 0.49973483383655554 0.70351427793502819 0.68571081757545482 0.051627470180392272 0.92946121096611034 -0.00028993083105888212 -0.13803395628929135 -0.054498547688126557 0.013127529062330725 0.014507370535284283
decision_type=2 2 2 8 2 2 2 2 2 2 8 2 10 10
left_child=1 8 5 4 -2 -3 7 10 -1 -8 11 -6 -12 -14
right_child=3 2 -4 -5 6 -7 9 -9 -10 -11 12 -13 13 -15
leaf_value=-0.031335299528707151 -0.0093201235469407995 -0.014706793701121608 0.004624009219120654 0.005932534703660907 -0.013356261860980965 -0.005948377555702565 0.0030534949153323905 -0.014364399847652594 -0.014710303461910997 -0.0052412911558047471 0.0046601957239950599 0.043243500205154793 -0.012021739508536855 0.0035582409456732266
leaf_weight=1441.0787274353206 3461.5732685178518 4748.8300218321383 3534.1458723656833 21456.40065484494 617.94370301067829 13427.846863988787 3528.7012239396572 916.20890720188618 1290.2487476319075 6953.1161913648248 27629.309553287923 588.79276615381241 2889.3016123697162 6746.0788190513849
leaf_count=29470 17982 49383 29738 89565 2544 128571 18661 4408 24904 37590 139938 2471 14174 32229
internal_value=-6.68368e-05 -0.00810274 -0.00614767 0.0025602 0.00120257 -0.00824343 0.0019347 0.00310151 -0.0235641 -0.0024486 0.00352109 0.0143884 0.00316541 -0.00112125
internal_weight=99229.6 24442.2 21710.8 74787.4 53331 18176.7 49869.5 39387.6 2731.33 10481.8 38471.4 1206.74 37264.7 9635.38
internal_count=621628 262066 207692 359562 269997 177954 252015 195764 54374 56251 191356 5015 186341 46403
is_linear=0
shrinkage=0.05


Tree=48
num_leaves=15
num_cat=0
split_feature=0 27 4 71 72 72 68 72 71 71 14 71 72 68
split_gain=866.164 223.823 198.191 163.064 178.127 116.677 102.407 255.262 117.147 187.197 160.777 149.11 102.167 108.949
threshold=0.020851664245128635 0.93277770280838024 0.14166667312383655 0.010525262448936703 0.0064523604232817897 0.0065761392470449218 0.051486242562532432 0.016764153726398948 0.016045041382312778 0.038312071934342391 -0.022663512267172333 0.024556825868785385 0.0080884061753749865 0.026341608725488189
decision_type=2 2 8 2 10 10 10 10 2 2 8 2 10 10
left_child=1 -1 3 4 -2 -5 -4 8 -8 10 11 -10 -6 -14
right_child=2 -3 6 5 12 -7 7 -9 9 -11 -12 -13 13 -15
leaf_value=-0.019777858989470622 -0.0049038164241037713 -0.0058156176441090364 0.0047645760235532188 0.0027358883319440917 0.010392221642054467 -0.0080589717909421623 -0.0081897495810740097 -0.029292749791745388 0.0092990383575118404 -0.020061284716673435 0.0014595963235343038 0.046214558636709507 0.0032923745259780049 -0.011349127151371366
leaf_weight=5814.1077042706311 8025.0025459751487 5682.8214678019285 41417.485032312572 3329.0576393976808 4660.3677522167563 10029.015474610031 1750.9721252843738 757.35245778411627 550.39371395111084 472.41672277450562 1190.754997164011 546.5122644752264 13442.958176083863 1393.2698552533984
leaf_count=86126 53584 72884 182209 22978 29710 64618 8301 3438 2538 2171 5595 2495 75294 9040
internal_value=9.33183e-06 -0.0128875 0.0017039 -0.000838091 0.00136206 -0.00536868 0.00392946 -0.00263242 0.00189843 0.00830475 0.0142243 0.0279428 0.00394235 0.00191067
internal_weight=99062.5 11496.9 87565.6 40879.7 27521.6 13358.1 46685.9 5268.4 4511.05 2760.08 2287.66 1096.91 19496.6 14836.2
internal_count=620981 159010 461971 255224 167628 87596 206747 24538 21100 12799 10628 5033 114044 84334
is_linear=0
shrinkage=0.05


Tree=49
num_leaves=15
num_cat=0
split_feature=4 2 27 27 2 27 27 57 2 18 69 74 84 69
split_gain=592.386 223.533 200.898 138.984 180.991 111.529 87.5514 71.2938 71.1913 65.0224 50.9165 46.2504 84.9468 50.4201
threshold=0.058333335444331176 0.012337746098637583 0.75528582930564891 1.0133871436119082 0.050135927274823196 0.4526286125183106 1.3478559851646426 0.01478288369253278 0.018365491181612018 62.388212203979499 -0.16990498453378675 -0.0078223629388958198 1.0000000180025095e-35 -0.028656173497438427
decision_type=8 2 2 2 2 2 2 10 2 2 10 2 2 10
left_child=1 -1 8 4 5 -2 9 -7 -3 -4 -6 13 -13 -8
right_child=3 2 6 -5 10 7 11 -9 -10 -11 -12 12 -14 -15
leaf_value=-0.027935446309261182 -0.012108678545875029 -0.021148130859365857 -0.0032663357437447502 0.0052807243061766991 0.01915293898859477 -0.0046410191300712642 -0.0054324911183613505 0.00091061499713085262 -0.0095947256618938784 -0.012618439960591333 0.0050263483174001452 -0.013382076884349538 0.0045243404732850595 0.017718681885363064
leaf_weight=1136.1306327879429 2192.6029567681253 1838.7506967335939 12125.360622864217 25971.619239941239 665.43959490954876 7677.1833751834929 315.0064187310636 23336.375359643251 4933.3231690078974 2188.2531255632639 12019.677411451936 858.8133512288332 2776.7809130512178 874.38299073278904
leaf_count=23709 12124 28711 107666 124908 2702 46263 1798 120454 41844 25549 49186 7222 22494 6051
internal_value=-1.53572e-05 -0.00632135 -0.0053632 0.00235856 0.000704002 -0.00123697 -0.00274121 -0.000464705 -0.0127583 -0.00470389 0.00578191 0.00307888 0.000269316 0.011593
internal_weight=98909.7 27046.8 25910.7 71862.9 45891.3 33206.2 19138.6 31013.6 6772.07 14313.6 12685.1 4824.98 3635.59 1189.39
internal_count=620681 265044 241335 355637 230729 178841 170780 166717 70555 133215 51888 37565 29716 7849
is_linear=0
shrinkage=0.05


Tree=50
num_leaves=15
num_cat=0
split_feature=4 73 69 27 53 27 54 4 68 72 72 73 72 4
split_gain=530.63 258.002 221.577 188.247 129.352 118.622 113.459 91.7952 87.1882 204.871 101.328 92.7298 86.7325 117.217
threshold=0.058333335444331176 0.30744580924510961 0.040112277492880828 1.1154648065567019 -0.15838754177093503 0.55709919333457958 0.40122145414352423 0.32500000298023229 0.051486242562532432 0.016764153726398948 0.0062040099874138841 0.78959435224533092 0.0053262235596776017 0.24166666716337207
decision_type=8 2 8 2 8 2 8 8 10 10 10 2 10 10
left_child=1 2 -1 4 -3 7 -6 -2 10 12 -7 -12 -10 -14
right_child=5 3 -4 -5 6 8 -8 -9 9 -11 11 -13 13 -15
leaf_value=0.0015830997177072943 -0.0067158530830053135 -0.0039460559278168125 0.038805248381145081 -0.0014058192229698865 -0.019016369706257898 -0.00048548451279964878 -0.0089072906128326301 0.003936052408331444 0.018995799146448125 -0.027525339787006539 0.0041845898840760006 0.014705870464172509 -0.0092141714379220755 0.0065154190413784924
leaf_weight=3463.1815212741494 5976.5964387878776 4515.9652306623757 442.14811379462481 7367.3307711705565 5591.4993249475956 11908.041566491127 5567.3736321553588 3046.523298215121 568.01441534608603 721.00577002763748 42724.308419469744 2194.3439386412501 2411.1416240818799 2309.0174580663443
leaf_count=21888 32166 37707 3140 67379 73179 63444 62159 12792 3192 3412 204096 11611 14846 10029
internal_value=-4.50514e-06 -0.00598669 0.00588561 -0.00800056 -0.0110973 0.00223937 -0.0139852 -0.00311902 0.0030092 -0.00271479 0.00361485 0.00470173 0.000713529 -0.00152203
internal_weight=98806.5 26947.5 3905.33 23042.2 15674.8 71859 11158.9 9023.12 62835.9 6009.18 56826.7 44918.7 5288.17 4720.16
internal_count=621040 265452 25028 240424 173045 355588 135338 44958 310630 31479 279151 215707 28067 24875
is_linear=0
shrinkage=0.05


Tree=51
num_leaves=15
num_cat=0
split_feature=57 72 53 64 68 72 70 74 68 70 70 74 17 68
split_gain=322.765 165.435 145.516 148.57 116.522 159.781 84.7648 78.4646 73.4991 181.984 219.682 219.124 196.024 104.588
threshold=0.016263688914477829 0.0062040099874138841 -0.12646538019180295 0.022000278346240524 0.051486242562532432 0.016991127282381061 -0.0024307080311700697 0.0022832845570519571 -0.073404144495725618 -0.0030925977043807502 -0.027607571333646771 -0.015808755531907078 53.956707000732429 -0.055920964106917374
decision_type=10 10 8 2 10 10 2 2 8 2 2 2 10 8
left_child=2 -2 -1 -4 8 6 -6 -8 9 10 -3 -12 -11 -10
right_child=1 4 3 -5 5 -7 7 -9 13 12 11 -13 -14 -15
leaf_value=-0.00052193670942402481 -0.0027480678675377403 0.0010343839954709126 -0.012584588821874583 -0.0027007950390117723 -0.017449488549937206 -0.029223934651243951 0.012900003701335459 -0.0039164593582865738 -0.0075266558240836461 -0.020025604692152504 0.049601522779849083 0.010653313896860275 0.017469225215584978 0.0035789333010321431
leaf_weight=11457.608023568988 16484.091495063156 1078.0834890678525 8147.1507060155272 7134.2911284826696 639.58935034275055 579.27727706357837 1112.6965074688196 1806.6641703136265 2215.0824678987265 815.59576971456409 742.66192936524749 707.51812955737114 593.68933968618512 45231.739754166454
leaf_count=71743 110784 4633 92107 51850 3311 2717 5787 9362 10406 3461 3182 3093 2476 245975
internal_value=-9.28019e-05 0.00164921 -0.00478279 -0.00797503 0.00295497 -0.00510775 -0.00111156 0.00251519 0.00360517 0.0101621 0.0181631 0.0308025 -0.00421837 0.00305899
internal_weight=98745.7 72006.7 26739 15281.4 55522.6 4138.23 3558.95 2919.36 51384.4 3937.55 2528.26 1450.18 1409.29 47446.8
internal_count=620887 405187 215700 143957 294403 21177 18460 15149 273226 16845 10908 6275 5937 256381
is_linear=0
shrinkage=0.05


Tree=52
num_leaves=15
num_cat=0
split_feature=0 0 27 27 71 84 71 27 0 27 4 74 74 9
split_gain=610.777 193.536 145.382 144.059 76.4329 153.396 92.9072 73.2646 66.2813 65.162 58.9955 60.8302 61.1094 55.5156
threshold=0.019309633411467079 0.029019585810601715 0.70351427793502819 0.92946121096611034 0.036665126681327827 2.5000000000000004 0.041819194331765182 0.58480742573738109 0.01357853412628174 1.3586910963058474 0.22500000149011615 0.016113425604999069 0.024391295388340953 -0.0056131260935217133
decision_type=2 2 2 2 2 2 2 2 2 2 8 2 2 2
left_child=3 2 -2 8 7 13 -7 -3 -1 -4 -9 -12 -13 -6
right_child=1 4 9 -5 5 6 -8 10 -10 -11 11 12 -14 -15
leaf_value=-0.03628919414201702 -0.0094168380282318286 -0.0010914383065212033 -0.0019583070949504111 -0.0066278241572148237 0.0041398426661709928 -0.0064672735510482859 0.016593820942494324 0.0022549031803561262 -0.017468274263699141 0.0049954871935590055 0.0048751489779391959 0.020144152818603375 0.0019379978511723857 -0.013519718691658225
leaf_weight=548.06557067856193 5901.3968329951167 8984.7750218510628 16206.21997153759 3934.3985412791371 536.94548940658569 695.00692553818226 1145.8960105776787 27698.335969522595 3383.5158759765327 4242.4307855814695 20797.368410810828 1338.0172991007566 703.86959287524223 2481.0514211803675
leaf_count=13166 49691 41255 123808 57658 2429 3178 5205 133662 53967 28849 87497 5618 2948 11557
internal_value=-6.09152e-05 0.00109836 -0.00251062 -0.0134172 0.00257561 -0.00344899 0.00789953 0.0030679 -0.0201773 -0.000513884 0.00380744 0.00568846 0.0139082 -0.0103745
internal_weight=98597.3 90731.3 26350 7865.98 64381.3 4858.9 1840.9 59522.4 3931.58 20448.7 50537.6 22839.3 2041.89 3018
internal_count=620488 495697 202348 124791 293349 22369 8383 270980 67133 152657 229725 96063 8566 13986
is_linear=0
shrinkage=0.05


Tree=53
num_leaves=15
num_cat=0
split_feature=0 0 27 27 71 69 53 8 68 0 54 53 71 71
split_gain=596.309 180.115 143.082 134.702 109.277 134.804 87.5714 80.0068 76.9501 74.5322 65.8313 122.436 83.2016 80.2018
threshold=0.01941064186394215 0.031781280413270004 0.53662091493606578 0.92946121096611034 -0.0083209872245788557 -0.037229469045996659 -0.25175990164279932 1.0000000180025095e-35 -0.073404144495725618 0.014785239472985269 0.59163358807563793 -0.32132658362388605 -0.017835204489529129 -0.014158233534544705
decision_type=2 2 2 2 2 8 8 2 10 2 8 10 2 2
left_child=3 2 -2 9 5 8 -6 -8 -4 -1 11 -3 -12 -14
right_child=1 10 4 -5 6 -7 7 -9 -10 -11 12 -13 13 -15
leaf_value=-0.032595806525381861 -0.013371130244699939 0.0039893947161983058 0.0070494891659654731 -0.006646239793046212 0.0046371299893123623 0.0069606528711627681 -0.005063210606113297 0.0046258530465234189 -0.018818747255032187 -0.015928212367845931 0.011316951436687355 -0.0026039995473496045 -0.011325039021337385 0.0040371926369044764
leaf_weight=868.39674458280206 2447.7587900087237 16472.787941128016 417.12076845765114 4019.5595197863877 3553.2762757986784 6823.5915610194206 17391.755650222301 2419.9435418620706 884.97165554761887 3092.7178201191127 3930.7066742479801 12282.508833646774 872.53501659631729 23130.334643930197
leaf_count=21052 19351 71212 2140 58715 23542 44071 130754 18752 5483 47253 16447 57128 3703 101352
internal_value=-2.5719e-05 0.00112865 -0.00175186 -0.0131196 -0.000844739 0.00414655 -0.0025816 -0.00387798 -0.0105414 -0.0196551 0.00285316 0.00117317 0.00458152 0.00347427
internal_weight=98608 90627.3 33938.4 7980.67 31490.7 8125.68 23365 19811.7 1302.09 3961.11 56688.9 28755.3 27933.6 24002.9
internal_count=620955 493935 244093 127020 224742 51694 173048 149506 7623 68305 249842 128340 121502 105055
is_linear=0
shrinkage=0.05


Tree=54
num_leaves=15
num_cat=0
split_feature=0 0 27 27 0 73 71 74 74 74 71 74 71 8
split_gain=550.428 186.325 143.06 109.235 82.7302 68.7122 141.548 112.962 154.736 90.7154 82.0694 71.8718 71.8223 68.0751
threshold=0.019856099970638755 0.029019585810601715 0.9928497076034547 0.70351427793502819 0.014785239472985269 0.63125228881835949 0.051627470180392272 0.00033635373983997857 -0.017927798442542549 0.01787667348980904 -0.010008481796830891 0.024391295388340953 -0.0005650664388667791 1.0000000180025095e-35
decision_type=2 2 2 2 2 2 2 2 2 2 2 2 2 2
left_child=2 3 4 -2 -1 6 -3 8 -7 -9 -10 -11 -12 -5
right_child=1 5 -4 13 -6 7 -8 9 10 11 12 -13 -14 -15
leaf_value=-0.03069514252912808 -0.0087108635714147845 0.0041802853191041951 -0.0047474387979969173 -0.0019244532184436074 -0.014380205356032606 -0.022605724623582412 -0.012667041207541654 -0.0041342664124137916 0.021574656274569916 0.019252853258160847 -0.0050742170614475387 -0.0048970594789617058 0.0068707136660888487 0.0070338139517013565
leaf_weight=971.72905050963163 5638.3115166053176 40991.645627707243 3821.3305172100663 17098.144825689495 4000.4265887774527 488.88401283323765 1276.3610398992896 11755.190002940595 764.76827377080917 778.48132646083832 1561.3452901095152 500.11374671757221 6345.6366918236017 2410.8881450295448
leaf_count=24050 47015 183873 53075 124987 59627 2194 5736 55632 3412 3534 7154 2309 29621 18116
internal_value=-0.000109875 0.00106205 -0.01204 -0.00258761 -0.0176239 0.002486 0.00366867 0.000233024 0.0044852 -0.00275671 0.00603677 0.00984208 0.00450859 -0.000814372
internal_weight=98403.3 89609.8 8793.49 25147.3 4972.16 64462.4 42268 22194.4 9160.63 13033.8 8671.75 1278.6 7906.98 19509
internal_count=620335 483583 136752 190118 83677 293465 189609 103856 42381 61475 40187 5843 36775 143103
is_linear=0
shrinkage=0.05


Tree=55
num_leaves=15
num_cat=0
split_feature=2 54 53 73 69 72 27 69 68 69 70 2 68 70
split_gain=411.857 169.123 216.062 157.231 338.852 173.937 144.847 143.475 122.543 135.067 105.571 102.004 89.2448 153.432
threshold=0.01825787499547005 0.85160985589027416 -0.29372008144855494 0.31657269597053533 0.042114155367016799 0.013127529062330725 1.2994509935379031 -0.011767926160246132 -0.022442183457314965 -0.05704184249043464 -0.0034656279021874066 0.012082735076546671 -0.073404144495725618 -0.0030925977043807502
decision_type=2 10 10 2 10 10 2 8 10 10 2 2 10 2
left_child=6 2 -2 4 12 7 11 -5 -7 -10 -3 -1 13 -4
right_child=1 10 3 5 -6 8 -8 -9 9 -11 -12 -13 -14 -15
leaf_value=-0.030953792468314457 0.0028623519789988138 0.011174551818326755 0.022133512596983363 0.014672149172621662 0.039969019436677466 -0.027694825926374518 0.002059658525922897 -0.0033100133244487887 0.015354058282408762 -0.011799569380137378 0.0028867693664260397 -0.011615534403974519 -0.0029673733132050319 -0.010036442252106793
leaf_weight=765.83685954287648 31554.039712890983 5147.8602478429675 1035.3378608971834 1151.7224420234561 593.52024085819721 1039.2775900289416 1811.2236007116735 24646.227228581905 509.63227805495262 3922.0949197672307 15112.837838392705 5991.8282481133938 4449.4019279778004 566.92463926970959
leaf_count=18053 150841 23391 4703 7158 3087 6014 22592 167776 2899 23628 72592 91121 23961 2541
internal_value=-2.18456e-05 0.000978738 -0.00019376 -0.00273729 0.00424273 -0.00422155 -0.0104884 -0.00250184 -0.0123113 -0.00864946 0.00499701 -0.0138496 0.000678694 0.0107592
internal_weight=98297.8 89728.9 69468.2 37914.1 6645.18 31269 8568.89 25797.9 5471 4431.73 20260.7 6757.67 6051.66 1602.26
internal_count=620357 488591 392608 241767 34292 207475 131766 174934 32541 26527 95983 109174 31205 7244
is_linear=0
shrinkage=0.05


Tree=56
num_leaves=15
num_cat=0
split_feature=57 23 53 57 68 70 70 17 63 14 84 70 69 70
split_gain=244.307 161.365 135.476 91.3749 74.6693 150.927 176.862 124.796 91.7704 77.0478 81.9241 237.34 224.907 154.971
threshold=0.02403983008116484 0.019812989048659805 -0.16347865760326383 0.0097142481245100516 -0.073404144495725618 -0.0030925977043807502 -0.027607571333646771 53.956707000732429 0.26369011402130133 0.24319867044687274 1.5000000000000002 -0.0085004726424813253 0.045433614403009422 -0.0070962086319923392
decision_type=10 2 8 10 10 2 2 10 8 10 2 2 10 2
left_child=1 2 -1 -4 5 6 -2 -7 -8 10 13 12 -12 -6
right_child=4 -3 3 -5 9 7 8 -9 -10 -11 11 -13 -14 -15
leaf_value=-0.0003324758326858448 -0.00037308579360032597 0.0018048224338943571 -0.012388162605221074 -0.0050720117500482973 0.011249604585711602 -0.014145245241794144 0.038554607985506799 0.013504747529017289 0.01451521675622789 0.0063077142313160322 -0.017222239412624605 0.0010995072590045552 0.0038784038103693258 0.00067730676216552505
leaf_weight=8722.8618328310549 1075.7748108208179 10758.957521684468 6999.9454732909799 10976.911563012749 4506.2432034388185 1057.4852015860379 746.34076192602515 651.07505023851991 877.72545271739364 6698.8965315632522 3796.4275034889579 24683.557295195758 1885.0905719809234 14914.026013296098
leaf_count=56404 4596 57761 79879 101898 23663 4582 3219 2726 3775 29335 19572 139322 10320 84126
internal_value=-0.000186938 -0.0033637 -0.00544632 -0.00792613 0.00176751 0.00802749 0.0153665 -0.00359149 0.0257309 0.00127761 0.000599646 -0.00102237 -0.0102267 0.00313501
internal_weight=98351.3 37458.7 26699.7 17976.9 60892.6 4408.4 2699.84 1708.56 1624.07 56484.2 49785.3 30365.1 5681.52 19420.3
internal_count=621178 295942 238181 181777 325236 18898 11590 7308 6994 306338 277003 169214 29892 107789
is_linear=0
shrinkage=0.05


Tree=57
num_leaves=15
num_cat=0
split_feature=2 73 68 74 68 74 68 73 68 2 74 73 68 74
split_gain=359.345 147.001 121.667 139.848 175.382 154.518 160.409 136.05 165.145 112.542 101.792 105.653 103.542 212.064
threshold=0.017197798006236557 0.31214115023612982 -0.022442183457314965 0.01787667348980904 0.053573144599795348 -0.00055084709310904134 -0.020276045426726338 0.6537192463874818 -0.0022084162337705489 0.012337746098637583 -0.0014956224476918576 0.71938186883926403 0.048580745235085494 -0.011842650827020405
decision_type=2 2 10 2 10 2 10 2 10 2 2 2 10 2
left_child=9 -2 -3 5 7 10 -7 8 -5 -1 12 -12 -4 -14
right_child=1 2 3 4 -6 6 -8 -9 -10 -11 11 -13 13 -15
leaf_value=-0.0263951159226785 0.0053623617516498183 -0.0087303588572456171 0.0025418194553070003 0.027877496866440577 -0.0098481843082628313 0.029359545258852034 -0.0024091295221399011 0.036443834410601901 -0.0019572893982126092 -0.0084228035092433276 0.014410579228103834 -0.005748795339028146 -0.035150421315947068 -7.7179035525300598e-05
leaf_weight=1038.4947039783001 15380.488800864667 3777.10236351192 23829.489370796829 763.0798906609416 807.29009117931128 391.48814357444644 38937.294751696289 646.55996504053473 1156.4999521449208 5281.1267523020506 3089.436639174819 816.4619717001915 554.81977872923017 1818.9203541986644
leaf_count=24244 72889 19419 135163 3998 4036 2122 230987 3420 5990 83079 18034 4763 2838 10106
internal_value=0.00011033 0.000903321 7.27364e-06 0.000461677 0.010388 -2.19903e-05 -0.00208551 0.0167677 0.00998578 -0.0114132 0.0026732 0.0101927 0.00154887 -0.008388
internal_weight=98288.6 91968.9 76588.4 72811.3 3373.43 69437.9 39328.8 2566.14 1919.58 6319.62 30109.1 3905.9 26203.2 2373.74
internal_count=621088 513765 440876 421457 17444 404013 233109 13408 9988 107323 170904 22797 148107 12944
is_linear=0
shrinkage=0.05


Tree=58
num_leaves=15
num_cat=0
split_feature=0 0 27 27 70 27 68 14 74 68 0 70 74 70
split_gain=432.993 144.293 170.696 131.163 95.6184 92.2351 88.6403 59.12 57.1949 54.8719 54.0888 53.4867 108.287 69.1248
threshold=0.018515154719352726 0.035175608471035964 0.60999807715415966 0.92609691619873058 -0.044312106445431702 1.4876836538314822 -0.13279618322849271 0.16283873468637469 -0.010095306206494568 0.063508495688438429 0.013345313258469107 -0.022040664218366143 -0.020243629813194271 -0.027607571333646771
decision_type=2 2 2 2 2 2 8 10 2 10 2 2 2 2
left_child=3 2 -2 -1 -3 7 -6 9 -9 -4 -5 13 -13 -8
right_child=1 4 5 10 6 -7 11 8 -10 -11 -12 12 -14 -15
leaf_value=-0.020683412637654677 -0.0093106920946513707 -0.018773476595707272 -0.0015450905478266866 -0.022206751370357419 0.018987928767092987 0.0060475528824808803 0.00090438220123431666 0.021717183613768756 0.002499412413847121 -0.015607071332335435 -0.0031763558966901324 -0.01377751755607832 0.0025893363560630231 0.020301466429488688
leaf_weight=2930.4978579431772 5828.1450902447104 507.1866130977869 28365.899127151817 425.80995224788785 825.68587046861649 5205.8571250140667 891.79617670178413 425.05181408673525 3554.8203164190054 701.31539987772703 2643.5874578692019 1024.6299371272326 43881.341300055385 939.22452858090401
leaf_count=57388 44020 2129 200097 10095 3331 32526 3688 2476 23187 5031 39987 4328 188266 3889
internal_value=-0.000129251 0.000718729 -0.00134723 -0.0131327 0.00261314 -0.000131816 0.0028451 -0.00110678 0.00460116 -0.00188962 -0.00587994 0.00255591 0.00221291 0.0109104
internal_weight=98150.8 92151 44081.1 5999.9 48069.9 38252.9 47562.7 33047.1 3979.87 29067.2 3069.4 46737 44906 1831.02
internal_count=620438 512968 307337 107470 205631 263317 203502 230791 25663 205128 50082 200171 192594 7577
is_linear=0
shrinkage=0.05


Tree=59
num_leaves=15
num_cat=0
split_feature=4 73 2 54 73 74 74 73 21 74 57 74 74 54
split_gain=308.25 203.463 114.944 114.119 85.2015 79.8008 68.6967 66.5207 64.9068 59.2113 55.1638 54.6322 80.435 66.2336
threshold=0.075000002980232253 0.47465904057025915 0.014497849158942701 0.45707526803016668 0.68571081757545482 0.0022832845570519571 0.0052866484038531789 0.68929871916770946 61.206874847412116 0.0058752251788973817 0.054716171696782119 0.0037459005834534769 -0.015808755531907078 0.52643138170242321
decision_type=8 2 2 8 2 2 2 2 8 2 10 2 2 10
left_child=1 3 -3 8 -2 -6 -7 -4 -1 -8 -11 12 -5 -13
right_child=4 2 7 11 5 6 9 -9 -10 10 -12 13 -14 -15
leaf_value=0.00064154362981140231 0.0028443882352494169 -0.018563385818188182 -0.0040432574149363567 0.027041719966943469 0.0022294843569247193 -0.011049975922332565 0.015115981973246807 -0.010671159964141029 -0.0094425220994331319 -0.0057602290571084911 0.0055740511225264161 0.040100741111098258 0.00058797855017493584 0.0087758815777105956
leaf_weight=7348.8412554636598 48328.463886510581 2016.0524773523211 12869.973700322211 348.22266631573439 8613.9604664221406 2761.111445248127 479.10581643879414 5367.9947631768882 2027.9452694989741 4392.0499598421156 1410.9600955285132 290.62485125288367 1454.7629349529743 401.69123615697026
leaf_count=51055 225111 44438 117894 2398 44057 14674 2492 53352 18094 23228 6249 2524 12460 3010
internal_value=-0.000196961 -0.00421279 -0.00725803 0.00098418 0.00175855 -0.00121336 -0.00449163 -0.00599883 -0.0015471 -0.00159612 -0.00299953 0.0104644 0.00581814 0.0223094
internal_weight=98111.8 32126.1 20254 11872.1 65985.7 17657.2 9043.23 18238 9376.79 6282.12 5803.01 2495.3 1802.99 692.316
internal_count=621036 305225 215684 89541 315811 90700 46643 171246 69149 31969 29477 20392 14858 5534
is_linear=0
shrinkage=0.05


Tree=60
num_leaves=15
num_cat=0
split_feature=0 54 26 73 71 71 69 17 68 69 74 68 69 74
split_gain=378.775 139.959 125.828 110.895 127.382 110.104 82.661 79.9961 77.8622 157.793 88.0733 292.562 76.2857 78.4834
threshold=0.018285294063389305 0.65496784448623668 -0.14926205575466153 0.68929871916770946 0.019246594049036506 -0.017835204489529129 0.097578190267086043 50.04692459106446 0.033686492592096336 0.10690298676490785 0.01120596192777157 0.016201747581362728 -0.13803395628929135 0.009531359653919937
decision_type=2 10 10 2 2 2 8 10 10 10 2 10 8 2
left_child=-1 2 -2 4 8 7 -6 -3 9 10 12 -12 -4 -14
right_child=1 5 3 -5 6 -7 -8 -9 -10 -11 11 -13 13 -15
leaf_value=-0.0128789987415114 0.0029085188401492233 0.017343760630322121 0.021001981093497702 -0.0064201566115823687 -0.010432757610895786 0.0023809098323046649 0.0059507215373092726 0.0013726007754978273 0.0080959525660702029 -0.013475724862727263 0.002156594558850406 0.045011091018447025 -0.00010924893059050762 -0.016459133809416483
leaf_weight=5521.0849539227784 17850.240197680891 2288.8278339505196 403.66919839382172 10971.471085961908 4578.6535088047385 23752.885528661311 918.28121013939381 1192.6204333081841 3078.9935081936419 2082.3247289918363 2583.5124074853957 461.09229006618261 21453.045608848333 749.9947581961751
leaf_count=103017 82878 10147 1791 72907 28061 120096 6187 5372 20350 13672 14571 2861 133642 4688
internal_value=-0.000169529 0.000591482 -0.000667162 -0.00201744 -0.000685688 0.00360069 -0.00769001 0.0118922 0.000565964 -0.000272634 0.000804002 0.00877283 -0.000272621 -0.000668691
internal_weight=97886.7 92365.6 65131.3 47281 36309.6 27234.3 5496.93 3481.45 30812.6 27733.6 25651.3 3044.6 22606.7 22203
internal_count=620240 517223 381608 298730 225823 135615 34248 15519 191575 171225 157553 17432 140121 138330
is_linear=0
shrinkage=0.05


Tree=61
num_leaves=15
num_cat=0
split_feature=57 67 72 27 1 72 69 72 70 69 72 24 69 74
split_gain=189.269 202.712 119.095 108.36 79.6413 55.3666 130.15 96.8104 54.9034 103.113 156.999 69.5656 61.0658 152.406
threshold=0.016263688914477829 0.020560572855174545 0.0062040099874138841 0.90239298343658458 0.0086109223775565642 0.0056194046046584853 0.13316312432289126 0.0051130149513483056 -0.044312106445431702 -0.13803395628929135 0.019159799441695217 -0.07970817387104033 0.040112277492880828 -0.0060564759187400332
decision_type=10 2 10 2 10 8 10 10 2 8 10 2 8 2
left_child=1 3 5 4 -1 6 7 -2 -4 10 -10 -11 -13 -14
right_child=2 -3 8 -5 -6 -7 -8 -9 9 11 -12 12 13 -15
leaf_value=-0.028758222160105734 -0.0044257421744294066 0.0040254506305662536 -0.012324683327091072 -0.0017381022472460887 -0.0084009364582240623 -0.007480194336035844 0.025931895483894737 0.0057748771572591409 0.036535507338041368 0.0070703526228032415 0.0030074219166705816 -0.00045301611584629256 0.010178580345138031 0.0011102176251697861
leaf_weight=494.81738124415278 8753.2803906425834 6486.410823687911 611.58621995896101 8074.8372930400074 10918.68058180809 4025.1874675676227 431.31577816233039 3156.9778030365705 549.30369126051664 6581.1300994306803 934.62706542387605 20620.986443903297 5994.9095238819718 20296.728577058762
leaf_count=12419 61935 34517 2662 73980 94122 25415 2610 21109 2327 27991 3843 107198 34116 116383
internal_value=3.1358e-05 -0.00362636 0.00135205 -0.00617392 -0.0093079 -0.00239577 -0.000732778 -0.00171935 0.00245572 0.00262235 0.0155799 0.00226006 0.00158389 0.00318103
internal_weight=97930.8 25974.7 71956 19488.3 11413.5 16366.8 12341.6 11910.3 55589.3 54977.7 1483.93 53493.8 46912.6 26291.6
internal_count=620627 215038 405589 180521 106541 111069 85654 83044 294520 291858 6170 285688 257697 150499
is_linear=0
shrinkage=0.05


Tree=62
num_leaves=15
num_cat=0
split_feature=0 0 4 73 71 54 71 14 73 68 68 71 74 71
split_gain=313.078 121.697 95.3826 100.921 109.371 78.2826 107.293 77.9734 87.7364 80.1287 144.484 74.719 69.806 69.2723
threshold=0.020634616725146774 0.01357853412628174 0.19166667014360431 0.68243443965911876 0.047184959053993232 0.59163358807563793 -0.017835204489529129 -0.083468034863471971 0.31657269597053533 -0.027866990305483338 -0.01731143984943628 0.031170457601547245 -0.010936702601611612 -0.0071565646212548009
decision_type=2 2 8 2 2 8 2 10 2 10 10 2 2 2
left_child=1 -1 3 4 5 7 -7 13 9 -9 -11 -8 -5 -2
right_child=2 -3 -4 12 -6 6 11 8 -10 10 -12 -13 -14 -15
leaf_value=-0.025987873827958186 -0.0018745749939948564 -0.0067221274854906204 0.002823892386653034 0.014619082576428298 -0.017110013337017796 0.015998547368637067 0.0014422644811379441 0.00065726602162614629 -0.003749631357840841 0.03104286244426482 -0.0061613024735470076 0.0234186713550899 -0.0056258750394799972 0.0082931698610443534
leaf_weight=893.41538487002254 2769.8329550325871 9064.8489836938679 36614.320565007627 434.56818719953299 840.40181639045477 1740.9769763201475 8460.4031787589192 5025.6112110614777 15893.467151276767 621.86306231468916 439.73058956116438 395.41667173802853 10397.219895482063 4216.4152272865176
leaf_count=24197 13434 129717 156919 2718 4827 8772 50770 25154 103311 3287 2389 2336 69500 22890
internal_value=-7.74196e-05 -0.00847491 0.000875334 -0.000517428 0.00063182 0.00101292 0.00468793 -0.000332648 -0.00179524 0.00330539 0.0157186 0.00244883 -0.00480092 0.00426505
internal_weight=97808.5 9958.26 87850.2 51235.9 40404.1 39563.7 10596.8 28966.9 21980.7 6087.2 1061.59 8855.82 10831.8 6986.25
internal_count=620221 153914 466307 309388 237170 232343 61878 170465 134141 30830 5676 53106 72218 36324
is_linear=0
shrinkage=0.05


Tree=63
num_leaves=15
num_cat=0
split_feature=4 73 72 72 69 58 5 27 27 71 72 73 2 2
split_gain=236.971 168.669 109.214 285.049 124.213 120.5 104.198 101.454 95.2105 85.7654 102.011 89.1526 78.8965 62.2673
threshold=0.058333335444331176 0.47465904057025915 0.010543812997639181 0.010034040547907354 -0.13803395628929135 0.0072180267889052638 1.2148495316505434 0.56174626946449291 1.3174926638603213 0.003894143621437252 0.0063879613298922786 0.38993012905120855 0.012082735076546671 0.059764072299003608
decision_type=8 2 10 10 10 2 2 2 2 2 10 2 2 2
left_child=1 2 3 5 -4 9 -6 13 12 -1 -11 -12 -3 -2
right_child=7 8 4 -5 6 -7 -8 -9 -10 10 11 -13 -14 -15
leaf_value=-0.0036388470844934671 -0.0059926634281049513 -0.027594035284027926 0.025592272116494709 0.05798924719996066 -0.0097944841351945578 0.024580885228703039 0.010888306096058059 0.0020745114297427707 0.00047081130494267649 0.039809783077018941 0.029860741059001474 -0.0091477735228091533 -0.0083747861870848202 0.0032100830480006753
leaf_weight=3086.4502310939133 6811.2594201900065 550.13738984614611 314.13084711506963 243.04911397770047 3764.6812197379768 578.96377469599247 717.47123912349343 62587.285864200443 3154.928194090724 256.55123382434249 203.36338867247105 457.8435615375638 12575.403562515974 2508.8026002347469
leaf_count=28226 36513 15007 1629 1852 27365 4439 3849 308785 29758 2872 1910 4673 143663 10192
internal_value=-0.000127456 -0.00422702 0.00102069 0.0063245 -0.00431828 0.00346439 -0.00646686 0.0013497 -0.00732738 0.000357555 0.0136919 0.00311597 -0.00920073 -0.00351465
internal_weight=97810.3 25903 9622.5 4826.22 4796.28 4583.17 4482.15 71907.3 16280.5 4004.21 917.758 661.207 13125.5 9320.06
internal_count=620733 265243 76815 43972 32843 42120 31214 355490 188428 37681 9455 6583 158670 46705
is_linear=0
shrinkage=0.05


Tree=64
num_leaves=15
num_cat=0
split_feature=4 73 71 69 73 69 69 71 69 73 69 74 69 5
split_gain=190.266 125.147 94.6507 84.453 82.9077 131.466 96.2739 86.7108 75.5353 82.8207 94.2823 96.2273 77.5687 75.0694
threshold=0.058333335444331176 0.47465904057025915 0.02253398206084967 0.059357302263379104 0.68243443965911876 0.1366817578673363 -0.039103591814637177 0.051627470180392272 -0.037229469045996659 0.22526439279317859 -0.015334761701524256 -0.0067050186917185775 -0.13153804093599317 0.98566603660583507
decision_type=8 2 2 10 2 10 8 2 8 2 10 2 10 2
left_child=1 2 8 -3 5 7 -6 -2 12 10 -10 -12 -1 -8
right_child=4 3 -4 -5 6 -7 13 -9 9 -11 11 -13 -14 -15
leaf_value=0.011864928399370311 0.0022067028669566727 -0.011492925617466067 -0.014937377743540387 -0.0039265763606959108 0.022060166705806988 0.027379726792916916 -0.004924720292165923 -0.010931697322979141 0.040300551587932831 0.0023144520395837402 -0.012655897252083152 0.026099901068239492 -0.013327246541089459 0.0014278972341447329
leaf_weight=392.27402586117387 50654.786663666368 5688.0202596541494 879.701624520123 10505.313128054142 407.43078040704131 500.54908203333616 10893.634611308575 1277.9566874951124 310.24659619852901 6165.8865415714681 311.94010105356574 309.92231296002865 1275.7779468148947 8102.7296195439994
leaf_count=1944 242972 67336 7319 121355 2003 2529 60809 5799 1773 53609 2105 2200 8059 40725
internal_value=-0.000226816 -0.00390549 0.000603026 -0.00658976 0.00109673 0.00212994 -0.00169491 0.00188135 0.0021778 0.00442817 0.0182374 0.0067665 -0.00736743 -0.00221574
internal_weight=97676.2 25839.1 9645.75 16193.3 71837.1 52433.3 19403.8 51932.7 8766.05 7098 932.109 621.862 1668.05 18996.4
internal_count=620537 265700 77009 188691 354837 251300 103537 248771 69690 59687 6078 4305 10003 101534
is_linear=0
shrinkage=0.05


Tree=65
num_leaves=15
num_cat=0
split_feature=0 27 69 4 27 68 69 70 72 53 69 68 74 72
split_gain=272.499 128.208 174.327 138.007 114.143 68.9373 62.1103 236.344 137.54 61.487 63.2831 343.321 101.012 86.954
threshold=0.017930453643202785 0.75826242566108715 -0.13803395628929135 0.25833334028720861 0.72259712219238292 0.060949174687266357 0.12600637972354892 -0.0067627644166350356 0.0052483330946415671 -0.2878499031066894 0.041611669585108764 -0.019604963250458237 0.020833185873925689 0.0094088586047291773
decision_type=2 2 8 8 2 10 10 2 10 10 10 10 2 10
left_child=4 2 -2 5 -1 -4 9 -8 -9 -3 -11 -12 13 -13
right_child=1 6 3 -5 -6 -7 7 8 -10 10 11 12 -14 -15
leaf_value=-0.02579017891421876 0.028723017942054702 0.0034454057104068938 -0.0044293713784194803 0.0022268949700347909 -0.0074073190209768443 -0.022177101471830753 0.039470494414299007 0.028825795670669081 0.00022069822329027599 -0.0025912245007305244 0.036625001607920114 0.0018120608542232363 0.027545772121522507 -0.0063726259576271762
leaf_weight=1088.739046216011 442.99670184403658 22897.480070535094 19496.453451126814 10132.374738331884 3713.8764358218759 553.75982302427292 502.48200135305524 464.14694124832749 3696.637884106487 13353.524098649621 674.83064489066601 16364.070071328431 333.13371907919645 4037.1750334538519
leaf_count=24141 1840 109048 128562 42960 71477 4038 2638 2901 20438 76601 3526 107714 1930 23604
internal_value=-1.84355e-05 0.000582174 -0.00206644 -0.0025277 -0.0116196 -0.00493035 0.00188382 0.00742813 0.00347314 0.00143421 0.000108867 0.00179341 0.000642659 0.000190076
internal_weight=97751.7 92949.1 30625.6 30182.6 4802.62 20050.2 62323.5 4663.27 4160.78 57660.2 34762.7 21409.2 20734.4 20401.2
internal_count=621418 525800 177400 175560 95618 132600 348400 25977 23339 322423 213375 136774 133248 131318
is_linear=0
shrinkage=0.05


Tree=66
num_leaves=15
num_cat=0
split_feature=0 54 67 73 71 71 70 70 70 74 74 73 73 70
split_gain=254.931 116.852 124.852 126.029 111.328 109.125 175.725 115.943 340.563 175.356 153.828 149.258 133.512 111.313
threshold=0.017448530532419685 0.7267061471939088 0.022274576127529148 0.31214115023612982 0.014073264785110952 -0.03858648054301738 -0.0031956317834556098 0.0022131054429337387 0.01533118821680546 -0.0070210869889706365 -0.0040827426128089419 0.21668549627065661 0.24176231026649478 -0.018005721271038052
decision_type=2 10 2 2 2 2 2 2 2 2 2 2 2 2
left_child=-1 2 3 4 5 6 13 9 -9 11 -11 -7 -12 -2
right_child=1 -3 -4 -5 -6 7 -8 8 -10 10 12 -13 -14 -15
leaf_value=-0.012214256773081061 -0.0041445350902603734 0.0035312089424347579 0.005320351143348348 -0.0023971994690852308 -0.0065375653329423807 0.026045065541921132 -0.019219242487219748 0.039710433647563693 -0.0017163296250018595 -0.02906035431199111 -0.013703095474738212 0.0016257152735076085 0.017370461216197459 0.017500567990182191
leaf_weight=4060.3204207681119 1293.8749601207674 24532.623314939439 8152.0551891811192 48747.347389128059 2309.0846449956298 1222.2715214155614 989.63918586447835 1008.2633499130607 965.9140484444797 530.82813811674714 656.51195276156068 1274.2864731661975 708.40674209967256 1083.3285724073648
leaf_count=85350 5886 120452 39855 315300 11612 5730 4539 5288 4577 2781 3379 6426 3762 5106
internal_value=3.50796e-05 0.000568413 -0.000486243 -0.00126567 0.00331292 0.00565412 -0.00162353 0.00949933 0.0195349 0.00495459 -0.00649135 0.0136372 0.00243344 0.00575146
internal_weight=97534.8 93474.4 68941.8 60789.8 12042.4 9733.32 3366.84 6366.48 1974.18 4392.3 1895.75 2496.56 1364.92 2377.2
internal_count=620043 534693 414241 374386 59086 47474 15531 31943 9865 22078 9922 12156 7141 10992
is_linear=0
shrinkage=0.05


Tree=67
num_leaves=15
num_cat=0
split_feature=4 27 51 27 51 68 72 71 71 69 68 71 71 84
split_gain=163.765 158.847 90.8322 70.2885 70.1342 58.5542 218.585 195.627 221.422 171.21 93.3436 120.286 92.1328 65.8287
threshold=0.075000002980232253 0.74666160345077526 -0.040453473106026643 0.47814722359180456 -0.016174852848052975 0.051486242562532432 0.016498443670570854 0.038312071934342391 0.016045041382312778 0.096201408654451384 0.049810959026217468 0.011465636547654869 0.024556825868785385 3.5000000000000004
decision_type=8 2 10 2 10 8 8 2 2 8 10 2 2 2
left_child=1 2 -1 -2 -3 10 7 8 -7 12 -5 -12 -10 -11
right_child=3 4 -4 5 -6 6 -8 -9 9 13 11 -13 -14 -15
leaf_value=-0.0056002192597107148 -0.0043576194833411753 0.00022293552780068668 -0.017582423874701523 0.0022864418973198232 -0.0082347214196268788 -0.0066363449434866497 -0.02674457144224961 -0.025557257896513742 0.012483403753810941 0.0075274027498811492 0.036792545793707498 0.0022436944303501727 0.03756332277829981 -0.015588335717934457
leaf_weight=5620.9441853016615 4647.5751065090299 20846.455106373876 2200.2977008074522 53268.733314070851 2767.690091105178 2701.8351489603519 797.18553083389997 620.98865354806185 748.30773086845875 1149.9742473550141 442.41527876630425 571.6756298057735 736.29968691989779 409.3985802307725
leaf_count=52852 22408 180021 33397 251987 37977 14305 3854 3060 3887 5874 2175 2863 3577 2160
internal_value=0.000152096 -0.00281824 -0.00898924 0.00156504 -0.000771408 0.00201364 -0.00223268 0.000873574 0.00376957 0.0129973 0.00257436 0.0175283 0.02509 0.00139793
internal_weight=97529.8 31435.4 7821.24 66094.4 23614.1 61446.8 7163.99 6366.8 5745.82 3043.98 54282.8 1014.09 1484.61 1559.37
internal_count=620397 304247 86249 316150 217998 293742 36717 32863 29803 15498 257025 5038 7464 8034
is_linear=0
shrinkage=0.05


Tree=68
num_leaves=15
num_cat=0
split_feature=0 27 0 27 73 8 71 69 0 27 54 52 54 71
split_gain=212.435 135.437 74.9852 69.9288 116.315 63.0788 59.6167 57.7266 56.4834 54.1186 50.1255 48.6896 46.0216 62.4547
threshold=0.022267131134867672 0.71961173415184032 0.01357853412628174 0.70351427793502819 0.15513609349727633 1.0000000180025095e-35 -0.017835204489529129 0.1405192241072655 0.06245094537734986 0.38969913125038153 0.38258463144302374 0.3104683011770249 0.67158266901969921 -0.017231309786438938
decision_type=2 2 2 2 2 2 2 10 2 2 8 8 8 2
left_child=1 -1 -3 4 11 6 10 -8 9 -6 -4 -2 -5 -14
right_child=3 2 5 12 8 -7 7 -9 -10 -11 -12 -13 13 -15
leaf_value=-0.015299632535473159 0.023762949964212167 -0.019645306535598817 0.00055286005977967716 0.00068822889689183688 -0.012828225225698743 0.0074414918438559588 -0.0060685149267033613 0.021905561232211851 0.0030212468126921514 -0.0027032504809898512 0.024910547151889575 0.0024940167015923614 0.0097256214100568256 0.0024332905216913562
leaf_weight=2959.2904056794941 602.20109397917986 640.76136939972639 752.92668088525534 38059.844853281975 1430.2101627066731 1460.3320769183338 7207.5682089440525 179.64025233313441 4029.4216120839119 15948.697963245213 283.82609547302127 484.73064684122801 3432.4034165069461 20060.428340137005
leaf_count=48086 2637 18022 7668 199805 7857 19354 92395 2142 16360 88677 2860 2226 15020 97346
internal_value=-4.39723e-05 -0.00586739 -0.00320336 0.000890902 -0.00149432 -0.00211871 -0.00378287 -0.00535955 -0.00230698 -0.00354339 0.0073954 0.014387 0.00176272 0.00350242
internal_weight=97532.3 13484.3 10525.1 84047.9 22495.3 9884.29 8423.96 7387.21 21408.3 17378.9 1036.75 1086.93 61552.7 23492.8
internal_count=620455 190527 142441 429928 117757 124419 105065 94537 112894 96534 10528 4863 312171 112366
is_linear=0
shrinkage=0.05


Tree=69
num_leaves=15
num_cat=0
split_feature=2 27 69 4 73 69 72 2 27 72 74 74 73 73
split_gain=154.37 145.462 155.899 151.787 99.0975 259.539 63.4806 59.2269 73.8321 70.9575 92.0165 69.8449 73.8228 57.2121
threshold=0.012082735076546671 1.2491852045059206 -0.13803395628929135 0.075000002980232253 0.68243443965911876 0.13316312432289126 0.022326558828353885 0.048405775800347335 0.41915957629680639 0.016991127282381061 0.022280261851847175 0.0060593758244067439 0.86026260256767284 0.62031960487365734
decision_type=2 2 8 8 2 10 8 2 2 8 2 2 2 2
left_child=-1 2 -2 4 5 -4 -3 8 -5 10 11 12 -10 -11
right_child=1 6 3 7 -6 -7 -8 -9 9 13 -12 -13 -14 -15
leaf_value=-0.021886308327075568 0.015760106062346926 0.0042547105456688201 -0.0037047579109946455 -0.012758296156796474 -0.011160709823762839 0.050076100830634289 -0.010155693275805044 0.0027081138646389315 0.0016404200390423896 -0.0033396584315971856 0.020116444728018521 -0.0043393604836332623 -0.015541592274320518 -0.018401048065127181
leaf_weight=803.26534618251026 1349.1349879093468 19920.698988609016 17988.94674404338 1267.6591831967235 4722.3559443317354 217.19377116858959 785.42560439556837 15929.143626078963 22782.755269601941 2123.4954737275839 558.45792204514146 7616.6679661758244 632.82613072916865 890.47557235881686
leaf_count=21955 5635 114505 167566 7024 55575 2298 3339 65008 117761 9943 2712 39833 3877 4543
internal_value=-0.000193345 -1.10623e-05 -0.00102238 -0.00132743 -0.00471353 -0.00303603 0.00370346 0.000171952 -0.000954675 -0.000518716 0.00018163 -0.000183483 0.00116963 -0.00783567
internal_weight=97588.5 96785.2 76079.1 74730 22928.5 18206.1 20706.1 51801.5 35872.3 34604.7 31590.7 31032.2 23415.6 3013.97
internal_count=621574 599619 481775 476140 225439 169864 117844 250701 185693 178669 164183 161471 121638 14486
is_linear=0
shrinkage=0.05


Tree=70
num_leaves=15
num_cat=0
split_feature=0 27 27 73 74 57 74 74 84 71 27 74 54 71
split_gain=200.177 119.163 86.4421 125.696 103.665 76.7381 91.652 67.3419 59.8482 86.332 52.6267 44.2543 42.8337 72.1272
threshold=0.018285294063389305 0.92946121096611034 0.87033042311668407 0.15513609349727633 -0.01893995143473148 0.025135102681815628 -0.020243629813194271 -0.04474180564284324 1.5000000000000002 -0.0071565646212548009 0.46177376806735998 -0.024679644964635369 0.44030162692070013 -0.017835204489529129
decision_type=2 2 2 2 2 10 2 2 2 2 2 2 10 2
left_child=1 -1 3 4 -2 10 11 -4 -6 -10 -5 -7 -9 -14
right_child=2 -3 7 5 8 6 -8 12 9 -11 -12 -13 13 -15
leaf_value=-0.017295432666383413 0.031522152715283712 -0.0020838194395484265 -0.015915685680635037 -0.012699926156003639 -0.007977693315744331 -0.0044444904024493045 0.00084812385779155371 0.0010858945896875963 -0.0037174122688559755 0.023636456001895886 -0.003268777703863527 -0.024962309989567041 0.011091614234883555 0.0028123081488425502
leaf_weight=2474.7224802300334 460.49260100722313 2678.3609477654099 501.292709864676 1639.0480450876057 581.07196183502674 563.42671969532967 23570.527855563909 28652.881253868341 512.62002947181463 642.67938961088657 14540.144585438073 491.45444241911173 3105.8940950855613 16980.658410206437
leaf_count=55301 1948 47575 2168 11064 2808 2622 122088 162895 2266 3071 100426 2413 14399 89727
internal_value=0.000172302 -0.00940841 0.000708487 -0.000929311 0.0106938 -0.00155755 0.000200247 0.00213866 0.00502118 0.0115715 -0.00423146 -0.0141481 0.00232758 0.00409738
internal_weight=97395.3 5153.08 92242.2 43001.5 2196.86 40804.6 24625.4 49240.7 1736.37 1155.3 16179.2 1054.88 48739.4 20086.6
internal_count=620771 102876 517895 248706 10093 238613 127123 269189 8145 5337 111490 5035 267021 104126
is_linear=0
shrinkage=0.05


Tree=71
num_leaves=15
num_cat=0
split_feature=27 57 73 70 70 72 74 74 72 70 72 74 73 73
split_gain=112.49 161.149 113.241 118.328 94.4106 101.05 92.7215 121.067 91.9771 72.0735 113.734 189.755 88.0269 115.351
threshold=1.0133871436119082 0.013007491361349823 0.15513609349727633 -0.020596803165972229 -0.0058136973530054084 0.019159799441695217 -0.020243629813194271 -0.028786783106625077 0.0062040099874138841 -0.00084423349471762766 0.0068060979247093209 -0.0017700766329653559 0.31657269597053533 0.28004266321659094
decision_type=2 10 2 2 2 8 2 2 10 2 10 2 2 2
left_child=1 -1 3 -3 -5 -6 7 -4 -8 10 11 -10 13 -11
right_child=-2 2 6 4 5 -7 8 -9 9 12 -12 -13 -14 -15
leaf_value=-0.0063244476876844749 0.0020981549990043871 0.029782977793434119 0.0087084462884206917 -0.011885442080902288 0.021818906242518976 -0.0046166454985307158 -0.0041626523674700286 -0.020502044768870246 0.0052243785114143076 0.00097129364634624066 0.0022552466884690303 0.042474815790041157 -0.0020315974807680443 0.026439652765592039
leaf_weight=12970.850573796779 37489.059308841825 576.91556670889258 493.48054682835937 620.63315384089947 886.94026092067361 600.54789175651968 10791.792070426047 1210.1352620869875 1153.5591182373464 1432.386186093092 11476.680701050907 477.96190299093723 16594.034083414823 635.21996878832579
leaf_count=116892 226937 2437 2353 2810 4317 2512 78403 6265 7391 6993 62901 2946 94840 3073
internal_value=-4.96661e-05 -0.00139355 -3.02512e-05 0.00992057 0.00437001 0.0111864 -0.000635952 -0.0120393 -0.000176789 0.00117804 0.0040181 0.0163293 -0.000817943 0.00888541
internal_weight=97410.2 59921.1 46950.3 2685.04 2108.12 1487.49 44265.2 1703.62 42561.6 31769.8 13108.2 1631.52 18661.6 2067.61
internal_count=621070 394133 277241 12076 9639 6829 265165 8618 256547 178144 73238 10337 104906 10066
is_linear=0
shrinkage=0.05


Tree=72
num_leaves=15
num_cat=0
split_feature=0 27 27 54 14 71 71 69 68 0 71 70 69 71
split_gain=186.779 86.3816 85.7409 79.1702 100.161 77.8895 85.19 73.5865 74.654 64.9181 61.534 60.8276 85.9496 184.873
threshold=0.017448530532419685 0.53100910782814037 1.056684195995331 0.49972464144229894 -0.087812144309282289 -0.017835204489529129 -0.025046838447451588 0.064920756965875639 0.0048673904966562995 0.02819403633475304 0.041819194331765182 -0.0085004726424813253 -0.011767926160246132 -0.0065893745049834243
decision_type=2 2 2 10 8 2 2 10 10 2 2 2 10 2
left_child=2 9 -1 4 10 6 -5 -8 -9 -2 11 -3 13 -13
right_child=1 3 -4 5 -6 -7 7 8 -10 -11 -12 12 -14 -15
leaf_value=-0.016256336316392134 -0.013128655498798436 -0.002555408802886276 -0.00094819255586736466 0.0035608883149504736 -0.0014865379393123575 0.002070350721984113 0.0074583668457862814 0.042417806452698187 0.012814687439540871 -0.0020548600031796275 -0.0094596060180949446 -0.00088045097818362803 0.0027861421079429095 0.021843059601387087
leaf_weight=2441.1612451411784 1630.9758664220572 2802.9175730124116 1461.3442581743002 2654.082653131336 37564.214218012989 27384.744066845626 880.57943157106638 436.74080909788609 430.64794140681624 6868.4693895727396 883.45469465106726 1575.9067645408213 8207.3041869699955 2059.5615093410015
leaf_count=58206 16311 12758 27164 11955 243406 146658 4054 2077 2120 31984 4256 6946 42746 9641
internal_value=0.000161682 0.00061005 -0.0105411 0.00109142 -9.02308e-05 0.00306452 0.00923047 0.0177698 0.0280338 -0.00419276 0.00328615 0.00406093 0.0056277 0.0120175
internal_weight=97282.1 93379.6 3902.51 84880.2 53093.4 31786.8 4402.05 1747.97 867.389 8499.45 15529.1 14645.7 11842.8 3635.47
internal_count=620282 534912 85370 486617 319753 166864 20206 8251 4197 48295 76347 72091 59333 16587
is_linear=0
shrinkage=0.05


Tree=73
num_leaves=15
num_cat=0
split_feature=0 54 26 74 69 69 71 69 71 71 69 74 2 67
split_gain=158.903 75.2534 95.8646 87.5497 110.333 76.2847 92.8457 114.344 76.0122 91.4994 73.9885 66.593 63.3862 62.3923
threshold=0.017448530532419685 0.59163358807563793 -0.20080501586198804 -0.0034842233872041102 0.098293159157037749 -0.13803395628929135 -0.077233579009771333 -0.10806193202733992 0.0077638197690248498 -0.018425626680254933 0.12770455330610278 0.018669389188289646 0.011155229993164541 0.020560572855174545
decision_type=2 10 10 2 10 8 2 8 2 2 10 2 2 2
left_child=12 2 -2 10 -5 -4 -7 8 9 -8 -3 -6 -1 -9
right_child=1 3 5 4 11 6 7 13 -10 -11 -12 -13 -14 -15
leaf_value=-0.026765861656646059 0.0032759086245587781 0.0046755296073783129 0.014295751612048012 0.0036733298842908119 -0.0046652679567975846 0.022496203768959062 -0.022915175040691613 -0.0022778866299508383 -0.033675629925408825 0.0069972086541730764 0.017833031297978044 0.015149247622267353 -0.0075077953469315775 0.0032962684567504788
leaf_weight=482.31206371076405 12571.183026697487 8226.3821895979345 733.51218435168266 12217.85069539398 8365.6686785779893 378.90983588993549 513.94210682064295 42196.073493588716 416.43694982677698 492.23299420252442 1220.8377948738635 437.02632162347436 3384.3187888097018 5688.8989772982895
leaf_count=14361 56409 39974 3151 62261 44506 1717 2426 281826 2173 2367 6236 2170 71022 29907
internal_value=-5.34532e-05 0.00035796 -0.000628801 0.00239759 0.000599809 -0.00160282 -0.00184035 -0.00203189 -0.0159517 -0.00835682 0.0063929 -0.00366547 -0.00997284 -0.00161511
internal_weight=97325.6 93459 62991.2 30467.8 21020.5 50420 49686.5 49307.6 1422.61 1006.18 9447.22 8802.7 3866.63 47885
internal_count=620506 535123 379976 155147 108937 323567 320416 318699 6966 4793 46210 46676 85383 311733
is_linear=0
shrinkage=0.05


Tree=74
num_leaves=15
num_cat=0
split_feature=0 73 69 71 69 73 71 71 58 68 70 73 71 71
split_gain=158.586 86.8451 302.43 96.3627 114.107 119.963 141.816 107.079 103.193 96.7156 104.182 93.4558 87.6877 85.0771
threshold=0.016820338554680351 0.68243443965911876 0.1366817578673363 0.051627470180392272 0.11515964940190317 0.57523560523986828 0.01482114475220442 -0.0020958831300958987 0.0047473646700382241 0.034148620441555984 -0.0015428927144967017 0.49879652261734014 0.0096945357508957403 0.055846257135272033
decision_type=2 2 10 2 10 2 2 2 2 10 2 2 2 2
left_child=-1 2 3 4 8 6 -6 -7 -2 10 -9 -8 -11 -3
right_child=1 13 -4 -5 5 7 11 9 -10 12 -12 -13 -14 -15
leaf_value=-0.011222845319446638 0.00045101482640379464 -0.0027212337936236533 0.034894409758954879 -0.011904112060344052 -0.019531092508645664 -0.014499062045570062 0.023863241374680252 0.023062891833412445 0.0049023927186266228 0.035120953741406745 -0.0066613684253817506 -0.012164908153712226 0.0046806282442104627 0.022097073072808098
leaf_weight=3076.7378930840641 43598.015995740891 22998.336390856653 648.47392599284649 1440.4275538139045 2082.2531082332134 879.26079442352057 359.46813882142305 352.31689988449216 18554.818284980953 418.91579669341445 1572.0670354180038 342.16307089477777 535.64309457689524 340.66312529146671
leaf_count=73186 255036 142438 3796 7117 12568 4791 2176 2054 98396 2603 9033 2073 3458 1746
internal_value=-7.1012e-05 0.000294679 0.00116679 0.000850011 0.00111914 -0.00515706 -0.0130039 0.000674534 0.00178048 0.00534286 -0.00112835 0.00636942 0.0182652 -0.00234967
internal_weight=97199.6 94122.8 70783.8 70135.3 68694.9 6542.09 2783.88 3758.2 62152.8 2878.94 1924.38 701.631 954.559 23339
internal_count=620471 547285 403101 399305 392188 38756 16817 21939 353432 17148 11087 4249 6061 144184
is_linear=0
shrinkage=0.05


Tree=75
num_leaves=15
num_cat=0
split_feature=0 22 54 71 74 70 70 84 69 70 70 69 71 27
split_gain=147.457 97.2837 77.0406 107.567 135.524 108.941 117.873 89.7428 79.8523 98.1374 88.7771 73.4469 270.215 105.667
threshold=0.014608186203986408 89.072040557861342 0.47035089135169988 -0.017231309786438938 -0.020243629813194271 0.016850572079420093 0.015564654953777792 1.5000000000000002 0.085405327379703536 0.0030532161472365264 -0.0050334716215729705 -0.13803395628929135 -0.054498547688126557 1.3478559851646426
decision_type=2 10 8 2 2 2 2 2 8 2 2 10 2 2
left_child=-1 2 11 7 -5 6 -6 -4 9 10 -9 12 -2 -13
right_child=1 -3 3 4 5 -7 -8 8 -10 -11 -12 13 -14 -15
leaf_value=-0.017140358315494434 -0.012615259377523219 -0.0046990817149760219 0.01568151859372972 -0.021022043870105717 0.0015478182878020548 0.015912288199931065 -0.022235013729980858 -0.0029913440819376805 0.016617625479644529 -0.01865288136301585 0.01897977101423183 -0.0021192324965500203 0.029216211950779159 0.0042710407363479082
leaf_weight=1221.3224572353065 704.3741884753108 8913.6142269708216 2527.344785798341 657.45628298446536 32513.566249834374 1292.1749145425856 519.49547308310866 1395.0365123301744 845.44194658845663 595.27248770371079 674.20247865468264 36683.220070809126 832.71434371545911 7844.0130826383829
leaf_count=36701 2919 61487 11745 3059 184548 6152 2579 6351 4323 2695 3224 245300 3505 45966
internal_value=5.25406e-05 0.000273038 0.000782446 0.00235814 0.00129331 0.00172673 0.00116718 0.00851584 0.00332629 -0.000937374 0.00422417 -0.000620904 0.0100892 -0.000992802
internal_weight=97219.2 95997.9 87084.3 41020 34982.7 34325.2 33033.1 6037.3 3509.95 2664.51 2069.24 46064.3 1537.09 44527.2
internal_count=620554 583853 522366 224676 196338 193279 187127 28338 16593 12270 9575 297690 6424 291266
is_linear=0
shrinkage=0.05


Tree=76
num_leaves=15
num_cat=0
split_feature=53 54 71 73 53 11 71 13 27 27 2 18 4 71
split_gain=144.664 171.928 140.342 112.348 88.1248 75.5698 69.1486 69.124 61.348 56.7462 54.9933 45.9159 44.0798 39.1522
threshold=-0.29079107940196985 0.47493442893028265 -0.017835204489529129 0.30744580924510961 -0.10128282755613326 -0.019571073353290554 0.038312071934342391 0.030646564438939098 1.0611128211021426 0.80608367919921886 0.017729870975017551 52.247135162353523 0.075000002980232253 0.048369815573096282
decision_type=8 8 2 2 10 10 2 8 2 2 2 2 10 2
left_child=13 3 7 11 5 -5 -7 12 -6 10 -4 -2 -3 -1
right_child=1 2 9 4 8 6 -8 -9 -10 -11 -12 -13 -14 -15
leaf_value=0.0033616970908513979 0.0043797134603998809 0.019811904883118514 -0.017941060164766084 -0.0070684370597408706 -0.013422156954503384 0.00075903321717443555 -0.017447362287004851 -0.0027555284365298541 -0.0041347645948279698 0.0015195273318357458 -0.0019768481310104414 -0.0085495744808819236 0.0082485255202315345 -0.0066903291188868917
leaf_weight=27281.343233982101 4579.064505815506 1223.4720424748957 552.17091635800898 7907.9073117896914 4801.3065106384456 8429.2370287068188 545.88196613267064 995.79771612025797 2839.5385680347681 20198.222888398916 13506.637501645833 798.0045719537884 2574.0502417813987 995.30930072814226
leaf_count=124466 25271 7916 11793 57000 67466 66789 3608 4363 31740 122211 77492 5123 11285 4390
internal_value=-5.44291e-06 -0.00124053 0.000944211 -0.00409315 -0.00552789 -0.00350797 -0.000366496 0.00894809 -0.00998063 -0.000177994 -0.00261616 0.00244858 0.0120162 0.00300564
internal_weight=97227.9 68951.3 39050.4 29900.9 24523.9 16883 8975.12 4793.32 7640.85 34257 14058.8 5377.07 3797.52 28276.7
internal_count=620913 492057 235060 256997 226603 127397 70397 23564 99206 211496 89285 30394 19201 128856
is_linear=0
shrinkage=0.05


Tree=77
num_leaves=15
num_cat=0
split_feature=0 27 68 0 8 71 68 58 71 71 68 26 73 53
split_gain=118.26 84.3844 120.551 94.7492 57.9104 53.7956 56.7547 93.7938 71.6596 80.21 64.293 63.2497 52.0569 46.82
threshold=0.013812218327075245 0.84593841433525097 -0.079467378556728349 0.022267131134867672 1.0000000180025095e-35 0.0013411640538834038 0.018064832314848903 0.0023014619946479802 -0.0090888338163495046 -0.00025926860689651216 0.0048673904966562995 0.50422009825706493 0.52953121066093456 -0.32132658362388605
decision_type=2 2 8 2 2 2 8 2 2 2 10 8 2 8
left_child=-1 2 -2 -4 -3 6 7 10 -8 11 -5 -10 -9 -7
right_child=1 4 3 5 -6 13 8 12 9 -11 -12 -13 -14 -15
leaf_value=-0.018694205863336335 0.014463698785309767 0.00079943880539927014 -0.0088713763132057758 -0.0017178066636817251 0.0061859557221339402 0.00089064700402097284 0.014362354338090811 0.0085213174134324676 -0.0054040522341926829 0.016339176221564937 -0.013354451177156949 0.016105109426075875 -0.0062690547353132457 -0.0042591899587481122
leaf_weight=838.52496599592268 1120.8231365978718 49022.953277602792 4558.6207829006016 4129.5303067490458 5545.8528920952231 6160.4665144532919 1540.8054089620709 2723.248311907053 2408.9668753966689 709.63263452798128 1657.9177180230618 388.18630104511976 752.5416856855154 15526.780775398016
leaf_count=26779 4746 290918 69990 20556 37641 28105 7489 13309 13326 3831 8647 1733 3885 89578
internal_value=-0.000109691 5.41481e-05 -0.0016397 -0.00208819 0.00134791 -0.00122697 0.00115199 -0.00117268 0.00541207 0.00144985 -0.00506862 -0.00237229 0.00531026 -0.00279659
internal_weight=97084.9 96246.3 41677.5 40556.7 54568.8 35998.1 14310.8 9263.24 5047.59 3506.79 5787.45 2797.15 3475.79 21687.2
internal_count=620533 593754 265195 260449 328559 190459 72776 46397 26379 18890 29203 15059 17194 117683
is_linear=0
shrinkage=0.05


Tree=78
num_leaves=15
num_cat=0
split_feature=4 71 53 72 68 68 68 74 72 72 68 68 72 71
split_gain=96.4424 67.4627 93.6141 58.663 105.424 79.0004 142.605 83.5771 56.5364 148.276 55.5591 51.9851 191.146 183.904
threshold=0.058333335444331176 -0.0069423320237547151 -0.20128091424703595 0.019159799441695217 -0.073404144495725618 -0.042422825470566743 -0.037996767088770859 -0.00020006769773317498 0.0065761392470449218 0.0071132583543658265 -0.0263234619051218 0.051486242562532432 0.016498443670570854 0.038312071934342391
decision_type=8 2 8 10 10 10 10 2 10 10 10 8 8 2
left_child=1 3 -3 4 -1 7 -7 -6 -8 -10 -11 -2 13 -13
right_child=11 2 -4 -5 5 6 8 -9 9 10 -12 12 -14 -15
leaf_value=0.026040290106751254 0.0015181519150367535 0.0028547269784722847 -0.0061565941291352152 -0.017111118525824687 -0.020159988057758971 0.034185750538063109 -0.0070335577572147121 0.0099250917711968586 0.033075336908329658 -0.012117681922132278 0.0039902073419943816 0.002485453089815369 -0.025023794213791136 -0.025192207387613064
leaf_weight=431.42714916728437 64016.49860913679 3636.2394067458808 13793.189053157344 398.83529578894377 778.86436657048762 338.2636915333569 1506.3505846057087 319.20010348409414 392.75144072249532 643.65526526048779 2948.5002697315067 6481.8644649442285 850.20632776618004 651.30370368622243
leaf_count=2146 313732 28220 174100 1948 5033 2327 16717 2014 3844 4664 24743 34524 4236 3293
internal_value=0.00011203 -0.00255039 -0.00427604 0.00132711 0.00234827 0.000837401 0.00315877 -0.0114038 0.00118883 0.00430683 0.00107831 0.00104363 -0.00275855 -7.34234e-05
internal_weight=97187.1 25187.3 17429.4 7757.85 7359.01 6927.59 5829.52 1098.06 5491.26 3984.91 3592.16 71999.9 7983.37 7133.17
internal_count=621541 265756 202320 63436 61488 59342 52295 7047 49968 33251 29407 355785 42053 37817
is_linear=0
shrinkage=0.05


Tree=79
num_leaves=15
num_cat=0
split_feature=22 72 68 72 71 68 71 68 69 74 68 74 71 71
split_gain=88.1939 81.2132 96.7762 132.384 133.939 87.3998 244.632 216.799 203.564 164.736 200.126 92.3184 121.616 81.704
threshold=89.559345245361342 0.0062040099874138841 0.051486242562532432 0.016764153726398948 0.016045041382312778 0.033686492592096336 0.0046649712603539237 0.038486476987600333 0.024417262524366382 -0.0019256027881056068 0.048140507191419608 -0.0033941919682547446 0.030070615001022819 0.023864860646426681
decision_type=10 10 10 10 2 10 2 10 10 2 10 2 2 2
left_child=1 -1 5 4 -4 -3 7 8 -7 -9 -11 12 -8 -13
right_child=-2 2 3 -5 -6 6 11 9 -10 10 -12 13 -14 -15
leaf_value=-0.0021964508659777951 -0.0048374178807222704 0.0010538371168205131 -0.012217378970236503 -0.023912613813564621 0.0054504591954181413 0.001413741422987192 0.017856283444533532 -0.0055228476815382616 0.047107856922674579 0.0074836599776983747 0.048136880286456102 -0.0063819495352381633 -0.013395200666561941 0.0083756003941415549
leaf_weight=21014.427604453638 8406.227923842147 51740.717817431316 1807.0953079294413 788.98727363720536 2609.1418660711497 343.7373481541872 1299.1083846539259 1204.486170148477 833.13439154997468 1044.9193931370974 419.013069646433 3993.5944967251271 400.35389330051839 1215.4994074888527
leaf_count=168743 63170 293848 10891 4011 14496 1980 7552 7021 5019 6431 2407 26278 2122 7457
internal_value=5.41944e-05 0.000518198 0.00136104 -0.005183 -0.00179037 0.00190684 0.00600617 0.0160966 0.033886 0.00815354 0.0193672 0.00037473 0.0104589 -0.00292895
internal_weight=97120.4 88714.2 67699.8 5205.22 4416.24 62494.6 10753.8 3845.29 1176.87 2668.42 1463.93 6908.56 1699.46 5209.09
internal_count=621426 558256 389513 29398 25387 360115 66267 22858 6999 15859 8838 43409 9674 33735
is_linear=0
shrinkage=0.05


Tree=80
num_leaves=15
num_cat=0
split_feature=27 4 73 74 8 4 74 73 72 72 72 68 71 72
split_gain=98.7593 104.057 99.8443 70.4336 61.7842 72.7142 62.8811 54.7669 60.8584 48.2801 50.2757 45.4888 44.8355 47.9267
threshold=0.71315914392471325 0.15833333879709247 0.15513609349727633 -0.04474180564284324 1.0000000180025095e-35 0.058333335444331176 -0.024679644964635369 0.68243443965911876 0.013127529062330725 0.0099192154593765753 0.010759483091533186 0.069078601896762862 0.0013411640538834038 0.018012352287769321
decision_type=2 8 2 2 2 10 2 2 10 10 10 10 2 10
left_child=1 2 -1 -2 5 6 -5 8 9 -4 -11 -7 13 -3
right_child=3 12 7 4 -6 11 -8 -9 -10 10 -12 -13 -14 -15
leaf_value=0.02133613696541246 -0.016630742876389805 0.0023042552610573245 -0.0047073071520057881 0.014383324885424181 0.0053574672124793443 0.001925934239315477 -0.0025348493170116899 -0.012775650765652184 -0.012870988415156229 0.022420406569402616 0.00013384231219021122 -0.0079277320917747196 -0.001961580341111021 0.018166187448894085
leaf_weight=314.48125956021249 558.43262119218707 4742.4054062068462 5844.3562315050513 556.08374419249594 7406.5498709715903 42633.254932347685 18600.329972337931 2891.701810810715 1871.7723397687078 330.69111502170563 984.20982932858169 1194.6232614293694 8523.6715781632811 519.99777108058333
leaf_count=1590 2432 20483 54437 3578 54228 206088 178805 30104 12686 2570 7006 5789 38500 2147
internal_value=-6.69114e-05 -0.00270099 -0.00605485 0.00089948 0.00104089 0.000532524 -0.00203649 -0.0067946 -0.00486748 -0.00275994 0.00586572 0.0016556 0.00027829 0.00390311
internal_weight=96972.6 26023.3 12237.2 70949.3 70390.8 62984.3 19156.4 11922.7 9031.03 7159.26 1314.9 43827.9 13786.1 5262.4
internal_count=620443 169523 108393 450920 448488 394260 182383 106803 76699 64013 9576 211877 61130 22630
is_linear=0
shrinkage=0.05


Tree=81
num_leaves=15
num_cat=0
split_feature=2 27 73 70 73 74 74 74 73 0 74 73 70 74
split_gain=111.981 80.1412 93.0148 103.58 81.8335 86.824 81.0034 77.0531 106.135 68.7058 68.7344 66.9158 66.1961 85.9987
threshold=0.011155229993164541 1.4876836538314822 0.68243443965911876 -0.0014848848222754894 0.69512599706649791 -0.00046770696644671256 -0.015091992449015377 -0.010936702601611612 0.77887180447578441 0.044104838743805892 -0.003562176949344575 0.077547188848257079 -0.0082382690161466581 -0.007388628786429762
decision_type=2 2 2 2 2 2 2 2 2 2 2 2 2 2
left_child=-1 2 -2 6 5 -5 -4 -8 12 10 -10 -3 -9 -14
right_child=1 11 3 4 -6 -7 7 8 9 -11 -12 -13 13 -15
leaf_value=-0.024090720999770956 0.00058743128910086284 -0.013724014238758298 -0.018613019711715553 0.0057392406660985414 -0.004032868937420186 -0.021563800812452009 0.020387001274106021 -0.025708295702097247 -0.0050115636093418254 0.028244922274439005 0.021396151517946563 0.0047765579544918986 0.018202835343570471 -0.0052778043144692489
leaf_weight=467.94841509498656 63327.554903289303 500.95136935263872 401.78798458352685 367.61156817153096 14059.129992371425 1326.8033920377493 649.70354712381959 292.30529727041721 622.15112003684044 477.98533919453621 394.90009492076933 11497.20998647064 467.53427051194012 2116.7131398506463
leaf_count=14621 392772 2129 2331 2488 99007 9775 3649 1893 4435 1964 2805 64772 3009 15145
internal_value=5.1619e-05 0.000171171 -0.000371919 -0.00323973 -0.00529058 -0.0156414 0.00271659 0.00445692 0.00204827 0.0128092 0.0053505 0.00399333 -0.00356954 -0.000975966
internal_weight=96970.3 96502.3 84504.2 21176.6 15753.5 1694.41 5423.08 5021.29 4371.59 1495.04 1017.05 11998.2 2876.55 2584.25
internal_count=620795 606174 539273 146501 111270 12263 35231 32900 29251 9204 7240 66901 20047 18154
is_linear=0
shrinkage=0.05


Tree=82
num_leaves=15
num_cat=0
split_feature=0 54 53 73 68 70 68 68 73 70 68 70 68 68
split_gain=97.0533 71.7552 148.733 86.5 69.4574 63.6901 106.858 124.34 84.6023 54.8766 54.4056 53.8855 60.1623 51.3208
threshold=0.014226930215954782 0.5545998513698579 -0.20335928350687024 0.30744580924510961 -0.0263234619051218 -0.0034656279021874066 0.048873467370867736 0.016803750768303875 0.5547769069671632 -0.0070962086319923392 -0.037996767088770859 -0.044312106445431702 -0.13279618322849271 0.0026370894629508261
decision_type=2 10 10 2 10 2 10 10 2 2 10 2 8 10
left_child=-1 2 11 4 10 6 7 8 13 -9 -4 -2 -13 -3
right_child=1 5 3 -5 -6 -7 -8 9 -10 -11 -12 12 -14 -15
leaf_value=-0.015695173059536504 -0.016379603071662453 0.0022903068111018686 0.0029116243961086687 -0.0054395813688708737 0.01827974116062241 0.00068975428373414869 -0.014391215355217965 0.02180645478595071 -0.011096825641258336 0.0085670365981827239 -0.015686987085218162 0.016085424660771078 0.00086620503290821488 0.016035709764105614
leaf_weight=972.39261791482568 435.00389974564314 2934.0421663466841 2366.9029740411788 19182.293035199866 612.70081634446979 24127.717434339225 604.63367247954011 1509.007440796122 953.84423548541963 1659.5032405685633 461.15119046717882 650.21761177480221 39641.564510675147 875.35740656219423
leaf_count=31475 1846 13485 13537 179649 4014 130016 2975 7501 4717 8845 3085 2644 212295 4285
internal_value=-5.93007e-05 0.000100671 -0.000880814 -0.00413049 0.00316236 0.00200388 0.00571306 0.00726179 0.00214623 0.0149211 -0.00016571 0.000924896 0.00111574 0.00548256
internal_weight=96986.3 96013.9 63349.8 22623 3440.75 32664.1 8536.39 7931.75 4763.24 3168.51 2828.05 40726.8 40291.8 3809.4
internal_count=620369 588894 417070 200285 20636 171824 41808 38833 22487 16346 16622 216785 214939 17770
is_linear=0
shrinkage=0.05


Tree=83
num_leaves=15
num_cat=0
split_feature=0 22 72 69 27 72 72 70 70 69 72 74 70 70
split_gain=91.6954 69.665 57.6305 128.905 53.6943 46.6082 87.451 77.1345 89.6455 70.8239 110.57 67.8273 132.416 83.292
threshold=0.01561511727049947 84.566291809082045 0.0046206803526729354 0.12600637972354892 1.070557236671448 0.0053601104300469169 0.0059653329662978658 0.0040608162526041278 0.0027707563713192944 0.13316312432289126 0.0052171091083437213 0.0022832845570519571 0.00060407954151742171 0.0063045397400856027
decision_type=2 10 10 10 2 10 10 2 2 8 10 2 2 2
left_child=4 2 3 -2 -1 9 7 8 -7 10 11 12 -4 -13
right_child=1 -3 5 -5 -6 6 -8 -9 -10 -11 -12 13 -14 -15
leaf_value=-0.017480439053760368 -0.0046802956209349702 -0.002909330693894032 -0.0029319213154978241 0.028829340184326153 0.00048157537246212319 -0.0052675952058728603 0.0014159154813719642 -0.017231834705766304 0.019225764409124886 0.027390928941404453 0.01933693621165462 -0.016822673809436462 0.024534976838980201 0.012766581761775128
leaf_weight=1156.0556771028787 7138.9915778040886 14499.185492515564 1417.63684149459 289.10209777578712 646.05834804847836 2758.0759288221598 64299.207095745951 1110.3604292944074 421.93667124584317 352.33644814044237 941.07525990158319 916.76910702884197 624.35204132273793 311.70551945641637
leaf_count=35997 51938 96211 9928 2034 15612 18551 357653 7480 2806 2291 6537 6546 4292 2270
internal_value=6.7787e-05 0.000280104 0.000854275 -0.00333909 -0.0110739 0.00128047 0.000954434 -0.00594894 -0.00196764 0.00616765 0.00433144 -3.21786e-05 0.00554491 -0.00927242
internal_weight=96882.8 95080.7 80581.5 7428.09 1802.11 73153.5 68589.6 4290.37 3180.01 4563.88 4211.54 3270.46 2041.99 1228.47
internal_count=620146 568537 472326 53972 51609 418354 386490 28837 21357 31864 29573 23036 14220 8816
is_linear=0
shrinkage=0.05


Tree=84
num_leaves=15
num_cat=0
split_feature=2 53 54 71 69 71 74 69 74 74 69 69 69 52
split_gain=104.422 64.9682 123.946 98.6624 93.6405 88.9839 110.245 90.9219 70.8087 81.3958 96.7828 91.7996 80.9554 69.0188
threshold=0.012082735076546671 -0.29372008144855494 0.47035089135169988 0.019246594049036506 0.11658359691500665 -0.017835204489529129 0.020833185873925689 0.040112277492880828 -0.016525688581168648 -0.007388628786429762 0.088230255991220488 0.098293159157037749 0.053600745275616653 0.16063705086708072
decision_type=2 8 8 2 10 2 2 8 2 2 10 8 8 8
left_child=-1 -2 3 -3 -5 7 8 -4 12 10 -10 -11 -7 -9
right_child=1 2 5 4 -6 6 -8 13 9 11 -12 -13 -14 -15
leaf_value=-0.019155748481888606 0.0021843008276729919 -0.0018034620154573869 -0.00010550754440274067 -0.0113833769660888 0.013844473849435721 0.0021710817840073552 0.016826086628673929 0.024068710850451883 0.00011153597476897946 0.0020123731946667784 0.016421447372193972 -0.0036434256993627722 -0.027359617634078584 0.007414508613163992
leaf_weight=695.79494914971292 27802.092085927725 24115.709877870977 2175.5699221938848 4733.8172297514975 390.38666805252433 426.78681196086109 965.78772876597941 990.07643873617053 2112.1708965878934 14765.522587720305 1587.6862429771572 13937.137480707839 495.15572741255164 1683.6736491974443
leaf_count=21897 126036 200999 10089 36511 3606 2032 4728 5304 12096 90634 8854 87133 2566 7897
internal_value=6.17199e-06 0.00014677 -0.000681859 -0.00314419 -0.00943818 0.001158 0.000260571 0.00749029 -0.000224424 0.000166341 0.00713586 -0.000734223 -0.0138126 0.0136482
internal_weight=96877.4 96181.6 68379.5 29239.9 5124.2 39139.6 34290.2 4849.32 33324.5 32402.5 3699.86 28702.7 921.943 2673.75
internal_count=620382 598485 472449 241116 40117 231333 208043 23290 203315 198717 20950 177767 4598 13201
is_linear=0
shrinkage=0.05


Tree=85
num_leaves=15
num_cat=0
split_feature=0 54 53 74 71 73 69 70 71 70 69 73 74 69
split_gain=90.7768 68.5824 134.928 108.291 128.692 73.3357 113.607 71.5806 67.7135 130.433 88.3284 92.2881 86.8636 66.5775
threshold=0.013345313258469107 0.45707526803016668 -0.25175990164279932 0.01787667348980904 0.011598585173487665 0.30744580924510961 0.042114155367016799 0.018144401721656326 -0.017835204489529129 0.0052641755901277074 0.040112277492880828 0.5547769069671632 -0.020243629813194271 0.0083855912089347857
decision_type=2 8 10 2 2 2 10 2 2 2 8 2 2 10
left_child=-1 2 -2 8 7 6 13 -5 9 10 -3 -12 -10 -4
right_child=1 3 5 4 -6 -7 -8 -9 12 -11 11 -13 -14 -15
leaf_value=-0.018920411898376482 0.0013743261477359215 0.0018837150674749998 0.0019357071916608053 0.034056105129388538 0.0013200040959929142 -0.0051818198678967352 0.027243942208958219 0.0091911769910971476 -0.016912684341665648 -0.012902139368227213 0.020772598230089062 -0.00081287899632515699 0.00042021627497542584 -0.017291246072562241
leaf_weight=623.27308782190084 24363.442622713745 2350.195073870942 3413.5591330602765 669.76365731097758 1485.0730872526765 19847.791097868234 394.21983430720866 521.1899988912046 726.62463780120015 785.63329357095063 1929.2552453763783 663.99234143830836 38585.609646424651 508.43463842757046
leaf_count=21868 118358 10691 18998 3313 7005 185249 2442 2462 3423 3677 9252 3292 226856 3622
internal_value=-5.18892e-05 7.22547e-05 -0.00125114 0.0014181 0.0111711 -0.00389775 0.00200526 0.0233418 0.000836297 0.00590967 0.00891934 0.0152638 9.56254e-05 -0.00059445
internal_weight=96868.1 96244.8 48527.4 47717.3 2676.03 24164 4316.21 1190.95 45041.3 5729.08 4943.44 2593.25 39312.2 3921.99
internal_count=620508 598640 328669 269971 12780 210311 25062 5775 257191 26912 23235 12544 230279 22620
is_linear=0
shrinkage=0.05


Tree=86
num_leaves=15
num_cat=0
split_feature=27 54 26 8 71 71 70 12 54 71 70 70 70 70
split_gain=84.7821 83.746 91.582 73.4699 67.8647 56.5553 56.3209 53.6138 49.2108 65.6028 57.6542 123.371 61.1777 49.5348
threshold=1.3586910963058474 1.0750628709793093 -0.21225812286138532 1.0000000180025095e-35 0.010525262448936703 0.040036365389823921 -0.0092473095282912237 -0.083529300987720476 0.28126688301563268 -0.0083209872245788557 0.014547865837812425 0.01159746013581753 0.0044168911408633002 -0.0055898248683661214
decision_type=2 10 10 2 2 2 2 10 10 2 2 2 2 2
left_child=1 2 5 4 8 -1 -6 -8 -4 10 11 12 13 -10
right_child=-2 -3 3 -5 6 -7 7 -9 9 -11 -12 -13 -14 -15
leaf_value=0.0039405299373633266 0.0031548511544500207 0.0028800195398964701 -0.0035139814921363675 0.0027475185412684251 -0.019414742042989517 -0.0094068472562867014 -0.00055036741288586738 -0.0066226284392264731 0.0014001468282048039 -0.0021551166628614583 -0.012828107913099605 0.033923651977263401 -0.0097154257589630658 0.011537765634031633
leaf_weight=9451.6614516116679 16141.675102263689 12888.06821770221 16428.209005754441 6416.6805000975728 679.0993975084275 856.83277336880565 5164.9185553453863 12278.160694032907 2798.5700710862875 10159.709906542674 447.7147347740829 351.30684854090214 723.28483666852117 2110.3704668562859
leaf_count=42708 92845 59633 122581 54003 3845 3762 29042 98437 15671 77179 2306 1941 4232 12968
internal_value=-0.000152099 -0.000813419 -0.00151514 -0.00229245 -0.00292523 0.00282307 -0.00538307 -0.00482597 -0.00157505 0.000345817 0.00429386 0.00559427 0.00377025 0.00577294
internal_weight=96896.3 80754.6 67866.5 57558 51141.3 10308.5 18122.2 17443.1 33019.2 16591 6431.25 5983.53 5632.23 4908.94
internal_count=621153 528308 468675 422205 368202 46470 131324 127479 236878 114297 37118 34812 32871 28639
is_linear=0
shrinkage=0.05


Tree=87
num_leaves=15
num_cat=0
split_feature=0 73 68 73 71 73 73 68 73 71 71 71 68 73
split_gain=91.4858 70.4688 105.283 184.125 246.655 107.684 276.747 94.9049 91.6389 95.3817 90.8076 81.2374 75.0142 74.1053
threshold=0.014025818090885879 0.68243443965911876 0.033686492592096336 0.66087317466735851 -0.0046696192584931842 0.6560441553592683 0.64219424128532421 0.031964350491762168 0.66427972912788402 0.051627470180392272 0.0063179910648614177 0.055846257135272033 0.021652939729392532 0.6275133788585664
decision_type=2 2 10 2 2 2 2 10 2 2 2 2 10 2
left_child=-1 2 7 4 -4 6 -6 8 9 13 -5 -3 -10 -2
right_child=1 11 3 10 5 -7 -8 -9 12 -11 -12 -13 -14 -15
leaf_value=-0.016261854937243019 0.0009833394956601019 -0.0025927896006928608 0.04139903880917651 -0.027567367586209771 0.01011914740226896 0.032642198577144274 -0.022509192938167041 -0.012329929986472138 -0.0016467222244396021 -0.012784078806035569 -0.0011105557122362767 0.021679267526362078 0.016316636434475739 -0.0054643365338036994
leaf_weight=849.40772560797632 54387.169321876019 23421.371647998691 573.09006531536579 443.21581775322556 4280.3248241841793 375.06826621294022 756.24353730678558 1455.7248710170388 903.8142405282706 1382.4081677980721 1143.6517586056143 339.96799679100513 1609.529420427978 4844.1017401497811
leaf_count=29222 318141 156222 2803 2694 27493 2461 4580 9443 6418 6878 7367 1743 10672 34239
internal_value=-2.0941e-05 0.000124565 0.000902309 0.00647629 0.0104885 0.00714478 0.00518509 0.000247922 0.000539878 0.000151191 -0.00862636 -0.00223654 0.00987597 0.000455197
internal_weight=96765.1 95915.7 72154.3 7571.59 5984.73 5411.64 5036.57 64582.7 63127 60613.7 1586.87 23761.3 2513.34 59231.3
internal_count=620376 591154 433189 47398 37337 34534 32073 385791 376348 359258 10061 157965 17090 352380
is_linear=0
shrinkage=0.05


Tree=88
num_leaves=15
num_cat=0
split_feature=2 54 53 71 69 72 72 74 69 69 71 68 69 72
split_gain=68.5936 64.3673 109.574 62.6757 53.9202 53.8514 52.7276 51.3487 144.653 71.5384 79.1093 67.6998 95.5727 88.5282
threshold=0.011155229993164541 0.47035089135169988 -0.14846257120370862 -0.0083209872245788557 -0.028656173497438427 0.0065761392470449218 0.0045173054095357665 -0.0078223629388958198 0.091602779924869551 0.098625801503658309 0.043650187551975257 0.029995103366672996 0.12770455330610278 0.0099192154593765753
decision_type=2 10 10 2 10 10 10 2 10 10 2 10 10 10
left_child=-1 2 6 4 -4 -6 -2 8 -3 -9 -11 13 -13 -10
right_child=1 7 3 -5 5 -7 -8 9 11 10 -12 12 -14 -15
leaf_value=-0.01986450375074568 -0.0056264546246506484 0.00052554685697563141 -0.011116294765632556 -0.0071802429546272044 -0.010002906430108094 0.0072810778973647619 0.00061621299996412711 0.0026516287818232689 0.03230817522876938 -0.0030240944070609324 0.019092391565807117 -0.012636603410069645 0.020748015002214699 0.0047402718766265308
leaf_weight=427.23237429372966 3671.3430282734334 4613.1490909215063 760.67795763723552 9570.7896821256727 554.67565080337226 2233.9377273451537 41658.461569201201 18924.429616935551 878.10168766789138 11731.885734498501 408.86139935068786 397.16231476888061 443.7669782564044 439.07545667141676
leaf_count=14638 25568 22053 4914 111144 6698 18304 231681 105311 4681 66663 2138 2274 2272 2055
internal_value=-0.000105194 -1.54658e-05 -0.00105552 -0.00507762 0.000596412 0.00381971 0.000109479 0.00159108 0.00553304 0.000730344 -0.00226418 0.0161852 0.00501759 0.0232235
internal_weight=96713.6 96286.3 58449.9 13120.1 3549.29 2788.61 45329.8 37836.4 6771.26 31065.2 12140.7 2158.11 840.929 1317.18
internal_count=620394 605756 398309 141060 29916 25002 257249 207447 33335 174112 68801 11282 4546 6736
is_linear=0
shrinkage=0.05


Tree=89
num_leaves=15
num_cat=0
split_feature=0 73 73 71 71 71 71 71 68 71 68 71 68 84
split_gain=65.5207 61.3584 104.555 76.4786 197.027 46.0154 136.912 74.3634 69.1505 174.102 90.0631 124.549 71.5524 62.4775
threshold=0.012098723556846382 0.86026260256767284 0.85343152284622203 0.035511596128344543 0.027118040248751644 0.019246594049036506 0.019064009189605716 0.019818781875073913 0.053135205060243614 0.003527272143401206 0.049180248752236373 0.003527272143401206 0.048580745235085494 2.5000000000000004
decision_type=2 2 2 2 2 2 2 2 10 2 10 2 10 2
left_child=-1 2 5 4 -3 6 8 -7 10 -10 12 -12 -2 -9
right_child=1 3 -4 -5 -6 7 -8 13 9 -11 11 -13 -14 -15
leaf_value=-0.022183438685148691 0.00073698235046338332 -0.012908805768183929 0.026980688555193651 -0.030450131111993625 0.027129860558746111 -0.018109266558212645 0.028745886575955556 -0.0040976291098844759 -0.031030912294533326 -0.00086600843124740425 0.036914187873903478 0.0039347747121715173 -0.019140298919352299 0.002272353198815857
leaf_weight=320.56466736830771 72161.080120965838 1398.8055698964745 355.86651142314076 319.60349610634148 383.14428748749197 692.57864512130618 423.0884622335434 9372.7134854756296 588.0060835853219 2393.5847672577947 391.95181136578321 1004.8638861645013 445.60885483399034 6518.7576321065426
leaf_count=12246 460162 10001 2246 1769 1950 4435 2444 55871 3344 15081 2248 6718 2944 39113
internal_value=3.88298e-05 0.000114981 0.000303604 -0.0083145 -0.00419657 0.000199742 0.000711856 -0.00218961 0.000554076 -0.00689874 0.00085524 0.0133855 0.000612371 -0.00148485
internal_weight=96770.2 96449.7 94348.1 2101.55 1781.95 93992.2 77408.2 16584 76985.1 2981.59 74003.5 1396.82 72606.7 15891.5
internal_count=620572 608326 594606 13720 11951 592360 492941 99419 490497 18425 472072 8966 463106 94984
is_linear=0
shrinkage=0.05


Tree=90
num_leaves=15
num_cat=0
split_feature=27 2 69 72 69 71 73 72 73 69 69 72 71 71
split_gain=82.7582 89.7964 88.623 102.704 139.982 84.8242 101.376 105.837 82.5954 143.285 96.4411 122.241 96.8799 90.73
threshold=1.2905532717704775 0.043690260499715812 -0.13803395628929135 0.013127529062330725 -0.020707927644252774 -0.033630508929491036 0.71238076686859142 0.012567020021378996 0.68756550550460827 0.1366817578673363 0.11196451634168626 0.011188228614628317 0.034000990912318237 0.00050061935326084505
decision_type=2 2 8 8 8 2 2 10 2 10 8 10 2 2
left_child=1 2 -1 4 5 -4 7 -7 9 10 12 -12 13 -6
right_child=-2 -3 3 -5 8 6 -8 -9 -10 -11 11 -13 -14 -15
leaf_value=0.018942138734975092 0.0029219074731766368 0.0019512931250409528 -0.0077707959157511195 -0.006625801412642982 -0.0015944104532924876 0.038332820169115295 -0.0041246437717294198 0.0040923274518141015 -0.0051238842925154246 0.026548797857294488 -0.0086014583389190484 0.015501554414043262 -0.017067750477242856 0.0044938017292669502
leaf_weight=499.30181770212948 19016.537038763985 21963.255599752069 383.61124243028462 9895.6035856809467 13135.62115560472 659.2899919655174 357.43653173744678 344.43102626129985 11852.706787031144 481.59297454543412 5501.4075750298798 572.37371294759214 734.47139955125749 11440.592699440196
leaf_count=2191 110141 90315 2209 58361 95804 4042 2458 2026 101248 3505 44453 3699 5551 95047
internal_value=-3.41039e-05 -0.000756719 -0.00182165 -0.00201232 -0.00100691 0.0128404 0.0186636 0.0267393 -0.00156235 -0.000236432 -0.000655775 -0.00630832 0.000702616 0.00124042
internal_weight=96838.2 77821.7 55858.4 55359.1 45463.5 1744.77 1361.16 1003.72 43718.8 31866.1 31384.5 6073.78 25310.7 24576.2
internal_count=621050 510909 420594 418403 360042 10735 8526 6068 349307 248059 244554 48152 196402 190851
is_linear=0
shrinkage=0.05


Tree=91
num_leaves=15
num_cat=0
split_feature=27 2 2 74 13 68 74 84 71 74 71 73 68 68
split_gain=82.1026 56.0887 49.1285 43.8588 41.4788 58.8645 210.822 189.259 129.558 188.502 116.9 86.028 83.2367 58.4706
threshold=0.5523400902748109 0.027264793403446678 0.011155229993164541 -0.04474180564284324 -0.12099803239107131 -0.073404144495725618 -0.015808755531907078 1.5000000000000002 -0.054498547688126557 -0.0027349712327122684 -0.0071565646212548009 0.13013292849063876 -0.079467378556728349 -0.052663978189229958
decision_type=2 2 2 2 10 10 2 2 2 2 2 2 8 10
left_child=1 -1 -2 -4 -5 6 7 -6 -8 -10 -11 -7 -12 -13
right_child=2 -3 3 4 5 11 8 -9 9 10 12 13 -14 -15
leaf_value=-0.011360696576965618 -0.017194435190900605 -0.0022877260202327919 -0.012880894256731227 -0.011724449767994752 0.0033094249865873514 -0.020271645553730764 -0.021903080686937582 0.042008637623677035 0.030447603992733413 -0.018156840363430966 0.024377801283851031 -0.0069384201550822967 -0.0044167041597837691 0.00086650896675591739
leaf_weight=2158.8789060246199 379.45068755187094 7974.2834852039814 588.77431520447135 656.70661880448461 606.05673335492611 485.5102543272078 574.97669638693333 654.19895627722144 525.2902498356998 756.05594646185637 421.7348691187799 2465.9347179215401 593.47749061882496 77892.881732927635
leaf_count=26087 13234 37593 2568 2845 2593 2398 2430 2843 2341 3278 1770 11887 3096 505813
internal_value=2.6095e-05 -0.00423002 0.000524533 0.000604497 0.00069871 0.000796086 0.00660985 0.0235708 -0.000889899 0.00444321 -0.00339634 0.000498176 0.00766609 0.000626169
internal_weight=96734.2 10133.2 86601 86221.6 85632.8 84976.1 4131.79 1260.26 2871.54 2296.56 1771.27 80844.3 1015.21 80358.8
internal_count=620776 63680 557096 543862 541294 538449 18351 5436 12915 10485 8144 520098 4866 517700
is_linear=0
shrinkage=0.05


Tree=92
num_leaves=15
num_cat=0
split_feature=27 0 0 8 53 54 73 72 72 72 70 84 72 70
split_gain=68.7057 70.6579 54.994 53.1579 54.6043 76.4278 59.8676 101.342 112.688 90.1252 83.2143 114.841 77.3106 65.362
threshold=0.55709919333457958 0.023029086180031303 0.013097468763589861 1.0000000180025095e-35 -0.30697238445281977 0.47035089135169988 0.31657269597053533 0.016337018460035328 0.014131831005215647 0.012690350878983738 0.0015002911677584054 1.5000000000000002 0.014730440452694895 0.0074600952211767444
decision_type=2 2 2 2 8 8 2 10 10 10 2 2 10 2
left_child=1 -1 -2 4 -4 6 7 8 10 -8 11 -6 -11 -14
right_child=2 -3 3 -5 5 -7 9 -9 -10 12 -12 -13 13 -15
leaf_value=-0.016282633690104069 -0.01636893388536282 -0.0025066458825258042 0.0022910492005578224 0.004183031059850904 0.011672185670972711 0.00095420059390008264 -0.0023852604167103331 -0.0066998031126937821 0.022050213126694803 -0.018903949744572886 0.016356285530932237 -0.013922224449740712 0.0027923243312857316 -0.014898466308386355
leaf_weight=1023.4206349309534 475.00042686611414 9443.6425054371357 20634.123563285917 8847.8544946368784 709.11294586397707 30842.508363809437 15905.310789776966 2137.0400135479867 916.57468814402819 1686.0955517478287 685.62361065298319 1113.8067313600332 1249.4133195020258 883.80717865563929
leaf_count=17324 17818 48612 92376 62273 4370 179930 145134 10479 4827 11811 4211 6798 8033 5691
internal_value=-4.48056e-05 -0.00386785 0.000420427 0.000515481 9.2264e-05 -0.000716312 -0.00275342 0.0018255 0.00714873 -0.00404491 0.00163807 -0.00395668 -0.0109321 -0.0045724
internal_weight=96553.3 10467.1 86086.3 85611.3 76763.4 56129.3 25286.8 5562.16 3425.12 19724.6 2508.54 1822.92 3819.32 2133.22
internal_count=619687 65936 553751 535933 473660 381284 201354 30685 20206 170669 15379 11168 25535 13724
is_linear=0
shrinkage=0.05


Tree=93
num_leaves=15
num_cat=0
split_feature=27 57 73 74 22 4 74 2 54 71 74 70 70 70
split_gain=89.4912 92.5088 87.1354 53.121 52.0135 47.9601 42.0206 41.9062 39.6187 57.6174 100.587 71.7948 65.1211 84.504
threshold=0.71315914392471325 0.01564672123640776 0.15513609349727633 -0.04474180564284324 88.810031890869155 0.30833333730697637 -0.020243629813194271 0.01825787499547005 0.26489105820655828 -0.017231309786438938 -0.021459922194480893 0.014134839642792942 0.016850572079420093 0.015564654953777792
decision_type=2 10 2 2 10 8 2 2 8 2 2 2 2 2
left_child=1 7 -3 -2 8 6 -4 -1 -5 11 -11 -10 13 -12
right_child=3 2 5 4 -6 -7 -8 -9 9 10 12 -13 -14 -15
leaf_value=-0.018784107606762093 -0.014394285417122458 0.013871801125652818 -0.020428667418694854 -0.00018885768582033678 -0.0030728475208699909 0.0022659033223262535 -0.0027915280860343096 -0.0062548691374743242 0.0081608496256103998 -0.017701853139432334 0.0017813276632343963 -0.009501184750926631 0.011982037487035089 -0.018717827746088374
leaf_weight=751.65057383291423 553.60070241056383 948.98053547739983 337.4358813483268 22936.407850692049 6987.5895451307297 5614.3974714446813 12510.590628642589 5641.7892547696829 6308.9127154517919 654.97445767745376 30703.342489168048 624.68250528723001 1529.3259602393955 501.15978715009987
leaf_count=18825 2431 4206 1828 151948 51858 23197 80940 40229 32111 3268 196179 2950 7648 2661
internal_value=-2.33486e-05 -0.00254351 -0.000823942 0.000895416 0.00101794 -0.00158641 -0.00327027 -0.00775491 0.00147023 0.00241377 0.00155142 0.0065582 0.00194195 0.00144621
internal_weight=96604.8 25804.8 19411.4 70800 70246.4 18462.4 12848 6393.44 63258.8 40322.4 33388.8 6933.6 32733.8 31204.5
internal_count=620279 169225 110171 451054 448623 105965 82768 59054 396765 244817 209756 35061 206488 198840
is_linear=0
shrinkage=0.05


Tree=94
num_leaves=15
num_cat=0
split_feature=53 54 53 15 68 73 72 26 72 68 72 68 68 68
split_gain=63.8231 60.4731 94.5449 58.0815 52.0493 44.3237 55.2443 42.9232 36.0508 34.7578 41.8957 62.5305 100.388 87.8965
threshold=-0.0098661114461719972 0.48472829163074499 -0.1149415075778961 16.9142599105835 0.063508495688438429 0.30744580924510961 0.012218077201396229 -0.20637644082307813 0.010837176349014046 -0.13279618322849271 0.019159799441695217 -0.037996767088770859 -0.029210126958787438 -0.025118615478277203
decision_type=10 10 10 8 10 2 10 8 10 8 8 8 8 8
left_child=1 2 3 -1 7 8 -7 -5 -4 -9 11 -11 -13 -14
right_child=-2 -3 5 4 -6 6 -8 9 -10 10 -12 12 13 -15
leaf_value=0.0032377874633948596 -0.0079009837425913186 0.0019302982686509131 0.018869753352783375 0.0025736232408811056 -0.015001917536015361 -0.0046407581336456094 -0.015335394669388531 0.014556296916409254 -0.0013552156235260117 0.0056591763141156789 -0.0094171075716800133 -0.018162276835017862 0.020357943176287391 -0.0018157696195041249
leaf_weight=11831.455342251807 2429.6625321600586 35194.828295491636 290.63359573855996 8552.4419162068516 622.13652323931456 6798.514990882948 1463.396168584004 324.84868158400059 820.50801041722298 2966.2881978973746 1626.0077045317739 916.69920425489545 446.07427451014519 22364.934891304001
leaf_count=73572 27029 187586 2495 37516 3771 90655 12671 1353 5541 14772 7822 5130 2473 148351
internal_value=8.34495e-05 0.000290164 -0.000687977 0.000181842 -0.000774785 -0.00529086 -0.0065513 -0.000532864 0.00405601 -0.00146094 -0.00164974 -0.00117326 -0.00202943 -0.00137343
internal_weight=96648.4 94218.8 59023.9 49650.9 37819.4 9373.05 8261.91 37197.3 1111.14 28644.9 28320 26694 23727.7 22811
internal_count=620737 593708 406122 294760 221188 111362 103326 217417 8036 179901 178548 170726 155954 150824
is_linear=0
shrinkage=0.05


Tree=95
num_leaves=15
num_cat=0
split_feature=15 73 5 53 72 72 72 73 73 71 51 72 71 71
split_gain=59.5548 73.0488 54.1529 49.4048 43.0731 117.221 41.9721 138.407 87.4651 81.6328 52.8631 52.2732 56.9769 55.7322
threshold=20.932602882385257 0.86026260256767284 0.71871814131736766 -0.099948670715093599 0.054642656818032272 0.048988671973347671 0.016991127282381061 0.62031960487365734 0.33904434740543371 0.0013411640538834038 -0.1690225154161453 0.016337018460035328 0.012859357055276634 0.010525262448936703
decision_type=8 2 2 10 8 10 10 2 2 2 8 10 2 2
left_child=3 2 -2 6 5 -4 11 8 -8 -9 -10 12 13 -1
right_child=1 -3 4 -5 -6 -7 7 9 10 -11 -12 -13 -14 -15
leaf_value=0.0020740077955200319 -0.016254163716902609 -0.013561168309668237 -0.00079767013830731991 -0.0017465529558941227 -0.01683007277985608 0.02513669884518141 -0.0034927217644987307 -0.0014375059585797498 0.026132231138012413 -0.029975367775862918 0.0030211178013933183 0.019660163940380088 0.0063739094790018647 -0.0077844799632673161
leaf_weight=18025.995439179242 556.1415489371866 1148.2512936629355 52908.42921664007 9683.6187877506018 401.16612921282649 429.32989963889122 1729.6381328757852 428.45473526418209 509.32905646786094 597.22338874638081 478.21653905883431 453.66061174869537 7669.1385411731899 1547.5822398811579
leaf_count=107276 3519 7957 333702 89888 1684 1796 7751 2005 2138 2957 2549 2233 45323 9789
internal_value=-6.67476e-05 -0.00113605 -0.000870826 0.00137484 -0.00070863 -0.000584245 0.00233652 -0.00262784 0.00328915 -0.0181833 0.0150832 0.0030081 0.00272369 0.00129097
internal_weight=96566.2 55443.3 54295.1 41122.9 53738.9 53337.8 31439.2 3742.86 2717.18 1025.68 987.546 27696.4 27242.7 19573.6
internal_count=620567 348658 340701 271909 337182 335498 182021 17400 12438 4962 4687 164621 162388 117065
is_linear=0
shrinkage=0.05


Tree=96
num_leaves=15
num_cat=0
split_feature=27 0 69 74 69 68 69 74 74 73 69 73 69 74
split_gain=65.9488 92.9603 67.5885 55.3373 44.747 73.6332 66.0966 84.4225 78.5347 56.597 50.1081 49.3468 196.168 195.694
threshold=0.73160892724990856 0.020740466192364696 -0.13803395628929135 -0.04474180564284324 -0.10806193202733992 -0.073404144495725618 -0.12003959342837332 -0.01893995143473148 -0.010936702601611612 0.14722991734743121 -0.14871805161237714 0.31214115023612982 0.042114155367016799 0.0028888076776638631
decision_type=2 2 8 2 10 10 10 2 2 2 8 2 10 2
left_child=1 -1 -3 -2 6 -6 7 -5 -9 -7 -10 12 13 -11
right_child=3 2 -4 4 5 9 -8 8 10 11 -12 -13 -14 -15
leaf_value=-0.012422874069164314 -0.014949389921314886 0.019288475937354593 -0.0016716926093389628 0.014523977312027134 0.017041064887483751 -0.014651679652631689 -0.017438410507252061 -0.02119980074548759 0.012729631002800751 -0.0054290585568501472 -0.0034519115652751641 0.00072097243592323616 0.027211269604622404 0.01416081543095133
leaf_weight=2038.1137300040573 549.37035161629319 380.54403471201658 25495.987028412521 720.09640646167099 719.55852408334613 557.81808651424944 709.57270082458854 557.10964660160244 538.19730417057872 3430.6814467683434 3753.1712803803384 54282.921342452988 875.58279549144208 2015.4437965601683
leaf_count=41666 2416 1589 140812 3256 3153 2856 3397 2900 2238 17941 25360 358351 4418 10209
internal_value=-0.000119345 -0.00216829 -0.00135612 0.000713274 0.000841689 0.00124987 -0.0031772 -0.00133197 -0.00371194 0.00106133 -0.00139764 0.00120835 0.00538561 0.00183322
internal_weight=96624.2 27914.6 25876.5 68709.5 68160.2 61882 6278.15 5568.57 4848.48 61162.4 4291.37 60604.6 6321.71 5446.13
internal_count=620562 184067 142401 436495 434079 396928 37151 33754 30498 393775 27598 390919 32568 28150
is_linear=0
shrinkage=0.05


Tree=97
num_leaves=15
num_cat=0
split_feature=2 27 53 69 54 53 54 69 70 74 70 69 74 69
split_gain=67.8334 55.9549 73.8872 64.7673 63.2852 65.8141 60.8551 53.9292 67.3326 112.645 101.849 99.0969 82.616 78.2943
threshold=0.011155229993164541 1.1483896970748904 -0.010646102949976919 -0.13803395628929135 1.0750628709793093 -0.25175990164279932 0.34096460044384008 -0.011767926160246132 -0.0085004726424813253 -0.016525688581168648 -0.0066560849081724873 -0.10806193202733992 -0.0040051725227385751 -0.060190718621015542
decision_type=2 2 10 8 10 10 10 8 2 2 2 10 2 10
left_child=-1 2 3 -2 5 7 -7 8 9 -5 -10 -12 -13 -11
right_child=1 -3 -4 4 -6 6 -8 -9 10 13 11 12 -14 -15
leaf_value=-0.020117056805527798 0.011118945285650141 0.0021214960878680566 -0.011036906705157751 0.0080778622050613723 0.0029643572172539101 -0.0056165378860964336 -0.00091387024221495263 -0.00072678641977932815 0.029121913720894784 -0.030651148596147128 -0.012343123608497779 -0.01103842302403758 0.011166310602200845 -0.0013465036691708548
leaf_weight=403.46100775524974 1206.2791749574244 26749.506766159087 1635.905850443989 984.57368478924036 10871.333444517106 11914.712525716051 16270.744293212891 20848.572136856616 481.09148472175002 454.13834165036678 679.46213815361261 472.94060398265719 3230.3329551834613 449.75141297653317
leaf_count=14802 5054 154958 18559 4239 49469 115711 116999 115238 2111 2065 2948 2132 14650 2036
internal_value=9.19135e-05 0.000178707 -0.000569243 -0.000315323 -0.000523882 -0.00120406 -0.00290309 0.000531383 0.00441147 -0.00358785 0.00751834 0.00508602 0.00830848 -0.0162442
internal_weight=96652.8 96249.3 69499.8 67863.9 66657.7 55786.3 28185.5 27600.9 6752.29 1888.46 4863.83 4382.74 3703.27 903.89
internal_count=620971 606169 451211 432652 427598 378129 232710 145419 30181 8340 21841 19730 16782 4101
is_linear=0
shrinkage=0.05


Tree=98
num_leaves=15
num_cat=0
split_feature=27 2 69 0 71 73 69 71 71 74 71 74 74 68
split_gain=61.8556 97.5025 81.1436 74.8584 73.5198 104.947 69.6917 83.5904 66.5032 123.352 71.5401 58.0565 132.976 83.5145
threshold=1.0133871436119082 0.058685598894953735 -0.13803395628929135 0.014785239472985269 0.019246594049036506 0.86026260256767284 0.077096428722143187 0.020097538828849796 0.018040064722299579 0.0087536871433258074 0.017119774594902996 0.01787667348980904 0.019643529318273071 -0.020276045426726338
decision_type=2 2 8 2 2 2 10 2 2 2 2 2 2 8
left_child=1 2 -1 -4 5 8 -6 -8 10 -10 11 -5 -13 -14
right_child=-2 -3 3 4 6 -7 7 -9 9 -11 -12 12 13 -15
leaf_value=0.018937122906334439 0.0016040913164726536 0.0039444720629606324 -0.018733517767924954 -0.0010121117410007586 -0.0092247800998973527 -0.021163048744938122 -0.025009233113259501 0.0022784537823651325 0.022850250107757958 -0.014744067826931828 -0.018198373187962049 0.032183783544689981 -0.014746544210492974 0.014156114902626173
leaf_weight=456.22172944992781 37428.298534240574 8542.7174807786942 651.28840818442404 36716.240381447598 5705.2851785179228 617.86874115280807 298.47511688992381 3101.2154545895755 734.04248498752713 300.7170121408999 578.34312361478806 428.4885663241148 512.33095783367753 469.2961955703795
leaf_count=1976 226659 34669 25071 249173 36439 4935 2011 21115 5127 1774 3923 2438 2696 2805
internal_value=1.3798e-05 -0.00099323 -0.00182797 -0.00202075 -0.00179694 -0.000880678 -0.00585281 -0.000183584 -0.000560083 0.0118882 -0.00089587 -0.000628703 0.00929123 -0.000925352
internal_weight=96540.8 59112.5 50569.8 50113.6 49462.3 40357.3 9104.98 3399.69 39739.5 1034.76 38704.7 38126.4 1410.12 981.627
internal_count=620811 394152 359483 357507 332436 272871 59565 23126 267936 6901 261035 257112 7939 5501
is_linear=0
shrinkage=0.05


Tree=99
num_leaves=15
num_cat=0
split_feature=70 70 71 68 73 72 72 69 69 68 72 70 70 74
split_gain=54.8557 129.864 389.144 120.271 127.514 119.766 102.508 107.281 136.343 159.442 127.368 198.29 72.3801 82.3323
threshold=0.01310931518673897 0.012101775966584684 -0.0025536864995956417 0.044384431093931205 0.63641542196273815 0.011634036898612978 0.0081113642081618326 1.0000000180025095e-35 0.064349383115768446 0.015533334575593473 0.013998649548739197 0.017652117647230629 0.01074507972225547 0.013296594843268396
decision_type=2 2 2 10 2 10 10 10 10 10 10 2 2 2
left_child=1 12 -3 4 6 -6 -2 10 -9 -10 11 -8 13 -1
right_child=3 2 -4 -5 5 -7 7 8 9 -11 -12 -13 -14 -15
leaf_value=2.6524883187937577e-05 0.020744298836578943 0.053874652774024735 -0.00046438789223718531 -0.017947975902954331 0.00045696012886894027 0.036294589958683288 -0.009607186671819418 -0.023028321133581092 0.016194992701529333 -0.022233164146768111 -0.0049632293031690415 0.037108126285799375 -0.0094544455122139923 0.010738747054215864
leaf_weight=81910.775887534022 391.8222330827266 439.77117273584008 1231.2714038882405 1273.5518461316824 548.5651078466326 395.75911652669311 405.0217346213758 1484.340156365186 639.14043689705431 452.0614029597491 3108.132622808218 497.71035676635802 1951.9190713837743 1823.8649097383022
leaf_count=538150 2405 2324 7588 7299 3234 2119 2282 8494 3550 2705 14375 2626 12217 10926
internal_value=-7.81104e-05 0.000308722 0.0140715 -0.00374914 -0.00144692 0.0156992 -0.00378635 -0.00527491 -0.0132167 0.000217705 -0.000154946 0.0162731 3.87121e-05 0.000261107
internal_weight=96553.7 87357.6 1671.04 9196.11 7922.55 944.324 6978.23 6586.41 2575.54 1091.2 4010.86 902.732 85686.6 83734.6
internal_count=620294 571205 9912 49089 41790 5353 36437 34032 14749 6255 19283 4908 561293 549076
is_linear=0
shrinkage=0.05


Tree=100
num_leaves=15
num_cat=0
split_feature=0 72 72 74 69 72 70 69 84 72 58 69 69 74
split_gain=51.405 49.827 76.4225 63.1228 42.4438 152.365 80.3118 70.2256 129.369 179.166 139.161 45.9903 187.429 116.477
threshold=0.016820338554680351 0.054642656818032272 0.048988671973347671 -0.04474180564284324 -0.13803395628929135 0.019159799441695217 -0.034306820482015603 -0.10806193202733992 1.5000000000000002 0.018012352287769321 -0.0035946171265095468 -0.048130543902516358 -0.051937524229288094 0.0036262189969420437
decision_type=2 8 10 2 8 10 2 8 2 10 2 8 10 2
left_child=-1 2 3 -2 5 -5 -6 8 10 -10 -8 12 13 -9
right_child=1 -3 -4 4 6 -7 7 11 9 -11 -12 -13 -14 -15
leaf_value=-0.0067211733163445586 -0.017020454263596427 -0.016848253764784934 0.019943572265597353 0.026587230738911213 0.019499953953843612 -0.010643218552859298 -0.042292362342956608 -0.0046517546605636005 -0.020807952597425312 0.017718271110849639 -0.0063671861718295449 -6.6890147746708251e-05 0.033623446909295779 0.010152266199634519
leaf_weight=2778.1340546756983 522.66974912583828 418.23735310137272 479.84607710689306 604.58145145326853 521.65155189484358 489.40588203072548 440.1264649219811 3054.2110114507377 486.55628568679094 759.60951865464449 682.82013109698892 82499.679829161614 495.28235384449363 2336.3294904455543
leaf_count=73128 2301 1749 2013 2557 2402 2045 1994 14958 2320 3478 3239 494725 2421 11501
internal_value=-3.07231e-05 0.000168147 0.000246163 0.000142279 0.000241224 0.00998629 0.000123344 9.83266e-06 -0.00846719 0.00263009 -0.0206967 0.000237986 0.0045042 0.00177142
internal_weight=96569.1 93791 93372.8 92892.9 92370.3 1093.99 91276.3 90754.6 2369.11 1246.17 1122.95 88385.5 5885.82 5390.54
internal_count=620831 547703 545954 543941 541640 4602 537038 534636 11031 5798 5233 523605 28880 26459
is_linear=0
shrinkage=0.05


Tree=101
num_leaves=15
num_cat=0
split_feature=53 27 12 72 68 69 68 69 73 72 72 72 68 69
split_gain=53.262 52.509 52.6029 39.2191 148.619 106.472 146.022 224.76 144.546 155.138 161.697 137.888 109.994 131.482
threshold=-0.11921763047575949 1.1992049217224123 0.23955028504133227 0.016991127282381061 0.051486242562532432 -0.013561757747083901 -0.020276045426726338 -0.024339721538126465 0.33677440881729132 0.011404855176806452 0.013193270657211544 0.01407289505004883 -0.037996767088770859 0.022057925350964073
decision_type=10 2 10 8 8 8 10 10 2 10 10 10 8 10
left_child=3 2 -2 5 -5 6 8 -8 9 -1 -11 -12 -7 -14
right_child=1 -3 -4 4 -6 12 7 -9 -10 10 11 -13 13 -15
leaf_value=-0.020027923869817846 -0.0049569890551113115 0.001800067403287171 0.00022735210754476899 -0.00057933625672709744 -0.025677330632754316 0.014173767745554233 0.0066972850856837603 0.03717608366590399 -0.017374364435451772 0.029741722073066579 -0.014026991785732509 0.010898091648242127 -0.0050539206808371505 0.0012985637124017929
leaf_weight=513.80737563408911 13668.144069032744 7337.9737488050014 7616.5594678018242 8517.652100212872 623.7703230753541 1393.9592683650553 2153.7496534716338 834.42411864362657 848.9209180418402 737.65750359557569 786.8655098862946 1819.0871050581336 10265.586215298623 39285.137642191723
leaf_count=2367 147749 54539 43506 38394 3140 6922 11084 4083 4185 3477 3623 8129 65017 223766
internal_value=-3.73259e-05 -0.0018455 -0.00310258 0.000726397 -0.0023181 0.00120133 0.00667949 0.0153039 0.00118282 0.00530116 0.00924155 0.00334713 0.000372775 -1.82555e-05
internal_weight=96403.3 28622.7 21284.7 67780.6 9141.42 58639.2 7694.51 2988.17 4706.34 3857.42 3343.61 2605.95 50944.7 49550.7
internal_count=619981 245794 191255 374187 41534 332653 36948 15167 21781 17596 15229 11752 295705 288783
is_linear=0
shrinkage=0.05


Tree=102
num_leaves=15
num_cat=0
split_feature=27 8 54 53 71 84 68 69 69 68 69 69 69 71
split_gain=56.8543 53.9756 54.392 86.218 52.8824 142.69 76.2555 47.055 100.84 144.862 70.3896 105.949 67.1407 64.1344
threshold=0.46177376806735998 1.0000000180025095e-35 0.83870807290077221 -0.086091861128807054 0.040036365389823921 2.5000000000000004 0.017426433041691784 0.080907113850116744 0.076039526611566557 0.023234601132571701 0.090831059962511076 0.098625801503658309 0.07370051741600038 0.013245897833257915
decision_type=2 2 10 10 2 2 8 8 10 10 8 8 10 2
left_child=-1 2 3 4 7 -6 -7 8 12 -10 -9 -12 -2 -13
right_child=1 -3 -4 -5 5 6 -8 10 9 -11 11 13 -14 -15
leaf_value=-0.0052302088398771497 0.0012092338293607343 0.0039120246030582891 0.0024380199690642347 -0.0047950102479227723 -0.015186643415857251 0.019432162481728861 -0.0083127823535662695 -0.0094626914743170549 0.0014015672297314765 0.035011617389579183 0.010459226803553474 -0.0046541935329678782 -0.017158674888559763 0.0034872930194905743
leaf_weight=4793.3445918746293 33706.34839396365 9520.9522188305855 17184.512159239501 10828.759737811983 1761.5219770763069 604.44984235055745 407.34998503886163 2516.08902583085 796.77802165970206 527.43017689324915 1925.2603723611683 7978.0641795117408 494.99328923784196 3461.0751331131905
leaf_count=29466 191021 70542 82120 119423 9323 3050 2130 16023 4667 3514 11576 52872 3103 22255
internal_value=7.24855e-05 0.000350167 -6.28538e-05 -0.000724218 9.01404e-05 -0.00662256 0.00829003 0.000453504 0.00146481 0.0149505 -0.00180835 -0.000361288 0.000938459 -0.00218998
internal_weight=96506.9 91713.6 82192.6 65008.1 54179.4 2773.32 1011.8 51406 35525.5 1324.21 15880.5 13364.4 34201.3 11439.1
internal_count=621085 591619 521077 438957 319534 14503 5180 305031 202305 8181 102726 86703 194124 75127
is_linear=0
shrinkage=0.05


Tree=103
num_leaves=15
num_cat=0
split_feature=15 68 4 4 68 68 68 9 68 5 60 68 58 5
split_gain=46.5449 36.2296 55.4843 35.6335 52.2369 65.6622 58.2808 51.2957 36.0183 36.0793 34.45 31.2782 31.1459 31.0863
threshold=16.750157356262211 0.063508495688438429 0.30833333730697637 0.041666667908430106 -0.017944687977433201 -0.027866990305483338 -0.037996767088770859 -0.0078790904954075796 -0.044264266267418854 1.2406448721885683 1.0000000180025095e-35 -0.044264266267418854 0.012049148324877025 0.71871814131736766
decision_type=8 10 8 8 10 10 10 2 10 2 10 10 2 2
left_child=11 3 -3 4 5 6 8 -7 9 -2 12 -1 -6 -5
right_child=1 2 -4 13 10 7 -8 -9 -10 -11 -12 -13 -14 -15
leaf_value=-0.0046129212204141538 -0.0051819098004945432 -0.01524512659212744 0.0018506253722209926 -0.011075958216672163 -0.0031977749184994432 0.025276500085587874 -0.01465253735357936 0.00046449623733218776 0.01646077333887758 0.013357275237076369 -0.0088275970606324673 0.0025803202624552083 0.012307501846435379 0.00029315848297958977
leaf_weight=1621.4539411421865 1042.7202013898641 1017.4129998553544 878.45801838114858 597.5883247256279 7559.1686260234565 485.52758772112429 599.64327579922974 360.02943518012762 390.49650330096483 339.59411717578769 3003.1431287992746 20649.757955761626 328.64799258857965 57652.170859400183
leaf_count=7948 6541 7531 3768 3248 107694 3425 4734 3373 2786 1730 28870 141274 3193 295024
internal_value=5.04951e-05 -0.000550847 -0.00735561 -0.000371564 -0.00262513 0.00296507 -0.00131201 0.0148407 0.00325722 -0.000564152 -0.0042781 0.00205478 -0.00253698 0.000174641
internal_weight=96525.8 74254.6 1895.87 72358.7 14109 3218.01 2372.45 845.557 1772.81 1382.31 10891 22271.2 7887.82 58249.8
internal_count=621139 471917 11299 460618 162346 22589 15791 6798 11057 8271 139757 149222 110887 298272
is_linear=0
shrinkage=0.05


Tree=104
num_leaves=15
num_cat=0
split_feature=15 70 70 53 54 53 54 70 84 72 72 70 13 72
split_gain=52.1075 52.2889 47.5331 44.0815 48.904 40.2937 66.4644 53.7332 60.0788 65.4159 66.3775 50.065 41.0963 56.4027
threshold=16.750157356262211 -0.0092473095282912237 -0.011143666692078112 -0.099948670715093599 0.39719446003437048 -0.31037293374538416 0.33124467730522161 -0.001833020767662674 1.5000000000000002 0.0071132583543658265 0.0064668371342122563 -0.018005721271038052 -0.12099803239107131 0.011299594305455686
decision_type=8 2 2 10 10 10 8 2 2 10 10 2 10 10
left_child=1 2 -1 -3 -5 12 -7 8 9 10 -8 -11 -2 -14
right_child=5 3 -4 4 -6 6 7 -9 -10 11 -12 -13 13 -15
leaf_value=-0.00087879755298170173 -0.0094915661084401456 0.0045924805718480571 -0.017153001842135199 -0.0083814713488358766 0.0025167986985229845 -0.0039248742214644484 0.0077737680992943526 -0.001471214786744772 2.1351900795447438e-06 0.018653556333059686 0.03095150379341163 5.3860537450241127e-05 -0.00043072023158624556 0.0043335292831538112
leaf_weight=2451.1323428619653 881.99115305580199 14577.690179038793 539.55378836393356 1502.7159117870033 3212.3144432120025 16426.668595805764 792.284911358729 20398.191440422088 6443.8450190760195 425.91763252951205 506.53758087567985 2128.0678640566766 15963.809955658391 10158.194413557649
leaf_count=13405 3820 86962 3027 21516 24312 140729 5970 134925 38369 2091 2973 11789 85673 45369
internal_value=0.000160768 0.00228029 -0.00386223 0.00323399 -0.00096695 -0.000476619 -0.001359 1.49784e-05 0.00295777 0.00788829 0.0169804 0.00321631 0.00106306 0.00142293
internal_weight=96408.9 22283.4 2990.69 19292.7 4715.03 74125.5 47121.5 30694.8 10296.7 3852.81 1298.82 2553.99 27004 26122
internal_count=620930 149222 16432 132790 45828 471708 336846 196117 61192 22823 8943 13880 134862 131042
is_linear=0
shrinkage=0.05


Tree=105
num_leaves=15
num_cat=0
split_feature=0 27 69 68 69 74 74 69 71 74 71 68 71 70
split_gain=53.7111 51.7274 39.3842 357.531 249.2 100.286 298.695 103.51 101.968 100.927 91.457 186.845 122.669 120.976
threshold=0.012465401086956264 0.47814722359180456 0.040939569473266609 -0.019604963250458237 0.049500988796353347 -0.01893995143473148 -0.014788575004786251 0.088230255991220488 -0.025636618025600907 0.020833185873925689 -0.010008481796830891 1.0000000180025095e-35 -0.0027800030075013633 0.010606001596897842
decision_type=2 2 10 10 10 2 2 10 2 2 2 10 2 2
left_child=-1 -2 -3 4 -4 7 -7 -5 -8 10 11 -10 -12 -14
right_child=1 2 3 5 -6 6 8 -9 9 -11 12 -13 13 -15
leaf_value=-0.019190257298063874 -0.0046190848025749916 -0.00086895185246561662 0.051588462090317623 -0.027903987826165079 0.0076248875010607444 0.025962360024515331 -0.014349525687771975 0.0032384489491347501 -0.01120378567545322 0.018521828831672159 -0.0071644137649599249 0.011890167186638344 0.001573218996680137 -0.008692556267817942
leaf_weight=353.16820106841624 5521.4154353160411 37816.891588712111 567.67592881806195 607.0570384375751 738.63286826573312 1152.3172530829906 1147.1317057386041 466.76363911107183 1119.0838425643742 768.97891961969435 5750.7052776142955 3911.8795950878412 33262.967440385371 3130.7613789346069
leaf_count=14723 33534 216246 2781 3351 3905 6547 6212 2408 6883 4228 39160 23364 237282 19671
internal_value=2.0827e-06 7.47081e-05 0.000361743 0.00124615 0.0269767 0.00058604 0.000910467 -0.0144622 0.00031726 0.000671101 0.000376263 0.00674113 -0.000384957 0.000687963
internal_weight=96315.4 95962.3 90440.8 52624 1306.31 51317.6 50243.8 1073.82 49091.5 47944.4 47175.4 5030.96 42144.4 36393.7
internal_count=620295 605572 572038 355792 6686 349106 343347 5759 336800 330588 326360 30247 296113 256953
is_linear=0
shrinkage=0.05


Tree=106
num_leaves=15
num_cat=0
split_feature=27 2 69 73 68 69 9 69 69 70 84 68 70 69
split_gain=43.0739 47.3063 40.5746 262.202 182.3 66.8759 55.6725 50.1552 129.542 114.269 105.064 146.17 85.1676 78.0897
threshold=0.50677257776260387 0.028646546415984634 0.1366817578673363 0.66087317466735851 0.040859015658497817 0.14754705131053927 0.016224029473960403 0.10162366926670076 0.090831059962511076 0.016850572079420093 2.5000000000000004 0.010503562167286875 0.0062040511984378108 0.098625801503658309
decision_type=2 2 10 2 10 10 2 8 10 2 2 10 2 10
left_child=1 -1 7 -4 5 -5 -6 8 -2 12 13 -12 -9 -10
right_child=2 -3 3 4 6 -7 -8 9 10 -11 11 -13 -14 -15
leaf_value=-0.011326784319220025 9.0583072436399255e-05 -0.0014829864311221295 0.043066008436497889 0.033205355353043219 -0.012837544357365782 0.0075175398036208809 0.0013527483600105944 -0.0010295085170947526 0.0074740659039713442 0.021840562837008137 0.042071857937211507 0.01004622934738462 -0.0094546560681738993 -0.0087664460070922337
leaf_weight=1565.2920407280326 60891.148725919425 5436.706685140729 401.73051804862916 447.37881879322231 1359.8691176101565 585.58732647635043 1391.6485072672367 14147.968094995245 2136.6758908703923 472.57609331980348 418.90585828013718 2176.9316767919809 3797.7087864819914 1120.0057760216296
leaf_count=18694 388171 25221 2549 2362 8433 3241 7781 96991 13718 2570 2233 14800 25970 7746
internal_value=7.70015e-05 -0.00369658 0.000373108 0.00517292 0.0010476 0.0188547 -0.00568154 0.000136589 0.000774042 -0.00217257 0.00787265 0.015356 -0.00281673 0.00187905
internal_weight=96350.1 7002 89348.1 4186.21 3784.48 1032.97 2751.52 85161.9 66743.7 18418.3 5852.52 2595.84 17945.7 3256.68
internal_count=620480 43915 576565 24366 21817 5603 16214 552199 426668 125531 38497 17033 122961 21464
is_linear=0
shrinkage=0.05


Tree=107
num_leaves=15
num_cat=0
split_feature=27 69 0 72 57 74 74 70 68 68 70 68 68 68
split_gain=53.2363 69.6813 62.6227 53.9056 48.5893 46.829 100.461 96.9687 64.0277 102.438 118.835 113.882 109.155 88.2785
threshold=1.2491852045059206 -0.13803395628929135 0.018285294063389305 0.020948505960404876 0.10364875942468645 -0.021459922194480893 -0.028786783106625077 -0.020596803165972229 -0.052663978189229958 -0.037996767088770859 -0.0032782651251181956 -0.029210126958787438 -0.042422825470566743 -0.025118615478277203
decision_type=2 8 2 8 10 2 2 2 8 8 2 8 10 8
left_child=1 4 -3 -2 -1 6 -4 -7 -9 10 12 -11 -10 -13
right_child=3 2 5 -5 -6 7 -8 8 9 11 -12 13 -14 -15
leaf_value=0.018467663750803994 0.0027621601667603508 -0.0072799936797229379 0.0049114419511033435 -0.010309745935594798 -0.00076208814250283577 0.019820542198886286 -0.015052406429161747 -0.0073749848094746637 -0.016957453505575478 -0.012620569428773314 0.018522997156582378 0.01453361976738054 0.015946492282208957 -0.00033699723803724184
leaf_weight=795.1322608012706 20184.867674559355 3539.146594453603 1047.1435218378901 811.04441971518099 553.60753464698792 588.27406458556652 1557.7651758268476 3125.4782461933792 602.68025782331824 1858.2853549383581 1528.4136536046863 1005.249732721597 418.52510917186737 58780.009489536285
leaf_count=3396 118557 84289 4858 3499 2286 2858 7808 14676 3103 9951 7461 5260 2110 350632
internal_value=2.64525e-05 -0.000593644 -0.000799421 0.00225254 0.010627 -0.000473161 -0.00703908 -0.000220293 -0.000398341 -5.75616e-05 0.00974364 -0.000464461 -0.00344842 -8.45689e-05
internal_weight=96395.6 75399.7 74051 20995.9 1348.74 70511.8 2604.91 67906.9 67318.6 64193.2 2549.62 61643.5 1021.21 59785.3
internal_count=620744 498688 493006 122056 5682 408717 12666 396051 393193 378517 12674 365843 5213 355892
is_linear=0
shrinkage=0.05


Tree=108
num_leaves=15
num_cat=0
split_feature=5 73 73 71 71 73 71 71 70 70 74 84 71 74
split_gain=48.4081 46.2739 74.8628 57.4366 136.666 47.4716 41.8113 109.827 84.4682 181.864 82.9461 108.294 196.563 147.297
threshold=0.65865537524223339 0.86026260256767284 0.85343152284622203 0.035511596128344543 0.027118040248751644 0.84365716576576244 0.019246594049036506 0.019064009189605716 0.012953073251992466 0.01888252887874842 0.01120596192777157 2.5000000000000004 -0.0012499578297138212 0.01199209736660123
decision_type=2 2 2 2 2 2 2 2 2 2 2 2 2 2
left_child=-1 2 5 4 -3 6 7 10 -8 -10 -2 13 -13 -12
right_child=1 3 -4 -5 -6 -7 8 -9 9 -11 11 12 -14 -15
leaf_value=-0.019260738077207427 -1.953122204422953e-05 -0.011228029495475869 0.023166504073162977 -0.026927618598097048 0.022295025396477382 -0.013835539660991976 -0.00033390184857327171 0.02704507936955098 -0.021132737706862047 0.0030786403775768111 0.033676481665400895 -0.01258864447165218 0.011105830556336245 0.006737775844194588
leaf_weight=315.41070342808962 67404.403729297221 1352.777919428423 344.07311913557351 307.64300909824669 381.5386450458318 594.38934441097081 13272.563050270081 383.95753833465278 1602.9469127655029 1489.7765985652804 559.73558152094483 1890.5346706416458 1612.7058373019099 4739.6295947488397
leaf_count=2379 447095 10098 2177 1726 1957 3978 83040 2171 9076 7439 3561 9774 10112 25711
internal_value=-8.65626e-06 5.66396e-05 0.000218942 -0.00737116 -0.00376763 0.000132075 0.000222867 0.000713084 -0.00207042 -0.00949769 0.000576883 0.00513866 -0.0016804 0.0096412
internal_weight=96252.1 95936.7 93894.7 2041.96 1734.32 93550.6 92956.3 76591 16365.3 3092.72 76207 8802.61 3503.24 5299.37
internal_count=620294 617915 604134 13781 12055 601957 597979 498424 99555 16515 496253 49158 19886 29272
is_linear=0
shrinkage=0.05


Tree=109
num_leaves=15
num_cat=0
split_feature=73 69 71 71 72 69 70 70 69 73 73 69 84 72
split_gain=48.7195 144.34 162.891 82.277 142.66 109.241 164.129 105.864 93.6427 100.827 145.2 175.785 135.248 111.588
threshold=0.68571081757545482 0.1366817578673363 0.011465636547654869 0.055846257135272033 0.016764153726398948 -0.011767926160246132 0.0031564284581691031 -0.011970254592597483 -0.0020994962542317803 0.78959435224533092 0.81096738576889049 0.15252932161092761 2.5000000000000004 0.0068393596448004254
decision_type=2 10 2 2 10 8 2 2 8 2 2 8 2 10
left_child=1 -1 -3 4 5 6 -2 -7 -9 -10 11 12 13 -11
right_child=3 2 -4 -5 -6 7 -8 8 9 10 -12 -13 -14 -15
leaf_value=0.00030564347692983696 0.024596133169125553 0.047717098765935516 0.0020289417183719858 0.021811316878984417 -0.018319722178129924 0.027212881731236233 -0.013616822246422206 -0.025227374381440661 -0.0047571411458009073 0.059520631293237328 -0.0015001303058947944 -0.0091876635960020225 0.0035321968505550912 0.019074909866239789
leaf_weight=72371.585153488442 881.86075535230339 332.8520188704133 454.82322109118104 344.61266689188778 1325.3789077233523 287.9185464438051 402.56541261449456 445.61358650587499 13254.363334489986 353.30221099220216 4653.1823742482811 477.43596539832652 398.53564758226275 347.49632215499878
leaf_count=452905 5002 1965 2852 1777 6960 1761 2409 2857 100838 3050 30404 3388 2642 1874
internal_value=-9.40349e-05 0.000538832 0.0216918 -0.00209149 -0.00246172 -0.00147619 0.0126067 -0.00237666 -0.00281756 -0.00229236 0.00295073 0.0160123 0.0269407 0.0400158
internal_weight=96331.5 73159.3 787.675 23172.3 22827.7 21502.3 1284.43 20217.8 19929.9 19484.3 6229.95 1576.77 1099.33 700.799
internal_count=620684 457722 4817 162962 161185 154225 7411 146814 145053 142196 41358 10954 7566 4924
is_linear=0
shrinkage=0.05


Tree=110
num_leaves=15
num_cat=0
split_feature=15 72 71 71 72 69 71 84 71 72 72 72 57 72
split_gain=42.7049 38.9729 87.6025 134.665 90.527 64.0528 57.4392 124.805 75.6013 52.5573 37.4409 66.2701 47.592 41.4515
threshold=22.881155014038089 0.016764153726398948 0.01482114475220442 0.03282319754362107 0.019159799441695217 -0.071637030690908418 -0.024129430763423439 2.5000000000000004 -0.0079722814261913282 0.016337018460035328 0.0059653329662978658 0.0056194046046584853 0.013400924857705833 0.010506670456379654
decision_type=8 10 2 2 10 10 2 2 2 10 10 8 10 10
left_child=1 9 6 4 -4 -5 -3 8 -8 -1 11 -2 13 -12
right_child=10 2 3 5 -6 -7 7 -9 -10 -11 12 -13 -14 -15
leaf_value=0.0013631100422299997 -0.0021328993517353875 -0.0074803895638810075 -0.037035499273677407 0.016576597746803142 -0.0069666184020806396 -0.0075390541133428914 0.013472667307460951 0.021265314021973944 -0.012237719294510827 0.018296269300588554 -0.00062476327791574399 -0.01389901721562381 0.00056402136069704943 -0.0082345830325700042
leaf_weight=43387.921311961487 8696.9947652891278 988.29344025440514 564.33692086674273 411.85669008269906 453.61701918393373 782.92586899548769 431.15622971393168 885.95385661348701 803.84226557053626 453.21910861507058 4104.7855043504387 1378.7734767384827 29855.696436176077 3165.076342150569
leaf_count=295309 71873 4382 3132 2030 2189 4045 1994 4125 4088 2361 36040 9903 158319 20499
internal_value=2.04382e-05 0.00105169 -0.00298511 -0.0105661 -0.0238344 0.000842507 0.00242658 0.00705634 -0.00322572 0.00154229 -0.00105367 -0.00375517 -0.000319675 -0.00394461
internal_weight=96364.4 49163.1 5321.98 2212.74 1017.95 1194.78 3109.25 2120.95 1235 43841.1 47201.3 10075.8 37125.6 7269.86
internal_count=620289 323655 25985 11396 5321 6075 14589 10207 6082 297670 296634 81776 214858 56539
is_linear=0
shrinkage=0.05


Tree=111
num_leaves=15
num_cat=0
split_feature=27 4 54 53 71 73 71 72 71 72 71 84 72 74
split_gain=59.3109 53.6295 41.7153 76.8263 64.8417 158.166 81.6164 49.1109 95.0396 80.0384 47.0944 123.224 98.4126 87.9774
threshold=0.50677257776260387 0.34166666865348821 0.28126688301563268 -0.1149415075778961 -0.03858648054301738 0.11745777353644372 0.051627470180392272 0.015868417918682102 -0.060255499556660645 0.013998649548739197 -0.017231309786438938 1.5000000000000002 0.0090614631772041338 -0.020243629813194271
decision_type=2 8 8 10 2 2 2 10 2 10 2 2 10 2
left_child=1 -1 3 4 7 -6 -7 9 -9 -2 11 -4 -13 -12
right_child=2 -3 10 -5 5 6 -8 8 -10 -11 13 12 -14 -15
leaf_value=-0.0071188710870128888 -0.0080513885743757098 0.0024335472443012302 0.011753765033119153 -0.0078379488296124525 0.02412067889699555 0.00052110284214651156 -0.019425713433327194 -0.0034489011592441533 -0.029545137992837922 0.016517608956944718 -0.0144442111094311 0.0094482864114954629 -0.0054922009991940348 0.001010259013151266
leaf_weight=4909.026371916756 1110.7720949575305 2089.2024669349194 3599.8418737277389 3577.7616183813661 694.69094184041023 23893.572111753747 514.07010966166854 912.326002150774 558.05665956065059 460.72246850654483 928.81548969075084 1658.5899430159479 3237.1775610111654 48251.07835801132
leaf_count=35248 5598 8759 18011 51467 2999 147328 2824 3846 2531 2021 4658 9190 15555 310893
internal_value=0.000161677 -0.00426776 0.000508861 -0.000947315 -6.88877e-05 0.000767488 9.32024e-05 -0.00695077 -0.0134859 -0.000789482 0.00130979 0.00474515 -0.000421715 0.000715508
internal_weight=96395.7 6998.23 89397.5 31722 28144.2 25102.3 24407.6 3041.88 1470.38 1571.49 57675.5 8495.61 4895.77 49179.9
internal_count=620928 44007 576921 218614 167147 153151 150152 13996 6377 7619 358307 42756 24745 315551
is_linear=0
shrinkage=0.05


Tree=112
num_leaves=15
num_cat=0
split_feature=15 70 4 27 69 69 71 71 71 74 74 16 54 71
split_gain=47.4853 51.0047 48.6326 63.0789 51.7379 47.3061 50.1713 45.5312 55.844 40.2918 56.6686 36.6112 38.9845 55.6738
threshold=16.50057411193848 -0.0092473095282912237 0.25833334028720861 1.4044734239578249 -0.039103591814637177 -0.13803395628929135 -0.051636332646012299 0.001149674935732037 -0.0076895884703844777 -0.0083696716465055925 -0.0092691946774721128 19.213536262512211 0.28406338393688207 -0.017835204489529129
decision_type=8 2 8 2 10 8 2 2 2 2 2 2 8 2
left_child=1 7 3 5 -5 6 -2 8 -1 10 -3 12 -7 -14
right_child=2 9 -4 4 -6 11 -8 -9 -10 -11 -12 -13 13 -15
leaf_value=-0.0043988681051798885 -0.0028133525934584576 0.0042255770830050762 0.001530440371888913 -0.0060849612168302177 0.0042668578073271138 -0.0035501626600643074 0.019298447516173656 -0.016883333399344214 0.016589278207045886 0.0024476715291776117 0.026121605370734324 -0.0065585577228918727 0.0056628777876477319 -0.0014496162914560589
leaf_weight=1920.2619918622077 494.71159731969237 907.07090248167515 20640.853334667161 1435.5291767399758 7328.0685672536492 18031.272104486823 517.90656121820211 548.56459291093051 369.22399592958391 16992.392534734681 431.88762937113643 4535.3616088479757 3206.3691033292562 19022.078937256709
leaf_count=10379 2082 5484 87274 7597 46031 131834 2196 3083 2195 118053 2645 39790 17847 144265
internal_value=5.24462e-05 0.00214378 -0.000536391 -0.00131828 0.00256617 -0.00206182 0.00857392 -0.00408362 -0.000956699 0.0031096 0.0114295 -0.00230411 -0.00182332 -0.000421581
internal_weight=96381.6 21169.4 75212.2 54571.3 8763.6 45807.7 1012.62 2838.05 2289.49 18331.4 1338.96 44795.1 40259.7 22228.4
internal_count=620755 141839 478916 391642 53628 338014 4278 15657 12574 126182 8129 333736 293946 162112
is_linear=0
shrinkage=0.05


Tree=113
num_leaves=15
num_cat=0
split_feature=2 73 68 68 74 68 73 68 74 68 74 74 74 73
split_gain=50.5142 45.8289 135.104 109.868 107.232 98.3055 147.336 109.821 88.8166 142.153 86.8213 387.68 229.755 209.903
threshold=0.011155229993164541 0.31214115023612982 -0.022442183457314965 -0.025118615478277203 0.01787667348980904 0.053573144599795348 0.7083861529827119 -0.0022084162337705489 0.0066286898218095311 -0.029210126958787438 -0.016525688581168648 -0.017927798442542549 -0.0042676632292568675 0.28450997173786169
decision_type=2 2 10 10 2 10 2 10 2 10 2 2 2 2
left_child=-1 10 3 8 -4 6 7 -6 9 -3 11 -2 -12 -14
right_child=1 2 4 -5 5 -7 -8 -9 -10 -11 12 -13 13 -15
leaf_value=-0.018269692464413619 0.0020612496071170604 -0.0064009054941887777 -0.00050188535798229613 -0.028549533682657058 0.022685266086968893 -0.0069696677984409997 0.041021395174265111 1.1665738833948107e-06 -0.017474305740972335 0.025931667177367397 -0.010217736599752959 0.045182443134257996 0.0019133004713170123 0.026415173524467445
leaf_weight=372.57565210014582 3328.5317336507142 1663.7180391084403 72902.858120497316 635.84648307412863 819.52144666388631 792.76342437230051 390.01028446480632 1495.4406438115984 1075.726206196472 416.59870913997293 3618.2444323282689 608.25299047119915 7170.5334908924997 985.77255746535957
leaf_count=14504 15327 8817 490069 3426 4452 4254 2030 8084 5813 2259 18199 2901 35065 5164
internal_value=-0.000137364 -6.50246e-05 -0.000548887 -0.00974826 -9.109e-05 0.00844809 0.0129757 0.00809461 -0.00588217 0.00016701 0.00240344 0.00882129 0.000251989 0.00490332
internal_weight=96276.4 95903.8 80192.5 3791.89 76400.6 3497.74 2704.97 2314.96 3156.04 2080.32 15711.3 3936.78 11774.6 8156.31
internal_count=620364 605860 529204 20315 508889 18820 14566 12536 16889 11076 76656 18228 58428 40229
is_linear=0
shrinkage=0.05


Tree=114
num_leaves=15
num_cat=0
split_feature=14 54 74 69 74 74 69 69 14 68 68 69 74 69
split_gain=45.4637 41.2198 62.2238 55.6777 52.2764 69.2602 78.3201 66.6565 52.0999 57.1793 63.8273 63.189 57.564 48.8663
threshold=-0.19381154328584668 0.28126688301563268 0.01787667348980904 0.1366817578673363 0.019643529318273071 0.020833185873925689 0.066049378365278258 0.052318198606371887 -0.035070490092039101 -0.037996767088770859 -0.029210126958787438 -0.051937524229288094 0.0028888076776638631 -0.13153804093599317
decision_type=8 8 2 10 2 2 8 10 10 10 10 10 2 10
left_child=-1 3 -3 8 7 -6 -7 -4 -2 11 -11 13 -13 -10
right_child=1 2 4 -5 5 6 -8 -9 9 10 -12 12 -14 -15
leaf_value=0.0036498627028672829 -0.00015491237754058107 6.3100390126741176e-05 0.032780322878166249 0.019696437832171735 -0.014904236870568206 0.00086033596606923063 0.022085772462686476 0.0038494470888771103 0.0059181870111476818 -0.021892603468508923 -0.0052562451519221377 0.0032981096404747301 0.026687161447201166 -0.01101630702793817
leaf_weight=7919.123230997473 15936.885624857619 56042.245163850486 388.2000657748431 287.01875361800194 413.25433189235628 1431.0600063279271 614.71198068000376 404.22246942482889 677.25847010873258 606.94633429683745 9140.9516289215535 958.28118179924786 354.46954621747136 1115.7327769249678
leaf_count=34287 96771 357702 2055 2362 2240 6827 3137 2140 2982 4164 92580 5526 1984 5833
internal_value=2.29827e-05 -0.000302405 0.000453822 -0.0018441 0.00716749 0.0035353 0.00731455 0.0182543 -0.00206561 -0.00443266 -0.00631347 0.0014719 0.00976764 -0.00462237
internal_weight=96290.4 88371.2 59293.7 29077.5 3251.45 2459.03 2045.77 792.423 28790.5 12853.6 9747.9 3105.74 1312.75 1792.99
internal_count=620590 586303 374101 212202 16399 12204 9964 4195 209840 113069 96744 16325 7510 8815
is_linear=0
shrinkage=0.05


Tree=115
num_leaves=15
num_cat=0
split_feature=53 54 53 69 19 69 70 70 69 69 70 69 70 70
split_gain=50.1177 45.0816 61.7136 62.7572 37.4354 54.0406 55.044 61.9779 84.3393 62.9732 56.7592 47.6676 41.6782 38.098
threshold=-0.01144849509000778 0.28126688301563268 -0.16172630339860913 0.12600637972354892 -0.0080347051844000799 -0.13803395628929135 -0.0087573928758501989 -0.0068812647368758908 -0.10806193202733992 -0.063160825520753847 -0.010894985869526861 -0.011767926160246132 0.012101775966584684 0.01074507972225547
decision_type=10 8 10 10 10 10 2 2 10 10 2 10 2 2
left_child=1 2 4 -4 -1 -6 10 11 -9 12 -7 -8 -10 -11
right_child=-2 -3 3 -5 5 6 7 8 9 13 -12 -13 -14 -15
leaf_value=-0.0036821677032184519 -0.0066780151010943636 0.00094812771421622425 -0.0064950684451620111 0.020826160405710351 0.015931498060002696 -0.002571856524568681 0.024425414621710176 -0.016722491534612517 0.0046333602112268515 0.0016708489206555786 -0.019960509066094378 0.0017569323787260832 0.023962014645636406 -0.0057518983310652864
leaf_weight=6143.5909849368036 2773.3425856325775 60131.757379451767 6513.0824433416128 207.63506633229554 560.97207239642739 2757.27696043998 495.14152861014009 651.03084929473698 675.48975265584886 11864.854033475742 556.60285567305982 431.82003090158105 472.55558674037457 2013.2859918661416
leaf_count=28250 31401 360207 77852 2821 2364 14337 2391 3086 3321 74619 3022 2637 2298 11380
internal_value=-6.63464e-05 0.000130511 -0.00134383 -0.0056213 -0.000262306 0.000764929 0.000329998 0.00150492 0.00075784 0.00152582 -0.00554374 0.0139969 0.0127276 0.000590673
internal_weight=96248.4 93475.1 33343.3 6720.72 26622.6 20479 19918.1 16604.2 15677.2 15026.2 3313.88 926.962 1148.05 13878.1
internal_count=619986 588585 228378 80673 147705 119455 117091 99732 94704 91618 17359 5028 5619 85999
is_linear=0
shrinkage=0.05


Tree=116
num_leaves=15
num_cat=0
split_feature=5 74 0 53 65 26 69 69 74 74 70 70 70 53
split_gain=44.9749 34.6441 30.9288 29.5642 35.096 50.2597 40.1806 103.374 86.3098 108.329 56.4903 83.0685 94.1993 45.3243
threshold=0.71871814131736766 -0.04474180564284324 0.056866189464926727 -0.01144849509000778 -0.085024736821651445 -0.21225812286138532 -0.13803395628929135 -0.10806193202733992 -0.024679644964635369 -0.021459922194480893 0.014888820704072716 -0.015955476090312001 -0.0061706644482910624 -0.20128091424703595
decision_type=2 2 2 10 10 10 8 8 2 2 2 2 2 8
left_child=2 -2 -1 4 5 -3 -6 10 -9 -10 11 -8 -13 -11
right_child=1 3 -4 -5 6 -7 7 8 9 13 -12 12 -14 -15
leaf_value=-0.023526541768753975 -0.011605782872599342 0.0022374015205188316 -0.0032010940462311021 -0.0047230684884483828 0.010452837252993495 -0.003215423682014917 -0.023246121473998682 0.012592015622309461 -0.015045371740208136 0.0028898419654752967 -0.025852638681155372 0.017313847562920082 -0.012079947698559178 0.00019377764455641089
leaf_weight=316.16934399493039 597.73805352300406 6339.4758391343057 447.96398977935314 2756.140135128051 1101.8129178266972 12631.001149900258 460.73235031589866 1612.1913750134408 1035.9720504488796 24428.951450167224 445.19763520918787 510.33951525203884 562.60645210184157 43051.077757302672
leaf_count=3032 2652 27118 1837 30876 4669 66315 2158 8390 5532 126287 2155 2464 2692 334691
internal_value=0.000196912 0.000294146 -0.0118063 0.000370286 0.000523071 -0.001393 0.0010197 0.000874132 0.00119277 0.000922744 -0.010367 -0.0057335 0.00193179 0.00117008
internal_weight=96297.4 95533.2 764.133 94935.5 92179.4 18970.5 73208.9 72107.1 70128.2 68516 1978.88 1533.68 1072.95 67480
internal_count=620868 615999 4869 613347 582471 93433 489038 484369 474900 466510 9469 7314 5156 460978
is_linear=0
shrinkage=0.05


Tree=117
num_leaves=15
num_cat=0
split_feature=73 68 69 69 73 72 69 70 70 68 73 68 70 70
split_gain=47.6313 200.165 111.831 111.523 117.166 107.56 175.741 115.76 104.154 100.089 213.907 185.448 124.203 105.288
threshold=0.6275133788585664 0.036895120516419418 0.078335504978895201 0.11515964940190317 0.60764318704605114 0.016764153726398948 -0.011767926160246132 0.01159746013581753 0.0077822650782763967 0.011063221842050554 0.54551473259925853 -0.0026957998052239414 -0.00019781861919909713 -0.014948278665542601
decision_type=2 10 10 10 2 10 8 2 2 10 2 10 2 2
left_child=1 3 -3 9 -5 6 8 -7 -2 10 -1 -12 13 -13
right_child=5 2 -4 4 -6 7 -8 -9 -10 -11 11 12 -14 -15
leaf_value=0.00066420246219534875 0.022703484346765238 0.038275041292932285 0.0098792040909233426 -0.012513714072392637 0.014604380293535647 -0.021094051110440836 -0.0016198168573687711 0.0050323286605484614 -0.0056288134470450484 0.0042990682421310536 0.020687277746599057 -0.00045888981098541216 -0.0058216325018082826 -0.031115980598748035
leaf_weight=36436.485211260617 1198.826529821381 408.64322458580136 2101.576771883294 2817.5221790410578 455.01458040066063 1332.0767394714057 32004.061735864729 614.92447244375944 438.6578676532954 14748.122165648267 386.09299617819488 351.5314451996237 1691.4892839621753 1373.4317067246884
leaf_count=206479 6723 2047 13874 18451 2873 6979 232782 3163 2602 100683 2050 1858 11797 8823
internal_value=-1.12081e-05 0.000839466 0.0146353 0.000242637 -0.0087102 -0.00146362 -0.000800491 -0.012859 0.0151256 0.000776948 -0.000514702 -0.0117832 -0.0155024 -0.024907
internal_weight=96358.5 60769.9 2510.22 58259.7 3272.54 35588.5 33641.5 1947 1637.48 54987.2 40239 3802.55 3416.45 1724.96
internal_count=621184 368935 15921 353014 21324 252249 242107 10142 9325 331690 231007 24528 22478 10681
is_linear=0
shrinkage=0.05


Tree=118
num_leaves=15
num_cat=0
split_feature=27 0 74 73 74 70 68 68 73 68 68 73 73 26
split_gain=57.058 63.5872 55.5438 42.9027 52.2037 38.4268 64.0558 49.1361 37.9683 81.9766 86.1843 45.4998 33.8013 32.9274
threshold=0.76139029860496532 0.022045744583010677 -0.04474180564284324 0.15513609349727633 -0.020243629813194271 -0.00084423349471762766 -0.031177300028502938 -0.018789387308061119 0.32293900847435003 -0.011028180364519356 -0.0030499085551127787 0.28004266321659094 0.86026260256767284 0.044329483062028892
decision_type=2 2 2 2 2 2 10 10 2 10 10 2 2 8
left_child=1 -1 -2 -3 -5 6 -6 -8 11 -10 -11 -7 -4 -14
right_child=2 3 12 4 5 8 7 -9 9 10 -12 -13 13 -15
leaf_value=-0.0085703874664128706 -0.01501484662613267 0.0074540735847039687 0.0011794766062965222 -0.014751124412946404 -0.0089094453610821852 -0.0010205543436624654 0.018226849396859267 0.0021551796695205949 -0.015024511742983812 0.014050120316563469 -0.0030019377291596091 0.0185234302839167 0.0033569734618092172 -0.012743625107891093
leaf_weight=3048.3794502206147 535.22667733766139 1421.7843462973833 63082.712351221591 705.84233552217484 1260.0497005879879 870.44359789043665 498.21579922735691 7490.4274266064167 1325.0018255114555 774.46064449101686 13410.671273157001 441.90565602481365 498.74642818979919 847.61320540867746
leaf_count=57479 2388 6362 401130 3371 6193 4165 2544 40059 7025 4215 74804 2098 3085 5592
internal_value=3.29561e-05 -0.00172241 0.000877403 -0.000979342 -0.00142975 -0.00106357 0.00152424 0.00317903 -0.00248637 -0.00317807 -0.00206171 0.00565078 0.00101173 -0.00679853
internal_weight=96211.5 31247.2 64964.3 28198.8 26777 26071.2 9248.69 7988.64 16822.5 15510.1 14185.1 1312.35 64429.1 1346.36
internal_count=620510 208315 412195 150836 144474 141103 48796 42603 92307 86044 79019 6263 409807 8677
is_linear=0
shrinkage=0.05


Tree=119
num_leaves=15
num_cat=0
split_feature=27 70 70 71 68 73 71 84 71 71 74 74 73 68
split_gain=40.1466 37.0126 126.076 288.291 82.6902 106.965 76.0477 69.1181 97.0399 158.776 138.036 103.8 107.952 67.4594
threshold=0.46177376806735998 0.01310931518673897 0.012101775966584684 -0.0025536864995956417 0.044384431093931205 0.70611578226089489 0.027932408265769485 3.5000000000000004 0.016177100129425529 -0.0071565646212548009 0.026288209483027462 0.023129852488636974 0.39761251211166387 0.00879424996674061
decision_type=2 2 2 2 10 2 2 2 2 2 2 2 2 10
left_child=-1 2 -2 -4 5 7 -5 8 9 13 -10 12 -11 -3
right_child=1 4 3 6 -6 -7 -8 -9 10 11 -12 -13 -14 -15
leaf_value=-0.0044849999525699881 0.00027461928655475473 -0.01016969485791226 0.049092932209469156 -0.0070833231598315186 -0.014950901365703602 0.023408930892887078 0.019698977367027908 -0.013887440538996064 -0.015811930434457243 0.0059317484839734591 0.010632535656341976 -0.0049550963550216293 0.03476479205610962 0.011369665685322824
leaf_weight=4756.1431084591895 80906.726963305846 1511.2368944883347 426.47072227858007 810.46382534317672 1207.4205911718309 416.71179414726794 381.6135649997741 1091.1854081451893 1693.1461458057165 571.08493557013571 686.66278037428856 458.90621098317206 757.36092518828809 468.58928724005818
leaf_count=29573 533748 7481 2227 5212 7064 2382 2186 5795 9343 2905 3294 2384 4401 2417
internal_value=-1.12435e-05 0.000222052 0.000551906 0.0143259 -0.00284668 -0.000920446 0.00158291 -0.00235149 -0.000284447 0.00470494 -0.00816916 0.0154675 0.0225067 -0.0050402
internal_weight=96143.7 91387.6 82525.3 1618.55 8862.3 7654.88 1192.08 7238.17 6146.99 3767.18 2379.81 1787.35 1328.45 1979.83
internal_count=620412 590839 543373 9625 47466 40402 7398 38020 32225 19588 12637 9690 7306 9898
is_linear=0
shrinkage=0.05


Tree=120
num_leaves=15
num_cat=0
split_feature=27 4 72 71 72 72 69 72 71 72 72 74 1 68
split_gain=46.5813 41.6339 41.3073 106.16 124.755 73.1685 132.52 118.827 113.401 78.8749 71.3374 54.2853 53.4006 52.8573
threshold=0.53100910782814037 0.17500000447034839 0.0045173054095357665 0.016177100129425529 0.0040517377201467761 0.0054081864655017861 0.13316312432289126 0.0052171091083437213 0.011598585173487665 0.0059653329662978658 0.0056194046046584853 0.0022832845570519571 0.018066734075546268 0.029995103366672996
decision_type=2 8 10 2 8 10 8 10 2 10 10 2 10 10
left_child=1 -1 3 -2 12 6 7 11 13 10 -7 -4 -5 -9
right_child=2 -3 5 4 -6 9 -8 8 -10 -11 -12 -13 -14 -15
leaf_value=-0.0075186293259854363 -0.0050032147403991306 -0.00043773752748505482 0.0036840739944577396 0.045915009026068931 -0.012128765952559966 0.0011021058687852154 0.028389807836037329 0.016862431829790029 0.038916408476395131 0.00071418375873933109 -0.011903596237337097 -0.0081887720860340917 0.012299464450435303 -0.0084079228803775052
leaf_weight=3627.4770989865065 7003.4440218601376 4838.7386273667216 2781.7638068981469 240.90663033910096 273.1245031747967 1857.7957055419683 587.11958843842149 496.75359390676022 394.77687500230968 69681.465600981377 2423.2701279949397 1459.5412116590887 242.17608255147934 341.66783372685313
leaf_count=32430 63770 21314 23051 3090 2162 14222 4282 4262 3035 414250 18344 12512 1266 2646
internal_value=6.27211e-05 -0.00347694 0.000404457 -0.00307629 0.0146019 0.000742315 0.00601885 0.00357226 0.017166 0.00030912 -0.00627027 -0.000411326 0.0296543 0.00658671
internal_weight=96250 8466.22 87783.8 7759.65 756.207 80024.2 6061.62 5474.5 1233.2 73962.5 4281.07 4241.31 483.083 838.421
internal_count=620636 53744 566892 70288 6518 496604 49788 45506 9943 446816 32566 35563 4356 6908
is_linear=0
shrinkage=0.05


Tree=121
num_leaves=15
num_cat=0
split_feature=73 71 72 70 73 73 4 71 73 70 68 73 71 72
split_gain=41.3756 77.0839 137.806 79.1384 83.1404 120.749 84.3428 77.9193 81.5634 101.455 73.9683 142.609 196.719 150.741
threshold=0.68243443965911876 0.055846257135272033 0.016764153726398948 -0.011970254592597483 0.78959435224533092 0.81096738576889049 0.19166667014360431 -0.0022230142494663592 0.80214941501617443 0.0051559910643845805 0.033686492592096336 0.66087317466735851 -0.0055391199421137563 0.0074866386130452165
decision_type=2 2 10 2 2 2 8 2 2 2 10 2 2 10
left_child=10 2 3 -2 -5 7 -7 -6 9 -9 -1 12 -12 -14
right_child=1 -3 -4 4 5 6 -8 8 -10 -11 11 -13 13 -15
leaf_value=3.3555117504528554e-05 0.019820263985064653 0.021223684239666529 -0.017430206010423516 -0.0037968422945802113 -0.0061791714345175641 -0.0081684950986964933 0.0045437069552524854 0.027940946603280198 0.036162072961285124 -0.0048818438560042157 0.037104562275127775 -0.0081673507348812239 0.011441437924611185 -0.0063730268122730574
leaf_weight=64887.0321099516 428.52394842356443 347.44366903789341 1382.2702599857002 14538.848408359103 370.97859176062047 2296.3266619611531 2995.0627900436521 435.60218215174973 472.25197237916291 493.84571439959109 545.07691513560712 1565.603339381516 3769.3308943044394 1723.822147520259
leaf_count=404519 2519 1773 7398 109302 2282 20247 14126 3307 3190 3245 2570 10284 24994 10917
internal_value=-1.29039e-05 -0.00182315 -0.00217407 -0.00120941 -0.00163554 0.0028118 -0.000978063 0.0140664 0.0194305 0.0106348 0.000580632 0.00524291 0.00872771 0.00584961
internal_weight=96252 23761.2 23413.7 22031.4 21602.9 7064.07 5291.39 1772.68 1401.7 929.448 72490.9 7603.83 6038.23 5493.15
internal_count=620673 167389 165616 158218 155699 46397 34373 12024 9742 6552 453284 48765 38481 35911
is_linear=0
shrinkage=0.05


Tree=122
num_leaves=15
num_cat=0
split_feature=72 72 74 71 69 69 71 71 69 74 74 71 71 72
split_gain=42.8612 94.132 53.8847 93.3941 42.2209 99.9339 147.129 243.691 48.5495 141.687 336.274 136.336 189.921 151.638
threshold=0.054642656818032272 0.048988671973347671 -0.04474180564284324 -0.10309150815010069 -0.13803395628929135 -0.10806193202733992 0.01482114475220442 -0.0071565646212548009 -0.048130543902516358 -0.016525688581168648 -0.010656348429620264 -0.0094460952095687372 0.048369815573096282 0.015731807798147205
decision_type=8 10 2 2 8 8 2 2 8 2 2 2 2 10
left_child=1 2 -1 -4 -5 6 7 -6 9 -7 -11 -12 13 -13
right_child=-2 -3 3 4 5 8 -8 -9 -10 10 11 12 -14 -15
leaf_value=-0.015845040166999818 -0.015973073402542386 0.021859106226810112 0.026841419865986885 0.010327316050543288 -0.013973602827554235 0.020901798583683275 -0.033669955724588779 0.028095868729428652 -0.00019992540257636484 -0.03384385734762755 -0.0076275707306894345 0.03566571095890933 -0.017695040917361383 0.0090095217830636204
leaf_weight=526.55683384463191 408.23803348653018 483.03997389040887 314.05093450471759 960.64543726295233 1385.6488995701075 1064.3057676255703 514.62914393935353 447.05477089248598 85129.80565276742 602.05598499253392 1328.3665821719915 745.29203693382442 463.87290580943227 1853.5343735106289
leaf_count=2360 1722 2045 1319 4083 6348 4867 2686 2120 568358 3029 6430 3984 2423 9231
internal_value=-1.6107e-06 6.80957e-05 -4.45943e-05 4.48209e-05 -4.70672e-05 -0.00015471 -0.0103189 -0.00361474 0.000108039 0.0044293 0.00088336 0.00571087 0.0115021 0.0167614
internal_weight=96227.1 95818.9 95335.8 94809.3 94495.2 93534.6 2347.33 1832.7 91187.2 6057.43 4993.12 4391.07 3062.7 2598.83
internal_count=621005 619283 617238 614878 613559 609476 11154 8468 598322 29964 25097 22068 15638 13215
is_linear=0
shrinkage=0.05


Tree=123
num_leaves=15
num_cat=0
split_feature=72 72 74 22 14 54 74 74 69 68 73 69 73 73
split_gain=43.1011 75.5269 40.187 37.5301 33.5299 49.3056 53.3055 50.0311 109.017 75.9872 91.5378 71.713 76.3412 72.5398
threshold=0.054642656818032272 0.048988671973347671 -0.04474180564284324 91.349990844726577 -0.17581600695848462 0.31883390247821813 0.01787667348980904 -0.0078223629388958198 0.091602779924869551 0.0073693019803613433 0.69692751765251171 0.098625801503658309 0.79234716296195995 0.63641542196273815
decision_type=8 10 2 10 8 8 2 2 10 10 2 8 2 2
left_child=1 2 -1 4 -4 -6 7 8 -7 -10 -11 -9 13 -13
right_child=-2 -3 3 -5 5 6 -8 11 9 10 -12 12 -14 -15
leaf_value=-0.013554214129743598 -0.015899973993068986 0.019736297768886343 0.0033044374394989246 -0.0037673137898144044 -0.0015786832735297327 0.0005604071812657733 0.0079717739255885673 0.0016346871793883008 0.031828840772906576 0.0032613004762196383 0.028518910840005837 -0.00094830571794175984 0.0045737238222067151 -0.0083908840666760704
leaf_weight=530.90691244788468 410.85151734948158 478.99461626820266 8754.913873989135 5836.5871137389913 29477.036152225919 6602.3459695801139 2585.7472807448357 22892.851619598456 424.56080680526793 1652.1064678691328 449.40184758789837 7193.2368495874107 2929.2213639691472 6003.2154645081609
leaf_count=2398 1731 2027 38305 45744 219048 35408 13030 146677 2042 9329 2367 45142 18315 39304
internal_value=6.6107e-05 0.000136224 3.56841e-05 0.000113212 0.000368191 4.73273e-05 0.000992207 0.00061579 0.00394592 0.0127575 0.00877206 -0.000164108 -0.0027172 -0.00433781
internal_weight=96222 95811.1 95332.1 94801.2 88964.6 80209.7 50732.7 48146.9 9128.42 2526.07 2101.51 39018.5 16125.7 13196.5
internal_count=620867 619136 617109 614711 568967 530662 311614 298584 49146 13738 11696 249438 102761 84446
is_linear=0
shrinkage=0.05


Tree=124
num_leaves=15
num_cat=0
split_feature=72 72 2 27 2 2 1 72 70 68 70 70 72 71
split_gain=41.9398 79.9397 39.7709 36.6631 46.1496 40.7899 46.0695 44.2626 116.629 95.2786 70.6907 139.262 114.105 107.219
threshold=0.054642656818032272 0.048988671973347671 0.011155229993164541 1.3922215700149538 0.060819270089268691 0.059764072299003608 0.06283311173319818 0.019159799441695217 -0.0061706644482910624 -0.073404144495725618 -0.0087573928758501989 -0.0068812647368758908 0.017287199385464195 -0.047380616888403886
decision_type=8 10 2 2 2 2 10 10 2 8 2 2 10 2
left_child=1 2 -1 5 -5 6 7 9 -9 -4 12 -12 -11 -13
right_child=-2 -3 3 4 -6 -7 -8 8 -10 10 11 13 -14 -15
leaf_value=-0.016331687717525297 -0.015797115824101284 0.020319788347357044 0.014510389268924648 0.0031987894341993189 -0.0058297630853691553 0.0026289083526860931 -0.014038952638321653 0.0084361317386919873 -0.013308692630140662 -0.0037310613035078503 0.011332009391210981 -0.026958969781476563 -0.031734994839983023 -0.00044302993658847735
leaf_weight=366.05631727166474 412.05621110089123 471.54495921172202 1032.3915743045509 13297.62245522812 1574.5991879552603 9403.4643683731556 648.45820898190141 874.25855437479913 2038.119398124516 8044.1414335425943 2536.4839759469032 373.92129002511501 371.30932411551476 54715.265141399577
leaf_count=14666 1745 1999 4624 76781 6371 38123 2868 3954 10382 47160 16102 1988 2028 391740
internal_value=-7.02163e-05 -8.91908e-07 -0.000103586 -3.92822e-05 0.00223961 -0.000462962 -0.000874893 -0.000750932 -0.00677464 -0.000488408 -0.000725039 -9.95611e-05 -0.00500286 -0.000627869
internal_weight=96159.7 95747.6 95276.1 94910 14872.2 80037.8 70634.3 69985.9 2912.38 67073.5 66041.1 57625.7 8415.45 55089.2
internal_count=620531 618786 616787 602121 83152 518969 480846 477978 14336 463642 459018 409830 49188 393728
is_linear=0
shrinkage=0.05


Tree=125
num_leaves=15
num_cat=0
split_feature=0 8 73 68 74 74 74 68 69 74 69 73 68 68
split_gain=44.9178 42.011 34.2788 100.881 84.351 97.9244 81.2746 110.233 76.5877 148.826 62.0754 148.665 83.7927 166.767
threshold=0.012800076045095922 1.0000000180025095e-35 0.6275133788585664 0.048873467370867736 -0.021459922194480893 0.00033635373983997857 0.01787667348980904 0.053573144599795348 0.016572262160480026 -0.0014368261327035723 0.11515964940190317 0.60764318704605114 0.011063221842050554 0.010503562167286875
decision_type=2 2 2 10 2 2 2 10 8 2 10 2 10 10
left_child=-1 2 3 10 -4 8 -7 -8 9 -6 12 -12 13 -2
right_child=1 -3 4 -5 5 6 7 -9 -10 -11 11 -13 -14 -15
leaf_value=-0.016709904580560164 -0.00020917540710112075 0.0030872952979143801 -0.026140917420131776 0.02682868677767386 0.0030065055045114487 -0.0047617992466608208 0.021016115578630475 -0.0060605610029428941 0.00052944331647065686 0.038153637680848472 -0.010267819636002809 0.017200955641778492 0.0039690335476081856 -0.031335159020692914
leaf_weight=394.16122512705624 36600.183306602761 9837.4277744051069 338.90449930168688 348.3730089366436 1124.9829987064004 16616.058306574821 736.66468720883131 749.99357385747135 10880.916191650555 402.30155361257493 3155.0352366361767 574.02816469222307 13961.58767361939 425.45393025875092
leaf_count=17167 204586 69539 1776 2171 6411 117362 3806 4046 73967 2302 20403 3522 90838 2778
internal_value=-7.62688e-05 -6.05892e-06 -0.000360574 0.000386988 -0.00169461 -0.00141459 -0.0037589 0.00740717 0.00200587 0.0124526 0.000213765 -0.00600476 0.000669659 -0.000575202
internal_weight=96146.1 95751.9 85914.5 55064.7 30849.8 30510.9 18102.7 1486.66 12408.2 1527.28 54716.3 3729.06 50987.2 37025.6
internal_count=620674 603507 533968 324298 209670 207894 125214 7852 82680 8713 322127 23925 298202 207364
is_linear=0
shrinkage=0.05


Tree=126
num_leaves=15
num_cat=0
split_feature=27 2 72 71 73 73 69 57 84 72 74 69 72 73
split_gain=43.8817 60.0556 53.6099 112.104 100.531 95.5432 141.624 58.7798 50.8936 49.3382 63.3023 60.1214 43.837 43.3502
threshold=1.3922215700149538 0.061962293460965163 0.0045173054095357665 0.016177100129425529 0.68756550550460827 0.55222755670547496 0.054229855537414558 0.0078053213655948648 3.5000000000000004 0.0034436949063092475 -0.0014368261327035723 0.061183419078588493 0.0036565227201208477 0.60551476478576671
decision_type=2 2 10 2 2 2 8 10 2 10 2 8 10 2
left_child=2 -2 3 5 -5 8 -7 -4 -1 10 -8 -11 -13 -14
right_child=1 -3 7 4 -6 6 9 -9 -10 11 -12 12 13 -15
leaf_value=-0.025809274467334081 0.0035165141310671078 -0.0068872427800076436 -0.0039110629888957768 0.040656719889588459 0.00027007726217553906 0.027567134227474956 0.019374784221663215 0.00042431642526516254 -0.00023984160183370022 0.0044177827620428467 -0.0046511109368658089 -0.027487421397227665 0.00038897964852444619 -0.013883375440458937
leaf_weight=850.51659833732992 13500.452320843935 1536.5158757567406 8871.9643089408055 230.88446357101202 427.99877713061869 325.53979932330549 373.96688414551318 65277.75883323513 251.72536277398467 670.09906212612987 949.68628198467195 393.89249683730304 756.67061761021614 1777.872247332707
leaf_count=7412 79417 6223 78382 1654 4223 3407 3926 390995 2124 6388 10422 3771 6324 16144
internal_value=-3.04804e-05 0.00244956 -0.000490225 -0.0046668 0.0148185 -0.00670875 -0.00387912 -9.48662e-05 -0.0200245 -0.00601057 0.00223122 -0.00903993 -0.012124 -0.00963768
internal_weight=96195.5 15037 81158.6 7008.85 658.883 6349.97 5247.73 74149.7 1102.24 4922.19 1323.65 3598.53 2928.44 2534.54
internal_count=620812 85640 535172 65795 5877 59918 50382 469377 9536 46975 14348 32627 26239 22468
is_linear=0
shrinkage=0.05


Tree=127
num_leaves=15
num_cat=0
split_feature=53 54 53 27 15 70 70 26 68 70 70 68 70 70
split_gain=34.7554 36.0486 54.3299 47.1387 43.7961 56.8005 45.5413 37.3807 39.6431 36.0739 44.7952 44.536 36.166 73.3783
threshold=-0.0090991645120084268 0.59860688447952282 -0.099948670715093599 1.2491852045059206 16.579342842102054 -0.0085004726424813253 -0.0068812647368758908 -0.20080501586198804 -0.13279618322849271 0.01310931518673897 0.012101775966584684 0.063508495688438429 0.01074507972225547 0.010278460104018452
decision_type=10 10 10 2 8 2 2 10 10 2 2 10 2 2
left_child=1 2 4 -4 5 -1 -7 -6 -9 10 11 12 13 -10
right_child=-2 -3 3 -5 7 6 -8 8 9 -11 -12 -13 -14 -15
leaf_value=-0.0050725234372379982 -0.0064149614753537089 0.001464534260124801 -0.0059298451138548513 0.0021623810170957156 0.0016682054033117242 0.018665942259583148 0.0033077426184099945 0.015017022730444265 -0.001349655849614582 -0.0071314094518558288 0.012890513886178718 -0.015941083044869266 -0.013515432779456327 0.021841121978772207
leaf_weight=2026.339695552364 2151.5787338307127 28963.451676011086 7684.5674955453724 2343.2586512360722 11257.578795343637 498.11918722838163 9919.8306689541787 341.19232444092631 26028.747048744932 2947.678713792935 533.61058703344315 521.33798630163074 584.74811815656722 335.64475372806191
leaf_count=10907 24890 147499 96286 22180 50802 2801 64160 1447 170653 16326 3356 3441 3833 2108
internal_value=-0.000146538 -2.37064e-06 -0.000655908 -0.00403862 -3.84783e-05 0.00256943 0.00405927 -0.00080161 -0.00169037 -0.00187933 -0.00132416 -0.00160487 -0.00132172 -0.00104625
internal_weight=96137.7 93986.1 65022.7 10027.8 54994.8 12444.3 10417.9 42550.5 31293 30951.8 28004.1 27470.5 26949.1 26364.4
internal_count=620689 595799 448300 118466 329834 77868 66961 251966 201164 199717 183391 180035 176594 172761
is_linear=0
shrinkage=0.05


Tree=128
num_leaves=15
num_cat=0
split_feature=2 22 64 68 1 69 69 71 2 73 73 68 71 74
split_gain=42.2783 35.3057 32.8341 38.5103 32.7244 49.3209 168.837 35.9132 35.8067 33.7427 122.693 63.5971 85.5041 94.958
threshold=0.011155229993164541 91.613761901855483 0.068011384457349791 -0.013004001695662735 0.017399452626705173 0.15019908547401431 0.1405192241072655 -0.0012499578297138212 0.021695308387279514 0.45168524980545049 0.44474020600318914 0.017426433041691784 0.01463519409298897 0.0037459005834534769
decision_type=2 8 2 10 8 8 10 2 2 2 2 10 2 2
left_child=-1 4 3 -3 5 6 9 -7 -6 10 11 12 13 -2
right_child=1 2 -4 -5 8 7 -8 -9 -10 -11 -12 -13 -14 -15
leaf_value=-0.017002013484354237 2.9062925733457797e-05 -0.021683459292418994 0.0013983944808332214 -0.004798744038675056 -0.0068174770721281894 0.003375210191756062 0.039960683565682387 -0.011459664943265448 3.881264057162605e-05 0.00090144759357655552 0.038006958666164853 0.023170332920295803 -0.018378421712050216 0.01644399781589646
leaf_weight=350.81765913683921 3369.4699801634997 369.97825849242508 1988.01602804102 3153.7726527098566 1950.5964654553682 640.12295777536929 290.37507208995521 1097.1155953146517 66269.063060544431 14357.088914668187 265.60951306670904 382.52388756163418 446.45889559201896 1182.9835835248232
leaf_count=14506 27239 2393 10077 29577 17284 6753 2572 12714 315908 161325 2548 3705 4293 9578
internal_value=8.1169e-05 0.00014552 -0.00373565 -0.00662791 0.000382935 0.00205783 0.00275067 -0.0060054 -0.000158199 0.00219084 0.00546162 0.00378778 0.0022613 0.00432128
internal_weight=96114 95763.2 5511.77 3523.75 90251.4 22031.7 20294.5 1737.24 68219.7 20004.1 5647.05 5381.44 4998.91 4552.45
internal_count=620472 605966 42047 31970 563919 230727 211260 19467 333192 208688 47363 44815 41110 36817
is_linear=0
shrinkage=0.05


Tree=129
num_leaves=15
num_cat=0
split_feature=72 72 69 69 72 71 69 71 71 68 69 68 73 69
split_gain=36.122 66.902 42.7077 38.0889 130.946 80.0037 69.4336 151.567 216.868 42.16 41.4141 178.409 147.84 82.312
threshold=0.054642656818032272 0.048988671973347671 -0.16990498453378675 -0.13803395628929135 0.018922424875199798 -0.10309150815010069 -0.10806193202733992 0.01482114475220442 -0.0071565646212548009 -0.092823620885610567 -0.074722439050674425 -0.0263234619051218 0.24176231026649478 -0.071637030690908418
decision_type=8 10 8 8 10 2 8 2 2 10 8 10 2 8
left_child=1 2 -1 4 -4 -5 7 8 9 -7 11 12 -8 -12
right_child=-2 -3 3 5 -6 6 10 -9 -10 -11 13 -13 -14 -15
leaf_value=-0.016226581981362505 -0.01434214896897147 0.018460726884769827 0.028319742225561374 0.024850044390386111 -0.0084864088574187063 -0.00050870660709942037 0.0088927432655338777 -0.032489644832385499 0.027801747487443459 -0.018206482512152025 -0.020099216868433769 0.025604039450401846 -0.019248252126481988 -1.8946817351748889e-05
leaf_weight=396.30828093737364 428.33033764176071 480.60055998899043 472.4096967279911 310.64759971946478 477.10317591764033 540.47269269637764 1176.5223139617592 508.88415175117552 453.36859920807183 884.31460454873741 503.32107952237129 811.97849300131202 759.49088082276285 88037.247544875368
leaf_count=1640 1807 2046 2019 1355 2055 2366 5462 2700 2136 4171 2481 4211 3857 583061
internal_value=-2.14486e-05 4.40621e-05 -5.0709e-05 1.8519e-05 0.00993 -8.26593e-05 -0.000167985 -0.00856817 -0.00194894 -0.0115434 5.25801e-05 0.00608633 -0.00218905 -0.000135353
internal_weight=96241 95812.7 95332.1 94935.8 949.513 93986.2 93675.6 2387.04 1878.16 1424.79 91288.6 2747.99 1936.01 88540.6
internal_count=621367 619560 617514 615874 4074 611800 610445 11373 8673 6537 599072 13530 9319 585542
is_linear=0
shrinkage=0.05


Tree=130
num_leaves=15
num_cat=0
split_feature=72 72 5 54 14 68 69 70 70 69 70 72 68 69
split_gain=38.968 63.0655 36.7379 34.2348 65.3012 50.967 37.5814 106.657 71.1592 89.2026 118.631 123.486 105.1 85.2409
threshold=0.054642656818032272 0.048988671973347671 0.65865537524223339 0.28126688301563268 -0.069325450807809816 0.063508495688438429 0.10162366926670076 0.016850572079420093 0.010606001596897842 0.12770455330610278 -0.007814700482413171 0.0051130149513483056 0.040859015658497817 0.16022191196680072
decision_type=8 10 2 8 10 10 8 2 2 10 2 10 10 10
left_child=1 2 -1 4 5 -4 -5 8 9 -8 -11 -12 -13 -14
right_child=-2 -3 3 6 -6 -7 7 -9 -10 10 11 12 13 -15
leaf_value=-0.017017282566600039 -0.015043609337107182 0.017950555705982633 0.0014809180569186943 0.0015148999034786642 -0.0034469340835800843 -0.016531113649039045 -0.0029175690793768242 0.022420805885100162 -0.010977458817341471 0.030435979295164912 0.029045548051519456 0.0096789878034247781 -0.009287367248931467 0.015394133882081232
leaf_weight=310.35513971932232 423.69064096175134 475.62637603655457 15049.764448385686 41043.086971132085 17518.353000926785 393.28858247771859 13192.98304394912 461.61257951334119 1841.8417352177203 403.63484534621239 394.87978855520487 1794.5923955403268 2425.7808147482574 399.22535563260317
leaf_count=2373 1798 2025 79029 251797 148218 2478 88594 2391 10887 2103 2565 9876 14181 2234
internal_value=-8.97914e-05 -2.20253e-05 -0.000113665 -5.66091e-05 -0.00135826 0.0010118 0.000635973 -0.00108875 -0.00163004 -0.000699581 0.00469659 0.00256828 0.000247172 -0.00575742
internal_weight=96128.7 95705 95229.4 94919 32961.4 15443.1 61957.6 20914.6 20452.9 18611.1 5418.11 5014.48 4619.6 2825.01
internal_count=620549 618751 616726 614353 229725 81507 384628 132831 130440 119553 30959 28856 26291 16415
is_linear=0
shrinkage=0.05


Tree=131
num_leaves=15
num_cat=0
split_feature=53 27 74 71 71 69 69 71 69 74 74 71 69 71
split_gain=37.1344 35.3147 29.9447 29.3852 97.1757 67.181 47.8285 110.16 50.6974 62.9676 93.62 91.0584 47.0075 157.242
threshold=-0.013863332103937863 1.0389963984489443 -0.04474180564284324 0.048369815573096282 -0.10309150815010069 -0.037229469045996659 -0.13803395628929135 -0.0302647091448307 -0.10806193202733992 -0.011244505643844603 0.00073325508856214594 -0.031295219436287873 -0.048130543902516358 -0.010356053709983824
decision_type=10 2 2 2 2 10 8 2 8 2 2 2 8 2
left_child=2 -2 -1 4 -4 -5 7 -6 9 11 -11 -8 13 -10
right_child=1 -3 3 5 6 -7 8 -9 12 10 -12 -13 -14 -15
leaf_value=-0.011087225725442473 -0.0099197283547016856 0.00034846623242658364 0.02756665589962597 -0.014199384546397353 -0.002176871351140417 0.003043171013410595 -0.030798810066411421 0.028418345643830736 -0.0045822290959233025 0.01586481197452911 -0.010604207917660936 -1.8317442215799645e-05 1.3841863409535432e-05 0.012295758636258616
leaf_weight=579.57463109493256 1810.5219880584627 1549.2942189462483 316.97414004057646 1098.5183932892978 731.95090952515602 1146.078123120591 521.50912326946855 480.501429669559 2486.5451458077878 538.21526659745723 845.2081514056772 438.52945813536644 80562.824036356993 3079.3871428836137
leaf_count=2615 23450 14346 1318 5317 3078 6349 2403 2091 11866 2597 3901 2096 524350 15409
internal_value=-4.18372e-05 -0.00519783 0.000145323 0.00021709 0.000358288 -0.00542099 0.000259062 0.0100815 0.000123328 -0.00711698 -0.00026659 -0.0168839 0.000321132 0.00476093
internal_weight=96185.6 3359.82 92825.8 92246.2 90001.6 2244.6 89684.7 1212.45 88472.2 2343.46 1383.42 960.039 86128.8 5565.93
internal_count=621186 37796 583390 580775 569109 11666 567791 5169 562622 10997 6498 4499 551625 27275
is_linear=0
shrinkage=0.05


Tree=132
num_leaves=15
num_cat=0
split_feature=73 69 72 12 68 72 72 17 72 68 69 68 72 73
split_gain=37.2009 161.007 74.5907 69.4753 65.2489 60.93 132.519 131.154 104.077 54.6578 121.734 105.524 150.699 116.156
threshold=0.68243443965911876 0.1405192241072655 0.016764153726398948 0.093474447727203383 0.051178034394979484 0.013532779179513456 0.012516566552221777 58.266649246215827 0.01230259705334902 0.033686492592096336 0.11515964940190317 0.038486476987600333 0.0045173054095357665 0.64219424128532421
decision_type=2 10 10 8 10 10 10 10 10 10 10 10 10 2
left_child=1 9 5 4 -4 6 8 -7 -2 10 -1 12 -11 -13
right_child=2 -3 3 -5 -6 7 -8 -9 -10 11 -12 13 -14 -15
leaf_value=0.00044123180272663147 -0.0016757686519418673 0.030934625828231862 -0.0070035357338423896 0.0051317079862945418 -0.030830389969694134 0.026340071579807792 -0.025337581126473736 -0.0037327984794290302 0.02012312322037204 -0.011534915254258907 -0.0080949239440136437 0.0068060388241745432 0.018018418977694191 -0.0093845629113537173
leaf_weight=60237.845220626332 19462.595295457169 421.74059130623937 603.80063209496439 416.81682951375842 551.84549269638956 608.38706083968282 568.5431475546211 871.25305848941207 553.42103244736791 529.91033975128084 4477.7582500101998 2524.4743370870128 2178.2451424701139 1957.9483026470989
leaf_count=375093 144455 2534 3169 2243 3057 3049 3870 4400 3140 3809 28760 15844 14565 12200
internal_value=-7.07583e-05 0.000492041 -0.0017924 -0.0122786 -0.0185482 -0.00103985 -0.00174574 0.00872615 -0.00106331 0.000309214 -0.000150556 0.00444163 0.0122145 -0.000271258
internal_weight=95964.6 72327.9 23636.7 1572.46 1155.65 22064.2 20584.6 1479.64 20016 71906.2 64715.6 7190.58 2708.16 4482.42
internal_count=620188 452805 167383 8469 6226 158914 151465 7449 147595 450271 403853 46418 18374 28044
is_linear=0
shrinkage=0.05


Tree=133
num_leaves=15
num_cat=0
split_feature=8 26 65 69 69 74 74 71 84 74 72 71 71 74
split_gain=34.9727 35.415 41.1854 38.9222 78.917 74.0917 81.7563 84.4398 92.7662 86.1687 106.927 83.0136 79.1814 78.9995
threshold=1.0000000180025095e-35 -0.23853577673435208 -0.07052218914031981 0.03457372076809407 0.027364170178771022 0.020833185873925689 0.014787571970373394 -0.010008481796830891 3.5000000000000004 0.0029647742630913858 0.0084593114443123358 -0.0027800030075013633 -0.012464510276913641 -0.001363274175673723
decision_type=2 8 10 10 10 2 2 2 2 2 10 2 2 2
left_child=1 -1 -3 4 -4 6 7 8 9 10 13 -9 -12 -5
right_child=-2 2 3 5 -6 -7 -8 11 -10 -11 12 -13 -14 -15
leaf_value=0.0026571369630339486 0.0027361798891156748 -0.0029377506374068945 -0.0009339635300027768 -0.0073013286482691668 -0.012238417572712915 0.017752696933434117 -0.011351700427631072 -0.0065582830075294231 0.019713723931108582 -0.0096260349865241908 0.010164968811430499 0.0010111429516799755 0.035838430338901051 0.01503158281371759
leaf_weight=8531.7176905982196 9909.3473745621741 16655.11268864572 21579.951310311444 1456.0256075393409 1653.0514630470425 627.92520732432604 1375.3188902381808 4208.3709244811907 1071.0016478346661 985.8328420445323 1548.6660120654851 25616.036038003862 367.40518727898598 532.57752895727754
leaf_count=36276 73447 90124 130847 9841 11354 3436 8389 31514 6662 5920 8470 198777 2098 3765
internal_value=-7.53811e-05 -0.000398838 -0.000734791 -0.000133142 -0.00174321 0.000856934 0.000566742 0.00102783 0.00645497 0.00351705 0.00685147 -5.87806e-05 0.0152483 -0.00127496
internal_weight=96118.3 86209 77677.3 61022.2 23233 37789.2 37161.2 35785.9 5961.51 4890.51 3904.67 29824.4 1916.07 1988.6
internal_count=620920 547473 511197 421073 142201 278872 275436 267047 36756 30094 24174 230291 10568 13606
is_linear=0
shrinkage=0.05


Tree=134
num_leaves=15
num_cat=0
split_feature=5 60 72 72 23 68 72 70 68 68 69 69 69 68
split_gain=34.089 31.6682 31.1168 68.8486 32.2471 40.2234 36.2712 113.917 133.656 108.327 127.172 95.2161 196.272 87.4669
threshold=0.71871814131736766 2.5000000000000004 0.054642656818032272 0.048988671973347671 -0.087251421064138399 -0.13279618322849271 0.019159799441695217 -0.0061706644482910624 -0.073404144495725618 -0.073404144495725618 -0.11406314745545386 -0.12003959342837332 -0.099529262632131563 -0.079467378556728349
decision_type=2 8 8 10 2 8 10 2 10 8 10 8 8 10
left_child=1 -1 3 4 -2 -6 9 13 -9 10 -7 -11 -13 -8
right_child=2 -3 -4 -5 5 6 7 8 -10 11 -12 12 -14 -15
leaf_value=-0.01879917241870302 -0.0082164442886447035 0.0017389373777859951 -0.013285005665855576 0.018772642256774216 0.013360042454864583 0.0032714963042540304 0.025546544611826441 -0.028977056677698239 -0.0038375997715431134 0.022788861215467346 0.034543351940536121 -0.026656610739134959 0.00021988994502992359 -0.002753972599381723
leaf_weight=447.29586516041309 1136.8367117494345 315.69076784327626 418.80103818699718 487.14761760830879 568.72434162907302 962.5108799058944 468.85184383019805 662.52195753715932 2491.8189438153058 451.08495660685003 482.79073543474078 674.71230488270521 85717.808109336533 631.1485438067466
leaf_count=3604 4749 1311 1771 2081 2404 4239 2029 2961 12280 2096 2195 3517 571470 2851
internal_value=6.88392e-05 -0.0103888 0.000153776 0.000214581 0.000116677 0.000219291 0.000137099 -0.00436677 -0.00919265 0.000354595 0.0138832 0.000127872 6.92773e-06 0.00943
internal_weight=95917.7 762.987 95154.8 94736 94248.8 93112 92543.2 4254.34 3154.34 88288.9 1445.3 86843.6 86392.5 1100
internal_count=619558 4915 614643 612872 610791 606042 603638 20121 15241 583517 6434 577083 574987 4880
is_linear=0
shrinkage=0.05


Tree=135
num_leaves=15
num_cat=0
split_feature=2 27 68 74 1 74 68 69 84 69 13 2 4 74
split_gain=32.4604 29.5886 51.822 102.604 43.2276 37.3413 118.054 96.8211 72.5175 59.8258 41.0617 35.0169 34.5238 34.1798
threshold=0.011155229993164541 1.2491852045059206 -0.092823620885610567 -0.0033941919682547446 0.0097120706923306006 -0.017927798442542549 0.036254467442631728 -0.087929502129554735 3.5000000000000004 -0.015334761701524256 -0.012525906320661305 0.088446721434593215 0.025000001303851608 0.00745898555032909
decision_type=2 2 8 2 8 2 8 8 2 10 10 2 8 2
left_child=-1 2 3 -2 -3 6 7 -4 9 -9 -11 -6 13 -7
right_child=1 4 5 -5 11 12 -8 8 -10 10 -12 -13 -14 -15
leaf_value=-0.014945119225786016 0.019449116386179757 0.016041983312973001 -0.024695382151507517 -0.0052804951127957663 0.0018051373300720559 -0.0049889241457307006 -0.030642113531458771 0.015682612592453644 -0.014938392317369036 -0.014806890177553201 0.0044457548527997151 -0.0098141282385554984 0.00011286459422790692 0.0032653020749687173
leaf_weight=348.75054379645735 920.41792330518365 508.73232426308095 404.62512039020658 757.48201917484403 19697.574735967442 6422.9785024523735 404.35189586319029 843.67352926917374 540.33755331858993 386.0196171477437 911.62511873058975 660.64612565934658 61583.632958648726 1550.4842920843512
leaf_count=14706 3933 8405 1891 3180 107657 93385 2235 4022 2798 1868 5213 2678 348942 19600
internal_value=6.68453e-05 0.000123171 -0.000341726 0.00831988 0.00178736 -0.000541794 -0.00558064 -0.00220883 0.00126323 0.00540196 -0.0013509 0.00142345 -0.00028816 -0.00338176
internal_weight=95941.3 95592.6 74725.6 1677.9 20867 73047.7 3490.63 3086.28 2681.66 2141.32 1297.64 20358.2 69557.1 7973.46
internal_count=620513 605807 487067 7113 118740 479954 18027 15792 13901 11103 7081 110335 461927 112985
is_linear=0
shrinkage=0.05


Tree=136
num_leaves=15
num_cat=0
split_feature=22 64 59 84 70 70 71 84 71 71 71 74 74 73
split_gain=34.5281 39.9756 33.2718 31.4761 29.8405 99.1128 200.681 60.0967 141.541 92.1814 69.969 108.561 81.701 61.6266
threshold=90.32144927978517 0.019594579935073856 6.5000000000000009 2.5000000000000004 0.01310931518673897 0.012101775966584684 -0.0025536864995956417 2.5000000000000004 0.043650187551975257 0.018040064722299579 -0.00079516592086292792 0.013391949702054264 0.018669389188289646 0.26308701932430273
decision_type=10 2 8 2 2 2 2 2 2 2 2 2 2 2
left_child=2 -2 4 -4 5 -1 -7 9 13 10 11 -6 -12 -9
right_child=1 -3 3 -5 7 6 -8 8 -10 -11 12 -13 -14 -15
leaf_value=0.0004327984760881887 -0.010431363063488248 -0.0013933933712048372 -0.011160264318439347 0.0019983848490712428 -0.019621432542705694 0.042484949961314578 0.0018228096803474298 -0.027241170707315899 0.018082954336526857 -0.008851745244128283 0.02728361249841374 0.0062703806286211559 0.0026955081553773764 -0.0083983142134990817
leaf_weight=77309.476420516148 1557.5023963004351 5593.4615427963436 1205.0634302850813 721.74377222172916 529.82504185754806 415.3528768774122 1062.0202481206506 542.92499787732959 437.08025776594877 1657.5527305258438 630.90313342399895 1609.1134463250637 719.64974414743483 2102.1055082092062
leaf_count=504551 17763 37987 5021 2987 3015 2149 6534 2476 2090 8920 3579 8293 3859 11967
internal_value=-3.36264e-05 -0.00337371 0.000235264 -0.00624643 0.00037949 0.000678821 0.0134635 -0.00248368 -0.00799322 0.000824599 0.00543315 -0.000204605 0.0142978 -0.0123541
internal_weight=96093.8 7150.96 88942.8 1926.81 87016 78786.8 1477.37 8229.15 3082.11 5147.04 3489.49 2138.94 1350.55 2645.03
internal_count=621191 55750 565441 8008 557433 513234 8683 44199 16533 27666 18746 11308 7438 14443
is_linear=0
shrinkage=0.05


Tree=137
num_leaves=15
num_cat=0
split_feature=67 57 70 72 68 72 69 72 69 74 74 70 69 70
split_gain=36.5134 53.6399 54.4546 48.3543 50.6236 45.1876 84.4361 67.7401 64.7462 69.7733 40.6093 55.5501 39.6438 45.2906
threshold=0.011116872541606428 0.0081527661532163637 -0.044312106445431702 0.010506670456379654 -0.00077743190922774364 0.0046206803526729354 0.12230888754129411 0.0037550557171925907 0.10902005061507226 -0.00068372907117009152 0.01120596192777157 0.0073438559193164119 -0.063160825520753847 0.0096410335972905176
decision_type=2 10 2 8 10 10 10 8 8 2 2 2 8 2
left_child=1 3 -3 4 -1 6 7 8 9 -4 -2 -12 -13 -14
right_child=10 2 5 -5 -6 -7 -8 -9 -10 -11 11 12 13 -15
leaf_value=0.016765482270518189 0.00049155815137742428 -0.018550766867907468 0.018860657077463969 -0.011870046785659174 -0.0038734551270818312 0.00025251299125511861 0.02108484024269372 -0.0094426922652950229 -0.016195860276690361 -0.0016152639204662662 0.019605856883648107 0.013297786584582725 -0.012155370261886553 0.003556494631079161
leaf_weight=316.44568484835327 20252.068071229383 396.19060987979174 630.20553429424763 1899.0113691035658 3308.2777049690485 58268.279369532131 305.22872350178659 3879.840585722588 410.89569229166955 1184.2488734964281 601.33063231408596 841.17751421034336 523.97472224384546 3245.6289210598916
leaf_count=3971 113931 1754 5824 16065 47195 356683 2241 32870 3841 11470 3222 3615 2707 15477
internal_value=-0.000117225 -0.000702669 -0.000300749 -0.00542856 -0.00203047 -0.000186108 -0.00416719 -0.00546208 0.00148921 0.00556093 0.00150554 0.00543696 0.00355064 0.00134616
internal_weight=96062.8 70598.6 65074.9 5523.73 3624.72 64678.7 6410.42 6105.19 2225.35 1814.45 25464.2 5212.11 4610.78 3769.6
internal_count=620866 481914 414683 67231 51166 412929 56246 54005 21135 17294 138952 25021 21799 18184
is_linear=0
shrinkage=0.05


Tree=138
num_leaves=15
num_cat=0
split_feature=73 69 73 69 72 68 70 71 71 68 74 74 74 73
split_gain=34.8162 85.4501 125.75 69.1901 116.942 105.017 81.1237 115.208 77.2448 131.643 151.373 183.68 125.243 166.791
threshold=0.68571081757545482 0.1366817578673363 0.66087317466735851 0.11515964940190317 0.011299594305455686 0.032854080200195319 -0.0027636578306555744 0.0068225695285946139 0.018881734460592273 0.011781542561948301 0.010926019866019489 -0.00084897075430490066 0.014787571970373394 0.63014149665832531
decision_type=2 10 2 10 10 10 2 2 2 10 2 2 2 2
left_child=1 3 -3 8 5 -5 -7 -8 9 -1 11 -11 13 -12
right_child=-2 2 -4 4 -6 6 7 -9 -10 10 12 -13 -14 -15
leaf_value=-0.00033169900464035312 -0.0017363181423226488 0.033258092559637138 -0.006024415062840259 -0.0112809020876473 0.021825482711716204 -0.019628387558544944 0.026908921585557008 -0.00074369127999180155 -0.0031885224431878151 0.0083030388245216302 0.041864589916970264 -0.0015588711109324211 -0.0005927511247377816 -0.00031537190771996723
leaf_weight=34736.819749499671 23048.72303606011 465.23819215968251 351.94920378737152 3872.9544790200889 386.73871108517051 360.87179835885763 482.02258610352874 1604.3091498799622 10209.039432927035 9591.4854184538126 754.50512742530555 9284.4084973661229 531.97679478675127 337.76624707598239
leaf_count=202793 163097 2759 2100 25297 2014 2361 3267 11176 61147 65538 4510 69643 2827 2393
internal_value=-4.26801e-05 0.000492446 0.0164715 0.000309214 -0.0045236 -0.00616787 0.00193701 0.00574301 0.000805096 0.00154365 0.00471998 0.00345404 0.0193207 0.0289366
internal_weight=96018.8 72970.1 817.187 72152.9 6706.9 6320.16 2447.2 2086.33 65446 55237 20500.1 18875.9 1624.25 1092.27
internal_count=620922 457825 4859 452966 44115 42101 16804 14443 408851 347704 144911 135181 9730 6903
is_linear=0
shrinkage=0.05


Tree=139
num_leaves=15
num_cat=0
split_feature=73 69 69 69 72 74 74 73 72 74 72 74 69 69
split_gain=29.7136 200.335 139.353 112.032 108.774 126.05 169.752 186.158 130.132 103.624 148.709 112.957 94.6349 198
threshold=0.31214115023612982 0.042114155367016799 0.049500988796353347 0.013193483930081131 0.016337018460035328 -0.023091642186045643 -0.0042676632292568675 0.28450997173786169 0.011299594305455686 -0.0020290684187784787 0.010930435732007028 0.00078278669388964783 -0.13153804093599317 -0.067468378692865358
decision_type=2 10 10 10 8 2 2 2 10 2 10 2 10 10
left_child=1 3 -3 4 5 -1 8 9 -7 -8 -11 -12 -10 -14
right_child=-2 2 -4 -5 -6 6 7 -9 12 10 11 -13 13 -15
leaf_value=0.031280642721864142 -0.00022754923532878948 0.042887945420219196 0.0076347848641278044 -0.013447413171379118 -0.0030584313715500289 -0.018589518141444751 0.028139157366727965 0.042756398523639799 0.022521991926490775 0.024939154870771817 -0.02568418193433368 0.0030891227652867057 -0.031104643274428224 0.0076814880051334217
leaf_weight=453.90561732277274 80351.643443834037 466.50980151817203 694.2109561059624 1292.1554897781461 5973.6159524936229 1032.1611612793058 502.67836507037282 417.49725439958274 469.78872807882726 613.61510163918138 421.49285627529025 1620.4697412606329 438.66952179558575 1224.7750707454979
leaf_count=2227 542996 2176 3607 7648 27276 5561 2530 2240 2126 3286 2131 8064 2141 6099
internal_value=0.000160444 0.00215501 0.0220488 0.000544066 0.00192612 0.00606299 0.00432118 0.0117719 -0.00410603 0.00755398 0.00356644 -0.00294636 0.00295582 -0.00267161
internal_weight=95973.2 15621.5 1160.72 14460.8 13168.7 7195.05 6741.15 3575.75 3165.39 3158.26 2655.58 2041.96 2133.23 1663.44
internal_count=620108 77112 5783 71329 63681 36405 34178 18251 15927 16011 13481 10195 10366 8240
is_linear=0
shrinkage=0.05


Tree=140
num_leaves=15
num_cat=0
split_feature=53 54 1 69 72 72 70 74 73 72 74 69 72 69
split_gain=36.4393 62.3517 52.9547 66.7749 58.5824 87.8462 179.358 125.1 94.3067 84.3464 72.6373 70.2305 66.6239 65.5445
threshold=-0.11921763047575949 0.35798893868923193 0.022221609018743042 0.14754705131053927 0.011299594305455686 0.013127529062330725 0.0036597462603822355 0.013296594843268396 0.33904434740543371 0.010837176349014046 -0.010095306206494568 0.084817726165056243 0.014131831005215647 0.016572262160480026
decision_type=10 10 10 8 10 8 2 2 2 10 2 10 10 8
left_child=2 -2 3 -1 9 6 8 -8 -6 -4 -10 12 -7 -14
right_child=1 -3 4 -5 5 11 7 -9 10 -11 -12 -13 13 -15
leaf_value=0.0034610004807457055 -0.0059391370402277401 -0.00028330015800939246 -0.0014939593298890857 -0.0048742153792124794 0.028994131459911882 -0.0090603832833191719 -0.013416440748596662 0.01126323190161191 -0.0076639662136716137 -0.017809029407122822 0.014763609841797882 0.016821608814900187 0.0018528438949228275 -0.0095468814430096412
leaf_weight=21029.377107118256 6235.9689959697425 22173.123801537789 23830.535765295848 2703.7598855756223 889.48393408209085 2175.3035293016583 1280.272094592452 843.47448151558638 470.07053834199905 809.58328406512737 1474.2735073752701 562.56850142031908 10246.131647255272 1427.6928336545825
leaf_count=152499 85454 160891 107653 26461 3755 9562 5802 3670 2013 3513 6572 2538 44782 6495
internal_value=-2.36887e-05 -0.00152644 0.000606652 0.00250977 -0.000419989 0.00163707 0.00737095 -0.00360773 0.0155824 -0.00203702 0.00932998 -0.000339117 -0.00104784 0.000451695
internal_weight=96151.6 28409.1 67742.5 23733.1 44009.4 19369.3 4957.57 2123.75 2833.83 24640.1 1944.34 14411.7 13849.1 11673.8
internal_count=621660 246345 375315 178960 196355 85189 21812 9472 12340 111166 8585 63377 60839 51277
is_linear=0
shrinkage=0.05


Tree=141
num_leaves=15
num_cat=0
split_feature=53 1 69 69 0 53 72 72 71 68 68 74 70 69
split_gain=44.8424 28.352 89.3697 227.196 55.5918 38.6327 35.973 41.4082 42.0001 75.4229 61.8728 40.9374 38.6269 48.8012
threshold=-0.010646102949976919 0.017307317815721038 0.14754705131053927 0.1405192241072655 0.027288520708680156 -0.20128091424703595 0.0037550557171925907 0.0046968681272119292 0.010525262448936703 0.053135205060243614 0.022326213307678703 -0.003562176949344575 -0.0080563211813569052 0.088230255991220488
decision_type=10 8 8 10 2 10 10 10 2 10 10 2 2 10
left_child=1 2 3 5 -3 -1 11 -8 9 12 -10 -7 13 -9
right_child=-2 4 -4 -5 -6 6 7 8 10 -11 -12 -13 -14 -15
leaf_value=0.0057578428646905266 -0.0066075719688526427 -0.0047592943569337003 -0.0086247400606552609 0.052670514189545048 9.7523818456512383e-05 0.033713926052394753 -0.0071090310507361159 -0.0056527514672976755 -0.011139628370655585 -0.023435704313845149 0.0020123698176852636 0.0055277267914878069 0.0059584080706983735 0.013692284869313558
leaf_weight=5330.3224082365632 2517.0189164495096 6470.8040003236383 1905.8632857734337 214.71777204796672 64821.86884560436 145.99472931213677 1708.3515539430082 1679.3317973380908 1479.1868063621223 249.22094533313066 2232.1706677917391 775.35780170746148 6125.7873798860237 394.12103281915188
leaf_count=43089 29085 51922 22713 1872 298693 2141 25131 14734 17550 3170 27237 12145 67650 3660
internal_value=-3.52047e-05 0.000142348 0.00170051 0.00267201 -0.000343906 0.00211253 0.000795713 0.000156774 0.00118256 0.00312923 -0.0032453 0.0103081 0.00396425 -0.00192759
internal_weight=96050.1 93533.1 22240.4 20334.6 71292.7 20119.8 14789.5 13868.2 12159.8 8448.46 3711.36 921.353 8199.24 2073.45
internal_count=620792 591707 241092 218379 350615 216507 173418 159132 134001 89214 44787 14286 86044 18394
is_linear=0
shrinkage=0.05


Tree=142
num_leaves=15
num_cat=0
split_feature=27 0 13 70 53 69 73 73 73 73 69 70 73 69
split_gain=32.3967 38.3497 34.5492 30.604 27.5178 53.4916 185.9 74.4015 67.2822 62.8977 82.8944 58.8573 57.3766 52.9423
threshold=0.55709919333457958 0.02592223230749369 0.15953496098518374 -0.00084423349471762766 -0.24409531801939008 0.041611669585108764 0.31657269597053533 0.35007834434509283 0.86026260256767284 0.22526439279317859 -0.037229469045996659 -0.00037864850310143078 0.36146374046802526 -0.0089837135747075064
decision_type=2 2 8 2 10 10 2 2 2 2 10 2 2 10
left_child=1 -1 4 -3 -2 9 -7 -8 12 10 -6 13 -9 -12
right_child=2 3 -4 -5 5 6 7 8 -10 -11 11 -13 -14 -15
leaf_value=-0.0098741856151591152 0.0013973160019823674 0.002492927956088983 -0.012020201590044313 -0.0036371822382933829 -0.0031413080218633382 0.025052996487893688 -0.018730489922080342 0.021209513605681737 -0.023248702665777662 -0.0044176024899749968 0.019378696146698963 0.031558890294231458 0.00045783333507373888 -0.0073093205329182107
leaf_weight=1549.4722058121115 38242.617900887504 3234.1312533244491 553.46336862072349 5460.8463650345802 1606.6058570053428 757.30262771807611 503.63748967088759 326.81373044662178 286.45653508044779 12161.793954310007 374.51383732631803 342.28175063058734 30251.383726438507 351.84534573368728
leaf_count=23192 195245 15488 2453 27381 8069 4043 3297 2168 2239 84811 1977 2001 246445 2325
internal_value=2.63347e-06 -0.00265344 0.000320192 -0.00135682 0.000401752 -0.000409081 0.000737769 0.000142946 0.000456883 -0.0028911 0.00403907 0.0147632 0.000686485 0.00652743
internal_weight=96003.2 10244.4 85758.7 8694.98 85205.3 46962.6 32125.6 31368.3 30864.7 14837 2675.25 1068.64 30578.2 726.359
internal_count=621134 66061 555073 42869 552620 357375 258192 254149 250852 99183 14372 6303 248613 4302
is_linear=0
shrinkage=0.05


Tree=143
num_leaves=15
num_cat=0
split_feature=8 54 14 71 69 69 71 71 69 71 68 84 71 68
split_gain=36.0241 30.1065 66.9166 42.8259 70.9374 54.7668 38.0697 39.9911 84.3127 106.609 52.7619 46.2455 62.2611 57.745
threshold=1.0000000180025095e-35 0.28126688301563268 -0.083468034863471971 -0.037121023982763283 -0.051937524229288094 0.0113120349124074 0.041819194331765182 -0.0071565646212548009 -0.011767926160246132 0.01482114475220442 -0.011028180364519356 1.5000000000000002 0.004519339883700014 0.017910431139171127
decision_type=2 8 10 2 8 10 2 2 10 2 10 2 2 10
left_child=1 2 6 4 -3 -6 7 -1 9 10 -9 12 -10 -14
right_child=-2 3 -4 -5 5 -7 -8 8 11 -11 -12 -13 13 -15
leaf_value=-0.0021014609653068907 0.0027693058576622226 -0.0057091112842858546 -0.0036311583448227721 3.79535149065816e-06 0.022899166916206873 0.0037784857556896071 -0.010719162231611904 0.013012534740805305 -0.0056848052165223662 -0.00023125079853277008 0.034676632003544441 -0.0029327729663968507 0.028636434125295734 0.0062012765474332918
leaf_weight=4317.8346469812095 9953.2554533230141 725.3443959672004 17917.795598094352 53158.99946462363 735.56347763724625 762.00119925662875 635.16495860926807 679.95193366706371 714.82789551280439 933.91946964338422 495.07658253796399 3424.0539885051548 384.24655692279339 1083.3557394538075
leaf_count=20037 73581 3183 143623 328759 3370 3730 3262 3016 3879 4516 2527 18794 2002 6148
internal_value=-7.68471e-05 -0.000406654 -0.00166546 0.000288732 0.00707222 0.0132596 0.00111543 0.00174849 0.00390299 0.0123996 0.0223559 0.000690505 0.00636258 0.0122293
internal_weight=95921.4 85968.1 30586.2 55381.9 2222.91 1497.56 12668.4 12033.3 7715.43 2108.95 1175.03 5606.48 2182.43 1467.6
internal_count=620427 546846 207804 339042 10283 7100 64181 60919 40882 10059 5543 30823 12029 8150
is_linear=0
shrinkage=0.05


Tree=144
num_leaves=15
num_cat=0
split_feature=70 70 68 68 68 73 70 68 68 68 84 68 84 68
split_gain=27.9152 80.7609 212.904 156.082 64.5321 75.045 59.1221 82.7624 103.233 74.2219 109.63 74.5127 61.1777 55.1072
threshold=0.01310931518673897 0.012101775966584684 0.001090721052605659 0.049810959026217468 0.044384431093931205 0.70611578226089489 0.016850572079420093 0.024253533221781257 0.016201747581362728 -0.0088862841948866827 1.0000000180025095e-35 0.015533334575593473 1.0000000180025095e-35 -0.079467378556728349
decision_type=2 2 8 10 10 2 2 8 10 8 2 10 2 10
left_child=1 -1 -3 -4 5 6 7 8 12 10 -8 -11 -2 -12
right_child=4 2 3 -5 -6 -7 9 -9 -10 11 13 -13 -14 -15
leaf_value=-3.982151213128692e-05 -0.02412296590485782 0.039291009582331539 -0.011772768120549382 0.027626715278970052 -0.013325154280084187 0.019022873630185681 0.017314473003567695 -0.024632426024503357 0.015842070785831448 0.018943971759801177 0.0042674112247777394 -0.0056006499416324318 -0.0036891991715323289 -0.011880759668009423
leaf_weight=85223.66609137319 486.38079669605941 467.12840033508837 847.4948863023892 345.61501023359597 1231.9814449716359 429.29604178108275 542.12852020934224 570.42316766828299 524.93729352578521 936.14352425932884 735.72041940968484 453.70066660642624 1416.366021329537 1826.1016560671851
leaf_count=561961 2667 2724 5339 1723 7299 2463 2653 3254 3032 5068 3115 2595 7879 9298
internal_value=-0.000103234 0.000173569 0.011062 -0.000224929 -0.00272803 -0.00106514 -0.00224003 -0.00766563 -0.00359432 0.00138872 -0.0029134 0.0109489 -0.00901129 -0.00724466
internal_weight=96037.1 86883.9 1660.24 1193.11 9153.18 7921.2 7491.9 2998.11 2427.68 4493.79 3103.95 1389.84 1902.75 2561.82
internal_count=621070 571747 9786 7062 49323 42024 39561 16832 13578 22729 15066 7663 10546 12413
is_linear=0
shrinkage=0.05


Tree=145
num_leaves=15
num_cat=0
split_feature=65 26 53 54 68 68 68 68 68 68 2 73 5 63
split_gain=27.3778 45.0601 39.5603 67.2388 36.6529 36.5872 70.6939 88.4821 64.5395 72.8397 58.8211 47.2333 35.2511 34.064
threshold=-0.07052218914031981 -0.21225812286138532 -0.099948670715093599 0.37527699768543249 -0.13279618322849271 -0.029210126958787438 -0.025118615478277203 -0.022442183457314965 -0.037996767088770859 -0.045843264088034623 0.035653816536068923 0.31214115023612982 0.85662445425987255 0.11765043437480928
decision_type=8 10 10 10 8 10 10 8 10 10 2 2 2 8
left_child=1 -1 4 -4 -2 8 10 -8 9 13 -7 -10 -5 -6
right_child=2 -3 3 12 5 6 7 -9 11 -11 -12 -13 -14 -15
leaf_value=0.0018252628327522923 0.013064345159678213 -0.0029011184545564041 -0.0063282404080436672 -0.008545967421265439 0.006414427375925966 0.028427841706369285 -0.019043121644196356 0.0018034535307132633 -0.0027031506138789447 0.0099463994168947304 0.001767516768041379 -0.019515474931080145 0.00077133860363000893 -0.0038903495055623233
leaf_weight=7305.9029776006937 647.29046966694295 16229.934705953114 4953.7505029402673 1068.1096558319405 948.27028804086149 442.70181144960225 505.97901418618858 37969.487026631832 905.64965467527509 1546.0867881178856 383.61932672560215 771.54107117652893 17376.564915077761 4924.3097625672817
leaf_count=31387 2743 89322 72434 10806 4513 2722 2766 236778 4851 7876 1613 4268 125008 23670
internal_value=4.73633e-05 -0.00143382 0.000528711 -0.00116259 0.00133567 0.00117614 0.00183745 0.00152443 -0.00168016 0.000326846 0.0162199 -0.010507 0.000227446 -0.00221832
internal_weight=95979.2 23535.8 72443.4 23398.4 49044.9 48397.6 39301.8 38475.5 9095.86 7418.67 826.321 1677.19 18444.7 5872.58
internal_count=620757 120709 500048 208248 291800 289057 243879 239544 45178 36059 4335 9119 135814 28183
is_linear=0
shrinkage=0.05


Tree=146
num_leaves=15
num_cat=0
split_feature=53 65 68 68 68 68 0 72 72 6 21 15 68 68
split_gain=31.5976 36.1724 42.5163 41.358 37.6974 31.965 46.8286 51.4321 67.1297 30.0268 35.1392 30.8923 25.6887 26.0319
threshold=-0.010646102949976919 -0.071852579712867723 -0.13279618322849271 -0.097785618156194673 -0.092823620885610567 0.063508495688438429 0.02819403633475304 0.014507370535284283 0.011809141840785744 -0.13945127278566358 12.537731170654299 10.422671794891359 -0.044264266267418854 -0.019604963250458237
decision_type=10 10 8 8 8 8 2 10 10 2 10 8 10 10
left_child=1 -1 -3 -4 -5 9 -7 8 -8 -6 12 -12 -11 -14
right_child=-2 2 3 4 5 6 7 -9 -10 10 11 -13 13 -15
leaf_value=-0.0015285074154864921 -0.0054844682202260598 0.012903226719352507 -0.013843380640786976 0.014876500684660888 0.0133492193195285 -0.016809373318054814 -0.0080369160821534072 -0.013430330136738354 0.012076669268398111 -0.010804008527290292 0.0089383205701159558 0.00094513174630563707 0.0060379878193126046 -0.003488031621173482
leaf_weight=23197.452268527821 2515.7394172167405 702.15753632411361 480.55527577642351 457.51565381884575 467.51089370064437 600.83962247986346 724.51417525857687 617.29660730063915 944.60870908200741 895.70172987319529 1224.3775983536616 58746.603524574079 890.73188527673483 3515.5620482955128
leaf_count=118529 29136 2996 2094 1990 3082 5935 3514 2915 4302 4570 9302 402595 5076 24760
internal_value=3.39327e-05 0.000183038 0.000748205 0.000623682 0.000726304 0.000629816 -0.00451025 -0.00121909 0.00335012 0.000856214 0.000764704 0.00110979 -0.00313326 -0.00155304
internal_weight=95981.2 93465.4 70268 69565.8 69085.3 68627.7 2887.26 2286.42 1669.12 65740.5 65273 59971 5302 4406.29
internal_count=620796 591660 473131 470135 468041 466051 16666 10731 7816 449385 446303 411897 34406 29836
is_linear=0
shrinkage=0.05


Tree=147
num_leaves=15
num_cat=0
split_feature=15 70 70 14 70 72 71 70 72 69 69 84 72 69
split_gain=35.285 45.3698 31.4625 29.9517 26.8471 40.6203 58.9563 68.7115 44.3566 27.3886 51.8976 84.1911 119.321 79.6123
threshold=15.222779750823976 -0.008941587992012499 -0.007310818647965788 0.05584747530519963 -0.044312106445431702 0.032666085287928588 0.059811353683471687 0.0069565305020660171 0.031287621706724174 -0.13803395628929135 -0.092523965984582887 1.5000000000000002 0.018012352287769321 -0.074722439050674425
decision_type=8 2 2 10 2 10 2 2 8 8 8 2 10 8
left_child=1 3 -3 -1 -2 8 7 -7 9 -6 11 -11 -13 -12
right_child=4 2 -4 -5 5 6 -8 -9 -10 10 13 12 -14 -15
leaf_value=-0.0084572172583149991 -0.011286495481814054 0.014118842392822253 0.0026674038807564257 0.0044293238291796848 0.0086945542592692261 0.024435527263589926 -0.0072950005088560062 0.0020026364093563408 -0.016268821319850933 -0.018473458153278114 0.012466015846709465 -0.017298794218272927 0.010704743608103289 -0.00054098755533472107
leaf_weight=1501.4277860391885 559.77323653362691 620.12607919983566 12803.873896702193 635.23106133379042 795.07329047657549 619.93000847473741 527.08373751491308 749.3973197080195 437.41035276651382 1037.5540576968342 1185.74192561768 612.70251878350973 967.55222556181252 72849.803976606578
leaf_count=8379 2494 3681 89537 3561 3421 2700 2247 3263 2142 5069 6058 3078 4532 480455
internal_value=-4.93377e-05 0.00212913 0.00320652 -0.00462325 -0.000471475 -0.000394189 0.00681671 0.0122621 -0.000570617 -0.000479868 -0.00057615 -0.00748133 -0.000193401 -0.000331014
internal_weight=95902.7 15560.7 13424 2136.66 80342 79782.2 1896.41 1369.33 77885.8 77448.4 76653.4 2617.81 1580.25 74035.5
internal_count=620617 105158 93218 11940 515459 512965 8210 5963 504755 502613 499192 12679 7610 486513
is_linear=0
shrinkage=0.05


Tree=148
num_leaves=15
num_cat=0
split_feature=27 0 71 71 69 69 72 71 72 71 74 73 69 71
split_gain=35.5183 59.2138 45.798 120.446 98.4769 70.0301 134.368 108.567 139.549 120.976 112.331 77.9148 77.0542 60.7539
threshold=0.73160892724990856 0.017448530532419685 -0.025046838447451588 -0.024129430763423439 0.089427344501018538 -0.011767926160246132 0.012567020021378996 -0.010356053709983824 0.015967698767781261 0.0018943310715258124 -0.007388628786429762 0.71238076686859142 -0.0073923738673329345 -0.026638220995664593
decision_type=2 2 2 2 8 8 10 2 10 2 2 2 8 2
left_child=1 -1 4 -4 13 6 11 8 -8 -9 -11 -5 -7 -2
right_child=2 -3 3 5 -6 12 7 9 -10 10 -12 -13 -14 -15
leaf_value=-0.015801776664286501 -0.0028173490027187777 -0.0011845624768035341 0.027485482601073641 0.029179539791114564 0.017312688153253548 -0.016372872282437039 -0.024748516935900695 0.017191802045804085 0.0070382487852491673 -0.015480660979403309 0.0050442837114702136 0.0050802943186339438 0.0004108799226440715 -0.018561568835547524
leaf_weight=701.33991383388638 8068.4261879064143 26802.008734950796 418.62698596157134 810.43303878977895 567.04379868879914 683.3817862290889 745.96733256988227 1552.2892735945061 629.09176697582006 829.94277060963213 3220.8062066063285 575.72627427615225 49722.214562797919 653.78443113341928
leaf_count=22507 39869 161445 2175 4305 2892 3780 3803 7367 2839 4097 16251 3457 342390 3606
internal_value=-4.55428e-05 -0.00156291 0.000564031 0.00107637 -0.00269811 0.000883613 0.00511775 0.00228128 -0.0102602 0.00537192 0.000811238 0.0192783 0.000180129 -0.00401738
internal_weight=95981.1 27503.3 68477.7 59188.5 9289.25 58769.9 8364.26 6978.1 1375.06 5603.04 4050.75 1386.16 50405.6 8722.21
internal_count=620783 183952 436831 390464 46367 388289 42119 34357 6642 27715 20348 7762 346170 43475
is_linear=0
shrinkage=0.05


Tree=149
num_leaves=15
num_cat=0
split_feature=27 0 2 27 28 21 68 53 14 3 68 57 68 84
split_gain=26.843 53.2631 42.3597 35.6977 37.0761 36.7879 35.334 33.5508 32.3117 28.491 27.8837 55.6377 40.0349 48.4024
threshold=1.4876836538314822 0.059484465047717101 0.059764072299003608 0.32050298154354101 1.5060006976127627 12.537731170654299 0.021044996567070488 -0.042786482721567147 0.24319867044687274 1.0000000180025095e-35 -0.079467378556728349 0.052746087312698371 -0.055920964106917374 2.5000000000000004
decision_type=2 2 2 2 2 10 8 10 10 2 8 10 8 2
left_child=2 -2 3 6 5 -5 -1 9 -9 -7 11 -11 13 -12
right_child=1 -3 -4 4 -6 7 -8 8 -10 10 12 -13 -14 -15
leaf_value=0.00017754254696845749 0.0035833761057555043 -0.0051843923924981767 0.0025570204541293714 -0.0034316905813087171 -0.0060804637914510188 0.0029630928856154187 -0.022621614172919649 -0.0044025843658256911 0.0039008496581812028 0.020478597613150233 -0.016190509895820243 -0.0029953503173831544 -2.9171314351028026e-05 0.0025391528587919996
leaf_weight=312.36698038317263 10093.319525616243 2081.4027576893568 10384.674206316471 9304.2320703994483 3108.0145325409248 9059.6049863286316 362.30232318211347 6919.9832518156618 1401.8834437225014 467.66504370421171 835.09674475900829 530.65167731046677 40484.396933436394 578.78654250502586
leaf_count=2105 60143 8469 42267 55632 17729 106192 2869 81580 7954 2065 4081 2248 224621 2711
internal_value=-0.000111338 0.0020814 -0.000430309 -0.000853451 -0.000746311 -0.000507213 -0.0122174 -5.53102e-05 -0.0030008 0.000416958 -0.000121341 0.00809514 -0.000319001 -0.00855936
internal_weight=95924.4 12174.7 83749.7 73365 72690.3 69582.3 674.669 60278.1 8321.87 51956.2 42896.6 998.317 41898.3 1413.88
internal_count=620666 68612 552054 509787 504813 487084 4974 431452 89534 341918 235726 4313 231413 6792
is_linear=0
shrinkage=0.05


Tree=150
num_leaves=15
num_cat=0
split_feature=15 70 60 70 74 84 69 72 74 70 74 70 69 72
split_gain=27.3418 33.656 40.2093 33.1448 87.0958 122.098 106.058 122.955 91.25 81.3409 99.464 76.4901 63.3845 57.9412
threshold=25.046705245971683 -0.044312106445431702 4.5000000000000009 -0.0087573928758501989 -0.016525688581168648 3.5000000000000004 0.014388481620699169 0.012349434662610294 -0.010095306206494568 -0.013830194249749182 -0.01893995143473148 -0.0068812647368758908 -0.05704184249043464 0.012608291115611793
decision_type=8 2 10 2 2 2 10 10 2 2 2 2 10 10
left_child=3 -2 -3 4 5 9 13 8 -8 10 12 -5 -1 -6
right_child=1 2 -4 11 6 -7 7 -9 -10 -11 -12 -13 -14 -15
leaf_value=0.01557148708303404 -0.014942968912283387 -0.0013567958922503496 0.0050134230921988765 0.0098903799583020639 -0.0046819048991386869 -0.015529609379281785 0.006283909996242041 0.023875649184381984 -0.015189427848589579 -0.01391598974727961 0.027769166036407996 0.000698027988860054 -0.0015845655234987149 -0.021542138031098459
leaf_weight=884.4351603044197 422.60856903158128 35929.231595154852 2650.8026710748672 2369.9734977837652 842.58899665530771 704.30130105465651 927.29313525184989 439.72138038650155 1040.3138157660142 388.33882789872587 620.94151449762285 46114.138031501323 1348.3446967024356 1306.2340007508174
leaf_count=4100 1858 232606 10994 14210 5013 3575 5889 2218 6297 2141 3237 314806 7284 6902
internal_value=-5.38012e-05 -0.00107368 -0.000917918 0.000644285 -0.0022335 0.00319989 -0.0069364 0.00027865 -0.00508888 0.00730391 0.0102301 0.00114931 0.00525031 -0.0149833
internal_weight=95989.3 39002.6 38580 56986.6 8502.51 3946.36 4556.15 2407.33 1967.61 3242.06 2853.72 48484.1 2232.78 2148.82
internal_count=621130 245458 243600 375672 46656 20337 26319 14404 12186 16762 14621 329016 11384 11915
is_linear=0
shrinkage=0.05


Tree=151
num_leaves=15
num_cat=0
split_feature=28 27 4 1 84 71 1 71 71 71 71 69 69 69
split_gain=26.7176 34.6219 37.7457 31.2779 30.3459 98.5552 50.8018 33.633 34.388 29.0996 88.7084 72.7973 120.578 101.419
threshold=2.186293482780457 1.4876836538314822 0.35833333432674414 0.035044049844145782 1.0000000180025095e-35 -0.026638220995664593 0.012816426344215872 0.004519339883700014 -0.011709422804415224 0.019246594049036506 0.019064009189605716 0.099168736487627043 0.090831059962511076 0.083632603287696852
decision_type=2 2 8 10 2 2 8 2 2 2 2 8 10 10
left_child=1 2 9 4 5 -3 -6 8 -7 10 11 12 13 -1
right_child=-2 3 -4 -5 6 7 -8 -9 -10 -11 -12 -13 -14 -15
leaf_value=0.00078960515629151757 -0.007770431053696571 0.024201639659064196 0.0024156098782408455 -0.0017695389158310542 0.017784021217187328 0.001275395503679176 0.0043878187487235831 0.0028470948891828681 -0.016464019941482666 -0.0027184157537513531 0.026066602622096032 -0.0032453952458667517 0.010758104930613771 -0.0095715027853771634
leaf_weight=37650.74683487881 1024.575285198167 333.83632457442582 13074.65257396549 2781.3322498202324 799.44331916794181 421.95279783010483 5752.4142322838306 846.83490176312625 757.89181499928236 12287.381018628366 313.5675236582756 14530.7466680035 2854.3583312369883 2509.8391016963869
leaf_count=261074 4819 1611 55557 11494 9729 2397 30534 5448 5222 82338 1916 108329 20422 20065
internal_value=0.000221218 0.000308294 -4.97962e-05 0.0028546 0.00429805 -0.000561389 0.00604701 -0.00473918 -0.0101624 -0.000509603 -4.01357e-05 -0.000186896 0.0008468 0.000139865
internal_weight=95939.6 94915 83221.3 11693.7 8912.37 2360.52 6551.86 2026.68 1179.84 70146.6 57859.3 57545.7 43014.9 40160.6
internal_count=620955 616136 549701 66435 54941 14678 40263 13067 7619 494144 411806 409890 301561 281139
is_linear=0
shrinkage=0.05


Tree=152
num_leaves=15
num_cat=0
split_feature=72 68 74 70 68 74 74 69 70 72 74 84 68 74
split_gain=41.4613 34.1684 90.3908 253.321 53.4146 83.0676 100.107 47.1406 66.8271 143.306 40.0039 178.483 107.068 101.256
threshold=0.054642656818032272 -0.073404144495725618 -0.015808755531907078 -0.027607571333646771 -0.058940429240465157 0.0079554333351552504 -0.0084566455334424955 -0.14871805161237714 -0.0058136973530054084 0.019556418992578987 -0.01893995143473148 3.5000000000000004 -0.016756311990320679 -0.024679644964635369
decision_type=8 8 2 2 8 2 2 10 2 10 2 2 10 2
left_child=1 2 3 -1 5 6 -3 -4 -9 -10 11 12 13 -6
right_child=-2 4 7 -5 10 -7 -8 8 9 -11 -12 -13 -14 -15
leaf_value=-0.0024205976029493519 -0.01550803776534811 -0.0048765088613283297 0.0097313646811098675 0.035498711416669805 0.021646853936199875 0.0072890287869449219 -0.032372447406598302 -0.022595581136683619 0.018328850865708648 -0.019230466514788706 0.00036395648575697471 -0.027438524132491721 -0.0093977819523106132 -0.0037499959822326896
leaf_weight=1093.6431221384555 414.42665156722069 960.52338540926576 559.35058630444109 726.10659893788397 806.84170882031322 621.30509199015796 498.71653564181179 467.37623926531523 514.74908944405615 482.14420221094042 85937.766934734769 702.21461961790919 1437.6477675801143 750.54727103188634
leaf_count=4833 1767 4749 2367 3161 4043 3000 2444 2081 2295 2162 572648 3707 7970 3806
internal_value=8.49113e-05 0.000154152 0.00476653 0.0128211 -3.96303e-05 -0.0079403 -0.01443 -0.00250398 -0.00721219 0.000152832 0.00014462 -0.0049408 0.000407757 0.0094616
internal_weight=95973.4 95558.9 3843.37 1819.75 91715.6 2080.55 1459.24 2023.62 1464.27 996.893 89635 3697.25 2995.04 1557.39
internal_count=621033 619266 16899 7994 602367 10193 7193 8905 6538 4457 592174 19526 15819 7849
is_linear=0
shrinkage=0.05


Tree=153
num_leaves=15
num_cat=0
split_feature=27 0 1 57 72 73 72 74 74 74 27 0 79 54
split_gain=25.9328 45.0885 29.6556 29.343 26.1507 30.1432 40.7751 39.8764 43.3906 41.9827 29.7935 28.0663 27.675 23.1473
threshold=0.68442490696907055 0.018285294063389305 0.013939112424850466 0.010785005055367948 0.012218077201396229 0.47465904057025915 0.0089540779590606707 0.0037459005834534769 -0.0084566455334424955 0.009531359653919937 1.3174926638603213 0.016943697817623619 0.038030557334423072 0.62584379315376293
decision_type=2 2 8 10 10 2 10 2 2 2 2 2 10 8
left_child=1 -1 4 -3 5 7 10 8 -2 -9 11 -7 -6 -4
right_child=2 3 13 -5 12 6 -8 9 -10 -11 -12 -13 -14 -15
leaf_value=-0.013849397938208337 0.014674589523331449 -0.005557626641981497 -0.00071750885695465335 -0.00031382922996290739 -0.019741268238699629 -0.0046495297049737264 -0.0076968972563490881 0.034211295956339059 -0.0017820833714439891 0.0055388757358810865 0.0097814401158093332 0.0040545635912123696 0.0002695936636806187 0.0012252530075849378
leaf_weight=704.27572848554701 674.84389929100871 3113.159787543118 38120.614243275486 18307.304728627205 231.14526911079884 1270.7698240913451 901.57703303359449 269.52675780653954 960.33273455314338 243.41999092698097 1483.4518574681133 3339.5225936099887 608.53456057328731 25633.005885848776
leaf_count=20865 7013 23853 210803 102292 3192 36766 10729 2966 11730 2671 17945 38476 5931 125182
internal_value=1.015e-05 -0.00149079 0.000460647 -0.00107818 0.00299317 0.00376961 0.0021723 0.00893703 0.00505757 0.0209708 0.00364268 0.00165052 -0.00540646 6.36745e-05
internal_weight=95861.5 22124.7 73736.7 21420.5 9983.12 9143.44 6995.32 2148.12 1635.18 512.947 6093.74 4610.29 839.68 63753.6
internal_count=620414 147010 473404 126145 137419 128296 103916 24380 18743 5637 93187 75242 9123 335985
is_linear=0
shrinkage=0.05


Tree=154
num_leaves=15
num_cat=0
split_feature=27 71 69 72 71 69 72 74 71 68 74 74 71 71
split_gain=28.4587 44.4788 50.7213 50.7728 72.7383 51.7011 42.893 52.4885 44.7918 40.7829 110.511 96.5593 58.0781 56.3615
threshold=1.1098966002464297 -0.00025926860689651216 0.11196451634168626 0.0089854989200830477 0.031170457601547245 0.030909055843949321 0.020948505960404876 -0.024679644964635369 -0.047380616888403886 -0.073404144495725618 -0.0026421735528856512 -0.024679644964635369 -0.047380616888403886 -0.0073410940822213879
decision_type=2 2 8 10 2 10 10 2 2 8 2 2 2 2
left_child=9 6 3 4 5 -3 7 8 -2 10 11 -1 -11 -12
right_child=1 2 -4 -5 -6 -7 -8 -9 -10 12 13 -13 -14 -15
leaf_value=-0.0026660764624629137 0.022905691382531613 0.023652383387031305 -0.0018471304379723025 0.0011015952090071858 0.031897827840877739 0.0053365105192962024 -0.012621048095398405 -0.0010152102913396216 0.0020393818227723379 -0.014506440213294815 -0.016731165614778613 0.02465587280652181 -0.0005505129136856088 0.0060770077284245929
leaf_weight=497.48500746674836 425.3694452252239 402.37590723671019 3824.0252621676773 5365.7372369803488 285.36753903888166 6160.2651467788965 706.69895673915744 11761.369114790112 633.7572220377624 744.42065484728664 577.05622735992074 904.53265826590359 63070.947759686969 495.43558125104755
leaf_count=2178 2042 2722 23332 28758 1773 44016 3035 66797 3217 3818 2566 3976 429992 2147
internal_value=0.000104381 0.00139416 0.00317445 0.00474689 0.00759739 0.00649379 -0.000717328 -5.18382e-05 0.0105556 -0.000470979 0.00581403 0.0150109 -0.000715559 -0.00623617
internal_weight=95854.8 29565 16037.8 12213.7 6848.01 6562.64 13527.2 12820.5 1059.13 66289.9 2474.51 1402.02 63815.4 1072.49
internal_count=620369 175692 100601 77269 48511 46738 75091 72056 5259 444677 10867 6154 433810 4713
is_linear=0
shrinkage=0.05


Tree=155
num_leaves=15
num_cat=0
split_feature=54 68 68 69 74 71 71 70 53 71 68 72 71 70
split_gain=35.1291 40.2039 47.2591 144.246 104.152 41.1136 108.96 72.931 77.5568 51.6708 78.2691 82.6259 78.9698 102.234
threshold=0.27835497260093695 0.063508495688438429 0.050781492143869407 0.057313550263643272 0.0057777818292379388 0.014073264785110952 0.013395455665886404 -0.0092473095282912237 -0.25175990164279932 0.0040370433125644931 0.023349799215793613 0.013272703625261785 0.010525262448936703 0.0084715085104107874
decision_type=8 10 10 10 2 2 2 2 10 2 10 10 2 2
left_child=1 2 5 -4 -5 6 9 -7 -9 -1 11 12 13 -11
right_child=-2 -3 3 4 -6 7 -8 8 -10 10 -12 -13 -14 -15
leaf_value=-0.0022827228318321236 0.00052777873941590851 -0.015005434869510465 -0.0089027298882158341 0.044120458604630375 0.0014448809835931984 -0.025431873352399721 0.029241852283015873 0.00077460900369194377 -0.010088311608876945 0.013973377336809501 -0.003194703630151426 -0.0047798356565021101 -0.0012366545339801643 0.048297386345950627
leaf_weight=18367.377045841888 62875.532658052631 531.11700923554599 581.97308255173266 329.14298915956169 248.37651149835438 400.17321454361081 291.26068064384162 3981.9762963149697 2785.8799659116194 1241.0507574491203 2504.8804947948083 800.15244870912284 602.92529582325369 257.47746740933508
leaf_count=119035 391137 4198 4311 2811 2040 2281 2217 20222 27814 10686 22318 4685 4571 1759
internal_value=-0.000165063 -0.00148796 -0.00126176 0.0086074 0.0261038 -0.00163078 -0.000639907 -0.00495191 -0.00370523 -0.00101814 0.0032743 0.00885061 0.0140386 0.020152
internal_weight=95799.3 32923.8 32392.6 1159.49 577.52 31233.2 24065.1 7168.03 6767.86 23773.9 5406.49 2901.61 2101.45 1498.53
internal_count=620085 228948 224750 9162 4851 215588 165271 50317 48036 163054 44019 21701 17016 12445
is_linear=0
shrinkage=0.05


Tree=156
num_leaves=15
num_cat=0
split_feature=14 70 54 69 5 68 70 73 73 68 68 70 70 68
split_gain=26.7219 40.1318 35.4883 54.0464 42.5629 36.0183 31.5025 46.687 75.6993 63.9007 51.9206 36.3251 33.4563 158.904
threshold=-0.17015498131513593 -0.0085004726424813253 0.37527699768543249 0.1405192241072655 0.85468268394470226 0.063508495688438429 0.012953073251992466 0.46046721935272222 0.40570393204689031 -0.039554694667458527 -0.060060184448957436 0.014547865837812425 0.0097898561507463473 -0.010592965409159659
decision_type=8 2 8 10 2 10 2 2 2 10 10 2 2 10
left_child=1 -1 3 5 -4 6 12 8 9 10 -8 -9 -2 -14
right_child=2 -3 4 -5 -6 -7 7 11 -10 -11 -12 -13 13 -15
leaf_value=-0.0047110343570030818 -0.0015604172444677765 0.0037263751750827908 -0.0038858433028100821 0.019968564655854087 0.00085231970122765172 -0.014209719599217711 -0.0071794090792649664 -0.029031641717336427 0.017392022670148857 -0.016719069205959537 0.012823805662057073 -0.0088091398605488602 0.028338535990712444 -0.0040351260060253321
leaf_weight=1695.5050839968026 28849.930772746913 8129.2439763937145 5279.2401483394206 275.39739405922592 45614.571837516502 572.71171929873526 801.37710935529321 303.83164384774864 401.00370398629457 839.53631617501378 530.54512333311141 812.71616618707776 524.9925951519981 1293.6366908121854
leaf_count=7239 225191 36105 33977 2262 275590 5076 3666 2435 2635 5035 2658 5680 2996 10552
internal_value=-0.000202144 0.00226698 -0.000484124 -0.00170439 0.000360161 -0.00188093 -0.00167135 -0.00603056 -0.00230347 -0.0060037 0.000824666 -0.0145209 -0.0011452 0.0054142
internal_weight=95924.2 9824.75 86099.5 35205.7 50893.8 34930.3 34357.6 3689.01 2572.46 2171.46 1331.92 1116.55 30668.6 1818.63
internal_count=621097 43344 577753 268186 309567 265924 260848 22109 13994 11359 6324 8115 238739 13548
is_linear=0
shrinkage=0.05


Tree=157
num_leaves=15
num_cat=0
split_feature=69 72 70 72 68 68 74 70 72 72 69 74 69 84
split_gain=26.1325 236.37 145.397 106.581 97.9308 61.5262 72.4713 52.5315 49.2336 45.646 36.6093 101.864 92.1262 136.84
threshold=0.1354017108678818 0.0052483330946415671 -0.0066560849081724873 0.0080257225781679171 0.044384431093931205 0.049180248752236373 0.0041045136749744424 0.00083575045573525142 0.0099192154593765753 0.010251978412270548 0.10162366926670076 0.0022832845570519571 0.093839596956968321 2.5000000000000004
decision_type=10 10 2 10 10 10 2 2 10 10 10 2 10 2
left_child=10 -2 -3 4 7 -6 -7 -4 -5 -10 12 -12 -1 -14
right_child=1 2 3 8 5 6 -8 -9 9 -11 11 -13 13 -15
leaf_value=-0.00021618034226165351 0.036195981568861245 0.027031289985346013 -0.0078189740261795111 0.019971967953068017 -0.028949941587322899 0.0078965001589079396 -0.022002379082851284 0.014247122874940767 -0.011819185415974215 0.0089457162915919392 0.0010256928062355771 -0.0073168140135865881 -0.00062530139840927528 0.01614488674185334
leaf_weight=70788.760554478504 488.00437718443573 436.46846807934344 591.21152867469937 496.36374481767416 660.75261263083667 368.89203755743802 429.26905488129705 479.46635524276644 414.42393962293863 693.27571501489729 8761.0764519963413 6270.5827503604814 2724.4782388983294 2186.4888162054121
leaf_count=459634 3171 2258 3531 2798 4085 2268 2686 2752 2256 3682 57777 41387 18181 14094
internal_value=-8.83911e-06 0.00348526 -7.90379e-05 -0.00299992 -0.00937893 -0.0177623 -0.00825707 0.00210297 0.00705551 0.0011407 -0.000203992 -0.002457 0.000243653 0.00685885
internal_weight=95789.5 5058.13 4570.12 4133.65 2529.59 1458.91 798.161 1070.68 1604.06 1107.7 90731.4 15031.7 75699.7 4910.97
internal_count=620560 29487 26316 24058 15322 9039 4954 6283 8736 5938 591073 99164 491909 32275
is_linear=0
shrinkage=0.05


Tree=158
num_leaves=15
num_cat=0
split_feature=72 72 68 73 73 73 73 68 73 72 71 73 68 74
split_gain=29.2557 78.665 93.4082 198.143 88.7451 87.3328 113.198 103.135 70.1238 75.1308 92.9883 113.829 133.463 111.836
threshold=0.0062040099874138841 0.0056194046046584853 0.053135205060243614 0.81096738576889049 0.48414604365825659 0.60551476478576671 0.6322135627269746 0.019172531552612785 0.70611578226089489 0.0045173054095357665 0.016177100129425529 0.5547769069671632 0.032414413988590247 -0.0040827426128089419
decision_type=10 8 10 2 2 2 2 10 2 10 2 2 10 2
left_child=1 2 8 -4 -3 -6 7 -7 9 10 11 -1 13 -13
right_child=-2 4 3 -5 5 6 -8 -9 -10 -11 -12 12 -14 -15
leaf_value=-0.016941520895659111 0.00028060998514835701 0.012541547683663806 0.036680910002389759 -0.011821389634551982 -0.019593076318647699 -0.010517817202214223 -0.0095224341069446057 0.027200493407176892 -0.0074800840303137113 0.0045284428990652751 0.027320611473108117 0.026568731997963169 -0.013077616640276747 0.001009385660810355
leaf_weight=1364.0042611202225 73194.867390631698 515.01329733617604 482.03430043160915 361.39988336432725 1405.3135722763836 292.43884320557117 2746.5449983570725 448.90964105352759 3288.404355446808 6435.2062840964645 233.34996091295034 487.02919278759509 1521.4480822458863 3087.0598770976067
leaf_count=11398 432048 4123 3275 2913 10047 2246 21457 3042 31506 51084 1759 4496 11488 29827
internal_value=-0.000205527 -0.00177468 -0.000124677 0.0160033 -0.0070306 -0.00911195 -0.00484504 0.0123798 -0.000962528 0.000674479 -0.00303233 -0.00416936 -0.000723945 0.00455668
internal_weight=95863 22668.2 17259.9 843.434 5408.22 4893.21 3487.89 741.348 16416.5 13128.1 6692.89 6459.54 5095.54 3574.09
internal_count=620709 188661 147746 6188 40915 36792 26745 5288 141558 110052 58968 57209 45811 34323
is_linear=0
shrinkage=0.05


Tree=159
num_leaves=15
num_cat=0
split_feature=53 54 72 69 70 13 70 70 69 70 72 72 69 70
split_gain=31.8809 52.0334 34.9125 31.6624 30.749 27.5006 26.9476 78.3952 162.086 55.8468 61.8953 101.69 97.4934 83.9164
threshold=-0.050293415784835808 0.40865512192249304 0.0089137037284672278 0.067256815731525435 0.0099004316143691557 -0.12099803239107131 0.01310931518673897 0.012101775966584684 0.0113120349124074 0.014547865837812425 0.020209128037095073 0.032666085287928588 1.0000000180025095e-35 0.015564654953777792
decision_type=10 10 10 10 2 10 2 2 8 2 10 10 10 2
left_child=5 3 4 -2 -3 -1 7 -7 -9 -8 12 -12 -11 -14
right_child=1 2 -4 -5 -6 6 9 8 -10 10 11 -13 13 -15
leaf_value=-0.0082921555519117306 -0.013972637499987416 0.0023209408348603116 -0.0048257628907063905 -0.0021955513016055678 -0.011110964150926252 0.00062557784300743533 -0.011398357455729658 0.035658670237496984 0.0006360583222447798 0.009681726663349495 -0.022885427411694331 0.0026902254750238216 0.011292327225119421 -0.0088773933347836929
leaf_weight=876.85776423476636 1334.3475235970691 6235.5486004017293 3373.3067443110049 999.22655252646655 447.40689871367067 73035.980053071864 1355.4604383790866 483.12981826812029 1002.0080769089982 2400.0252338107675 707.34276978112757 844.15043047722429 670.13706532120705 2129.6167500559241
leaf_count=3855 22855 54848 22118 19019 3573 444563 7664 2427 5918 12300 3441 3589 3584 11723
internal_value=0.000114623 -0.00225113 -0.000686821 -0.00896063 0.00140645 0.000465864 0.000559798 0.000857682 0.0121916 -0.00217619 -0.000310522 -0.00904188 0.00230707 -0.00402665
internal_weight=95894.5 12389.8 10056.3 2333.57 6682.96 83504.7 82627.9 74521.1 1485.14 8106.73 6751.27 1551.49 5199.78 2799.75
internal_count=621477 122413 80539 41874 58421 499064 495209 452908 8345 42301 34637 7030 27607 15307
is_linear=0
shrinkage=0.05


Tree=160
num_leaves=15
num_cat=0
split_feature=15 54 27 26 72 70 70 84 74 70 70 74 70 70
split_gain=29.2577 27.5076 38.8815 45.1017 33.2627 27.2277 50.8918 28.6429 27.7041 28.4553 29.219 30.3992 52.2585 65.1588
threshold=16.9142599105835 0.85160985589027416 1.3174926638603213 -0.14926205575466153 0.027097197249531749 -0.0092473095282912237 -0.011143666692078112 3.5000000000000004 -0.0078223629388958198 -0.0040125038940459481 -0.0016001127660274503 -0.0022039349423721428 -0.0020575971575453873 -0.0028726212913170453
decision_type=8 10 2 10 8 2 2 2 2 2 2 2 2 2
left_child=5 2 3 -2 -4 6 7 -1 -7 -10 11 12 13 -11
right_child=1 -3 4 -5 -6 8 -8 -9 9 10 -12 -13 -14 -15
leaf_value=0.0030619258799312308 0.00090654395676385575 0.0013689756130138052 0.002294153851230777 -0.0025886281230803401 -0.011321711340693754 0.0083391315037999059 -0.016520318462679467 -0.0097745396158026836 -0.0044083349466236535 0.0068537023399319764 0.0015161408661278492 0.014272420306383767 0.01887601756510645 -0.020377200930372742
leaf_weight=1967.1947798766196 12856.256045639515 16370.520025318488 10500.655343635008 32673.352307933383 458.7144355122 1716.937132476829 542.24914445541799 547.00727818533778 1711.8709167409688 551.55004503484815 14269.372541661374 969.35492039471865 340.12457248475403 351.37444321252406
leaf_count=10783 61229 78957 63373 261442 1982 10404 3110 3054 10924 4130 99775 6853 2376 2498
internal_value=5.53824e-05 -0.000435165 -0.000958156 -0.00160171 0.00171445 0.00161108 -0.00277643 0.000241476 0.00228566 0.00171013 0.00234791 0.0076816 0.00246906 -0.00385038
internal_weight=95826.5 72859.5 56489 45529.6 10959.4 22967 3056.45 2514.2 19910.6 18193.6 16481.8 2212.4 1243.05 902.924
internal_count=620890 466983 388026 322671 65355 153907 16947 13837 136960 126556 115632 15857 9004 6628
is_linear=0
shrinkage=0.05


Tree=161
num_leaves=15
num_cat=0
split_feature=5 54 53 70 68 71 69 69 71 71 71 70 68 70
split_gain=32.2027 23.2127 39.8034 34.8888 139.929 93.0363 72.0523 116.936 105.133 117.8 68.5752 114.738 95.1048 67.3155
threshold=0.71871814131736766 0.26212430000305181 -0.15838754177093503 -0.0087573928758501989 -0.065314467996358858 -0.054498547688126557 -0.022396825253963467 -0.026524346321821209 -0.0065893745049834243 0.017434364184737209 -0.028476950712501999 -0.00028993083105888212 -0.048091694712638848 -0.027607571333646771
decision_type=2 10 10 2 10 2 8 10 2 2 2 2 10 2
left_child=-1 2 3 4 13 -5 7 8 10 -10 11 -7 -12 -2
right_child=1 -3 -4 5 -6 6 -8 -9 9 -11 12 -13 -14 -15
leaf_value=-0.010093458129803758 -0.0027394211228183021 0.000800627797354749 -0.0046686279033080818 -0.021231895878187815 -0.0085866825879225544 0.020092239241158646 -0.00025170346815509638 0.031425196363450661 0.021153389610630402 0.00091970436855340798 -0.03094468061521749 -0.014047492377150073 0.00035554541494412948 0.015989090689422763
leaf_weight=765.37548874039203 863.46279204636812 55237.336726227775 5645.4461211171001 469.01331128180027 4257.9850781131536 524.01622478850186 22185.417566123419 414.53946200013161 1301.6789986211807 1595.0298433937132 447.66099143773317 447.04803948663175 516.1846632566303 1062.6693263370544
leaf_count=4929 3798 342713 72317 2061 22724 2389 141760 2019 6301 8196 2046 2047 2479 4714
internal_value=5.48812e-05 0.000137724 -0.000783888 -0.000139279 -0.00353394 0.000614137 0.000995252 0.00625894 0.00403929 0.0100535 -0.00496984 0.00439238 -0.0143504 0.00762253
internal_weight=95732.9 94967.5 39730.2 34084.7 6184.12 27900.6 27431.6 5246.16 4831.62 2896.71 1934.91 971.064 963.846 1926.13
internal_count=620493 615564 272851 200534 31236 169298 167237 25477 23458 14497 8961 4436 4525 8512
is_linear=0
shrinkage=0.05


Tree=162
num_leaves=15
num_cat=0
split_feature=22 1 69 68 68 69 69 68 69 68 63 68 69 68
split_gain=27.1968 25.4495 37.9802 86.3747 94.9212 76.2103 71.1286 209.385 94.0098 79.5325 87.3598 75.5475 57.9099 48.8219
threshold=91.613761901855483 0.013420392293483021 -0.013561757747083901 -0.01580233313143253 -0.0056874980218708506 -0.044045876711606972 0.03457372076809407 -0.019604963250458237 0.049500988796353347 -0.037996767088770859 0.21741207689046863 -0.034731972962617867 -0.001070204365532845 -0.0056874980218708506
decision_type=10 8 10 10 10 8 10 10 10 10 10 10 10 10
left_child=1 -1 3 -3 5 -5 9 8 -8 10 -4 -11 -12 -9
right_child=-2 2 6 4 -6 -7 7 13 -10 11 12 -13 -14 -15
leaf_value=0.0026203560378496461 -0.0034715538458532612 -0.00070330914521005096 -0.010088665873890961 0.0073460248257756549 0.0034269025786994125 0.031701884347384482 0.030287733963997501 -0.0067837903718754216 0.0048016632760140947 -0.023446869521173957 0.0037365468013248592 -0.0046609437874635239 0.028453998253484582 -6.0552796238967872e-05
leaf_weight=9435.1281557269394 5443.6076336773112 12824.495302360505 493.79751863703132 726.76824408397079 5943.109585095197 577.21659961901605 789.00897786021233 2865.2237898297608 669.39312302134931 556.04800037667155 496.05145496502519 10116.011383732781 449.91940035298467 44364.760417978279
leaf_count=141299 43387 59974 2443 3435 32075 3163 3607 15182 3122 2984 2465 54896 2139 249974
internal_value=-4.26499e-05 0.000164402 -0.000122417 0.00176292 0.00612214 0.0182865 -0.000745 0.000108227 0.0187022 -0.00417215 0.00682508 -0.00566078 0.0156672 -0.00046977
internal_weight=95750.5 90306.9 80871.8 20071.6 7247.09 1303.98 60800.2 48688.4 1458.4 12111.8 1439.77 10672.1 945.971 47230
internal_count=620145 576758 435459 98647 38673 6598 336812 271885 6729 64927 7047 57880 4604 265156
is_linear=0
shrinkage=0.05


Tree=163
num_leaves=15
num_cat=0
split_feature=8 3 53 54 53 1 69 74 69 73 69 69 69 69
split_gain=31.7639 36.7051 33.251 42.0599 38.8987 49.5027 33.14 29.4472 71.6229 73.9987 53.4122 47.1798 39.1876 34.7935
threshold=1.0000000180025095e-35 0.075000001117587103 -0.29079107940196985 0.37897093594074255 -0.094838373363018022 0.020390185527503494 -0.0059174278285354367 -0.007388628786429762 0.091602779924869551 0.55222755670547496 0.10690298676490785 0.12019995972514154 0.086853332817554488 0.076039526611566557
decision_type=2 2 10 10 10 10 10 2 10 2 10 10 10 10
left_child=2 -2 -1 4 5 -4 -7 8 -5 10 -10 -11 13 -9
right_child=1 -3 3 7 -6 6 -8 12 9 11 -12 -13 -14 -15
leaf_value=0.00077039367766225364 0.0058882598037073644 -0.00020719199141853973 0.0005212192939646062 -0.00077466762099766035 -0.0072523948405909359 -0.0010490869058488515 -0.0078099876498430951 5.7478302192668425e-05 0.036469256723412266 -0.006530731637867224 0.0099164010134798683 0.013515786898485135 -0.0028997103201160485 0.0076346353140615275
leaf_weight=33808.987301862799 4471.4396557388827 5500.4450923986733 9401.2681375853717 3899.570282808505 4224.395984291099 3154.2906241510063 4262.1703829988837 11621.959049246274 367.23155417852104 612.7976212836802 401.19627305027097 545.88561712764204 11891.988281107508 1732.1802895972505
leaf_count=169449 47569 25920 84135 20737 61918 15679 24510 73371 1895 3544 2432 2922 74892 11891
internal_value=-0.000140553 0.0025292 -0.000450649 -0.00124278 -0.00296832 -0.00188854 -0.0049398 -7.36932e-05 0.00312716 0.0109859 0.0229115 0.00294854 -0.00081338 0.0010453
internal_weight=95895.8 9971.88 85923.9 52114.9 21042.1 16817.7 7416.46 31072.8 5826.68 1927.11 768.428 1158.68 25246.1 13354.1
internal_count=620864 73489 547375 377926 186242 124324 40189 191684 31530 10793 4327 6466 160154 85262
is_linear=0
shrinkage=0.05


Tree=164
num_leaves=15
num_cat=0
split_feature=73 73 69 69 73 69 69 73 72 74 73 74 69 73
split_gain=27.5938 83.975 61.8704 78.2226 51.1972 26.5984 136.633 145.904 124.783 101.31 97.0835 97.8487 73.84 73.1414
threshold=0.86026260256767284 0.85343152284622203 0.05970182083547116 0.0023779070470482115 0.90902182459831249 0.099168736487627043 0.093839596956968321 0.61118280887603771 0.0074866386130452165 -0.0078223629388958198 0.78538790345191967 0.019131951965391639 0.097018897533416762 0.71470913290977489
decision_type=2 2 10 10 2 8 10 2 10 2 2 2 10 2
left_child=1 5 3 -2 -5 6 -1 12 -9 -7 11 13 -8 -11
right_child=2 -3 -4 4 -6 9 7 8 -10 10 -12 -13 -14 -15
leaf_value=9.3878057482713289e-05 -0.011491018560498976 0.02439805724275235 -0.020373933119478618 -0.0026542769964708795 0.024053119944517358 0.006672242544418657 -0.012123674478575191 0.034147629596337138 0.0064211904830088823 -0.0033435588256821025 0.0053194490834993953 0.015140408334492894 0.011292355301455613 -0.012500981082149688
leaf_weight=64879.925495182164 765.46938996948302 345.64911731239408 523.12899447605014 337.67188424151391 368.63542273268104 3426.806160219945 712.45738001447171 852.42894254345447 777.0964941624552 15696.029793456197 3320.2043165331706 639.26743427757174 620.57257817592472 2525.4600404892117
leaf_count=416319 5607 2220 3779 2782 1677 20390 4173 6090 5060 105336 21673 3425 3607 18325
internal_value=2.41421e-05 0.000148191 -0.00577998 -0.000490214 0.011426 5.58955e-05 0.000574151 0.0110564 0.0210451 -0.0013168 -0.00255351 -0.00394153 -0.00121977 -0.00461892
internal_weight=95790.8 93795.9 1994.91 1471.78 706.307 93450.2 67842.5 2962.56 1629.53 25607.8 22181 18860.8 1333.03 18221.5
internal_count=620463 606618 13845 10066 4459 604398 435249 18930 11150 169149 148759 127086 7780 123661
is_linear=0
shrinkage=0.05


Tree=165
num_leaves=15
num_cat=0
split_feature=5 1 73 4 73 70 70 73 53 73 73 67 73 54
split_gain=30.1414 25.2436 33.2255 28.9103 32.4657 27.6532 48.1369 36.5141 31.0967 31.3943 29.9333 35.6661 26.7573 28.0885
threshold=0.65865537524223339 0.017307317815721038 0.72160628437995922 0.12500000372529033 0.6253548562526704 0.0025896272854879503 0.0028410662198439245 0.71238076686859142 -0.013863332103937863 0.69331428408622753 0.67493614554405224 0.0033565855119377379 0.61257553100585949 1.2069456577301028
decision_type=2 8 2 8 2 2 2 2 8 2 2 2 2 8
left_child=-1 2 5 4 12 8 -7 10 -2 -10 11 -8 13 -3
right_child=1 3 -4 -5 -6 6 7 -9 9 -11 -12 -13 -14 -15
leaf_value=-0.015041007519841224 0.0021152344804018348 -0.0014692119083620297 -0.0025255038132107818 0.00044218676426661171 -0.0046230669690576339 0.028146177598032632 0.0022712881420283346 0.025206885208772036 -0.0027004386800060978 -0.024329633813070226 -0.0051660553402921965 0.011019814436361915 0.010016372352142689 0.0065809588959273649
leaf_weight=315.24483899585903 10960.323947345838 15167.027302855626 3984.8070552898571 48369.428500324488 6737.3725072406232 209.07668319344521 3805.3856253856793 192.4973875246942 1628.0359653048217 177.55890289787203 833.62557372543961 1673.7378158764914 571.89843926392496 1157.0288617387414
leaf_count=2418 113520 86468 49658 213269 46300 2072 42004 2296 22213 2917 10617 16451 3757 6669
internal_value=0.000154285 0.000206032 0.00162989 -0.000258154 -0.0016911 0.00248077 0.00507599 0.00429246 0.00111289 -0.0049497 0.00361585 0.00495896 -0.000519911 -0.000894946
internal_weight=95783 95467.8 23465 72002.8 23633.3 19480.2 6714.32 6505.25 12765.9 1805.59 6312.75 5479.12 16896 16324.1
internal_count=620629 618211 261748 356463 143194 212090 73440 71368 138650 25130 69072 58455 96894 93137
is_linear=0
shrinkage=0.05


Tree=166
num_leaves=15
num_cat=0
split_feature=23 13 5 68 71 68 71 68 73 71 71 71 68 73
split_gain=25.9415 28.1267 29.4409 24.6018 20.6618 76.8864 63.2507 78.7531 114.558 61.6993 53.7857 61.2812 107.744 52.3972
threshold=0.054385194554924972 -0.12099803239107131 0.71871814131736766 -0.050872508436441415 0.019246594049036506 0.063508495688438429 0.018040064722299579 0.012159320060163738 0.58942979574203502 0.019818781875073913 0.017119774594902996 0.016351072117686275 0.033686492592096336 0.45168524980545049
decision_type=2 10 2 10 2 10 2 10 2 2 2 2 10 2
left_child=1 -1 -3 -2 5 6 10 -8 -9 -6 11 -4 -13 -11
right_child=3 2 4 -5 9 -7 7 8 -10 13 -12 12 -14 -15
leaf_value=-0.010028896895607084 0.012871135797383146 -0.011266682468073498 0.00027307955357540212 0.0022414385755033248 -0.016653258248939942 -0.014016146345471506 -0.011665559584450961 0.039476641863119666 0.0067153274425840754 -0.0056690417412632935 -0.011792600002463958 -0.0033147441110559597 0.0255194738703729 0.00084042346411640424
leaf_weight=702.2816150598228 643.93398251384497 571.72816027794033 69775.338360701688 3289.0093484148383 643.92153635900468 907.64872634410858 332.22455796971917 350.48230075091124 1049.3020374625921 4272.7175766555592 895.18046049587429 637.66347662545741 644.34318050555885 11106.447168496437
leaf_count=3136 2656 4146 463365 14163 4504 6250 1896 2177 7105 23833 6258 4433 4363 72384
internal_value=3.8732e-05 -0.000131662 -5.43464e-05 0.00401005 1.76321e-05 0.000367606 0.000546664 0.00996088 0.01514 -0.00161081 0.000318696 0.000472912 0.0112628 -0.000970578
internal_weight=95822.2 91889.3 91187 3932.94 90615.3 74592.2 73684.5 1732.01 1399.78 16023.1 71952.5 71057.3 1282.01 15379.2
internal_count=620669 603850 600714 16819 596568 495847 489597 11178 9282 100721 478419 472161 8796 96217
is_linear=0
shrinkage=0.05


Tree=167
num_leaves=15
num_cat=0
split_feature=15 73 69 69 69 69 72 72 69 72 72 69 73 71
split_gain=24.8984 29.9643 199.311 154.409 94.6419 91.2536 133.846 145.299 97.085 79.4922 114.927 109.517 81.3649 82.1786
threshold=16.750157356262211 0.31657269597053533 0.042114155367016799 0.057975972071290023 0.013193483930081131 -0.010371561627835034 0.011299594305455686 0.01375436130911112 0.0023779070470482115 0.014131831005215647 0.016337018460035328 -0.092523965984582887 0.18228262662887576 -0.03858648054301738
decision_type=8 2 10 10 10 10 10 10 10 8 10 10 2 2
left_child=-1 2 4 -4 5 6 -2 -8 -7 -9 11 -11 13 -12
right_child=1 -3 3 -5 -6 8 7 9 -10 10 12 -13 -14 -15
leaf_value=0.0013721080636319475 -0.019273164334635044 -0.0010131686066190677 0.038685356151232968 -0.00038516746179982891 -0.014356367798697076 0.021817551689551993 0.016566296566382584 -0.018683904928419662 -0.0020606910068033273 -0.0023441646691201904 -0.008271834013987461 0.022617963865651465 -0.012215397033672715 0.0077407523929905291
leaf_weight=22285.879288410768 873.96442586369812 60042.701516068541 603.55809034127742 429.84704536758363 1063.6353559754789 994.59963073581457 1290.0947268614545 610.45443903841078 735.92568850982934 818.7193355653435 1383.2017930075526 934.12996593117714 1826.8439288837835 1876.0727793285623
leaf_count=149293 4683 405132 2886 2220 6237 5283 6396 2990 4045 3801 5975 4357 8887 8344
internal_value=-9.14597e-05 -0.000535451 0.00159773 0.022586 -0.00016711 0.00117477 -0.000731793 0.00114228 0.0117096 -0.00154749 7.17676e-06 0.0110115 -0.00379946 0.000940664
internal_weight=95769.6 73483.7 13441 1033.41 12407.6 11344 9613.48 8739.52 1730.53 7449.42 6838.97 1752.85 5086.12 3259.27
internal_count=620529 471236 66104 5106 60998 54761 45433 40750 9328 34354 31364 8158 23206 14319
is_linear=0
shrinkage=0.05


Tree=168
num_leaves=15
num_cat=0
split_feature=54 53 71 69 73 11 84 72 74 69 73 72 69 71
split_gain=26.3634 40.8817 40.7084 72.1412 125.276 95.2378 85.5045 83.6681 70.7236 66.6914 48.3488 48.6104 68.1101 39.6703
threshold=0.29258005321025854 -0.11921763047575949 -0.017231309786438938 0.085405327379703536 0.5547769069671632 0.044096687808632858 1.5000000000000002 0.0071661747060716161 -0.020243629813194271 0.064686674624681487 0.44474020600318914 0.0089854989200830477 -0.019174007698893544 -0.03858648054301738
decision_type=8 10 2 8 2 8 2 10 2 10 2 10 10 2
left_child=1 13 3 6 5 -5 10 -8 -4 -9 11 -2 -13 -1
right_child=2 -3 8 4 -6 -7 7 9 -10 -11 -12 12 -14 -15
leaf_value=-0.0057972051016975624 -0.0093644861513575133 -0.005743119446855318 -0.013350701317799888 0.040519464242513931 -0.00071829244043168097 0.007319460549556539 0.018137138207005018 -0.0027860219751284273 0.00036910883786484558 -0.022117703165689326 0.016615286430177706 -0.0039187134596045626 0.018118458810278789 0.00016737849382967543
leaf_weight=3095.8239355795085 539.01434052921832 4126.1030509117991 946.67440518550575 489.20736901089549 859.96267943270504 390.08725070953369 407.04435372166336 3212.0422067912295 51738.705899308436 508.92343259882182 1042.1221848297864 634.21068518701941 765.97667360492051 27210.653204249218
leaf_count=14396 2852 60706 4784 2697 4423 1827 2390 15560 331859 2574 5321 2862 3655 165764
internal_value=2.75246e-05 -0.00108015 0.00064742 0.00378346 0.0128804 0.0260387 0.00154298 -0.00311504 0.000120098 -0.00548225 0.00798145 0.00328021 0.00817978 -0.000443618
internal_weight=95966.6 34432.6 61534 8848.59 1739.26 879.295 7109.33 4128.01 52685.4 3720.97 2981.32 1939.2 1400.19 30306.5
internal_count=621670 240866 380804 44161 8947 4524 35214 20524 336643 18134 14690 9369 6517 180160
is_linear=0
shrinkage=0.05


Tree=169
num_leaves=15
num_cat=0
split_feature=65 72 72 68 73 74 68 70 71 74 71 71 70 70
split_gain=25.7191 44.3273 53.9746 34.9565 123.256 116.764 115.965 118.224 79.9619 346.476 77.2198 184.918 86.7462 81.5093
threshold=-0.085024736821651445 0.011299594305455686 0.010644874069839718 0.012159320060163738 0.54551473259925853 0.00039116016705520456 -0.00051150936633348454 -0.00046116432349663222 -0.010008481796830891 -0.0016743718879297374 -0.00025926860689651216 0.00021099071454955268 -0.0061706644482910624 0.0045004999265074739
decision_type=10 10 8 10 2 2 10 2 2 2 2 2 2 2
left_child=1 2 -1 4 -2 8 -6 -8 9 -5 12 -12 -10 -13
right_child=3 -3 -4 5 6 -7 7 -9 10 -11 11 13 -14 -15
leaf_value=-0.0025694503070281334 0.00037651607770584927 0.001747340348336847 -0.017770089252270662 0.0033424185724280557 0.01315567171911204 -0.00098773770999233384 -0.02170535281795434 -0.0036514757175515077 0.0068538421639562615 0.053204058521630994 0.042830656734009556 0.0030092120001773471 -0.0079629414256186803 0.01925977987574963
leaf_weight=12345.369702662341 28643.810805208981 6575.3925402807072 603.47937230952084 1767.4331336794421 517.28852677438408 23833.373533196747 1672.0420914413407 1978.1220329422504 1518.5825059898198 424.42127623502165 305.01254628226161 12107.505729428492 2785.0849475599825 814.8172994852066
leaf_count=64341 173244 29241 2874 10748 2975 179068 11398 15491 10353 2683 2053 90424 21222 5266
internal_value=2.4817e-05 -0.00159418 -0.00329104 0.000438888 -0.000793493 0.00136722 -0.00881687 -0.0119582 0.00421204 0.0131952 0.00308202 0.00497397 -0.00273096 0.00404799
internal_weight=95891.7 19524.2 12948.8 76367.5 32811.3 43556.2 4167.45 3650.16 19722.9 2191.85 17531 13227.3 4303.67 12922.3
internal_count=621381 96456 67215 524925 203108 321817 29864 26889 142749 13431 129318 97743 31575 95690
is_linear=0
shrinkage=0.05


Tree=170
num_leaves=15
num_cat=0
split_feature=53 54 74 73 72 74 27 51 15 72 72 72 72 73
split_gain=28.4408 43.8725 37.4481 35.7079 32.7888 38.8869 30.2436 28.5707 53.4186 31.7224 28.4594 120.576 70.4206 118.032
threshold=-0.10128282755613326 0.81308406591415416 -0.0031576588517054911 0.69331428408622753 0.0037550557171925907 -0.00068372907117009152 0.97731718420982372 -0.10492269322276114 23.473388671875004 0.012690350878983738 0.011299594305455686 0.010930435732007028 0.013127529062330725 0.34401187300682073
decision_type=10 10 2 2 10 2 2 8 8 10 10 10 10 2
left_child=7 4 3 -3 5 -2 -6 10 9 -9 11 -1 13 -12
right_child=1 2 -4 -5 6 -7 -8 8 -10 -11 12 -13 -14 -15
leaf_value=-0.00053448739113372919 0.021809084005172754 0.0027749054952677641 -0.00083080028236312629 0.015550552817075659 -0.0059149764018920576 -0.0010256991786057553 -0.0011991381806679656 0.0053068042406928624 -0.00097291797963943013 -0.00074451591026917347 0.017536178394903051 -0.020996532183388521 -0.00036122702184035428 0.0013229580536399095
leaf_weight=28704.828783182427 266.9791187113151 2263.6791741307825 6830.9452527901158 713.84473763220012 7257.45307894703 567.84428945556283 6400.2415950298309 10675.570643951185 8570.0987358875573 2713.4175264853984 1621.9247160237283 728.49213937669992 14896.035554237664 3602.236244359985
leaf_count=151186 4143 11825 38575 3819 87991 9592 61268 82288 57015 15871 7479 3658 68907 17210
internal_value=0.00010588 -0.00137155 0.00121017 0.0058796 -0.00311847 0.00644865 -0.00370754 0.000608052 0.00210891 0.0040808 -5.73283e-05 -0.00104789 0.00139155 0.0063805
internal_weight=95813.6 24301 9808.47 2977.52 14492.5 834.823 13657.7 71512.6 21959.1 13389 49553.5 29433.3 20120.2 5224.16
internal_count=620827 217213 54219 15644 162994 13735 149259 403614 155174 98159 248440 154844 93596 24689
is_linear=0
shrinkage=0.05


Tree=171
num_leaves=15
num_cat=0
split_feature=14 70 9 70 72 26 0 72 68 72 69 68 68 69
split_gain=22.0798 32.5902 29.9984 26.8226 36.8301 27.3681 24.006 24.0048 112.868 181.745 170.429 105.456 222.487 110.101
threshold=-0.19381154328584668 -0.0050334716215729705 0.011503449175506832 -0.001272638270165771 0.010094760451465847 0.1379903852939606 0.012465401086956264 0.013127529062330725 -0.014668037649244068 0.0086420350708067434 0.053051881492137916 -0.029210126958787438 -0.025118615478277203 0.0023779070470482115
decision_type=8 2 2 2 10 10 2 8 8 10 8 10 10 10
left_child=1 2 -1 4 -3 -5 -2 8 9 -8 11 13 -13 -11
right_child=6 3 -4 5 -6 -7 7 -9 -10 10 -12 12 -14 -15
leaf_value=0.00098571111719255168 -0.014082907458000574 0.0026954211267939624 -0.012213021888570263 0.0042805507786820773 0.021863472675250174 -0.0068907789339681686 -0.0064476166336390724 -0.0018255789324024226 -0.00051149249536644795 0.0086344979423016166 0.040384493390389527 0.048310824201629271 0.008107991948818739 -0.012784920602086717
leaf_weight=1444.1817371528596 304.60418358072639 532.93906016461551 602.54163118824363 4166.3076978325844 468.52315061539412 621.93448219634593 2069.5763664394617 18858.009275719523 61280.700360675342 1881.4592254217714 442.55240845307708 431.15521781891584 1591.7553492318839 868.80585926957428
leaf_count=6113 14648 2394 2558 18299 1959 2685 12719 98647 431133 9854 2269 2210 9161 4756
internal_value=-6.86495e-05 0.00247252 -0.0029404 0.00438781 0.0117905 0.00281819 -0.000295897 -0.000246255 0.000188316 0.00606743 0.0110362 0.00823635 0.0168722 0.00184632
internal_weight=95565 7836.43 2046.72 5789.7 1001.46 4788.24 87728.6 87424 68566 7285.3 5215.73 4773.18 2022.91 2750.27
internal_count=619405 34008 8671 25337 4353 20984 585397 570749 472102 40969 28250 25981 11371 14610
is_linear=0
shrinkage=0.05


Tree=172
num_leaves=15
num_cat=0
split_feature=53 54 27 65 72 84 72 72 74 71 74 72 72 74
split_gain=21.7868 35.3699 36.0622 24.7783 28.4522 60.0397 109.438 66.0678 48.3751 40.7723 49.553 40.5366 36.1927 32.5133
threshold=-0.028848987072706219 1.1508265137672427 1.4876836538314822 -0.049151442945003503 0.011809141840785744 1.5000000000000002 0.0095896571874618548 0.0064523604232817897 -0.0097385286353528482 0.012859357055276634 -0.00071843568002805103 0.0064523604232817897 0.011299594305455686 0.013391949702054264
decision_type=10 8 2 8 10 2 10 10 2 2 2 10 10 2
left_child=3 2 -2 4 5 7 9 -1 -9 -7 11 -11 -8 -10
right_child=1 -3 -4 -5 -6 6 12 8 13 10 -12 -13 -14 -15
leaf_value=-0.0045506053111613364 -0.0066912538630575615 0.0028459982079085638 0.0051575258820999595 0.000840145136305125 0.001401998628811832 -0.0036727603422231307 -0.017074046751486653 0.015728312966143496 0.0013141094305785966 0.026460780567849385 -0.0012384215702290285 0.0039725791456751069 -0.001176871307179033 0.01609922603260305
leaf_weight=3024.2842961102724 4258.8761265994981 2068.4664135091007 748.2463495451957 58298.656221355312 9196.7077850289643 7999.4144538892433 1835.0850313594565 826.38810214400291 4163.8654503636062 343.99633997678757 1716.266399779357 471.65623894054443 446.15433017536998 398.58459327556193
leaf_count=20037 57512 11245 6873 378799 42790 47688 9545 4027 22941 2199 10845 2646 2120 2012
internal_value=2.35199e-05 -0.00264454 -0.00491386 0.000236575 -0.000919948 -0.00192619 -0.00407983 0.0013546 0.00467097 -0.00192329 0.00359673 0.0136624 -0.0139837 0.00263815
internal_weight=95796.6 7075.59 5007.12 88721.1 30422.4 21225.7 12812.6 8413.12 5388.84 10531.3 2531.92 815.653 2281.24 4562.45
internal_count=621279 75630 64385 545649 166850 124060 75043 49017 28980 63378 15690 4845 11665 24953
is_linear=0
shrinkage=0.05


Tree=173
num_leaves=15
num_cat=0
split_feature=74 74 68 68 69 11 69 70 68 68 71 84 68 70
split_gain=27.2873 139.051 83.5326 196.154 144.835 66.3141 58.8922 51.1588 105.659 198.047 322.26 98.6624 66.4488 48.9869
threshold=0.01787667348980904 0.018669389188289646 -0.01580233313143253 0.0018470055656507613 -0.078316114842891679 -0.010463013313710688 -0.10806193202733992 0.01310931518673897 0.025959110818803314 0.00879424996674061 0.016177100129425529 1.0000000180025095e-35 -0.0097816442139446718 0.014134839642792942
decision_type=2 2 10 10 10 8 8 2 8 10 2 2 10 2
left_child=7 -2 4 -4 6 -6 -3 -1 9 11 -11 -9 -13 -5
right_child=1 2 3 13 5 -7 -8 8 -10 10 -12 12 -14 -15
leaf_value=8.2472025799969345e-05 0.031426450791766578 -0.0041513450960141097 0.035528147134809437 0.012557586965238532 -0.027097900060219039 -0.0017393861624817473 0.015046563790844059 -0.032331845944526968 -0.018375596582746699 0.046349216182728629 -0.012723865849140687 0.0059538222552021798 -0.016398153712190649 -0.0032146241054988446
leaf_weight=85922.184241713025 399.69918426219374 855.84365455713123 493.55603584367782 674.64770318474621 751.94447611644864 391.83151451963931 733.75089646037668 381.94237948581576 1156.2002332862467 477.51763005275279 432.04785838350654 757.66288844216615 577.44199394062161 1743.1388335702941
leaf_count=567517 2135 3912 2683 3683 3664 2217 3561 2232 7205 2651 2691 3618 3540 9356
internal_value=5.08808e-05 0.00329976 0.00125607 0.0071379 -0.00501192 -0.018501 0.004749 -0.000168375 -0.00585127 -0.000289445 0.018456 -0.0102688 -0.0037636 0.00121998
internal_weight=95749.4 6044.41 5644.71 2911.34 2733.37 1143.78 1589.59 89705 3782.81 2626.61 909.565 1717.05 1335.1 2417.79
internal_count=620665 31211 29076 15722 13354 5881 7473 589454 21937 14732 5342 9390 7158 13039
is_linear=0
shrinkage=0.05


Tree=174
num_leaves=15
num_cat=0
split_feature=73 72 72 72 73 70 74 71 70 74 70 70 74 74
split_gain=22.9512 81.9083 158.99 282.733 158.577 105.896 91.1527 59.69 58.1262 85.2837 56.3515 70.8472 81.765 145.717
threshold=0.31214115023612982 0.0087738805450499075 0.010837176349014046 0.011299594305455686 0.29116751253604894 -0.00037864850310143078 -0.013313312549144028 -0.003647088422439992 0.0015002911677584054 -0.0095188859850168211 -0.030092630535364148 -0.025032086297869679 -0.01893995143473148 -0.017551141791045662
decision_type=2 10 10 10 2 2 2 2 2 2 2 2 2 2
left_child=1 5 8 -4 -5 6 -1 -6 9 -3 -2 -12 -13 -14
right_child=10 2 3 4 7 -7 -8 -9 -10 -11 11 12 13 -15
leaf_value=0.00068877556385522865 -0.020985951809453774 0.025471310195712478 -0.030980788495640749 0.0009677038164670192 0.030727760697367285 0.012337256810011915 -0.025058553758324553 0.0086158315427695194 0.033423340082300815 -0.0051478812070011835 0.02149906270669065 -0.010665295627899371 0.026285318726397611 -0.00039223408681889082
leaf_weight=569.28010544367135 322.71996244881302 488.05277910269797 637.08023911062628 10491.407444075681 617.94157622940838 469.3678293377161 855.69304816517979 614.87834545783699 461.49394413642585 413.28377314005047 358.77313177194446 1908.0645982660353 505.2947540236637 76960.503447799943
leaf_count=3171 1801 2415 3643 49437 2996 2859 5076 3115 2263 2302 1783 10546 2617 526159
internal_value=-0.000109489 0.00164317 0.00298965 0.00119585 0.00296921 -0.00807625 -0.0148393 0.0198573 0.0191327 0.0115293 -0.000451589 -0.000365855 -0.000467381 -0.000214851
internal_weight=95673.8 15618.5 13724.1 12361.3 11724.2 1894.34 1424.97 1232.82 1362.83 901.337 80055.4 79732.6 79373.9 77465.8
internal_count=620183 77277 66171 59191 55548 11106 8247 6111 6980 4717 542906 541105 539322 528776
is_linear=0
shrinkage=0.05


Tree=175
num_leaves=15
num_cat=0
split_feature=28 73 73 73 0 73 74 73 74 70 74 70 74 73
split_gain=24.2126 23.5892 81.2949 56.0518 23.668 23.0537 87.5117 112.722 90.9964 85.5947 78.3235 149.992 53.8853 52.309
threshold=2.186293482780457 0.86026260256767284 0.85343152284622203 0.89526334404945385 0.047380596399307258 0.78959435224533092 -0.0081339208409190161 0.81096738576889049 0.00056670370395295333 -0.0015428927144967017 0.0044806490186601886 0.0067044897004961976 0.016875865869224075 0.68571081757545482
decision_type=2 2 2 2 2 2 2 2 2 2 2 2 2 2
left_child=1 2 5 -3 -5 13 -7 8 -8 -9 -10 -12 -11 -1
right_child=-2 3 -4 4 -6 6 7 9 10 12 11 -13 -14 -15
leaf_value=0.00032601306522267931 -0.0077651198330223326 -0.013472711435453762 0.024045699622855903 -0.0030504728634466734 0.013028559245837382 -0.019412235243557216 0.032261594774241086 0.013669062904295638 -0.010490520054381509 -0.0088362167736056423 0.044221880961131409 0.0010491505225009724 0.0099941467806173509 -0.0029293969249611393
leaf_weight=71983.858378302306 1020.1941497093067 1027.9659280497581 341.83819546364248 568.16120506636798 370.01126745343208 389.57987103052437 522.46654797066003 775.80223337654024 403.2265931898728 1994.9051176765934 296.52021403517574 586.8719084598124 459.93894450459629 14882.307430402376
leaf_count=453645 4823 8151 2174 4039 1534 2367 3238 4515 3013 13041 2022 3959 2519 111059
internal_value=-0.000141176 -5.81477e-05 5.71557e-05 -0.00546363 0.00336156 -3.42869e-05 0.0031235 0.00490054 0.014856 -0.000702933 0.00759371 0.0158733 -0.00528193 -0.000231992
internal_weight=95623.6 94603.5 92637.3 1966.14 938.172 92295.5 5429.31 5039.73 1809.09 3230.65 1286.62 883.392 2454.84 86866.2
internal_count=620099 615276 601552 13724 5573 599378 34674 32307 12232 20075 8994 5981 15560 564704
is_linear=0
shrinkage=0.05


Tree=176
num_leaves=15
num_cat=0
split_feature=50 69 69 69 69 69 69 22 13 26 65 69 69 69
split_gain=21.1583 28.0758 55.1854 35.9515 46.7668 28.6901 23.6751 18.2069 17.9447 24.3478 35.4037 35.4032 95.2437 33.3237
threshold=0.013728720135986807 -0.060190718621015542 -0.12003959342837332 0.050430154427886016 0.040939569473266609 -0.14871805161237714 0.027364170178771022 96.928554534912124 -0.12099803239107131 -0.26360532641410822 -0.086658280342817293 0.03457372076809407 0.027364170178771022 0.022057925350964073
decision_type=2 10 10 10 10 10 10 10 10 10 10 10 10 10
left_child=1 2 5 4 6 -1 -3 8 -2 -10 -11 12 13 -12
right_child=7 3 -4 -5 -6 -7 -8 -9 9 10 11 -13 -14 -15
leaf_value=-0.0079017841884972042 -0.0069844243763449408 0.0025585949237268667 -0.021181282511168568 -0.0041962329130278073 0.016423174793680922 0.010957469798205199 -0.0091960847384170135 -0.008562899225102517 0.003078247007946738 -0.0024965347797358661 -0.00057640911277990667 0.0014031918113924337 -0.011962242699208217 0.0076488356291044739
leaf_weight=522.82030513137579 823.2188556343317 2102.710527443327 538.86316242720932 4054.3018014002591 522.66235475987196 314.50680041592568 527.30500768031925 570.99945076089352 7653.885007253848 11046.454005109146 20453.838545250706 43469.707643774338 1818.7169405184686 1300.233116555959
leaf_count=3996 3641 12764 2948 31993 3984 1447 3925 4783 34055 55563 122924 317505 12506 9095
internal_value=2.54108e-05 -0.00234167 -0.00885887 -0.00108664 0.00291287 -0.000772379 0.000175934 0.000258815 0.000317986 0.000388903 0.000124947 0.000557191 -0.00100282 -8.15006e-05
internal_weight=95720.2 8583.17 1376.19 7206.98 3152.68 837.327 2630.02 87137.1 86566.1 85742.8 78089 67042.5 23572.8 21754.1
internal_count=621129 61057 8391 52666 20673 5443 16689 560072 555289 551648 517593 462030 144525 132019
is_linear=0
shrinkage=0.05


Tree=177
num_leaves=15
num_cat=0
split_feature=23 16 72 72 71 71 84 71 72 71 72 73 72 68
split_gain=33.4313 31.135 31.8362 122.649 90.5939 122.674 152.041 118.111 103.284 90.1024 89.4402 83.1464 122.742 202.912
threshold=0.036573024466633804 19.213536262512211 0.016764153726398948 0.016498443670570854 0.01482114475220442 -0.028476950712501999 2.5000000000000004 0.030070615001022819 0.019159799441695217 -0.0079722814261913282 0.018922424875199798 0.31214115023612982 0.013127529062330725 -0.011028180364519356
decision_type=2 2 8 10 2 2 2 2 10 2 10 2 10 10
left_child=1 2 3 11 5 -4 9 10 -8 -7 -6 -1 -13 -14
right_child=-2 -3 4 -5 7 6 8 -9 -10 -11 -12 12 13 -15
leaf_value=0.0047333754821509101 0.0030644562660102808 -0.0033135292452881947 -0.0085675865854932202 0.029343256391457368 -0.037252777619151849 0.011736662442052353 0.030081946837371493 -0.0021418112259813395 0.0034780954384439548 -0.01045872084377634 -0.0098697751779074985 0.00026930278430131927 -0.01834891113285787 0.00070350104719575819
leaf_weight=8866.2794122733176 8111.0906640924513 7745.5215777475387 2029.7319727977738 353.08014167286456 514.65481046400964 713.40531050413847 856.7659642258659 2145.3119550636038 635.01830216124654 1233.5698191421106 714.75571064278483 56086.923975964077 2427.0117850890383 3274.5446714153513
leaf_count=46266 36107 57031 9085 1929 3215 3414 4066 11071 2904 6479 3641 402359 14083 19049
internal_value=-4.48921e-06 -0.000288979 4.77985e-06 0.000357233 -0.0028225 0.00115471 0.00690151 -0.00925166 0.0188559 -0.00230753 -0.0215409 0.000208251 -0.000441739 -0.00742457
internal_weight=95707.7 87596.6 79851.1 71007.8 8843.21 5468.49 3438.76 3374.72 1491.78 1946.98 1229.41 70654.8 61788.5 5701.56
internal_count=620699 584592 527561 483686 43875 25948 16863 17927 6970 9893 6856 481757 435491 33132
is_linear=0
shrinkage=0.05


Tree=178
num_leaves=15
num_cat=0
split_feature=22 72 72 71 73 69 72 69 72 73 69 69 72 73
split_gain=24.5615 23.959 93.5873 128.526 125.55 112.391 48.2854 107.117 74.9559 72.6479 52.4678 54.0109 51.7477 83.2042
threshold=95.12396621704103 0.0045173054095357665 0.0041028575506061324 0.016855728812515739 0.55222755670547496 0.054229855537414558 0.0053601104300469169 0.1405192241072655 0.0052171091083437213 0.73436504602432262 0.051645699888467796 0.061183419078588493 0.0059653329662978658 0.48592373728752142
decision_type=10 10 8 2 2 8 10 8 10 2 10 10 10 2
left_child=1 2 3 4 -1 -6 7 8 9 10 -3 -12 13 -8
right_child=-2 6 -4 -5 5 -7 12 -9 -10 -11 11 -13 -14 -15
leaf_value=-0.022155432673429037 -0.0059218674948421889 0.017647040172184821 -0.0091321042783747836 0.026543168765032911 0.032054055064138422 3.191117275032785e-05 0.010061658797965112 0.031249739619439755 0.013960700581837782 -0.013207717313416276 -0.014421854416549296 0.0032930913594315676 0.00032808537960792619 -0.007764934463506107
leaf_weight=588.51150395348668 1722.2195799602196 516.72459458187222 3218.0477901967242 464.29644674155861 285.84662496205419 3713.101969262585 767.99511718377471 344.38667103368789 1218.1880207946524 833.76498417183757 494.51401804480702 2914.5734706735238 74365.566929230466 4146.4861521879211
leaf_count=4946 14406 4452 27623 3875 2832 35677 5489 2552 9545 7472 4551 23084 441858 31990
internal_value=-2.22234e-05 8.66335e-05 -0.00248169 0.0017644 -0.000795741 0.00239511 0.000335014 0.00453663 0.00294804 0.000106043 0.00296 0.000688739 -5.72393e-07 -0.00496436
internal_weight=95594.2 93872 8269.8 5051.76 4587.46 3998.95 85602.2 6322.15 5977.77 4759.58 3925.81 3409.09 79280 4914.48
internal_count=620352 605946 74953 47330 43455 38509 530993 51656 49104 39559 32087 27635 479337 37479
is_linear=0
shrinkage=0.05


Tree=179
num_leaves=15
num_cat=0
split_feature=76 72 71 69 74 71 71 71 53 69 74 74 74 71
split_gain=24.2928 21.886 23.5095 65.4474 55.4681 58.717 64.6432 50.1213 52.1623 48.0866 38.6061 70.3987 50.0959 52.2096
threshold=0.014013079460710289 0.032666085287928588 0.019246594049036506 0.060374360531568534 0.009531359653919937 0.03071474097669125 0.047184959053993232 0.022238844074308876 -0.16000503301620481 -0.001070204365532845 0.01787667348980904 0.019643529318273071 0.015671651810407642 0.018040064722299579
decision_type=8 10 2 10 2 2 2 2 8 10 2 2 2 2
left_child=1 2 10 4 5 -4 9 -5 -9 -7 12 -12 13 -1
right_child=-2 -3 3 7 -6 6 -8 8 -10 -11 11 -13 -14 -15
leaf_value=0.00068003263024009981 -0.00092085031063939688 0.0087737898832383147 -0.0095438227309759659 -0.0069089508158871951 -0.01460517445706511 0.020404546370333308 -0.013554467994392036 0.014134774091984485 5.2738504222835504e-05 -0.0024039815385140345 0.025712805252264305 0.0019030496072609635 -0.013712719278504088 0.014368645886166952
leaf_weight=32630.986972977407 51970.712071689777 809.16487009078264 1321.0923638697714 952.53748499415815 1352.5151020130143 603.41264147683978 327.64683299697936 1189.3593617994338 1456.0045799901709 367.66001439280808 430.60598019510508 1057.1189139727503 581.06016949750483 701.82360842917114
leaf_count=234961 315398 3669 9507 7008 8118 3497 2058 6599 11324 2416 2340 5871 3487 4901
internal_value=-0.000189963 0.000677657 0.0005232 -0.00200412 -0.00642127 -0.00215674 0.00537311 0.00287698 0.00641343 0.0118325 0.00106405 0.00892019 0.000716894 0.00097247
internal_weight=95751.7 43781 42971.8 7570.23 3972.33 2619.81 1298.72 3597.9 2645.36 971.073 35401.6 1487.72 33913.9 33332.8
internal_count=621154 305756 302087 50527 25596 17478 7971 24931 17923 5913 251560 8211 243349 239862
is_linear=0
shrinkage=0.05


Tree=180
num_leaves=15
num_cat=0
split_feature=59 84 2 27 13 68 68 5 68 27 68 71 68 71
split_gain=26.6133 34.5307 26.6389 29.857 29.5813 28.7228 55.3729 27.1257 35.318 29.7231 28.2992 143.583 103.856 82.2483
threshold=6.5000000000000009 2.5000000000000004 0.064636517316102995 0.38969913125038153 0.11255203559994699 -0.13279618322849271 -0.097785618156194673 1.2742424607276919 -0.050872508436441415 2.2845537662506108 0.012159320060163738 -0.0086856675334274751 0.010503562167286875 0.055846257135272033
decision_type=10 2 2 2 8 8 8 2 10 2 8 2 10 2
left_child=2 -2 3 -1 5 -5 -7 10 -9 -10 12 -12 -8 -13
right_child=1 -3 -4 4 -6 6 7 8 9 -11 11 13 -14 -15
leaf_value=-0.0069633873253882421 -0.010735221476023217 0.0027143179308911657 0.0028790555137406188 0.011845379124853762 -0.014619945017613142 -0.016734894927893488 -0.00060159167896533475 0.018580761905336401 -0.0011176581365111319 0.010251807603242263 0.0091988255129214665 -0.00038356403780311755 -0.014079466230507999 0.026227341553135532
leaf_weight=1558.5147306602448 1253.3539546653628 761.5155016258359 8045.3336021453142 503.74768969230354 334.61878409050405 482.17418717965484 31232.3349503465 390.60306467115879 1748.2156047318131 845.25910358130932 4480.9636993668973 42304.9101346815 1487.9403799232095 282.3741464484483
leaf_count=11200 5196 3159 32771 2195 1649 2122 190822 1822 9661 4345 26974 315886 11549 1522
internal_value=7.54723e-06 -0.0056637 0.000130094 -0.000128425 -9.3809e-07 5.92038e-05 -1.35246e-05 8.58919e-05 0.00475819 0.002613 -8.94255e-05 0.000695636 -0.00121861 -0.000201005
internal_weight=95711.9 2014.87 93697 85651.7 84093.1 83758.5 83254.8 82772.6 2984.08 2593.47 79788.5 47068.2 32720.3 42587.3
internal_count=620873 8355 612518 579747 568547 566898 564703 562581 15828 14006 546753 344382 202371 317408
is_linear=0
shrinkage=0.05


Tree=181
num_leaves=15
num_cat=0
split_feature=72 68 68 54 73 68 72 71 72 71 68 68 68 73
split_gain=26.8549 36.8003 49.4262 29.2318 28.2007 113.704 93.8568 79.3134 97.1 147.689 77.3551 73.8718 126.944 200.888
threshold=0.0033816430950537328 0.015907374210655693 0.021913200616836551 0.52067303657531749 0.63014149665832531 0.036895120516419418 0.0067768669687211522 0.055846257135272033 0.016764153726398948 -0.002452665707096457 0.040317663922905929 0.023349799215793613 0.022230838425457481 0.58942979574203502
decision_type=8 10 10 10 2 10 10 2 10 2 10 10 10 2
left_child=1 -1 -3 -4 5 11 -7 8 -6 -10 -8 12 -2 -14
right_child=4 2 3 -5 7 6 10 -9 9 -11 -12 -13 13 -15
leaf_value=-0.0097003019592008313 0.00040626392788401384 0.030471555057611538 -0.00044722488364844849 0.018366006682476652 -0.00086448755031212502 0.00016499847401318663 0.039108530120298989 0.020956842681056985 0.0049510725889820185 -0.024859418841896408 0.012365622573109579 -0.0044193491724838444 0.0021049487400079613 0.043424953610963213
leaf_weight=269.99618303310126 49087.135342354886 236.37306632660329 675.95481839030981 286.99361128173769 31473.214232535101 1143.250234589912 360.9949516505003 387.96638317406178 684.80835130531341 1035.3111737687141 1062.0601121224463 7765.2172570303082 866.84269873704761 436.09398652985692
leaf_count=2727 293801 2222 8014 2266 224918 7483 2083 1985 3332 5904 6573 51452 5283 3193
internal_value=3.4192e-05 0.00671873 0.0104647 0.00529094 -7.066e-05 0.000572327 0.0108512 -0.00123313 -0.00149872 -0.0130313 0.0193752 0.000116948 0.000816739 0.0161602
internal_weight=95772.2 1469.32 1199.32 962.948 94302.9 60721.6 2566.31 33581.3 33193.3 1720.12 1423.06 58155.3 50390.1 1302.94
internal_count=621236 15229 12502 10280 606007 369868 16139 236139 234154 9236 8656 353729 302277 8476
is_linear=0
shrinkage=0.05


Tree=182
num_leaves=15
num_cat=0
split_feature=69 69 5 69 74 74 74 70 58 19 74 74 74 12
split_gain=23.7334 68.0457 70.5781 46.0708 51.3107 59.0812 42.3009 58.2987 38.146 37.7597 36.3421 123.077 78.0881 70.4923
threshold=-0.013561757747083901 -0.024339721538126465 0.96350029110908519 -0.0073923738673329345 0.012336602434515955 0.0032758259912952785 -0.0047707560006529084 0.0027707563713192944 0.037042506039142616 0.0020379631314426665 0.0060593758244067439 0.0073122554458677777 0.0047900979407131681 0.23490392416715625
decision_type=8 10 2 8 2 2 2 2 2 8 2 2 2 8
left_child=1 8 6 4 5 -2 -3 -8 9 -1 12 -12 -5 -14
right_child=3 2 -4 10 -6 -7 7 -9 -10 -11 11 -13 13 -15
leaf_value=-0.0025929379695812734 -0.011761807732203627 0.0056898926515387173 0.0014562377858156315 -0.00011976071498976252 -0.024492144776915605 0.011903098831234518 0.036605450043946226 0.010073399071557876 0.012721242631044192 0.0025717303093368555 -0.010818887818408769 -0.00029982598550412908 0.011914739730730921 -0.0029485295535576017
leaf_weight=8065.019816367887 751.56770737934858 547.36317954119295 1692.2580824578181 53182.846982079558 386.9289716463536 394.00389766786247 420.77907251100987 418.79052189085633 572.6088879108429 6290.3344351807609 3360.9455372439697 15886.501063358039 2585.6882317727432 1146.754815576598
leaf_count=40186 4294 2935 8571 369478 2170 2283 2179 2250 2398 31031 24239 101569 19779 7277
internal_value=-5.79413e-05 0.00157709 0.00833178 -0.000437041 -0.00899199 -0.00359001 0.0166505 0.0236452 0.000179157 -0.000329631 -0.000263746 -0.0021413 0.000371466 0.00735248
internal_weight=95702.4 18007.2 3079.19 77695.2 1532.5 1145.57 1386.93 839.57 14928 14355.4 76162.7 19247.4 56915.3 3732.44
internal_count=620639 89550 15935 531089 8747 6577 7364 4429 73615 71217 522342 125808 396534 27056
is_linear=0
shrinkage=0.05


Tree=183
num_leaves=15
num_cat=0
split_feature=15 27 71 71 71 63 84 71 74 73 74 74 74 71
split_gain=29.3458 24.9338 30.9867 86.5221 76.4208 72.321 65.135 83.4945 89.6535 79.3064 59.8899 56.172 51.1463 86.8449
threshold=10.138448238372805 0.61411067843437206 -0.025046838447451588 -0.023672427050769326 -0.026638220995664593 0.32205952703952795 1.0000000180025095e-35 -0.032646914944052689 -0.011842650827020405 0.45537950098514562 -0.031177265569567677 -0.0040827426128089419 -0.01893995143473148 0.0013411640538834038
decision_type=8 2 2 2 2 10 2 2 2 2 2 2 2 2
left_child=-1 -2 4 5 6 -4 7 8 -3 -8 -5 -6 13 -12
right_child=1 2 3 10 11 -7 9 -9 -10 -11 12 -13 -14 -15
leaf_value=0.0073613781409653427 -0.0019196625850191617 0.0044874901899753595 0.031207417539848892 0.018257503587183709 -0.03096096869788877 0.0026790208744805317 -0.0011126661488984238 -0.0072259926576483807 0.033372070865491939 -0.017169490831052913 -0.002054280372524162 -0.004878249113687087 0.00058711750106190438 -0.029399224009494476
leaf_weight=1352.6009381283075 14710.879318598658 694.92959494236857 411.54127596132457 461.29324804618955 369.36212250497192 474.03473125305027 6709.8446821179241 598.73147099837661 431.80929600633681 858.81083432398736 1268.0738953836262 462.73271591961384 66608.557086567394 367.25875923037529
leaf_count=9578 96636 3372 2057 2150 2127 2455 33093 3059 2014 4639 7088 2519 448506 1955
internal_value=7.60789e-05 -2.90454e-05 0.000320044 0.000696154 -0.00226285 0.016137 -0.000954976 0.00778392 0.0157534 -0.00295488 0.000494809 -0.0166864 0.000372086 -0.0083367
internal_weight=95780.5 94427.9 79717 69590.8 10126.2 885.576 9294.13 1725.47 1126.74 7568.66 68705.2 832.095 68243.9 1635.33
internal_count=621248 611670 515034 464211 50823 4512 46177 8445 5386 37732 459699 4646 457549 9043
is_linear=0
shrinkage=0.05


Tree=184
num_leaves=15
num_cat=0
split_feature=54 70 71 70 69 71 73 70 54 53 70 70 71 72
split_gain=25.1518 57.2727 41.3517 77.2014 52.949 44.1853 39.1257 49.3675 37.8691 33.6136 29.8412 78.5068 176.296 58.8051
threshold=1.0518192648887636 0.016850572079420093 0.012859357055276634 0.0088483775034546869 0.1405192241072655 0.019246594049036506 0.51505300402641307 -0.00028993083105888212 1.2069456577301028 -0.018027449026703831 0.01310931518673897 0.012101775966584684 -0.0025536864995956417 0.012456668540835382
decision_type=8 2 2 2 10 2 2 2 10 10 2 2 2 10
left_child=9 2 -2 4 5 6 -4 -8 -3 10 11 -1 -13 -14
right_child=1 8 3 -5 -6 -7 7 -9 -10 -11 -12 12 13 -15
leaf_value=-0.00028229469792255053 -0.00061914606124523165 0.023266282743339028 0.027294642962075889 -0.0067046687484625363 -0.0043093130108975185 0.0044633773781950293 0.023105169917917348 0.0044099572158637036 0.0029804374753145783 -0.0059046569281451782 -0.0035013126134937492 0.041882210265595216 -0.012450636588750079 0.013720409467528902
leaf_weight=59932.714545873925 16482.208033990115 466.69831114541739 431.71501554176211 1387.0150461932644 968.53626009542495 2937.4429510161281 510.00110172666609 1120.5077312160283 451.15250736940652 2859.7839564448223 6873.3596041183919 350.45090582966805 438.33101032767445 401.78615457005799
leaf_count=402832 90201 2225 2092 6833 4801 15491 2757 5764 1942 40257 37935 1805 2928 2245
internal_value=-0.000124656 0.00124704 0.000772317 0.00388704 0.00635565 0.00842615 0.014022 0.0103628 0.0134347 -0.000603996 -0.000380227 -2.87431e-05 0.012631 7.98339e-05
internal_weight=95611.7 24755.3 23837.4 7355.22 5968.2 4999.67 2062.22 1630.51 917.851 70856.4 67996.6 61123.3 1190.57 840.117
internal_count=620108 132106 127939 37738 30905 26104 10613 8521 4167 488002 447745 409810 6978 5173
is_linear=0
shrinkage=0.05


Tree=185
num_leaves=15
num_cat=0
split_feature=71 6 68 58 1 68 72 71 68 63 68 68 68 72
split_gain=27.4454 40.0338 62.082 30.006 36.2143 27.3382 54.6027 124.164 113.378 105.5 52.1839 97.0939 168.582 70.5557
threshold=0.048369815573096282 0.91296315193176281 0.03165980055928231 -0.0033914181403815742 0.037989253178238876 -0.073404144495725618 0.016337018460035328 -0.03858648054301738 -0.13279618322849271 0.33933129906654363 -0.048091694712638848 -0.037996767088770859 -0.03706304915249347 0.011404855176806452
decision_type=2 2 10 2 10 8 10 2 10 8 10 10 10 10
left_child=5 2 3 -2 -5 6 9 8 -8 -1 13 -12 -13 -7
right_child=1 -3 -4 4 -6 10 7 -9 -10 -11 11 12 -14 -15
leaf_value=0.031011580401464109 0.003200840184694736 -0.0188319957756512 0.013686783631711852 -0.023547687225704078 -0.0035838748104109158 -0.017350566175625675 0.0050953958911868014 0.011960758530152119 -0.021010598605083586 -0.0024416135023017094 0.0092972071891880472 -0.030016797838744183 0.00014230067063684146 -0.0020857120405951236
leaf_weight=474.51965040154755 442.65505794994533 435.36806443892419 456.10846875421703 404.90172441676259 511.55889961123466 928.98922316171229 806.69268220290542 1384.9708846285939 841.64180202409625 456.24319299869239 2879.0209983345121 456.01023600902408 81317.037135731429 3924.4831213988364
leaf_count=2086 2133 2348 2447 2826 2208 4904 3443 6163 3752 2021 14810 2523 549870 19330
internal_value=4.79322e-05 -0.00539591 -0.00208784 -0.00744298 -0.0125631 0.000179574 0.0042375 0.000970254 -0.00828068 0.0147618 -5.98888e-07 0.000288731 -2.95323e-05 -0.00503718
internal_weight=95720.2 2250.59 1815.22 1359.12 916.461 93469.6 3964.07 3033.31 1648.33 930.763 89505.5 84652.1 81773 4853.47
internal_count=620864 11962 9614 7167 5034 608902 17465 13358 7195 4107 591437 567203 552393 24234
is_linear=0
shrinkage=0.05


Tree=186
num_leaves=15
num_cat=0
split_feature=1 0 69 69 73 72 69 69 69 74 70 72 69 70
split_gain=26.1666 76.0661 47.1259 222.388 60.7255 52.4569 50.3884 48.7086 76.9677 86.6828 93.9104 58.3911 53.8976 101.676
threshold=0.021713365800678733 0.024754181504249576 0.14754705131053927 0.1405192241072655 0.73024687170982372 0.0040517377201467761 0.099168736487627043 0.10690298676490785 0.090831059962511076 -0.010095306206494568 -0.0030069178901612754 0.011021597776561977 0.1269585266709328 0.0057200253941118726
decision_type=8 2 8 10 2 10 10 10 10 2 2 10 10 2
left_child=2 -2 3 4 7 6 -6 8 -1 -10 -11 -12 -9 -14
right_child=1 -3 -4 -5 5 -7 -8 12 9 10 11 -13 13 -15
leaf_value=0.0015636235044284173 -0.017628441963540128 -0.00060204989568291662 -0.0049296024171584536 0.037329782920173187 -0.001870824122127533 -0.006663121958011645 0.028512073041685161 -0.0056844211095161551 0.032770376393236843 -0.010266237034781547 0.014516733993958451 -0.0098646336531583549 0.017653916971439598 -0.014861995806691456
leaf_weight=23588.822550944053 653.89055741205812 55150.244803331792 3204.502662521787 415.31407575123012 363.17764546535909 3815.195652958937 207.51694271061569 3779.9879841245711 354.49894291162491 621.01914337929338 1994.6233428567648 272.7558612646535 719.69281175080687 349.56901629362255
leaf_count=208605 6736 250549 31277 3095 5277 38567 2599 35314 2503 5268 18048 2473 6128 3128
internal_value=-0.000106745 -0.000804681 0.00087459 0.00138563 0.000961493 -0.00454607 0.0094778 0.00172515 0.00255861 0.0097691 0.00684278 0.0115533 -0.00288231 0.00698442
internal_weight=95490.8 55804.1 39686.7 36482.2 36066.9 4385.89 570.695 31681 26831.7 3242.9 2888.4 2267.38 4849.25 1069.26
internal_count=619567 257285 362282 331005 327910 46443 7876 281467 236897 28292 25789 20521 44570 9256
is_linear=0
shrinkage=0.05


Tree=187
num_leaves=15
num_cat=0
split_feature=73 69 73 69 71 70 71 68 71 73 70 74 74 74
split_gain=21.0642 85.338 66.6436 52.9954 97.3327 141.985 83.2829 68.3879 137.322 129.602 133.104 126.908 187.71 184.171
threshold=0.68571081757545482 0.1405192241072655 0.69512599706649791 0.11196451634168626 0.013245897833257915 0.0067044897004961976 0.0061059994623065003 0.011781542561948301 0.018881734460592273 0.54551473259925853 -0.00058230204740539182 0.013296594843268396 0.014787571970373394 -0.00071843568002805103
decision_type=2 10 2 8 2 2 2 10 2 2 2 2 2 2
left_child=1 3 -2 7 6 -6 -5 9 11 -1 -11 13 -13 -9
right_child=2 -3 -4 4 5 -7 -8 8 -10 10 -12 12 -14 -15
leaf_value=0.00070285905667709641 -0.010042285907829686 0.020163708634396111 -0.00035832294529787709 -0.0018489294105731306 0.0117207026138734 -0.012131689571847256 -0.012454312935645782 0.0087751118810833976 -0.0057080662297598062 -0.018006930588118728 -3.8827237946244278e-05 0.044058376642089322 0.00070791324320329692 -0.0012683248351881525
leaf_weight=34201.554445955902 1931.6657080184668 540.87081989459693 20910.154818655923 5186.6140003260225 2157.6041602548212 866.88432098273188 2872.2852871883661 9360.2256288528442 3669.4817168749869 1974.514088800177 2144.5274028750136 485.10179824475199 504.49194626696408 8895.6664850171655
leaf_count=193724 14557 3152 148480 34687 13975 5499 19982 63606 24019 12352 15015 2930 2631 66396
internal_value=0.000143211 0.000558556 -0.0011813 0.000409163 -0.00277078 0.00486664 -0.00563956 0.000985077 0.00314523 -0.000307137 -0.00867481 0.00483535 0.0221866 0.00388317
internal_weight=95701.6 72859.8 22841.8 72319 11083.4 3024.49 8058.9 61235.6 22915 38320.6 4119.04 19245.5 989.594 18255.9
internal_count=621005 457968 163037 454816 74143 19474 54669 380673 159582 221091 27367 135563 5561 130002
is_linear=0
shrinkage=0.05


Tree=188
num_leaves=15
num_cat=0
split_feature=74 74 72 72 72 84 74 72 84 74 72 74 53 72
split_gain=21.6817 96.0841 65.3296 71.5994 110.076 105.496 102.969 95.0885 86.9665 63.108 61.932 56.3776 54.3757 35.9417
threshold=0.01787667348980904 0.018669389188289646 0.0075138001702725896 0.011299594305455686 0.01407289505004883 1.0000000180025095e-35 0.026288209483027462 0.018596295267343525 1.5000000000000002 0.022280261851847175 0.020948505960404876 0.015671651810407642 -0.42926973104476923 0.013532779179513456
decision_type=2 2 10 10 10 2 2 10 2 2 10 2 10 10
left_child=11 -2 -3 -4 8 -6 7 -7 -5 -10 -8 -1 -13 -14
right_child=1 2 3 4 5 6 10 -9 9 -11 -12 12 13 -15
leaf_value=-7.8457417839686988e-05 0.026170200955224401 0.020012116609191003 -0.012854793282170049 -0.0026101102189147901 0.013149422179693046 -0.038157013544233176 0.013692579296230507 -0.0062979727805752899 0.01050287667926262 0.03757590022985581 -0.0086710764559409428 0.0077326355965004218 -0.021150643529173941 -0.004174083932024876
leaf_weight=87983.799718866125 401.37124279979616 414.15176253952086 934.79454107768834 502.9210397247225 733.19147155061364 428.16968513932079 526.51566410809755 513.48553330078721 467.67916040867567 406.96045578084886 721.9589506695047 356.34187928866595 750.83925211429596 538.32396154105663
leaf_count=580470 2123 2511 5343 2612 3587 2270 2547 2598 2504 2027 3144 1702 4617 2989
internal_value=-5.47763e-05 0.00283944 0.00113868 -0.000389548 0.0023433 -0.00315144 -0.00864346 -0.021033 0.0139424 0.023382 0.000794145 -0.00025047 -0.00939182 -0.0141483
internal_weight=95680.5 6051.2 5649.83 5235.68 4300.88 2923.32 2190.13 941.655 1377.56 874.64 1248.47 89629.3 1645.51 1289.16
internal_count=621044 31266 29143 26632 21289 14146 10559 4868 7143 4531 5691 589778 9308 7606
is_linear=0
shrinkage=0.05


Tree=189
num_leaves=15
num_cat=0
split_feature=71 71 69 71 69 71 71 69 1 69 74 69 71 69
split_gain=22.0129 91.6863 66.1339 61.847 60.5194 83.579 143.984 90.9424 93.8466 88.6776 72.8447 74.3618 80.314 138.626
threshold=-0.025046838447451588 -0.023672427050769326 0.0083855912089347857 -0.026638220995664593 -0.011767926160246132 -0.010356053709983824 0.01482114475220442 -0.099529262632131563 0.048947611823678024 -0.074722439050674425 0.013296594843268396 -0.019174007698893544 -0.0016666995361447332 -0.026524346321821209
decision_type=2 2 10 2 8 2 2 10 10 10 2 10 2 10
left_child=3 2 -2 -1 5 -3 10 8 -8 -9 11 12 -7 -14
right_child=1 4 -4 -5 -6 6 7 9 -10 -11 -12 -13 13 -15
leaf_value=-0.00099874921602401676 0.0017686294282250568 -0.0051716106791405122 0.027371015337783723 -0.014495256314829022 -0.00049027132866625331 0.021781388624157762 -0.028666324029991731 0.015385059467752139 0.0027748828397438584 -0.0015632069893431568 0.024956557543598341 -0.009516326072019507 -0.00047999077706830534 0.031380314645374607
leaf_weight=10323.533008366823 483.34069815091789 2317.3769490756094 520.91087443940341 915.07432102411985 71281.923084838316 1183.5116139193997 512.58795142639428 1023.9469048501924 431.82800719887018 3038.1017894120887 837.94957058411092 481.62517513893545 1780.7882193895057 412.31706444639713
leaf_count=51342 2477 11526 2590 5116 497459 5792 2930 5023 1788 16013 4092 2844 9367 2104
internal_value=-3.1959e-05 0.000245219 0.0151877 -0.00210958 6.32784e-05 0.00334365 0.00538066 -0.000520712 -0.0144116 0.00273634 0.0116597 0.00871475 0.0113356 0.00562519
internal_weight=95544.8 84306.2 1004.25 11238.6 83302 12020 9702.66 5006.46 944.416 4062.05 4696.19 3858.24 3376.62 2193.11
internal_count=620463 564005 5067 56458 558938 61479 49953 25754 4718 21036 24199 20107 17263 11471
is_linear=0
shrinkage=0.05


Tree=190
num_leaves=15
num_cat=0
split_feature=72 72 67 70 72 72 71 73 71 72 72 71 73 70
split_gain=28.539 31.7282 23.1533 44.5251 30.6908 59.0314 87.7893 102.874 56.4948 49.4891 65.168 64.1633 75.7057 66.433
threshold=0.054642656818032272 0.048988671973347671 0.011116872541606428 -0.044312106445431702 0.0045173054095357665 0.0041028575506061324 0.017434364184737209 0.56056997179985057 0.0092807891778647917 0.0054081864655017861 0.0060551823116838941 0.0090048583224415796 0.69331428408622753 -0.0014848848222754894
decision_type=8 10 2 2 10 10 2 2 2 10 10 2 2 2
left_child=1 2 3 -1 5 6 7 -5 -9 11 -11 12 13 -6
right_child=-2 -3 -4 4 9 -7 -8 8 -10 10 -12 -13 -14 -15
leaf_value=-0.016928290313534752 -0.01289156608895705 0.012843336984807916 0.0013209384839178626 -0.022450640248734912 -0.0053867095011994291 -0.0097328776519701315 0.025336286792728247 0.0053193801316019935 -0.0098398587133926574 -0.0063457638983988197 3.8897488164681859e-05 0.011721986730958832 -0.013390100271774785 0.011299253372501553
leaf_weight=397.64913838356733 415.81511329486966 474.56700999289751 25015.049790448509 519.59541965276003 993.65656707435846 2449.311644227244 307.69680338352919 2339.1448665549979 822.51924524828792 4310.3713904712349 53342.113674118184 1974.9408895196393 760.67527351249009 1465.0168810039759
leaf_count=1794 1781 2070 137201 4690 7992 22915 2711 24738 8499 34761 333916 17100 7529 12860
internal_value=2.38985e-05 8.16756e-05 1.63726e-05 -0.000452069 -0.000355078 -0.00364013 0.000115936 -0.00205503 0.00135706 -1.80184e-05 -0.000439468 0.00465159 0.000291317 0.00456123
internal_weight=95588.1 95172.3 94697.7 69682.7 69285 6438.27 3988.96 3681.26 3161.66 62846.8 57652.5 5194.29 3219.35 2458.67
internal_count=620557 618776 616706 479505 477711 63553 40638 37927 33237 414158 368677 45481 28381 20852
is_linear=0
shrinkage=0.05


Tree=191
num_leaves=15
num_cat=0
split_feature=14 53 72 70 70 68 70 68 70 72 68 72 68 70
split_gain=22.4834 35.5409 37.7419 46.7423 36.7447 42.8057 36.711 107.809 83.8718 82.8924 80.1421 73.3671 59.6927 59.6721
threshold=0.24319867044687274 -0.12219323962926863 0.0090614631772041338 -0.013830194249749182 -0.0087573928758501989 -0.014668037649244068 -0.0085004726424813253 -0.065314467996358858 -0.0068812647368758908 0.011299594305455686 -0.044264266267418854 0.014387749601155521 -0.037996767088770859 -0.0053807199001312247
decision_type=10 10 10 2 2 10 2 10 2 10 10 10 10 2
left_child=1 6 3 -3 -5 -6 7 -1 9 -8 11 -9 -12 -10
right_child=-2 2 -4 4 5 -7 8 10 13 -11 12 -13 -14 -15
leaf_value=0.0068523063468240719 0.0023312227174130044 0.014226333274725556 -0.0044493327512190742 -0.01310258417752859 0.016980105088723215 -0.00080024288470713324 0.0016784191321542966 -0.0068113301682741368 -0.007008553195465392 0.020647131780373407 0.013601007829806312 -0.032145888158012566 -0.0042058223777767054 0.0009115720086875815
leaf_weight=2497.0367348846048 9446.2786604128778 521.25466484110802 8922.6265914579853 579.3572855303064 337.23118722159415 13461.104520182125 1282.7634090185165 729.73745518922806 2495.8237698450685 1038.1235918756574 496.5525429956615 467.47332831658423 6683.4929706547409 46697.814919479191
leaf_count=11010 43265 4279 66576 5058 2524 147500 7362 3559 13725 4908 2380 2279 35058 271167
internal_value=1.68029e-05 -0.000237035 -0.00187955 -0.000338618 -0.000876182 -0.000353709 0.000390319 -0.00224823 0.000947624 0.0102152 -0.0049658 -0.016888 -0.00295715 0.000508404
internal_weight=95656.7 86210.4 23821.6 14898.9 14377.7 13798.3 62388.8 10874.3 51514.5 2320.89 8377.26 1197.21 7180.05 49193.6
internal_count=620650 577385 225937 159361 155082 150024 351448 54286 297162 12270 43276 5838 37438 284892
is_linear=0
shrinkage=0.05


Tree=192
num_leaves=15
num_cat=0
split_feature=54 84 70 68 70 13 73 73 15 73 72 72 13 68
split_gain=21.5964 28.6901 67.7658 36.5002 53.849 32.3858 25.904 27.9648 23.0242 43.3778 50.9533 75.8284 83.0238 51.2768
threshold=0.85160985589027416 1.5000000000000002 0.0014094412326812746 0.016803750768303875 -0.0070962086319923392 -0.0034582503139972682 0.45168524980545049 0.8203302025794984 23.272545814514164 0.32293900847435003 0.019159799441695217 0.0087738805450499075 0.032800884917378433 -0.079467378556728349
decision_type=10 2 2 8 2 10 2 2 8 2 8 10 8 8
left_child=8 2 3 5 -5 -2 -4 -8 -1 10 11 -10 -13 -12
right_child=1 -3 6 4 -6 -7 7 -9 9 -11 13 12 -14 -15
leaf_value=0.00034609013964661287 0.008135326020104517 0.0028759932025688296 0.0039463467611682247 0.022801450660344846 0.0039397344527655597 -0.0070030464579414267 -0.0085042541847433085 0.0045660691662330645 -0.0091372328693120394 -0.0024535908179710787 0.0013516967235043017 0.0083961712773142436 -0.014948836924502827 -0.0127295817006655
leaf_weight=40743.74954137858 518.98581825755537 12478.965647193603 647.25559131801128 469.11011724453419 1830.179718144238 1055.2834005858749 3212.1385568268597 462.38075849134475 899.76372732967138 25524.115223399363 1682.9652683939785 4730.3177127009258 405.04553463310003 1038.0917442264035
leaf_count=287338 2230 60144 2848 2099 9113 4879 16107 2321 5317 191299 7254 23495 1933 5030
internal_value=-6.30185e-05 0.00136744 -0.000930338 0.00386693 0.00787005 -0.00199256 -0.00522908 -0.00685163 -0.000457337 -0.00141207 0.00162328 0.00418243 0.00652939 -0.0040473
internal_weight=95698.3 20674.3 8195.33 3873.56 2299.29 1574.27 4321.77 3674.52 75024 34280.3 8756.18 6035.13 5135.36 2721.06
internal_count=621407 99741 39597 18321 11212 7109 21276 18428 521666 234328 43029 30745 25428 12284
is_linear=0
shrinkage=0.05


Tree=193
num_leaves=15
num_cat=0
split_feature=73 74 73 74 73 73 74 73 74 73 71 74 73 74
split_gain=19.2985 91.9968 76.2174 119.435 114.369 110.685 104.868 100.879 71.0997 141.823 73.1475 70.6286 63.2707 61.9925
threshold=0.6253548562526704 -0.021459922194480893 0.57523560523986828 0.009281420614570381 0.57999348640441906 0.60551476478576671 0.0016678298707120123 0.54551473259925853 -0.010936702601611612 0.78959435224533092 -0.014813820365816353 0.0028888076776638631 0.72329491376876842 0.0058752251788973817
decision_type=2 2 2 2 2 2 2 2 2 2 2 2 2 2
left_child=2 -2 7 4 6 -5 -4 -1 9 12 11 -10 -3 -6
right_child=1 8 3 5 13 -7 -8 -9 10 -11 -12 -13 -14 -15
leaf_value=0.00054470226717301395 -0.025587543946480037 0.0095254254602307447 0.0057784788054895111 0.0086783862475383437 0.002257731991231179 0.041980276380681122 0.038643216203976365 -0.0069011431139180237 0.022020344390999147 -0.012981479586110274 -0.0015620102673593963 -0.0012950470573304959 0.034662502337213907 -0.010984081008700066
leaf_weight=45106.815617197193 362.90187982842326 605.79180378746241 650.9121509604156 754.96862275991589 6770.8974022120237 368.11483774147928 381.23750066012144 5049.0357148442417 649.48513327632099 457.29887043032795 32373.15818223916 637.99341726396233 430.2761623300612 1006.3582966635004
leaf_count=263185 2041 3650 4166 4813 48212 2119 2292 34613 3708 2618 237272 3310 2390 6679
internal_value=4.05432e-05 -0.000883303 0.000586665 0.00458592 0.00261735 0.019868 0.0181718 -0.000206074 -0.000621073 0.0100179 -0.00109591 0.0105458 0.0201963 0.000532368
internal_weight=95605.2 35516.9 60088.3 9932.49 8809.41 1123.08 1032.15 50155.9 35154 1493.37 33660.6 1287.48 1036.07 7777.26
internal_count=621068 254989 366079 68281 61349 6932 6458 297798 252948 8658 244290 7018 6040 54891
is_linear=0
shrinkage=0.05


Tree=194
num_leaves=15
num_cat=0
split_feature=72 72 70 72 72 71 68 69 71 70 69 71 84 68
split_gain=21.3189 232.306 85.375 74.3561 74.4902 68.7253 63.9706 125.062 97.4207 80.8564 65.8311 133.928 119.996 76.9725
threshold=0.0080884061753749865 0.0079430425539612787 -0.0008926820009946822 0.0087144961580634134 0.0089137037284672278 0.031170457601547245 0.028942919336259369 0.11515964940190317 -0.010008481796830891 0.0099004316143691557 0.027364170178771022 -0.0026560606202110644 2.5000000000000004 0.011781542561948301
decision_type=8 10 2 10 10 2 10 8 2 2 10 2 2 10
left_child=1 5 -3 -2 -5 6 7 10 -8 -10 11 12 -1 -12
right_child=3 2 -4 4 -6 -7 8 -9 9 -11 13 -13 -14 -15
leaf_value=-0.014245052878484805 -0.0060180063378558147 0.0091604868233336727 0.042308561209523372 0.0095927427302934729 -0.00037893989450312615 0.018796276515487979 0.027684376923563566 -0.011203490816879564 0.0024824723184543596 -0.010685116776400433 -0.0056527298148571214 0.03870800886588243 0.018189222372626837 0.0015716848260204537
leaf_weight=563.30715452414006 5682.4564881017432 359.03225821442902 431.79854317661375 1941.7051906352863 46342.633124236949 489.82534489128739 356.2660379037261 3025.563989805989 18599.158891241997 1233.9500819807872 5877.5202132640406 307.60156967863441 557.52507566660643 9856.2031522747129
leaf_count=4071 36535 2330 2585 12496 254482 3251 2228 24192 138777 8770 44571 2321 3678 80866
internal_value=4.26521e-05 0.000892271 0.0275618 -0.000613225 2.39644e-05 0.000369561 0.000141423 -0.00184838 0.002131 0.00165826 -0.000193582 0.0100455 0.0019066 -0.00112896
internal_weight=95624.5 41657.8 790.831 53966.8 48284.3 40866.9 40377.1 20187.7 20189.4 19833.1 17162.2 1428.43 1120.83 15733.7
internal_count=621153 317640 4915 303513 266978 312725 309474 159699 149775 147547 135507 10070 7749 125437
is_linear=0
shrinkage=0.05


Tree=195
num_leaves=15
num_cat=0
split_feature=1 2 69 69 71 72 72 84 69 70 69 68 71 72
split_gain=26.6828 51.9548 51.8576 167.876 41.6658 48.1296 137.811 199.614 96.8701 170.694 104.657 81.1471 78.4999 70.5216
threshold=0.02262398507446051 0.028793132863938812 0.14754705131053927 0.1405192241072655 -0.077233579009771333 0.010506670456379654 0.010189132764935495 1.5000000000000002 0.027364170178771022 0.0084715085104107874 0.041611669585108764 -0.020773227326571938 0.028725204989314083 0.0089540779590606707
decision_type=8 2 8 10 2 10 10 2 10 2 10 10 2 10
left_child=2 -2 3 4 -1 6 8 -8 9 -6 -10 -12 13 -13
right_child=1 -3 -4 -5 5 -7 7 -9 10 -11 11 12 -14 -15
leaf_value=0.020612336191579234 -0.0062486227519341691 -0.00039197993504523886 -0.0050634839685775243 0.031200316883771034 0.0056455240761233913 -0.0020761365795071997 0.054884489124401484 0.00031708870390596296 -0.010382629976085694 0.043908078392040487 0.028420124833172411 0.0014256125452804201 0.017229171629117652 -0.0080054662919439457
leaf_weight=258.62034950219095 4097.220119247213 48558.611829631031 3422.4383095512167 455.28596267197281 2543.7944093598053 10296.833441828378 287.34043889679015 384.35603195428848 2067.3329997500405 319.91440735477954 263.33603842929006 19640.012236897834 712.24626153055578 2194.572616183199
leaf_count=1288 26909 213322 32664 3232 20641 74065 2093 2918 19259 2328 1542 196205 6369 17408
internal_value=-9.49686e-05 -0.000848793 0.000831428 0.00134433 0.000987594 0.000851191 0.00191241 0.0241228 0.00136613 0.0100579 0.000361967 0.00133989 0.00101115 0.000474473
internal_weight=95501.9 52655.8 42846.1 39423.6 38968.4 38709.7 28412.9 671.696 27741.2 2863.71 24877.5 22810.2 22546.8 21834.6
internal_count=620243 240231 380012 347348 344116 342828 268763 5011 263752 22969 240783 221524 219982 213613
is_linear=0
shrinkage=0.05


Tree=196
num_leaves=15
num_cat=0
split_feature=28 70 70 68 68 13 68 5 70 68 68 68 50 70
split_gain=26.4592 29.1966 111.128 65.2753 60.724 120.807 53.0669 46.9227 45.7995 100.61 101.026 76.2163 63.6867 43.883
threshold=1.5060006976127627 -0.0092473095282912237 -0.012489960994571446 -0.044264266267418854 -0.092823620885610567 -0.055066157132387154 -0.097785618156194673 1.2621285915374758 -0.0068812647368758908 0.016201747581362728 0.0069403417874127635 0.047439103946089752 0.032639270648360259 -0.0053807199001312247
decision_type=2 2 2 10 10 10 8 2 2 8 10 10 2 2
left_child=1 2 4 -4 5 -1 -3 -6 9 10 12 -11 -8 -10
right_child=-2 6 3 -5 7 -7 8 -9 13 11 -12 -13 -14 -15
leaf_value=-0.010189355795224321 -0.0030345813748296328 -0.012689597125114386 -0.028559604694712606 -0.0073066893586535946 -0.0018407046666555908 0.020861348530015738 -0.0080509388116371504 0.016135577875670933 -0.0050398232232851392 0.018970451018653967 -0.017964668742743075 -0.0063451093650089292 0.011184794388997004 0.000641968638212107
leaf_weight=467.29784665815532 6968.5642640208825 741.2743655545637 407.6576415989548 2795.3137595793232 7656.4915198069066 910.75864698551595 635.47669585235417 371.09080742113292 3569.6074120784178 1556.6558122104034 640.61282742489129 361.72281350195408 1286.4196735667065 67111.502545314841
leaf_count=2046 36696 3142 2096 16594 42126 3991 4009 1842 22907 9671 3871 2023 7120 462251
internal_value=-7.0452e-05 0.000163231 -0.00206389 -0.0100921 0.000677839 0.0103345 0.000533411 -0.000990674 0.000665491 0.00556171 -0.000926935 0.0141889 0.00481573 0.000354349
internal_weight=95480.4 88511.9 12608.6 3202.97 9405.64 1378.06 75903.3 8027.58 75162 4480.89 2562.51 1918.38 1921.9 70681.1
internal_count=620385 583689 68695 18690 50005 6037 514994 43968 511852 26694 15000 11694 11129 485158
is_linear=0
shrinkage=0.05


Tree=197
num_leaves=15
num_cat=0
split_feature=59 14 54 5 16 69 69 72 2 3 69 69 72 72
split_gain=22.1054 27.6265 27.187 27.7623 27.5573 28.1501 26.3545 60.9313 45.9558 27.4057 85.1244 48.7317 30.0511 31.4657
threshold=6.5000000000000009 -0.19381154328584668 0.24396494030952456 1.1879383921623232 17.014355659484867 -0.099529262632131563 0.14754705131053927 0.0065761392470449218 0.030524937435984615 0.075000001117587103 0.1405192241072655 0.11196451634168626 0.0037550557171925907 0.0045173054095357665
decision_type=10 8 8 2 2 10 10 10 2 2 10 8 10 10
left_child=1 -1 -3 4 6 -6 9 -8 -9 10 11 12 -4 -14
right_child=-2 2 3 -5 5 -7 7 8 -10 -11 -12 -13 13 -15
leaf_value=0.0028903219129853743 -0.0053737423730723446 -0.0017049239340669433 0.013956079639088258 0.0036251773470642999 -0.014754496815809995 -0.0020507075517842517 -0.019113387455460453 -0.011548712131865221 0.007248075418683885 -0.00026676917164130645 0.03211460161266274 -0.0032120985715657323 -0.0053826587077582247 0.0036677993973574085
leaf_weight=7261.5702497605234 1996.3300502076745 25083.433355949819 630.23733930755407 5528.6152763320133 452.84989450871944 7671.1470160735771 557.59604582097381 503.91598583012819 875.40745747089386 30072.969226287678 226.06191747728735 3618.0205080164596 1052.5611432027072 10080.139049407095
leaf_count=31629 8309 182365 8657 28990 3729 57062 3472 4008 3974 143806 1657 38141 12954 92039
internal_value=-0.000180805 -6.95035e-05 -0.000318706 0.00024899 -8.64647e-05 -0.00277611 0.000372907 -0.00532444 0.000347243 0.000615598 0.0023149 0.00185634 0.00341668 0.00280804
internal_weight=95610.9 93614.5 86353 61269.5 55740.9 8124 47616.9 1936.92 1379.32 45680 15607 15381 11762.9 11132.7
internal_count=620792 612483 580854 398489 369499 60791 308708 11454 7982 297254 153448 151791 113650 104993
is_linear=0
shrinkage=0.05


Tree=198
num_leaves=15
num_cat=0
split_feature=27 71 71 68 69 68 68 84 72 69 68 69 74 84
split_gain=21.0013 26.0045 75.0424 79.0869 65.378 67.4259 116.46 82.5353 109.402 69.9157 65.0265 143.177 136.781 113.59
threshold=0.46177376806735998 -0.025046838447451588 -0.023672427050769326 -0.020773227326571938 0.089427344501018538 -0.014668037649244068 -0.027866990305483338 1.0000000180025095e-35 0.012456668540835382 0.03457372076809407 -0.065314467996358858 -0.051937524229288094 1.0000000180025095e-35 1.0000000180025095e-35
decision_type=2 2 2 10 8 10 10 2 10 10 10 10 2 2
left_child=-1 4 3 -3 5 6 9 -7 -9 10 11 -2 13 -12
right_child=1 2 -4 -5 -6 7 -8 8 -10 -11 12 -13 -14 -15
leaf_value=-0.0032256008644917255 -0.0043976404491900805 -0.0021568356659515233 0.00034831903748987729 0.026647325112790683 0.012919701470979039 0.0089171950998091117 0.016565047814568069 -0.0064567993834904556 -0.031131259679150911 0.013463026750635369 0.0052449359959996465 0.023206130538015055 0.0063360184665912037 -0.022497910277803859
leaf_weight=4678.4721133364365 2611.8670984152704 414.27590480260551 79063.684141295031 546.60371942073107 671.00937726162374 456.4799808813259 852.20647235307842 1404.4898511953652 655.62863977905363 584.62636591494083 466.66847259365022 562.30463299434632 931.99645750783384 1694.1827632356435
leaf_count=29513 11549 2123 531728 2719 3372 2364 4586 7772 3564 2825 2365 2610 4782 9037
internal_value=3.77262e-05 0.000205991 0.000518023 0.0143343 -0.00208503 -0.00308181 -0.000756177 -0.0101699 -0.0144218 -0.00293159 -0.00447999 0.000549891 -0.00962727 -0.0165099
internal_weight=95594.5 90916 80024.6 960.88 10891.5 10220.5 7703.85 2516.6 2060.12 6851.65 6267.02 3174.17 3092.85 2160.85
internal_count=620909 591396 536570 4842 54826 51454 37754 13700 11336 33168 30343 14159 16184 11402
is_linear=0
shrinkage=0.05


Tree=199
num_leaves=15
num_cat=0
split_feature=5 0 26 54 74 74 69 74 69 68 72 69 69 69
split_gain=21.7573 29.5109 21.6215 29.8004 36.1549 43.1701 61.4276 59.8481 56.5107 33.5623 42.4649 77.2669 45.2599 85.5532
threshold=0.71871814131736766 0.057720260694623 -0.22462148219346997 0.28126688301563268 0.01787667348980904 0.019643529318273071 0.041611669585108764 0.020833185873925689 0.066049378365278258 -0.13279618322849271 0.019159799441695217 -0.13803395628929135 -0.099529262632131563 -0.074722439050674425
decision_type=2 2 8 8 2 2 10 2 8 10 10 10 10 10
left_child=1 -1 -2 9 -5 6 -6 -7 -9 -4 11 -11 -13 -14
right_child=2 -3 3 4 5 7 -8 8 -10 10 -12 12 13 -15
leaf_value=-0.020191527009994534 0.0023562439394215397 -5.3965847376432819e-05 0.015407337361826682 0.00020231622570288045 0.029282948795372167 -0.01449926500272816 0.0018357854109775909 -1.9676625299260788e-05 0.018200183630614604 0.022295743723106259 -0.0092224683240708753 -0.012331669465859446 0.014475789166478351 -0.0016596075549666471
leaf_weight=301.58345414046198 9717.190558552742 437.35500727593899 279.77799255400896 55278.70271053724 399.42356957681477 426.09658645745367 408.83169723860919 1283.1840888326988 626.75310134701431 335.97204811312258 1743.5331907961518 917.96499274484813 842.70046047307551 22487.846497161314
leaf_count=3091 41840 1813 1215 354737 2034 2340 2173 6279 3104 1445 9215 4868 4778 181096
internal_value=5.61016e-05 -0.00843259 0.000123188 -0.00013225 0.000499449 0.00570604 0.0155917 0.00223377 0.00602289 -0.00151894 -0.00170459 -0.00116789 -0.00150205 -0.00107084
internal_weight=95486.9 738.938 94748 85030.8 58423 3144.29 808.255 2336.03 1909.94 26607.8 26328 24584.5 24248.5 23330.5
internal_count=620028 4904 615124 573284 370667 15930 4207 11723 9383 202617 201402 192187 190742 185874
is_linear=0
shrinkage=0.05


Tree=200
num_leaves=15
num_cat=0
split_feature=59 54 70 71 84 68 73 4 71 69 67 70 68 73
split_gain=24.7671 25.0203 34.7543 33.1228 54.7629 93.9652 64.6915 62.1609 32.6353 31.7067 30.9445 42.3641 55.8805 123.954
threshold=7.5000000000000009 1.0989241600036623 0.016850572079420093 0.013609054032713177 1.5000000000000002 0.031190836802124981 0.78147700428962719 0.19166667014360431 0.02350313309580088 0.12341973930597307 0.024896990507841114 0.01310931518673897 0.038486476987600333 0.64068183302879345
decision_type=8 8 2 2 2 8 2 8 2 8 2 2 10 2
left_child=1 10 3 -3 6 7 -5 -6 -7 -10 11 -1 13 -13
right_child=-2 2 -4 4 5 8 -8 -9 9 -11 -12 12 -14 -15
leaf_value=-0.00040710996684158629 -0.0073023964401004839 -0.00015757064886604292 0.011356261963319587 -0.0058203052032251758 0.032137732049586025 0.0063647114234706903 0.012845893959282512 0.010224212543211925 0.004803936619811309 -0.014366279355359352 0.0026893758284569223 -0.0052211881102286447 -0.016865756332280275 0.023212549178392546
leaf_weight=58502.095370411873 1167.698064358905 16083.340267485939 838.08550098910928 1975.9930889578536 496.75651224795729 1377.9369658576325 595.8468421427533 938.59301132895052 377.14192690793425 482.00496957730502 6980.941547636874 4620.8220006758347 822.80582477524877 408.00337381195277
leaf_count=422813 4928 88664 3808 10062 3406 6959 3378 3933 1886 2696 34230 26298 5836 2497
internal_value=-9.62834e-05 -6.4775e-06 0.00142083 0.00104298 0.00413054 0.00804087 -0.00146269 0.0179781 0.00161335 -0.00599263 -0.000470126 -0.000813226 -0.00486577 -0.00287279
internal_weight=95668.1 94500.4 23165.7 22327.6 6244.27 3672.43 2571.84 1435.35 2237.08 859.147 71334.7 64353.7 5851.63 5028.83
internal_count=621394 616466 124792 120984 32320 18880 13440 7339 11541 4582 491674 457444 34631 28795
is_linear=0
shrinkage=0.05


Tree=201
num_leaves=15
num_cat=0
split_feature=28 23 5 74 23 71 2 5 71 74 74 73 73 71
split_gain=27.2971 21.5567 26.5302 60.4074 49.8672 31.1362 27.639 30.4915 24.9274 121.224 51.717 56.9023 156.696 54.6857
threshold=1.7749261856079104 -0.087251421064138399 1.1879383921623232 -0.013313312549144028 -0.040755104273557656 0.031170457601547245 0.067639295011758818 0.71871814131736766 -0.054498547688126557 -0.015091992449015377 -0.021459922194480893 0.5862068533897401 0.46742995083332067 -0.051636332646012299
decision_type=2 2 2 2 2 2 2 2 2 2 2 2 2 2
left_child=1 -1 6 4 -4 -5 7 -3 9 -9 11 12 -10 -12
right_child=-2 2 3 5 -6 -7 -8 8 10 -11 13 -13 -14 -15
leaf_value=-0.0073152498286182289 -0.0046989719940499809 -0.013228084871053876 0.00080377556095136734 -0.00040342447695375372 0.020611022699690198 0.012089158240157011 0.0031450726530293199 0.0081710386455998481 -0.011742927451320906 -0.025236231301551077 0.017642769425029393 -0.023776172686242419 0.020461689010474231 5.3093539807967899e-05
leaf_weight=943.72273200377822 2969.8821843061596 440.44527838379145 525.69291933625937 4786.330380207859 796.64661470986903 546.72110650502145 6453.4316806197166 564.52763355523348 1496.9230400007218 506.83235825505108 434.52638299018145 419.73686581384391 494.28701982460916 74057.069054091349
leaf_count=3970 14670 3638 2364 26646 4060 2890 26333 2664 7907 2474 2024 2429 2635 515588
internal_value=1.12542e-05 0.000163031 0.000240932 0.00327839 0.0128018 0.000897489 2.37469e-06 -0.000256635 -0.000181677 -0.00772029 -7.56634e-05 -0.00726766 -0.00368633 0.000158052
internal_weight=95436.8 92466.9 91523.2 6655.39 1322.34 5333.05 84867.8 78414.3 77973.9 1071.36 76902.5 2410.95 1991.21 74491.6
internal_count=620292 605622 601652 35960 6424 29536 565692 539359 535721 5138 530583 12971 10542 517612
is_linear=0
shrinkage=0.05


Tree=202
num_leaves=15
num_cat=0
split_feature=2 65 68 58 68 68 74 84 21 24 53 72 71 72
split_gain=22.9066 22.5636 31.0074 24.1903 24.0711 32.7767 46.7116 38.8583 24.395 31.0738 27.6631 35.8045 32.7625 88.3436
threshold=0.011155229993164541 -0.085024736821651445 0.0048673904966562995 0.0025109138805419211 -0.13279618322849271 -0.097785618156194673 0.0071168690919876107 1.5000000000000002 12.537731170654299 -0.08905759826302527 -0.11921763047575949 0.0033816430950537328 -0.0083209872245788557 0.0097235571593046206
decision_type=2 8 10 2 8 10 2 2 10 2 10 10 2 10
left_child=-1 2 3 -2 -3 6 7 -6 9 -7 -10 -12 13 -13
right_child=1 4 -4 -5 5 8 -8 -9 10 -11 11 12 -14 -15
leaf_value=-0.012908777565385464 -0.0010892199561924939 0.0094691491056928881 -0.0029437847641467858 0.0048736419917480844 -0.011526111079256607 0.0047386878168922501 -0.020951889803858877 0.008178188809188797 0.0016563145366983861 -0.0039907507791256767 0.012755008046598768 0.0085785163698617519 -0.0016398368046109683 -0.0041026292618268545
leaf_weight=328.62941818125546 4425.5249552633613 732.09104460850358 12150.849559532478 2749.8303923234344 463.72602901980281 1249.8484888449311 416.51101450249553 520.43997375667095 41086.220788396895 5351.9915998056531 494.78535255044699 2959.2892311401665 19851.744492178783 2546.9269138434902
leaf_count=14675 19793 3142 63640 12124 2344 5403 2094 2565 240643 36129 6375 22312 172988 15719
internal_value=7.24571e-05 0.000118717 -0.00140564 0.00119955 0.000508155 0.000419365 -0.00713019 -0.00112877 0.000564106 -0.00233344 0.000850181 -0.000431103 -0.000693317 0.00271599
internal_weight=95328.4 94999.8 19326.2 7175.36 75673.6 74941.5 1400.68 984.166 73540.8 6601.84 66939 25852.7 25358 5506.22
internal_count=619946 605271 95557 31917 509714 506572 7003 4909 499569 41532 458037 217394 211019 38031
is_linear=0
shrinkage=0.05


Tree=203
num_leaves=15
num_cat=0
split_feature=15 53 21 74 71 73 71 68 68 68 12 1 53 71
split_gain=23.2569 30.8803 34.8252 34.1224 32.9074 44.4439 30.3895 93.0152 73.8629 49.3098 29.4257 27.8066 27.3899 26.0584
threshold=22.976494789123539 -0.082452151924371705 35.545679092407234 0.01787667348980904 0.003894143621437252 0.4204839318990708 0.036665126681327827 0.05047325789928437 0.077983114868402495 0.066228810697793974 0.076907102018594756 0.021842575632035736 -0.38970510661602015 -0.0090888338163495046
decision_type=8 10 10 2 2 2 2 8 8 10 10 10 10 2
left_child=1 2 3 4 13 -6 8 12 9 11 -3 -4 -8 -1
right_child=-2 10 6 -5 5 -7 7 -9 -10 -11 -12 -13 -14 -15
leaf_value=-0.00051460627980330078 -0.00082392350110836428 -0.0076161227457515746 0.0050847090778913711 0.011420805413432031 0.013996852400851202 0.00054946339317444085 0.012631136071839869 -0.024070185546780795 0.019828384323906233 -0.015743355893198748 -0.00048164163780198624 0.0013653186802602174 -0.0019517673792203028 -0.0056050584332120621
leaf_weight=6564.2040805919096 46285.143647326156 1787.4707835605368 8592.5083878468722 575.66434556059539 701.08459863625467 4527.5373522303998 444.81956479325891 416.06287262775004 630.85137407295406 350.62394244968891 7383.4972815299407 12109.19739488326 1095.4556842427701 4066.9187890738249
leaf_count=33813 294775 27169 72945 2762 3720 27173 2008 2336 3186 2056 61970 55703 6291 24743
internal_value=-1.93078e-05 0.000736947 0.00133591 -0.000431706 -0.000868844 0.00237585 0.00256451 -0.00339113 0.00310316 0.0025928 -0.00187897 0.00291081 0.00231397 -0.00246539
internal_weight=95531 49245.9 40074.9 16435.4 15859.7 5228.62 23639.5 1956.34 21683.2 21052.3 9170.97 20701.7 1540.28 10631.1
internal_count=620650 325875 236736 92211 89449 30893 144525 10635 133890 130704 89139 128648 8299 58556
is_linear=0
shrinkage=0.05


Tree=204
num_leaves=15
num_cat=0
split_feature=73 73 26 72 84 73 73 72 84 73 70 70 26 70
split_gain=20.4256 73.6811 34.2373 51.976 33.4069 19.7297 65.6405 83.217 120.425 135.826 58.9974 68.7776 45.4557 40.8288
threshold=0.86026260256767284 0.85343152284622203 0.085967037826776518 0.011809141840785744 2.5000000000000004 0.83061772584915172 0.78959435224533092 0.0068060979247093209 2.5000000000000004 0.81096738576889049 0.0096410335972905176 0.0042234288994222888 0.26173678040504461 -0.00115508830640465
decision_type=2 2 8 10 2 2 2 10 2 2 2 2 8 2
left_child=1 5 3 -2 -4 6 -1 8 9 -8 11 12 -9 -7
right_child=2 -3 4 -5 -6 13 7 10 -10 -11 -12 -13 -14 -15
leaf_value=-9.740689488967958e-05 -0.0074897775888186705 0.022774295154049416 -0.018615002704599405 0.017399903193738023 -0.0011639974813505104 0.0074932022077440624 0.04725676915587107 -0.0028530487427918367 -0.0050906393831892738 0.0038715484714318634 0.016052178788209366 -0.015593375382179373 0.015392807561199325 -0.0097759437056003304
leaf_weight=87665.092434274964 513.35717284120619 349.02760365325958 601.07798286899924 340.32190401945263 500.09169369377196 458.31582025438547 434.08774716872722 908.30574016273022 372.05003865249455 307.05875207390636 559.74578774627298 641.04063579533249 534.49630105402321 1274.1351467259228
leaf_count=569383 4453 2208 4188 1630 3477 2756 3427 5926 2938 2350 3287 3810 2511 7936
internal_value=6.09904e-05 0.000166991 -0.00498421 0.00251915 -0.0107715 7.98511e-05 0.000180284 0.0066433 0.0180456 0.029573 0.00179195 -0.00209689 0.00396569 -0.00519065
internal_weight=95458.2 93503.4 1954.85 853.679 1101.17 93154.3 91421.9 3756.79 1113.2 741.146 2643.59 2083.84 1442.8 1732.45
internal_count=620280 606532 13748 6083 7665 604324 593632 24249 8715 5777 15534 12247 8437 10692
is_linear=0
shrinkage=0.05


Tree=205
num_leaves=15
num_cat=0
split_feature=1 2 68 4 73 68 68 72 72 68 73 70 70 70
split_gain=28.3091 48.8946 43.042 33.6678 26.2483 64.674 70.1697 39.041 120.879 61.7961 58.5767 91.4901 239.34 52.8911
threshold=0.02262398507446051 0.021584160625934604 0.063508495688438429 0.14166667312383655 0.26681958138942724 -0.032832505181431763 -0.037996767088770859 0.0080884061753749865 0.0079430425539612787 0.049180248752236373 0.67787650227546703 0.0063045397400856027 0.0034576624166220431 -0.013830194249749182
decision_type=10 2 8 8 2 10 10 10 10 10 2 2 2 2
left_child=2 -2 4 -3 5 6 -1 8 9 13 -11 12 -12 -6
right_child=1 3 -4 -5 7 -7 -8 -9 -10 10 11 -13 -14 -15
leaf_value=0.0050262988543669628 -0.015716681809355437 -0.0029117686151716535 -0.0082924650028563373 5.1338518567258608e-05 0.014898720612230104 0.019922012654286822 -0.018656040161711695 -0.0011079747604239407 0.029062218041878925 0.031614487418227033 -0.0012536251087726753 -0.012336425989926111 0.04716111289813199 0.00035358175915933712
leaf_weight=2572.468838609755 535.54335747566074 12657.2577197887 1225.9339580666274 39415.664080128074 635.72971270885319 612.89256714191288 345.99247777927667 15814.486868177541 399.22281013056636 265.19776661228389 813.50750118587166 452.03570907190442 361.67044258769602 19498.975706113502
leaf_count=14794 4790 66611 10231 168802 4876 3799 2492 125293 3101 2112 8095 4416 3113 198435
internal_value=-4.76933e-05 -0.000825455 0.000903874 -0.000669319 0.00117569 0.00529406 0.00216457 0.000794094 0.00213528 0.00163429 0.0102483 0.00659422 0.0139186 0.000819995
internal_weight=95606.6 52608.5 42998.1 52072.9 41772.2 3531.35 2918.46 38240.8 22426.3 22027.1 1892.41 1627.21 1175.18 20134.7
internal_count=620960 240203 380757 235413 370526 21085 17286 349441 224148 221047 17736 15624 11208 203311
is_linear=0
shrinkage=0.05


Tree=206
num_leaves=15
num_cat=0
split_feature=72 70 72 73 69 71 84 73 72 69 70 70 68 68
split_gain=22.5981 96.4089 67.3241 74.075 119.993 51.1894 47.4611 35.8829 43.4524 33.9667 30.9915 56.7513 180.749 102.387
threshold=0.0045173054095357665 0.0088483775034546869 0.004215105203911663 0.55222755670547496 0.05594508349895478 0.0030480751302093272 2.5000000000000004 0.60356673598289501 0.0040517377201467761 0.057313550263643272 0.01310931518673897 0.012101775966584684 -0.0030499085551127787 0.049810959026217468
decision_type=10 2 8 2 8 2 2 2 10 10 2 2 8 10
left_child=1 2 3 5 6 -1 -5 -6 9 -9 11 -2 -13 -14
right_child=10 -3 -4 4 7 -7 -8 8 -10 -11 -12 12 13 -15
leaf_value=-0.024249932806656285 0.00036520919739933491 0.026114767230960807 -0.010322568148945719 0.035716245677973733 0.006995561773192327 0.001739244773945681 0.0073296969486791848 -0.015005110531290009 -0.017333776412255791 0.0010232084204498686 -0.0025406852457412611 0.040734666892903761 -0.0070885018646780042 0.024361590188574572
leaf_weight=493.58492878172547 76378.531385792419 275.14984713215381 2476.396719198674 315.51212546695024 1030.7279116977006 301.71985922381282 280.61437623109668 374.08201774396002 483.75182825233787 2363.8067535432056 8936.6490708468482 355.88940838910639 991.64152152091265 338.95876886881888
leaf_count=4430 484901 2385 21651 3162 8650 2243 2599 4250 3938 23616 48505 1962 6249 1693
internal_value=7.62286e-06 -0.00246811 -0.00346756 -0.000446772 0.00188202 -0.0144911 0.0226952 -0.00108212 -0.00368014 -0.0012134 0.000246779 0.000566164 0.00961128 0.00104509
internal_weight=95397 8395.35 8120.2 5643.8 4848.5 795.305 596.127 4252.37 3221.64 2737.89 87001.7 78065 1686.49 1330.6
internal_count=620234 76924 74539 52888 46215 6673 5761 40454 31804 27866 543310 494805 9904 7942
is_linear=0
shrinkage=0.05


Tree=207
num_leaves=15
num_cat=0
split_feature=27 2 28 68 27 72 0 70 74 74 72 74 72 70
split_gain=21.1293 30.5035 20.9665 23.6089 30.3964 21.3185 20.926 19.337 42.7344 28.1673 18.1522 46.5119 20.2197 72.0941
threshold=0.4526286125183106 0.046314237639307983 1.373918950557709 -0.073404144495725618 1.7242069244384768 0.006288760108873249 0.059484465047717101 -0.030092630535364148 -0.028786783106625077 -0.034833572804927819 0.0034436949063092475 -0.003562176949344575 0.0045173054095357665 0.0090686017647385615
decision_type=2 2 2 8 2 10 2 2 2 2 8 2 10 2
left_child=1 -1 7 -4 5 -5 -6 9 -9 -2 11 -10 13 -12
right_child=2 -3 3 4 6 -7 -8 8 10 -11 12 -13 -14 -15
leaf_value=-0.0072957700131514236 0.00075921059542043991 0.0011341495818675705 0.007524516696043964 -0.0087036264294966387 0.0036470903711765495 -0.0025452657942557902 -0.0056806841570459432 0.014474318495111882 0.02842120902066847 -0.013823291102986735 -0.0036824594776151808 0.0024165702459852936 0.00063604206779459738 0.025053864746285515
leaf_weight=2284.2665709126741 780.59720321558416 2011.6958445906639 627.77135188877583 1945.1578641710803 2603.5431928243488 5048.0060044415295 771.37036567926407 542.063407340087 190.84548158943653 563.88423766102642 5294.730376612395 1212.3632290204987 71432.283516655676 217.70958901382983
leaf_count=18674 3678 8369 2695 13194 14598 26723 3143 2468 2035 2868 48909 13258 458221 1884
internal_value=6.78968e-05 -0.00335478 0.000229418 -0.00181712 -0.00238944 -0.0042682 0.00150465 0.000510079 0.000611708 -0.00541369 0.000513963 0.00612945 0.000410772 -0.00250423
internal_weight=95526.3 4295.96 91230.3 10995.8 10368.1 6993.16 3374.91 80234.5 78890 1344.48 78347.9 1403.21 76944.7 5512.44
internal_count=620717 27043 593674 60353 57658 39917 17741 533321 526775 6546 524307 15293 509014 50793
is_linear=0
shrinkage=0.05


Tree=208
num_leaves=15
num_cat=0
split_feature=67 57 70 72 72 71 70 72 69 72 71 72 69 70
split_gain=22.8659 39.2204 40.2568 25.097 58.8314 60.1004 41.0062 32.3638 51.759 85.1086 60.6217 47.306 76.898 40.4261
threshold=0.011116872541606428 0.0055207423865795144 -0.044312106445431702 0.0045173054095357665 0.004215105203911663 0.017434364184737209 -0.0047358931042253962 0.0053601104300469169 0.13316312432289126 0.0052483330946415671 0.009475345257669689 0.0060551823116838941 0.12422047555446626 0.0072364876978099355
decision_type=2 10 2 10 8 2 2 10 8 10 2 10 10 2
left_child=1 -1 -3 4 5 6 -4 8 9 13 -11 12 -9 -5
right_child=-2 2 3 7 -6 -7 -8 11 -10 10 -12 -13 -14 -15
leaf_value=-0.0059920933456816712 0.0012179524740947361 -0.016146986264770746 0.015380436404107781 -0.0019138462435727762 -0.010714737706053305 0.021740352781416852 -0.0031527927528675367 -0.0025611052990589123 0.022038619233740286 0.006017877871898723 0.036788115371328402 0.00020828077014754793 -0.021901277729616524 0.017623311221879275
leaf_weight=3135.0438390029594 25304.021247314289 387.32781956344843 315.34546207822859 3412.8366944994777 1829.3881244212389 285.76035931054503 3613.1459465511143 3729.852767190896 360.69718057569116 386.28312463406473 269.30487455707043 51545.299325318076 586.83682186249644 276.98046830110252
leaf_count=41259 138276 1758 2872 28810 16469 2248 34510 29519 2491 3321 1894 310550 4011 2305
internal_value=-7.02249e-05 -0.0005351 -0.000278898 -0.00018422 -0.00325386 2.57121e-06 -0.00162983 0.000122563 0.00410006 0.00256386 0.0190206 -0.000213196 -0.00523487 -0.000403598
internal_weight=95438.1 70134.1 66999.1 66611.7 6043.64 4214.25 3928.49 60568.1 4706.1 4345.41 655.588 55862 4316.69 3689.82
internal_count=620293 482017 440758 439000 56099 39630 37382 382901 38821 36330 5215 344080 33530 31115
is_linear=0
shrinkage=0.05


Tree=209
num_leaves=15
num_cat=0
split_feature=69 69 70 71 71 69 72 71 71 71 71 72 70 71
split_gain=19.8292 95.1504 61.5027 57.553 91.5222 60.0668 100.086 99.7379 53.2557 91.7761 118.646 100.333 65.0021 114.707
threshold=0.099168736487627043 0.093839596956968321 0.0053677372634410867 0.018040064722299579 0.019246594049036506 0.12341973930597307 0.012092315126210453 -0.014813820365816353 0.001149674935732037 -0.0026560606202110644 -0.0016666995361447332 0.010337687097489836 0.0064158577006310233 0.0080078789032995718
decision_type=8 10 2 2 2 8 10 2 2 2 2 10 2 2
left_child=1 -1 -3 5 -5 6 7 -2 9 11 -11 -7 13 -10
right_child=3 2 -4 4 -6 8 -8 -9 12 10 -12 -13 -14 -15
leaf_value=-1.7403839453457846e-05 0.011630952961333174 0.0049491269359713073 0.021322864436295975 0.017552703922016199 0.00043896397319533948 -0.0062244180513582924 -0.031984443086523671 -0.0057322877353842136 -0.0099411554271429965 0.035013607849632977 0.0044660354423433609 0.016663353234446229 -0.013056621148694573 0.0066410349257629096
leaf_weight=66022.07525203377 897.56162430811673 2465.0484659941867 741.3512417934835 914.21069189161062 5053.2116689924151 2004.9989484744146 325.19996479246765 9389.667920300737 1720.4588887915015 476.59142095223069 926.90504571888596 618.09421120025218 1199.3671464612707 2614.8302074866369
leaf_count=425281 4546 15932 4840 5851 32305 13749 1948 63666 13222 3194 6296 3003 8585 17481
internal_value=-5.13404e-05 0.000391705 0.00878942 -0.00122434 0.00308577 -0.00250018 -0.00508801 -0.00420752 0.000374467 0.004743 0.0150135 -0.000788442 -0.00280656 5.26612e-05
internal_weight=95369.6 69228.5 3206.4 26141.1 5967.42 20173.7 10612.4 10287.2 9561.25 4026.59 1403.5 2623.09 5534.66 4335.29
internal_count=619899 446053 20772 173846 38156 135690 70160 68212 65530 26242 9490 16752 39288 30703
is_linear=0
shrinkage=0.05


Tree=210
num_leaves=15
num_cat=0
split_feature=53 71 69 71 74 71 68 74 70 73 69 68 71 72
split_gain=21.6356 40.8905 75.4615 228.102 164.302 75.1064 56.6928 62.1302 70.5247 47.6175 76.705 52.3151 90.1555 84.3518
threshold=-0.25175990164279932 -0.0071565646212548009 -0.013561757747083901 -0.0016666995361447332 -0.0063446972053498021 0.047184959053993232 0.018064832314848903 -0.0090544936247169954 -0.0021616263547912236 0.47465904057025915 -0.024339721538126465 -0.042422825470566743 -0.021549537777900692 0.0085463761352002638
decision_type=10 2 8 2 2 2 8 2 2 2 10 10 2 10
left_child=1 6 3 -3 -5 -6 9 -8 -9 11 -11 12 -1 -13
right_child=-2 2 -4 4 5 -7 7 8 -10 10 -12 13 -14 -15
leaf_value=-0.0027131953542555744 -0.00073130123667371812 0.037180620417779718 0.00063012631989777359 -0.013349558766360951 0.012067417370410057 -0.006193259722308728 -0.0078639208435391569 0.02566789272062819 0.0034934559997387505 -0.027668802744369017 -0.0046950390369516239 -0.0059937465821876769 -0.025131286547550181 0.0073945629757200051
leaf_weight=3511.5686157587916 52655.699134710245 557.05851108767092 24194.295781872235 1089.7493668030947 3004.0908928932622 685.86352581344545 601.43817620165646 527.87693283893168 1087.3519427711144 453.56835148110986 1708.241826524958 1936.7809292413294 504.73276339098811 2964.8601325526834
leaf_count=15085 401788 2431 132737 4914 13452 3166 2976 2458 5142 2733 7900 10531 2222 13369
internal_value=-5.25815e-05 0.000781869 0.00181838 0.00719408 0.00362892 0.00866568 -0.00151983 0.00576261 0.0108537 -0.00298067 -0.00962036 -0.00136216 -0.00558592 0.00210302
internal_weight=95483.2 42827.5 29531.1 5336.76 4779.7 3689.95 13296.4 2216.67 1615.23 11079.8 2161.81 8917.94 4016.3 4901.64
internal_count=620904 219116 156700 23963 21532 16618 62416 10576 7600 51840 10633 41207 17307 23900
is_linear=0
shrinkage=0.05


Tree=211
num_leaves=15
num_cat=0
split_feature=28 27 68 7 52 71 68 71 14 27 71 58 71 72
split_gain=20.6298 23.5541 28.0672 22.3017 19.2461 24.1729 74.6003 35.9775 52.5445 23.8716 28.4954 47.8536 50.2308 200.165
threshold=1.373918950557709 1.7579187750816347 -0.079467378556728349 0.30994850397109991 0.38858737051486975 0.035511596128344543 0.054882958531379707 0.022238844074308876 -0.021333297714591023 0.67784777283668529 -0.0030908692860975857 -0.0089884754270315153 -0.0083209872245788557 0.011809141840785744
decision_type=2 2 10 2 8 2 8 2 8 2 2 2 2 10
left_child=4 2 -2 -3 9 7 -7 -6 -9 -1 11 -11 -13 -14
right_child=1 3 -4 -5 5 6 -8 8 -10 10 -12 12 13 -15
leaf_value=-0.0018742315114859357 0.0088836759993964239 0.0035686561529422105 -0.004376933624994573 -0.0056948427248321911 0.0014496908855652698 0.0040344965916327552 -0.020580385824665245 0.020799565954911073 0.0027456802540794028 -0.0054773132847143434 0.001265059644571787 0.001769653325171506 -0.010774048362992592 0.018721837200776827
leaf_weight=15573.453495305032 413.2683188598603 2647.4310636650771 7197.5834418823943 850.32984129339457 12294.059903016314 871.52072533033788 463.78218253422529 610.8084357669577 1159.3767884895205 4795.5146838799119 32767.61354362499 12091.13336114306 2896.5269296336919 707.52645194530487
leaf_count=114320 1781 14568 41230 3532 57992 3823 2423 2686 5665 24157 246763 73035 24022 3841
internal_value=-6.25716e-05 -0.00208685 -0.00364617 0.00130682 0.000204611 0.00180189 -0.00460426 0.00241294 0.00905708 -0.000152952 0.00035063 -0.00111158 0.000224968 -0.00494781
internal_weight=95339.9 11108.6 7610.85 3497.76 84231.3 15399.5 1335.3 14064.2 1770.19 68831.8 53258.3 20490.7 15695.2 3604.05
internal_count=619838 61111 43011 18100 558727 72589 6246 66343 8351 486138 371818 125055 100898 27863
is_linear=0
shrinkage=0.05


Tree=212
num_leaves=15
num_cat=0
split_feature=72 72 1 27 84 0 0 74 69 69 1 72 54 51
split_gain=25.9572 35.9798 22.1041 37.4055 46.1846 33.6139 30.8008 27.1961 25.7967 76.5439 25.741 21.7538 21.0105 22.3764
threshold=0.054642656818032272 0.048988671973347671 0.014439760241657497 1.3478559851646426 1.0000000180025095e-35 0.022917123511433605 0.012465401086956264 -0.0056889886036515227 0.14754705131053927 0.13793270289897921 0.0091351317241787928 0.0037550557171925907 0.85160985589027416 -0.03596104867756366
decision_type=8 10 10 2 2 2 2 2 8 10 10 10 8 10
left_child=1 2 3 6 7 -4 -1 -5 9 11 -6 -8 13 -13
right_child=-2 -3 5 4 10 -7 8 -9 -10 -11 -12 12 -14 -15
leaf_value=-0.016747449626323557 -0.012313692149771776 0.013866117413356064 -0.0047146620842864612 0.011517686616861728 0.026203061597261129 -5.2181990367559846e-05 0.0098025884765726226 -0.010249140623595781 -0.0069085787155637101 0.034036245884191144 0.0089489374035398635 0.0015650264762949605 0.0082408512490575441 -0.0040988003588259608
leaf_weight=239.60777635220438 413.50453820079565 461.77618854306638 4059.5330140609294 193.8194695841521 244.11864304915071 77170.999414525926 668.14386123232543 478.53344473429024 924.0667701875791 170.65389329660684 1652.4816735144705 5368.3784119188786 787.63138868380338 2570.6107126176357
leaf_count=12604 1766 2027 45400 1709 4806 387057 11024 5255 13668 1699 15212 64654 8659 45063
internal_value=3.7369e-05 9.24251e-05 2.36805e-05 0.00191258 0.00731949 -0.000285743 0.000612346 -0.00389757 0.00102446 0.00179725 0.0112956 0.00117607 0.000505122 -0.000271746
internal_weight=95403.9 94990.4 94528.6 13298 2568.95 81230.5 10729.1 672.353 10489.5 9565.42 1896.6 9394.76 8726.62 7938.99
internal_count=620603 618837 616810 184353 26982 432457 157371 6964 144767 131099 20018 129400 118376 109717
is_linear=0
shrinkage=0.05


Tree=213
num_leaves=15
num_cat=0
split_feature=26 72 72 68 68 74 68 68 73 70 70 74 72 70
split_gain=19.3571 26.9314 90.9102 64.9564 129.404 107.533 106.767 123.536 72.9868 75.7623 51.3657 51.2524 132.408 102.292
threshold=-0.23853577673435208 0.016764153726398948 0.016498443670570854 -0.037996767088770859 -0.03706304915249347 0.0028888076776638631 -0.040576038882136338 -0.073404144495725618 0.20669034123420718 -0.012843514792621134 -0.007310818647965788 0.022280261851847175 0.012456668540835382 0.01074507972225547
decision_type=8 8 10 8 8 2 10 10 2 2 2 2 10 2
left_child=-1 2 3 5 -5 6 7 -2 -9 -10 -11 13 -13 -6
right_child=1 -3 -4 4 11 -7 -8 8 9 10 -12 12 -14 -15
leaf_value=0.0022867936172863224 0.015618610868313091 -0.0029445193153885417 0.024502043864279635 -0.032787030420735483 0.00019410415418927589 0.019343250103505252 0.021305147750900116 -0.022470478406738891 0.008800356180204482 -0.02518482314529338 -0.0028332588935060885 -0.0076498395694113404 0.025254840857099656 -0.0063437787174547792
leaf_weight=8950.1387822590768 763.57522034924477 7853.6117544053122 370.59331299178302 296.5428861444816 65238.426642262377 1088.9004435371608 574.56092241499573 588.6377938920632 836.87510819174349 397.54285239707679 704.07862210366875 566.79495810065418 644.66141579300165 6576.8216730151325
leaf_count=38379 3431 40452 2022 1819 464648 5479 3074 3350 4389 2092 3724 3346 3219 41369
internal_value=7.4558e-05 -0.000154575 0.000124361 5.83358e-06 -0.000368864 0.00554104 0.00161289 -0.00187953 -0.00720732 -0.00248102 -0.0110533 -0.000232751 0.00992338 -0.000405433
internal_weight=95451.8 86501.6 78648 78277.4 73323.2 4954.17 3865.27 3290.71 2527.13 1938.5 1101.62 73026.7 1211.46 71815.2
internal_count=620793 582414 541962 539940 514401 25539 20060 16986 13555 10205 5816 512582 6565 506017
is_linear=0
shrinkage=0.05


Tree=214
num_leaves=15
num_cat=0
split_feature=27 0 69 22 69 73 69 73 73 73 69 73 69 74
split_gain=21.2102 28.0273 24.9774 30.9111 24.9009 129.634 92.0098 73.1742 85.4528 58.6415 45.3728 127.025 84.6252 86.3168
threshold=0.60999807715415966 0.019203061237931255 -0.12003959342837332 68.275009155273452 0.040939569473266609 0.31657269597053533 0.057975972071290023 0.35007834434509283 0.36146374046802526 0.86026260256767284 0.060800891369581229 0.51786252856254589 0.098625801503658309 -0.010405297391116617
decision_type=2 2 10 10 10 2 10 2 2 2 10 2 10 2
left_child=1 -1 3 -3 -2 6 -6 -7 -9 10 11 -10 -12 -14
right_child=4 2 -4 -5 5 7 -8 8 9 -11 12 -13 13 -15
leaf_value=-0.012658947703577953 -0.00057330368826662246 0.012632607056991211 -0.0017697046595321324 -0.0053991452183062586 0.029745823649661676 -0.014057130994402967 0.0010392565008317616 0.021836681493938335 -0.010411826413551466 -0.018176451561493726 0.0042050039951495206 0.0024351224529633765 0.011470611980222228 -0.0016041404915036975
leaf_weight=542.31754320859909 33695.143189563416 664.3815666437149 12932.855871904641 359.91846510767937 660.5980726685375 805.05737577844411 479.44774938002229 479.50751297362149 3055.2001985479146 392.14643474947661 17923.24380129762 5160.9103967985138 1354.0563663896173 16918.467533290386
leaf_count=15132 197135 3557 74950 2220 3119 4670 2445 2820 20687 2698 129505 43225 7584 110718
internal_value=0.000149403 -0.00161101 -0.00117297 0.00630567 0.000464984 0.00120571 0.0177873 0.000791781 0.00105881 0.000831618 0.00100351 -0.00234893 0.00176492 -0.000629513
internal_weight=95423.3 14499.5 13957.2 1024.3 80923.8 47228.6 1140.05 46088.6 45283.5 44804 44411.9 8216.11 36195.8 18272.5
internal_count=620465 95859 80727 5777 524606 327471 5564 321907 317237 314417 311719 63912 247807 118302
is_linear=0
shrinkage=0.05


Tree=215
num_leaves=15
num_cat=0
split_feature=1 2 72 68 6 68 27 2 68 12 74 27 70 72
split_gain=22.7005 46.3716 41.1004 64.6932 39.8184 37.684 35.5273 25.259 25.601 23.2931 24.162 22.6674 21.8215 21.5026
threshold=0.013420392293483021 0.0097347497940063494 0.012456668540835382 -0.020773227326571938 0.26740215718746191 -0.031177300028502938 1.2336078882217409 0.019619102589786056 -0.025118615478277203 0.53090548515319835 -0.0078223629388958198 0.61411067843437206 -0.0031956317834556098 0.0080884061753749865
decision_type=10 2 8 8 2 10 2 2 8 8 2 2 2 10
left_child=1 -1 3 5 -4 -3 11 8 -2 10 -8 -5 -12 -14
right_child=7 2 4 6 -6 -7 9 -9 -10 -11 12 -13 13 -15
leaf_value=-0.025503443550002353 0.0087091957600412811 0.0078725999017765919 0.0076798362261335006 -0.0074607199169037901 -0.0166273393707288 0.034728848679076767 0.022353625022203102 -0.00027518106268102155 -0.0061961894687018581 -0.0092964565614043777 -0.0047562150936331614 0.0015397143658641714 0.012594525851109213 -0.0018592352321976785
leaf_weight=140.51190108992159 310.3707118248567 297.07304712478071 243.13278226833791 787.75662746001035 505.39149440731853 234.57980339229107 289.56776201352477 81993.565177526325 2951.1210776381195 178.36938001774251 322.31121861003339 5673.7060425560921 1172.4604668486863 325.8695918135345
leaf_count=7053 2453 2907 2222 15540 6554 2157 2854 428001 35367 2184 3694 91976 14478 3417
internal_value=-0.000180685 0.00205089 0.00246191 0.0033733 -0.00873482 0.0201447 0.00233244 -0.000447115 -0.00475547 0.00767117 0.00914247 0.000432583 0.00693064 0.00945951
internal_weight=95425.8 10170.7 10030.2 9281.69 748.524 531.653 8750.04 85255.1 3261.49 2288.58 2110.21 6461.46 1820.64 1498.33
internal_count=620857 155036 147983 139207 8776 5064 134143 465821 37820 26627 24443 107516 21589 17895
is_linear=0
shrinkage=0.05


Tree=216
num_leaves=15
num_cat=0
split_feature=1 2 72 68 69 69 68 74 73 69 72 69 68 68
split_gain=22.6592 36.9944 34.2078 49.3263 30.1762 49.0355 35.6389 69.0322 44.1256 32.1261 28.4312 56.1339 34.6121 39.5141
threshold=0.013073397334665062 0.0097347497940063494 0.012349434662610294 -0.020773227326571938 0.027364170178771022 0.02057953737676144 0.011781542561948301 -0.015808755531907078 0.42371858656406408 0.013193483930081131 0.0066044870764017114 0.1405192241072655 0.056594353169202812 0.034875836223363883
decision_type=8 2 10 8 8 10 10 2 2 10 10 10 10 10
left_child=1 -1 3 -3 5 9 7 -6 -8 -5 11 12 13 -10
right_child=-2 2 -4 4 6 -7 8 -9 10 -11 -12 -13 -14 -15
leaf_value=-0.022688614926468873 -0.0002064869288613358 0.019302096853801989 -0.0084563623440089674 0.013171621440984802 0.025702318541340665 0.033096040130023319 0.031902695738947384 -0.0075784041608871954 0.0065264899222719983 -0.011921785015309161 -0.0026025114339337566 0.033862847993449012 0.027190487512747486 -0.0051730495724415038
leaf_weight=134.60874958150089 86411.039435911924 465.16306914016604 617.6701949685812 347.19971869233996 162.54362404067069 195.4670062083751 125.63995452038944 1615.7615084648132 2375.3310375688598 189.07989020459354 1579.1058587152511 155.62927081622183 144.77175292372704 1026.1161021785811
leaf_count=6947 476569 4512 7649 4393 1794 2743 1607 24911 42300 2831 23571 1805 2264 17313
internal_value=4.39576e-05 0.00241087 0.00281106 0.00365046 0.00270762 0.012311 0.00171381 -0.00440971 0.00373234 0.00426798 0.00300311 0.00539488 0.00405382 0.00299227
internal_weight=95545.1 9134.09 8999.48 8381.81 7916.65 731.747 7184.9 1778.31 5406.59 536.28 5280.95 3701.85 3546.22 3401.45
internal_count=621209 144640 137693 130044 125532 9967 115565 26705 88860 7224 87253 63682 61877 59613
is_linear=0
shrinkage=0.05


Tree=217
num_leaves=15
num_cat=0
split_feature=54 27 53 21 5 69 69 70 84 71 69 69 71 74
split_gain=21.9493 35.52 42.3965 31.8072 34.2392 47.0673 81.6908 40.505 38.6286 65.0982 42.2325 41.5301 38.2142 37.0174
threshold=0.44868208467960363 1.3478559851646426 -0.15838754177093503 17.438743591308597 1.0077816247940066 -0.011767926160246132 0.0083855912089347857 0.01116525335237384 1.5000000000000002 0.0040370433125644931 0.080907113850116744 0.045433614403009422 0.044869080185890205 0.0033676502062007789
decision_type=8 2 10 10 2 10 10 2 2 2 10 10 2 2
left_child=1 2 3 -1 5 12 -7 8 9 -8 13 -10 -5 -11
right_child=-2 -3 -4 4 -6 6 7 -9 11 10 -12 -13 -14 -15
leaf_value=-0.0030487292134336696 0.00087837310922853496 0.0022802628454695519 -0.0039808648797538633 0.0077304472298576066 -0.0023051409638988464 -0.013680215908827962 -0.0022085403077112711 -0.0095590129835314789 -0.0074828699476890666 0.026592529028304186 0.0038846725668584361 0.0027604236201076802 -0.0073545178757750771 0.0078646262743647579
leaf_weight=7530.9300480457023 48167.090034382418 8537.9753739852458 10562.963190914132 4188.904356203042 6364.7415293250233 956.62234979681671 1173.1199334003031 729.75448052771389 1359.7029907982796 651.2488724058494 797.95827055256814 3554.9831147873774 458.57529994472861 458.03577969036996
leaf_count=39769 280382 52595 129837 20637 34507 5419 7317 4312 8601 4249 5081 22831 2280 3088
internal_value=0.000127069 -0.00063762 -0.00128033 -0.000268612 0.000744125 0.00209924 0.000112215 0.0016384 0.00267112 0.00705124 0.0127286 -8.29384e-05 0.00622939 0.0189989
internal_weight=95492.6 47325.5 38787.5 28224.6 20693.6 14328.9 9681.43 8724.8 7995.05 3080.36 1907.24 4914.69 4647.48 1109.28
internal_count=620905 340523 287928 158091 118322 83815 60898 55479 51167 19735 12418 31432 22917 7337
is_linear=0
shrinkage=0.05


Tree=218
num_leaves=15
num_cat=0
split_feature=73 69 73 4 27 73 69 69 73 72 72 69 73 72
split_gain=19.4171 54.9066 53.5492 52.2684 38.6935 35.1357 109.094 111.656 98.9378 79.2781 401.074 89.086 68.5666 53.8043
threshold=0.68571081757545482 0.1405192241072655 0.69512599706649791 0.50833332538604747 0.84284621477127086 0.57523560523986828 0.11515964940190317 0.097018897533416762 0.48414604365825659 0.0065265919547528037 0.006748802727088333 0.067934259772300734 0.57999348640441906 0.0066546094603836545
decision_type=2 10 2 8 2 2 10 10 2 10 10 10 2 10
left_child=1 5 -2 4 -4 6 7 9 13 11 -11 -1 -7 -8
right_child=2 -3 3 -5 -6 12 8 -9 -10 10 -12 -13 -14 -15
leaf_value=-0.0030938000800874118 -0.0093134822299699421 0.015982637257491616 -0.0038185532101589477 0.0082142314450701828 0.00070148327248239757 0.013751519397021433 0.0076297779927005094 0.0083643964444396254 -0.019173426618192938 0.041748850542678309 -0.00045146047832975004 -0.019656636682203747 0.0012857368106817463 -0.011333641827591319
leaf_weight=3878.3721156818792 1885.4890669640154 551.43338854797184 8323.8868814595044 1567.926787994802 10957.345521057956 1154.3641473762691 832.33316923491657 3777.9043638426811 1427.4417940573767 561.56067551579326 37721.173044303432 1018.6089036995545 21041.419747391716 662.87021511141211
leaf_count=33357 14327 3148 64258 7288 76838 7275 5696 22615 10124 3606 210570 6740 150377 4227
internal_value=7.67565e-06 0.000406872 -0.0012672 -0.000535425 -0.00125083 0.000285506 -0.000450937 0.000133338 -0.00980683 -0.000588589 0.000178307 -0.00657203 0.00193996 -0.000796739
internal_weight=95362.1 72627.5 22734.6 20849.2 19281.2 72076 49880.3 46957.6 2922.65 43179.7 38282.7 4896.98 22195.8 1495.2
internal_count=620446 457735 162711 148384 141096 454587 296935 276888 20047 254273 214176 40097 157652 9923
is_linear=0
shrinkage=0.05


Tree=219
num_leaves=15
num_cat=0
split_feature=27 0 72 69 72 69 69 69 73 72 73 72 74 74
split_gain=17.5286 27.7211 26.9478 97.6722 75.7941 134.434 54.3392 80.0738 71.9544 53.0912 53.0873 46.4623 104.12 111.933
threshold=1.0133871436119082 0.061392687261104591 0.013127529062330725 -0.020707927644252774 0.014131831005215647 0.067643560469150557 0.040939569473266609 0.024417262524366382 0.4204839318990708 0.012957041151821615 0.31214115023612982 0.015731807798147205 0.0047900979407131681 -0.010405297391116617
decision_type=2 2 8 8 8 8 10 8 2 10 2 10 2 2
left_child=1 2 3 -1 5 10 7 11 -8 -5 -4 12 13 -6
right_child=-2 -3 4 9 6 -7 8 -9 -10 -11 -12 -13 -14 -15
leaf_value=0.011560045450065419 0.00076441140161838915 0.0019680338712282641 -0.0038244813678912411 -0.0012025462409550193 -0.0019831568027482839 0.0059379030635288328 0.027885707044737786 -0.019065581480215137 -0.0020260142795125568 0.016961640917182403 -0.023284203603259099 -0.00284473994706874 -0.014760160225254809 0.031772222702369533
leaf_weight=1602.6586422203109 37449.575946429744 8755.9636765420437 479.25501395668834 37178.232309320942 454.95655825268477 835.40556258521974 355.15135149098933 632.01919671334326 444.60726784914732 396.71279538143426 1341.0523855099455 4674.5697179259732 366.85043038055301 520.85462680459023
leaf_count=9248 227104 35837 2530 288683 2403 4936 2018 3925 2785 2358 8748 25485 2163 2783
internal_value=-7.88102e-05 -0.000622942 -0.00108359 -0.000489431 -0.00338445 -0.0106198 -0.000794129 -0.00228027 0.0114373 -0.00100631 -0.0182097 -0.000488517 0.00767522 0.0161738
internal_weight=95487.9 58038.3 49282.3 39177.6 10104.7 2655.71 7449.01 6649.25 799.759 37574.9 1820.31 6017.23 1342.66 975.811
internal_count=621006 393902 358065 300289 57776 16214 41562 36759 4803 291041 11278 32834 7349 5186
is_linear=0
shrinkage=0.05


Tree=220
num_leaves=15
num_cat=0
split_feature=69 69 74 71 68 70 72 70 68 72 69 72 69 68
split_gain=22.1087 81.5503 73.719 99.6172 86.3027 110.165 80.6796 72.798 95.5737 94.7107 73.4102 71.6893 74.6415 97.5071
threshold=0.099168736487627043 0.093839596956968321 0.0022832845570519571 0.012987055350095035 0.034148620441555984 -0.0030925977043807502 0.0077450678218156108 0.016850572079420093 0.035896999761462219 0.004746402148157359 0.1354017108678818 0.0081507000140845793 0.12770455330610278 0.017686489969491962
decision_type=8 10 2 2 10 2 10 2 10 10 10 10 10 8
left_child=1 -1 3 6 5 -5 -2 8 -4 10 -10 -8 13 -13
right_child=2 -3 7 4 -6 -7 11 -9 9 -11 -12 12 -14 -15
leaf_value=8.9555935765256914e-05 -0.0045367191607466103 0.00824219103823212 -0.0095766666577904568 0.042381191312204525 0.0020624273364659679 0.0098622546387590569 0.024122154613783645 0.012513421096934822 0.0026444333315009693 -0.0027550151842339922 0.037275295538505469 0.0088810987128024339 0.018027397161172801 -0.010295928473009147
leaf_weight=66076.781912741251 7279.0304754264653 3206.7318400116637 5815.5486340168864 323.49628476984799 2681.4063887950033 1236.5353201935068 405.49025201890618 596.72051757201552 343.18342828284949 4038.3513955483213 268.60769604612142 1210.7402123417705 586.88930578436702 1440.7018823893741
leaf_count=425849 51613 20779 38870 1944 17266 8152 2729 3120 3167 27602 1691 6706 2982 8756
internal_value=-1.76377e-08 0.000468029 -0.00123617 0.00102794 0.0075218 0.0168325 -0.00149826 -0.00433793 -0.00530976 3.55965e-05 0.0182041 0.00456729 0.00205199 -0.00153857
internal_weight=95510.2 69283.5 26226.7 15164.3 4241.44 1560.03 10922.9 11062.4 10465.7 4650.14 611.791 3643.82 3238.33 2651.44
internal_count=621226 446628 174598 100148 27362 10096 72786 74450 71330 32460 4858 21173 18444 15462
is_linear=0
shrinkage=0.05


Tree=221
num_leaves=15
num_cat=0
split_feature=1 69 69 71 68 26 53 71 68 69 68 71 68 71
split_gain=20.0258 32.9171 134.093 47.9517 35.7456 52.0578 32.2723 46.3366 56.4671 35.0808 175.202 56.6783 61.9752 78.3497
threshold=0.021468201652169231 0.14754705131053927 0.1405192241072655 -0.017231309786438938 0.053135205060243614 -0.11085476726293562 -0.2878499031066894 0.0017024056287482383 0.028340154327452186 0.040112277492880828 -0.019604963250458237 0.016855728812515739 0.053135205060243614 0.0061059994623065003
decision_type=10 8 10 2 8 10 10 2 10 10 10 2 10 2
left_child=1 2 6 -3 5 -5 7 -1 -9 11 -11 12 13 -8
right_child=-2 3 -4 4 -6 -7 9 8 -10 10 -12 -13 -14 -15
leaf_value=-0.0002236685829270583 -0.0005975389410957508 0.017940415498332883 0.028551219745211423 0.020627544064288572 -0.016872115154994864 -0.0053153393189586482 -0.0018484108090619834 0.014749599720496626 0.0011879507267168394 0.027382709289405782 0.00059362135551618486 -0.010945326082185756 -0.019570591648987706 0.012053124423225448
leaf_weight=2915.2991327149794 56464.015943991952 220.63251119945198 436.03805777058005 202.70560831949115 570.18447863310575 2133.2834396352991 5709.4744600839913 1672.4731247713789 1414.9689287310466 619.75636075343937 19803.145447176881 1565.397536448203 392.25508970394731 1221.89744189661
leaf_count=17651 262053 1603 3013 1601 4693 23228 44419 11371 9665 3702 207466 14815 4177 10852
internal_value=3.71712e-06 0.000876885 0.00130746 -0.00403467 -0.00575879 -0.00298581 0.000963092 0.00429992 0.00855822 0.000278515 0.00141957 -0.00234175 -0.000490357 0.000616056
internal_weight=95341.5 38877.5 35750.7 3126.81 2906.17 2335.99 35314.7 6002.74 3087.44 29311.9 20422.9 8889.02 7323.63 6931.37
internal_count=620309 358256 327131 31125 29522 24829 324118 38687 21036 285431 211168 74263 59448 55271
is_linear=0
shrinkage=0.05


Tree=222
num_leaves=15
num_cat=0
split_feature=27 72 69 84 59 79 52 73 72 69 69 69 69 73
split_gain=17.3031 38.9112 30.4301 56.3096 37.8206 25.625 23.4137 35.6416 59.914 59.3353 52.9642 72.3839 48.9346 37.9562
threshold=1.4876836538314822 0.022326558828353885 0.071929782629013075 1.0000000180025095e-35 2.5000000000000004 0.1234501749277115 0.60185265541076671 0.68243443965911876 0.016764153726398948 0.1405192241072655 -0.011767926160246132 -0.0020994962542317803 -0.023603926412761208 0.78959435224533092
decision_type=2 8 8 2 10 8 8 2 10 10 8 8 10 2
left_child=6 2 -2 -4 5 -5 7 9 10 -1 12 -12 -9 -13
right_child=1 -3 3 4 -6 -7 -8 8 -10 -11 11 13 -14 -15
leaf_value=-4.1304781645683586e-05 0.0045648382585081219 -0.013254085938531258 -0.0095864830239173367 0.0085199209055488081 -0.0088081787817097957 -0.00034343426957008749 0.0023182505946119218 0.00077877985361323896 -0.014113421916553083 0.019218014442623884 -0.025213639764973095 -0.0035149238913443287 0.023446566102964715 0.0021292205672663544
leaf_weight=57321.112217210233 6606.5439778119326 405.51172970421612 1284.8075566124171 1822.1860037706792 618.77291182428598 1468.1822813153267 8140.9547581644729 634.05048773065209 1032.9163168631494 392.72768511809409 332.46220534387976 10798.152922422625 371.94127652049065 4104.2323502730578
leaf_count=377588 36830 1784 7679 12375 2631 7235 36919 3840 6174 2245 2442 89840 2209 30759
internal_value=3.13432e-05 0.00178844 0.00231615 -0.000547387 0.00244035 0.00457598 -0.000226841 -0.000503419 -0.00249522 9.30565e-05 -0.00174807 -0.00248375 0.00930793 -0.0019601
internal_weight=95334.6 12206 11800.5 5193.95 3909.14 3290.37 83128.6 74987.6 17273.8 57713.8 16240.8 15234.8 1005.99 14902.4
internal_count=620550 68534 66750 29920 22241 19610 552016 515097 135264 379833 129090 123041 6049 120599
is_linear=0
shrinkage=0.05


Tree=223
num_leaves=15
num_cat=0
split_feature=15 70 68 71 70 69 69 84 74 69 69 70 74 71
split_gain=24.1741 30.804 103.78 93.1598 69.1549 66.6895 51.7134 56.155 75.6548 70.8382 81.3396 60.3359 44.6165 172.644
threshold=25.046705245971683 -0.0085004726424813253 -0.092823620885610567 -0.054498547688126557 -0.0082382690161466581 0.10017061233520509 -0.099529262632131563 1.5000000000000002 -0.022224651649594303 -0.037229469045996659 0.049500988796353347 -0.016523967497050759 -0.0078223629388958198 -0.020949346944689747
decision_type=8 2 10 2 2 10 8 2 2 10 10 2 2 2
left_child=1 2 -1 -3 -5 6 -4 8 -8 -10 11 -11 13 -6
right_child=-2 3 5 4 12 -7 7 -9 9 10 -12 -13 -14 -15
leaf_value=0.019052244373756872 -0.00093818737103419181 -0.024609915182929008 -0.021467818812598294 0.024210322110735094 0.034815427207088731 0.010522889539114837 0.016817652287121218 -0.0076721251504090057 -0.020864544006911716 -0.0042062665206627934 -0.0089287724956174895 0.021039144993342484 0.00077838083675370968 0.0022296565417290982
leaf_weight=537.03313650004566 38676.07783580292 337.66207209415734 432.69948288425803 319.07357507385314 460.97406568843871 765.91113540064543 616.33336124848574 4040.2152135465294 428.5512876752764 378.94073921069503 961.89466759189963 607.89507210254669 43939.265989281237 2980.6273217583075
leaf_count=2399 245353 1628 2177 1713 2305 4169 3193 23266 2444 2059 5634 3289 302954 18538
internal_value=2.58625e-05 0.000682268 -0.00204125 0.00117978 0.00136746 -0.0034387 -0.00488303 -0.00383375 0.00135485 -0.00270768 0.00137138 0.0114001 0.00120856 0.00668247
internal_weight=95483.2 56807.1 8769.47 48037.6 47699.9 8232.44 7466.53 7033.83 2993.62 2377.28 1948.73 986.836 47380.9 3441.6
internal_count=621121 375768 48630 327138 325510 46231 42062 39885 16619 13426 10982 5348 323797 20843
is_linear=0
shrinkage=0.05


Tree=224
num_leaves=15
num_cat=0
split_feature=70 74 58 74 74 69 74 5 70 73 73 73 74 70
split_gain=21.9278 20.8651 21.219 59.0995 53.2259 43.1361 40.6728 67.0875 41.9964 54.0144 39.1756 38.5132 38.4559 58.065
threshold=-0.044312106445431702 -0.028786783106625077 0.0015144856297411027 -0.0031576588517054911 -0.003562176949344575 0.099168736487627043 -0.021459922194480893 1.0151045322418215 -0.020596803165972229 0.14722991734743121 0.46280069649219518 0.37032879889011389 -0.010230321437120436 0.00073521982994861912
decision_type=2 2 2 2 2 10 2 2 2 2 2 2 2 2
left_child=-1 -2 6 4 -4 -5 7 -3 -8 12 -7 -9 -10 -14
right_child=1 2 3 5 -6 10 8 11 9 -11 -12 -13 13 -15
leaf_value=-0.0097170211648943093 0.0056096396303309676 -0.017713706417487422 0.0032140434661245862 0.00078164349373795921 0.017857506150822627 -0.019011884037840241 0.012096382604003095 -0.0084162478874003216 -0.018140392034062407 -0.00035821845839893805 -0.0026084945548791269 0.010716518733473582 0.0067637028725488256 -0.015242596175606655
leaf_weight=577.01451379433274 1605.859622888267 909.14641420356929 8253.7497081682086 25035.723700046539 661.94622369855642 371.68818634096533 640.1422758102417 533.77524332888424 703.26477892696857 46368.428728439845 8038.5538832517341 499.51098465640098 640.46686704456806 546.76391753833741
leaf_count=2648 7672 4863 48255 162567 3974 2317 3183 2695 3390 319291 51557 2636 3141 2697
internal_value=-8.31026e-05 -2.34513e-05 -0.000121099 0.000705305 0.00432004 -0.000259278 -0.00080967 -0.0078865 -0.000527001 -0.000696918 -0.00335516 0.000846974 -0.00895865 -0.00341368
internal_weight=95386 94809 93203.2 42361.7 8915.7 33446 50841.5 1942.43 48899.1 48258.9 8410.24 1033.29 1890.5 1187.23
internal_count=620886 618238 610566 268670 52229 216441 341896 10194 331702 328519 53874 5331 9228 5838
is_linear=0
shrinkage=0.05


Tree=225
num_leaves=15
num_cat=0
split_feature=72 70 72 73 73 27 72 72 70 70 74 73 73 70
split_gain=19.7723 69.3616 68.9392 47.8429 48.1869 42.7639 38.9648 58.2517 69.8422 57.9618 102.272 74.2326 104.772 60.371
threshold=0.0045173054095357665 0.0088483775034546869 0.0043310241308063277 0.55222755670547496 0.6560441553592683 1.3804128766059878 0.0054081864655017861 0.0059653329662978658 0.0036597462603822355 0.0026811801362782721 0.00063412255258299421 0.69331428408622753 0.65883645415306102 0.0034011212410405283
decision_type=10 2 8 2 2 2 10 10 2 2 2 2 2 2
left_child=1 2 3 -1 -5 -6 9 8 -8 11 -11 12 -2 -12
right_child=6 -3 -4 4 5 -7 7 -9 -10 10 13 -13 -14 -15
leaf_value=-0.010958442841464111 0.00022366271778706071 0.021794326677179954 -0.013828471936035489 0.0054640132225764297 -0.0064522422654038104 0.0087432206630268065 -0.0020254290469390204 0.00018471079308840139 -0.016168803868627939 0.037058603884204962 0.027586260976796596 -0.0097470113980712633 0.022739265236148897 0.0023709602234832147
leaf_weight=1055.8001229139045 2747.1645514275879 276.69575543049723 1281.1828600624576 2680.959189420566 2525.5633381064981 557.32396697625518 3475.8782387729734 75514.195760296658 1157.2289497526363 300.67442363314331 268.31084375735372 1252.7430921299383 626.41644543875009 1630.9069855352864
leaf_count=8722 21415 2314 12297 22995 26282 4362 26455 452450 9205 1993 1987 11023 5437 13737
internal_value=-6.40096e-05 -0.00238242 -0.00323407 -0.0012264 0.000572167 -0.00368582 0.000159555 -0.000149493 -0.00558529 0.00378303 0.0104445 0.000599688 0.00445927 0.00605907
internal_weight=95351 8377.53 8100.83 6819.65 5763.85 3082.89 86973.5 80147.3 4633.11 6826.22 2199.89 4626.32 3373.58 1899.22
internal_count=620674 76972 74658 62361 53639 30644 543702 488110 35660 55592 17717 37875 26852 15724
is_linear=0
shrinkage=0.05


Tree=226
num_leaves=15
num_cat=0
split_feature=22 21 73 69 74 73 69 72 74 74 69 69 72 72
split_gain=18.1312 16.9297 37.553 89.3597 70.137 112.553 100.439 84.9515 52.5424 82.9478 77.5588 61.7183 40.1423 44.4758
threshold=95.12396621704103 33.277111053466804 0.31214115023612982 0.042114155367016799 0.0028888076776638631 0.11745777353644372 1.0000000180025095e-35 0.0094088586047291773 -0.016525688581168648 -0.031177265569567677 -0.010371561627835034 -0.045439498499035828 0.018157825805246833 0.012690350878983738
decision_type=10 10 2 10 2 2 10 10 2 2 8 10 10 10
left_child=1 2 3 4 7 -6 -7 -1 9 -9 -10 -11 13 -4
right_child=-2 -3 12 -5 5 6 -8 8 10 11 -12 -13 -14 -15
leaf_value=-0.016610063919278301 -0.0050696392407946827 0.00062057959897420314 -0.0012219355767148256 0.01784813039025503 -0.0096163337761818023 0.025459413712760198 -0.0037998466271697202 -0.0061578941889633473 -0.0090982594972046204 0.021110778965457291 0.013169094926126668 -0.00071315576146205328 0.012549015154647314 -0.0076517673290872057
leaf_weight=876.40324945282191 1706.477561079897 59918.47946814727 21836.579935633577 805.2348390892148 586.15418552234769 939.42040824145079 421.01261507719755 893.83403296023607 2003.8011256698519 891.32322551868856 475.99659939482808 504.73437367379665 472.46775223594159 3058.3074932545424
leaf_count=5161 14363 409301 138306 3865 2563 4319 2202 4055 9411 3997 2465 2413 2199 16111
internal_value=2.27573e-05 0.000116048 -0.000779192 0.00211719 0.000427581 0.00858694 0.0164429 -0.0023957 0.000245389 0.00569367 -0.00478832 0.0132715 -0.0017385 -0.00201459
internal_weight=95390.2 93683.7 33765.3 8397.91 7592.68 1946.59 1360.43 5646.09 4769.69 2289.89 2479.8 1396.06 25367.4 24894.9
internal_count=620731 606368 197067 40451 36586 9084 6521 27502 22341 10465 11876 6410 156616 154417
is_linear=0
shrinkage=0.05


Tree=227
num_leaves=15
num_cat=0
split_feature=15 76 26 54 73 1 0 69 73 69 69 73 83 69
split_gain=15.7905 23.8801 20.9833 28.08 25.4197 23.535 28.5386 26.4663 53.251 24.2712 23.9875 46.1763 19.2806 18.845
threshold=16.750157356262211 0.012538265436887743 -0.14926205575466153 0.85160985589027416 0.78538790345191967 0.022761996835470203 0.029019585810601715 -0.087929502129554735 0.15513609349727633 -0.074722439050674425 -0.13153804093599317 0.48096726834774023 1.0000000180025095e-35 0.060374360531568534
decision_type=8 8 10 10 2 10 2 10 2 10 10 2 8 10
left_child=1 13 4 5 -2 7 -7 10 -9 -10 11 -4 -11 -1
right_child=2 -3 3 -5 -6 6 -8 8 9 12 -12 -13 -14 -15
leaf_value=0.0005487739890391543 0.00071964020237649416 -0.0010642297075328833 0.008132832256518301 0.0009417811978141336 0.010403533722208036 -0.0097585656268581594 -0.0023744910511837715 0.021111217724524511 0.015723333401576275 -0.0011135208897672488 -0.015719764023357185 -0.010059240321828098 0.0032970023157159385 0.0041948759013462509
leaf_weight=7215.7688397932798 16297.57141598966 8075.9447958329692 566.5744379395619 15326.209039718844 697.18626278545707 1422.8281828751788 15295.78302437067 282.66125059314072 222.11432516388595 18767.396967316978 481.66727373376489 874.64346237573773 2844.7699491791427 6960.816579583101
leaf_count=50416 75974 47334 4296 74843 3801 11489 71120 1724 1504 184497 3233 10989 27991 51551
internal_value=-6.07838e-05 0.00110507 -0.000415887 -0.000882255 0.00112279 -0.0015682 -0.00300837 -0.000565798 -7.54191e-05 -0.000359235 -0.00617654 -0.00290078 -0.000531715 0.00234073
internal_weight=95331.9 22252.5 73079.4 56084.6 16994.8 40758.4 16718.6 24039.8 22116.9 21834.3 1922.89 1441.22 21612.2 14176.6
internal_count=620762 149301 471461 391686 79775 316843 82609 234234 215716 213992 18518 15285 212488 101967
is_linear=0
shrinkage=0.05


Tree=228
num_leaves=15
num_cat=0
split_feature=53 68 54 8 74 68 68 68 84 5 74 70 70 54
split_gain=16.215 43.3714 39.5121 30.8208 30.7606 65.9935 91.7728 120.173 43.8013 37.4492 29.4612 30.3169 61.3022 52.8902
threshold=-0.2878499031066894 -0.13279618322849271 0.17742916196584704 1.0000000180025095e-35 -0.007388628786429762 0.050781492143869407 0.0026370894629508261 0.0053547266870737084 1.5000000000000002 0.98787018656730663 -0.0053631283808499566 -0.0063952023629099122 -0.0043338672257959834 0.97344529628753673
decision_type=10 10 10 2 2 10 10 10 2 2 2 2 2 10
left_child=-1 -2 3 -3 5 6 -4 -8 9 -9 -6 13 -13 -12
right_child=1 2 4 -5 10 -7 7 8 -10 -11 11 12 -14 -15
leaf_value=0.00083772617277758142 0.016978795773155034 -0.0045300955330116908 -0.0018589745808109627 0.0061362301284077648 -0.0056512408482773547 -0.014578258356777264 0.035844280142159499 0.023889619118216181 0.0028719547979580043 0.0060293298033506767 0.00017233396618583608 -0.011198917025569244 -0.00013514043304745394 0.022807582057077516
leaf_weight=37409.996827408671 342.87589996866882 8222.6415562676266 4126.2064234307036 729.36118211317807 2733.6751681156456 521.31018950790167 357.16759993974119 531.44647055491805 3113.5100624337792 661.23028566502035 781.44864003360271 1289.583717004396 34212.356428985484 375.4438018258661
leaf_count=189979 1501 72708 23653 8239 19657 3295 2205 3559 20205 4063 5400 8562 256114 1729
internal_value=2.62386e-05 -0.000497241 -0.000604097 -0.00365518 -4.26518e-05 0.0025404 0.00357113 0.00836946 0.00601285 0.0141202 -0.000653676 -0.000279565 -0.000540065 0.00765061
internal_weight=95408.3 57998.3 57655.4 8952 48703.4 9310.87 8789.56 4663.35 4306.19 1192.68 39392.5 36658.8 35501.9 1156.89
internal_count=620869 430890 429389 80947 348442 56980 53685 30032 27827 7622 291462 271805 264676 7129
is_linear=0
shrinkage=0.05


Tree=229
num_leaves=15
num_cat=0
split_feature=59 64 9 74 69 73 73 72 73 72 74 69 74 74
split_gain=23.5242 18.6343 26.7512 33.1493 58.3982 57.9334 57.4853 41.5498 70.2624 32.7018 40.5369 31.342 29.8659 66.0792
threshold=6.5000000000000009 -0.076432086527347551 -0.033395219594240182 -0.015091992449015377 -0.039103591814637177 0.31214115023612982 0.45839068293571478 0.011299594305455686 0.3551278561353684 0.0098539916798472422 0.0047900979407131681 -0.14871805161237714 -0.008636831305921076 -0.0046396532561630002
decision_type=8 2 2 2 8 2 2 10 2 10 2 8 2 2
left_child=1 -1 3 5 -5 -3 -7 9 -9 10 12 -4 -6 -14
right_child=-2 2 11 4 7 6 -8 8 -10 -11 -12 -13 13 -15
leaf_value=0.0024488092675721881 -0.0053678250070278008 0.0075585923915442825 0.014085887556944772 -0.012377631882666856 0.0033265109569566077 -0.019196026778788497 0.0037571274621367654 0.016956540913268477 -0.0040930403871875156 -0.013335605951264604 0.0060672543743213146 0.00012790673466869736 -0.017948148019540547 -0.0025392122846867515
leaf_weight=7422.5450975559652 2039.8684860747308 1899.2329134270549 394.41267590969801 1609.083442427218 949.7090716380626 497.6987201794982 583.70397609844804 702.13351099938154 887.42922297865152 772.71790298074484 1118.0021302998066 72955.944899778813 937.22175643593073 2637.1273680049926
leaf_count=32566 8616 8631 1741 7279 4788 2498 2835 3152 4185 3642 5698 516488 4978 14122
internal_value=-6.93759e-05 4.69463e-05 -0.00016075 -0.00228867 -0.00371619 0.00231253 -0.0068858 -0.00196174 0.00525275 -0.00375486 -0.00242144 0.00020487 -0.00452796 -0.00661835
internal_weight=95406.8 93367 85944.4 12594.1 9613.42 2980.64 1081.4 8004.34 1589.56 6414.78 5642.06 73350.4 4524.06 3574.35
internal_count=621219 612603 580037 61808 47844 13964 5333 40565 7337 33228 29586 518229 23888 19100
is_linear=0
shrinkage=0.05


Tree=230
num_leaves=15
num_cat=0
split_feature=1 0 69 69 54 69 68 68 0 63 26 69 68 68
split_gain=21.3232 43.1728 33.4589 91.99 50.8156 44.3308 44.5844 40.8341 28.9027 24.8875 25.6437 24.4244 73.1409 53.9618
threshold=0.025032067671418193 0.033759189769625671 0.14754705131053927 0.1405192241072655 0.7267061471939088 0.11515964940190317 0.021652939729392532 0.055717740207910545 0.02990111988037825 0.80460682511329662 0.042809709906578071 -0.013561757747083901 -0.012092162389308212 -0.0063349774572998277
decision_type=10 2 8 10 8 10 10 10 2 8 8 10 10 10
left_child=2 -2 3 4 -1 -6 -7 8 9 -4 -11 12 -3 -14
right_child=1 11 7 -5 5 6 -8 -9 -10 10 -12 -13 13 -15
leaf_value=0.00014277540587130248 -0.0057906838874427768 -0.00097328663928548844 -0.0081615947236192577 0.020975563254102093 0.0060223356037715234 -0.019581228444242357 0.00095687716508787704 -0.021698078175593022 0.0041445969305404637 0.018484607121921369 -0.0031753752358556599 -0.00099521577295928277 0.022300381271308227 0.0049510800913153252
leaf_weight=36632.319766208529 3737.1291712196544 8617.3557192385197 1842.4153071772307 572.14076388347894 7331.7811657600105 314.07474468182772 1426.8206049026921 277.65060978475958 1220.9735793620348 183.79693618603051 455.92661155294627 28622.078914448619 504.44607707858086 3574.7142735868692
leaf_count=320284 24085 36581 20425 3664 48038 2105 9341 2374 6109 2146 4994 122989 2111 15365
internal_value=0.000138064 -0.000651712 0.000846079 0.00122466 0.000972884 0.00432073 -0.00283907 -0.00354706 -0.00213137 -0.00522278 0.0032364 -0.000185621 0.00163882 0.00714586
internal_weight=95313.6 45055.7 50257.9 46277.1 45705 9072.68 1740.9 3980.76 3703.11 2482.14 639.724 41318.6 12696.5 4079.16
internal_count=620611 201131 419480 383432 379768 59484 11446 36048 33674 27565 7140 177046 54057 17476
is_linear=0
shrinkage=0.05


Tree=231
num_leaves=15
num_cat=0
split_feature=2 68 72 74 73 72 72 68 73 73 72 2 72 27
split_gain=20.0735 39.2744 42.0352 60.0775 163.193 53.0914 84.9922 61.3005 60.6628 85.3354 40.515 39.8694 33.1532 32.2998
threshold=0.059764072299003608 -0.13279618322849271 0.019159799441695217 -0.016525688581168648 0.16890654712915423 0.018359443172812465 0.017765657044947151 -0.084717512130737291 0.19707336276769641 0.34401187300682073 0.018012352287769321 0.033291358500719077 0.031287621706724174 1.3174926638603213
decision_type=2 8 8 2 2 10 10 8 2 2 10 2 10 2
left_child=1 -1 5 -4 -5 6 7 -3 -7 -10 -8 -6 -13 -2
right_child=13 2 3 4 11 8 10 -9 9 -11 -12 12 -14 -15
leaf_value=0.014526176101496785 0.0031377491896329686 0.015281327310901739 0.0085057658845217998 -0.031700459594038666 -0.014143027335590419 0.024227056557935972 -0.027415309914192193 -0.00019952626711369255 -0.014783163698834352 0.013424129905377627 -0.0066693558824737417 0.0076622634974166555 -0.0080611524246705438 -0.0039000290547466566
leaf_weight=439.16127309575677 9893.2224752157927 634.83619825914502 575.77546762488782 605.74223248846829 502.07358090858907 452.72656697966158 376.32748529594392 76708.918201987632 424.1855032723397 691.68923926353455 625.57802237104625 933.1469801813364 510.56435410678387 1942.7143214643002
leaf_count=1927 40445 2766 2559 2974 3766 2065 2051 537911 2193 3632 3540 4214 2509 7921
internal_value=5.41478e-05 -0.000219144 -0.000298863 -0.0059761 -0.00926451 -7.59749e-05 -0.000258867 -7.05006e-05 0.00900255 0.00266542 -0.0146557 -0.0021536 0.00208452 0.00198027
internal_weight=95316.7 83480.7 83041.6 3127.3 2551.53 79914.3 78345.7 77343.8 1568.6 1115.87 1001.91 1945.78 1443.71 11835.9
internal_count=620473 572107 570180 16022 13463 554158 546268 540677 7890 5825 5591 10489 6723 48366
is_linear=0
shrinkage=0.05


Tree=232
num_leaves=15
num_cat=0
split_feature=54 84 68 69 53 72 72 68 69 69 69 72 69 68
split_gain=18.0919 36.0803 42.4808 34.8094 25.7115 37.9143 78.6449 52.1732 118.561 106.039 53.8712 65.367 58.9469 69.9813
threshold=1.0518192648887636 1.0000000180025095e-35 0.015533334575593473 0.085405327379703536 -0.21825431287288663 0.0080884061753749865 0.0079430425539612787 -0.014668037649244068 0.040112277492880828 0.047878986224532134 -0.013561757747083901 0.011975087225437166 0.076758414506912245 0.0048673904966562995
decision_type=8 2 10 8 10 10 10 10 10 10 10 10 10 10
left_child=4 2 3 -2 -1 6 -6 8 -7 -10 11 -9 -12 -14
right_child=1 -3 -4 -5 5 7 -8 10 9 -11 12 -13 13 -15
leaf_value=0.00073725605448031494 -0.0022342973642697716 0.0022406751458732129 0.0012094839015584151 -0.016183114624295808 5.4485165973349611e-05 -0.001648655696624997 0.024846609576407969 0.022871265828236481 0.036338820954062927 0.00033144942808106034 -0.0091446846868323221 -0.0014016793935871423 0.015783822609966788 -0.0038324241535712803
leaf_weight=34489.590370178223 980.07547004427761 20166.150660412386 2772.70610771887 818.56380061898381 16959.321146128699 5847.2687099389732 316.02727896906435 341.54626157693565 406.71505859307945 401.8008223650977 6125.7284984141588 1309.7456457149237 503.68385692127049 3952.1196737224236
leaf_count=170991 4655 108144 14654 4973 177499 36893 2503 2544 2192 2663 48757 8608 3495 32400
internal_value=0.000168138 0.00133157 -0.00267503 -0.00863681 -0.000239337 -0.00117066 0.000522133 -0.00271833 0.000843532 0.0186672 -0.00465542 0.00372629 -0.0059657 -0.00158463
internal_weight=95391 24737.5 4571.35 1798.64 70653.5 36164 17275.3 18888.6 6655.78 808.516 12232.8 1651.29 10581.5 4455.8
internal_count=620971 132426 24282 9628 488545 317554 180002 137552 41748 4855 95804 11152 84652 35895
is_linear=0
shrinkage=0.05


Tree=233
num_leaves=15
num_cat=0
split_feature=1 69 69 68 4 73 73 68 74 54 2 69 69 74
split_gain=23.2312 38.8936 100.764 47.397 62.0383 48.8331 43.4054 75.7789 42.8871 34.3677 33.1317 32.6654 63.4498 48.4281
threshold=0.022485459223389629 0.14754705131053927 0.1405192241072655 0.047002937644720084 0.22500000149011615 0.48096726834774023 0.73024687170982372 0.057893523946404464 0.01787667348980904 1.0518192648887636 0.026101646013557914 0.10690298676490785 0.090831059962511076 -0.010095306206494568
decision_type=8 8 10 8 8 2 2 10 2 8 2 10 10 2
left_child=1 2 6 4 5 -3 7 9 -8 11 -2 12 -1 -14
right_child=10 3 -4 -5 -6 -7 8 -9 -10 -11 -12 -13 13 -15
leaf_value=0.0006948827678552739 -0.0068901474120031045 0.012253910298216382 0.023542362968260667 -0.012870814966077984 0.025917325397948776 -0.006661608085537252 -0.0045297239702467148 0.029489776218730043 0.018093688359812631 0.0063588272299621319 -0.00043114251486746092 -0.0031182897436234395 0.025425970602275673 0.0059993504661982359
leaf_weight=23056.942879851907 2056.1641414063051 420.29076593928039 494.02588673587888 1076.0563526879996 197.33315625227988 1643.0740223433822 4458.2320895027369 232.92908316012472 210.04727261420339 3227.9959056619555 50867.27479641512 4255.128217227757 355.24692714493722 2754.5849011754617
leaf_count=201776 15386 4003 3260 8869 1136 18512 46814 1825 1603 22031 227456 40993 2482 24866
internal_value=1.51802e-05 0.000887397 0.0013305 -0.00428603 -0.000161125 -0.00276815 0.00103982 0.00166275 -0.00347529 0.00146142 -0.00068334 0.000939849 0.0016007 0.00829291
internal_weight=95305.3 42381.9 39045.1 3336.75 2260.7 2063.36 38551.1 33882.8 4668.28 33649.9 52923.4 30421.9 26166.8 3109.83
internal_count=621012 378170 345650 32520 23651 22515 342390 293973 48417 292148 242842 270117 229124 27348
is_linear=0
shrinkage=0.05


Tree=234
num_leaves=15
num_cat=0
split_feature=71 71 69 70 70 70 70 69 70 73 72 72 70 70
split_gain=23.1442 78.2232 104.99 75.2005 96.1935 118.192 114.268 76.4147 64.8549 133.792 56.6951 129.214 118.222 65.8126
threshold=-0.0030908692860975857 -0.0052050941158086053 0.02057953737676144 0.018144401721656326 0.012101775966584684 0.01310931518673897 0.0044168911408633002 -0.05704184249043464 0.0026811801362782721 0.33160872757434851 0.0097235571593046206 0.012796630151569845 0.0074600952211767444 0.0077822650782763967
decision_type=2 2 10 2 2 2 2 10 2 2 10 10 2 2
left_child=1 3 -3 4 6 -6 8 -5 -1 -10 12 -12 -8 -13
right_child=-2 2 -4 7 5 -7 10 -9 9 -11 11 13 -14 -15
leaf_value=4.004836200403331e-05 0.00056344988600357795 0.010556921645390495 -0.013147388727656063 -0.00034036273332740426 0.033001706887399389 0.0040919422505705082 -0.022695617017531422 -0.023489434371279948 0.033977598931219682 0.00087045254701178729 -0.032907247263275034 0.010371780861752312 0.0060849080607071251 -0.014376785660679507
leaf_weight=22490.079340196215 61569.987872529775 567.43843825347722 2472.4585181912407 739.24846070911735 453.22894457168877 1508.6180506013334 497.17783132381737 679.0588946910575 429.58633320312947 999.6786575904116 645.11315472982824 427.84834082983434 1194.3626375971362 687.63355933967978
leaf_count=129780 424386 3618 18029 3346 2249 7961 3357 3676 2080 6160 3581 2274 7078 3551
internal_value=-1.35939e-05 -0.00106485 -0.00870255 -0.00030726 0.000238173 0.0109042 -0.000530017 -0.0115106 0.000698559 0.0109882 -0.00902007 -0.0152753 -0.00245794 -0.00487654
internal_weight=95361.5 33791.5 3039.9 30751.6 29333.3 1961.85 27371.5 1418.31 23919.3 1429.26 3452.14 1760.6 1691.54 1115.48
internal_count=621126 196740 21647 175093 168071 10210 157861 7022 138020 8240 19841 9406 10435 5825
is_linear=0
shrinkage=0.05


Tree=235
num_leaves=15
num_cat=0
split_feature=70 74 70 72 72 70 68 74 69 72 68 72 72 70
split_gain=24.3479 135.835 121.054 146.359 91.0494 78.2016 78.1069 77.8543 144.533 65.0946 75.5277 60.7715 148.772 55.2791
threshold=-0.0087573928758501989 -0.016525688581168648 -0.0066560849081724873 0.011299594305455686 0.0096821007318794745 -0.012489960994571446 0.034508241340518005 -0.0084566455334424955 -0.026524346321821209 0.0065761392470449218 0.026865881867706779 0.0091201621107757109 0.013532779179513456 -0.0053807199001312247
decision_type=2 2 2 10 10 2 10 2 10 10 10 10 10 2
left_child=5 -2 3 4 9 -1 11 -5 -9 10 -3 -7 -13 -4
right_child=1 2 13 7 -6 6 -8 8 -10 -11 -12 12 -14 -15
leaf_value=0.00040955208844633802 -0.031152790411295622 -0.010641528880891656 -0.0066736826860952989 0.038729851909493754 -0.014743132820274819 -0.017656686295511904 0.0070617526498994963 -0.0077151691510553774 0.032798249246461589 0.014408287067732915 0.016815917577725045 0.0059566356726618447 -0.022438047313150244 0.0001845298083741092
leaf_weight=10241.068700265139 333.13384096696973 781.60986373294145 3051.2960707815364 459.6214689547196 609.08062921930104 1652.8424937231466 747.08751906640828 421.9941010447219 443.28202786389738 1284.1475197104737 356.47437500953674 1231.5750566292554 724.69775507133454 73050.611991415732
leaf_count=53930 1812 5896 19332 2309 3428 10673 4160 2037 2304 7570 2592 6620 3883 494568
internal_value=-0.00010024 0.000239383 0.000373216 0.00846964 0.00238644 -0.00197882 -0.00758176 0.0222656 0.0131775 0.00673666 -0.00196966 -0.0106241 -0.00462274 -9.129e-05
internal_weight=95388.5 80791.3 80458.1 4356.21 3031.31 14597.3 4356.2 1324.9 865.276 2422.23 1138.08 3609.12 1956.27 76101.9
internal_count=621114 541848 540036 26136 19486 79266 25336 6650 4341 16058 8488 21176 10503 513900
is_linear=0
shrinkage=0.05


Tree=236
num_leaves=15
num_cat=0
split_feature=73 68 72 71 71 72 72 71 12 68 68 68 73 68
split_gain=16.0488 93.7125 123.833 78.2266 73.5363 67.9863 109.878 109.103 83.6154 65.9059 94.8926 157.371 89.016 136.752
threshold=0.63014149665832531 0.033686492592096336 0.0067768669687211522 0.055846257135272033 0.01482114475220442 0.016764153726398948 0.016337018460035328 -0.002452665707096457 0.04767109081149102 0.025959110818803314 0.011063221842050554 0.010503562167286875 0.54551473259925853 -0.0026957998052239414
decision_type=2 10 10 2 2 10 10 2 8 8 10 10 2 10
left_child=1 9 4 5 -3 6 -2 -7 -9 10 11 12 -1 -14
right_child=3 2 -4 -5 -6 7 -8 8 -10 -11 -12 -13 13 -15
leaf_value=0.00043039506447538632 -0.00091258051364544006 -0.0069641218379933078 0.017457938679721671 0.020712041514297778 0.012808731946776281 0.0046680965647406432 0.030141427486497709 -0.031537775496033801 -0.0010589569321342782 -0.0050985259276475963 0.004289344398811251 -0.027879212999871002 0.018967945008950146 -0.011657640747145469
leaf_weight=34660.440256320871 32154.549111191183 1396.7129933517426 1816.4794949525967 404.32368082180619 696.33360640890896 667.50326169189066 277.3987447200343 661.80031653959304 339.43348035216331 5793.2007508771494 12600.79339837376 515.57921418081969 405.08601652830839 3027.773132270202
leaf_count=198867 234909 9338 11189 2047 4413 3285 1422 3824 2091 36928 86831 3714 2094 20415
internal_value=-2.23442e-05 0.000465689 0.00794415 -0.000883764 -0.000356284 -0.00114582 -0.000637759 -0.0109573 -0.0213176 -4.85227e-05 0.000523653 -0.000706149 -0.000331151 -0.00799915
internal_weight=95417.4 60912.4 3909.53 34505 2093.05 34100.7 32431.9 1668.74 1001.23 57002.9 51209.7 38608.9 38093.3 3432.86
internal_count=621367 373789 24940 247578 13751 245531 236331 9200 5915 348849 311921 225090 221376 22509
is_linear=0
shrinkage=0.05


Tree=237
num_leaves=15
num_cat=0
split_feature=74 71 71 74 71 70 74 74 71 68 70 68 73 71
split_gain=21.9217 52.2453 29.5452 115.975 35.1441 33.9007 130.186 127.416 234.749 71.5357 138.696 94.5763 56.0631 53.8388
threshold=-0.04474180564284324 -0.10309150815010069 -0.054498547688126557 -0.015808755531907078 -0.051636332646012299 -0.0087573928758501989 -0.016525688581168648 -0.0078223629388958198 -0.020949346944689747 0.016803750768303875 -0.010894985869526861 0.047733085229992873 0.37318146228790289 -0.041597483679652207
decision_type=2 2 2 2 2 2 2 2 2 8 2 10 2 2
left_child=-1 -2 3 -3 -4 9 -7 8 -8 10 13 -11 -10 -6
right_child=1 2 4 -5 5 6 7 -9 12 11 -12 -13 -14 -15
leaf_value=-0.0096714730828633671 0.020251317377195346 0.0086512777746689754 0.012639419160193177 -0.019050003371011801 -0.015225436744292817 -0.030064837404744672 0.032528149760855683 -3.030361054166585e-05 0.017427479047972896 0.0081693568923443486 -0.018320784379675156 -0.018179412725583946 0.0015612818701975389 -0.00067280649567495049
leaf_weight=573.96211524680257 308.85086729004979 665.13388226740062 544.64914200734347 851.24384948797524 682.78830645233393 339.14832956157625 806.04099939670414 73380.281495493837 628.68749792408198 2477.2546574231237 1503.6567698772997 384.99954768735915 4361.9148750882596 7707.2614529766142
leaf_count=2680 1289 3181 2555 4042 3495 1868 4013 499106 3397 13932 8946 2344 27591 42040
internal_value=-1.36473e-05 4.59388e-05 -2.23541e-05 -0.00692222 9.1105e-05 1.56751e-05 0.000399614 0.000533886 0.00766377 -0.0023761 -0.00438943 0.00457425 0.00359087 -0.00187383
internal_weight=95215.9 94641.9 94333.1 1516.38 92816.7 92272 79516.1 79176.9 5796.64 12756 9893.71 2862.25 4990.6 8390.05
internal_count=620479 617799 616510 7223 609287 606732 535975 534107 35001 70757 54481 16276 30988 45535
is_linear=0
shrinkage=0.05


Tree=238
num_leaves=15
num_cat=0
split_feature=2 1 69 69 68 26 2 54 69 70 70 72 25 69
split_gain=19.0413 19.1124 34.987 92.4538 37.3291 35.8268 32.1029 25.3107 24.7286 25.2305 24.2561 25.7987 42.2888 26.7872
threshold=0.011155229993164541 0.017399452626705173 0.14754705131053927 0.1405192241072655 0.051486242562532432 -0.082959931343793855 0.021584160625934604 0.56043827533721935 0.049500988796353347 0.0025896272854879503 -0.044312106445431702 0.032666085287928588 -0.011735444888472555 -0.12291077151894568
decision_type=2 10 8 10 8 10 2 8 10 2 2 10 10 10
left_child=-1 2 3 7 5 -4 -3 -2 9 -9 -8 -12 13 -13
right_child=1 6 4 -5 -6 -7 10 8 -10 -11 11 12 -14 -15
leaf_value=-0.011938325108571752 0.00066406318896029739 -0.006517618528528217 0.019724383780844849 0.0293780461010015 -0.018705615299987068 -0.0041717428408754812 -0.010444037800566871 0.0056968476430561375 0.0027961937670507911 0.021351392975009348 -0.00011300497280799318 0.0039046733085307834 -0.0046091456841798294 0.018168248814832453
leaf_weight=314.23577488120645 16286.891533097252 1950.5713960491121 166.90343965403736 294.32934306375682 385.53067897260189 1376.8551383912563 544.66349851340055 757.32851634919643 3855.0583989070728 388.79024434089661 66934.804670743644 691.17677687108517 662.25872257351875 630.92644258588552
leaf_count=14562 181499 18393 1578 2119 3808 17280 2433 6424 35003 3276 325635 2950 2918 2822
internal_value=0.00015788 0.000199175 0.00143533 0.00201257 -0.00499922 -0.00147789 -0.000207946 0.0016206 0.00472814 0.011146 -2.98556e-05 5.39502e-05 0.00565787 0.0107967
internal_weight=95240.3 94926.1 23511.7 21582.4 1929.29 1543.76 71414.4 21288.1 5001.18 1146.12 69463.8 68919.2 1984.36 1322.1
internal_count=620700 606138 250987 228321 22666 18858 355151 226202 44703 9700 336758 334325 8690 5772
is_linear=0
shrinkage=0.05


Tree=239
num_leaves=15
num_cat=0
split_feature=71 69 72 68 68 72 70 69 69 70 70 70 70 72
split_gain=19.3852 58.3699 147.774 96.0104 138.556 95.0124 92.9992 60.0246 58.0218 67.25 95.3424 106.424 88.5994 74.5941
threshold=-0.025046838447451588 -0.011767926160246132 0.012567020021378996 -0.037996767088770859 -0.036575015634298318 0.014730440452694895 0.0081761199980974215 -0.0073923738673329345 -0.023603926412761208 -0.020596803165972229 -0.001833020767662674 -0.0045191701501607886 -0.0085004726424813253 0.018359443172812465
decision_type=2 8 10 8 8 10 2 8 10 2 2 2 2 10
left_child=-1 2 6 -3 -5 -4 -2 -6 9 -7 11 12 -11 -14
right_child=1 3 5 4 7 8 -8 -9 -10 10 -12 -13 13 -15
leaf_value=-0.0020126486573840583 0.022348282674646412 0.016936957090597116 -0.009266218326735241 -0.034075107383120237 -0.01552927271263501 0.016221271922464947 -0.0014911256850425516 -0.00024817950099923945 0.016187222097643207 -0.013370854660796752 0.0045117879984714728 -0.029746130773102022 0.023430609464285827 -0.0051409750738212129
leaf_weight=11183.41754402034 1457.1320018414408 785.2059109210968 1853.8868716126308 296.56698880717158 638.57716803718358 727.09989984706044 565.62207088526338 70134.262742037885 772.20954139064997 932.08951968699694 4530.8035687329248 441.93136890884489 426.41011332161725 473.25361796561629
leaf_count=56536 8078 4192 10149 1910 3857 3341 3158 491833 3992 4753 22313 2436 2052 2309
internal_value=-5.79809e-05 0.000202356 0.00340145 -0.000340338 -0.000533581 0.000937841 0.0157075 -0.000388234 0.00322438 0.00187561 0.000321132 -0.00801284 -0.00263639 0.00850969
internal_weight=95218.5 84035.1 12180.4 71854.6 71069.4 10157.7 2022.75 70772.8 8303.8 7531.59 6804.49 2273.68 1831.75 899.664
internal_count=620909 564373 62581 501792 497600 51345 11236 495690 41196 37204 33863 11550 9114 4361
is_linear=0
shrinkage=0.05


Tree=240
num_leaves=15
num_cat=0
split_feature=15 57 70 70 74 70 70 74 53 27 54 12 58 6
split_gain=19.2185 26.8533 28.4711 50.4683 29.3462 54.4854 112.284 33.4173 25.0612 23.2039 23.1882 22.4681 21.927 20.3121
threshold=22.976494789123539 0.052746087312698371 -0.0087573928758501989 -0.011143666692078112 -0.00058971668477170159 -0.0027636578306555744 -0.0016489841509610412 -0.00091295773745514442 -0.098609317094087587 0.9928497076034547 0.42409269511699682 -0.081287812441587434 0.0010675807134248318 -0.092803336679935441
decision_type=8 8 2 2 2 2 2 2 10 2 10 10 2 2
left_child=1 2 3 -1 7 -6 -7 11 -3 -8 -5 -4 -9 -2
right_child=13 8 4 10 5 6 9 12 -10 -11 -12 -13 -14 -15
leaf_value=0.00077169618253415521 0.0061163213709077863 -0.00052938207239285669 0.0075424796431484854 -0.019551623436731606 -0.012185849270977628 0.026789055355540339 -0.00060993707733767366 0.023258984976729326 -0.0077907767897876044 0.0029750269732432932 -0.0034177930108174534 0.0018887013042353058 0.0040265269075471762 -0.00099686607286367246
leaf_weight=2471.2522088140249 1016.5995272146538 14279.078993984498 2362.2286643125117 533.73641337268054 768.853515711613 412.73076929990202 12001.678180428222 353.75512274540961 1286.2954298164696 7221.9482468347996 385.692642419599 6820.6240283092484 258.44440867658705 45089.102517023683
leaf_count=16177 5377 66311 14812 4165 5316 3089 94553 2886 7785 50792 2123 56189 1913 289043
internal_value=-0.000105523 0.000582214 0.00137761 -0.00296075 0.00186551 0.000784829 0.00129863 0.00411369 -0.00113407 0.000737712 -0.0128932 0.00334972 0.0153351 -0.000838733
internal_weight=95262 49156.3 33590.9 3390.68 30200.3 20405.2 19636.4 9795.05 15565.4 19223.6 919.429 9182.85 612.2 46105.7
internal_count=620531 326111 252015 22465 229550 153750 148434 75800 74096 145345 6288 71001 4799 294420
is_linear=0
shrinkage=0.05


Tree=241
num_leaves=15
num_cat=0
split_feature=28 15 71 5 60 15 26 74 69 6 73 74 69 71
split_gain=18.8003 18.0184 20.0217 15.1687 19.8413 16.3101 15.7338 22.3936 42.3744 21.6741 20.1427 76.1209 66.6474 60.6678
threshold=2.186293482780457 10.677082538604738 0.022238844074308876 0.71871814131736766 2.5000000000000004 10.677082538604738 0.45058870315551763 -0.0027349712327122684 0.14521620422601703 1.1880502700805666 0.6275133788585664 -0.021459922194480893 -0.037229469045996659 0.051627470180392272
decision_type=2 8 2 2 8 10 8 2 8 2 2 2 8 2
left_child=1 2 -1 4 -3 -5 9 8 -8 10 13 -12 -13 -7
right_child=-2 3 -4 5 -6 6 7 -9 -10 -11 11 12 -14 -15
leaf_value=0.0026235239763590518 -0.0067400727834143097 -0.0143516988241264 0.016686997337946843 -0.0097981021507628132 0.0024378671953614343 0.00061074040374865021 0.0027721465707285704 0.00037029548331476183 0.019324833123766597 0.0092757039577794874 -0.026210595928370967 0.013686778686890142 -0.0014054701181013174 -0.010411525397810401
leaf_weight=1757.2527571171522 1024.4992033289745 407.91386241279542 286.87414232175797 413.55584952421486 299.56382428109646 52715.270680357702 1786.8833441725001 4861.451535070315 485.04376549459994 594.83034303504974 292.95994299929589 740.90984505601227 28360.927660288289 1268.6952816396952
leaf_count=12543 4890 3474 1800 2006 1264 329965 7674 22837 2308 3740 1763 4041 215692 6706
internal_value=-3.63337e-05 3.72262e-05 0.00466883 -6.5923e-05 -0.00730768 -9.15004e-06 3.63548e-05 0.00228908 0.00637525 -0.000155259 -0.000223644 -0.00127658 -0.00101666 0.000349822
internal_weight=95296.6 94272.1 2044.13 92228 707.478 91520.5 91107 7133.38 2271.93 83973.6 83378.8 29394.8 29101.8 53984
internal_count=620703 615813 14343 601470 4738 596732 594726 32819 9982 561907 558167 221496 219733 336671
is_linear=0
shrinkage=0.05


Tree=242
num_leaves=15
num_cat=0
split_feature=15 72 72 73 69 69 72 70 72 72 70 72 72 72
split_gain=18.1881 31.782 41.1854 30.1864 23.358 60.046 23.4207 33.7681 20.9956 43.8275 24.3007 27.7786 25.7292 20.2342
threshold=16.750157356262211 0.0074478581082075843 0.0070314840413630017 0.51786252856254589 0.099554911255836501 0.093839596956968321 0.006510667735710741 0.0026811801362782721 0.0068060979247093209 0.0065573886968195447 -0.0036580397281795736 0.006288760108873249 0.0059409071691334256 0.0085928076878190058
decision_type=8 10 10 2 10 10 10 2 10 10 2 10 10 10
left_child=1 2 4 -4 5 8 7 -6 9 10 12 -12 -1 -3
right_child=-2 13 3 -5 6 -7 -8 -9 -10 -11 11 -13 -14 -15
leaf_value=0.0011386090410227636 -0.00041530158721053353 -0.0047058695908607784 0.00052626539356999326 0.018350122227934817 -0.0044469519812240076 0.022328078501745289 -0.010145146967613122 0.008555552425126468 -0.011798334361667023 0.018838779172257049 0.0017087055577510207 0.014687233316910098 -0.017745626579691646 0.00054480466147313687
leaf_weight=453.36644052527845 72936.196639233269 2180.8285658834502 350.17973717488348 732.51318858191371 1178.3715113420039 411.21282566059381 600.21690580993891 851.38293409533799 230.52662539575249 405.59164977818727 2800.1399576207623 474.24514804501086 288.3290415359661 11282.86425979156
leaf_count=3849 470897 14305 2268 4882 8389 2915 3852 6014 1728 2765 27488 3762 2134 65011
internal_value=-3.36105e-05 0.00121778 0.00355708 0.0126429 0.00226368 0.00424641 -0.00155523 0.00102217 0.00260369 0.00337947 0.00177529 0.00362744 -0.00634092 -0.000308553
internal_weight=95176 22239.8 8776.08 1082.69 7693.38 5063.41 2629.97 2029.75 4652.2 4421.67 4016.08 3274.39 741.695 13463.7
internal_count=620259 149362 70046 7150 62896 44641 18255 14403 41726 39998 37233 31250 5983 79316
is_linear=0
shrinkage=0.05


Tree=243
num_leaves=15
num_cat=0
split_feature=59 84 54 74 74 69 74 74 74 69 69 71 69 69
split_gain=19.2945 26.9078 19.0853 31.3699 41.0211 62.9868 45.0761 33.2214 28.8024 27.4848 26.5598 26.0342 105.32 40.1755
threshold=6.5000000000000009 2.5000000000000004 0.28126688301563268 0.01787667348980904 0.019643529318273071 0.041611669585108764 0.020833185873925689 0.014787571970373394 0.014043037313967945 0.066049378365278258 0.015423455741256477 -0.03858648054301738 -0.13803395628929135 -0.063160825520753847
decision_type=10 2 8 2 2 10 2 2 2 8 10 2 10 10
left_child=2 -2 11 7 5 -5 -6 8 -4 -8 -9 -1 -13 -14
right_child=1 -3 3 4 6 -7 9 10 -10 -11 -12 12 13 -15
leaf_value=-0.0052762047925471013 -0.0094817474532419288 0.0024582420345444578 0.00031002754989922885 0.028839284804740267 -0.012338559538414558 0.0011248334198601625 0.0013418954893643078 0.0032326082499347037 0.012745888849703286 0.013745674825807967 -0.01123257573831333 0.023065506927244184 0.00407789015042805 -0.0016064672188333515
leaf_weight=3208.8153586648405 1242.8852700591087 751.41615933179855 55088.658675696701 397.83699259348214 440.40446306485683 413.92992209922522 1488.6687699835747 442.01183736603707 459.58342069480568 629.58063583448529 1082.0604772856459 455.07811943814158 3527.7274890821427 25622.335561158136
leaf_count=15867 5201 3149 353275 2034 2419 2212 7169 2536 2563 3091 6355 2000 18111 194721
internal_value=-0.000139292 -0.00499316 -3.49671e-05 0.000492048 0.00517207 0.014893 0.002042 0.000214811 0.000415192 0.00507578 -0.00704365 -0.00100557 -0.000541067 -0.000917386
internal_weight=95251 1994.3 93256.7 60442.7 3370.42 811.767 2558.65 57072.3 55548.2 2118.25 1524.07 32814 29605.1 29150.1
internal_count=620703 8350 612353 381654 16925 4246 12679 364729 355838 10260 8891 230699 214832 212832
is_linear=0
shrinkage=0.05


Tree=244
num_leaves=15
num_cat=0
split_feature=29 70 74 70 72 72 71 72 72 69 70 74 74 71
split_gain=17.6355 17.5606 113.494 108.626 124.796 86.7739 76.8087 70.4474 111.788 93.5978 100.245 77.6678 180.315 63.9127
threshold=0.75468260049819957 -0.0087573928758501989 -0.016525688581168648 -0.0066560849081724873 0.011299594305455686 0.0096821007318794745 -0.047380616888403886 0.0099192154593765753 0.010337687097489836 0.091602779924869551 -0.013830194249749182 -0.0081339208409190161 -0.013860228471457956 -0.01280281553044915
decision_type=2 2 2 2 10 10 2 10 10 10 2 2 2 2
left_child=1 7 -3 4 5 13 -5 9 -9 -1 -11 12 -10 -4
right_child=-2 2 3 6 -6 -7 -8 8 11 10 -12 -13 -14 -15
leaf_value=-0.010265180262186833 -0.004355312063769972 -0.028724614305311841 -0.0059785330797537811 -0.012234433157406431 0.021270174756459731 -0.014235663995041732 0.00025258650367411089 0.020989539700659584 0.0019874588350960805 0.022673817785752691 -0.0060724859343368395 0.012499817092840565 -0.016253336057610101 0.012115488989070864
leaf_weight=3746.9647687189281 2296.6599043710157 323.91816454194486 678.21028717234731 1242.6637183418497 1276.0329615389928 599.31747290678322 72865.156546067446 642.4205667860806 5900.3681995272636 497.80805106181651 745.2345386967063 1008.4847209285945 1748.004385786131 1685.3095388207585
leaf_count=23685 14312 1816 4119 5838 6401 3407 495242 3328 29044 2642 4616 5224 9508 11553
internal_value=-3.66465e-05 7.05071e-05 0.000363433 0.000487345 0.00826223 0.00260727 4.15777e-05 -0.00154134 0.00103102 -0.00632762 0.00552878 -0.000472599 -0.00219718 0.00692011
internal_weight=95256.6 92959.9 78670.6 78346.7 4238.87 2962.84 74107.8 14289.3 9299.28 4990.01 1243.04 8656.86 7648.37 2363.52
internal_count=620735 606423 528376 526560 25480 19079 501080 78047 47104 30943 7258 43776 38552 15672
is_linear=0
shrinkage=0.05


Tree=245
num_leaves=15
num_cat=0
split_feature=73 73 71 71 71 14 12 69 73 83 68 71 71 73
split_gain=18.0229 62.8614 100.861 68.3136 160.127 75.3943 55.9511 40.387 38.4961 43.7796 36.1526 33.684 29.359 26.815
threshold=0.78959435224533092 0.79466253519058239 0.018387217074632648 0.023864860646426681 0.035511596128344543 -0.10210506245493887 0.53090548515319835 0.15252932161092761 0.87932583689689647 1.0000000180025095e-35 0.036254467442631728 0.0026872437447309498 -0.011709422804415224 0.72160628437995922
decision_type=2 2 2 2 2 8 8 10 2 8 10 2 2 2
left_child=7 2 -2 6 5 -5 10 13 9 -8 -3 12 -12 -1
right_child=1 3 -4 4 -6 -7 8 -9 -10 -11 11 -13 -14 -15
leaf_value=0.00032734473420684335 0.035932879437997563 0.0086133888603639654 -0.0029189951109049659 0.041629218726568662 -0.011436427943212915 0.011544454539544995 0.0041516059977932743 -0.016410502167503307 -0.0072265386581698262 0.025049423505382248 -0.0019042616106484875 -0.0031866858869709943 -0.021103409690066827 -0.0026968974170319816
leaf_weight=79138.144669786096 335.32806437183172 485.7520885374397 320.87277199421078 348.62286359444261 495.84496276080608 523.69582484662533 681.26445565745234 364.36827110219747 338.39964388776571 391.16567892301828 309.77064396999776 2964.5408905828372 558.4320778567344 8067.7198922093958
leaf_count=507061 2222 3229 2098 1600 2980 3442 3352 2237 2644 2561 1695 21120 4050 60741
internal_value=0.000181636 0.00249053 0.0171762 0.0011105 0.0111056 0.0239034 -0.00129153 -2.30603e-05 0.00732044 0.011935 -0.00411543 -0.00574686 -0.0143529 4.72844e-05
internal_weight=95323.9 7753.69 656.201 7097.49 1368.16 872.319 5729.33 87570.2 1410.83 1072.43 4318.5 3832.74 868.203 87205.9
internal_count=621032 50993 4320 46673 8022 5042 38651 570039 8557 5913 30094 26865 5745 567802
is_linear=0
shrinkage=0.05


Tree=246
num_leaves=15
num_cat=0
split_feature=64 71 74 21 71 69 71 73 72 68 71 71 74 68
split_gain=19.1278 26.0691 23.3254 21.136 31.9734 41.0193 49.0304 33.867 67.3334 59.4487 33.013 60.2612 73.1843 39.9315
threshold=-0.076432086527347551 0.035511596128344543 0.0077471565455198297 13.345443248748781 -0.077233579009771333 -0.060190718621015542 -0.033630508929491036 0.31657269597053533 0.0084118866361677664 -0.042422825470566743 -0.025046838447451588 -0.020949346944689747 -0.016525688581168648 -0.014668037649244068
decision_type=2 2 2 10 2 8 2 2 10 10 2 2 2 10
left_child=1 2 -1 4 -2 6 -6 8 -7 -10 -9 -12 -13 -14
right_child=3 -3 -4 -5 5 7 -8 10 9 -11 11 12 13 -15
leaf_value=0.0030532049694600716 0.010218394685796422 0.013740425816153973 -0.0041126684893160251 0.0001287327854090835 -0.020964913130421581 -0.011461956247019419 0.00016187936091830493 -0.012290477490751532 -0.00041976611503736594 0.020082839982426631 0.014513017726293166 -0.02651849298355053 0.014275934381586529 -0.0032249341865591926
leaf_weight=5927.1745969150215 479.97961208224297 468.04164463095367 1395.039452187717 76933.391345697455 628.92988349497318 498.45770078711212 481.37604473344982 887.98968604579568 711.07278264686465 692.42606230080128 496.16474076826125 315.43074456043541 338.83553761988878 4988.9228201955557
leaf_count=25881 2169 2181 6025 521888 3129 2932 2348 4903 3525 3427 2714 1942 2072 35594
internal_value=5.27857e-05 0.00242523 0.0016842 -0.000158804 -0.00225978 -0.00286592 -0.0118857 -0.00173233 0.0041717 0.00976586 -0.00333392 -0.00202057 -0.00349735 -0.00208725
internal_weight=95243.2 7790.26 7322.21 87453 10519.6 10039.6 1110.31 8929.3 1901.96 1403.5 7027.34 6139.35 5643.19 5327.76
internal_count=620730 34087 31906 586643 64755 62586 5477 57109 9884 6952 47225 42322 39608 37666
is_linear=0
shrinkage=0.05


Tree=247
num_leaves=15
num_cat=0
split_feature=53 5 54 1 69 69 70 5 58 73 73 73 73 5
split_gain=16.3388 30.838 27.5598 24.9579 43.4129 52.2486 29.8306 34.021 39.4294 33.4871 90.5759 47.1063 30.78 30.7764
threshold=-0.049194138497114175 0.89181265234947216 0.41244703531265264 0.022221609018743042 0.14754705131053927 0.1405192241072655 -0.016523967497050759 1.1389486789703371 -0.0081365089863538725 0.22526439279317859 0.19707336276769641 0.25389890372753149 0.26681958138942724 1.1063075065612795
decision_type=10 2 10 10 8 10 2 2 2 2 2 2 2 2
left_child=3 -2 -3 4 5 6 7 8 -1 10 13 -11 -13 -8
right_child=1 2 -4 -5 -6 -7 9 -9 -10 11 -12 12 -14 -15
leaf_value=-0.019014259654840243 -0.008455568889934123 -0.0060364498345833748 0.00053455850489978873 -0.00036016909097541381 -0.0044594021726040451 0.021765796216419196 -0.0027975855643352318 0.0070365016199346944 -0.0020058307123922343 -0.015382708822795611 0.031193891382393132 0.014525555273352553 0.0017670798497348126 0.014487071001277427
leaf_weight=512.34192576259375 1441.3262495500967 1948.061101641506 8615.7510558627546 49685.172793711536 2875.1001305114478 319.37730483338237 819.42308013420552 501.21565637737513 988.07473665475845 385.66783569939435 352.2911002188921 471.75798574835062 25930.387034825049 363.98034023120999
leaf_count=3032 19550 34535 66032 226397 28771 1872 4752 2830 6396 2535 2100 2853 216766 2043
internal_value=0.00010225 -0.00162133 -0.000681757 0.000351101 0.00140519 0.00195669 0.00174096 -0.00414427 -0.00790107 0.00215818 0.0093154 0.00174455 0.00200046 0.00259552
internal_weight=95209.9 12005.1 10563.8 83204.8 33519.6 30644.5 30325.1 2001.63 1500.42 28323.5 1535.69 26787.8 26402.1 1183.4
internal_count=620464 120117 100567 500347 273950 245179 243307 12258 9428 231049 8895 222154 219619 6795
is_linear=0
shrinkage=0.05


Tree=248
num_leaves=15
num_cat=0
split_feature=72 73 69 68 84 74 72 74 71 71 69 72 71 69
split_gain=19.8157 48.1915 90.9834 75.1664 77.5869 45.85 30.9116 47.308 34.7778 42.106 31.8301 29.3972 69.5302 61.6941
threshold=0.0045173054095357665 0.5547769069671632 0.05594508349895478 0.035087140277028091 3.5000000000000004 -0.00020006769773317498 0.0040517377201467761 -0.0034842233872041102 0.015556430444121363 0.011941648088395597 0.060800891369581229 0.0053601104300469169 -0.0069423320237547151 0.1405192241072655
decision_type=10 2 8 10 2 2 10 2 2 2 8 10 2 8
left_child=1 3 5 4 -1 -3 7 -4 9 10 -9 12 -2 -14
right_child=11 2 6 -5 -6 -7 -8 8 -10 -11 -12 -13 13 -15
leaf_value=-0.022581921788884959 0.019725570863495752 0.032837273115652349 0.017720787988115241 0.012356928336156238 0.0083572465333926742 0.0061736018523617835 -0.0065561116522674925 0.013029314894342539 0.011023063840613696 -0.020402230262272496 -0.0034119277457923952 8.7651988421402809e-05 0.00068060723869746431 0.022830734661810556
leaf_weight=927.63921443652362 594.85359242279083 261.9790759133175 353.73494542948902 284.35593543481082 252.7973449351266 410.6612976687029 2550.550210933201 330.09345119819045 480.5173781150952 312.65644761361182 2183.0743286153302 80415.271297154017 5605.1894938088953 323.09055422153324
leaf_count=8307 4548 2400 3443 1867 2126 4020 22082 3082 4563 3255 21705 490913 46344 2219
internal_value=0.000126196 -0.00219919 -0.000441136 -0.0104015 -0.0159416 0.0168874 -0.00234203 0.000604439 -0.0012747 -0.00339737 -0.00120936 0.000349713 0.00357524 0.0019242
internal_weight=95286.5 8348.06 6883.27 1464.79 1180.44 672.64 6210.63 3660.08 3306.34 2825.82 2513.17 86938.4 6523.13 5928.28
internal_count=620874 76850 64550 12300 10433 6420 58130 36048 32605 28042 24787 544024 53111 48563
is_linear=0
shrinkage=0.05


Tree=249
num_leaves=15
num_cat=0
split_feature=1 69 69 70 24 4 74 68 68 69 71 74 69 74
split_gain=20.1225 29.8226 73.9906 35.4025 40.1741 29.7544 28.3298 44.6853 43.9137 29.6008 57.1097 88.2986 51.9765 57.3698
threshold=0.023171054199337963 0.14754705131053927 0.1405192241072655 0.0063376929610967645 0.015012000221759083 0.12500000372529033 0.020833185873925689 0.063508495688438429 -0.01580233313143253 0.10690298676490785 0.014500943012535574 0.0057777818292379388 0.090831059962511076 -0.010095306206494568
decision_type=10 10 10 2 2 8 2 8 10 10 2 2 10 2
left_child=1 2 6 4 -3 -2 7 9 -8 12 -11 -12 -1 -14
right_child=5 3 -4 -5 -6 -7 8 -9 -10 10 11 -13 13 -15
leaf_value=0.00058673467445778628 -0.0031924763510340691 -0.012038759435793356 0.019252301892353049 -0.022599749662999838 0.0093157097898646218 -0.00014914882411505342 -0.0025488602032405125 -0.0094893117351788729 0.018161602924155872 -0.0056526901939216593 0.012026338134877275 -0.012654584185894447 0.024026620688006681 0.0045487845728783786
leaf_weight=30677.961008643731 10007.414494804107 467.2142734983936 533.18191379308701 273.11177296284586 399.3826064709574 40517.269884244539 460.92515887785703 1084.6052750023082 559.49604675453156 4220.6199356401339 1266.3507984913886 496.87960805557668 410.76474802941084 3823.6880399454385
leaf_count=271429 55453 3769 3394 2384 2917 174780 3093 9270 3793 38189 11312 4669 2696 33602
internal_value=-6.89698e-05 0.000704017 0.000913734 -0.007245 -0.00220327 -0.000752453 0.000681927 0.000480769 0.00887272 0.00074744 -0.00249905 0.00503909 0.00130443 0.0064904
internal_weight=95198.9 44674.2 43534.5 1139.71 866.597 50524.7 43001.3 41980.9 1020.42 40896.3 5983.85 1763.23 34912.4 4234.45
internal_count=620750 390517 381447 9070 6686 230233 378053 371167 6886 361897 54170 15981 307727 36298
is_linear=0
shrinkage=0.05


end of trees

feature_importances:
spy_c_sma200=430
spy_ret5=372
spy_rv20=356
spy_c_sma50=338
breadth50=308
univ_ret1=297
spy_ret1=275
atr_pct=222
relvol=182
range20=93
dist_lo252=75
dist_hi252=73
entry_weekday=66
hit3_60=53
rv20=47
atr_ratio=33
resist_room=23
adx14=22
roc60=22
sma50_200=18
bb_squeeze=15
hit3_20=14
stoch_d=13
sma20_slope=12
gap_last=12
c_sma200=9
relvol5=9
rs_today=9
stoch_k=8
dist_hi60=8
gap_up_count20=8
rs20=8
roc1=6
close_loc=6
bb_pctb=5
c_sma10=5
rsi2=5
rs5=5
dist_lo60=4
gap_dn_count20=4
c_sma50=3
di_diff=3
roc5=3
roc20=3
fib_ext_room=3
bb_width=2
rsi14=2
macd_hist=2
dist_hi20=2
dist_lo20=2
fib_near=2
ew_abc=2
obv_slope=1

parameters:
[boosting: gbdt]
[objective: binary]
[metric: binary_logloss]
[tree_learner: serial]
[device_type: cpu]
[data_sample_strategy: bagging]
[data: ]
[valid: ]
[num_iterations: 250]
[learning_rate: 0.05]
[num_leaves: 15]
[num_threads: 4]
[seed: 7]
[deterministic: 0]
[force_col_wise: 0]
[force_row_wise: 0]
[histogram_pool_size: -1]
[max_depth: -1]
[min_data_in_leaf: 2000]
[min_sum_hessian_in_leaf: 0.001]
[bagging_fraction: 0.7]
[pos_bagging_fraction: 1]
[neg_bagging_fraction: 1]
[bagging_freq: 1]
[bagging_seed: 17422]
[bagging_by_query: 0]
[feature_fraction: 0.6]
[feature_fraction_bynode: 1]
[feature_fraction_seed: 7040]
[extra_trees: 0]
[extra_seed: 6516]
[early_stopping_round: 0]
[early_stopping_min_delta: 0]
[first_metric_only: 0]
[max_delta_step: 0]
[lambda_l1: 0]
[lambda_l2: 10]
[linear_lambda: 0]
[min_gain_to_split: 0]
[drop_rate: 0.1]
[max_drop: 50]
[skip_drop: 0.5]
[xgboost_dart_mode: 0]
[uniform_drop: 0]
[drop_seed: 15215]
[top_rate: 0.2]
[other_rate: 0.1]
[min_data_per_group: 100]
[max_cat_threshold: 32]
[cat_l2: 10]
[cat_smooth: 10]
[max_cat_to_onehot: 4]
[top_k: 20]
[monotone_constraints: ]
[monotone_constraints_method: basic]
[monotone_penalty: 0]
[feature_contri: ]
[forcedsplits_filename: ]
[refit_decay_rate: 0.9]
[cegb_tradeoff: 1]
[cegb_penalty_split: 0]
[cegb_penalty_feature_lazy: ]
[cegb_penalty_feature_coupled: ]
[path_smooth: 0]
[interaction_constraints: ]
[verbosity: -1]
[saved_feature_importance_type: 0]
[use_quantized_grad: 0]
[num_grad_quant_bins: 4]
[quant_train_renew_leaf: 0]
[stochastic_rounding: 1]
[linear_tree: 0]
[max_bin: 255]
[max_bin_by_feature: ]
[min_data_in_bin: 3]
[bin_construct_sample_cnt: 200000]
[data_random_seed: 61]
[is_enable_sparse: 1]
[enable_bundle: 1]
[use_missing: 1]
[zero_as_missing: 0]
[feature_pre_filter: 1]
[pre_partition: 0]
[two_round: 0]
[header: 0]
[label_column: ]
[weight_column: ]
[group_column: ]
[ignore_column: ]
[categorical_feature: ]
[forcedbins_filename: ]
[precise_float_parser: 0]
[parser_config_file: ]
[objective_seed: 15521]
[num_class: 1]
[is_unbalance: 0]
[scale_pos_weight: 1]
[sigmoid: 1]
[boost_from_average: 1]
[reg_sqrt: 0]
[alpha: 0.9]
[fair_c: 1]
[poisson_max_delta_step: 0.7]
[tweedie_variance_power: 1.5]
[lambdarank_truncation_level: 30]
[lambdarank_norm: 1]
[label_gain: ]
[lambdarank_position_bias_regularization: 0]
[eval_at: ]
[multi_error_top_k: 1]
[auc_mu_weights: ]
[num_machines: 1]
[local_listen_port: 12400]
[time_out: 120]
[machine_list_filename: ]
[machines: ]
[gpu_platform_id: -1]
[gpu_device_id: -1]
[gpu_device_id_list: ]
[gpu_use_dp: 0]
[num_gpu: 1]

end of parameters

pandas_categorical:null
